campaign,source_path,source_format,record_index,metric_scope,system_id,dimension,arm,initial_condition_set,r2_arithmetic_mean,r2_variance_weighted,r2_arithmetic_mean_gt_0_9,r2_variance_weighted_gt_0_9,r2_difference_variance_weighted_minus_arithmetic,threshold_flip,threshold_flip_direction,arithmetic_control_abs_error,one_dim_abs_delta,aggregation_source
paper1_phaseB_v1,C:\Users\joedicke\Documents\reps\EvoODE\experiments\paper1_phaseB_v1\run_registry.csv,run_registry,0,record,1,1,pretune_on,1,0.9999880667006428,0.9999880667006428,True,True,0.0,False,none,0.0,0.0,reconstructed_from_r2_by_dim
paper1_phaseB_v1,C:\Users\joedicke\Documents\reps\EvoODE\experiments\paper1_phaseB_v1\run_registry.csv,run_registry,1,record,1,1,pretune_on,1,0.9999880667006428,0.9999880667006428,True,True,0.0,False,none,0.0,0.0,reconstructed_from_r2_by_dim
paper1_phaseB_v1,C:\Users\joedicke\Documents\reps\EvoODE\experiments\paper1_phaseB_v1\run_registry.csv,run_registry,2,record,1,1,pretune_on,1,0.9999880667006428,0.9999880667006428,True,True,0.0,False,none,0.0,0.0,reconstructed_from_r2_by_dim
paper1_phaseB_v1,C:\Users\joedicke\Documents\reps\EvoODE\experiments\paper1_phaseB_v1\run_registry.csv,run_registry,3,record,1,1,pretune_on,2,0.999779148317866,0.999779148317866,True,True,0.0,False,none,0.0,0.0,reconstructed_from_r2_by_dim
paper1_phaseB_v1,C:\Users\joedicke\Documents\reps\EvoODE\experiments\paper1_phaseB_v1\run_registry.csv,run_registry,4,record,1,1,pretune_on,2,0.999779148317866,0.999779148317866,True,True,0.0,False,none,0.0,0.0,reconstructed_from_r2_by_dim
paper1_phaseB_v1,C:\Users\joedicke\Documents\reps\EvoODE\experiments\paper1_phaseB_v1\run_registry.csv,run_registry,5,record,1,1,pretune_on,2,0.999779148317866,0.999779148317866,True,True,0.0,False,none,0.0,0.0,reconstructed_from_r2_by_dim
paper1_phaseB_v1,C:\Users\joedicke\Documents\reps\EvoODE\experiments\paper1_phaseB_v1\run_registry.csv,run_registry,6,record,2,1,pretune_on,1,0.9999999999999869,0.999999999999987,True,True,1.1102230246251565e-16,False,none,1.1102230246251565e-16,1.1102230246251565e-16,reconstructed_from_r2_by_dim
paper1_phaseB_v1,C:\Users\joedicke\Documents\reps\EvoODE\experiments\paper1_phaseB_v1\run_registry.csv,run_registry,7,record,2,1,pretune_on,1,0.9999999999999869,0.999999999999987,True,True,1.1102230246251565e-16,False,none,1.1102230246251565e-16,1.1102230246251565e-16,reconstructed_from_r2_by_dim
paper1_phaseB_v1,C:\Users\joedicke\Documents\reps\EvoODE\experiments\paper1_phaseB_v1\run_registry.csv,run_registry,8,record,2,1,pretune_on,1,0.9999999999999869,0.999999999999987,True,True,1.1102230246251565e-16,False,none,1.1102230246251565e-16,1.1102230246251565e-16,reconstructed_from_r2_by_dim
paper1_phaseB_v1,C:\Users\joedicke\Documents\reps\EvoODE\experiments\paper1_phaseB_v1\run_registry.csv,run_registry,9,record,2,1,pretune_on,2,0.999999999999986,0.999999999999986,True,True,0.0,False,none,0.0,0.0,reconstructed_from_r2_by_dim
paper1_phaseB_v1,C:\Users\joedicke\Documents\reps\EvoODE\experiments\paper1_phaseB_v1\run_registry.csv,run_registry,10,record,2,1,pretune_on,2,0.999999999999986,0.999999999999986,True,True,0.0,False,none,0.0,0.0,reconstructed_from_r2_by_dim
paper1_phaseB_v1,C:\Users\joedicke\Documents\reps\EvoODE\experiments\paper1_phaseB_v1\run_registry.csv,run_registry,11,record,2,1,pretune_on,2,0.999999999999986,0.999999999999986,True,True,0.0,False,none,0.0,0.0,reconstructed_from_r2_by_dim
paper1_phaseB_v1,C:\Users\joedicke\Documents\reps\EvoODE\experiments\paper1_phaseB_v1\run_registry.csv,run_registry,12,record,3,1,pretune_on,1,0.9999999999740933,0.9999999999740933,True,True,0.0,False,none,1.1102230246251565e-16,0.0,reconstructed_from_r2_by_dim
paper1_phaseB_v1,C:\Users\joedicke\Documents\reps\EvoODE\experiments\paper1_phaseB_v1\run_registry.csv,run_registry,13,record,3,1,pretune_on,1,0.9999999999740933,0.9999999999740933,True,True,0.0,False,none,1.1102230246251565e-16,0.0,reconstructed_from_r2_by_dim
paper1_phaseB_v1,C:\Users\joedicke\Documents\reps\EvoODE\experiments\paper1_phaseB_v1\run_registry.csv,run_registry,14,record,3,1,pretune_on,1,0.9999999999740933,0.9999999999740933,True,True,0.0,False,none,1.1102230246251565e-16,0.0,reconstructed_from_r2_by_dim
paper1_phaseB_v1,C:\Users\joedicke\Documents\reps\EvoODE\experiments\paper1_phaseB_v1\run_registry.csv,run_registry,15,record,3,1,pretune_on,2,0.9999999999800883,0.9999999999800883,True,True,0.0,False,none,1.1102230246251565e-16,0.0,reconstructed_from_r2_by_dim
paper1_phaseB_v1,C:\Users\joedicke\Documents\reps\EvoODE\experiments\paper1_phaseB_v1\run_registry.csv,run_registry,16,record,3,1,pretune_on,2,0.9999999999800883,0.9999999999800883,True,True,0.0,False,none,1.1102230246251565e-16,0.0,reconstructed_from_r2_by_dim
paper1_phaseB_v1,C:\Users\joedicke\Documents\reps\EvoODE\experiments\paper1_phaseB_v1\run_registry.csv,run_registry,17,record,3,1,pretune_on,2,0.9999999999800883,0.9999999999800883,True,True,0.0,False,none,1.1102230246251565e-16,0.0,reconstructed_from_r2_by_dim
paper1_phaseB_v1,C:\Users\joedicke\Documents\reps\EvoODE\experiments\paper1_phaseB_v1\run_registry.csv,run_registry,18,record,4,1,pretune_on,1,0.9998781415342218,0.9998781415342217,True,True,-1.1102230246251565e-16,False,none,0.0,1.1102230246251565e-16,reconstructed_from_r2_by_dim
paper1_phaseB_v1,C:\Users\joedicke\Documents\reps\EvoODE\experiments\paper1_phaseB_v1\run_registry.csv,run_registry,19,record,4,1,pretune_on,1,0.9998781415342218,0.9998781415342217,True,True,-1.1102230246251565e-16,False,none,0.0,1.1102230246251565e-16,reconstructed_from_r2_by_dim
paper1_phaseB_v1,C:\Users\joedicke\Documents\reps\EvoODE\experiments\paper1_phaseB_v1\run_registry.csv,run_registry,20,record,4,1,pretune_on,1,0.9998781415342218,0.9998781415342217,True,True,-1.1102230246251565e-16,False,none,0.0,1.1102230246251565e-16,reconstructed_from_r2_by_dim
paper1_phaseB_v1,C:\Users\joedicke\Documents\reps\EvoODE\experiments\paper1_phaseB_v1\run_registry.csv,run_registry,21,record,4,1,pretune_on,2,0.99932432285211,0.99932432285211,True,True,0.0,False,none,0.0,0.0,reconstructed_from_r2_by_dim
paper1_phaseB_v1,C:\Users\joedicke\Documents\reps\EvoODE\experiments\paper1_phaseB_v1\run_registry.csv,run_registry,22,record,4,1,pretune_on,2,0.99932432285211,0.99932432285211,True,True,0.0,False,none,0.0,0.0,reconstructed_from_r2_by_dim
paper1_phaseB_v1,C:\Users\joedicke\Documents\reps\EvoODE\experiments\paper1_phaseB_v1\run_registry.csv,run_registry,23,record,4,1,pretune_on,2,0.99932432285211,0.99932432285211,True,True,0.0,False,none,0.0,0.0,reconstructed_from_r2_by_dim
paper1_phaseB_v1,C:\Users\joedicke\Documents\reps\EvoODE\experiments\paper1_phaseB_v1\run_registry.csv,run_registry,24,record,5,1,pretune_on,1,0.9786475002418551,0.9786475002418551,True,True,0.0,False,none,1.1102230246251565e-16,0.0,reconstructed_from_r2_by_dim
paper1_phaseB_v1,C:\Users\joedicke\Documents\reps\EvoODE\experiments\paper1_phaseB_v1\run_registry.csv,run_registry,25,record,5,1,pretune_on,1,0.9786475002418551,0.9786475002418551,True,True,0.0,False,none,1.1102230246251565e-16,0.0,reconstructed_from_r2_by_dim
paper1_phaseB_v1,C:\Users\joedicke\Documents\reps\EvoODE\experiments\paper1_phaseB_v1\run_registry.csv,run_registry,26,record,5,1,pretune_on,1,0.9786475002418551,0.9786475002418551,True,True,0.0,False,none,1.1102230246251565e-16,0.0,reconstructed_from_r2_by_dim
paper1_phaseB_v1,C:\Users\joedicke\Documents\reps\EvoODE\experiments\paper1_phaseB_v1\run_registry.csv,run_registry,27,record,5,1,pretune_on,2,0.9999945197905024,0.9999945197905024,True,True,0.0,False,none,0.0,0.0,reconstructed_from_r2_by_dim
paper1_phaseB_v1,C:\Users\joedicke\Documents\reps\EvoODE\experiments\paper1_phaseB_v1\run_registry.csv,run_registry,28,record,5,1,pretune_on,2,0.9999945197905024,0.9999945197905024,True,True,0.0,False,none,0.0,0.0,reconstructed_from_r2_by_dim
paper1_phaseB_v1,C:\Users\joedicke\Documents\reps\EvoODE\experiments\paper1_phaseB_v1\run_registry.csv,run_registry,29,record,5,1,pretune_on,2,0.9999945197905024,0.9999945197905024,True,True,0.0,False,none,0.0,0.0,reconstructed_from_r2_by_dim
paper1_phaseB_v1,C:\Users\joedicke\Documents\reps\EvoODE\experiments\paper1_phaseB_v1\run_registry.csv,run_registry,30,record,6,1,pretune_on,1,0.9999999999999827,0.9999999999999827,True,True,0.0,False,none,1.1102230246251565e-16,0.0,reconstructed_from_r2_by_dim
paper1_phaseB_v1,C:\Users\joedicke\Documents\reps\EvoODE\experiments\paper1_phaseB_v1\run_registry.csv,run_registry,31,record,6,1,pretune_on,1,0.9999999999999827,0.9999999999999827,True,True,0.0,False,none,1.1102230246251565e-16,0.0,reconstructed_from_r2_by_dim
paper1_phaseB_v1,C:\Users\joedicke\Documents\reps\EvoODE\experiments\paper1_phaseB_v1\run_registry.csv,run_registry,32,record,6,1,pretune_on,1,0.9999999999999827,0.9999999999999827,True,True,0.0,False,none,1.1102230246251565e-16,0.0,reconstructed_from_r2_by_dim
paper1_phaseB_v1,C:\Users\joedicke\Documents\reps\EvoODE\experiments\paper1_phaseB_v1\run_registry.csv,run_registry,33,record,6,1,pretune_on,2,0.9999999999982943,0.9999999999982943,True,True,0.0,False,none,1.1102230246251565e-16,0.0,reconstructed_from_r2_by_dim
paper1_phaseB_v1,C:\Users\joedicke\Documents\reps\EvoODE\experiments\paper1_phaseB_v1\run_registry.csv,run_registry,34,record,6,1,pretune_on,2,0.9999999999982943,0.9999999999982943,True,True,0.0,False,none,1.1102230246251565e-16,0.0,reconstructed_from_r2_by_dim
paper1_phaseB_v1,C:\Users\joedicke\Documents\reps\EvoODE\experiments\paper1_phaseB_v1\run_registry.csv,run_registry,35,record,6,1,pretune_on,2,0.9999999999982943,0.9999999999982943,True,True,0.0,False,none,1.1102230246251565e-16,0.0,reconstructed_from_r2_by_dim
paper1_phaseB_v1,C:\Users\joedicke\Documents\reps\EvoODE\experiments\paper1_phaseB_v1\run_registry.csv,run_registry,36,record,7,1,pretune_on,1,0.996017049341627,0.996017049341627,True,True,0.0,False,none,0.0,0.0,reconstructed_from_r2_by_dim
paper1_phaseB_v1,C:\Users\joedicke\Documents\reps\EvoODE\experiments\paper1_phaseB_v1\run_registry.csv,run_registry,37,record,7,1,pretune_on,1,0.996017049341627,0.996017049341627,True,True,0.0,False,none,0.0,0.0,reconstructed_from_r2_by_dim
paper1_phaseB_v1,C:\Users\joedicke\Documents\reps\EvoODE\experiments\paper1_phaseB_v1\run_registry.csv,run_registry,38,record,7,1,pretune_on,1,0.996017049341627,0.996017049341627,True,True,0.0,False,none,0.0,0.0,reconstructed_from_r2_by_dim
paper1_phaseB_v1,C:\Users\joedicke\Documents\reps\EvoODE\experiments\paper1_phaseB_v1\run_registry.csv,run_registry,39,record,7,1,pretune_on,2,0.9999993566555182,0.9999993566555183,True,True,1.1102230246251565e-16,False,none,0.0,1.1102230246251565e-16,reconstructed_from_r2_by_dim
paper1_phaseB_v1,C:\Users\joedicke\Documents\reps\EvoODE\experiments\paper1_phaseB_v1\run_registry.csv,run_registry,40,record,7,1,pretune_on,2,0.9999993566555182,0.9999993566555183,True,True,1.1102230246251565e-16,False,none,0.0,1.1102230246251565e-16,reconstructed_from_r2_by_dim
paper1_phaseB_v1,C:\Users\joedicke\Documents\reps\EvoODE\experiments\paper1_phaseB_v1\run_registry.csv,run_registry,41,record,7,1,pretune_on,2,0.9999993566555182,0.9999993566555183,True,True,1.1102230246251565e-16,False,none,0.0,1.1102230246251565e-16,reconstructed_from_r2_by_dim
paper1_phaseB_v1,C:\Users\joedicke\Documents\reps\EvoODE\experiments\paper1_phaseB_v1\run_registry.csv,run_registry,42,record,8,1,pretune_on,1,-0.9646357603167324,-0.9646357603167324,False,False,0.0,False,none,0.0,0.0,reconstructed_from_r2_by_dim
paper1_phaseB_v1,C:\Users\joedicke\Documents\reps\EvoODE\experiments\paper1_phaseB_v1\run_registry.csv,run_registry,43,record,8,1,pretune_on,1,-0.9646357603167324,-0.9646357603167324,False,False,0.0,False,none,0.0,0.0,reconstructed_from_r2_by_dim
paper1_phaseB_v1,C:\Users\joedicke\Documents\reps\EvoODE\experiments\paper1_phaseB_v1\run_registry.csv,run_registry,44,record,8,1,pretune_on,1,-0.9646357603167324,-0.9646357603167324,False,False,0.0,False,none,0.0,0.0,reconstructed_from_r2_by_dim
paper1_phaseB_v1,C:\Users\joedicke\Documents\reps\EvoODE\experiments\paper1_phaseB_v1\run_registry.csv,run_registry,45,record,8,1,pretune_on,2,0.993263221203677,0.9932632212036772,True,True,1.1102230246251565e-16,False,none,0.0,1.1102230246251565e-16,reconstructed_from_r2_by_dim
paper1_phaseB_v1,C:\Users\joedicke\Documents\reps\EvoODE\experiments\paper1_phaseB_v1\run_registry.csv,run_registry,46,record,8,1,pretune_on,2,0.993263221203677,0.9932632212036772,True,True,1.1102230246251565e-16,False,none,0.0,1.1102230246251565e-16,reconstructed_from_r2_by_dim
paper1_phaseB_v1,C:\Users\joedicke\Documents\reps\EvoODE\experiments\paper1_phaseB_v1\run_registry.csv,run_registry,47,record,8,1,pretune_on,2,0.993263221203677,0.9932632212036772,True,True,1.1102230246251565e-16,False,none,0.0,1.1102230246251565e-16,reconstructed_from_r2_by_dim
paper1_phaseB_v1,C:\Users\joedicke\Documents\reps\EvoODE\experiments\paper1_phaseB_v1\run_registry.csv,run_registry,48,record,9,1,pretune_on,1,0.978515804443052,0.978515804443052,True,True,0.0,False,none,0.0,0.0,reconstructed_from_r2_by_dim
paper1_phaseB_v1,C:\Users\joedicke\Documents\reps\EvoODE\experiments\paper1_phaseB_v1\run_registry.csv,run_registry,49,record,9,1,pretune_on,1,0.978515804443052,0.978515804443052,True,True,0.0,False,none,0.0,0.0,reconstructed_from_r2_by_dim
paper1_phaseB_v1,C:\Users\joedicke\Documents\reps\EvoODE\experiments\paper1_phaseB_v1\run_registry.csv,run_registry,50,record,9,1,pretune_on,1,0.978515804443052,0.978515804443052,True,True,0.0,False,none,0.0,0.0,reconstructed_from_r2_by_dim
paper1_phaseB_v1,C:\Users\joedicke\Documents\reps\EvoODE\experiments\paper1_phaseB_v1\run_registry.csv,run_registry,51,record,9,1,pretune_on,2,-0.3972495547347674,-0.3972495547347674,False,False,0.0,False,none,0.0,0.0,reconstructed_from_r2_by_dim
paper1_phaseB_v1,C:\Users\joedicke\Documents\reps\EvoODE\experiments\paper1_phaseB_v1\run_registry.csv,run_registry,52,record,9,1,pretune_on,2,-0.3972495547347674,-0.3972495547347674,False,False,0.0,False,none,0.0,0.0,reconstructed_from_r2_by_dim
paper1_phaseB_v1,C:\Users\joedicke\Documents\reps\EvoODE\experiments\paper1_phaseB_v1\run_registry.csv,run_registry,53,record,9,1,pretune_on,2,-0.3972495547347674,-0.3972495547347674,False,False,0.0,False,none,0.0,0.0,reconstructed_from_r2_by_dim
paper1_phaseB_v1,C:\Users\joedicke\Documents\reps\EvoODE\experiments\paper1_phaseB_v1\run_registry.csv,run_registry,54,record,10,1,pretune_on,1,0.9996955585198666,0.9996955585198667,True,True,1.1102230246251565e-16,False,none,0.0,1.1102230246251565e-16,reconstructed_from_r2_by_dim
paper1_phaseB_v1,C:\Users\joedicke\Documents\reps\EvoODE\experiments\paper1_phaseB_v1\run_registry.csv,run_registry,55,record,10,1,pretune_on,1,0.9996955585198666,0.9996955585198667,True,True,1.1102230246251565e-16,False,none,0.0,1.1102230246251565e-16,reconstructed_from_r2_by_dim
paper1_phaseB_v1,C:\Users\joedicke\Documents\reps\EvoODE\experiments\paper1_phaseB_v1\run_registry.csv,run_registry,56,record,10,1,pretune_on,1,0.9996955585198666,0.9996955585198667,True,True,1.1102230246251565e-16,False,none,0.0,1.1102230246251565e-16,reconstructed_from_r2_by_dim
paper1_phaseB_v1,C:\Users\joedicke\Documents\reps\EvoODE\experiments\paper1_phaseB_v1\run_registry.csv,run_registry,57,record,10,1,pretune_on,2,0.9933051887652217,0.9933051887652216,True,True,-1.1102230246251565e-16,False,none,1.1102230246251565e-16,1.1102230246251565e-16,reconstructed_from_r2_by_dim
paper1_phaseB_v1,C:\Users\joedicke\Documents\reps\EvoODE\experiments\paper1_phaseB_v1\run_registry.csv,run_registry,58,record,10,1,pretune_on,2,0.9933051887652217,0.9933051887652216,True,True,-1.1102230246251565e-16,False,none,1.1102230246251565e-16,1.1102230246251565e-16,reconstructed_from_r2_by_dim
paper1_phaseB_v1,C:\Users\joedicke\Documents\reps\EvoODE\experiments\paper1_phaseB_v1\run_registry.csv,run_registry,59,record,10,1,pretune_on,2,0.9933051887652217,0.9933051887652216,True,True,-1.1102230246251565e-16,False,none,1.1102230246251565e-16,1.1102230246251565e-16,reconstructed_from_r2_by_dim
paper1_phaseB_v1,C:\Users\joedicke\Documents\reps\EvoODE\experiments\paper1_phaseB_v1\run_registry.csv,run_registry,60,record,11,1,pretune_on,1,0.999999999999956,0.999999999999956,True,True,0.0,False,none,0.0,0.0,reconstructed_from_r2_by_dim
paper1_phaseB_v1,C:\Users\joedicke\Documents\reps\EvoODE\experiments\paper1_phaseB_v1\run_registry.csv,run_registry,61,record,11,1,pretune_on,1,0.999999999999956,0.999999999999956,True,True,0.0,False,none,0.0,0.0,reconstructed_from_r2_by_dim
paper1_phaseB_v1,C:\Users\joedicke\Documents\reps\EvoODE\experiments\paper1_phaseB_v1\run_registry.csv,run_registry,62,record,11,1,pretune_on,1,0.999999999999956,0.999999999999956,True,True,0.0,False,none,0.0,0.0,reconstructed_from_r2_by_dim
paper1_phaseB_v1,C:\Users\joedicke\Documents\reps\EvoODE\experiments\paper1_phaseB_v1\run_registry.csv,run_registry,63,record,11,1,pretune_on,2,0.9880143753915008,0.9880143753915008,True,True,0.0,False,none,0.0,0.0,reconstructed_from_r2_by_dim
paper1_phaseB_v1,C:\Users\joedicke\Documents\reps\EvoODE\experiments\paper1_phaseB_v1\run_registry.csv,run_registry,64,record,11,1,pretune_on,2,0.9880143753915008,0.9880143753915008,True,True,0.0,False,none,0.0,0.0,reconstructed_from_r2_by_dim
paper1_phaseB_v1,C:\Users\joedicke\Documents\reps\EvoODE\experiments\paper1_phaseB_v1\run_registry.csv,run_registry,65,record,11,1,pretune_on,2,0.9880143753915008,0.9880143753915008,True,True,0.0,False,none,0.0,0.0,reconstructed_from_r2_by_dim
paper1_phaseB_v1,C:\Users\joedicke\Documents\reps\EvoODE\experiments\paper1_phaseB_v1\run_registry.csv,run_registry,66,record,12,1,pretune_on,1,0.9999999994976433,0.9999999994976433,True,True,0.0,False,none,1.1102230246251565e-16,0.0,reconstructed_from_r2_by_dim
paper1_phaseB_v1,C:\Users\joedicke\Documents\reps\EvoODE\experiments\paper1_phaseB_v1\run_registry.csv,run_registry,67,record,12,1,pretune_on,1,0.9999999994976433,0.9999999994976433,True,True,0.0,False,none,1.1102230246251565e-16,0.0,reconstructed_from_r2_by_dim
paper1_phaseB_v1,C:\Users\joedicke\Documents\reps\EvoODE\experiments\paper1_phaseB_v1\run_registry.csv,run_registry,68,record,12,1,pretune_on,1,0.9999999994976433,0.9999999994976433,True,True,0.0,False,none,1.1102230246251565e-16,0.0,reconstructed_from_r2_by_dim
paper1_phaseB_v1,C:\Users\joedicke\Documents\reps\EvoODE\experiments\paper1_phaseB_v1\run_registry.csv,run_registry,69,record,12,1,pretune_on,2,0.9999999999993634,0.9999999999993634,True,True,0.0,False,none,0.0,0.0,reconstructed_from_r2_by_dim
paper1_phaseB_v1,C:\Users\joedicke\Documents\reps\EvoODE\experiments\paper1_phaseB_v1\run_registry.csv,run_registry,70,record,12,1,pretune_on,2,0.9999999999993634,0.9999999999993634,True,True,0.0,False,none,0.0,0.0,reconstructed_from_r2_by_dim
paper1_phaseB_v1,C:\Users\joedicke\Documents\reps\EvoODE\experiments\paper1_phaseB_v1\run_registry.csv,run_registry,71,record,12,1,pretune_on,2,0.9999999999993634,0.9999999999993634,True,True,0.0,False,none,0.0,0.0,reconstructed_from_r2_by_dim
paper1_phaseB_v1,C:\Users\joedicke\Documents\reps\EvoODE\experiments\paper1_phaseB_v1\run_registry.csv,run_registry,72,record,13,1,pretune_on,1,0.9999008598054828,0.9999008598054828,True,True,0.0,False,none,0.0,0.0,reconstructed_from_r2_by_dim
paper1_phaseB_v1,C:\Users\joedicke\Documents\reps\EvoODE\experiments\paper1_phaseB_v1\run_registry.csv,run_registry,73,record,13,1,pretune_on,1,0.9999008598054828,0.9999008598054828,True,True,0.0,False,none,0.0,0.0,reconstructed_from_r2_by_dim
paper1_phaseB_v1,C:\Users\joedicke\Documents\reps\EvoODE\experiments\paper1_phaseB_v1\run_registry.csv,run_registry,74,record,13,1,pretune_on,1,0.9999008598054828,0.9999008598054828,True,True,0.0,False,none,0.0,0.0,reconstructed_from_r2_by_dim
paper1_phaseB_v1,C:\Users\joedicke\Documents\reps\EvoODE\experiments\paper1_phaseB_v1\run_registry.csv,run_registry,75,record,13,1,pretune_on,2,0.9887239438707833,0.9887239438707834,True,True,1.1102230246251565e-16,False,none,1.1102230246251565e-16,1.1102230246251565e-16,reconstructed_from_r2_by_dim
paper1_phaseB_v1,C:\Users\joedicke\Documents\reps\EvoODE\experiments\paper1_phaseB_v1\run_registry.csv,run_registry,76,record,13,1,pretune_on,2,0.9887239438707833,0.9887239438707834,True,True,1.1102230246251565e-16,False,none,1.1102230246251565e-16,1.1102230246251565e-16,reconstructed_from_r2_by_dim
paper1_phaseB_v1,C:\Users\joedicke\Documents\reps\EvoODE\experiments\paper1_phaseB_v1\run_registry.csv,run_registry,77,record,13,1,pretune_on,2,0.9887239438707833,0.9887239438707834,True,True,1.1102230246251565e-16,False,none,1.1102230246251565e-16,1.1102230246251565e-16,reconstructed_from_r2_by_dim
paper1_phaseB_v1,C:\Users\joedicke\Documents\reps\EvoODE\experiments\paper1_phaseB_v1\run_registry.csv,run_registry,78,record,14,1,pretune_on,1,0.9999924197684253,0.9999924197684253,True,True,0.0,False,none,1.1102230246251565e-16,0.0,reconstructed_from_r2_by_dim
paper1_phaseB_v1,C:\Users\joedicke\Documents\reps\EvoODE\experiments\paper1_phaseB_v1\run_registry.csv,run_registry,79,record,14,1,pretune_on,1,0.9999924197684253,0.9999924197684253,True,True,0.0,False,none,1.1102230246251565e-16,0.0,reconstructed_from_r2_by_dim
paper1_phaseB_v1,C:\Users\joedicke\Documents\reps\EvoODE\experiments\paper1_phaseB_v1\run_registry.csv,run_registry,80,record,14,1,pretune_on,1,0.9999924197684253,0.9999924197684253,True,True,0.0,False,none,1.1102230246251565e-16,0.0,reconstructed_from_r2_by_dim
paper1_phaseB_v1,C:\Users\joedicke\Documents\reps\EvoODE\experiments\paper1_phaseB_v1\run_registry.csv,run_registry,81,record,14,1,pretune_on,2,0.9999990839302885,0.9999990839302886,True,True,1.1102230246251565e-16,False,none,1.1102230246251565e-16,1.1102230246251565e-16,reconstructed_from_r2_by_dim
paper1_phaseB_v1,C:\Users\joedicke\Documents\reps\EvoODE\experiments\paper1_phaseB_v1\run_registry.csv,run_registry,82,record,14,1,pretune_on,2,0.9999990839302885,0.9999990839302886,True,True,1.1102230246251565e-16,False,none,1.1102230246251565e-16,1.1102230246251565e-16,reconstructed_from_r2_by_dim
paper1_phaseB_v1,C:\Users\joedicke\Documents\reps\EvoODE\experiments\paper1_phaseB_v1\run_registry.csv,run_registry,83,record,14,1,pretune_on,2,0.9999990839302885,0.9999990839302886,True,True,1.1102230246251565e-16,False,none,1.1102230246251565e-16,1.1102230246251565e-16,reconstructed_from_r2_by_dim
paper1_phaseB_v1,C:\Users\joedicke\Documents\reps\EvoODE\experiments\paper1_phaseB_v1\run_registry.csv,run_registry,84,record,15,1,pretune_on,1,0.9999998800831412,0.9999998800831412,True,True,0.0,False,none,0.0,0.0,reconstructed_from_r2_by_dim
paper1_phaseB_v1,C:\Users\joedicke\Documents\reps\EvoODE\experiments\paper1_phaseB_v1\run_registry.csv,run_registry,85,record,15,1,pretune_on,1,0.9999998800831412,0.9999998800831412,True,True,0.0,False,none,0.0,0.0,reconstructed_from_r2_by_dim
paper1_phaseB_v1,C:\Users\joedicke\Documents\reps\EvoODE\experiments\paper1_phaseB_v1\run_registry.csv,run_registry,86,record,15,1,pretune_on,1,0.9999998800831412,0.9999998800831412,True,True,0.0,False,none,0.0,0.0,reconstructed_from_r2_by_dim
paper1_phaseB_v1,C:\Users\joedicke\Documents\reps\EvoODE\experiments\paper1_phaseB_v1\run_registry.csv,run_registry,87,record,15,1,pretune_on,2,0.9978939552163614,0.9978939552163614,True,True,0.0,False,none,0.0,0.0,reconstructed_from_r2_by_dim
paper1_phaseB_v1,C:\Users\joedicke\Documents\reps\EvoODE\experiments\paper1_phaseB_v1\run_registry.csv,run_registry,88,record,15,1,pretune_on,2,0.9978939552163614,0.9978939552163614,True,True,0.0,False,none,0.0,0.0,reconstructed_from_r2_by_dim
paper1_phaseB_v1,C:\Users\joedicke\Documents\reps\EvoODE\experiments\paper1_phaseB_v1\run_registry.csv,run_registry,89,record,15,1,pretune_on,2,0.9978939552163614,0.9978939552163614,True,True,0.0,False,none,0.0,0.0,reconstructed_from_r2_by_dim
paper1_phaseB_v1,C:\Users\joedicke\Documents\reps\EvoODE\experiments\paper1_phaseB_v1\run_registry.csv,run_registry,90,record,16,1,pretune_on,1,0.9999261520581243,0.9999261520581243,True,True,0.0,False,none,1.1102230246251565e-16,0.0,reconstructed_from_r2_by_dim
paper1_phaseB_v1,C:\Users\joedicke\Documents\reps\EvoODE\experiments\paper1_phaseB_v1\run_registry.csv,run_registry,91,record,16,1,pretune_on,1,0.9999261520581243,0.9999261520581243,True,True,0.0,False,none,1.1102230246251565e-16,0.0,reconstructed_from_r2_by_dim
paper1_phaseB_v1,C:\Users\joedicke\Documents\reps\EvoODE\experiments\paper1_phaseB_v1\run_registry.csv,run_registry,92,record,16,1,pretune_on,1,0.9999261520581243,0.9999261520581243,True,True,0.0,False,none,1.1102230246251565e-16,0.0,reconstructed_from_r2_by_dim
paper1_phaseB_v1,C:\Users\joedicke\Documents\reps\EvoODE\experiments\paper1_phaseB_v1\run_registry.csv,run_registry,93,record,16,1,pretune_on,2,0.999980385274897,0.999980385274897,True,True,0.0,False,none,0.0,0.0,reconstructed_from_r2_by_dim
paper1_phaseB_v1,C:\Users\joedicke\Documents\reps\EvoODE\experiments\paper1_phaseB_v1\run_registry.csv,run_registry,94,record,16,1,pretune_on,2,0.999980385274897,0.999980385274897,True,True,0.0,False,none,0.0,0.0,reconstructed_from_r2_by_dim
paper1_phaseB_v1,C:\Users\joedicke\Documents\reps\EvoODE\experiments\paper1_phaseB_v1\run_registry.csv,run_registry,95,record,16,1,pretune_on,2,0.999980385274897,0.999980385274897,True,True,0.0,False,none,0.0,0.0,reconstructed_from_r2_by_dim
paper1_phaseB_v1,C:\Users\joedicke\Documents\reps\EvoODE\experiments\paper1_phaseB_v1\run_registry.csv,run_registry,96,record,17,1,pretune_on,1,0.9999977349370167,0.9999977349370168,True,True,1.1102230246251565e-16,False,none,1.1102230246251565e-16,1.1102230246251565e-16,reconstructed_from_r2_by_dim
paper1_phaseB_v1,C:\Users\joedicke\Documents\reps\EvoODE\experiments\paper1_phaseB_v1\run_registry.csv,run_registry,97,record,17,1,pretune_on,1,0.9999977349370167,0.9999977349370168,True,True,1.1102230246251565e-16,False,none,1.1102230246251565e-16,1.1102230246251565e-16,reconstructed_from_r2_by_dim
paper1_phaseB_v1,C:\Users\joedicke\Documents\reps\EvoODE\experiments\paper1_phaseB_v1\run_registry.csv,run_registry,98,record,17,1,pretune_on,1,0.9999977349370167,0.9999977349370168,True,True,1.1102230246251565e-16,False,none,1.1102230246251565e-16,1.1102230246251565e-16,reconstructed_from_r2_by_dim
paper1_phaseB_v1,C:\Users\joedicke\Documents\reps\EvoODE\experiments\paper1_phaseB_v1\run_registry.csv,run_registry,99,record,17,1,pretune_on,2,0.999998382124471,0.9999983821244711,True,True,1.1102230246251565e-16,False,none,0.0,1.1102230246251565e-16,reconstructed_from_r2_by_dim
paper1_phaseB_v1,C:\Users\joedicke\Documents\reps\EvoODE\experiments\paper1_phaseB_v1\run_registry.csv,run_registry,100,record,17,1,pretune_on,2,0.999998382124471,0.9999983821244711,True,True,1.1102230246251565e-16,False,none,0.0,1.1102230246251565e-16,reconstructed_from_r2_by_dim
paper1_phaseB_v1,C:\Users\joedicke\Documents\reps\EvoODE\experiments\paper1_phaseB_v1\run_registry.csv,run_registry,101,record,17,1,pretune_on,2,0.999998382124471,0.9999983821244711,True,True,1.1102230246251565e-16,False,none,0.0,1.1102230246251565e-16,reconstructed_from_r2_by_dim
paper1_phaseB_v1,C:\Users\joedicke\Documents\reps\EvoODE\experiments\paper1_phaseB_v1\run_registry.csv,run_registry,102,record,18,1,pretune_on,1,0.9999999465125902,0.9999999465125902,True,True,0.0,False,none,0.0,0.0,reconstructed_from_r2_by_dim
paper1_phaseB_v1,C:\Users\joedicke\Documents\reps\EvoODE\experiments\paper1_phaseB_v1\run_registry.csv,run_registry,103,record,18,1,pretune_on,1,0.9999999465125902,0.9999999465125902,True,True,0.0,False,none,0.0,0.0,reconstructed_from_r2_by_dim
paper1_phaseB_v1,C:\Users\joedicke\Documents\reps\EvoODE\experiments\paper1_phaseB_v1\run_registry.csv,run_registry,104,record,18,1,pretune_on,1,0.9999999465125902,0.9999999465125902,True,True,0.0,False,none,0.0,0.0,reconstructed_from_r2_by_dim
paper1_phaseB_v1,C:\Users\joedicke\Documents\reps\EvoODE\experiments\paper1_phaseB_v1\run_registry.csv,run_registry,105,record,18,1,pretune_on,2,0.9999999808097461,0.9999999808097461,True,True,0.0,False,none,1.1102230246251565e-16,0.0,reconstructed_from_r2_by_dim
paper1_phaseB_v1,C:\Users\joedicke\Documents\reps\EvoODE\experiments\paper1_phaseB_v1\run_registry.csv,run_registry,106,record,18,1,pretune_on,2,0.9999999808097461,0.9999999808097461,True,True,0.0,False,none,1.1102230246251565e-16,0.0,reconstructed_from_r2_by_dim
paper1_phaseB_v1,C:\Users\joedicke\Documents\reps\EvoODE\experiments\paper1_phaseB_v1\run_registry.csv,run_registry,107,record,18,1,pretune_on,2,0.9999999808097461,0.9999999808097461,True,True,0.0,False,none,1.1102230246251565e-16,0.0,reconstructed_from_r2_by_dim
paper1_phaseB_v1,C:\Users\joedicke\Documents\reps\EvoODE\experiments\paper1_phaseB_v1\run_registry.csv,run_registry,108,record,19,1,pretune_on,1,0.9999929254364571,0.9999929254364572,True,True,1.1102230246251565e-16,False,none,1.1102230246251565e-16,1.1102230246251565e-16,reconstructed_from_r2_by_dim
paper1_phaseB_v1,C:\Users\joedicke\Documents\reps\EvoODE\experiments\paper1_phaseB_v1\run_registry.csv,run_registry,109,record,19,1,pretune_on,1,0.9999929254364571,0.9999929254364572,True,True,1.1102230246251565e-16,False,none,1.1102230246251565e-16,1.1102230246251565e-16,reconstructed_from_r2_by_dim
paper1_phaseB_v1,C:\Users\joedicke\Documents\reps\EvoODE\experiments\paper1_phaseB_v1\run_registry.csv,run_registry,110,record,19,1,pretune_on,1,0.9999929254364571,0.9999929254364572,True,True,1.1102230246251565e-16,False,none,1.1102230246251565e-16,1.1102230246251565e-16,reconstructed_from_r2_by_dim
paper1_phaseB_v1,C:\Users\joedicke\Documents\reps\EvoODE\experiments\paper1_phaseB_v1\run_registry.csv,run_registry,111,record,19,1,pretune_on,2,0.9999884086017586,0.9999884086017586,True,True,0.0,False,none,0.0,0.0,reconstructed_from_r2_by_dim
paper1_phaseB_v1,C:\Users\joedicke\Documents\reps\EvoODE\experiments\paper1_phaseB_v1\run_registry.csv,run_registry,112,record,19,1,pretune_on,2,0.9999884086017586,0.9999884086017586,True,True,0.0,False,none,0.0,0.0,reconstructed_from_r2_by_dim
paper1_phaseB_v1,C:\Users\joedicke\Documents\reps\EvoODE\experiments\paper1_phaseB_v1\run_registry.csv,run_registry,113,record,19,1,pretune_on,2,0.9999884086017586,0.9999884086017586,True,True,0.0,False,none,0.0,0.0,reconstructed_from_r2_by_dim
paper1_phaseB_v1,C:\Users\joedicke\Documents\reps\EvoODE\experiments\paper1_phaseB_v1\run_registry.csv,run_registry,114,record,20,1,pretune_on,1,0.9999916215688092,0.9999916215688092,True,True,0.0,False,none,0.0,0.0,reconstructed_from_r2_by_dim
paper1_phaseB_v1,C:\Users\joedicke\Documents\reps\EvoODE\experiments\paper1_phaseB_v1\run_registry.csv,run_registry,115,record,20,1,pretune_on,1,0.9999916215688092,0.9999916215688092,True,True,0.0,False,none,0.0,0.0,reconstructed_from_r2_by_dim
paper1_phaseB_v1,C:\Users\joedicke\Documents\reps\EvoODE\experiments\paper1_phaseB_v1\run_registry.csv,run_registry,116,record,20,1,pretune_on,1,0.9999916215688092,0.9999916215688092,True,True,0.0,False,none,0.0,0.0,reconstructed_from_r2_by_dim
paper1_phaseB_v1,C:\Users\joedicke\Documents\reps\EvoODE\experiments\paper1_phaseB_v1\run_registry.csv,run_registry,117,record,20,1,pretune_on,2,0.9775541270184787,0.9775541270184787,True,True,0.0,False,none,1.1102230246251565e-16,0.0,reconstructed_from_r2_by_dim
paper1_phaseB_v1,C:\Users\joedicke\Documents\reps\EvoODE\experiments\paper1_phaseB_v1\run_registry.csv,run_registry,118,record,20,1,pretune_on,2,0.9775541270184787,0.9775541270184787,True,True,0.0,False,none,1.1102230246251565e-16,0.0,reconstructed_from_r2_by_dim
paper1_phaseB_v1,C:\Users\joedicke\Documents\reps\EvoODE\experiments\paper1_phaseB_v1\run_registry.csv,run_registry,119,record,20,1,pretune_on,2,0.9775541270184787,0.9775541270184787,True,True,0.0,False,none,1.1102230246251565e-16,0.0,reconstructed_from_r2_by_dim
paper1_phaseB_v1,C:\Users\joedicke\Documents\reps\EvoODE\experiments\paper1_phaseB_v1\run_registry.csv,run_registry,120,record,21,1,pretune_on,1,0.999993762623877,0.999993762623877,True,True,0.0,False,none,0.0,0.0,reconstructed_from_r2_by_dim
paper1_phaseB_v1,C:\Users\joedicke\Documents\reps\EvoODE\experiments\paper1_phaseB_v1\run_registry.csv,run_registry,121,record,21,1,pretune_on,1,0.999993762623877,0.999993762623877,True,True,0.0,False,none,0.0,0.0,reconstructed_from_r2_by_dim
paper1_phaseB_v1,C:\Users\joedicke\Documents\reps\EvoODE\experiments\paper1_phaseB_v1\run_registry.csv,run_registry,122,record,21,1,pretune_on,1,0.999993762623877,0.999993762623877,True,True,0.0,False,none,0.0,0.0,reconstructed_from_r2_by_dim
paper1_phaseB_v1,C:\Users\joedicke\Documents\reps\EvoODE\experiments\paper1_phaseB_v1\run_registry.csv,run_registry,123,record,21,1,pretune_on,2,0.9995753814242846,0.9995753814242846,True,True,0.0,False,none,0.0,0.0,reconstructed_from_r2_by_dim
paper1_phaseB_v1,C:\Users\joedicke\Documents\reps\EvoODE\experiments\paper1_phaseB_v1\run_registry.csv,run_registry,124,record,21,1,pretune_on,2,0.9995753814242846,0.9995753814242846,True,True,0.0,False,none,0.0,0.0,reconstructed_from_r2_by_dim
paper1_phaseB_v1,C:\Users\joedicke\Documents\reps\EvoODE\experiments\paper1_phaseB_v1\run_registry.csv,run_registry,125,record,21,1,pretune_on,2,0.9995753814242846,0.9995753814242846,True,True,0.0,False,none,0.0,0.0,reconstructed_from_r2_by_dim
paper1_phaseB_v1,C:\Users\joedicke\Documents\reps\EvoODE\experiments\paper1_phaseB_v1\run_registry.csv,run_registry,126,record,22,1,pretune_on,1,0.9941285400398702,0.9941285400398703,True,True,1.1102230246251565e-16,False,none,0.0,1.1102230246251565e-16,reconstructed_from_r2_by_dim
paper1_phaseB_v1,C:\Users\joedicke\Documents\reps\EvoODE\experiments\paper1_phaseB_v1\run_registry.csv,run_registry,127,record,22,1,pretune_on,1,0.9941285400398702,0.9941285400398703,True,True,1.1102230246251565e-16,False,none,0.0,1.1102230246251565e-16,reconstructed_from_r2_by_dim
paper1_phaseB_v1,C:\Users\joedicke\Documents\reps\EvoODE\experiments\paper1_phaseB_v1\run_registry.csv,run_registry,128,record,22,1,pretune_on,1,0.9941285400398702,0.9941285400398703,True,True,1.1102230246251565e-16,False,none,0.0,1.1102230246251565e-16,reconstructed_from_r2_by_dim
paper1_phaseB_v1,C:\Users\joedicke\Documents\reps\EvoODE\experiments\paper1_phaseB_v1\run_registry.csv,run_registry,129,record,22,1,pretune_on,2,0.9991017801153164,0.9991017801153165,True,True,1.1102230246251565e-16,False,none,0.0,1.1102230246251565e-16,reconstructed_from_r2_by_dim
paper1_phaseB_v1,C:\Users\joedicke\Documents\reps\EvoODE\experiments\paper1_phaseB_v1\run_registry.csv,run_registry,130,record,22,1,pretune_on,2,0.9991017801153164,0.9991017801153165,True,True,1.1102230246251565e-16,False,none,0.0,1.1102230246251565e-16,reconstructed_from_r2_by_dim
paper1_phaseB_v1,C:\Users\joedicke\Documents\reps\EvoODE\experiments\paper1_phaseB_v1\run_registry.csv,run_registry,131,record,22,1,pretune_on,2,0.9991017801153164,0.9991017801153165,True,True,1.1102230246251565e-16,False,none,0.0,1.1102230246251565e-16,reconstructed_from_r2_by_dim
paper1_phaseB_v1,C:\Users\joedicke\Documents\reps\EvoODE\experiments\paper1_phaseB_v1\run_registry.csv,run_registry,132,record,23,1,pretune_on,1,0.9994496468756406,0.9994496468756406,True,True,0.0,False,none,0.0,0.0,reconstructed_from_r2_by_dim
paper1_phaseB_v1,C:\Users\joedicke\Documents\reps\EvoODE\experiments\paper1_phaseB_v1\run_registry.csv,run_registry,133,record,23,1,pretune_on,1,0.9994496468756406,0.9994496468756406,True,True,0.0,False,none,0.0,0.0,reconstructed_from_r2_by_dim
paper1_phaseB_v1,C:\Users\joedicke\Documents\reps\EvoODE\experiments\paper1_phaseB_v1\run_registry.csv,run_registry,134,record,23,1,pretune_on,1,0.9994496468756406,0.9994496468756406,True,True,0.0,False,none,0.0,0.0,reconstructed_from_r2_by_dim
paper1_phaseB_v1,C:\Users\joedicke\Documents\reps\EvoODE\experiments\paper1_phaseB_v1\run_registry.csv,run_registry,135,record,23,1,pretune_on,2,0.9967382747829177,0.9967382747829177,True,True,0.0,False,none,0.0,0.0,reconstructed_from_r2_by_dim
paper1_phaseB_v1,C:\Users\joedicke\Documents\reps\EvoODE\experiments\paper1_phaseB_v1\run_registry.csv,run_registry,136,record,23,1,pretune_on,2,0.9967382747829177,0.9967382747829177,True,True,0.0,False,none,0.0,0.0,reconstructed_from_r2_by_dim
paper1_phaseB_v1,C:\Users\joedicke\Documents\reps\EvoODE\experiments\paper1_phaseB_v1\run_registry.csv,run_registry,137,record,23,1,pretune_on,2,0.9967382747829177,0.9967382747829177,True,True,0.0,False,none,0.0,0.0,reconstructed_from_r2_by_dim
paper1_phaseB_v1,C:\Users\joedicke\Documents\reps\EvoODE\experiments\paper1_phaseB_v1\run_registry.csv,run_registry,138,record,24,2,pretune_on,1,0.999999999999885,0.9999999999998656,True,True,-1.942890293094024e-14,False,none,0.0,,reconstructed_from_r2_by_dim
paper1_phaseB_v1,C:\Users\joedicke\Documents\reps\EvoODE\experiments\paper1_phaseB_v1\run_registry.csv,run_registry,139,record,24,2,pretune_on,1,0.999999999999885,0.9999999999998656,True,True,-1.942890293094024e-14,False,none,0.0,,reconstructed_from_r2_by_dim
paper1_phaseB_v1,C:\Users\joedicke\Documents\reps\EvoODE\experiments\paper1_phaseB_v1\run_registry.csv,run_registry,140,record,24,2,pretune_on,1,0.999999999999885,0.9999999999998656,True,True,-1.942890293094024e-14,False,none,0.0,,reconstructed_from_r2_by_dim
paper1_phaseB_v1,C:\Users\joedicke\Documents\reps\EvoODE\experiments\paper1_phaseB_v1\run_registry.csv,run_registry,141,record,24,2,pretune_on,2,0.9999999999994436,0.999999999999551,True,True,1.0746958878371515e-13,False,none,0.0,,reconstructed_from_r2_by_dim
paper1_phaseB_v1,C:\Users\joedicke\Documents\reps\EvoODE\experiments\paper1_phaseB_v1\run_registry.csv,run_registry,142,record,24,2,pretune_on,2,0.9999999999994436,0.999999999999551,True,True,1.0746958878371515e-13,False,none,0.0,,reconstructed_from_r2_by_dim
paper1_phaseB_v1,C:\Users\joedicke\Documents\reps\EvoODE\experiments\paper1_phaseB_v1\run_registry.csv,run_registry,143,record,24,2,pretune_on,2,0.9999999999994436,0.999999999999551,True,True,1.0746958878371515e-13,False,none,0.0,,reconstructed_from_r2_by_dim
paper1_phaseB_v1,C:\Users\joedicke\Documents\reps\EvoODE\experiments\paper1_phaseB_v1\run_registry.csv,run_registry,144,record,25,2,pretune_on,1,0.9999999999984157,0.9999999999984114,True,True,-4.3298697960381105e-15,False,none,1.1102230246251565e-16,,reconstructed_from_r2_by_dim
paper1_phaseB_v1,C:\Users\joedicke\Documents\reps\EvoODE\experiments\paper1_phaseB_v1\run_registry.csv,run_registry,145,record,25,2,pretune_on,1,0.9999999999984157,0.9999999999984114,True,True,-4.3298697960381105e-15,False,none,1.1102230246251565e-16,,reconstructed_from_r2_by_dim
paper1_phaseB_v1,C:\Users\joedicke\Documents\reps\EvoODE\experiments\paper1_phaseB_v1\run_registry.csv,run_registry,146,record,25,2,pretune_on,1,0.9999999999984157,0.9999999999984114,True,True,-4.3298697960381105e-15,False,none,1.1102230246251565e-16,,reconstructed_from_r2_by_dim
paper1_phaseB_v1,C:\Users\joedicke\Documents\reps\EvoODE\experiments\paper1_phaseB_v1\run_registry.csv,run_registry,147,record,25,2,pretune_on,2,0.9999999999983309,0.9999999999984669,True,True,1.3600232051658168e-13,False,none,1.1102230246251565e-16,,reconstructed_from_r2_by_dim
paper1_phaseB_v1,C:\Users\joedicke\Documents\reps\EvoODE\experiments\paper1_phaseB_v1\run_registry.csv,run_registry,148,record,25,2,pretune_on,2,0.9999999999983309,0.9999999999984669,True,True,1.3600232051658168e-13,False,none,1.1102230246251565e-16,,reconstructed_from_r2_by_dim
paper1_phaseB_v1,C:\Users\joedicke\Documents\reps\EvoODE\experiments\paper1_phaseB_v1\run_registry.csv,run_registry,149,record,25,2,pretune_on,2,0.9999999999983309,0.9999999999984669,True,True,1.3600232051658168e-13,False,none,1.1102230246251565e-16,,reconstructed_from_r2_by_dim
paper1_phaseB_v1,C:\Users\joedicke\Documents\reps\EvoODE\experiments\paper1_phaseB_v1\run_registry.csv,run_registry,150,record,26,2,pretune_on,1,0.997319587851388,0.998434034104525,True,True,0.001114446253137058,False,none,0.0,,reconstructed_from_r2_by_dim
paper1_phaseB_v1,C:\Users\joedicke\Documents\reps\EvoODE\experiments\paper1_phaseB_v1\run_registry.csv,run_registry,151,record,26,2,pretune_on,1,0.997319587851388,0.998434034104525,True,True,0.001114446253137058,False,none,0.0,,reconstructed_from_r2_by_dim
paper1_phaseB_v1,C:\Users\joedicke\Documents\reps\EvoODE\experiments\paper1_phaseB_v1\run_registry.csv,run_registry,152,record,26,2,pretune_on,1,0.9979555293078355,0.9988133673889831,True,True,0.0008578380811475883,False,none,1.1102230246251565e-16,,reconstructed_from_r2_by_dim
paper1_phaseB_v1,C:\Users\joedicke\Documents\reps\EvoODE\experiments\paper1_phaseB_v1\run_registry.csv,run_registry,153,record,26,2,pretune_on,2,0.9905024057076295,0.9906631674008938,True,True,0.00016076169326428857,False,none,1.1102230246251565e-16,,reconstructed_from_r2_by_dim
paper1_phaseB_v1,C:\Users\joedicke\Documents\reps\EvoODE\experiments\paper1_phaseB_v1\run_registry.csv,run_registry,154,record,26,2,pretune_on,2,0.9905024057076295,0.9906631674008938,True,True,0.00016076169326428857,False,none,1.1102230246251565e-16,,reconstructed_from_r2_by_dim
paper1_phaseB_v1,C:\Users\joedicke\Documents\reps\EvoODE\experiments\paper1_phaseB_v1\run_registry.csv,run_registry,155,record,26,2,pretune_on,2,0.9905024057076295,0.9906631674008938,True,True,0.00016076169326428857,False,none,1.1102230246251565e-16,,reconstructed_from_r2_by_dim
paper1_phaseB_v1,C:\Users\joedicke\Documents\reps\EvoODE\experiments\paper1_phaseB_v1\run_registry.csv,run_registry,156,record,27,2,pretune_on,1,0.9999999932529045,0.9999999931777402,True,True,-7.516420819086989e-11,False,none,0.0,,reconstructed_from_r2_by_dim
paper1_phaseB_v1,C:\Users\joedicke\Documents\reps\EvoODE\experiments\paper1_phaseB_v1\run_registry.csv,run_registry,157,record,27,2,pretune_on,1,0.9999998929144474,0.9999998939042098,True,True,9.897624941856975e-10,False,none,0.0,,reconstructed_from_r2_by_dim
paper1_phaseB_v1,C:\Users\joedicke\Documents\reps\EvoODE\experiments\paper1_phaseB_v1\run_registry.csv,run_registry,158,record,27,2,pretune_on,1,0.9999981888823557,0.9999981656150677,True,True,-2.3267287985184737e-08,False,none,1.1102230246251565e-16,,reconstructed_from_r2_by_dim
paper1_phaseB_v1,C:\Users\joedicke\Documents\reps\EvoODE\experiments\paper1_phaseB_v1\run_registry.csv,run_registry,159,record,27,2,pretune_on,2,0.9999999912586945,0.999999991902988,True,True,6.442935074346678e-10,False,none,1.1102230246251565e-16,,reconstructed_from_r2_by_dim
paper1_phaseB_v1,C:\Users\joedicke\Documents\reps\EvoODE\experiments\paper1_phaseB_v1\run_registry.csv,run_registry,160,record,27,2,pretune_on,2,0.9999999912586945,0.999999991902988,True,True,6.442935074346678e-10,False,none,1.1102230246251565e-16,,reconstructed_from_r2_by_dim
paper1_phaseB_v1,C:\Users\joedicke\Documents\reps\EvoODE\experiments\paper1_phaseB_v1\run_registry.csv,run_registry,161,record,27,2,pretune_on,2,0.9999999912586945,0.999999991902988,True,True,6.442935074346678e-10,False,none,1.1102230246251565e-16,,reconstructed_from_r2_by_dim
paper1_phaseB_v1,C:\Users\joedicke\Documents\reps\EvoODE\experiments\paper1_phaseB_v1\run_registry.csv,run_registry,162,record,28,2,pretune_on,1,0.9999978895878622,0.999998525756511,True,True,6.361686488709495e-07,False,none,0.0,,reconstructed_from_r2_by_dim
paper1_phaseB_v1,C:\Users\joedicke\Documents\reps\EvoODE\experiments\paper1_phaseB_v1\run_registry.csv,run_registry,163,record,28,2,pretune_on,1,0.9999978895878622,0.999998525756511,True,True,6.361686488709495e-07,False,none,0.0,,reconstructed_from_r2_by_dim
paper1_phaseB_v1,C:\Users\joedicke\Documents\reps\EvoODE\experiments\paper1_phaseB_v1\run_registry.csv,run_registry,164,record,28,2,pretune_on,1,0.9999978895878622,0.999998525756511,True,True,6.361686488709495e-07,False,none,0.0,,reconstructed_from_r2_by_dim
paper1_phaseB_v1,C:\Users\joedicke\Documents\reps\EvoODE\experiments\paper1_phaseB_v1\run_registry.csv,run_registry,165,record,28,2,pretune_on,2,0.9998311122290704,0.9998466090426485,True,True,1.5496813578153024e-05,False,none,0.0,,reconstructed_from_r2_by_dim
paper1_phaseB_v1,C:\Users\joedicke\Documents\reps\EvoODE\experiments\paper1_phaseB_v1\run_registry.csv,run_registry,166,record,28,2,pretune_on,2,0.9998311122290704,0.9998466090426485,True,True,1.5496813578153024e-05,False,none,0.0,,reconstructed_from_r2_by_dim
paper1_phaseB_v1,C:\Users\joedicke\Documents\reps\EvoODE\experiments\paper1_phaseB_v1\run_registry.csv,run_registry,167,record,28,2,pretune_on,2,0.9998311122290704,0.9998466090426485,True,True,1.5496813578153024e-05,False,none,0.0,,reconstructed_from_r2_by_dim
paper1_phaseB_v1,C:\Users\joedicke\Documents\reps\EvoODE\experiments\paper1_phaseB_v1\run_registry.csv,run_registry,168,record,29,2,pretune_on,1,0.9979290413085751,0.9984253672017918,True,True,0.000496325893216687,False,none,1.1102230246251565e-16,,reconstructed_from_r2_by_dim
paper1_phaseB_v1,C:\Users\joedicke\Documents\reps\EvoODE\experiments\paper1_phaseB_v1\run_registry.csv,run_registry,169,record,29,2,pretune_on,1,0.9979290413085751,0.9984253672017918,True,True,0.000496325893216687,False,none,1.1102230246251565e-16,,reconstructed_from_r2_by_dim
paper1_phaseB_v1,C:\Users\joedicke\Documents\reps\EvoODE\experiments\paper1_phaseB_v1\run_registry.csv,run_registry,170,record,29,2,pretune_on,1,0.9979290413085751,0.9984253672017918,True,True,0.000496325893216687,False,none,1.1102230246251565e-16,,reconstructed_from_r2_by_dim
paper1_phaseB_v1,C:\Users\joedicke\Documents\reps\EvoODE\experiments\paper1_phaseB_v1\run_registry.csv,run_registry,171,record,29,2,pretune_on,2,0.9883436909965309,0.9901633620594756,True,True,0.0018196710629447832,False,none,0.0,,reconstructed_from_r2_by_dim
paper1_phaseB_v1,C:\Users\joedicke\Documents\reps\EvoODE\experiments\paper1_phaseB_v1\run_registry.csv,run_registry,172,record,29,2,pretune_on,2,0.9883436909965309,0.9901633620594756,True,True,0.0018196710629447832,False,none,0.0,,reconstructed_from_r2_by_dim
paper1_phaseB_v1,C:\Users\joedicke\Documents\reps\EvoODE\experiments\paper1_phaseB_v1\run_registry.csv,run_registry,173,record,29,2,pretune_on,2,0.9883436909965309,0.9901633620594756,True,True,0.0018196710629447832,False,none,0.0,,reconstructed_from_r2_by_dim
paper1_phaseB_v1,C:\Users\joedicke\Documents\reps\EvoODE\experiments\paper1_phaseB_v1\run_registry.csv,run_registry,174,record,30,2,pretune_on,1,0.9836863057077017,0.9836025158700544,True,True,-8.378983764723014e-05,False,none,1.1102230246251565e-16,,reconstructed_from_r2_by_dim
paper1_phaseB_v1,C:\Users\joedicke\Documents\reps\EvoODE\experiments\paper1_phaseB_v1\run_registry.csv,run_registry,175,record,30,2,pretune_on,1,0.9836863057077017,0.9836025158700544,True,True,-8.378983764723014e-05,False,none,1.1102230246251565e-16,,reconstructed_from_r2_by_dim
paper1_phaseB_v1,C:\Users\joedicke\Documents\reps\EvoODE\experiments\paper1_phaseB_v1\run_registry.csv,run_registry,176,record,30,2,pretune_on,1,0.9836863057077017,0.9836025158700544,True,True,-8.378983764723014e-05,False,none,1.1102230246251565e-16,,reconstructed_from_r2_by_dim
paper1_phaseB_v1,C:\Users\joedicke\Documents\reps\EvoODE\experiments\paper1_phaseB_v1\run_registry.csv,run_registry,177,record,30,2,pretune_on,2,0.9923521905747871,0.992347358052586,True,True,-4.832522201070333e-06,False,none,1.1102230246251565e-16,,reconstructed_from_r2_by_dim
paper1_phaseB_v1,C:\Users\joedicke\Documents\reps\EvoODE\experiments\paper1_phaseB_v1\run_registry.csv,run_registry,178,record,30,2,pretune_on,2,0.9923521905747871,0.992347358052586,True,True,-4.832522201070333e-06,False,none,1.1102230246251565e-16,,reconstructed_from_r2_by_dim
paper1_phaseB_v1,C:\Users\joedicke\Documents\reps\EvoODE\experiments\paper1_phaseB_v1\run_registry.csv,run_registry,179,record,30,2,pretune_on,2,0.9923521905747871,0.992347358052586,True,True,-4.832522201070333e-06,False,none,1.1102230246251565e-16,,reconstructed_from_r2_by_dim
paper1_phaseB_v1,C:\Users\joedicke\Documents\reps\EvoODE\experiments\paper1_phaseB_v1\run_registry.csv,run_registry,180,record,31,2,pretune_on,1,0.9999472442273074,0.9999481957253715,True,True,9.514980641167625e-07,False,none,0.0,,reconstructed_from_r2_by_dim
paper1_phaseB_v1,C:\Users\joedicke\Documents\reps\EvoODE\experiments\paper1_phaseB_v1\run_registry.csv,run_registry,181,record,31,2,pretune_on,1,0.9999472442273074,0.9999481957253715,True,True,9.514980641167625e-07,False,none,0.0,,reconstructed_from_r2_by_dim
paper1_phaseB_v1,C:\Users\joedicke\Documents\reps\EvoODE\experiments\paper1_phaseB_v1\run_registry.csv,run_registry,182,record,31,2,pretune_on,1,0.9999472442273074,0.9999481957253715,True,True,9.514980641167625e-07,False,none,0.0,,reconstructed_from_r2_by_dim
paper1_phaseB_v1,C:\Users\joedicke\Documents\reps\EvoODE\experiments\paper1_phaseB_v1\run_registry.csv,run_registry,183,record,31,2,pretune_on,2,0.9999999957668364,0.9999999991864116,True,True,3.41957517857594e-09,False,none,0.0,,reconstructed_from_r2_by_dim
paper1_phaseB_v1,C:\Users\joedicke\Documents\reps\EvoODE\experiments\paper1_phaseB_v1\run_registry.csv,run_registry,184,record,31,2,pretune_on,2,0.9999999957668364,0.9999999991864116,True,True,3.41957517857594e-09,False,none,0.0,,reconstructed_from_r2_by_dim
paper1_phaseB_v1,C:\Users\joedicke\Documents\reps\EvoODE\experiments\paper1_phaseB_v1\run_registry.csv,run_registry,185,record,31,2,pretune_on,2,0.9999999957668364,0.9999999991864116,True,True,3.41957517857594e-09,False,none,0.0,,reconstructed_from_r2_by_dim
paper1_phaseB_v1,C:\Users\joedicke\Documents\reps\EvoODE\experiments\paper1_phaseB_v1\run_registry.csv,run_registry,186,record,32,2,pretune_on,1,0.9999999999985022,0.9999999999985042,True,True,1.9984014443252818e-15,False,none,0.0,,reconstructed_from_r2_by_dim
paper1_phaseB_v1,C:\Users\joedicke\Documents\reps\EvoODE\experiments\paper1_phaseB_v1\run_registry.csv,run_registry,187,record,32,2,pretune_on,1,0.9999999999985022,0.9999999999985042,True,True,1.9984014443252818e-15,False,none,0.0,,reconstructed_from_r2_by_dim
paper1_phaseB_v1,C:\Users\joedicke\Documents\reps\EvoODE\experiments\paper1_phaseB_v1\run_registry.csv,run_registry,188,record,32,2,pretune_on,1,0.9999999999985022,0.9999999999985042,True,True,1.9984014443252818e-15,False,none,0.0,,reconstructed_from_r2_by_dim
paper1_phaseB_v1,C:\Users\joedicke\Documents\reps\EvoODE\experiments\paper1_phaseB_v1\run_registry.csv,run_registry,189,record,32,2,pretune_on,2,0.4450285212096868,0.4536772146810883,False,False,0.008648693471401514,False,none,0.0,,reconstructed_from_r2_by_dim
paper1_phaseB_v1,C:\Users\joedicke\Documents\reps\EvoODE\experiments\paper1_phaseB_v1\run_registry.csv,run_registry,190,record,32,2,pretune_on,2,0.4450285212096868,0.4536772146810883,False,False,0.008648693471401514,False,none,0.0,,reconstructed_from_r2_by_dim
paper1_phaseB_v1,C:\Users\joedicke\Documents\reps\EvoODE\experiments\paper1_phaseB_v1\run_registry.csv,run_registry,191,record,32,2,pretune_on,2,0.4450285212096868,0.4536772146810883,False,False,0.008648693471401514,False,none,0.0,,reconstructed_from_r2_by_dim
paper1_phaseB_v1,C:\Users\joedicke\Documents\reps\EvoODE\experiments\paper1_phaseB_v1\run_registry.csv,run_registry,192,record,33,2,pretune_on,1,0.9995198964706961,0.9998610462014459,True,True,0.00034114973074983457,False,none,1.1102230246251565e-16,,reconstructed_from_r2_by_dim
paper1_phaseB_v1,C:\Users\joedicke\Documents\reps\EvoODE\experiments\paper1_phaseB_v1\run_registry.csv,run_registry,193,record,33,2,pretune_on,1,0.9986404913364939,0.9994886692458911,True,True,0.0008481779093971742,False,none,1.1102230246251565e-16,,reconstructed_from_r2_by_dim
paper1_phaseB_v1,C:\Users\joedicke\Documents\reps\EvoODE\experiments\paper1_phaseB_v1\run_registry.csv,run_registry,194,record,33,2,pretune_on,1,0.9345004325156225,0.9952792184458913,True,True,0.06077878593026875,False,none,1.1102230246251565e-16,,reconstructed_from_r2_by_dim
paper1_phaseB_v1,C:\Users\joedicke\Documents\reps\EvoODE\experiments\paper1_phaseB_v1\run_registry.csv,run_registry,195,record,33,2,pretune_on,2,0.9999658320242684,0.9999571353277387,True,True,-8.696696529697512e-06,False,none,0.0,,reconstructed_from_r2_by_dim
paper1_phaseB_v1,C:\Users\joedicke\Documents\reps\EvoODE\experiments\paper1_phaseB_v1\run_registry.csv,run_registry,196,record,33,2,pretune_on,2,0.9999709671348277,0.9999618044400433,True,True,-9.162694784348169e-06,False,none,1.1102230246251565e-16,,reconstructed_from_r2_by_dim
paper1_phaseB_v1,C:\Users\joedicke\Documents\reps\EvoODE\experiments\paper1_phaseB_v1\run_registry.csv,run_registry,197,record,33,2,pretune_on,2,0.9999709671348277,0.9999618044400433,True,True,-9.162694784348169e-06,False,none,1.1102230246251565e-16,,reconstructed_from_r2_by_dim
paper1_phaseB_v1,C:\Users\joedicke\Documents\reps\EvoODE\experiments\paper1_phaseB_v1\run_registry.csv,run_registry,198,record,34,2,pretune_on,1,0.9996434709293822,0.9997396198619496,True,True,9.614893256737478e-05,False,none,0.0,,reconstructed_from_r2_by_dim
paper1_phaseB_v1,C:\Users\joedicke\Documents\reps\EvoODE\experiments\paper1_phaseB_v1\run_registry.csv,run_registry,199,record,34,2,pretune_on,1,0.9996434709293822,0.9997396198619496,True,True,9.614893256737478e-05,False,none,0.0,,reconstructed_from_r2_by_dim
paper1_phaseB_v1,C:\Users\joedicke\Documents\reps\EvoODE\experiments\paper1_phaseB_v1\run_registry.csv,run_registry,200,record,34,2,pretune_on,1,0.9996434709293822,0.9997396198619496,True,True,9.614893256737478e-05,False,none,0.0,,reconstructed_from_r2_by_dim
paper1_phaseB_v1,C:\Users\joedicke\Documents\reps\EvoODE\experiments\paper1_phaseB_v1\run_registry.csv,run_registry,201,record,34,2,pretune_on,2,0.9999499919257953,0.9999692575046703,True,True,1.9265578874994027e-05,False,none,1.1102230246251565e-16,,reconstructed_from_r2_by_dim
paper1_phaseB_v1,C:\Users\joedicke\Documents\reps\EvoODE\experiments\paper1_phaseB_v1\run_registry.csv,run_registry,202,record,34,2,pretune_on,2,0.9999499919257953,0.9999692575046703,True,True,1.9265578874994027e-05,False,none,1.1102230246251565e-16,,reconstructed_from_r2_by_dim
paper1_phaseB_v1,C:\Users\joedicke\Documents\reps\EvoODE\experiments\paper1_phaseB_v1\run_registry.csv,run_registry,203,record,34,2,pretune_on,2,0.9999499919257953,0.9999692575046703,True,True,1.9265578874994027e-05,False,none,1.1102230246251565e-16,,reconstructed_from_r2_by_dim
paper1_phaseB_v1,C:\Users\joedicke\Documents\reps\EvoODE\experiments\paper1_phaseB_v1\run_registry.csv,run_registry,204,record,35,2,pretune_on,1,0.5695831665716939,0.5700590327133732,False,False,0.0004758661416792709,False,none,0.0,,reconstructed_from_r2_by_dim
paper1_phaseB_v1,C:\Users\joedicke\Documents\reps\EvoODE\experiments\paper1_phaseB_v1\run_registry.csv,run_registry,205,record,35,2,pretune_on,1,0.5695831665716939,0.5700590327133732,False,False,0.0004758661416792709,False,none,0.0,,reconstructed_from_r2_by_dim
paper1_phaseB_v1,C:\Users\joedicke\Documents\reps\EvoODE\experiments\paper1_phaseB_v1\run_registry.csv,run_registry,206,record,35,2,pretune_on,1,0.5695831665716939,0.5700590327133732,False,False,0.0004758661416792709,False,none,0.0,,reconstructed_from_r2_by_dim
paper1_phaseB_v1,C:\Users\joedicke\Documents\reps\EvoODE\experiments\paper1_phaseB_v1\run_registry.csv,run_registry,207,record,35,2,pretune_on,2,0.9961746478776056,0.9961373973629726,True,True,-3.725051463299156e-05,False,none,0.0,,reconstructed_from_r2_by_dim
paper1_phaseB_v1,C:\Users\joedicke\Documents\reps\EvoODE\experiments\paper1_phaseB_v1\run_registry.csv,run_registry,208,record,35,2,pretune_on,2,0.9961746478776056,0.9961373973629726,True,True,-3.725051463299156e-05,False,none,0.0,,reconstructed_from_r2_by_dim
paper1_phaseB_v1,C:\Users\joedicke\Documents\reps\EvoODE\experiments\paper1_phaseB_v1\run_registry.csv,run_registry,209,record,35,2,pretune_on,2,0.9961746478776056,0.9961373973629726,True,True,-3.725051463299156e-05,False,none,0.0,,reconstructed_from_r2_by_dim
paper1_phaseB_v1,C:\Users\joedicke\Documents\reps\EvoODE\experiments\paper1_phaseB_v1\run_registry.csv,run_registry,210,record,36,2,pretune_on,1,0.9997934543098239,0.9998153949723471,True,True,2.1940662523145527e-05,False,none,1.1102230246251565e-16,,reconstructed_from_r2_by_dim
paper1_phaseB_v1,C:\Users\joedicke\Documents\reps\EvoODE\experiments\paper1_phaseB_v1\run_registry.csv,run_registry,211,record,36,2,pretune_on,1,0.9997934543098239,0.9998153949723471,True,True,2.1940662523145527e-05,False,none,1.1102230246251565e-16,,reconstructed_from_r2_by_dim
paper1_phaseB_v1,C:\Users\joedicke\Documents\reps\EvoODE\experiments\paper1_phaseB_v1\run_registry.csv,run_registry,212,record,36,2,pretune_on,1,0.9997934543098239,0.9998153949723471,True,True,2.1940662523145527e-05,False,none,1.1102230246251565e-16,,reconstructed_from_r2_by_dim
paper1_phaseB_v1,C:\Users\joedicke\Documents\reps\EvoODE\experiments\paper1_phaseB_v1\run_registry.csv,run_registry,213,record,36,2,pretune_on,2,0.9990767806364076,0.9991041841495737,True,True,2.7403513166102123e-05,False,none,0.0,,reconstructed_from_r2_by_dim
paper1_phaseB_v1,C:\Users\joedicke\Documents\reps\EvoODE\experiments\paper1_phaseB_v1\run_registry.csv,run_registry,214,record,36,2,pretune_on,2,0.9990767806364076,0.9991041841495737,True,True,2.7403513166102123e-05,False,none,0.0,,reconstructed_from_r2_by_dim
paper1_phaseB_v1,C:\Users\joedicke\Documents\reps\EvoODE\experiments\paper1_phaseB_v1\run_registry.csv,run_registry,215,record,36,2,pretune_on,2,0.9990767806364076,0.9991041841495737,True,True,2.7403513166102123e-05,False,none,0.0,,reconstructed_from_r2_by_dim
paper1_phaseB_v1,C:\Users\joedicke\Documents\reps\EvoODE\experiments\paper1_phaseB_v1\run_registry.csv,run_registry,216,record,37,2,pretune_on,1,0.9873210921849936,0.9883314027432788,True,True,0.0010103105582851546,False,none,0.0,,reconstructed_from_r2_by_dim
paper1_phaseB_v1,C:\Users\joedicke\Documents\reps\EvoODE\experiments\paper1_phaseB_v1\run_registry.csv,run_registry,217,record,37,2,pretune_on,1,0.9924192552762838,0.9925818859972697,True,True,0.00016263072098587905,False,none,0.0,,reconstructed_from_r2_by_dim
paper1_phaseB_v1,C:\Users\joedicke\Documents\reps\EvoODE\experiments\paper1_phaseB_v1\run_registry.csv,run_registry,218,record,37,2,pretune_on,1,0.9873210921849936,0.9883314027432788,True,True,0.0010103105582851546,False,none,0.0,,reconstructed_from_r2_by_dim
paper1_phaseB_v1,C:\Users\joedicke\Documents\reps\EvoODE\experiments\paper1_phaseB_v1\run_registry.csv,run_registry,219,record,37,2,pretune_on,2,0.9778590180975374,0.9765898142349702,True,True,-0.0012692038625672364,False,none,0.0,,reconstructed_from_r2_by_dim
paper1_phaseB_v1,C:\Users\joedicke\Documents\reps\EvoODE\experiments\paper1_phaseB_v1\run_registry.csv,run_registry,220,record,37,2,pretune_on,2,0.9778590180975374,0.9765898142349702,True,True,-0.0012692038625672364,False,none,0.0,,reconstructed_from_r2_by_dim
paper1_phaseB_v1,C:\Users\joedicke\Documents\reps\EvoODE\experiments\paper1_phaseB_v1\run_registry.csv,run_registry,221,record,37,2,pretune_on,2,0.9778590180975374,0.9765898142349702,True,True,-0.0012692038625672364,False,none,0.0,,reconstructed_from_r2_by_dim
paper1_phaseB_v1,C:\Users\joedicke\Documents\reps\EvoODE\experiments\paper1_phaseB_v1\run_registry.csv,run_registry,222,record,38,2,pretune_on,1,0.9999999999892688,0.999999999994813,True,True,5.544231740373107e-12,False,none,0.0,,reconstructed_from_r2_by_dim
paper1_phaseB_v1,C:\Users\joedicke\Documents\reps\EvoODE\experiments\paper1_phaseB_v1\run_registry.csv,run_registry,223,record,38,2,pretune_on,1,0.9999999999892688,0.999999999994813,True,True,5.544231740373107e-12,False,none,0.0,,reconstructed_from_r2_by_dim
paper1_phaseB_v1,C:\Users\joedicke\Documents\reps\EvoODE\experiments\paper1_phaseB_v1\run_registry.csv,run_registry,224,record,38,2,pretune_on,1,0.9999999999892688,0.999999999994813,True,True,5.544231740373107e-12,False,none,0.0,,reconstructed_from_r2_by_dim
paper1_phaseB_v1,C:\Users\joedicke\Documents\reps\EvoODE\experiments\paper1_phaseB_v1\run_registry.csv,run_registry,225,record,38,2,pretune_on,2,0.9999999932741752,0.9999999977642174,True,True,4.490042226912294e-09,False,none,0.0,,reconstructed_from_r2_by_dim
paper1_phaseB_v1,C:\Users\joedicke\Documents\reps\EvoODE\experiments\paper1_phaseB_v1\run_registry.csv,run_registry,226,record,38,2,pretune_on,2,0.9999999932741752,0.9999999977642174,True,True,4.490042226912294e-09,False,none,0.0,,reconstructed_from_r2_by_dim
paper1_phaseB_v1,C:\Users\joedicke\Documents\reps\EvoODE\experiments\paper1_phaseB_v1\run_registry.csv,run_registry,227,record,38,2,pretune_on,2,0.9999999932741752,0.9999999977642174,True,True,4.490042226912294e-09,False,none,0.0,,reconstructed_from_r2_by_dim
paper1_phaseB_v1,C:\Users\joedicke\Documents\reps\EvoODE\experiments\paper1_phaseB_v1\run_registry.csv,run_registry,228,record,39,2,pretune_on,1,0.9535047315111549,0.9481812418264355,True,True,-0.005323489684719407,False,none,1.1102230246251565e-16,,reconstructed_from_r2_by_dim
paper1_phaseB_v1,C:\Users\joedicke\Documents\reps\EvoODE\experiments\paper1_phaseB_v1\run_registry.csv,run_registry,229,record,39,2,pretune_on,1,0.9535047315111549,0.9481812418264355,True,True,-0.005323489684719407,False,none,1.1102230246251565e-16,,reconstructed_from_r2_by_dim
paper1_phaseB_v1,C:\Users\joedicke\Documents\reps\EvoODE\experiments\paper1_phaseB_v1\run_registry.csv,run_registry,230,record,39,2,pretune_on,1,0.9535047315111549,0.9481812418264355,True,True,-0.005323489684719407,False,none,1.1102230246251565e-16,,reconstructed_from_r2_by_dim
paper1_phaseB_v1,C:\Users\joedicke\Documents\reps\EvoODE\experiments\paper1_phaseB_v1\run_registry.csv,run_registry,231,record,39,2,pretune_on,2,0.9790293467764735,0.981133796254645,True,True,0.002104449478171566,False,none,1.1102230246251565e-16,,reconstructed_from_r2_by_dim
paper1_phaseB_v1,C:\Users\joedicke\Documents\reps\EvoODE\experiments\paper1_phaseB_v1\run_registry.csv,run_registry,232,record,39,2,pretune_on,2,0.9790293467764735,0.981133796254645,True,True,0.002104449478171566,False,none,1.1102230246251565e-16,,reconstructed_from_r2_by_dim
paper1_phaseB_v1,C:\Users\joedicke\Documents\reps\EvoODE\experiments\paper1_phaseB_v1\run_registry.csv,run_registry,233,record,39,2,pretune_on,2,0.9790293467764735,0.981133796254645,True,True,0.002104449478171566,False,none,1.1102230246251565e-16,,reconstructed_from_r2_by_dim
paper1_phaseB_v1,C:\Users\joedicke\Documents\reps\EvoODE\experiments\paper1_phaseB_v1\run_registry.csv,run_registry,234,record,40,2,pretune_on,1,0.9559790761689555,0.956962668925873,True,True,0.0009835927569175063,False,none,1.1102230246251565e-16,,reconstructed_from_r2_by_dim
paper1_phaseB_v1,C:\Users\joedicke\Documents\reps\EvoODE\experiments\paper1_phaseB_v1\run_registry.csv,run_registry,235,record,40,2,pretune_on,1,0.9559790761689555,0.956962668925873,True,True,0.0009835927569175063,False,none,1.1102230246251565e-16,,reconstructed_from_r2_by_dim
paper1_phaseB_v1,C:\Users\joedicke\Documents\reps\EvoODE\experiments\paper1_phaseB_v1\run_registry.csv,run_registry,236,record,40,2,pretune_on,1,0.9559790761689555,0.956962668925873,True,True,0.0009835927569175063,False,none,1.1102230246251565e-16,,reconstructed_from_r2_by_dim
paper1_phaseB_v1,C:\Users\joedicke\Documents\reps\EvoODE\experiments\paper1_phaseB_v1\run_registry.csv,run_registry,237,record,40,2,pretune_on,2,0.9699489866480808,0.9690190311604665,True,True,-0.0009299554876143201,False,none,0.0,,reconstructed_from_r2_by_dim
paper1_phaseB_v1,C:\Users\joedicke\Documents\reps\EvoODE\experiments\paper1_phaseB_v1\run_registry.csv,run_registry,238,record,40,2,pretune_on,2,0.9781073638985325,0.9771102941833505,True,True,-0.0009970697151819863,False,none,1.1102230246251565e-16,,reconstructed_from_r2_by_dim
paper1_phaseB_v1,C:\Users\joedicke\Documents\reps\EvoODE\experiments\paper1_phaseB_v1\run_registry.csv,run_registry,239,record,40,2,pretune_on,2,0.9667921828279968,0.9653002455344862,True,True,-0.0014919372935106034,False,none,0.0,,reconstructed_from_r2_by_dim
paper1_phaseB_v1,C:\Users\joedicke\Documents\reps\EvoODE\experiments\paper1_phaseB_v1\run_registry.csv,run_registry,240,record,41,2,pretune_on,1,0.7608722723469257,0.7956437709273616,False,False,0.03477149858043593,False,none,0.0,,reconstructed_from_r2_by_dim
paper1_phaseB_v1,C:\Users\joedicke\Documents\reps\EvoODE\experiments\paper1_phaseB_v1\run_registry.csv,run_registry,241,record,41,2,pretune_on,1,0.7608722723469257,0.7956437709273616,False,False,0.03477149858043593,False,none,0.0,,reconstructed_from_r2_by_dim
paper1_phaseB_v1,C:\Users\joedicke\Documents\reps\EvoODE\experiments\paper1_phaseB_v1\run_registry.csv,run_registry,242,record,41,2,pretune_on,1,0.7608722723469257,0.7956437709273616,False,False,0.03477149858043593,False,none,0.0,,reconstructed_from_r2_by_dim
paper1_phaseB_v1,C:\Users\joedicke\Documents\reps\EvoODE\experiments\paper1_phaseB_v1\run_registry.csv,run_registry,243,record,41,2,pretune_on,2,0.94723816108409,0.9608404740005412,True,True,0.013602312916451198,False,none,0.0,,reconstructed_from_r2_by_dim
paper1_phaseB_v1,C:\Users\joedicke\Documents\reps\EvoODE\experiments\paper1_phaseB_v1\run_registry.csv,run_registry,244,record,41,2,pretune_on,2,0.94723816108409,0.9608404740005412,True,True,0.013602312916451198,False,none,0.0,,reconstructed_from_r2_by_dim
paper1_phaseB_v1,C:\Users\joedicke\Documents\reps\EvoODE\experiments\paper1_phaseB_v1\run_registry.csv,run_registry,245,record,41,2,pretune_on,2,0.94723816108409,0.9608404740005412,True,True,0.013602312916451198,False,none,0.0,,reconstructed_from_r2_by_dim
paper1_phaseB_v1,C:\Users\joedicke\Documents\reps\EvoODE\experiments\paper1_phaseB_v1\run_registry.csv,run_registry,246,record,42,2,pretune_on,1,0.8927418308230102,0.9146329755913619,False,True,0.021891144768351745,True,arithmetic_le_0_9_to_variance_weighted_gt_0_9,0.0,,reconstructed_from_r2_by_dim
paper1_phaseB_v1,C:\Users\joedicke\Documents\reps\EvoODE\experiments\paper1_phaseB_v1\run_registry.csv,run_registry,247,record,42,2,pretune_on,1,0.8927418308230102,0.9146329755913619,False,True,0.021891144768351745,True,arithmetic_le_0_9_to_variance_weighted_gt_0_9,0.0,,reconstructed_from_r2_by_dim
paper1_phaseB_v1,C:\Users\joedicke\Documents\reps\EvoODE\experiments\paper1_phaseB_v1\run_registry.csv,run_registry,248,record,42,2,pretune_on,1,0.8927418308230102,0.9146329755913619,False,True,0.021891144768351745,True,arithmetic_le_0_9_to_variance_weighted_gt_0_9,0.0,,reconstructed_from_r2_by_dim
paper1_phaseB_v1,C:\Users\joedicke\Documents\reps\EvoODE\experiments\paper1_phaseB_v1\run_registry.csv,run_registry,249,record,42,2,pretune_on,2,0.9656754497784726,0.9732118246031051,True,True,0.00753637482463243,False,none,0.0,,reconstructed_from_r2_by_dim
paper1_phaseB_v1,C:\Users\joedicke\Documents\reps\EvoODE\experiments\paper1_phaseB_v1\run_registry.csv,run_registry,250,record,42,2,pretune_on,2,0.9656754497784726,0.9732118246031051,True,True,0.00753637482463243,False,none,0.0,,reconstructed_from_r2_by_dim
paper1_phaseB_v1,C:\Users\joedicke\Documents\reps\EvoODE\experiments\paper1_phaseB_v1\run_registry.csv,run_registry,251,record,42,2,pretune_on,2,0.9656754497784726,0.9732118246031051,True,True,0.00753637482463243,False,none,0.0,,reconstructed_from_r2_by_dim
paper1_phaseB_v1,C:\Users\joedicke\Documents\reps\EvoODE\experiments\paper1_phaseB_v1\run_registry.csv,run_registry,252,record,43,2,pretune_on,1,0.9813964242445744,0.9989385641423963,True,True,0.01754213989782194,False,none,0.0,,reconstructed_from_r2_by_dim
paper1_phaseB_v1,C:\Users\joedicke\Documents\reps\EvoODE\experiments\paper1_phaseB_v1\run_registry.csv,run_registry,253,record,43,2,pretune_on,1,0.9813964242445744,0.9989385641423963,True,True,0.01754213989782194,False,none,0.0,,reconstructed_from_r2_by_dim
paper1_phaseB_v1,C:\Users\joedicke\Documents\reps\EvoODE\experiments\paper1_phaseB_v1\run_registry.csv,run_registry,254,record,43,2,pretune_on,1,0.9813964242445744,0.9989385641423963,True,True,0.01754213989782194,False,none,0.0,,reconstructed_from_r2_by_dim
paper1_phaseB_v1,C:\Users\joedicke\Documents\reps\EvoODE\experiments\paper1_phaseB_v1\run_registry.csv,run_registry,255,record,43,2,pretune_on,2,0.9932269570594368,0.9998839856889292,True,True,0.006657028629492467,False,none,0.0,,reconstructed_from_r2_by_dim
paper1_phaseB_v1,C:\Users\joedicke\Documents\reps\EvoODE\experiments\paper1_phaseB_v1\run_registry.csv,run_registry,256,record,43,2,pretune_on,2,0.9932269570594368,0.9998839856889292,True,True,0.006657028629492467,False,none,0.0,,reconstructed_from_r2_by_dim
paper1_phaseB_v1,C:\Users\joedicke\Documents\reps\EvoODE\experiments\paper1_phaseB_v1\run_registry.csv,run_registry,257,record,43,2,pretune_on,2,0.9932269570594368,0.9998839856889292,True,True,0.006657028629492467,False,none,0.0,,reconstructed_from_r2_by_dim
paper1_phaseB_v1,C:\Users\joedicke\Documents\reps\EvoODE\experiments\paper1_phaseB_v1\run_registry.csv,run_registry,258,record,44,2,pretune_on,1,0.9974784996407405,0.9998979500135714,True,True,0.002419450372830867,False,none,1.1102230246251565e-16,,reconstructed_from_r2_by_dim
paper1_phaseB_v1,C:\Users\joedicke\Documents\reps\EvoODE\experiments\paper1_phaseB_v1\run_registry.csv,run_registry,259,record,44,2,pretune_on,1,0.9974784996407405,0.9998979500135714,True,True,0.002419450372830867,False,none,1.1102230246251565e-16,,reconstructed_from_r2_by_dim
paper1_phaseB_v1,C:\Users\joedicke\Documents\reps\EvoODE\experiments\paper1_phaseB_v1\run_registry.csv,run_registry,260,record,44,2,pretune_on,1,0.9974784996407405,0.9998979500135714,True,True,0.002419450372830867,False,none,1.1102230246251565e-16,,reconstructed_from_r2_by_dim
paper1_phaseB_v1,C:\Users\joedicke\Documents\reps\EvoODE\experiments\paper1_phaseB_v1\run_registry.csv,run_registry,261,record,44,2,pretune_on,2,0.7762981959544637,0.9973179070562691,False,True,0.2210197111018054,True,arithmetic_le_0_9_to_variance_weighted_gt_0_9,0.0,,reconstructed_from_r2_by_dim
paper1_phaseB_v1,C:\Users\joedicke\Documents\reps\EvoODE\experiments\paper1_phaseB_v1\run_registry.csv,run_registry,262,record,44,2,pretune_on,2,0.7762981959544637,0.9973179070562691,False,True,0.2210197111018054,True,arithmetic_le_0_9_to_variance_weighted_gt_0_9,0.0,,reconstructed_from_r2_by_dim
paper1_phaseB_v1,C:\Users\joedicke\Documents\reps\EvoODE\experiments\paper1_phaseB_v1\run_registry.csv,run_registry,263,record,44,2,pretune_on,2,0.7762981959544637,0.9973179070562691,False,True,0.2210197111018054,True,arithmetic_le_0_9_to_variance_weighted_gt_0_9,0.0,,reconstructed_from_r2_by_dim
paper1_phaseB_v1,C:\Users\joedicke\Documents\reps\EvoODE\experiments\paper1_phaseB_v1\run_registry.csv,run_registry,264,record,45,2,pretune_on,1,0.9994120705149314,0.999572814392235,True,True,0.00016074387730358186,False,none,0.0,,reconstructed_from_r2_by_dim
paper1_phaseB_v1,C:\Users\joedicke\Documents\reps\EvoODE\experiments\paper1_phaseB_v1\run_registry.csv,run_registry,265,record,45,2,pretune_on,1,0.9994239456140777,0.9995901458483752,True,True,0.00016620023429758657,False,none,1.1102230246251565e-16,,reconstructed_from_r2_by_dim
paper1_phaseB_v1,C:\Users\joedicke\Documents\reps\EvoODE\experiments\paper1_phaseB_v1\run_registry.csv,run_registry,266,record,45,2,pretune_on,1,0.9994239456140777,0.9995901458483752,True,True,0.00016620023429758657,False,none,1.1102230246251565e-16,,reconstructed_from_r2_by_dim
paper1_phaseB_v1,C:\Users\joedicke\Documents\reps\EvoODE\experiments\paper1_phaseB_v1\run_registry.csv,run_registry,267,record,45,2,pretune_on,2,0.9257422937670639,0.9980569920986198,True,True,0.0723146983315559,False,none,1.1102230246251565e-16,,reconstructed_from_r2_by_dim
paper1_phaseB_v1,C:\Users\joedicke\Documents\reps\EvoODE\experiments\paper1_phaseB_v1\run_registry.csv,run_registry,268,record,45,2,pretune_on,2,0.9257422937670639,0.9980569920986198,True,True,0.0723146983315559,False,none,1.1102230246251565e-16,,reconstructed_from_r2_by_dim
paper1_phaseB_v1,C:\Users\joedicke\Documents\reps\EvoODE\experiments\paper1_phaseB_v1\run_registry.csv,run_registry,269,record,45,2,pretune_on,2,0.9257422937670639,0.9980569920986198,True,True,0.0723146983315559,False,none,1.1102230246251565e-16,,reconstructed_from_r2_by_dim
paper1_phaseB_v1,C:\Users\joedicke\Documents\reps\EvoODE\experiments\paper1_phaseB_v1\run_registry.csv,run_registry,270,record,46,2,pretune_on,1,0.8088552114553671,0.949088547186294,False,True,0.1402333357309269,True,arithmetic_le_0_9_to_variance_weighted_gt_0_9,0.0,,reconstructed_from_r2_by_dim
paper1_phaseB_v1,C:\Users\joedicke\Documents\reps\EvoODE\experiments\paper1_phaseB_v1\run_registry.csv,run_registry,271,record,46,2,pretune_on,1,0.8088552114553671,0.949088547186294,False,True,0.1402333357309269,True,arithmetic_le_0_9_to_variance_weighted_gt_0_9,0.0,,reconstructed_from_r2_by_dim
paper1_phaseB_v1,C:\Users\joedicke\Documents\reps\EvoODE\experiments\paper1_phaseB_v1\run_registry.csv,run_registry,272,record,46,2,pretune_on,1,0.8088552114553671,0.949088547186294,False,True,0.1402333357309269,True,arithmetic_le_0_9_to_variance_weighted_gt_0_9,0.0,,reconstructed_from_r2_by_dim
paper1_phaseB_v1,C:\Users\joedicke\Documents\reps\EvoODE\experiments\paper1_phaseB_v1\run_registry.csv,run_registry,273,record,46,2,pretune_on,2,0.9964055080915211,0.9959491103581376,True,True,-0.00045639773338346235,False,none,1.1102230246251565e-16,,reconstructed_from_r2_by_dim
paper1_phaseB_v1,C:\Users\joedicke\Documents\reps\EvoODE\experiments\paper1_phaseB_v1\run_registry.csv,run_registry,274,record,46,2,pretune_on,2,0.9964055080915211,0.9959491103581376,True,True,-0.00045639773338346235,False,none,1.1102230246251565e-16,,reconstructed_from_r2_by_dim
paper1_phaseB_v1,C:\Users\joedicke\Documents\reps\EvoODE\experiments\paper1_phaseB_v1\run_registry.csv,run_registry,275,record,46,2,pretune_on,2,0.9964055080915211,0.9959491103581376,True,True,-0.00045639773338346235,False,none,1.1102230246251565e-16,,reconstructed_from_r2_by_dim
paper1_phaseB_v1,C:\Users\joedicke\Documents\reps\EvoODE\experiments\paper1_phaseB_v1\run_registry.csv,run_registry,276,record,47,2,pretune_on,1,0.7516371074749462,0.7534530418682012,False,False,0.0018159343932550032,False,none,0.0,,reconstructed_from_r2_by_dim
paper1_phaseB_v1,C:\Users\joedicke\Documents\reps\EvoODE\experiments\paper1_phaseB_v1\run_registry.csv,run_registry,277,record,47,2,pretune_on,1,0.7516371074749462,0.7534530418682012,False,False,0.0018159343932550032,False,none,0.0,,reconstructed_from_r2_by_dim
paper1_phaseB_v1,C:\Users\joedicke\Documents\reps\EvoODE\experiments\paper1_phaseB_v1\run_registry.csv,run_registry,278,record,47,2,pretune_on,1,0.7516371074749462,0.7534530418682012,False,False,0.0018159343932550032,False,none,0.0,,reconstructed_from_r2_by_dim
paper1_phaseB_v1,C:\Users\joedicke\Documents\reps\EvoODE\experiments\paper1_phaseB_v1\run_registry.csv,run_registry,279,record,47,2,pretune_on,2,0.9995612477860119,0.9997914426918748,True,True,0.0002301949058629571,False,none,1.1102230246251565e-16,,reconstructed_from_r2_by_dim
paper1_phaseB_v1,C:\Users\joedicke\Documents\reps\EvoODE\experiments\paper1_phaseB_v1\run_registry.csv,run_registry,280,record,47,2,pretune_on,2,0.9995612477860119,0.9997914426918748,True,True,0.0002301949058629571,False,none,1.1102230246251565e-16,,reconstructed_from_r2_by_dim
paper1_phaseB_v1,C:\Users\joedicke\Documents\reps\EvoODE\experiments\paper1_phaseB_v1\run_registry.csv,run_registry,281,record,47,2,pretune_on,2,0.9995612477860119,0.9997914426918748,True,True,0.0002301949058629571,False,none,1.1102230246251565e-16,,reconstructed_from_r2_by_dim
paper1_phaseB_v1,C:\Users\joedicke\Documents\reps\EvoODE\experiments\paper1_phaseB_v1\run_registry.csv,run_registry,282,record,48,2,pretune_on,1,0.9974737773704121,0.999044000151396,True,True,0.0015702227809839542,False,none,1.1102230246251565e-16,,reconstructed_from_r2_by_dim
paper1_phaseB_v1,C:\Users\joedicke\Documents\reps\EvoODE\experiments\paper1_phaseB_v1\run_registry.csv,run_registry,283,record,48,2,pretune_on,1,0.9974737773704121,0.999044000151396,True,True,0.0015702227809839542,False,none,1.1102230246251565e-16,,reconstructed_from_r2_by_dim
paper1_phaseB_v1,C:\Users\joedicke\Documents\reps\EvoODE\experiments\paper1_phaseB_v1\run_registry.csv,run_registry,284,record,48,2,pretune_on,1,0.9974737773704121,0.999044000151396,True,True,0.0015702227809839542,False,none,1.1102230246251565e-16,,reconstructed_from_r2_by_dim
paper1_phaseB_v1,C:\Users\joedicke\Documents\reps\EvoODE\experiments\paper1_phaseB_v1\run_registry.csv,run_registry,285,record,48,2,pretune_on,2,0.998380932185793,0.9993949946585178,True,True,0.0010140624727247305,False,none,0.0,,reconstructed_from_r2_by_dim
paper1_phaseB_v1,C:\Users\joedicke\Documents\reps\EvoODE\experiments\paper1_phaseB_v1\run_registry.csv,run_registry,286,record,48,2,pretune_on,2,0.998380932185793,0.9993949946585178,True,True,0.0010140624727247305,False,none,0.0,,reconstructed_from_r2_by_dim
paper1_phaseB_v1,C:\Users\joedicke\Documents\reps\EvoODE\experiments\paper1_phaseB_v1\run_registry.csv,run_registry,287,record,48,2,pretune_on,2,0.998380932185793,0.9993949946585178,True,True,0.0010140624727247305,False,none,0.0,,reconstructed_from_r2_by_dim
paper1_phaseB_v1,C:\Users\joedicke\Documents\reps\EvoODE\experiments\paper1_phaseB_v1\run_registry.csv,run_registry,288,record,49,2,pretune_on,1,0.9570680461861774,0.9689806149463345,True,True,0.011912568760157116,False,none,0.0,,reconstructed_from_r2_by_dim
paper1_phaseB_v1,C:\Users\joedicke\Documents\reps\EvoODE\experiments\paper1_phaseB_v1\run_registry.csv,run_registry,289,record,49,2,pretune_on,1,0.9570680461861774,0.9689806149463345,True,True,0.011912568760157116,False,none,0.0,,reconstructed_from_r2_by_dim
paper1_phaseB_v1,C:\Users\joedicke\Documents\reps\EvoODE\experiments\paper1_phaseB_v1\run_registry.csv,run_registry,290,record,49,2,pretune_on,1,0.9570680461861774,0.9689806149463345,True,True,0.011912568760157116,False,none,0.0,,reconstructed_from_r2_by_dim
paper1_phaseB_v1,C:\Users\joedicke\Documents\reps\EvoODE\experiments\paper1_phaseB_v1\run_registry.csv,run_registry,291,record,49,2,pretune_on,2,0.9789054877726844,0.988962872840617,True,True,0.010057385067932634,False,none,0.0,,reconstructed_from_r2_by_dim
paper1_phaseB_v1,C:\Users\joedicke\Documents\reps\EvoODE\experiments\paper1_phaseB_v1\run_registry.csv,run_registry,292,record,49,2,pretune_on,2,0.9789054877726844,0.988962872840617,True,True,0.010057385067932634,False,none,0.0,,reconstructed_from_r2_by_dim
paper1_phaseB_v1,C:\Users\joedicke\Documents\reps\EvoODE\experiments\paper1_phaseB_v1\run_registry.csv,run_registry,293,record,49,2,pretune_on,2,0.9789054877726844,0.988962872840617,True,True,0.010057385067932634,False,none,0.0,,reconstructed_from_r2_by_dim
paper1_phaseB_v1,C:\Users\joedicke\Documents\reps\EvoODE\experiments\paper1_phaseB_v1\run_registry.csv,run_registry,294,record,50,2,pretune_on,1,0.9761880949317819,0.974363770324107,True,True,-0.0018243246076748987,False,none,1.1102230246251565e-16,,reconstructed_from_r2_by_dim
paper1_phaseB_v1,C:\Users\joedicke\Documents\reps\EvoODE\experiments\paper1_phaseB_v1\run_registry.csv,run_registry,295,record,50,2,pretune_on,1,0.8930723296333988,0.9005481766737348,False,True,0.007475847040335992,True,arithmetic_le_0_9_to_variance_weighted_gt_0_9,0.0,,reconstructed_from_r2_by_dim
paper1_phaseB_v1,C:\Users\joedicke\Documents\reps\EvoODE\experiments\paper1_phaseB_v1\run_registry.csv,run_registry,296,record,50,2,pretune_on,1,0.8930723296333988,0.9005481766737348,False,True,0.007475847040335992,True,arithmetic_le_0_9_to_variance_weighted_gt_0_9,0.0,,reconstructed_from_r2_by_dim
paper1_phaseB_v1,C:\Users\joedicke\Documents\reps\EvoODE\experiments\paper1_phaseB_v1\run_registry.csv,run_registry,297,record,50,2,pretune_on,2,0.9137355251605057,0.9115228959506966,True,True,-0.002212629209809136,False,none,1.1102230246251565e-16,,reconstructed_from_r2_by_dim
paper1_phaseB_v1,C:\Users\joedicke\Documents\reps\EvoODE\experiments\paper1_phaseB_v1\run_registry.csv,run_registry,298,record,50,2,pretune_on,2,0.9137355251605057,0.9115228959506966,True,True,-0.002212629209809136,False,none,1.1102230246251565e-16,,reconstructed_from_r2_by_dim
paper1_phaseB_v1,C:\Users\joedicke\Documents\reps\EvoODE\experiments\paper1_phaseB_v1\run_registry.csv,run_registry,299,record,50,2,pretune_on,2,0.9137355251605057,0.9115228959506966,True,True,-0.002212629209809136,False,none,1.1102230246251565e-16,,reconstructed_from_r2_by_dim
paper1_phaseB_v1,C:\Users\joedicke\Documents\reps\EvoODE\experiments\paper1_phaseB_v1\run_registry.csv,run_registry,300,record,51,2,pretune_on,1,0.9990982954298507,0.9991270775447088,True,True,2.878211485801696e-05,False,none,1.1102230246251565e-16,,reconstructed_from_r2_by_dim
paper1_phaseB_v1,C:\Users\joedicke\Documents\reps\EvoODE\experiments\paper1_phaseB_v1\run_registry.csv,run_registry,301,record,51,2,pretune_on,1,0.9990982954298507,0.9991270775447088,True,True,2.878211485801696e-05,False,none,1.1102230246251565e-16,,reconstructed_from_r2_by_dim
paper1_phaseB_v1,C:\Users\joedicke\Documents\reps\EvoODE\experiments\paper1_phaseB_v1\run_registry.csv,run_registry,302,record,51,2,pretune_on,1,0.9990982954298507,0.9991270775447088,True,True,2.878211485801696e-05,False,none,1.1102230246251565e-16,,reconstructed_from_r2_by_dim
paper1_phaseB_v1,C:\Users\joedicke\Documents\reps\EvoODE\experiments\paper1_phaseB_v1\run_registry.csv,run_registry,303,record,51,2,pretune_on,2,0.9824579163031739,0.9877381334569467,True,True,0.005280217153772804,False,none,1.1102230246251565e-16,,reconstructed_from_r2_by_dim
paper1_phaseB_v1,C:\Users\joedicke\Documents\reps\EvoODE\experiments\paper1_phaseB_v1\run_registry.csv,run_registry,304,record,51,2,pretune_on,2,0.9824579163031739,0.9877381334569467,True,True,0.005280217153772804,False,none,1.1102230246251565e-16,,reconstructed_from_r2_by_dim
paper1_phaseB_v1,C:\Users\joedicke\Documents\reps\EvoODE\experiments\paper1_phaseB_v1\run_registry.csv,run_registry,305,record,51,2,pretune_on,2,0.9824579163031739,0.9877381334569467,True,True,0.005280217153772804,False,none,1.1102230246251565e-16,,reconstructed_from_r2_by_dim
paper1_phaseB_v1,C:\Users\joedicke\Documents\reps\EvoODE\experiments\paper1_phaseB_v1\run_registry.csv,run_registry,306,record,52,3,pretune_on,1,0.9868231901137962,0.9863798284957201,True,True,-0.00044336161807601027,False,none,0.0,,reconstructed_from_r2_by_dim
paper1_phaseB_v1,C:\Users\joedicke\Documents\reps\EvoODE\experiments\paper1_phaseB_v1\run_registry.csv,run_registry,307,record,52,3,pretune_on,1,0.9868231901137962,0.9863798284957201,True,True,-0.00044336161807601027,False,none,0.0,,reconstructed_from_r2_by_dim
paper1_phaseB_v1,C:\Users\joedicke\Documents\reps\EvoODE\experiments\paper1_phaseB_v1\run_registry.csv,run_registry,308,record,52,3,pretune_on,1,0.7041643989338842,0.8964906104308517,False,False,0.1923262114969675,False,none,0.0,,reconstructed_from_r2_by_dim
paper1_phaseB_v1,C:\Users\joedicke\Documents\reps\EvoODE\experiments\paper1_phaseB_v1\run_registry.csv,run_registry,309,record,52,3,pretune_on,2,0.6330063386206549,0.9024318831794028,False,True,0.2694255445587479,True,arithmetic_le_0_9_to_variance_weighted_gt_0_9,0.0,,reconstructed_from_r2_by_dim
paper1_phaseB_v1,C:\Users\joedicke\Documents\reps\EvoODE\experiments\paper1_phaseB_v1\run_registry.csv,run_registry,310,record,52,3,pretune_on,2,0.549919174473981,0.8898470687230846,False,False,0.33992789424910363,False,none,0.0,,reconstructed_from_r2_by_dim
paper1_phaseB_v1,C:\Users\joedicke\Documents\reps\EvoODE\experiments\paper1_phaseB_v1\run_registry.csv,run_registry,311,record,52,3,pretune_on,2,0.549919174473981,0.8898470687230846,False,False,0.33992789424910363,False,none,0.0,,reconstructed_from_r2_by_dim
paper1_phaseB_v1,C:\Users\joedicke\Documents\reps\EvoODE\experiments\paper1_phaseB_v1\run_registry.csv,run_registry,312,record,53,3,pretune_on,1,0.5251072337861785,0.9984489561408715,False,True,0.47334172235469296,True,arithmetic_le_0_9_to_variance_weighted_gt_0_9,0.0,,reconstructed_from_r2_by_dim
paper1_phaseB_v1,C:\Users\joedicke\Documents\reps\EvoODE\experiments\paper1_phaseB_v1\run_registry.csv,run_registry,313,record,53,3,pretune_on,1,0.5273430441830439,0.9984508114883457,False,True,0.4711077673053018,True,arithmetic_le_0_9_to_variance_weighted_gt_0_9,0.0,,reconstructed_from_r2_by_dim
paper1_phaseB_v1,C:\Users\joedicke\Documents\reps\EvoODE\experiments\paper1_phaseB_v1\run_registry.csv,run_registry,314,record,53,3,pretune_on,1,0.5314985619740727,0.9984345463636269,False,True,0.4669359843895542,True,arithmetic_le_0_9_to_variance_weighted_gt_0_9,0.0,,reconstructed_from_r2_by_dim
paper1_phaseB_v1,C:\Users\joedicke\Documents\reps\EvoODE\experiments\paper1_phaseB_v1\run_registry.csv,run_registry,315,record,53,3,pretune_on,2,0.967062005150586,0.998590015763221,True,True,0.031528010612634993,False,none,0.0,,reconstructed_from_r2_by_dim
paper1_phaseB_v1,C:\Users\joedicke\Documents\reps\EvoODE\experiments\paper1_phaseB_v1\run_registry.csv,run_registry,316,record,53,3,pretune_on,2,0.967062005150586,0.998590015763221,True,True,0.031528010612634993,False,none,0.0,,reconstructed_from_r2_by_dim
paper1_phaseB_v1,C:\Users\joedicke\Documents\reps\EvoODE\experiments\paper1_phaseB_v1\run_registry.csv,run_registry,317,record,53,3,pretune_on,2,0.9660759588270742,0.9986143379107367,True,True,0.03253837908366253,False,none,0.0,,reconstructed_from_r2_by_dim
paper1_phaseB_v1,C:\Users\joedicke\Documents\reps\EvoODE\experiments\paper1_phaseB_v1\run_registry.csv,run_registry,318,record,54,3,pretune_on,1,0.9987005226386748,0.998830423221551,True,True,0.00012990058287620787,False,none,0.0,,reconstructed_from_r2_by_dim
paper1_phaseB_v1,C:\Users\joedicke\Documents\reps\EvoODE\experiments\paper1_phaseB_v1\run_registry.csv,run_registry,319,record,54,3,pretune_on,1,0.9999023915989543,0.9999214199049599,True,True,1.9028306005530737e-05,False,none,1.1102230246251565e-16,,reconstructed_from_r2_by_dim
paper1_phaseB_v1,C:\Users\joedicke\Documents\reps\EvoODE\experiments\paper1_phaseB_v1\run_registry.csv,run_registry,320,record,54,3,pretune_on,1,0.9994300701561517,0.9992925978277125,True,True,-0.0001374723284391921,False,none,1.1102230246251565e-16,,reconstructed_from_r2_by_dim
paper1_phaseB_v1,C:\Users\joedicke\Documents\reps\EvoODE\experiments\paper1_phaseB_v1\run_registry.csv,run_registry,321,record,54,3,pretune_on,2,0.9541839871597922,0.9633699283682745,True,True,0.009185941208482262,False,none,0.0,,reconstructed_from_r2_by_dim
paper1_phaseB_v1,C:\Users\joedicke\Documents\reps\EvoODE\experiments\paper1_phaseB_v1\run_registry.csv,run_registry,322,record,54,3,pretune_on,2,0.9541839871597922,0.9633699283682745,True,True,0.009185941208482262,False,none,0.0,,reconstructed_from_r2_by_dim
paper1_phaseB_v1,C:\Users\joedicke\Documents\reps\EvoODE\experiments\paper1_phaseB_v1\run_registry.csv,run_registry,323,record,54,3,pretune_on,2,0.9541839871597922,0.9633699283682745,True,True,0.009185941208482262,False,none,0.0,,reconstructed_from_r2_by_dim
paper1_phaseB_v1,C:\Users\joedicke\Documents\reps\EvoODE\experiments\paper1_phaseB_v1\run_registry.csv,run_registry,324,record,55,3,pretune_on,1,0.25774714334597404,0.281340542635906,False,False,0.023593399289931982,False,none,5.551115123125783e-17,,reconstructed_from_r2_by_dim
paper1_phaseB_v1,C:\Users\joedicke\Documents\reps\EvoODE\experiments\paper1_phaseB_v1\run_registry.csv,run_registry,325,record,55,3,pretune_on,1,0.25033585608396297,0.2215663668576111,False,False,-0.028769489226351863,False,none,5.551115123125783e-17,,reconstructed_from_r2_by_dim
paper1_phaseB_v1,C:\Users\joedicke\Documents\reps\EvoODE\experiments\paper1_phaseB_v1\run_registry.csv,run_registry,326,record,55,3,pretune_on,1,0.1859302057454788,0.19213035325384853,False,False,0.006200147508369724,False,none,0.0,,reconstructed_from_r2_by_dim
paper1_phaseB_v1,C:\Users\joedicke\Documents\reps\EvoODE\experiments\paper1_phaseB_v1\run_registry.csv,run_registry,327,record,55,3,pretune_on,2,0.3501835550077527,0.3394968836296746,False,False,-0.010686671378078105,False,none,0.0,,reconstructed_from_r2_by_dim
paper1_phaseB_v1,C:\Users\joedicke\Documents\reps\EvoODE\experiments\paper1_phaseB_v1\run_registry.csv,run_registry,328,record,55,3,pretune_on,2,0.19208035288485073,0.18588062132769095,False,False,-0.006199731557159777,False,none,2.7755575615628914e-17,,reconstructed_from_r2_by_dim
paper1_phaseB_v1,C:\Users\joedicke\Documents\reps\EvoODE\experiments\paper1_phaseB_v1\run_registry.csv,run_registry,329,record,55,3,pretune_on,2,0.42691528630938497,0.38290602733854245,False,False,-0.04400925897084251,False,none,5.551115123125783e-17,,reconstructed_from_r2_by_dim
paper1_phaseB_v1,C:\Users\joedicke\Documents\reps\EvoODE\experiments\paper1_phaseB_v1\run_registry.csv,run_registry,330,record,56,3,pretune_on,1,0.3681748061237777,0.3879467861301753,False,False,0.019771980006397627,False,none,0.0,,reconstructed_from_r2_by_dim
paper1_phaseB_v1,C:\Users\joedicke\Documents\reps\EvoODE\experiments\paper1_phaseB_v1\run_registry.csv,run_registry,331,record,56,3,pretune_on,1,0.41711428696999375,0.41013926696908226,False,False,-0.0069750200009114915,False,none,5.551115123125783e-17,,reconstructed_from_r2_by_dim
paper1_phaseB_v1,C:\Users\joedicke\Documents\reps\EvoODE\experiments\paper1_phaseB_v1\run_registry.csv,run_registry,332,record,56,3,pretune_on,1,0.3533824171924637,0.3742872323749737,False,False,0.020904815182509973,False,none,0.0,,reconstructed_from_r2_by_dim
paper1_phaseB_v1,C:\Users\joedicke\Documents\reps\EvoODE\experiments\paper1_phaseB_v1\run_registry.csv,run_registry,333,record,56,3,pretune_on,2,0.2472054579233243,0.25623753000810306,False,False,0.00903207208477877,False,none,0.0,,reconstructed_from_r2_by_dim
paper1_phaseB_v1,C:\Users\joedicke\Documents\reps\EvoODE\experiments\paper1_phaseB_v1\run_registry.csv,run_registry,334,record,56,3,pretune_on,2,0.23695158709714248,0.23380697437845352,False,False,-0.0031446127186889605,False,none,8.326672684688674e-17,,reconstructed_from_r2_by_dim
paper1_phaseB_v1,C:\Users\joedicke\Documents\reps\EvoODE\experiments\paper1_phaseB_v1\run_registry.csv,run_registry,335,record,56,3,pretune_on,2,0.300788501404931,0.2916650927892038,False,False,-0.009123408615727246,False,none,0.0,,reconstructed_from_r2_by_dim
paper1_phaseB_v1,C:\Users\joedicke\Documents\reps\EvoODE\experiments\paper1_phaseB_v1\run_registry.csv,run_registry,336,record,57,3,pretune_on,1,0.795283302190929,0.9928901122694586,False,True,0.19760681007852954,True,arithmetic_le_0_9_to_variance_weighted_gt_0_9,0.0,,reconstructed_from_r2_by_dim
paper1_phaseB_v1,C:\Users\joedicke\Documents\reps\EvoODE\experiments\paper1_phaseB_v1\run_registry.csv,run_registry,337,record,57,3,pretune_on,1,0.788539879109449,0.9928048263834275,False,True,0.20426494727397848,True,arithmetic_le_0_9_to_variance_weighted_gt_0_9,0.0,,reconstructed_from_r2_by_dim
paper1_phaseB_v1,C:\Users\joedicke\Documents\reps\EvoODE\experiments\paper1_phaseB_v1\run_registry.csv,run_registry,338,record,57,3,pretune_on,1,0.7900614913388195,0.9950234072435604,False,True,0.2049619159047409,True,arithmetic_le_0_9_to_variance_weighted_gt_0_9,0.0,,reconstructed_from_r2_by_dim
paper1_phaseB_v1,C:\Users\joedicke\Documents\reps\EvoODE\experiments\paper1_phaseB_v1\run_registry.csv,run_registry,339,record,57,3,pretune_on,2,0.9395566135770991,0.9977511214092006,True,True,0.05819450783210156,False,none,1.1102230246251565e-16,,reconstructed_from_r2_by_dim
paper1_phaseB_v1,C:\Users\joedicke\Documents\reps\EvoODE\experiments\paper1_phaseB_v1\run_registry.csv,run_registry,340,record,57,3,pretune_on,2,0.9390801391306316,0.9975056675309767,True,True,0.058425528400345095,False,none,0.0,,reconstructed_from_r2_by_dim
paper1_phaseB_v1,C:\Users\joedicke\Documents\reps\EvoODE\experiments\paper1_phaseB_v1\run_registry.csv,run_registry,341,record,57,3,pretune_on,2,0.939560725386927,0.9977441318299557,True,True,0.05818340644302866,False,none,0.0,,reconstructed_from_r2_by_dim
paper1_phaseB_v1,C:\Users\joedicke\Documents\reps\EvoODE\experiments\paper1_phaseB_v1\run_registry.csv,run_registry,342,record,58,3,pretune_on,1,0.92774562789956,0.9970736550010999,True,True,0.06932802710153985,False,none,0.0,,reconstructed_from_r2_by_dim
paper1_phaseB_v1,C:\Users\joedicke\Documents\reps\EvoODE\experiments\paper1_phaseB_v1\run_registry.csv,run_registry,343,record,58,3,pretune_on,1,0.92774562789956,0.9970736550010999,True,True,0.06932802710153985,False,none,0.0,,reconstructed_from_r2_by_dim
paper1_phaseB_v1,C:\Users\joedicke\Documents\reps\EvoODE\experiments\paper1_phaseB_v1\run_registry.csv,run_registry,344,record,58,3,pretune_on,1,0.92774562789956,0.9970736550010999,True,True,0.06932802710153985,False,none,0.0,,reconstructed_from_r2_by_dim
paper1_phaseB_v1,C:\Users\joedicke\Documents\reps\EvoODE\experiments\paper1_phaseB_v1\run_registry.csv,run_registry,345,record,58,3,pretune_on,2,0.9365425601469384,0.9973852548158325,True,True,0.06084269466889414,False,none,0.0,,reconstructed_from_r2_by_dim
paper1_phaseB_v1,C:\Users\joedicke\Documents\reps\EvoODE\experiments\paper1_phaseB_v1\run_registry.csv,run_registry,346,record,58,3,pretune_on,2,0.9368103992965143,0.9974065456692317,True,True,0.060596146372717374,False,none,1.1102230246251565e-16,,reconstructed_from_r2_by_dim
paper1_phaseB_v1,C:\Users\joedicke\Documents\reps\EvoODE\experiments\paper1_phaseB_v1\run_registry.csv,run_registry,347,record,58,3,pretune_on,2,0.9365040652053608,0.9973783230289621,True,True,0.06087425782360134,False,none,0.0,,reconstructed_from_r2_by_dim
paper1_phaseB_v1,C:\Users\joedicke\Documents\reps\EvoODE\experiments\paper1_phaseB_v1\run_registry.csv,run_registry,348,record,59,3,pretune_on,1,0.7861122274412042,0.9074778200880095,False,True,0.12136559264680524,True,arithmetic_le_0_9_to_variance_weighted_gt_0_9,0.0,,reconstructed_from_r2_by_dim
paper1_phaseB_v1,C:\Users\joedicke\Documents\reps\EvoODE\experiments\paper1_phaseB_v1\run_registry.csv,run_registry,349,record,59,3,pretune_on,1,0.8144044564865743,0.9191660188070466,False,True,0.10476156232047229,True,arithmetic_le_0_9_to_variance_weighted_gt_0_9,0.0,,reconstructed_from_r2_by_dim
paper1_phaseB_v1,C:\Users\joedicke\Documents\reps\EvoODE\experiments\paper1_phaseB_v1\run_registry.csv,run_registry,350,record,59,3,pretune_on,1,0.7784326804436014,0.9011638661195219,False,True,0.12273118567592056,True,arithmetic_le_0_9_to_variance_weighted_gt_0_9,0.0,,reconstructed_from_r2_by_dim
paper1_phaseB_v1,C:\Users\joedicke\Documents\reps\EvoODE\experiments\paper1_phaseB_v1\run_registry.csv,run_registry,351,record,59,3,pretune_on,2,0.8762639480219643,0.9570524376000334,False,True,0.08078848957806917,True,arithmetic_le_0_9_to_variance_weighted_gt_0_9,0.0,,reconstructed_from_r2_by_dim
paper1_phaseB_v1,C:\Users\joedicke\Documents\reps\EvoODE\experiments\paper1_phaseB_v1\run_registry.csv,run_registry,352,record,59,3,pretune_on,2,0.8644776977464451,0.956995159865743,False,True,0.0925174621192979,True,arithmetic_le_0_9_to_variance_weighted_gt_0_9,0.0,,reconstructed_from_r2_by_dim
paper1_phaseB_v1,C:\Users\joedicke\Documents\reps\EvoODE\experiments\paper1_phaseB_v1\run_registry.csv,run_registry,353,record,59,3,pretune_on,2,0.8644776977464451,0.956995159865743,False,True,0.0925174621192979,True,arithmetic_le_0_9_to_variance_weighted_gt_0_9,0.0,,reconstructed_from_r2_by_dim
paper1_phaseB_v1,C:\Users\joedicke\Documents\reps\EvoODE\experiments\paper1_phaseB_v1\run_registry.csv,run_registry,354,record,60,3,pretune_on,1,0.3240878270197948,0.567004722059418,False,False,0.24291689503962316,False,none,0.0,,reconstructed_from_r2_by_dim
paper1_phaseB_v1,C:\Users\joedicke\Documents\reps\EvoODE\experiments\paper1_phaseB_v1\run_registry.csv,run_registry,355,record,60,3,pretune_on,1,0.3312485672889103,0.5726341305032516,False,False,0.24138556321434135,False,none,0.0,,reconstructed_from_r2_by_dim
paper1_phaseB_v1,C:\Users\joedicke\Documents\reps\EvoODE\experiments\paper1_phaseB_v1\run_registry.csv,run_registry,356,record,60,3,pretune_on,1,0.33091577841267206,0.5723917140591668,False,False,0.24147593564649472,False,none,5.551115123125783e-17,,reconstructed_from_r2_by_dim
paper1_phaseB_v1,C:\Users\joedicke\Documents\reps\EvoODE\experiments\paper1_phaseB_v1\run_registry.csv,run_registry,357,record,60,3,pretune_on,2,0.5471207529861681,0.5330966502547949,False,False,-0.014024102731373222,False,none,0.0,,reconstructed_from_r2_by_dim
paper1_phaseB_v1,C:\Users\joedicke\Documents\reps\EvoODE\experiments\paper1_phaseB_v1\run_registry.csv,run_registry,358,record,60,3,pretune_on,2,0.5881834207829755,0.5537698944477526,False,False,-0.03441352633522288,False,none,0.0,,reconstructed_from_r2_by_dim
paper1_phaseB_v1,C:\Users\joedicke\Documents\reps\EvoODE\experiments\paper1_phaseB_v1\run_registry.csv,run_registry,359,record,60,3,pretune_on,2,0.5398602564390157,0.4885749139767536,False,False,-0.051285342462262073,False,none,0.0,,reconstructed_from_r2_by_dim
paper1_phaseB_v1,C:\Users\joedicke\Documents\reps\EvoODE\experiments\paper1_phaseB_v1\run_registry.csv,run_registry,360,record,61,3,pretune_on,1,0.040192321176983424,0.43886790696390243,False,False,0.39867558578691903,False,none,2.0816681711721685e-17,,reconstructed_from_r2_by_dim
paper1_phaseB_v1,C:\Users\joedicke\Documents\reps\EvoODE\experiments\paper1_phaseB_v1\run_registry.csv,run_registry,361,record,61,3,pretune_on,1,0.04947975883340431,0.4423022524779258,False,False,0.3928224936445215,False,none,6.938893903907228e-18,,reconstructed_from_r2_by_dim
paper1_phaseB_v1,C:\Users\joedicke\Documents\reps\EvoODE\experiments\paper1_phaseB_v1\run_registry.csv,run_registry,362,record,61,3,pretune_on,1,0.3044685608521749,0.5018550403654083,False,False,0.1973864795132334,False,none,0.0,,reconstructed_from_r2_by_dim
paper1_phaseB_v1,C:\Users\joedicke\Documents\reps\EvoODE\experiments\paper1_phaseB_v1\run_registry.csv,run_registry,363,record,61,3,pretune_on,2,0.46653852749474917,0.5589162280327301,False,False,0.09237770053798094,False,none,5.551115123125783e-17,,reconstructed_from_r2_by_dim
paper1_phaseB_v1,C:\Users\joedicke\Documents\reps\EvoODE\experiments\paper1_phaseB_v1\run_registry.csv,run_registry,364,record,61,3,pretune_on,2,0.14728727974626107,0.43069041327877505,False,False,0.283403133532514,False,none,8.326672684688674e-17,,reconstructed_from_r2_by_dim
paper1_phaseB_v1,C:\Users\joedicke\Documents\reps\EvoODE\experiments\paper1_phaseB_v1\run_registry.csv,run_registry,365,record,61,3,pretune_on,2,0.24457936985805798,0.4730976808601474,False,False,0.22851831100208944,False,none,8.326672684688674e-17,,reconstructed_from_r2_by_dim
paper1_phaseB_v1,C:\Users\joedicke\Documents\reps\EvoODE\experiments\paper1_phaseB_v1\run_registry.csv,run_registry,366,record,62,4,pretune_on,1,0.9995862498449193,0.9995194920324091,True,True,-6.675781251019863e-05,False,none,1.1102230246251565e-16,,reconstructed_from_r2_by_dim
paper1_phaseB_v1,C:\Users\joedicke\Documents\reps\EvoODE\experiments\paper1_phaseB_v1\run_registry.csv,run_registry,367,record,62,4,pretune_on,1,0.9998206740155824,0.999791386990629,True,True,-2.9287024953417173e-05,False,none,0.0,,reconstructed_from_r2_by_dim
paper1_phaseB_v1,C:\Users\joedicke\Documents\reps\EvoODE\experiments\paper1_phaseB_v1\run_registry.csv,run_registry,368,record,62,4,pretune_on,1,0.9994592857594935,0.9994377305304718,True,True,-2.155522902169693e-05,False,none,1.1102230246251565e-16,,reconstructed_from_r2_by_dim
paper1_phaseB_v1,C:\Users\joedicke\Documents\reps\EvoODE\experiments\paper1_phaseB_v1\run_registry.csv,run_registry,369,record,62,4,pretune_on,2,0.9284349097661746,0.9957549594497926,True,True,0.06732004968361804,False,none,0.0,,reconstructed_from_r2_by_dim
paper1_phaseB_v1,C:\Users\joedicke\Documents\reps\EvoODE\experiments\paper1_phaseB_v1\run_registry.csv,run_registry,370,record,62,4,pretune_on,2,0.9471558812584003,0.9849147756455224,True,True,0.0377588943871221,False,none,1.1102230246251565e-16,,reconstructed_from_r2_by_dim
paper1_phaseB_v1,C:\Users\joedicke\Documents\reps\EvoODE\experiments\paper1_phaseB_v1\run_registry.csv,run_registry,371,record,62,4,pretune_on,2,0.9994559634220228,0.9999676267905104,True,True,0.0005116633684876248,False,none,0.0,,reconstructed_from_r2_by_dim
paper1_phaseB_v1,C:\Users\joedicke\Documents\reps\EvoODE\experiments\paper1_phaseB_v1\run_registry.csv,run_registry,372,record,63,4,pretune_on,1,0.46888656368642057,0.8966123533230151,False,False,0.4277257896365946,False,none,5.551115123125783e-17,,reconstructed_from_r2_by_dim
paper1_phaseB_v1,C:\Users\joedicke\Documents\reps\EvoODE\experiments\paper1_phaseB_v1\run_registry.csv,run_registry,373,record,63,4,pretune_on,1,0.4921170072513048,0.9210677426726481,False,True,0.4289507354213433,True,arithmetic_le_0_9_to_variance_weighted_gt_0_9,0.0,,reconstructed_from_r2_by_dim
paper1_phaseB_v1,C:\Users\joedicke\Documents\reps\EvoODE\experiments\paper1_phaseB_v1\run_registry.csv,run_registry,374,record,63,4,pretune_on,1,0.1362481061363202,0.8074623530043573,False,False,0.6712142468680371,False,none,0.0,,reconstructed_from_r2_by_dim
paper1_phaseB_v1,C:\Users\joedicke\Documents\reps\EvoODE\experiments\paper1_phaseB_v1\run_registry.csv,run_registry,375,record,63,4,pretune_on,2,0.8981410020000756,0.9586543961173998,False,True,0.06051339411732415,True,arithmetic_le_0_9_to_variance_weighted_gt_0_9,0.0,,reconstructed_from_r2_by_dim
paper1_phaseB_v1,C:\Users\joedicke\Documents\reps\EvoODE\experiments\paper1_phaseB_v1\run_registry.csv,run_registry,376,record,63,4,pretune_on,2,0.8972990475294558,0.9579392429252639,False,True,0.060640195395808116,True,arithmetic_le_0_9_to_variance_weighted_gt_0_9,0.0,,reconstructed_from_r2_by_dim
paper1_phaseB_v1,C:\Users\joedicke\Documents\reps\EvoODE\experiments\paper1_phaseB_v1\run_registry.csv,run_registry,377,record,63,4,pretune_on,2,0.8744316148931981,0.9467792801397737,False,True,0.07234766524657565,True,arithmetic_le_0_9_to_variance_weighted_gt_0_9,0.0,,reconstructed_from_r2_by_dim
paper1_phaseB_v1,C:\Users\joedicke\Documents\reps\EvoODE\experiments\paper1_phaseB_v1\run_registry.csv,run_registry,378,record,1,1,pretune_off,1,0.9999880667019493,0.9999880667019493,True,True,0.0,False,none,1.1102230246251565e-16,0.0,reconstructed_from_r2_by_dim
paper1_phaseB_v1,C:\Users\joedicke\Documents\reps\EvoODE\experiments\paper1_phaseB_v1\run_registry.csv,run_registry,379,record,1,1,pretune_off,1,0.9999880667015916,0.9999880667015916,True,True,0.0,False,none,0.0,0.0,reconstructed_from_r2_by_dim
paper1_phaseB_v1,C:\Users\joedicke\Documents\reps\EvoODE\experiments\paper1_phaseB_v1\run_registry.csv,run_registry,380,record,1,1,pretune_off,1,0.9999880667013545,0.9999880667013544,True,True,-1.1102230246251565e-16,False,none,1.1102230246251565e-16,1.1102230246251565e-16,reconstructed_from_r2_by_dim
paper1_phaseB_v1,C:\Users\joedicke\Documents\reps\EvoODE\experiments\paper1_phaseB_v1\run_registry.csv,run_registry,381,record,1,1,pretune_off,2,0.9997791483178781,0.9997791483178781,True,True,0.0,False,none,1.1102230246251565e-16,0.0,reconstructed_from_r2_by_dim
paper1_phaseB_v1,C:\Users\joedicke\Documents\reps\EvoODE\experiments\paper1_phaseB_v1\run_registry.csv,run_registry,382,record,1,1,pretune_off,2,0.9997791483178072,0.9997791483178072,True,True,0.0,False,none,0.0,0.0,reconstructed_from_r2_by_dim
paper1_phaseB_v1,C:\Users\joedicke\Documents\reps\EvoODE\experiments\paper1_phaseB_v1\run_registry.csv,run_registry,383,record,1,1,pretune_off,2,0.9997791483178248,0.9997791483178248,True,True,0.0,False,none,0.0,0.0,reconstructed_from_r2_by_dim
paper1_phaseB_v1,C:\Users\joedicke\Documents\reps\EvoODE\experiments\paper1_phaseB_v1\run_registry.csv,run_registry,384,record,2,1,pretune_off,1,0.9999999999999862,0.9999999999999862,True,True,0.0,False,none,0.0,0.0,reconstructed_from_r2_by_dim
paper1_phaseB_v1,C:\Users\joedicke\Documents\reps\EvoODE\experiments\paper1_phaseB_v1\run_registry.csv,run_registry,385,record,2,1,pretune_off,1,0.9999999999999862,0.9999999999999862,True,True,0.0,False,none,0.0,0.0,reconstructed_from_r2_by_dim
paper1_phaseB_v1,C:\Users\joedicke\Documents\reps\EvoODE\experiments\paper1_phaseB_v1\run_registry.csv,run_registry,386,record,2,1,pretune_off,1,0.9999999999999862,0.9999999999999862,True,True,0.0,False,none,0.0,0.0,reconstructed_from_r2_by_dim
paper1_phaseB_v1,C:\Users\joedicke\Documents\reps\EvoODE\experiments\paper1_phaseB_v1\run_registry.csv,run_registry,387,record,2,1,pretune_off,2,0.999999999999986,0.999999999999986,True,True,0.0,False,none,0.0,0.0,reconstructed_from_r2_by_dim
paper1_phaseB_v1,C:\Users\joedicke\Documents\reps\EvoODE\experiments\paper1_phaseB_v1\run_registry.csv,run_registry,388,record,2,1,pretune_off,2,0.999999999999986,0.999999999999986,True,True,0.0,False,none,0.0,0.0,reconstructed_from_r2_by_dim
paper1_phaseB_v1,C:\Users\joedicke\Documents\reps\EvoODE\experiments\paper1_phaseB_v1\run_registry.csv,run_registry,389,record,2,1,pretune_off,2,0.999999999999986,0.999999999999986,True,True,0.0,False,none,0.0,0.0,reconstructed_from_r2_by_dim
paper1_phaseB_v1,C:\Users\joedicke\Documents\reps\EvoODE\experiments\paper1_phaseB_v1\run_registry.csv,run_registry,390,record,3,1,pretune_off,1,0.9999999999850032,0.9999999999850032,True,True,0.0,False,none,0.0,0.0,reconstructed_from_r2_by_dim
paper1_phaseB_v1,C:\Users\joedicke\Documents\reps\EvoODE\experiments\paper1_phaseB_v1\run_registry.csv,run_registry,391,record,3,1,pretune_off,1,0.9999999999997785,0.9999999999997785,True,True,0.0,False,none,1.1102230246251565e-16,0.0,reconstructed_from_r2_by_dim
paper1_phaseB_v1,C:\Users\joedicke\Documents\reps\EvoODE\experiments\paper1_phaseB_v1\run_registry.csv,run_registry,392,record,3,1,pretune_off,1,0.9999999999975588,0.9999999999975588,True,True,0.0,False,none,0.0,0.0,reconstructed_from_r2_by_dim
paper1_phaseB_v1,C:\Users\joedicke\Documents\reps\EvoODE\experiments\paper1_phaseB_v1\run_registry.csv,run_registry,393,record,3,1,pretune_off,2,0.9999999999716013,0.9999999999716013,True,True,0.0,False,none,1.1102230246251565e-16,0.0,reconstructed_from_r2_by_dim
paper1_phaseB_v1,C:\Users\joedicke\Documents\reps\EvoODE\experiments\paper1_phaseB_v1\run_registry.csv,run_registry,394,record,3,1,pretune_off,2,0.9999999999049661,0.9999999999049661,True,True,0.0,False,none,1.1102230246251565e-16,0.0,reconstructed_from_r2_by_dim
paper1_phaseB_v1,C:\Users\joedicke\Documents\reps\EvoODE\experiments\paper1_phaseB_v1\run_registry.csv,run_registry,395,record,3,1,pretune_off,2,0.9999999999693735,0.9999999999693735,True,True,0.0,False,none,1.1102230246251565e-16,0.0,reconstructed_from_r2_by_dim
paper1_phaseB_v1,C:\Users\joedicke\Documents\reps\EvoODE\experiments\paper1_phaseB_v1\run_registry.csv,run_registry,396,record,4,1,pretune_off,1,0.9998781415371523,0.9998781415371523,True,True,0.0,False,none,1.1102230246251565e-16,0.0,reconstructed_from_r2_by_dim
paper1_phaseB_v1,C:\Users\joedicke\Documents\reps\EvoODE\experiments\paper1_phaseB_v1\run_registry.csv,run_registry,397,record,4,1,pretune_off,1,0.9998781415370785,0.9998781415370787,True,True,1.1102230246251565e-16,False,none,1.1102230246251565e-16,1.1102230246251565e-16,reconstructed_from_r2_by_dim
paper1_phaseB_v1,C:\Users\joedicke\Documents\reps\EvoODE\experiments\paper1_phaseB_v1\run_registry.csv,run_registry,398,record,4,1,pretune_off,1,0.9998781415391891,0.9998781415391891,True,True,0.0,False,none,1.1102230246251565e-16,0.0,reconstructed_from_r2_by_dim
paper1_phaseB_v1,C:\Users\joedicke\Documents\reps\EvoODE\experiments\paper1_phaseB_v1\run_registry.csv,run_registry,399,record,4,1,pretune_off,2,0.9993243228804851,0.9993243228804851,True,True,0.0,False,none,1.1102230246251565e-16,0.0,reconstructed_from_r2_by_dim
paper1_phaseB_v1,C:\Users\joedicke\Documents\reps\EvoODE\experiments\paper1_phaseB_v1\run_registry.csv,run_registry,400,record,4,1,pretune_off,2,0.9993243227292987,0.9993243227292987,True,True,0.0,False,none,1.1102230246251565e-16,0.0,reconstructed_from_r2_by_dim
paper1_phaseB_v1,C:\Users\joedicke\Documents\reps\EvoODE\experiments\paper1_phaseB_v1\run_registry.csv,run_registry,401,record,4,1,pretune_off,2,0.99932432279343,0.99932432279343,True,True,0.0,False,none,0.0,0.0,reconstructed_from_r2_by_dim
paper1_phaseB_v1,C:\Users\joedicke\Documents\reps\EvoODE\experiments\paper1_phaseB_v1\run_registry.csv,run_registry,402,record,5,1,pretune_off,1,0.9802761586341768,0.9802761586341768,True,True,0.0,False,none,0.0,0.0,reconstructed_from_r2_by_dim
paper1_phaseB_v1,C:\Users\joedicke\Documents\reps\EvoODE\experiments\paper1_phaseB_v1\run_registry.csv,run_registry,403,record,5,1,pretune_off,1,0.9802269209429293,0.9802269209429294,True,True,1.1102230246251565e-16,False,none,1.1102230246251565e-16,1.1102230246251565e-16,reconstructed_from_r2_by_dim
paper1_phaseB_v1,C:\Users\joedicke\Documents\reps\EvoODE\experiments\paper1_phaseB_v1\run_registry.csv,run_registry,404,record,5,1,pretune_off,1,0.9803926553150825,0.9803926553150825,True,True,0.0,False,none,1.1102230246251565e-16,0.0,reconstructed_from_r2_by_dim
paper1_phaseB_v1,C:\Users\joedicke\Documents\reps\EvoODE\experiments\paper1_phaseB_v1\run_registry.csv,run_registry,405,record,5,1,pretune_off,2,0.9999942672787226,0.9999942672787225,True,True,-1.1102230246251565e-16,False,none,0.0,1.1102230246251565e-16,reconstructed_from_r2_by_dim
paper1_phaseB_v1,C:\Users\joedicke\Documents\reps\EvoODE\experiments\paper1_phaseB_v1\run_registry.csv,run_registry,406,record,5,1,pretune_off,2,0.9999927899795346,0.9999927899795347,True,True,1.1102230246251565e-16,False,none,0.0,1.1102230246251565e-16,reconstructed_from_r2_by_dim
paper1_phaseB_v1,C:\Users\joedicke\Documents\reps\EvoODE\experiments\paper1_phaseB_v1\run_registry.csv,run_registry,407,record,5,1,pretune_off,2,0.9999941223017046,0.9999941223017046,True,True,0.0,False,none,0.0,0.0,reconstructed_from_r2_by_dim
paper1_phaseB_v1,C:\Users\joedicke\Documents\reps\EvoODE\experiments\paper1_phaseB_v1\run_registry.csv,run_registry,408,record,6,1,pretune_off,1,0.9999999999999869,0.9999999999999869,True,True,0.0,False,none,1.1102230246251565e-16,0.0,reconstructed_from_r2_by_dim
paper1_phaseB_v1,C:\Users\joedicke\Documents\reps\EvoODE\experiments\paper1_phaseB_v1\run_registry.csv,run_registry,409,record,6,1,pretune_off,1,0.9999999999999851,0.9999999999999851,True,True,0.0,False,none,1.1102230246251565e-16,0.0,reconstructed_from_r2_by_dim
paper1_phaseB_v1,C:\Users\joedicke\Documents\reps\EvoODE\experiments\paper1_phaseB_v1\run_registry.csv,run_registry,410,record,6,1,pretune_off,1,0.9999999999999859,0.9999999999999858,True,True,-1.1102230246251565e-16,False,none,1.1102230246251565e-16,1.1102230246251565e-16,reconstructed_from_r2_by_dim
paper1_phaseB_v1,C:\Users\joedicke\Documents\reps\EvoODE\experiments\paper1_phaseB_v1\run_registry.csv,run_registry,411,record,6,1,pretune_off,2,0.9999999999995871,0.9999999999995871,True,True,0.0,False,none,1.1102230246251565e-16,0.0,reconstructed_from_r2_by_dim
paper1_phaseB_v1,C:\Users\joedicke\Documents\reps\EvoODE\experiments\paper1_phaseB_v1\run_registry.csv,run_registry,412,record,6,1,pretune_off,2,0.9999999999999123,0.9999999999999123,True,True,0.0,False,none,1.1102230246251565e-16,0.0,reconstructed_from_r2_by_dim
paper1_phaseB_v1,C:\Users\joedicke\Documents\reps\EvoODE\experiments\paper1_phaseB_v1\run_registry.csv,run_registry,413,record,6,1,pretune_off,2,0.9999999999994164,0.9999999999994164,True,True,0.0,False,none,0.0,0.0,reconstructed_from_r2_by_dim
paper1_phaseB_v1,C:\Users\joedicke\Documents\reps\EvoODE\experiments\paper1_phaseB_v1\run_registry.csv,run_registry,414,record,7,1,pretune_off,1,0.9960170493416276,0.9960170493416276,True,True,0.0,False,none,0.0,0.0,reconstructed_from_r2_by_dim
paper1_phaseB_v1,C:\Users\joedicke\Documents\reps\EvoODE\experiments\paper1_phaseB_v1\run_registry.csv,run_registry,415,record,7,1,pretune_off,1,0.9960170493416276,0.9960170493416276,True,True,0.0,False,none,0.0,0.0,reconstructed_from_r2_by_dim
paper1_phaseB_v1,C:\Users\joedicke\Documents\reps\EvoODE\experiments\paper1_phaseB_v1\run_registry.csv,run_registry,416,record,7,1,pretune_off,1,0.9960170493416276,0.9960170493416276,True,True,0.0,False,none,0.0,0.0,reconstructed_from_r2_by_dim
paper1_phaseB_v1,C:\Users\joedicke\Documents\reps\EvoODE\experiments\paper1_phaseB_v1\run_registry.csv,run_registry,417,record,7,1,pretune_off,2,0.9999990787179535,0.9999990787179536,True,True,1.1102230246251565e-16,False,none,1.1102230246251565e-16,1.1102230246251565e-16,reconstructed_from_r2_by_dim
paper1_phaseB_v1,C:\Users\joedicke\Documents\reps\EvoODE\experiments\paper1_phaseB_v1\run_registry.csv,run_registry,418,record,7,1,pretune_off,2,0.9999992052486849,0.9999992052486849,True,True,0.0,False,none,1.1102230246251565e-16,0.0,reconstructed_from_r2_by_dim
paper1_phaseB_v1,C:\Users\joedicke\Documents\reps\EvoODE\experiments\paper1_phaseB_v1\run_registry.csv,run_registry,419,record,7,1,pretune_off,2,0.9999993337260699,0.9999993337260699,True,True,0.0,False,none,1.1102230246251565e-16,0.0,reconstructed_from_r2_by_dim
paper1_phaseB_v1,C:\Users\joedicke\Documents\reps\EvoODE\experiments\paper1_phaseB_v1\run_registry.csv,run_registry,420,record,8,1,pretune_off,1,0.999999899935414,0.9999998999354139,True,True,-1.1102230246251565e-16,False,none,0.0,1.1102230246251565e-16,reconstructed_from_r2_by_dim
paper1_phaseB_v1,C:\Users\joedicke\Documents\reps\EvoODE\experiments\paper1_phaseB_v1\run_registry.csv,run_registry,421,record,8,1,pretune_off,1,0.9999999408925906,0.9999999408925905,True,True,-1.1102230246251565e-16,False,none,0.0,1.1102230246251565e-16,reconstructed_from_r2_by_dim
paper1_phaseB_v1,C:\Users\joedicke\Documents\reps\EvoODE\experiments\paper1_phaseB_v1\run_registry.csv,run_registry,422,record,8,1,pretune_off,1,0.9999999709721613,0.9999999709721612,True,True,-1.1102230246251565e-16,False,none,1.1102230246251565e-16,1.1102230246251565e-16,reconstructed_from_r2_by_dim
paper1_phaseB_v1,C:\Users\joedicke\Documents\reps\EvoODE\experiments\paper1_phaseB_v1\run_registry.csv,run_registry,423,record,8,1,pretune_off,2,0.9932632212039658,0.9932632212039658,True,True,0.0,False,none,0.0,0.0,reconstructed_from_r2_by_dim
paper1_phaseB_v1,C:\Users\joedicke\Documents\reps\EvoODE\experiments\paper1_phaseB_v1\run_registry.csv,run_registry,424,record,8,1,pretune_off,2,0.9932632212039116,0.9932632212039116,True,True,0.0,False,none,0.0,0.0,reconstructed_from_r2_by_dim
paper1_phaseB_v1,C:\Users\joedicke\Documents\reps\EvoODE\experiments\paper1_phaseB_v1\run_registry.csv,run_registry,425,record,8,1,pretune_off,2,0.9932632212039724,0.9932632212039723,True,True,-1.1102230246251565e-16,False,none,0.0,1.1102230246251565e-16,reconstructed_from_r2_by_dim
paper1_phaseB_v1,C:\Users\joedicke\Documents\reps\EvoODE\experiments\paper1_phaseB_v1\run_registry.csv,run_registry,426,record,9,1,pretune_off,1,0.9785158044430906,0.9785158044430906,True,True,0.0,False,none,0.0,0.0,reconstructed_from_r2_by_dim
paper1_phaseB_v1,C:\Users\joedicke\Documents\reps\EvoODE\experiments\paper1_phaseB_v1\run_registry.csv,run_registry,427,record,9,1,pretune_off,1,0.9785158044430925,0.9785158044430926,True,True,1.1102230246251565e-16,False,none,1.1102230246251565e-16,1.1102230246251565e-16,reconstructed_from_r2_by_dim
paper1_phaseB_v1,C:\Users\joedicke\Documents\reps\EvoODE\experiments\paper1_phaseB_v1\run_registry.csv,run_registry,428,record,9,1,pretune_off,1,0.9785158044430879,0.9785158044430879,True,True,0.0,False,none,1.1102230246251565e-16,0.0,reconstructed_from_r2_by_dim
paper1_phaseB_v1,C:\Users\joedicke\Documents\reps\EvoODE\experiments\paper1_phaseB_v1\run_registry.csv,run_registry,429,record,9,1,pretune_off,2,-0.397249554734741,-0.397249554734741,False,False,0.0,False,none,0.0,0.0,reconstructed_from_r2_by_dim
paper1_phaseB_v1,C:\Users\joedicke\Documents\reps\EvoODE\experiments\paper1_phaseB_v1\run_registry.csv,run_registry,430,record,9,1,pretune_off,2,-0.39724955473473633,-0.39724955473473633,False,False,0.0,False,none,5.551115123125783e-17,0.0,reconstructed_from_r2_by_dim
paper1_phaseB_v1,C:\Users\joedicke\Documents\reps\EvoODE\experiments\paper1_phaseB_v1\run_registry.csv,run_registry,431,record,9,1,pretune_off,2,-0.397249554734741,-0.397249554734741,False,False,0.0,False,none,0.0,0.0,reconstructed_from_r2_by_dim
paper1_phaseB_v1,C:\Users\joedicke\Documents\reps\EvoODE\experiments\paper1_phaseB_v1\run_registry.csv,run_registry,432,record,10,1,pretune_off,1,0.9996955585199271,0.9996955585199271,True,True,0.0,False,none,1.1102230246251565e-16,0.0,reconstructed_from_r2_by_dim
paper1_phaseB_v1,C:\Users\joedicke\Documents\reps\EvoODE\experiments\paper1_phaseB_v1\run_registry.csv,run_registry,433,record,10,1,pretune_off,1,0.9996955585199097,0.9996955585199097,True,True,0.0,False,none,0.0,0.0,reconstructed_from_r2_by_dim
paper1_phaseB_v1,C:\Users\joedicke\Documents\reps\EvoODE\experiments\paper1_phaseB_v1\run_registry.csv,run_registry,434,record,10,1,pretune_off,1,0.9996955585199203,0.9996955585199202,True,True,-1.1102230246251565e-16,False,none,1.1102230246251565e-16,1.1102230246251565e-16,reconstructed_from_r2_by_dim
paper1_phaseB_v1,C:\Users\joedicke\Documents\reps\EvoODE\experiments\paper1_phaseB_v1\run_registry.csv,run_registry,435,record,10,1,pretune_off,2,0.9933051887652216,0.9933051887652216,True,True,0.0,False,none,0.0,0.0,reconstructed_from_r2_by_dim
paper1_phaseB_v1,C:\Users\joedicke\Documents\reps\EvoODE\experiments\paper1_phaseB_v1\run_registry.csv,run_registry,436,record,10,1,pretune_off,2,0.9933051887652217,0.9933051887652216,True,True,-1.1102230246251565e-16,False,none,1.1102230246251565e-16,1.1102230246251565e-16,reconstructed_from_r2_by_dim
paper1_phaseB_v1,C:\Users\joedicke\Documents\reps\EvoODE\experiments\paper1_phaseB_v1\run_registry.csv,run_registry,437,record,10,1,pretune_off,2,0.9933051887652217,0.9933051887652216,True,True,-1.1102230246251565e-16,False,none,1.1102230246251565e-16,1.1102230246251565e-16,reconstructed_from_r2_by_dim
paper1_phaseB_v1,C:\Users\joedicke\Documents\reps\EvoODE\experiments\paper1_phaseB_v1\run_registry.csv,run_registry,438,record,11,1,pretune_off,1,0.999999999999956,0.999999999999956,True,True,0.0,False,none,0.0,0.0,reconstructed_from_r2_by_dim
paper1_phaseB_v1,C:\Users\joedicke\Documents\reps\EvoODE\experiments\paper1_phaseB_v1\run_registry.csv,run_registry,439,record,11,1,pretune_off,1,0.9999999999999563,0.9999999999999563,True,True,0.0,False,none,1.1102230246251565e-16,0.0,reconstructed_from_r2_by_dim
paper1_phaseB_v1,C:\Users\joedicke\Documents\reps\EvoODE\experiments\paper1_phaseB_v1\run_registry.csv,run_registry,440,record,11,1,pretune_off,1,0.9999999999999568,0.9999999999999568,True,True,0.0,False,none,0.0,0.0,reconstructed_from_r2_by_dim
paper1_phaseB_v1,C:\Users\joedicke\Documents\reps\EvoODE\experiments\paper1_phaseB_v1\run_registry.csv,run_registry,441,record,11,1,pretune_off,2,0.9880143753915014,0.9880143753915014,True,True,0.0,False,none,0.0,0.0,reconstructed_from_r2_by_dim
paper1_phaseB_v1,C:\Users\joedicke\Documents\reps\EvoODE\experiments\paper1_phaseB_v1\run_registry.csv,run_registry,442,record,11,1,pretune_off,2,0.9880143753915014,0.9880143753915014,True,True,0.0,False,none,0.0,0.0,reconstructed_from_r2_by_dim
paper1_phaseB_v1,C:\Users\joedicke\Documents\reps\EvoODE\experiments\paper1_phaseB_v1\run_registry.csv,run_registry,443,record,11,1,pretune_off,2,0.9880143753915018,0.9880143753915018,True,True,0.0,False,none,0.0,0.0,reconstructed_from_r2_by_dim
paper1_phaseB_v1,C:\Users\joedicke\Documents\reps\EvoODE\experiments\paper1_phaseB_v1\run_registry.csv,run_registry,444,record,12,1,pretune_off,1,0.999999999946572,0.9999999999465721,True,True,1.1102230246251565e-16,False,none,0.0,1.1102230246251565e-16,reconstructed_from_r2_by_dim
paper1_phaseB_v1,C:\Users\joedicke\Documents\reps\EvoODE\experiments\paper1_phaseB_v1\run_registry.csv,run_registry,445,record,12,1,pretune_off,1,0.9999999995854262,0.9999999995854262,True,True,0.0,False,none,0.0,0.0,reconstructed_from_r2_by_dim
paper1_phaseB_v1,C:\Users\joedicke\Documents\reps\EvoODE\experiments\paper1_phaseB_v1\run_registry.csv,run_registry,446,record,12,1,pretune_off,1,0.9999999999706749,0.9999999999706749,True,True,0.0,False,none,1.1102230246251565e-16,0.0,reconstructed_from_r2_by_dim
paper1_phaseB_v1,C:\Users\joedicke\Documents\reps\EvoODE\experiments\paper1_phaseB_v1\run_registry.csv,run_registry,447,record,12,1,pretune_off,2,0.999999999999965,0.999999999999965,True,True,0.0,False,none,0.0,0.0,reconstructed_from_r2_by_dim
paper1_phaseB_v1,C:\Users\joedicke\Documents\reps\EvoODE\experiments\paper1_phaseB_v1\run_registry.csv,run_registry,448,record,12,1,pretune_off,2,0.9999999999995187,0.9999999999995187,True,True,0.0,False,none,1.1102230246251565e-16,0.0,reconstructed_from_r2_by_dim
paper1_phaseB_v1,C:\Users\joedicke\Documents\reps\EvoODE\experiments\paper1_phaseB_v1\run_registry.csv,run_registry,449,record,12,1,pretune_off,2,0.9999999999999448,0.9999999999999447,True,True,-1.1102230246251565e-16,False,none,0.0,1.1102230246251565e-16,reconstructed_from_r2_by_dim
paper1_phaseB_v1,C:\Users\joedicke\Documents\reps\EvoODE\experiments\paper1_phaseB_v1\run_registry.csv,run_registry,450,record,13,1,pretune_off,1,0.9994252692292063,0.9994252692292064,True,True,1.1102230246251565e-16,False,none,1.1102230246251565e-16,1.1102230246251565e-16,reconstructed_from_r2_by_dim
paper1_phaseB_v1,C:\Users\joedicke\Documents\reps\EvoODE\experiments\paper1_phaseB_v1\run_registry.csv,run_registry,451,record,13,1,pretune_off,1,0.9994252398044784,0.9994252398044784,True,True,0.0,False,none,0.0,0.0,reconstructed_from_r2_by_dim
paper1_phaseB_v1,C:\Users\joedicke\Documents\reps\EvoODE\experiments\paper1_phaseB_v1\run_registry.csv,run_registry,452,record,13,1,pretune_off,1,0.9994252383485381,0.9994252383485381,True,True,0.0,False,none,1.1102230246251565e-16,0.0,reconstructed_from_r2_by_dim
paper1_phaseB_v1,C:\Users\joedicke\Documents\reps\EvoODE\experiments\paper1_phaseB_v1\run_registry.csv,run_registry,453,record,13,1,pretune_off,2,0.9887239438708011,0.9887239438708011,True,True,0.0,False,none,1.1102230246251565e-16,0.0,reconstructed_from_r2_by_dim
paper1_phaseB_v1,C:\Users\joedicke\Documents\reps\EvoODE\experiments\paper1_phaseB_v1\run_registry.csv,run_registry,454,record,13,1,pretune_off,2,0.988723943870814,0.9887239438708141,True,True,1.1102230246251565e-16,False,none,0.0,1.1102230246251565e-16,reconstructed_from_r2_by_dim
paper1_phaseB_v1,C:\Users\joedicke\Documents\reps\EvoODE\experiments\paper1_phaseB_v1\run_registry.csv,run_registry,455,record,13,1,pretune_off,2,0.9887239438708058,0.9887239438708058,True,True,0.0,False,none,0.0,0.0,reconstructed_from_r2_by_dim
paper1_phaseB_v1,C:\Users\joedicke\Documents\reps\EvoODE\experiments\paper1_phaseB_v1\run_registry.csv,run_registry,456,record,14,1,pretune_off,1,0.99999241976846,0.9999924197684601,True,True,1.1102230246251565e-16,False,none,0.0,1.1102230246251565e-16,reconstructed_from_r2_by_dim
paper1_phaseB_v1,C:\Users\joedicke\Documents\reps\EvoODE\experiments\paper1_phaseB_v1\run_registry.csv,run_registry,457,record,14,1,pretune_off,1,0.9999924197684708,0.9999924197684708,True,True,0.0,False,none,0.0,0.0,reconstructed_from_r2_by_dim
paper1_phaseB_v1,C:\Users\joedicke\Documents\reps\EvoODE\experiments\paper1_phaseB_v1\run_registry.csv,run_registry,458,record,14,1,pretune_off,1,0.9999924197684599,0.9999924197684599,True,True,0.0,False,none,1.1102230246251565e-16,0.0,reconstructed_from_r2_by_dim
paper1_phaseB_v1,C:\Users\joedicke\Documents\reps\EvoODE\experiments\paper1_phaseB_v1\run_registry.csv,run_registry,459,record,14,1,pretune_off,2,0.9999990841859062,0.9999990841859062,True,True,0.0,False,none,0.0,0.0,reconstructed_from_r2_by_dim
paper1_phaseB_v1,C:\Users\joedicke\Documents\reps\EvoODE\experiments\paper1_phaseB_v1\run_registry.csv,run_registry,460,record,14,1,pretune_off,2,0.9999990841867028,0.9999990841867027,True,True,-1.1102230246251565e-16,False,none,0.0,1.1102230246251565e-16,reconstructed_from_r2_by_dim
paper1_phaseB_v1,C:\Users\joedicke\Documents\reps\EvoODE\experiments\paper1_phaseB_v1\run_registry.csv,run_registry,461,record,14,1,pretune_off,2,0.9999990841865104,0.9999990841865104,True,True,0.0,False,none,0.0,0.0,reconstructed_from_r2_by_dim
paper1_phaseB_v1,C:\Users\joedicke\Documents\reps\EvoODE\experiments\paper1_phaseB_v1\run_registry.csv,run_registry,462,record,15,1,pretune_off,1,0.9999928240053316,0.9999928240053317,True,True,1.1102230246251565e-16,False,none,0.0,1.1102230246251565e-16,reconstructed_from_r2_by_dim
paper1_phaseB_v1,C:\Users\joedicke\Documents\reps\EvoODE\experiments\paper1_phaseB_v1\run_registry.csv,run_registry,463,record,15,1,pretune_off,1,0.9999928252031893,0.9999928252031892,True,True,-1.1102230246251565e-16,False,none,1.1102230246251565e-16,1.1102230246251565e-16,reconstructed_from_r2_by_dim
paper1_phaseB_v1,C:\Users\joedicke\Documents\reps\EvoODE\experiments\paper1_phaseB_v1\run_registry.csv,run_registry,464,record,15,1,pretune_off,1,0.9999928253151029,0.9999928253151028,True,True,-1.1102230246251565e-16,False,none,1.1102230246251565e-16,1.1102230246251565e-16,reconstructed_from_r2_by_dim
paper1_phaseB_v1,C:\Users\joedicke\Documents\reps\EvoODE\experiments\paper1_phaseB_v1\run_registry.csv,run_registry,465,record,15,1,pretune_off,2,0.9978939552163637,0.9978939552163637,True,True,0.0,False,none,1.1102230246251565e-16,0.0,reconstructed_from_r2_by_dim
paper1_phaseB_v1,C:\Users\joedicke\Documents\reps\EvoODE\experiments\paper1_phaseB_v1\run_registry.csv,run_registry,466,record,15,1,pretune_off,2,0.9978939552163639,0.9978939552163639,True,True,0.0,False,none,1.1102230246251565e-16,0.0,reconstructed_from_r2_by_dim
paper1_phaseB_v1,C:\Users\joedicke\Documents\reps\EvoODE\experiments\paper1_phaseB_v1\run_registry.csv,run_registry,467,record,15,1,pretune_off,2,0.997893955216364,0.9978939552163641,True,True,1.1102230246251565e-16,False,none,0.0,1.1102230246251565e-16,reconstructed_from_r2_by_dim
paper1_phaseB_v1,C:\Users\joedicke\Documents\reps\EvoODE\experiments\paper1_phaseB_v1\run_registry.csv,run_registry,468,record,16,1,pretune_off,1,0.9999261520653154,0.9999261520653154,True,True,0.0,False,none,0.0,0.0,reconstructed_from_r2_by_dim
paper1_phaseB_v1,C:\Users\joedicke\Documents\reps\EvoODE\experiments\paper1_phaseB_v1\run_registry.csv,run_registry,469,record,16,1,pretune_off,1,0.9999261520638002,0.9999261520638002,True,True,0.0,False,none,0.0,0.0,reconstructed_from_r2_by_dim
paper1_phaseB_v1,C:\Users\joedicke\Documents\reps\EvoODE\experiments\paper1_phaseB_v1\run_registry.csv,run_registry,470,record,16,1,pretune_off,1,0.9999261520643941,0.9999261520643942,True,True,1.1102230246251565e-16,False,none,1.1102230246251565e-16,1.1102230246251565e-16,reconstructed_from_r2_by_dim
paper1_phaseB_v1,C:\Users\joedicke\Documents\reps\EvoODE\experiments\paper1_phaseB_v1\run_registry.csv,run_registry,471,record,16,1,pretune_off,2,0.999980385277418,0.999980385277418,True,True,0.0,False,none,0.0,0.0,reconstructed_from_r2_by_dim
paper1_phaseB_v1,C:\Users\joedicke\Documents\reps\EvoODE\experiments\paper1_phaseB_v1\run_registry.csv,run_registry,472,record,16,1,pretune_off,2,0.9999803852757325,0.9999803852757325,True,True,0.0,False,none,1.1102230246251565e-16,0.0,reconstructed_from_r2_by_dim
paper1_phaseB_v1,C:\Users\joedicke\Documents\reps\EvoODE\experiments\paper1_phaseB_v1\run_registry.csv,run_registry,473,record,16,1,pretune_off,2,0.9999803852777801,0.9999803852777801,True,True,0.0,False,none,1.1102230246251565e-16,0.0,reconstructed_from_r2_by_dim
paper1_phaseB_v1,C:\Users\joedicke\Documents\reps\EvoODE\experiments\paper1_phaseB_v1\run_registry.csv,run_registry,474,record,17,1,pretune_off,1,0.9999980700468637,0.9999980700468638,True,True,1.1102230246251565e-16,False,none,1.1102230246251565e-16,1.1102230246251565e-16,reconstructed_from_r2_by_dim
paper1_phaseB_v1,C:\Users\joedicke\Documents\reps\EvoODE\experiments\paper1_phaseB_v1\run_registry.csv,run_registry,475,record,17,1,pretune_off,1,0.9999960271177686,0.9999960271177686,True,True,0.0,False,none,0.0,0.0,reconstructed_from_r2_by_dim
paper1_phaseB_v1,C:\Users\joedicke\Documents\reps\EvoODE\experiments\paper1_phaseB_v1\run_registry.csv,run_registry,476,record,17,1,pretune_off,1,0.9999983464134777,0.9999983464134777,True,True,0.0,False,none,1.1102230246251565e-16,0.0,reconstructed_from_r2_by_dim
paper1_phaseB_v1,C:\Users\joedicke\Documents\reps\EvoODE\experiments\paper1_phaseB_v1\run_registry.csv,run_registry,477,record,17,1,pretune_off,2,0.9999983829616146,0.9999983829616147,True,True,1.1102230246251565e-16,False,none,0.0,1.1102230246251565e-16,reconstructed_from_r2_by_dim
paper1_phaseB_v1,C:\Users\joedicke\Documents\reps\EvoODE\experiments\paper1_phaseB_v1\run_registry.csv,run_registry,478,record,17,1,pretune_off,2,0.9999983835083112,0.9999983835083113,True,True,1.1102230246251565e-16,False,none,0.0,1.1102230246251565e-16,reconstructed_from_r2_by_dim
paper1_phaseB_v1,C:\Users\joedicke\Documents\reps\EvoODE\experiments\paper1_phaseB_v1\run_registry.csv,run_registry,479,record,17,1,pretune_off,2,0.9999983834439464,0.9999983834439464,True,True,0.0,False,none,0.0,0.0,reconstructed_from_r2_by_dim
paper1_phaseB_v1,C:\Users\joedicke\Documents\reps\EvoODE\experiments\paper1_phaseB_v1\run_registry.csv,run_registry,480,record,18,1,pretune_off,1,0.9999999468449327,0.9999999468449328,True,True,1.1102230246251565e-16,False,none,1.1102230246251565e-16,1.1102230246251565e-16,reconstructed_from_r2_by_dim
paper1_phaseB_v1,C:\Users\joedicke\Documents\reps\EvoODE\experiments\paper1_phaseB_v1\run_registry.csv,run_registry,481,record,18,1,pretune_off,1,0.9999999468794369,0.9999999468794369,True,True,0.0,False,none,1.1102230246251565e-16,0.0,reconstructed_from_r2_by_dim
paper1_phaseB_v1,C:\Users\joedicke\Documents\reps\EvoODE\experiments\paper1_phaseB_v1\run_registry.csv,run_registry,482,record,18,1,pretune_off,1,0.9999999468883112,0.9999999468883112,True,True,0.0,False,none,0.0,0.0,reconstructed_from_r2_by_dim
paper1_phaseB_v1,C:\Users\joedicke\Documents\reps\EvoODE\experiments\paper1_phaseB_v1\run_registry.csv,run_registry,483,record,18,1,pretune_off,2,0.9999999820997796,0.9999999820997796,True,True,0.0,False,none,0.0,0.0,reconstructed_from_r2_by_dim
paper1_phaseB_v1,C:\Users\joedicke\Documents\reps\EvoODE\experiments\paper1_phaseB_v1\run_registry.csv,run_registry,484,record,18,1,pretune_off,2,0.9999999823008476,0.9999999823008476,True,True,0.0,False,none,0.0,0.0,reconstructed_from_r2_by_dim
paper1_phaseB_v1,C:\Users\joedicke\Documents\reps\EvoODE\experiments\paper1_phaseB_v1\run_registry.csv,run_registry,485,record,18,1,pretune_off,2,0.9999999823202738,0.9999999823202738,True,True,0.0,False,none,0.0,0.0,reconstructed_from_r2_by_dim
paper1_phaseB_v1,C:\Users\joedicke\Documents\reps\EvoODE\experiments\paper1_phaseB_v1\run_registry.csv,run_registry,486,record,19,1,pretune_off,1,0.9999929254364619,0.999992925436462,True,True,1.1102230246251565e-16,False,none,1.1102230246251565e-16,1.1102230246251565e-16,reconstructed_from_r2_by_dim
paper1_phaseB_v1,C:\Users\joedicke\Documents\reps\EvoODE\experiments\paper1_phaseB_v1\run_registry.csv,run_registry,487,record,19,1,pretune_off,1,0.9999929254364618,0.9999929254364618,True,True,0.0,False,none,0.0,0.0,reconstructed_from_r2_by_dim
paper1_phaseB_v1,C:\Users\joedicke\Documents\reps\EvoODE\experiments\paper1_phaseB_v1\run_registry.csv,run_registry,488,record,19,1,pretune_off,1,0.9999929254364618,0.9999929254364618,True,True,0.0,False,none,0.0,0.0,reconstructed_from_r2_by_dim
paper1_phaseB_v1,C:\Users\joedicke\Documents\reps\EvoODE\experiments\paper1_phaseB_v1\run_registry.csv,run_registry,489,record,19,1,pretune_off,2,0.9999884086017596,0.9999884086017596,True,True,0.0,False,none,0.0,0.0,reconstructed_from_r2_by_dim
paper1_phaseB_v1,C:\Users\joedicke\Documents\reps\EvoODE\experiments\paper1_phaseB_v1\run_registry.csv,run_registry,490,record,19,1,pretune_off,2,0.9999884086017595,0.9999884086017595,True,True,0.0,False,none,1.1102230246251565e-16,0.0,reconstructed_from_r2_by_dim
paper1_phaseB_v1,C:\Users\joedicke\Documents\reps\EvoODE\experiments\paper1_phaseB_v1\run_registry.csv,run_registry,491,record,19,1,pretune_off,2,0.9999884086017597,0.9999884086017597,True,True,0.0,False,none,1.1102230246251565e-16,0.0,reconstructed_from_r2_by_dim
paper1_phaseB_v1,C:\Users\joedicke\Documents\reps\EvoODE\experiments\paper1_phaseB_v1\run_registry.csv,run_registry,492,record,20,1,pretune_off,1,0.9999916215743562,0.9999916215743561,True,True,-1.1102230246251565e-16,False,none,0.0,1.1102230246251565e-16,reconstructed_from_r2_by_dim
paper1_phaseB_v1,C:\Users\joedicke\Documents\reps\EvoODE\experiments\paper1_phaseB_v1\run_registry.csv,run_registry,493,record,20,1,pretune_off,1,0.9999916215756741,0.9999916215756741,True,True,0.0,False,none,1.1102230246251565e-16,0.0,reconstructed_from_r2_by_dim
paper1_phaseB_v1,C:\Users\joedicke\Documents\reps\EvoODE\experiments\paper1_phaseB_v1\run_registry.csv,run_registry,494,record,20,1,pretune_off,1,0.9999916215744898,0.9999916215744898,True,True,0.0,False,none,0.0,0.0,reconstructed_from_r2_by_dim
paper1_phaseB_v1,C:\Users\joedicke\Documents\reps\EvoODE\experiments\paper1_phaseB_v1\run_registry.csv,run_registry,495,record,20,1,pretune_off,2,0.9775541270184791,0.977554127018479,True,True,-1.1102230246251565e-16,False,none,1.1102230246251565e-16,1.1102230246251565e-16,reconstructed_from_r2_by_dim
paper1_phaseB_v1,C:\Users\joedicke\Documents\reps\EvoODE\experiments\paper1_phaseB_v1\run_registry.csv,run_registry,496,record,20,1,pretune_off,2,0.9775541270184791,0.977554127018479,True,True,-1.1102230246251565e-16,False,none,1.1102230246251565e-16,1.1102230246251565e-16,reconstructed_from_r2_by_dim
paper1_phaseB_v1,C:\Users\joedicke\Documents\reps\EvoODE\experiments\paper1_phaseB_v1\run_registry.csv,run_registry,497,record,20,1,pretune_off,2,0.9775541270184791,0.977554127018479,True,True,-1.1102230246251565e-16,False,none,1.1102230246251565e-16,1.1102230246251565e-16,reconstructed_from_r2_by_dim
paper1_phaseB_v1,C:\Users\joedicke\Documents\reps\EvoODE\experiments\paper1_phaseB_v1\run_registry.csv,run_registry,498,record,21,1,pretune_off,1,0.9999937626235103,0.9999937626235103,True,True,0.0,False,none,1.1102230246251565e-16,0.0,reconstructed_from_r2_by_dim
paper1_phaseB_v1,C:\Users\joedicke\Documents\reps\EvoODE\experiments\paper1_phaseB_v1\run_registry.csv,run_registry,499,record,21,1,pretune_off,1,0.9999937626229946,0.9999937626229944,True,True,-1.1102230246251565e-16,False,none,0.0,1.1102230246251565e-16,reconstructed_from_r2_by_dim
paper1_phaseB_v1,C:\Users\joedicke\Documents\reps\EvoODE\experiments\paper1_phaseB_v1\run_registry.csv,run_registry,500,record,21,1,pretune_off,1,0.9999937626242416,0.9999937626242416,True,True,0.0,False,none,0.0,0.0,reconstructed_from_r2_by_dim
paper1_phaseB_v1,C:\Users\joedicke\Documents\reps\EvoODE\experiments\paper1_phaseB_v1\run_registry.csv,run_registry,501,record,21,1,pretune_off,2,0.9995753816039171,0.9995753816039171,True,True,0.0,False,none,1.1102230246251565e-16,0.0,reconstructed_from_r2_by_dim
paper1_phaseB_v1,C:\Users\joedicke\Documents\reps\EvoODE\experiments\paper1_phaseB_v1\run_registry.csv,run_registry,502,record,21,1,pretune_off,2,0.9995753816009958,0.9995753816009958,True,True,0.0,False,none,0.0,0.0,reconstructed_from_r2_by_dim
paper1_phaseB_v1,C:\Users\joedicke\Documents\reps\EvoODE\experiments\paper1_phaseB_v1\run_registry.csv,run_registry,503,record,21,1,pretune_off,2,0.999575381616303,0.999575381616303,True,True,0.0,False,none,0.0,0.0,reconstructed_from_r2_by_dim
paper1_phaseB_v1,C:\Users\joedicke\Documents\reps\EvoODE\experiments\paper1_phaseB_v1\run_registry.csv,run_registry,504,record,22,1,pretune_off,1,0.9941285400398744,0.9941285400398744,True,True,0.0,False,none,0.0,0.0,reconstructed_from_r2_by_dim
paper1_phaseB_v1,C:\Users\joedicke\Documents\reps\EvoODE\experiments\paper1_phaseB_v1\run_registry.csv,run_registry,505,record,22,1,pretune_off,1,0.9941285400398746,0.9941285400398746,True,True,0.0,False,none,0.0,0.0,reconstructed_from_r2_by_dim
paper1_phaseB_v1,C:\Users\joedicke\Documents\reps\EvoODE\experiments\paper1_phaseB_v1\run_registry.csv,run_registry,506,record,22,1,pretune_off,1,0.9941285400398849,0.9941285400398849,True,True,0.0,False,none,1.1102230246251565e-16,0.0,reconstructed_from_r2_by_dim
paper1_phaseB_v1,C:\Users\joedicke\Documents\reps\EvoODE\experiments\paper1_phaseB_v1\run_registry.csv,run_registry,507,record,22,1,pretune_off,2,0.9991017801154255,0.9991017801154256,True,True,1.1102230246251565e-16,False,none,1.1102230246251565e-16,1.1102230246251565e-16,reconstructed_from_r2_by_dim
paper1_phaseB_v1,C:\Users\joedicke\Documents\reps\EvoODE\experiments\paper1_phaseB_v1\run_registry.csv,run_registry,508,record,22,1,pretune_off,2,0.9991017801153738,0.9991017801153739,True,True,1.1102230246251565e-16,False,none,0.0,1.1102230246251565e-16,reconstructed_from_r2_by_dim
paper1_phaseB_v1,C:\Users\joedicke\Documents\reps\EvoODE\experiments\paper1_phaseB_v1\run_registry.csv,run_registry,509,record,22,1,pretune_off,2,0.9991017801153743,0.9991017801153742,True,True,-1.1102230246251565e-16,False,none,1.1102230246251565e-16,1.1102230246251565e-16,reconstructed_from_r2_by_dim
paper1_phaseB_v1,C:\Users\joedicke\Documents\reps\EvoODE\experiments\paper1_phaseB_v1\run_registry.csv,run_registry,510,record,23,1,pretune_off,1,0.9994496468756459,0.9994496468756459,True,True,0.0,False,none,1.1102230246251565e-16,0.0,reconstructed_from_r2_by_dim
paper1_phaseB_v1,C:\Users\joedicke\Documents\reps\EvoODE\experiments\paper1_phaseB_v1\run_registry.csv,run_registry,511,record,23,1,pretune_off,1,0.9994496468756443,0.9994496468756442,True,True,-1.1102230246251565e-16,False,none,1.1102230246251565e-16,1.1102230246251565e-16,reconstructed_from_r2_by_dim
paper1_phaseB_v1,C:\Users\joedicke\Documents\reps\EvoODE\experiments\paper1_phaseB_v1\run_registry.csv,run_registry,512,record,23,1,pretune_off,1,0.9994496468756395,0.9994496468756395,True,True,0.0,False,none,1.1102230246251565e-16,0.0,reconstructed_from_r2_by_dim
paper1_phaseB_v1,C:\Users\joedicke\Documents\reps\EvoODE\experiments\paper1_phaseB_v1\run_registry.csv,run_registry,513,record,23,1,pretune_off,2,0.9967382747837353,0.9967382747837353,True,True,0.0,False,none,1.1102230246251565e-16,0.0,reconstructed_from_r2_by_dim
paper1_phaseB_v1,C:\Users\joedicke\Documents\reps\EvoODE\experiments\paper1_phaseB_v1\run_registry.csv,run_registry,514,record,23,1,pretune_off,2,0.996738274783738,0.996738274783738,True,True,0.0,False,none,0.0,0.0,reconstructed_from_r2_by_dim
paper1_phaseB_v1,C:\Users\joedicke\Documents\reps\EvoODE\experiments\paper1_phaseB_v1\run_registry.csv,run_registry,515,record,23,1,pretune_off,2,0.9967382747837376,0.9967382747837374,True,True,-1.1102230246251565e-16,False,none,0.0,1.1102230246251565e-16,reconstructed_from_r2_by_dim
paper1_phaseB_v1,C:\Users\joedicke\Documents\reps\EvoODE\experiments\paper1_phaseB_v1\run_registry.csv,run_registry,516,record,24,2,pretune_off,1,0.9999999999998814,0.9999999999998608,True,True,-2.0650148258027912e-14,False,none,0.0,,reconstructed_from_r2_by_dim
paper1_phaseB_v1,C:\Users\joedicke\Documents\reps\EvoODE\experiments\paper1_phaseB_v1\run_registry.csv,run_registry,517,record,24,2,pretune_off,1,0.9999999999998437,0.9999999999998385,True,True,-5.218048215738236e-15,False,none,1.1102230246251565e-16,,reconstructed_from_r2_by_dim
paper1_phaseB_v1,C:\Users\joedicke\Documents\reps\EvoODE\experiments\paper1_phaseB_v1\run_registry.csv,run_registry,518,record,24,2,pretune_off,1,0.9999999999998508,0.9999999999998621,True,True,1.1324274851176597e-14,False,none,0.0,,reconstructed_from_r2_by_dim
paper1_phaseB_v1,C:\Users\joedicke\Documents\reps\EvoODE\experiments\paper1_phaseB_v1\run_registry.csv,run_registry,519,record,24,2,pretune_off,2,0.9999999999994937,0.999999999999591,True,True,9.725553695716371e-14,False,none,1.1102230246251565e-16,,reconstructed_from_r2_by_dim
paper1_phaseB_v1,C:\Users\joedicke\Documents\reps\EvoODE\experiments\paper1_phaseB_v1\run_registry.csv,run_registry,520,record,24,2,pretune_off,2,0.9999999999994927,0.9999999999995796,True,True,8.681944052568724e-14,False,none,1.1102230246251565e-16,,reconstructed_from_r2_by_dim
paper1_phaseB_v1,C:\Users\joedicke\Documents\reps\EvoODE\experiments\paper1_phaseB_v1\run_registry.csv,run_registry,521,record,24,2,pretune_off,2,0.9999999999996438,0.9999999999996749,True,True,3.108624468950438e-14,False,none,0.0,,reconstructed_from_r2_by_dim
paper1_phaseB_v1,C:\Users\joedicke\Documents\reps\EvoODE\experiments\paper1_phaseB_v1\run_registry.csv,run_registry,522,record,25,2,pretune_off,1,0.9999999999984172,0.9999999999984305,True,True,1.3322676295501878e-14,False,none,0.0,,reconstructed_from_r2_by_dim
paper1_phaseB_v1,C:\Users\joedicke\Documents\reps\EvoODE\experiments\paper1_phaseB_v1\run_registry.csv,run_registry,523,record,25,2,pretune_off,1,0.9999999999983695,0.9999999999983207,True,True,-4.884981308350689e-14,False,none,1.1102230246251565e-16,,reconstructed_from_r2_by_dim
paper1_phaseB_v1,C:\Users\joedicke\Documents\reps\EvoODE\experiments\paper1_phaseB_v1\run_registry.csv,run_registry,524,record,25,2,pretune_off,1,0.9999999999984118,0.9999999999984042,True,True,-7.66053886991358e-15,False,none,0.0,,reconstructed_from_r2_by_dim
paper1_phaseB_v1,C:\Users\joedicke\Documents\reps\EvoODE\experiments\paper1_phaseB_v1\run_registry.csv,run_registry,525,record,25,2,pretune_off,2,0.9999999999983274,0.9999999999984666,True,True,1.3911094498553211e-13,False,none,0.0,,reconstructed_from_r2_by_dim
paper1_phaseB_v1,C:\Users\joedicke\Documents\reps\EvoODE\experiments\paper1_phaseB_v1\run_registry.csv,run_registry,526,record,25,2,pretune_off,2,0.9999999999984656,0.9999999999985069,True,True,4.1300296516055823e-14,False,none,0.0,,reconstructed_from_r2_by_dim
paper1_phaseB_v1,C:\Users\joedicke\Documents\reps\EvoODE\experiments\paper1_phaseB_v1\run_registry.csv,run_registry,527,record,25,2,pretune_off,2,0.9999999999984407,0.9999999999984984,True,True,5.773159728050814e-14,False,none,1.1102230246251565e-16,,reconstructed_from_r2_by_dim
paper1_phaseB_v1,C:\Users\joedicke\Documents\reps\EvoODE\experiments\paper1_phaseB_v1\run_registry.csv,run_registry,528,record,26,2,pretune_off,1,0.9969495267091448,0.9980930379063839,True,True,0.0011435111972390999,False,none,0.0,,reconstructed_from_r2_by_dim
paper1_phaseB_v1,C:\Users\joedicke\Documents\reps\EvoODE\experiments\paper1_phaseB_v1\run_registry.csv,run_registry,529,record,26,2,pretune_off,1,0.997495718705371,0.9984898608730313,True,True,0.0009941421676602502,False,none,0.0,,reconstructed_from_r2_by_dim
paper1_phaseB_v1,C:\Users\joedicke\Documents\reps\EvoODE\experiments\paper1_phaseB_v1\run_registry.csv,run_registry,530,record,26,2,pretune_off,1,0.9974957197325865,0.9984898608802905,True,True,0.0009941411477039086,False,none,1.1102230246251565e-16,,reconstructed_from_r2_by_dim
paper1_phaseB_v1,C:\Users\joedicke\Documents\reps\EvoODE\experiments\paper1_phaseB_v1\run_registry.csv,run_registry,531,record,26,2,pretune_off,2,0.9947872676627587,0.9959437139953707,True,True,0.0011564463326120267,False,none,1.1102230246251565e-16,,reconstructed_from_r2_by_dim
paper1_phaseB_v1,C:\Users\joedicke\Documents\reps\EvoODE\experiments\paper1_phaseB_v1\run_registry.csv,run_registry,532,record,26,2,pretune_off,2,0.9898591645253243,0.9900309735598598,True,True,0.00017180903453550833,False,none,1.1102230246251565e-16,,reconstructed_from_r2_by_dim
paper1_phaseB_v1,C:\Users\joedicke\Documents\reps\EvoODE\experiments\paper1_phaseB_v1\run_registry.csv,run_registry,533,record,26,2,pretune_off,2,0.9905024066553294,0.990663167401475,True,True,0.0001607607461455718,False,none,0.0,,reconstructed_from_r2_by_dim
paper1_phaseB_v1,C:\Users\joedicke\Documents\reps\EvoODE\experiments\paper1_phaseB_v1\run_registry.csv,run_registry,534,record,27,2,pretune_off,1,0.938551919392694,0.9392827877512682,True,True,0.000730868358574166,False,none,0.0,,reconstructed_from_r2_by_dim
paper1_phaseB_v1,C:\Users\joedicke\Documents\reps\EvoODE\experiments\paper1_phaseB_v1\run_registry.csv,run_registry,535,record,27,2,pretune_off,1,0.891472677170247,0.8928149680515259,False,False,0.001342290881278907,False,none,0.0,,reconstructed_from_r2_by_dim
paper1_phaseB_v1,C:\Users\joedicke\Documents\reps\EvoODE\experiments\paper1_phaseB_v1\run_registry.csv,run_registry,536,record,27,2,pretune_off,1,0.7966538492373324,0.7959268774468543,False,False,-0.0007269717904780926,False,none,0.0,,reconstructed_from_r2_by_dim
paper1_phaseB_v1,C:\Users\joedicke\Documents\reps\EvoODE\experiments\paper1_phaseB_v1\run_registry.csv,run_registry,537,record,27,2,pretune_off,2,0.9974583059163182,0.9973838654833206,True,True,-7.444043299764669e-05,False,none,0.0,,reconstructed_from_r2_by_dim
paper1_phaseB_v1,C:\Users\joedicke\Documents\reps\EvoODE\experiments\paper1_phaseB_v1\run_registry.csv,run_registry,538,record,27,2,pretune_off,2,0.9999999831587939,0.9999999842427996,True,True,1.0840056630101458e-09,False,none,1.1102230246251565e-16,,reconstructed_from_r2_by_dim
paper1_phaseB_v1,C:\Users\joedicke\Documents\reps\EvoODE\experiments\paper1_phaseB_v1\run_registry.csv,run_registry,539,record,27,2,pretune_off,2,0.9999999821456436,0.9999999840346321,True,True,1.8889885211592627e-09,False,none,0.0,,reconstructed_from_r2_by_dim
paper1_phaseB_v1,C:\Users\joedicke\Documents\reps\EvoODE\experiments\paper1_phaseB_v1\run_registry.csv,run_registry,540,record,28,2,pretune_off,1,0.9999979340161,0.9999985791245161,True,True,6.45108416019724e-07,False,none,0.0,,reconstructed_from_r2_by_dim
paper1_phaseB_v1,C:\Users\joedicke\Documents\reps\EvoODE\experiments\paper1_phaseB_v1\run_registry.csv,run_registry,541,record,28,2,pretune_off,1,0.99999793401585,0.999998579124503,True,True,6.451086529413175e-07,False,none,0.0,,reconstructed_from_r2_by_dim
paper1_phaseB_v1,C:\Users\joedicke\Documents\reps\EvoODE\experiments\paper1_phaseB_v1\run_registry.csv,run_registry,542,record,28,2,pretune_off,1,0.9999979250258737,0.9999985684813242,True,True,6.434554504775036e-07,False,none,1.1102230246251565e-16,,reconstructed_from_r2_by_dim
paper1_phaseB_v1,C:\Users\joedicke\Documents\reps\EvoODE\experiments\paper1_phaseB_v1\run_registry.csv,run_registry,543,record,28,2,pretune_off,2,0.9998311122304819,0.9998466090426494,True,True,1.549681216750365e-05,False,none,1.1102230246251565e-16,,reconstructed_from_r2_by_dim
paper1_phaseB_v1,C:\Users\joedicke\Documents\reps\EvoODE\experiments\paper1_phaseB_v1\run_registry.csv,run_registry,544,record,28,2,pretune_off,2,0.9998311122316099,0.9998466090426509,True,True,1.5496811040960345e-05,False,none,1.1102230246251565e-16,,reconstructed_from_r2_by_dim
paper1_phaseB_v1,C:\Users\joedicke\Documents\reps\EvoODE\experiments\paper1_phaseB_v1\run_registry.csv,run_registry,545,record,28,2,pretune_off,2,0.9998311122292854,0.9998466090426483,True,True,1.549681336288078e-05,False,none,0.0,,reconstructed_from_r2_by_dim
paper1_phaseB_v1,C:\Users\joedicke\Documents\reps\EvoODE\experiments\paper1_phaseB_v1\run_registry.csv,run_registry,546,record,29,2,pretune_off,1,0.9999999999998666,0.9999999999998851,True,True,1.8540724511240114e-14,False,none,0.0,,reconstructed_from_r2_by_dim
paper1_phaseB_v1,C:\Users\joedicke\Documents\reps\EvoODE\experiments\paper1_phaseB_v1\run_registry.csv,run_registry,547,record,29,2,pretune_off,1,0.9999999999998728,0.9999999999998921,True,True,1.9317880628477724e-14,False,none,0.0,,reconstructed_from_r2_by_dim
paper1_phaseB_v1,C:\Users\joedicke\Documents\reps\EvoODE\experiments\paper1_phaseB_v1\run_registry.csv,run_registry,548,record,29,2,pretune_off,1,0.9999999999998808,0.9999999999999,True,True,1.9206858326015208e-14,False,none,0.0,,reconstructed_from_r2_by_dim
paper1_phaseB_v1,C:\Users\joedicke\Documents\reps\EvoODE\experiments\paper1_phaseB_v1\run_registry.csv,run_registry,549,record,29,2,pretune_off,2,0.9888584769752544,0.990464189389308,True,True,0.001605712414053606,False,none,0.0,,reconstructed_from_r2_by_dim
paper1_phaseB_v1,C:\Users\joedicke\Documents\reps\EvoODE\experiments\paper1_phaseB_v1\run_registry.csv,run_registry,550,record,29,2,pretune_off,2,0.9991527396131104,0.9994339547834644,True,True,0.0002812151703540655,False,none,0.0,,reconstructed_from_r2_by_dim
paper1_phaseB_v1,C:\Users\joedicke\Documents\reps\EvoODE\experiments\paper1_phaseB_v1\run_registry.csv,run_registry,551,record,29,2,pretune_off,2,0.9888584763143888,0.9904641893893159,True,True,0.0016057130749270732,False,none,0.0,,reconstructed_from_r2_by_dim
paper1_phaseB_v1,C:\Users\joedicke\Documents\reps\EvoODE\experiments\paper1_phaseB_v1\run_registry.csv,run_registry,552,record,30,2,pretune_off,1,0.9836863057724343,0.9836025158700572,True,True,-8.378990237711825e-05,False,none,1.1102230246251565e-16,,reconstructed_from_r2_by_dim
paper1_phaseB_v1,C:\Users\joedicke\Documents\reps\EvoODE\experiments\paper1_phaseB_v1\run_registry.csv,run_registry,553,record,30,2,pretune_off,1,0.9836863057581653,0.9836025158700565,True,True,-8.378988810875398e-05,False,none,1.1102230246251565e-16,,reconstructed_from_r2_by_dim
paper1_phaseB_v1,C:\Users\joedicke\Documents\reps\EvoODE\experiments\paper1_phaseB_v1\run_registry.csv,run_registry,554,record,30,2,pretune_off,1,0.9836863057829975,0.9836025158700591,True,True,-8.378991293844784e-05,False,none,1.1102230246251565e-16,,reconstructed_from_r2_by_dim
paper1_phaseB_v1,C:\Users\joedicke\Documents\reps\EvoODE\experiments\paper1_phaseB_v1\run_registry.csv,run_registry,555,record,30,2,pretune_off,2,0.9923521907749356,0.9923473580525907,True,True,-4.832722344971785e-06,False,none,0.0,,reconstructed_from_r2_by_dim
paper1_phaseB_v1,C:\Users\joedicke\Documents\reps\EvoODE\experiments\paper1_phaseB_v1\run_registry.csv,run_registry,556,record,30,2,pretune_off,2,0.9923521906343753,0.9923473580525887,True,True,-4.832581786629042e-06,False,none,1.1102230246251565e-16,,reconstructed_from_r2_by_dim
paper1_phaseB_v1,C:\Users\joedicke\Documents\reps\EvoODE\experiments\paper1_phaseB_v1\run_registry.csv,run_registry,557,record,30,2,pretune_off,2,0.9923521907222514,0.9923473580525874,True,True,-4.832669664001088e-06,False,none,0.0,,reconstructed_from_r2_by_dim
paper1_phaseB_v1,C:\Users\joedicke\Documents\reps\EvoODE\experiments\paper1_phaseB_v1\run_registry.csv,run_registry,558,record,31,2,pretune_off,1,0.9999625244209376,0.9999634703395799,True,True,9.459186423033117e-07,False,none,0.0,,reconstructed_from_r2_by_dim
paper1_phaseB_v1,C:\Users\joedicke\Documents\reps\EvoODE\experiments\paper1_phaseB_v1\run_registry.csv,run_registry,559,record,31,2,pretune_off,1,0.9999475153209383,0.9999489985315141,True,True,1.483210575803362e-06,False,none,1.1102230246251565e-16,,reconstructed_from_r2_by_dim
paper1_phaseB_v1,C:\Users\joedicke\Documents\reps\EvoODE\experiments\paper1_phaseB_v1\run_registry.csv,run_registry,560,record,31,2,pretune_off,1,0.9999472442294092,0.9999481957253716,True,True,9.514959624645769e-07,False,none,0.0,,reconstructed_from_r2_by_dim
paper1_phaseB_v1,C:\Users\joedicke\Documents\reps\EvoODE\experiments\paper1_phaseB_v1\run_registry.csv,run_registry,561,record,31,2,pretune_off,2,0.9999999999968122,0.99999999999941,True,True,2.5978108553204038e-12,False,none,0.0,,reconstructed_from_r2_by_dim
paper1_phaseB_v1,C:\Users\joedicke\Documents\reps\EvoODE\experiments\paper1_phaseB_v1\run_registry.csv,run_registry,562,record,31,2,pretune_off,2,0.9999999999967952,0.9999999999994093,True,True,2.614020111479931e-12,False,none,0.0,,reconstructed_from_r2_by_dim
paper1_phaseB_v1,C:\Users\joedicke\Documents\reps\EvoODE\experiments\paper1_phaseB_v1\run_registry.csv,run_registry,563,record,31,2,pretune_off,2,0.9999999999968094,0.9999999999994175,True,True,2.6080249071469552e-12,False,none,0.0,,reconstructed_from_r2_by_dim
paper1_phaseB_v1,C:\Users\joedicke\Documents\reps\EvoODE\experiments\paper1_phaseB_v1\run_registry.csv,run_registry,564,record,32,2,pretune_off,1,0.9999999999894782,0.9999999999893802,True,True,-9.803269307440132e-14,False,none,0.0,,reconstructed_from_r2_by_dim
paper1_phaseB_v1,C:\Users\joedicke\Documents\reps\EvoODE\experiments\paper1_phaseB_v1\run_registry.csv,run_registry,565,record,32,2,pretune_off,1,0.9999999999989795,0.9999999999989688,True,True,-1.0658141036401503e-14,False,none,1.1102230246251565e-16,,reconstructed_from_r2_by_dim
paper1_phaseB_v1,C:\Users\joedicke\Documents\reps\EvoODE\experiments\paper1_phaseB_v1\run_registry.csv,run_registry,566,record,32,2,pretune_off,1,0.9999999998552096,0.9999999998547449,True,True,-4.647393581080905e-13,False,none,0.0,,reconstructed_from_r2_by_dim
paper1_phaseB_v1,C:\Users\joedicke\Documents\reps\EvoODE\experiments\paper1_phaseB_v1\run_registry.csv,run_registry,567,record,32,2,pretune_off,2,0.9874747509571034,0.985157089854869,True,True,-0.002317661102234303,False,none,0.0,,reconstructed_from_r2_by_dim
paper1_phaseB_v1,C:\Users\joedicke\Documents\reps\EvoODE\experiments\paper1_phaseB_v1\run_registry.csv,run_registry,568,record,32,2,pretune_off,2,0.8156144333306687,0.9094615947372088,False,True,0.09384716140654004,True,arithmetic_le_0_9_to_variance_weighted_gt_0_9,0.0,,reconstructed_from_r2_by_dim
paper1_phaseB_v1,C:\Users\joedicke\Documents\reps\EvoODE\experiments\paper1_phaseB_v1\run_registry.csv,run_registry,569,record,32,2,pretune_off,2,0.9999999869992715,0.9999999871317884,True,True,1.3251688635307346e-10,False,none,1.1102230246251565e-16,,reconstructed_from_r2_by_dim
paper1_phaseB_v1,C:\Users\joedicke\Documents\reps\EvoODE\experiments\paper1_phaseB_v1\run_registry.csv,run_registry,570,record,33,2,pretune_off,1,0.9994412811069693,0.9998670831337734,True,True,0.00042580202680408963,False,none,1.1102230246251565e-16,,reconstructed_from_r2_by_dim
paper1_phaseB_v1,C:\Users\joedicke\Documents\reps\EvoODE\experiments\paper1_phaseB_v1\run_registry.csv,run_registry,571,record,33,2,pretune_off,1,0.9995233228714345,0.9998610424688593,True,True,0.0003377195974247904,False,none,1.1102230246251565e-16,,reconstructed_from_r2_by_dim
paper1_phaseB_v1,C:\Users\joedicke\Documents\reps\EvoODE\experiments\paper1_phaseB_v1\run_registry.csv,run_registry,572,record,33,2,pretune_off,1,0.9994354847719026,0.9998670445882188,True,True,0.0004315598163162626,False,none,0.0,,reconstructed_from_r2_by_dim
paper1_phaseB_v1,C:\Users\joedicke\Documents\reps\EvoODE\experiments\paper1_phaseB_v1\run_registry.csv,run_registry,573,record,33,2,pretune_off,2,0.9999383679930214,0.9999249299476876,True,True,-1.3438045333824533e-05,False,none,0.0,,reconstructed_from_r2_by_dim
paper1_phaseB_v1,C:\Users\joedicke\Documents\reps\EvoODE\experiments\paper1_phaseB_v1\run_registry.csv,run_registry,574,record,33,2,pretune_off,2,0.9851095776427825,0.9979785886387842,True,True,0.012869010996001684,False,none,1.1102230246251565e-16,,reconstructed_from_r2_by_dim
paper1_phaseB_v1,C:\Users\joedicke\Documents\reps\EvoODE\experiments\paper1_phaseB_v1\run_registry.csv,run_registry,575,record,33,2,pretune_off,2,0.986117315064232,0.9980607692480847,True,True,0.011943454183852786,False,none,0.0,,reconstructed_from_r2_by_dim
paper1_phaseB_v1,C:\Users\joedicke\Documents\reps\EvoODE\experiments\paper1_phaseB_v1\run_registry.csv,run_registry,576,record,34,2,pretune_off,1,0.9996522853444874,0.9997487239413411,True,True,9.643859685370959e-05,False,none,0.0,,reconstructed_from_r2_by_dim
paper1_phaseB_v1,C:\Users\joedicke\Documents\reps\EvoODE\experiments\paper1_phaseB_v1\run_registry.csv,run_registry,577,record,34,2,pretune_off,1,0.9997002506074912,0.9997833396556879,True,True,8.308904819664953e-05,False,none,0.0,,reconstructed_from_r2_by_dim
paper1_phaseB_v1,C:\Users\joedicke\Documents\reps\EvoODE\experiments\paper1_phaseB_v1\run_registry.csv,run_registry,578,record,34,2,pretune_off,1,0.999652514835637,0.9997487986810827,True,True,9.628384544568824e-05,False,none,0.0,,reconstructed_from_r2_by_dim
paper1_phaseB_v1,C:\Users\joedicke\Documents\reps\EvoODE\experiments\paper1_phaseB_v1\run_registry.csv,run_registry,579,record,34,2,pretune_off,2,0.9999499919300142,0.9999692575046751,True,True,1.9265574660920493e-05,False,none,0.0,,reconstructed_from_r2_by_dim
paper1_phaseB_v1,C:\Users\joedicke\Documents\reps\EvoODE\experiments\paper1_phaseB_v1\run_registry.csv,run_registry,580,record,34,2,pretune_off,2,0.9999499919285411,0.9999692575046758,True,True,1.9265576134741558e-05,False,none,1.1102230246251565e-16,,reconstructed_from_r2_by_dim
paper1_phaseB_v1,C:\Users\joedicke\Documents\reps\EvoODE\experiments\paper1_phaseB_v1\run_registry.csv,run_registry,581,record,34,2,pretune_off,2,0.9999490625567387,0.9999679868185343,True,True,1.892426179561646e-05,False,none,1.1102230246251565e-16,,reconstructed_from_r2_by_dim
paper1_phaseB_v1,C:\Users\joedicke\Documents\reps\EvoODE\experiments\paper1_phaseB_v1\run_registry.csv,run_registry,582,record,35,2,pretune_off,1,0.9683245876053804,0.9670692450258869,True,True,-0.0012553425794935569,False,none,0.0,,reconstructed_from_r2_by_dim
paper1_phaseB_v1,C:\Users\joedicke\Documents\reps\EvoODE\experiments\paper1_phaseB_v1\run_registry.csv,run_registry,583,record,35,2,pretune_off,1,0.9197348195473594,0.9166163492900771,True,True,-0.003118470257282291,False,none,0.0,,reconstructed_from_r2_by_dim
paper1_phaseB_v1,C:\Users\joedicke\Documents\reps\EvoODE\experiments\paper1_phaseB_v1\run_registry.csv,run_registry,584,record,35,2,pretune_off,1,0.969326778396255,0.9682608582158317,True,True,-0.0010659201804232854,False,none,0.0,,reconstructed_from_r2_by_dim
paper1_phaseB_v1,C:\Users\joedicke\Documents\reps\EvoODE\experiments\paper1_phaseB_v1\run_registry.csv,run_registry,585,record,35,2,pretune_off,2,0.9963433954933233,0.9964696706540982,True,True,0.00012627516077490242,False,none,1.1102230246251565e-16,,reconstructed_from_r2_by_dim
paper1_phaseB_v1,C:\Users\joedicke\Documents\reps\EvoODE\experiments\paper1_phaseB_v1\run_registry.csv,run_registry,586,record,35,2,pretune_off,2,0.9961746478373534,0.9961373973613799,True,True,-3.725047597358255e-05,False,none,0.0,,reconstructed_from_r2_by_dim
paper1_phaseB_v1,C:\Users\joedicke\Documents\reps\EvoODE\experiments\paper1_phaseB_v1\run_registry.csv,run_registry,587,record,35,2,pretune_off,2,0.9960482155276438,0.9959116320878989,True,True,-0.00013658343974487508,False,none,0.0,,reconstructed_from_r2_by_dim
paper1_phaseB_v1,C:\Users\joedicke\Documents\reps\EvoODE\experiments\paper1_phaseB_v1\run_registry.csv,run_registry,588,record,36,2,pretune_off,1,0.999793454291912,0.9998153949723464,True,True,2.1940680434373583e-05,False,none,0.0,,reconstructed_from_r2_by_dim
paper1_phaseB_v1,C:\Users\joedicke\Documents\reps\EvoODE\experiments\paper1_phaseB_v1\run_registry.csv,run_registry,589,record,36,2,pretune_off,1,0.9997934543402085,0.9998153949723471,True,True,2.194063213856179e-05,False,none,1.1102230246251565e-16,,reconstructed_from_r2_by_dim
paper1_phaseB_v1,C:\Users\joedicke\Documents\reps\EvoODE\experiments\paper1_phaseB_v1\run_registry.csv,run_registry,590,record,36,2,pretune_off,1,0.9997978418451934,0.9998180000983413,True,True,2.0158253147939398e-05,False,none,0.0,,reconstructed_from_r2_by_dim
paper1_phaseB_v1,C:\Users\joedicke\Documents\reps\EvoODE\experiments\paper1_phaseB_v1\run_registry.csv,run_registry,591,record,36,2,pretune_off,2,0.9990767808277615,0.9991041841495825,True,True,2.7403321820940185e-05,False,none,1.1102230246251565e-16,,reconstructed_from_r2_by_dim
paper1_phaseB_v1,C:\Users\joedicke\Documents\reps\EvoODE\experiments\paper1_phaseB_v1\run_registry.csv,run_registry,592,record,36,2,pretune_off,2,0.9990767808437494,0.9991041841495828,True,True,2.7403305833395564e-05,False,none,0.0,,reconstructed_from_r2_by_dim
paper1_phaseB_v1,C:\Users\joedicke\Documents\reps\EvoODE\experiments\paper1_phaseB_v1\run_registry.csv,run_registry,593,record,36,2,pretune_off,2,0.9990767808003881,0.9991041841495825,True,True,2.7403349194377036e-05,False,none,1.1102230246251565e-16,,reconstructed_from_r2_by_dim
paper1_phaseB_v1,C:\Users\joedicke\Documents\reps\EvoODE\experiments\paper1_phaseB_v1\run_registry.csv,run_registry,594,record,37,2,pretune_off,1,0.99122223992825,0.9916357157053411,True,True,0.0004134757770911657,False,none,0.0,,reconstructed_from_r2_by_dim
paper1_phaseB_v1,C:\Users\joedicke\Documents\reps\EvoODE\experiments\paper1_phaseB_v1\run_registry.csv,run_registry,595,record,37,2,pretune_off,1,0.9948273443120135,0.9950063026589339,True,True,0.00017895834692038814,False,none,1.1102230246251565e-16,,reconstructed_from_r2_by_dim
paper1_phaseB_v1,C:\Users\joedicke\Documents\reps\EvoODE\experiments\paper1_phaseB_v1\run_registry.csv,run_registry,596,record,37,2,pretune_off,1,0.9895843163271717,0.9899740012063236,True,True,0.0003896848791519192,False,none,1.1102230246251565e-16,,reconstructed_from_r2_by_dim
paper1_phaseB_v1,C:\Users\joedicke\Documents\reps\EvoODE\experiments\paper1_phaseB_v1\run_registry.csv,run_registry,597,record,37,2,pretune_off,2,0.9867525632137901,0.9865097491523073,True,True,-0.00024281406148285445,False,none,1.1102230246251565e-16,,reconstructed_from_r2_by_dim
paper1_phaseB_v1,C:\Users\joedicke\Documents\reps\EvoODE\experiments\paper1_phaseB_v1\run_registry.csv,run_registry,598,record,37,2,pretune_off,2,0.9754578806622366,0.9741907461669419,True,True,-0.0012671344952946972,False,none,0.0,,reconstructed_from_r2_by_dim
paper1_phaseB_v1,C:\Users\joedicke\Documents\reps\EvoODE\experiments\paper1_phaseB_v1\run_registry.csv,run_registry,599,record,37,2,pretune_off,2,0.9844696513284924,0.983551882678096,True,True,-0.0009177686503963889,False,none,0.0,,reconstructed_from_r2_by_dim
paper1_phaseB_v1,C:\Users\joedicke\Documents\reps\EvoODE\experiments\paper1_phaseB_v1\run_registry.csv,run_registry,600,record,38,2,pretune_off,1,0.9999999999910083,0.9999999999949529,True,True,3.944622406493181e-12,False,none,1.1102230246251565e-16,,reconstructed_from_r2_by_dim
paper1_phaseB_v1,C:\Users\joedicke\Documents\reps\EvoODE\experiments\paper1_phaseB_v1\run_registry.csv,run_registry,601,record,38,2,pretune_off,1,0.9999999999896569,0.9999999999949265,True,True,5.269562564080843e-12,False,none,1.1102230246251565e-16,,reconstructed_from_r2_by_dim
paper1_phaseB_v1,C:\Users\joedicke\Documents\reps\EvoODE\experiments\paper1_phaseB_v1\run_registry.csv,run_registry,602,record,38,2,pretune_off,1,0.9999999999892725,0.9999999999948894,True,True,5.6169513484860545e-12,False,none,1.1102230246251565e-16,,reconstructed_from_r2_by_dim
paper1_phaseB_v1,C:\Users\joedicke\Documents\reps\EvoODE\experiments\paper1_phaseB_v1\run_registry.csv,run_registry,603,record,38,2,pretune_off,2,0.9999999999908666,0.999999999992853,True,True,1.98641103565933e-12,False,none,0.0,,reconstructed_from_r2_by_dim
paper1_phaseB_v1,C:\Users\joedicke\Documents\reps\EvoODE\experiments\paper1_phaseB_v1\run_registry.csv,run_registry,604,record,38,2,pretune_off,2,0.9999999999921629,0.9999999999931629,True,True,9.999778782798785e-13,False,none,1.1102230246251565e-16,,reconstructed_from_r2_by_dim
paper1_phaseB_v1,C:\Users\joedicke\Documents\reps\EvoODE\experiments\paper1_phaseB_v1\run_registry.csv,run_registry,605,record,38,2,pretune_off,2,0.9999999999928705,0.9999999999932757,True,True,4.0523140398818214e-13,False,none,1.1102230246251565e-16,,reconstructed_from_r2_by_dim
paper1_phaseB_v1,C:\Users\joedicke\Documents\reps\EvoODE\experiments\paper1_phaseB_v1\run_registry.csv,run_registry,606,record,39,2,pretune_off,1,0.9535047313300553,0.9481812418264308,True,True,-0.00532348950362449,False,none,1.1102230246251565e-16,,reconstructed_from_r2_by_dim
paper1_phaseB_v1,C:\Users\joedicke\Documents\reps\EvoODE\experiments\paper1_phaseB_v1\run_registry.csv,run_registry,607,record,39,2,pretune_off,1,0.9535047348191364,0.9481812418265908,True,True,-0.005323492992545642,False,none,0.0,,reconstructed_from_r2_by_dim
paper1_phaseB_v1,C:\Users\joedicke\Documents\reps\EvoODE\experiments\paper1_phaseB_v1\run_registry.csv,run_registry,608,record,39,2,pretune_off,1,0.9535047340218543,0.9481812418266033,True,True,-0.005323492195250967,False,none,1.1102230246251565e-16,,reconstructed_from_r2_by_dim
paper1_phaseB_v1,C:\Users\joedicke\Documents\reps\EvoODE\experiments\paper1_phaseB_v1\run_registry.csv,run_registry,609,record,39,2,pretune_off,2,0.9802198386222805,0.9825627985384893,True,True,0.002342959916208809,False,none,1.1102230246251565e-16,,reconstructed_from_r2_by_dim
paper1_phaseB_v1,C:\Users\joedicke\Documents\reps\EvoODE\experiments\paper1_phaseB_v1\run_registry.csv,run_registry,610,record,39,2,pretune_off,2,0.9802198390407495,0.9825627985384844,True,True,0.0023429594977348867,False,none,1.1102230246251565e-16,,reconstructed_from_r2_by_dim
paper1_phaseB_v1,C:\Users\joedicke\Documents\reps\EvoODE\experiments\paper1_phaseB_v1\run_registry.csv,run_registry,611,record,39,2,pretune_off,2,0.980219838509915,0.9825627985384905,True,True,0.0023429600285754804,False,none,0.0,,reconstructed_from_r2_by_dim
paper1_phaseB_v1,C:\Users\joedicke\Documents\reps\EvoODE\experiments\paper1_phaseB_v1\run_registry.csv,run_registry,612,record,40,2,pretune_off,1,0.9559790771313355,0.9569626689262875,True,True,0.000983591794951999,False,none,1.1102230246251565e-16,,reconstructed_from_r2_by_dim
paper1_phaseB_v1,C:\Users\joedicke\Documents\reps\EvoODE\experiments\paper1_phaseB_v1\run_registry.csv,run_registry,613,record,40,2,pretune_off,1,0.9559790775707555,0.9569626689263897,True,True,0.0009835913556341946,False,none,1.1102230246251565e-16,,reconstructed_from_r2_by_dim
paper1_phaseB_v1,C:\Users\joedicke\Documents\reps\EvoODE\experiments\paper1_phaseB_v1\run_registry.csv,run_registry,614,record,40,2,pretune_off,1,0.9559790791763875,0.9569626689262464,True,True,0.0009835897498589041,False,none,1.1102230246251565e-16,,reconstructed_from_r2_by_dim
paper1_phaseB_v1,C:\Users\joedicke\Documents\reps\EvoODE\experiments\paper1_phaseB_v1\run_registry.csv,run_registry,615,record,40,2,pretune_off,2,0.9775947196072639,0.9767797534482547,True,True,-0.0008149661590091117,False,none,1.1102230246251565e-16,,reconstructed_from_r2_by_dim
paper1_phaseB_v1,C:\Users\joedicke\Documents\reps\EvoODE\experiments\paper1_phaseB_v1\run_registry.csv,run_registry,616,record,40,2,pretune_off,2,0.9693751858841255,0.9684719590895567,True,True,-0.0009032267945687789,False,none,1.1102230246251565e-16,,reconstructed_from_r2_by_dim
paper1_phaseB_v1,C:\Users\joedicke\Documents\reps\EvoODE\experiments\paper1_phaseB_v1\run_registry.csv,run_registry,617,record,40,2,pretune_off,2,0.9695380928488487,0.9684820527214215,True,True,-0.0010560401274272158,False,none,1.1102230246251565e-16,,reconstructed_from_r2_by_dim
paper1_phaseB_v1,C:\Users\joedicke\Documents\reps\EvoODE\experiments\paper1_phaseB_v1\run_registry.csv,run_registry,618,record,41,2,pretune_off,1,0.9758890365045323,0.9762844853192584,True,True,0.00039544881472608484,False,none,1.1102230246251565e-16,,reconstructed_from_r2_by_dim
paper1_phaseB_v1,C:\Users\joedicke\Documents\reps\EvoODE\experiments\paper1_phaseB_v1\run_registry.csv,run_registry,619,record,41,2,pretune_off,1,0.9763527709053751,0.9768955768741101,True,True,0.0005428059687350162,False,none,1.1102230246251565e-16,,reconstructed_from_r2_by_dim
paper1_phaseB_v1,C:\Users\joedicke\Documents\reps\EvoODE\experiments\paper1_phaseB_v1\run_registry.csv,run_registry,620,record,41,2,pretune_off,1,0.9772423641860369,0.9782928688060396,True,True,0.001050504620002668,False,none,1.1102230246251565e-16,,reconstructed_from_r2_by_dim
paper1_phaseB_v1,C:\Users\joedicke\Documents\reps\EvoODE\experiments\paper1_phaseB_v1\run_registry.csv,run_registry,621,record,41,2,pretune_off,2,0.9698145697623737,0.9760168717464441,True,True,0.006202301984070457,False,none,1.1102230246251565e-16,,reconstructed_from_r2_by_dim
paper1_phaseB_v1,C:\Users\joedicke\Documents\reps\EvoODE\experiments\paper1_phaseB_v1\run_registry.csv,run_registry,622,record,41,2,pretune_off,2,0.9610195339280212,0.9696523342510072,True,True,0.008632800322985967,False,none,0.0,,reconstructed_from_r2_by_dim
paper1_phaseB_v1,C:\Users\joedicke\Documents\reps\EvoODE\experiments\paper1_phaseB_v1\run_registry.csv,run_registry,623,record,41,2,pretune_off,2,0.9669562829050499,0.9740890919216735,True,True,0.007132809016623609,False,none,1.1102230246251565e-16,,reconstructed_from_r2_by_dim
paper1_phaseB_v1,C:\Users\joedicke\Documents\reps\EvoODE\experiments\paper1_phaseB_v1\run_registry.csv,run_registry,624,record,42,2,pretune_off,1,0.9122882877835075,0.9275140855993492,True,True,0.015225797815841768,False,none,1.1102230246251565e-16,,reconstructed_from_r2_by_dim
paper1_phaseB_v1,C:\Users\joedicke\Documents\reps\EvoODE\experiments\paper1_phaseB_v1\run_registry.csv,run_registry,625,record,42,2,pretune_off,1,0.9110067079453723,0.9284098398599301,True,True,0.01740313191455778,False,none,1.1102230246251565e-16,,reconstructed_from_r2_by_dim
paper1_phaseB_v1,C:\Users\joedicke\Documents\reps\EvoODE\experiments\paper1_phaseB_v1\run_registry.csv,run_registry,626,record,42,2,pretune_off,1,0.9430080964754542,0.9519355765957044,True,True,0.00892748012025013,False,none,0.0,,reconstructed_from_r2_by_dim
paper1_phaseB_v1,C:\Users\joedicke\Documents\reps\EvoODE\experiments\paper1_phaseB_v1\run_registry.csv,run_registry,627,record,42,2,pretune_off,2,0.9797229372475789,0.9831864251458513,True,True,0.0034634878982724437,False,none,1.1102230246251565e-16,,reconstructed_from_r2_by_dim
paper1_phaseB_v1,C:\Users\joedicke\Documents\reps\EvoODE\experiments\paper1_phaseB_v1\run_registry.csv,run_registry,628,record,42,2,pretune_off,2,0.9799785164395557,0.9832998522432359,True,True,0.0033213358036802143,False,none,1.1102230246251565e-16,,reconstructed_from_r2_by_dim
paper1_phaseB_v1,C:\Users\joedicke\Documents\reps\EvoODE\experiments\paper1_phaseB_v1\run_registry.csv,run_registry,629,record,42,2,pretune_off,2,0.9817359526535903,0.9846720853786932,True,True,0.002936132725102958,False,none,1.1102230246251565e-16,,reconstructed_from_r2_by_dim
paper1_phaseB_v1,C:\Users\joedicke\Documents\reps\EvoODE\experiments\paper1_phaseB_v1\run_registry.csv,run_registry,630,record,43,2,pretune_off,1,0.9808885178824462,0.9990285191346012,True,True,0.01814000125215498,False,none,0.0,,reconstructed_from_r2_by_dim
paper1_phaseB_v1,C:\Users\joedicke\Documents\reps\EvoODE\experiments\paper1_phaseB_v1\run_registry.csv,run_registry,631,record,43,2,pretune_off,1,0.9811152501338255,0.9989941934747097,True,True,0.017878943340884246,False,none,1.1102230246251565e-16,,reconstructed_from_r2_by_dim
paper1_phaseB_v1,C:\Users\joedicke\Documents\reps\EvoODE\experiments\paper1_phaseB_v1\run_registry.csv,run_registry,632,record,43,2,pretune_off,1,0.9810033426343372,0.9990510727607901,True,True,0.018047730126452888,False,none,0.0,,reconstructed_from_r2_by_dim
paper1_phaseB_v1,C:\Users\joedicke\Documents\reps\EvoODE\experiments\paper1_phaseB_v1\run_registry.csv,run_registry,633,record,43,2,pretune_off,2,0.8876635197696345,0.9982904592029336,False,True,0.11062693943329904,True,arithmetic_le_0_9_to_variance_weighted_gt_0_9,0.0,,reconstructed_from_r2_by_dim
paper1_phaseB_v1,C:\Users\joedicke\Documents\reps\EvoODE\experiments\paper1_phaseB_v1\run_registry.csv,run_registry,634,record,43,2,pretune_off,2,0.8849214005163645,0.9982807103875931,False,True,0.11335930987122866,True,arithmetic_le_0_9_to_variance_weighted_gt_0_9,0.0,,reconstructed_from_r2_by_dim
paper1_phaseB_v1,C:\Users\joedicke\Documents\reps\EvoODE\experiments\paper1_phaseB_v1\run_registry.csv,run_registry,635,record,43,2,pretune_off,2,0.9816772957551798,0.9997305550351746,True,True,0.018053259279994793,False,none,0.0,,reconstructed_from_r2_by_dim
paper1_phaseB_v1,C:\Users\joedicke\Documents\reps\EvoODE\experiments\paper1_phaseB_v1\run_registry.csv,run_registry,636,record,44,2,pretune_off,1,0.9678915700941252,0.9989052658535996,True,True,0.031013695759474436,False,none,0.0,,reconstructed_from_r2_by_dim
paper1_phaseB_v1,C:\Users\joedicke\Documents\reps\EvoODE\experiments\paper1_phaseB_v1\run_registry.csv,run_registry,637,record,44,2,pretune_off,1,0.9678915843449789,0.9989052658537179,True,True,0.031013681508738955,False,none,1.1102230246251565e-16,,reconstructed_from_r2_by_dim
paper1_phaseB_v1,C:\Users\joedicke\Documents\reps\EvoODE\experiments\paper1_phaseB_v1\run_registry.csv,run_registry,638,record,44,2,pretune_off,1,0.9648127371465642,0.9987934642757361,True,True,0.033980727129171884,False,none,0.0,,reconstructed_from_r2_by_dim
paper1_phaseB_v1,C:\Users\joedicke\Documents\reps\EvoODE\experiments\paper1_phaseB_v1\run_registry.csv,run_registry,639,record,44,2,pretune_off,2,0.9903736205159106,0.9998513136329219,True,True,0.009477693117011299,False,none,0.0,,reconstructed_from_r2_by_dim
paper1_phaseB_v1,C:\Users\joedicke\Documents\reps\EvoODE\experiments\paper1_phaseB_v1\run_registry.csv,run_registry,640,record,44,2,pretune_off,2,0.7346260755092797,0.9963766547098054,False,True,0.2617505792005257,True,arithmetic_le_0_9_to_variance_weighted_gt_0_9,0.0,,reconstructed_from_r2_by_dim
paper1_phaseB_v1,C:\Users\joedicke\Documents\reps\EvoODE\experiments\paper1_phaseB_v1\run_registry.csv,run_registry,641,record,44,2,pretune_off,2,0.9906318709938275,0.9998471796104058,True,True,0.009215308616578266,False,none,0.0,,reconstructed_from_r2_by_dim
paper1_phaseB_v1,C:\Users\joedicke\Documents\reps\EvoODE\experiments\paper1_phaseB_v1\run_registry.csv,run_registry,642,record,45,2,pretune_off,1,0.9994126706958126,0.9996183023748737,True,True,0.00020563167906106905,False,none,0.0,,reconstructed_from_r2_by_dim
paper1_phaseB_v1,C:\Users\joedicke\Documents\reps\EvoODE\experiments\paper1_phaseB_v1\run_registry.csv,run_registry,643,record,45,2,pretune_off,1,0.9940905208419212,0.9980642025698477,True,True,0.003973681727926559,False,none,0.0,,reconstructed_from_r2_by_dim
paper1_phaseB_v1,C:\Users\joedicke\Documents\reps\EvoODE\experiments\paper1_phaseB_v1\run_registry.csv,run_registry,644,record,45,2,pretune_off,1,0.9994126705709465,0.9996183023709672,True,True,0.00020563180002064474,False,none,1.1102230246251565e-16,,reconstructed_from_r2_by_dim
paper1_phaseB_v1,C:\Users\joedicke\Documents\reps\EvoODE\experiments\paper1_phaseB_v1\run_registry.csv,run_registry,645,record,45,2,pretune_off,2,0.9257423070104764,0.99805699209941,True,True,0.07231468508893357,False,none,0.0,,reconstructed_from_r2_by_dim
paper1_phaseB_v1,C:\Users\joedicke\Documents\reps\EvoODE\experiments\paper1_phaseB_v1\run_registry.csv,run_registry,646,record,45,2,pretune_off,2,0.925742276168206,0.9980569920999208,True,True,0.07231471593171479,False,none,0.0,,reconstructed_from_r2_by_dim
paper1_phaseB_v1,C:\Users\joedicke\Documents\reps\EvoODE\experiments\paper1_phaseB_v1\run_registry.csv,run_registry,647,record,45,2,pretune_off,2,0.9257423315938047,0.9980569921030295,True,True,0.07231466050922475,False,none,1.1102230246251565e-16,,reconstructed_from_r2_by_dim
paper1_phaseB_v1,C:\Users\joedicke\Documents\reps\EvoODE\experiments\paper1_phaseB_v1\run_registry.csv,run_registry,648,record,46,2,pretune_off,1,0.8088552114553993,0.9490885471863009,False,True,0.14023333573090158,True,arithmetic_le_0_9_to_variance_weighted_gt_0_9,0.0,,reconstructed_from_r2_by_dim
paper1_phaseB_v1,C:\Users\joedicke\Documents\reps\EvoODE\experiments\paper1_phaseB_v1\run_registry.csv,run_registry,649,record,46,2,pretune_off,1,0.8088552114553956,0.9490885471862989,False,True,0.14023333573090324,True,arithmetic_le_0_9_to_variance_weighted_gt_0_9,0.0,,reconstructed_from_r2_by_dim
paper1_phaseB_v1,C:\Users\joedicke\Documents\reps\EvoODE\experiments\paper1_phaseB_v1\run_registry.csv,run_registry,650,record,46,2,pretune_off,1,0.8088552114554013,0.9490885471863024,False,True,0.14023333573090113,True,arithmetic_le_0_9_to_variance_weighted_gt_0_9,0.0,,reconstructed_from_r2_by_dim
paper1_phaseB_v1,C:\Users\joedicke\Documents\reps\EvoODE\experiments\paper1_phaseB_v1\run_registry.csv,run_registry,651,record,46,2,pretune_off,2,0.9964055080956444,0.9959491103581376,True,True,-0.00045639773750683066,False,none,0.0,,reconstructed_from_r2_by_dim
paper1_phaseB_v1,C:\Users\joedicke\Documents\reps\EvoODE\experiments\paper1_phaseB_v1\run_registry.csv,run_registry,652,record,46,2,pretune_off,2,0.9964055080961917,0.9959491103581375,True,True,-0.0004563977380541706,False,none,1.1102230246251565e-16,,reconstructed_from_r2_by_dim
paper1_phaseB_v1,C:\Users\joedicke\Documents\reps\EvoODE\experiments\paper1_phaseB_v1\run_registry.csv,run_registry,653,record,46,2,pretune_off,2,0.9964055080966031,0.9959491103581393,True,True,-0.0004563977384638429,False,none,1.1102230246251565e-16,,reconstructed_from_r2_by_dim
paper1_phaseB_v1,C:\Users\joedicke\Documents\reps\EvoODE\experiments\paper1_phaseB_v1\run_registry.csv,run_registry,654,record,47,2,pretune_off,1,0.7516371986730291,0.753453041941881,False,False,0.0018158432688518689,False,none,0.0,,reconstructed_from_r2_by_dim
paper1_phaseB_v1,C:\Users\joedicke\Documents\reps\EvoODE\experiments\paper1_phaseB_v1\run_registry.csv,run_registry,655,record,47,2,pretune_off,1,0.7516370369982905,0.7534530420092427,False,False,0.0018160050109521375,False,none,0.0,,reconstructed_from_r2_by_dim
paper1_phaseB_v1,C:\Users\joedicke\Documents\reps\EvoODE\experiments\paper1_phaseB_v1\run_registry.csv,run_registry,656,record,47,2,pretune_off,1,0.7516370949015643,0.7534530419434996,False,False,0.0018159470419353285,False,none,0.0,,reconstructed_from_r2_by_dim
paper1_phaseB_v1,C:\Users\joedicke\Documents\reps\EvoODE\experiments\paper1_phaseB_v1\run_registry.csv,run_registry,657,record,47,2,pretune_off,2,0.9994850604543675,0.9997821879620441,True,True,0.0002971275076766311,False,none,1.1102230246251565e-16,,reconstructed_from_r2_by_dim
paper1_phaseB_v1,C:\Users\joedicke\Documents\reps\EvoODE\experiments\paper1_phaseB_v1\run_registry.csv,run_registry,658,record,47,2,pretune_off,2,0.9995612479670412,0.9997914426963715,True,True,0.00023019472933039076,False,none,0.0,,reconstructed_from_r2_by_dim
paper1_phaseB_v1,C:\Users\joedicke\Documents\reps\EvoODE\experiments\paper1_phaseB_v1\run_registry.csv,run_registry,659,record,47,2,pretune_off,2,0.9993947344329399,0.9996436535270119,True,True,0.00024891909407198654,False,none,1.1102230246251565e-16,,reconstructed_from_r2_by_dim
paper1_phaseB_v1,C:\Users\joedicke\Documents\reps\EvoODE\experiments\paper1_phaseB_v1\run_registry.csv,run_registry,660,record,48,2,pretune_off,1,0.9974588505827554,0.9987227229891631,True,True,0.0012638724064076845,False,none,0.0,,reconstructed_from_r2_by_dim
paper1_phaseB_v1,C:\Users\joedicke\Documents\reps\EvoODE\experiments\paper1_phaseB_v1\run_registry.csv,run_registry,661,record,48,2,pretune_off,1,0.9971592558388669,0.9984928068135583,True,True,0.0013335509746914553,False,none,1.1102230246251565e-16,,reconstructed_from_r2_by_dim
paper1_phaseB_v1,C:\Users\joedicke\Documents\reps\EvoODE\experiments\paper1_phaseB_v1\run_registry.csv,run_registry,662,record,48,2,pretune_off,1,0.9972085804868572,0.9984732618402111,True,True,0.0012646813533538914,False,none,0.0,,reconstructed_from_r2_by_dim
paper1_phaseB_v1,C:\Users\joedicke\Documents\reps\EvoODE\experiments\paper1_phaseB_v1\run_registry.csv,run_registry,663,record,48,2,pretune_off,2,0.9991233097848051,0.9995468432443206,True,True,0.0004235334595155127,False,none,1.1102230246251565e-16,,reconstructed_from_r2_by_dim
paper1_phaseB_v1,C:\Users\joedicke\Documents\reps\EvoODE\experiments\paper1_phaseB_v1\run_registry.csv,run_registry,664,record,48,2,pretune_off,2,0.9960242123491287,0.9989555267664109,True,True,0.002931314417282116,False,none,0.0,,reconstructed_from_r2_by_dim
paper1_phaseB_v1,C:\Users\joedicke\Documents\reps\EvoODE\experiments\paper1_phaseB_v1\run_registry.csv,run_registry,665,record,48,2,pretune_off,2,0.9991102527834879,0.9995410738758231,True,True,0.0004308210923352762,False,none,1.1102230246251565e-16,,reconstructed_from_r2_by_dim
paper1_phaseB_v1,C:\Users\joedicke\Documents\reps\EvoODE\experiments\paper1_phaseB_v1\run_registry.csv,run_registry,666,record,49,2,pretune_off,1,0.9971772891911308,0.9976687027037072,True,True,0.0004914135125764219,False,none,0.0,,reconstructed_from_r2_by_dim
paper1_phaseB_v1,C:\Users\joedicke\Documents\reps\EvoODE\experiments\paper1_phaseB_v1\run_registry.csv,run_registry,667,record,49,2,pretune_off,1,0.9905808862109625,0.9929621204247365,True,True,0.0023812342137740083,False,none,1.1102230246251565e-16,,reconstructed_from_r2_by_dim
paper1_phaseB_v1,C:\Users\joedicke\Documents\reps\EvoODE\experiments\paper1_phaseB_v1\run_registry.csv,run_registry,668,record,49,2,pretune_off,1,0.9966658358763464,0.9974080828692518,True,True,0.000742246992905371,False,none,0.0,,reconstructed_from_r2_by_dim
paper1_phaseB_v1,C:\Users\joedicke\Documents\reps\EvoODE\experiments\paper1_phaseB_v1\run_registry.csv,run_registry,669,record,49,2,pretune_off,2,0.9989655539867851,0.9993687531059742,True,True,0.00040319911918906826,False,none,1.1102230246251565e-16,,reconstructed_from_r2_by_dim
paper1_phaseB_v1,C:\Users\joedicke\Documents\reps\EvoODE\experiments\paper1_phaseB_v1\run_registry.csv,run_registry,670,record,49,2,pretune_off,2,0.9931127729058833,0.9970661855600923,True,True,0.00395341265420901,False,none,1.1102230246251565e-16,,reconstructed_from_r2_by_dim
paper1_phaseB_v1,C:\Users\joedicke\Documents\reps\EvoODE\experiments\paper1_phaseB_v1\run_registry.csv,run_registry,671,record,49,2,pretune_off,2,0.9931127404298417,0.9970661855479516,True,True,0.003953445118109911,False,none,1.1102230246251565e-16,,reconstructed_from_r2_by_dim
paper1_phaseB_v1,C:\Users\joedicke\Documents\reps\EvoODE\experiments\paper1_phaseB_v1\run_registry.csv,run_registry,672,record,50,2,pretune_off,1,0.9952794950138922,0.9951900365411672,True,True,-8.94584727250125e-05,False,none,0.0,,reconstructed_from_r2_by_dim
paper1_phaseB_v1,C:\Users\joedicke\Documents\reps\EvoODE\experiments\paper1_phaseB_v1\run_registry.csv,run_registry,673,record,50,2,pretune_off,1,0.9972485555283421,0.997156622475277,True,True,-9.193305306509636e-05,False,none,1.1102230246251565e-16,,reconstructed_from_r2_by_dim
paper1_phaseB_v1,C:\Users\joedicke\Documents\reps\EvoODE\experiments\paper1_phaseB_v1\run_registry.csv,run_registry,674,record,50,2,pretune_off,1,0.9963746422747396,0.9963988628937979,True,True,2.4220619058268333e-05,False,none,0.0,,reconstructed_from_r2_by_dim
paper1_phaseB_v1,C:\Users\joedicke\Documents\reps\EvoODE\experiments\paper1_phaseB_v1\run_registry.csv,run_registry,675,record,50,2,pretune_off,2,0.9137355197790573,0.9115228959511313,True,True,-0.0022126238279259747,False,none,1.1102230246251565e-16,,reconstructed_from_r2_by_dim
paper1_phaseB_v1,C:\Users\joedicke\Documents\reps\EvoODE\experiments\paper1_phaseB_v1\run_registry.csv,run_registry,676,record,50,2,pretune_off,2,0.9137355348882271,0.9115228959503109,True,True,-0.0022126389379162337,False,none,1.1102230246251565e-16,,reconstructed_from_r2_by_dim
paper1_phaseB_v1,C:\Users\joedicke\Documents\reps\EvoODE\experiments\paper1_phaseB_v1\run_registry.csv,run_registry,677,record,50,2,pretune_off,2,0.913735517687212,0.911522895950857,True,True,-0.002212621736354947,False,none,0.0,,reconstructed_from_r2_by_dim
paper1_phaseB_v1,C:\Users\joedicke\Documents\reps\EvoODE\experiments\paper1_phaseB_v1\run_registry.csv,run_registry,678,record,51,2,pretune_off,1,0.9990901037286142,0.999086512235536,True,True,-3.5914930781588694e-06,False,none,0.0,,reconstructed_from_r2_by_dim
paper1_phaseB_v1,C:\Users\joedicke\Documents\reps\EvoODE\experiments\paper1_phaseB_v1\run_registry.csv,run_registry,679,record,51,2,pretune_off,1,0.9990923283823463,0.9990861324097916,True,True,-6.195972554690066e-06,False,none,1.1102230246251565e-16,,reconstructed_from_r2_by_dim
paper1_phaseB_v1,C:\Users\joedicke\Documents\reps\EvoODE\experiments\paper1_phaseB_v1\run_registry.csv,run_registry,680,record,51,2,pretune_off,1,0.999069964224734,0.9990729295654721,True,True,2.96534073807031e-06,False,none,0.0,,reconstructed_from_r2_by_dim
paper1_phaseB_v1,C:\Users\joedicke\Documents\reps\EvoODE\experiments\paper1_phaseB_v1\run_registry.csv,run_registry,681,record,51,2,pretune_off,2,0.9838478680524657,0.9896104333473287,True,True,0.005762565294862965,False,none,1.1102230246251565e-16,,reconstructed_from_r2_by_dim
paper1_phaseB_v1,C:\Users\joedicke\Documents\reps\EvoODE\experiments\paper1_phaseB_v1\run_registry.csv,run_registry,682,record,51,2,pretune_off,2,0.9841773843103518,0.9897816664592183,True,True,0.005604282148866435,False,none,0.0,,reconstructed_from_r2_by_dim
paper1_phaseB_v1,C:\Users\joedicke\Documents\reps\EvoODE\experiments\paper1_phaseB_v1\run_registry.csv,run_registry,683,record,51,2,pretune_off,2,0.9832681828914128,0.9880683797401223,True,True,0.00480019684870947,False,none,0.0,,reconstructed_from_r2_by_dim
paper1_phaseB_v1,C:\Users\joedicke\Documents\reps\EvoODE\experiments\paper1_phaseB_v1\run_registry.csv,run_registry,684,record,52,3,pretune_off,1,0.86019707468468,0.9482644739016128,False,True,0.08806739921693285,True,arithmetic_le_0_9_to_variance_weighted_gt_0_9,0.0,,reconstructed_from_r2_by_dim
paper1_phaseB_v1,C:\Users\joedicke\Documents\reps\EvoODE\experiments\paper1_phaseB_v1\run_registry.csv,run_registry,685,record,52,3,pretune_off,1,0.9840599705889747,0.9820224443432642,True,True,-0.002037526245710408,False,none,1.1102230246251565e-16,,reconstructed_from_r2_by_dim
paper1_phaseB_v1,C:\Users\joedicke\Documents\reps\EvoODE\experiments\paper1_phaseB_v1\run_registry.csv,run_registry,686,record,52,3,pretune_off,1,0.9647692411381598,0.978480279039806,True,True,0.013711037901646184,False,none,0.0,,reconstructed_from_r2_by_dim
paper1_phaseB_v1,C:\Users\joedicke\Documents\reps\EvoODE\experiments\paper1_phaseB_v1\run_registry.csv,run_registry,687,record,52,3,pretune_off,2,0.6088232884289727,0.883031919091935,False,False,0.2742086306629623,False,none,0.0,,reconstructed_from_r2_by_dim
paper1_phaseB_v1,C:\Users\joedicke\Documents\reps\EvoODE\experiments\paper1_phaseB_v1\run_registry.csv,run_registry,688,record,52,3,pretune_off,2,0.5215402234758603,0.8862596871402214,False,False,0.36471946366436114,False,none,0.0,,reconstructed_from_r2_by_dim
paper1_phaseB_v1,C:\Users\joedicke\Documents\reps\EvoODE\experiments\paper1_phaseB_v1\run_registry.csv,run_registry,689,record,52,3,pretune_off,2,0.380539910096689,0.8105137330484965,False,False,0.42997382295180747,False,none,0.0,,reconstructed_from_r2_by_dim
paper1_phaseB_v1,C:\Users\joedicke\Documents\reps\EvoODE\experiments\paper1_phaseB_v1\run_registry.csv,run_registry,690,record,53,3,pretune_off,1,0.5294111797407938,0.9984365171922513,False,True,0.4690253374514576,True,arithmetic_le_0_9_to_variance_weighted_gt_0_9,0.0,,reconstructed_from_r2_by_dim
paper1_phaseB_v1,C:\Users\joedicke\Documents\reps\EvoODE\experiments\paper1_phaseB_v1\run_registry.csv,run_registry,691,record,53,3,pretune_off,1,0.5273430409880431,0.9984508114883532,False,True,0.47110777050031016,True,arithmetic_le_0_9_to_variance_weighted_gt_0_9,0.0,,reconstructed_from_r2_by_dim
paper1_phaseB_v1,C:\Users\joedicke\Documents\reps\EvoODE\experiments\paper1_phaseB_v1\run_registry.csv,run_registry,692,record,53,3,pretune_off,1,0.4759921544510232,0.9995898508536794,False,True,0.5235976964026561,True,arithmetic_le_0_9_to_variance_weighted_gt_0_9,0.0,,reconstructed_from_r2_by_dim
paper1_phaseB_v1,C:\Users\joedicke\Documents\reps\EvoODE\experiments\paper1_phaseB_v1\run_registry.csv,run_registry,693,record,53,3,pretune_off,2,0.9935781375478673,0.9971692977555501,True,True,0.0035911602076827975,False,none,1.1102230246251565e-16,,reconstructed_from_r2_by_dim
paper1_phaseB_v1,C:\Users\joedicke\Documents\reps\EvoODE\experiments\paper1_phaseB_v1\run_registry.csv,run_registry,694,record,53,3,pretune_off,2,0.9670620603046131,0.998590015763236,True,True,0.03152795545862297,False,none,1.1102230246251565e-16,,reconstructed_from_r2_by_dim
paper1_phaseB_v1,C:\Users\joedicke\Documents\reps\EvoODE\experiments\paper1_phaseB_v1\run_registry.csv,run_registry,695,record,53,3,pretune_off,2,0.7263307621162515,0.993558726224147,False,True,0.2672279641078955,True,arithmetic_le_0_9_to_variance_weighted_gt_0_9,0.0,,reconstructed_from_r2_by_dim
paper1_phaseB_v1,C:\Users\joedicke\Documents\reps\EvoODE\experiments\paper1_phaseB_v1\run_registry.csv,run_registry,696,record,54,3,pretune_off,1,0.9772821855086306,0.9835552887240094,True,True,0.0062731032153788835,False,none,0.0,,reconstructed_from_r2_by_dim
paper1_phaseB_v1,C:\Users\joedicke\Documents\reps\EvoODE\experiments\paper1_phaseB_v1\run_registry.csv,run_registry,697,record,54,3,pretune_off,1,0.9949179996830594,0.9947084224982287,True,True,-0.00020957718483072263,False,none,0.0,,reconstructed_from_r2_by_dim
paper1_phaseB_v1,C:\Users\joedicke\Documents\reps\EvoODE\experiments\paper1_phaseB_v1\run_registry.csv,run_registry,698,record,54,3,pretune_off,1,0.9954824278035765,0.9959411699733425,True,True,0.0004587421697659355,False,none,1.1102230246251565e-16,,reconstructed_from_r2_by_dim
paper1_phaseB_v1,C:\Users\joedicke\Documents\reps\EvoODE\experiments\paper1_phaseB_v1\run_registry.csv,run_registry,699,record,54,3,pretune_off,2,0.7608194816524034,0.8348529323106249,False,False,0.07403345065822142,False,none,0.0,,reconstructed_from_r2_by_dim
paper1_phaseB_v1,C:\Users\joedicke\Documents\reps\EvoODE\experiments\paper1_phaseB_v1\run_registry.csv,run_registry,700,record,54,3,pretune_off,2,0.8426633281270611,0.8718550744374026,False,False,0.029191746310341493,False,none,0.0,,reconstructed_from_r2_by_dim
paper1_phaseB_v1,C:\Users\joedicke\Documents\reps\EvoODE\experiments\paper1_phaseB_v1\run_registry.csv,run_registry,701,record,54,3,pretune_off,2,0.7136046470631267,0.8156617742212788,False,False,0.10205712715815218,False,none,0.0,,reconstructed_from_r2_by_dim
paper1_phaseB_v1,C:\Users\joedicke\Documents\reps\EvoODE\experiments\paper1_phaseB_v1\run_registry.csv,run_registry,702,record,55,3,pretune_off,1,0.13717892419395836,0.1718657339880007,False,False,0.034686809794042345,False,none,5.551115123125783e-17,,reconstructed_from_r2_by_dim
paper1_phaseB_v1,C:\Users\joedicke\Documents\reps\EvoODE\experiments\paper1_phaseB_v1\run_registry.csv,run_registry,703,record,55,3,pretune_off,1,0.19348401974794116,0.22404682194530054,False,False,0.03056280219735938,False,none,5.551115123125783e-17,,reconstructed_from_r2_by_dim
paper1_phaseB_v1,C:\Users\joedicke\Documents\reps\EvoODE\experiments\paper1_phaseB_v1\run_registry.csv,run_registry,704,record,55,3,pretune_off,1,0.08466309466723376,0.09552994174367699,False,False,0.010866847076443226,False,none,6.938893903907228e-17,,reconstructed_from_r2_by_dim
paper1_phaseB_v1,C:\Users\joedicke\Documents\reps\EvoODE\experiments\paper1_phaseB_v1\run_registry.csv,run_registry,705,record,55,3,pretune_off,2,0.10961153901571068,0.12680538841708497,False,False,0.017193849401374292,False,none,8.326672684688674e-17,,reconstructed_from_r2_by_dim
paper1_phaseB_v1,C:\Users\joedicke\Documents\reps\EvoODE\experiments\paper1_phaseB_v1\run_registry.csv,run_registry,706,record,55,3,pretune_off,2,0.059296009082352184,0.05825305728323213,False,False,-0.0010429517991200551,False,none,8.326672684688674e-17,,reconstructed_from_r2_by_dim
paper1_phaseB_v1,C:\Users\joedicke\Documents\reps\EvoODE\experiments\paper1_phaseB_v1\run_registry.csv,run_registry,707,record,55,3,pretune_off,2,0.0688020522643813,0.06382186086920603,False,False,-0.0049801913951752624,False,none,0.0,,reconstructed_from_r2_by_dim
paper1_phaseB_v1,C:\Users\joedicke\Documents\reps\EvoODE\experiments\paper1_phaseB_v1\run_registry.csv,run_registry,708,record,56,3,pretune_off,1,0.24355959272496977,0.26028837449299236,False,False,0.016728781768022588,False,none,8.326672684688674e-17,,reconstructed_from_r2_by_dim
paper1_phaseB_v1,C:\Users\joedicke\Documents\reps\EvoODE\experiments\paper1_phaseB_v1\run_registry.csv,run_registry,709,record,56,3,pretune_off,1,0.2565487803412404,0.2666780547051171,False,False,0.010129274363876672,False,none,0.0,,reconstructed_from_r2_by_dim
paper1_phaseB_v1,C:\Users\joedicke\Documents\reps\EvoODE\experiments\paper1_phaseB_v1\run_registry.csv,run_registry,710,record,56,3,pretune_off,1,0.2966525448188745,0.31143543211969854,False,False,0.014782887300824055,False,none,0.0,,reconstructed_from_r2_by_dim
paper1_phaseB_v1,C:\Users\joedicke\Documents\reps\EvoODE\experiments\paper1_phaseB_v1\run_registry.csv,run_registry,711,record,56,3,pretune_off,2,0.20151058126987595,0.19563778073149535,False,False,-0.0058728005383806015,False,none,5.551115123125783e-17,,reconstructed_from_r2_by_dim
paper1_phaseB_v1,C:\Users\joedicke\Documents\reps\EvoODE\experiments\paper1_phaseB_v1\run_registry.csv,run_registry,712,record,56,3,pretune_off,2,0.20590607702473893,0.2013636806338788,False,False,-0.004542396390860126,False,none,2.7755575615628914e-17,,reconstructed_from_r2_by_dim
paper1_phaseB_v1,C:\Users\joedicke\Documents\reps\EvoODE\experiments\paper1_phaseB_v1\run_registry.csv,run_registry,713,record,56,3,pretune_off,2,0.21031564118451615,0.2026566646754828,False,False,-0.007658976509033355,False,none,5.551115123125783e-17,,reconstructed_from_r2_by_dim
paper1_phaseB_v1,C:\Users\joedicke\Documents\reps\EvoODE\experiments\paper1_phaseB_v1\run_registry.csv,run_registry,714,record,57,3,pretune_off,1,0.7969286905667853,0.9951102070853095,False,True,0.19818151651852423,True,arithmetic_le_0_9_to_variance_weighted_gt_0_9,0.0,,reconstructed_from_r2_by_dim
paper1_phaseB_v1,C:\Users\joedicke\Documents\reps\EvoODE\experiments\paper1_phaseB_v1\run_registry.csv,run_registry,715,record,57,3,pretune_off,1,0.6435235766865254,0.9887329968571484,False,True,0.34520942017062306,True,arithmetic_le_0_9_to_variance_weighted_gt_0_9,0.0,,reconstructed_from_r2_by_dim
paper1_phaseB_v1,C:\Users\joedicke\Documents\reps\EvoODE\experiments\paper1_phaseB_v1\run_registry.csv,run_registry,716,record,57,3,pretune_off,1,0.79541430968444,0.9930216229356196,False,True,0.19760731325117953,True,arithmetic_le_0_9_to_variance_weighted_gt_0_9,0.0,,reconstructed_from_r2_by_dim
paper1_phaseB_v1,C:\Users\joedicke\Documents\reps\EvoODE\experiments\paper1_phaseB_v1\run_registry.csv,run_registry,717,record,57,3,pretune_off,2,0.7383186606410236,0.984591403733156,False,True,0.24627274309213243,True,arithmetic_le_0_9_to_variance_weighted_gt_0_9,0.0,,reconstructed_from_r2_by_dim
paper1_phaseB_v1,C:\Users\joedicke\Documents\reps\EvoODE\experiments\paper1_phaseB_v1\run_registry.csv,run_registry,718,record,57,3,pretune_off,2,0.937746329600719,0.9969776311134282,True,True,0.05923130151270917,False,none,0.0,,reconstructed_from_r2_by_dim
paper1_phaseB_v1,C:\Users\joedicke\Documents\reps\EvoODE\experiments\paper1_phaseB_v1\run_registry.csv,run_registry,719,record,57,3,pretune_off,2,0.9597363181212374,0.9896090457033194,True,True,0.029872727582082037,False,none,0.0,,reconstructed_from_r2_by_dim
paper1_phaseB_v1,C:\Users\joedicke\Documents\reps\EvoODE\experiments\paper1_phaseB_v1\run_registry.csv,run_registry,720,record,58,3,pretune_off,1,0.6856535671845156,0.9805681391895383,False,True,0.2949145720050227,True,arithmetic_le_0_9_to_variance_weighted_gt_0_9,0.0,,reconstructed_from_r2_by_dim
paper1_phaseB_v1,C:\Users\joedicke\Documents\reps\EvoODE\experiments\paper1_phaseB_v1\run_registry.csv,run_registry,721,record,58,3,pretune_off,1,0.9573861613971338,0.998239116330779,True,True,0.04085295493364516,False,none,0.0,,reconstructed_from_r2_by_dim
paper1_phaseB_v1,C:\Users\joedicke\Documents\reps\EvoODE\experiments\paper1_phaseB_v1\run_registry.csv,run_registry,722,record,58,3,pretune_off,1,0.6695563268625161,0.9744314567000966,False,True,0.30487512983758047,True,arithmetic_le_0_9_to_variance_weighted_gt_0_9,0.0,,reconstructed_from_r2_by_dim
paper1_phaseB_v1,C:\Users\joedicke\Documents\reps\EvoODE\experiments\paper1_phaseB_v1\run_registry.csv,run_registry,723,record,58,3,pretune_off,2,0.8471307298603167,0.9817752748012991,False,True,0.13464454494098244,True,arithmetic_le_0_9_to_variance_weighted_gt_0_9,0.0,,reconstructed_from_r2_by_dim
paper1_phaseB_v1,C:\Users\joedicke\Documents\reps\EvoODE\experiments\paper1_phaseB_v1\run_registry.csv,run_registry,724,record,58,3,pretune_off,2,0.6124122431714072,0.9724418593725195,False,True,0.3600296162011123,True,arithmetic_le_0_9_to_variance_weighted_gt_0_9,0.0,,reconstructed_from_r2_by_dim
paper1_phaseB_v1,C:\Users\joedicke\Documents\reps\EvoODE\experiments\paper1_phaseB_v1\run_registry.csv,run_registry,725,record,58,3,pretune_off,2,0.9183563436230808,0.9876141043389077,True,True,0.0692577607158269,False,none,0.0,,reconstructed_from_r2_by_dim
paper1_phaseB_v1,C:\Users\joedicke\Documents\reps\EvoODE\experiments\paper1_phaseB_v1\run_registry.csv,run_registry,726,record,59,3,pretune_off,1,0.612241757150331,0.7548974677591987,False,False,0.14265571060886773,False,none,0.0,,reconstructed_from_r2_by_dim
paper1_phaseB_v1,C:\Users\joedicke\Documents\reps\EvoODE\experiments\paper1_phaseB_v1\run_registry.csv,run_registry,727,record,59,3,pretune_off,1,0.7070349922910916,0.865087263418631,False,False,0.1580522711275394,False,none,0.0,,reconstructed_from_r2_by_dim
paper1_phaseB_v1,C:\Users\joedicke\Documents\reps\EvoODE\experiments\paper1_phaseB_v1\run_registry.csv,run_registry,728,record,59,3,pretune_off,1,0.5751497705061487,0.7241776058681083,False,False,0.14902783536195963,False,none,0.0,,reconstructed_from_r2_by_dim
paper1_phaseB_v1,C:\Users\joedicke\Documents\reps\EvoODE\experiments\paper1_phaseB_v1\run_registry.csv,run_registry,729,record,59,3,pretune_off,2,0.6504562861798074,0.8377327224099639,False,False,0.18727643623015644,False,none,0.0,,reconstructed_from_r2_by_dim
paper1_phaseB_v1,C:\Users\joedicke\Documents\reps\EvoODE\experiments\paper1_phaseB_v1\run_registry.csv,run_registry,730,record,59,3,pretune_off,2,0.5715766947613886,0.8086618003130374,False,False,0.23708510555164874,False,none,0.0,,reconstructed_from_r2_by_dim
paper1_phaseB_v1,C:\Users\joedicke\Documents\reps\EvoODE\experiments\paper1_phaseB_v1\run_registry.csv,run_registry,731,record,59,3,pretune_off,2,0.6484338375314925,0.82160247967468,False,False,0.1731686421431875,False,none,0.0,,reconstructed_from_r2_by_dim
paper1_phaseB_v1,C:\Users\joedicke\Documents\reps\EvoODE\experiments\paper1_phaseB_v1\run_registry.csv,run_registry,732,record,60,3,pretune_off,1,0.4444519800201478,0.6401947840016692,False,False,0.19574280398152138,False,none,0.0,,reconstructed_from_r2_by_dim
paper1_phaseB_v1,C:\Users\joedicke\Documents\reps\EvoODE\experiments\paper1_phaseB_v1\run_registry.csv,run_registry,733,record,60,3,pretune_off,1,0.40797420085295516,0.6127456418364401,False,False,0.20477144098348493,False,none,5.551115123125783e-17,,reconstructed_from_r2_by_dim
paper1_phaseB_v1,C:\Users\joedicke\Documents\reps\EvoODE\experiments\paper1_phaseB_v1\run_registry.csv,run_registry,734,record,60,3,pretune_off,1,0.3387919389210589,0.5751783736532766,False,False,0.2363864347322177,False,none,0.0,,reconstructed_from_r2_by_dim
paper1_phaseB_v1,C:\Users\joedicke\Documents\reps\EvoODE\experiments\paper1_phaseB_v1\run_registry.csv,run_registry,735,record,60,3,pretune_off,2,0.5555441047086389,0.5878929375135751,False,False,0.03234883280493617,False,none,0.0,,reconstructed_from_r2_by_dim
paper1_phaseB_v1,C:\Users\joedicke\Documents\reps\EvoODE\experiments\paper1_phaseB_v1\run_registry.csv,run_registry,736,record,60,3,pretune_off,2,0.6373415319221448,0.6216120431490842,False,False,-0.015729488773060574,False,none,0.0,,reconstructed_from_r2_by_dim
paper1_phaseB_v1,C:\Users\joedicke\Documents\reps\EvoODE\experiments\paper1_phaseB_v1\run_registry.csv,run_registry,737,record,60,3,pretune_off,2,0.7398385148358368,0.7207703163104484,False,False,-0.019068198525388436,False,none,0.0,,reconstructed_from_r2_by_dim
paper1_phaseB_v1,C:\Users\joedicke\Documents\reps\EvoODE\experiments\paper1_phaseB_v1\run_registry.csv,run_registry,738,record,61,3,pretune_off,1,0.05405663234004188,0.10411318953212498,False,False,0.0500565571920831,False,none,7.632783294297951e-17,,reconstructed_from_r2_by_dim
paper1_phaseB_v1,C:\Users\joedicke\Documents\reps\EvoODE\experiments\paper1_phaseB_v1\run_registry.csv,run_registry,739,record,61,3,pretune_off,1,-0.03289073526319086,0.1459634849132884,False,False,0.17885422017647926,False,none,6.245004513516506e-17,,reconstructed_from_r2_by_dim
paper1_phaseB_v1,C:\Users\joedicke\Documents\reps\EvoODE\experiments\paper1_phaseB_v1\run_registry.csv,run_registry,740,record,61,3,pretune_off,1,0.09364667625769385,0.2702378051837873,False,False,0.17659112892609347,False,none,5.551115123125783e-17,,reconstructed_from_r2_by_dim
paper1_phaseB_v1,C:\Users\joedicke\Documents\reps\EvoODE\experiments\paper1_phaseB_v1\run_registry.csv,run_registry,741,record,61,3,pretune_off,2,0.1643298388493335,0.30201151090943074,False,False,0.13768167206009724,False,none,0.0,,reconstructed_from_r2_by_dim
paper1_phaseB_v1,C:\Users\joedicke\Documents\reps\EvoODE\experiments\paper1_phaseB_v1\run_registry.csv,run_registry,742,record,61,3,pretune_off,2,-0.004956657531913507,0.2819908898663118,False,False,0.2869475473982253,False,none,6.938893903907228e-18,,reconstructed_from_r2_by_dim
paper1_phaseB_v1,C:\Users\joedicke\Documents\reps\EvoODE\experiments\paper1_phaseB_v1\run_registry.csv,run_registry,743,record,61,3,pretune_off,2,0.10491551578157259,0.27920034889088896,False,False,0.17428483310931636,False,none,8.326672684688674e-17,,reconstructed_from_r2_by_dim
paper1_phaseB_v1,C:\Users\joedicke\Documents\reps\EvoODE\experiments\paper1_phaseB_v1\run_registry.csv,run_registry,744,record,62,4,pretune_off,1,0.9999850519827603,0.9999857683049744,True,True,7.16322214100451e-07,False,none,1.1102230246251565e-16,,reconstructed_from_r2_by_dim
paper1_phaseB_v1,C:\Users\joedicke\Documents\reps\EvoODE\experiments\paper1_phaseB_v1\run_registry.csv,run_registry,745,record,62,4,pretune_off,1,0.9998308862485461,0.9997971514105471,True,True,-3.373483799895549e-05,False,none,1.1102230246251565e-16,,reconstructed_from_r2_by_dim
paper1_phaseB_v1,C:\Users\joedicke\Documents\reps\EvoODE\experiments\paper1_phaseB_v1\run_registry.csv,run_registry,746,record,62,4,pretune_off,1,0.9999791177014868,0.9999784168518686,True,True,-7.00849618229249e-07,False,none,0.0,,reconstructed_from_r2_by_dim
paper1_phaseB_v1,C:\Users\joedicke\Documents\reps\EvoODE\experiments\paper1_phaseB_v1\run_registry.csv,run_registry,747,record,62,4,pretune_off,2,0.8770822355967232,0.9884445335563476,False,True,0.11136229795962449,True,arithmetic_le_0_9_to_variance_weighted_gt_0_9,0.0,,reconstructed_from_r2_by_dim
paper1_phaseB_v1,C:\Users\joedicke\Documents\reps\EvoODE\experiments\paper1_phaseB_v1\run_registry.csv,run_registry,748,record,62,4,pretune_off,2,0.987667988188329,0.9953821379673108,True,True,0.0077141497789817715,False,none,0.0,,reconstructed_from_r2_by_dim
paper1_phaseB_v1,C:\Users\joedicke\Documents\reps\EvoODE\experiments\paper1_phaseB_v1\run_registry.csv,run_registry,749,record,62,4,pretune_off,2,0.9206251770688653,0.9891359832402032,True,True,0.06851080617133798,False,none,1.1102230246251565e-16,,reconstructed_from_r2_by_dim
paper1_phaseB_v1,C:\Users\joedicke\Documents\reps\EvoODE\experiments\paper1_phaseB_v1\run_registry.csv,run_registry,750,record,63,4,pretune_off,1,0.4688865646555332,0.8966123533230131,False,False,0.42772578866747996,False,none,0.0,,reconstructed_from_r2_by_dim
paper1_phaseB_v1,C:\Users\joedicke\Documents\reps\EvoODE\experiments\paper1_phaseB_v1\run_registry.csv,run_registry,751,record,63,4,pretune_off,1,0.49211699909335027,0.9210677426726445,False,True,0.4289507435792942,True,arithmetic_le_0_9_to_variance_weighted_gt_0_9,5.551115123125783e-17,,reconstructed_from_r2_by_dim
paper1_phaseB_v1,C:\Users\joedicke\Documents\reps\EvoODE\experiments\paper1_phaseB_v1\run_registry.csv,run_registry,752,record,63,4,pretune_off,1,0.13624810592170022,0.8074623530043571,False,False,0.6712142470826569,False,none,2.7755575615628914e-17,,reconstructed_from_r2_by_dim
paper1_phaseB_v1,C:\Users\joedicke\Documents\reps\EvoODE\experiments\paper1_phaseB_v1\run_registry.csv,run_registry,753,record,63,4,pretune_off,2,0.8981410034600821,0.9586543961173994,False,True,0.060513392657317366,True,arithmetic_le_0_9_to_variance_weighted_gt_0_9,0.0,,reconstructed_from_r2_by_dim
paper1_phaseB_v1,C:\Users\joedicke\Documents\reps\EvoODE\experiments\paper1_phaseB_v1\run_registry.csv,run_registry,754,record,63,4,pretune_off,2,0.897299047722708,0.9579392429252617,False,True,0.060640195202553704,True,arithmetic_le_0_9_to_variance_weighted_gt_0_9,0.0,,reconstructed_from_r2_by_dim
paper1_phaseB_v1,C:\Users\joedicke\Documents\reps\EvoODE\experiments\paper1_phaseB_v1\run_registry.csv,run_registry,755,record,63,4,pretune_off,2,0.8744316206301378,0.946779280139763,False,True,0.07234765950962518,True,arithmetic_le_0_9_to_variance_weighted_gt_0_9,0.0,,reconstructed_from_r2_by_dim
