run_id,experiment_id,phase,hypothesis,run_type,include_in_paper,system_id,system_name,system_dim,system_representability,system_expected_stage,variant,variant_slug,seed,status,inferred_status,success,failure_reason,started_at,finished_at,loss,objective,exact_support_match,final_stage,stage_overshoot,wasted_levels,total_loss_evals,total_invalid_evals,elapsed_s,partial,metrics_available,corrupted,campaign_manifest_index,initial_condition_set,config_fingerprint,git_hash,git_dirty,r2,r2_by_dim,total_parameter_fits,total_ode_solves,stage_cap_behavior_fingerprint,support_terms,condition,use_pretuning,n_levels,eq_overshoot,eq_final_stages,stage_caps,solver_retcodes,optimizer_retcodes,total_diverged_solves,total_invalid_solves,total_nonfinite_solves,total_solver_unstable_solves,total_step_limit_solves,total_optimizer_limit_hits,total_optimizer_budget_stop_fits,exact_support_match_num,heartbeat_file,level_event_count,last_improvement_level,last_improvement_position,improvement_count,silent_levels,silent_fraction,equal_best_loss_transitions,nonmonotone_best_loss_transitions,substantial_relative_threshold,substantial_last_improvement_level,substantial_silent_levels,substantial_silent_fraction,level_count_diff_from_registry,log10_loss
1_evogrow_v2_2_stage_capped_pretune_on_1_1_42,paper1_phaseB_v1,B,,campaign_cell,,1,RC-circuit (charging capacitor),1,surrogate,,evogrow_v2_2_stage_capped_pretune_on,evogrow_v2_2_stage_capped_pretune_on,42,finished,finished,True,,,2026-09-04T19:33:33.007Z,6.63048951931e-05,,,5,,,1906176,,286.301942657,False,True,False,1,1,604e79733b22d64d,91f88c4,False,0.999988066701,[0.9999880667006428],410,1906176,ffb0266c7913352c,"[[""u1"",""u1^2"",""u1^3"",""cos(u1)""]]",pretune_on,True,30,,[5],[5],"[""Success"",""Unstable""]","[""Failure"",""MaxLossEvals""]",1284,1284,0,1284,0,410,60,,cell_000001.heartbeat.jsonl,20,17,17,4,3,0.15,16,0,0.01,17,3,0.15,-10,-4.17845440709
2_evogrow_v2_2_stage_capped_pretune_on_1_1_123,paper1_phaseB_v1,B,,campaign_cell,,1,RC-circuit (charging capacitor),1,surrogate,,evogrow_v2_2_stage_capped_pretune_on,evogrow_v2_2_stage_capped_pretune_on,123,finished,finished,True,,,2026-09-04T19:34:11.106Z,6.63048951931e-05,,,5,,,1906482,,260.829816873,False,True,False,2,1,604e79733b22d64d,91f88c4,False,0.999988066701,[0.9999880667006428],410,1906482,ffb0266c7913352c,"[[""u1"",""u1^2"",""u1^3"",""cos(u1)""]]",pretune_on,True,30,,[5],[5],"[""Success"",""Unstable""]","[""Failure"",""MaxLossEvals""]",1248,1248,0,1248,0,410,60,,cell_000002.heartbeat.jsonl,20,17,17,4,3,0.15,16,0,0.01,17,3,0.15,-10,-4.17845440709
3_evogrow_v2_2_stage_capped_pretune_on_1_1_7,paper1_phaseB_v1,B,,campaign_cell,,1,RC-circuit (charging capacitor),1,surrogate,,evogrow_v2_2_stage_capped_pretune_on,evogrow_v2_2_stage_capped_pretune_on,7,finished,finished,True,,,2026-09-04T19:34:15.632Z,6.63048951931e-05,,,5,,,1905870,,263.811074355,False,True,False,3,1,604e79733b22d64d,91f88c4,False,0.999988066701,[0.9999880667006428],410,1905870,ffb0266c7913352c,"[[""u1"",""u1^2"",""u1^3"",""cos(u1)""]]",pretune_on,True,30,,[5],[5],"[""Success"",""Unstable""]","[""Failure"",""MaxLossEvals""]",1320,1320,0,1320,0,410,60,,cell_000003.heartbeat.jsonl,20,17,17,4,3,0.15,16,0,0.01,17,3,0.15,-10,-4.17845440709
4_evogrow_v2_2_stage_capped_pretune_on_1_2_42,paper1_phaseB_v1,B,,campaign_cell,,1,RC-circuit (charging capacitor),1,surrogate,,evogrow_v2_2_stage_capped_pretune_on,evogrow_v2_2_stage_capped_pretune_on,42,finished,finished,True,,,2026-09-04T19:38:58.643Z,0.000106615991459,,,5,,,116298,,24.549166771,False,True,False,4,2,604e79733b22d64d,91f88c4,False,0.999779148318,[0.999779148317866],410,116298,ffb0266c7913352c,"[[""u1"",""u1^2"",""u1^3""]]",pretune_on,True,30,,[5],[5],"[""Success""]","[""Success""]",0,0,0,0,0,0,0,,cell_000004.heartbeat.jsonl,20,13,13,3,7,0.35,17,0,0.01,13,7,0.35,-10,-3.97217765008
5_evogrow_v2_2_stage_capped_pretune_on_1_2_123,paper1_phaseB_v1,B,,campaign_cell,,1,RC-circuit (charging capacitor),1,surrogate,,evogrow_v2_2_stage_capped_pretune_on,evogrow_v2_2_stage_capped_pretune_on,123,finished,finished,True,,,2026-09-04T19:39:13.395Z,0.000106615991459,,,5,,,110334,,25.521202469,False,True,False,5,2,604e79733b22d64d,91f88c4,False,0.999779148318,[0.999779148317866],410,110334,ffb0266c7913352c,"[[""u1"",""u1^2"",""u1^3""]]",pretune_on,True,30,,[5],[5],"[""Success""]","[""Success""]",0,0,0,0,0,0,0,,cell_000005.heartbeat.jsonl,20,13,13,3,7,0.35,17,0,0.01,13,7,0.35,-10,-3.97217765008
6_evogrow_v2_2_stage_capped_pretune_on_1_2_7,paper1_phaseB_v1,B,,campaign_cell,,1,RC-circuit (charging capacitor),1,surrogate,,evogrow_v2_2_stage_capped_pretune_on,evogrow_v2_2_stage_capped_pretune_on,7,finished,finished,True,,,2026-09-04T19:39:19.496Z,0.000106615991459,,,5,,,114168,,23.476080073,False,True,False,6,2,604e79733b22d64d,91f88c4,False,0.999779148318,[0.999779148317866],410,114168,ffb0266c7913352c,"[[""u1"",""u1^2"",""u1^3""]]",pretune_on,True,30,,[5],[5],"[""Success""]","[""Success""]",0,0,0,0,0,0,0,,cell_000006.heartbeat.jsonl,20,13,13,3,7,0.35,17,0,0.01,13,7,0.35,-10,-3.97217765008
7_evogrow_v2_2_stage_capped_pretune_on_2_1_42,paper1_phaseB_v1,B,,campaign_cell,,2,Population growth (naive),1,exact,1,evogrow_v2_2_stage_capped_pretune_on,evogrow_v2_2_stage_capped_pretune_on,42,finished,finished,True,,,2026-09-04T19:40:04.096Z,1.8637666178e-12,,True,1,0,0,600000,,66.240472548,False,True,False,7,1,604e79733b22d64d,91f88c4,False,1,[0.9999999999999869],30,600000,ffb0266c7913352c,"[[""u1""]]",pretune_on,True,30,[0],[1],[null],"[""Success""]","[""MaxLossEvals""]",0,0,0,0,0,30,30,1,cell_000007.heartbeat.jsonl,1,1,1,1,0,0,0,0,0.01,1,0,0,-29,-11.7296084712
8_evogrow_v2_2_stage_capped_pretune_on_2_1_123,paper1_phaseB_v1,B,,campaign_cell,,2,Population growth (naive),1,exact,1,evogrow_v2_2_stage_capped_pretune_on,evogrow_v2_2_stage_capped_pretune_on,123,finished,finished,True,,,2026-09-04T19:40:19.735Z,1.8637666178e-12,,True,1,0,0,600000,,66.727550279,False,True,False,8,1,604e79733b22d64d,91f88c4,False,1,[0.9999999999999869],30,600000,ffb0266c7913352c,"[[""u1""]]",pretune_on,True,30,[0],[1],[null],"[""Success""]","[""MaxLossEvals""]",0,0,0,0,0,30,30,1,cell_000008.heartbeat.jsonl,1,1,1,1,0,0,0,0,0.01,1,0,0,-29,-11.7296084712
9_evogrow_v2_2_stage_capped_pretune_on_2_1_7,paper1_phaseB_v1,B,,campaign_cell,,2,Population growth (naive),1,exact,1,evogrow_v2_2_stage_capped_pretune_on,evogrow_v2_2_stage_capped_pretune_on,7,finished,finished,True,,,2026-09-04T19:40:22.848Z,1.8637666178e-12,,True,1,0,0,600000,,66.277671417,False,True,False,9,1,604e79733b22d64d,91f88c4,False,1,[0.9999999999999869],30,600000,ffb0266c7913352c,"[[""u1""]]",pretune_on,True,30,[0],[1],[null],"[""Success""]","[""MaxLossEvals""]",0,0,0,0,0,30,30,1,cell_000009.heartbeat.jsonl,1,1,1,1,0,0,0,0,0.01,1,0,0,-29,-11.7296084712
10_evogrow_v2_2_stage_capped_pretune_on_2_2_42,paper1_phaseB_v1,B,,campaign_cell,,2,Population growth (naive),1,exact,1,evogrow_v2_2_stage_capped_pretune_on,evogrow_v2_2_stage_capped_pretune_on,42,finished,finished,True,,,2026-09-04T19:41:51.458Z,6.56045388907e-14,,True,1,0,0,480,,10.413766668,False,True,False,10,2,604e79733b22d64d,91f88c4,False,1,[0.999999999999986],30,480,ffb0266c7913352c,"[[""u1""]]",pretune_on,True,30,[0],[1],[null],"[""Success""]","[""Success""]",0,0,0,0,0,0,0,1,cell_000010.heartbeat.jsonl,1,1,1,1,0,0,0,0,0.01,1,0,0,-29,-13.1830661127
11_evogrow_v2_2_stage_capped_pretune_on_2_2_123,paper1_phaseB_v1,B,,campaign_cell,,2,Population growth (naive),1,exact,1,evogrow_v2_2_stage_capped_pretune_on,evogrow_v2_2_stage_capped_pretune_on,123,finished,finished,True,,,2026-09-04T19:42:06.311Z,6.56045388907e-14,,True,1,0,0,480,,10.332471854,False,True,False,11,2,604e79733b22d64d,91f88c4,False,1,[0.999999999999986],30,480,ffb0266c7913352c,"[[""u1""]]",pretune_on,True,30,[0],[1],[null],"[""Success""]","[""Success""]",0,0,0,0,0,0,0,1,cell_000011.heartbeat.jsonl,1,1,1,1,0,0,0,0,0.01,1,0,0,-29,-13.1830661127
12_evogrow_v2_2_stage_capped_pretune_on_2_2_7,paper1_phaseB_v1,B,,campaign_cell,,2,Population growth (naive),1,exact,1,evogrow_v2_2_stage_capped_pretune_on,evogrow_v2_2_stage_capped_pretune_on,7,finished,finished,True,,,2026-09-04T19:42:09.244Z,6.56045388907e-14,,True,1,0,0,480,,10.413965927,False,True,False,12,2,604e79733b22d64d,91f88c4,False,1,[0.999999999999986],30,480,ffb0266c7913352c,"[[""u1""]]",pretune_on,True,30,[0],[1],[null],"[""Success""]","[""Success""]",0,0,0,0,0,0,0,1,cell_000012.heartbeat.jsonl,1,1,1,1,0,0,0,0,0.01,1,0,0,-29,-13.1830661127
13_evogrow_v2_2_stage_capped_pretune_on_3_1_42,paper1_phaseB_v1,B,,campaign_cell,,3,Population growth with carrying capacity,1,exact,2,evogrow_v2_2_stage_capped_pretune_on,evogrow_v2_2_stage_capped_pretune_on,42,finished,finished,True,,,2026-09-04T19:42:41.561Z,1.34161969691e-08,,True,2,0,0,58050,,18.174665033,False,True,False,13,1,604e79733b22d64d,91f88c4,False,0.999999999974,[0.9999999999740933],170,58050,ffb0266c7913352c,"[[""u1"",""u1^2""]]",pretune_on,True,30,[0],[2],[2],"[""Success"",""Unstable""]","[""Success""]",1280,1280,0,1280,0,0,0,1,cell_000013.heartbeat.jsonl,8,5,5,2,3,0.375,6,0,0.01,5,3,0.375,-22,-7.87237057429
14_evogrow_v2_2_stage_capped_pretune_on_3_1_123,paper1_phaseB_v1,B,,campaign_cell,,3,Population growth with carrying capacity,1,exact,2,evogrow_v2_2_stage_capped_pretune_on,evogrow_v2_2_stage_capped_pretune_on,123,finished,finished,True,,,2026-09-04T19:42:57.246Z,1.34161969691e-08,,True,2,0,0,58050,,17.911827136,False,True,False,14,1,604e79733b22d64d,91f88c4,False,0.999999999974,[0.9999999999740933],170,58050,ffb0266c7913352c,"[[""u1"",""u1^2""]]",pretune_on,True,30,[0],[2],[2],"[""Success"",""Unstable""]","[""Success""]",1280,1280,0,1280,0,0,0,1,cell_000014.heartbeat.jsonl,8,5,5,2,3,0.375,6,0,0.01,5,3,0.375,-22,-7.87237057429
15_evogrow_v2_2_stage_capped_pretune_on_3_1_7,paper1_phaseB_v1,B,,campaign_cell,,3,Population growth with carrying capacity,1,exact,2,evogrow_v2_2_stage_capped_pretune_on,evogrow_v2_2_stage_capped_pretune_on,7,finished,finished,True,,,2026-09-04T19:43:00.274Z,1.34161969691e-08,,True,2,0,0,58050,,18.054449375,False,True,False,15,1,604e79733b22d64d,91f88c4,False,0.999999999974,[0.9999999999740933],170,58050,ffb0266c7913352c,"[[""u1"",""u1^2""]]",pretune_on,True,30,[0],[2],[2],"[""Success"",""Unstable""]","[""Success""]",1280,1280,0,1280,0,0,0,1,cell_000015.heartbeat.jsonl,8,5,5,2,3,0.375,6,0,0.01,5,3,0.375,-22,-7.87237057429
16_evogrow_v2_2_stage_capped_pretune_on_3_2_42,paper1_phaseB_v1,B,,campaign_cell,,3,Population growth with carrying capacity,1,exact,2,evogrow_v2_2_stage_capped_pretune_on,evogrow_v2_2_stage_capped_pretune_on,42,finished,finished,True,,,2026-09-04T19:43:39.093Z,4.81907871736e-09,,True,2,0,0,198290,,29.891265791,False,True,False,16,2,604e79733b22d64d,91f88c4,False,0.99999999998,[0.9999999999800883],110,198290,ffb0266c7913352c,"[[""u1"",""u1^2""]]",pretune_on,True,30,[0],[2],[2],"[""Success""]","[""Failure"",""Success""]",0,0,0,0,0,90,0,1,cell_000016.heartbeat.jsonl,5,5,5,2,0,0,3,0,0.01,5,0,0,-25,-8.31703597965
17_evogrow_v2_2_stage_capped_pretune_on_3_2_123,paper1_phaseB_v1,B,,campaign_cell,,3,Population growth with carrying capacity,1,exact,2,evogrow_v2_2_stage_capped_pretune_on,evogrow_v2_2_stage_capped_pretune_on,123,finished,finished,True,,,2026-09-04T19:43:55.139Z,4.81907871736e-09,,True,2,0,0,198290,,30.276565906,False,True,False,17,2,604e79733b22d64d,91f88c4,False,0.99999999998,[0.9999999999800883],110,198290,ffb0266c7913352c,"[[""u1"",""u1^2""]]",pretune_on,True,30,[0],[2],[2],"[""Success""]","[""Failure"",""Success""]",0,0,0,0,0,90,0,1,cell_000017.heartbeat.jsonl,5,5,5,2,0,0,3,0,0.01,5,0,0,-25,-8.31703597965
18_evogrow_v2_2_stage_capped_pretune_on_3_2_7,paper1_phaseB_v1,B,,campaign_cell,,3,Population growth with carrying capacity,1,exact,2,evogrow_v2_2_stage_capped_pretune_on,evogrow_v2_2_stage_capped_pretune_on,7,finished,finished,True,,,2026-09-04T19:43:57.689Z,4.81907871736e-09,,True,2,0,0,198290,,30.338841083,False,True,False,18,2,604e79733b22d64d,91f88c4,False,0.99999999998,[0.9999999999800883],110,198290,ffb0266c7913352c,"[[""u1"",""u1^2""]]",pretune_on,True,30,[0],[2],[2],"[""Success""]","[""Failure"",""Success""]",0,0,0,0,0,90,0,1,cell_000018.heartbeat.jsonl,5,5,5,2,0,0,3,0,0.01,5,0,0,-25,-8.31703597965
19_evogrow_v2_2_stage_capped_pretune_on_4_1_42,paper1_phaseB_v1,B,,campaign_cell,,4,RC-circuit with non-linear resistor (charging capacitor),1,surrogate,,evogrow_v2_2_stage_capped_pretune_on,evogrow_v2_2_stage_capped_pretune_on,42,finished,finished,True,,,2026-09-04T19:44:49.744Z,7.51112882371e-05,,,5,,,1342704,,146.460367623,False,True,False,19,1,604e79733b22d64d,91f88c4,False,0.999878141534,[0.9998781415342218],410,1342704,ffb0266c7913352c,"[[""u1"",""u1^2"",""u1^3""]]",pretune_on,True,30,,[5],[5],"[""Success""]","[""Success"",""Failure""]",0,0,0,0,0,283,0,,cell_000019.heartbeat.jsonl,20,13,13,3,7,0.35,17,0,0.01,13,7,0.35,-10,-4.12429478935
20_evogrow_v2_2_stage_capped_pretune_on_4_1_123,paper1_phaseB_v1,B,,campaign_cell,,4,RC-circuit with non-linear resistor (charging capacitor),1,surrogate,,evogrow_v2_2_stage_capped_pretune_on,evogrow_v2_2_stage_capped_pretune_on,123,finished,finished,True,,,2026-09-04T19:45:06.653Z,7.51112882371e-05,,,5,,,1294992,,147.967889162,False,True,False,20,1,604e79733b22d64d,91f88c4,False,0.999878141534,[0.9998781415342218],410,1294992,ffb0266c7913352c,"[[""u1"",""u1^2"",""u1^3""]]",pretune_on,True,30,,[5],[5],"[""Success""]","[""Success"",""Failure""]",0,0,0,0,0,269,0,,cell_000020.heartbeat.jsonl,20,13,13,3,7,0.35,17,0,0.01,13,7,0.35,-10,-4.12429478935
21_evogrow_v2_2_stage_capped_pretune_on_4_1_7,paper1_phaseB_v1,B,,campaign_cell,,4,RC-circuit with non-linear resistor (charging capacitor),1,surrogate,,evogrow_v2_2_stage_capped_pretune_on,evogrow_v2_2_stage_capped_pretune_on,7,finished,finished,True,,,2026-09-04T19:45:07.542Z,7.51112882371e-05,,,5,,,1325664,,152.036560741,False,True,False,21,1,604e79733b22d64d,91f88c4,False,0.999878141534,[0.9998781415342218],410,1325664,ffb0266c7913352c,"[[""u1"",""u1^2"",""u1^3""]]",pretune_on,True,30,,[5],[5],"[""Success""]","[""Success"",""Failure""]",0,0,0,0,0,278,0,,cell_000021.heartbeat.jsonl,20,13,13,3,7,0.35,17,0,0.01,13,7,0.35,-10,-4.12429478935
22_evogrow_v2_2_stage_capped_pretune_on_4_2_42,paper1_phaseB_v1,B,,campaign_cell,,4,RC-circuit with non-linear resistor (charging capacitor),1,surrogate,,evogrow_v2_2_stage_capped_pretune_on,evogrow_v2_2_stage_capped_pretune_on,42,finished,finished,True,,,2026-09-04T19:47:56.797Z,0.000609092255361,,,5,,,233288,,35.56476106,False,True,False,22,2,604e79733b22d64d,91f88c4,False,0.999324322852,[0.99932432285211],410,233288,ffb0266c7913352c,"[[""u1"",""cos(u1)""]]",pretune_on,True,30,,[5],[5],"[""Success""]","[""Success"",""Failure""]",0,0,0,0,0,62,0,,cell_000022.heartbeat.jsonl,20,17,17,2,3,0.15,18,0,0.01,17,3,0.15,-10,-3.21531692254
23_evogrow_v2_2_stage_capped_pretune_on_4_2_123,paper1_phaseB_v1,B,,campaign_cell,,4,RC-circuit with non-linear resistor (charging capacitor),1,surrogate,,evogrow_v2_2_stage_capped_pretune_on,evogrow_v2_2_stage_capped_pretune_on,123,finished,finished,True,,,2026-09-04T19:48:15.494Z,0.000609092255361,,,5,,,263560,,39.688198881,False,True,False,23,2,604e79733b22d64d,91f88c4,False,0.999324322852,[0.99932432285211],410,263560,ffb0266c7913352c,"[[""u1"",""cos(u1)""]]",pretune_on,True,30,,[5],[5],"[""Success""]","[""Success"",""Failure""]",0,0,0,0,0,70,0,,cell_000023.heartbeat.jsonl,20,17,17,2,3,0.15,18,0,0.01,17,3,0.15,-10,-3.21531692254
24_evogrow_v2_2_stage_capped_pretune_on_4_2_7,paper1_phaseB_v1,B,,campaign_cell,,4,RC-circuit with non-linear resistor (charging capacitor),1,surrogate,,evogrow_v2_2_stage_capped_pretune_on,evogrow_v2_2_stage_capped_pretune_on,7,finished,finished,True,,,2026-09-04T19:48:18.883Z,0.000609092255361,,,5,,,269680,,38.687510386,False,True,False,24,2,604e79733b22d64d,91f88c4,False,0.999324322852,[0.99932432285211],410,269680,ffb0266c7913352c,"[[""u1"",""cos(u1)""]]",pretune_on,True,30,,[5],[5],"[""Success""]","[""Success"",""Failure""]",0,0,0,0,0,72,0,,cell_000024.heartbeat.jsonl,20,17,17,2,3,0.15,18,0,0.01,17,3,0.15,-10,-3.21531692254
25_evogrow_v2_2_stage_capped_pretune_on_5_1_42,paper1_phaseB_v1,B,,campaign_cell,,5,Velocity of a falling object with air resistance,1,surrogate,,evogrow_v2_2_stage_capped_pretune_on,evogrow_v2_2_stage_capped_pretune_on,42,finished,finished,True,,,2026-09-04T19:49:12.753Z,6.81729727061,,,5,,,2462060,,491.611532421,False,True,False,25,1,604e79733b22d64d,91f88c4,False,0.978647500242,[0.9786475002418551],430,2462060,ffb0266c7913352c,"[[""u1"",""u1^2"",""u1^3"",""sin(u1)"",""cos(u1)""]]",pretune_on,True,30,,[5],[null],"[""Success"",""Unstable""]","[""Success"",""Failure"",""MaxLossEvals""]",55834,55834,0,55834,0,340,100,,cell_000025.heartbeat.jsonl,21,18,18,5,3,0.142857142857,16,0,0.01,18,3,0.142857142857,-9,0.833612231973
26_evogrow_v2_2_stage_capped_pretune_on_5_1_123,paper1_phaseB_v1,B,,campaign_cell,,5,Velocity of a falling object with air resistance,1,surrogate,,evogrow_v2_2_stage_capped_pretune_on,evogrow_v2_2_stage_capped_pretune_on,123,finished,finished,True,,,2026-09-04T19:49:35.518Z,6.81729727061,,,5,,,2462060,,493.895578026,False,True,False,26,1,604e79733b22d64d,91f88c4,False,0.978647500242,[0.9786475002418551],430,2462060,ffb0266c7913352c,"[[""u1"",""u1^2"",""u1^3"",""sin(u1)"",""cos(u1)""]]",pretune_on,True,30,,[5],[null],"[""Success"",""Unstable""]","[""Success"",""Failure"",""MaxLossEvals""]",55888,55888,0,55888,0,340,100,,cell_000026.heartbeat.jsonl,21,18,18,5,3,0.142857142857,16,0,0.01,18,3,0.142857142857,-9,0.833612231973
27_evogrow_v2_2_stage_capped_pretune_on_5_1_7,paper1_phaseB_v1,B,,campaign_cell,,5,Velocity of a falling object with air resistance,1,surrogate,,evogrow_v2_2_stage_capped_pretune_on,evogrow_v2_2_stage_capped_pretune_on,7,finished,finished,True,,,2026-09-04T19:49:37.856Z,6.81729727061,,,5,,,2462060,,486.120339085,False,True,False,27,1,604e79733b22d64d,91f88c4,False,0.978647500242,[0.9786475002418551],430,2462060,ffb0266c7913352c,"[[""u1"",""u1^2"",""u1^3"",""sin(u1)"",""cos(u1)""]]",pretune_on,True,30,,[5],[null],"[""Success"",""Unstable""]","[""Success"",""Failure"",""MaxLossEvals""]",55780,55780,0,55780,0,340,100,,cell_000027.heartbeat.jsonl,21,18,18,5,3,0.142857142857,16,0,0.01,18,3,0.142857142857,-9,0.833612231973
28_evogrow_v2_2_stage_capped_pretune_on_5_2_42,paper1_phaseB_v1,B,,campaign_cell,,5,Velocity of a falling object with air resistance,1,surrogate,,evogrow_v2_2_stage_capped_pretune_on,evogrow_v2_2_stage_capped_pretune_on,42,finished,finished,True,,,2026-09-04T19:58:04.327Z,8.75193723904e-06,,,5,,,6446800,,669.529420853,False,True,False,28,2,604e79733b22d64d,91f88c4,False,0.999994519791,[0.9999945197905024],410,6446800,ffb0266c7913352c,"[[""u1"",""u1^2""]]",pretune_on,True,30,,[5],[5],"[""Success""]","[""Failure"",""MaxLossEvals""]",0,0,0,0,0,410,320,,cell_000028.heartbeat.jsonl,20,5,5,2,15,0.75,18,0,0.01,5,15,0.75,-10,-5.05789580537
29_evogrow_v2_2_stage_capped_pretune_on_5_2_123,paper1_phaseB_v1,B,,campaign_cell,,5,Velocity of a falling object with air resistance,1,surrogate,,evogrow_v2_2_stage_capped_pretune_on,evogrow_v2_2_stage_capped_pretune_on,123,finished,finished,True,,,2026-09-04T19:58:23.618Z,8.75193723904e-06,,,5,,,6446800,,668.617579894,False,True,False,29,2,604e79733b22d64d,91f88c4,False,0.999994519791,[0.9999945197905024],410,6446800,ffb0266c7913352c,"[[""u1"",""u1^2""]]",pretune_on,True,30,,[5],[5],"[""Success""]","[""Failure"",""MaxLossEvals""]",0,0,0,0,0,410,320,,cell_000029.heartbeat.jsonl,20,5,5,2,15,0.75,18,0,0.01,5,15,0.75,-10,-5.05789580537
30_evogrow_v2_2_stage_capped_pretune_on_5_2_7,paper1_phaseB_v1,B,,campaign_cell,,5,Velocity of a falling object with air resistance,1,surrogate,,evogrow_v2_2_stage_capped_pretune_on,evogrow_v2_2_stage_capped_pretune_on,7,finished,finished,True,,,2026-09-04T19:58:29.911Z,8.75193723904e-06,,,5,,,6446800,,670.217396329,False,True,False,30,2,604e79733b22d64d,91f88c4,False,0.999994519791,[0.9999945197905024],410,6446800,ffb0266c7913352c,"[[""u1"",""u1^2""]]",pretune_on,True,30,,[5],[5],"[""Success""]","[""Failure"",""MaxLossEvals""]",0,0,0,0,0,410,320,,cell_000030.heartbeat.jsonl,20,5,5,2,15,0.75,18,0,0.01,5,15,0.75,-10,-5.05789580537
31_evogrow_v2_2_stage_capped_pretune_on_6_1_42,paper1_phaseB_v1,B,,campaign_cell,,6,Autocatalysis with one fixed abundant chemical,1,exact,2,evogrow_v2_2_stage_capped_pretune_on,evogrow_v2_2_stage_capped_pretune_on,42,finished,finished,True,,,2026-09-04T20:09:54.047Z,2.83179309449e-14,,True,2,0,0,21890,,12.953974423,False,True,False,31,1,604e79733b22d64d,91f88c4,False,1,[0.9999999999999827],110,21890,ffb0266c7913352c,"[[""u1"",""u1^2""]]",pretune_on,True,30,[0],[2],[2],"[""Success""]","[""Success""]",0,0,0,0,0,0,0,1,cell_000031.heartbeat.jsonl,5,5,5,2,0,0,3,0,0.01,5,0,0,-25,-13.5479384816
32_evogrow_v2_2_stage_capped_pretune_on_6_1_123,paper1_phaseB_v1,B,,campaign_cell,,6,Autocatalysis with one fixed abundant chemical,1,exact,2,evogrow_v2_2_stage_capped_pretune_on,evogrow_v2_2_stage_capped_pretune_on,123,finished,finished,True,,,2026-09-04T20:10:13.634Z,2.83179309449e-14,,True,2,0,0,21890,,12.634276568,False,True,False,32,1,604e79733b22d64d,91f88c4,False,1,[0.9999999999999827],110,21890,ffb0266c7913352c,"[[""u1"",""u1^2""]]",pretune_on,True,30,[0],[2],[2],"[""Success""]","[""Success""]",0,0,0,0,0,0,0,1,cell_000032.heartbeat.jsonl,5,5,5,2,0,0,3,0,0.01,5,0,0,-25,-13.5479384816
33_evogrow_v2_2_stage_capped_pretune_on_6_1_7,paper1_phaseB_v1,B,,campaign_cell,,6,Autocatalysis with one fixed abundant chemical,1,exact,2,evogrow_v2_2_stage_capped_pretune_on,evogrow_v2_2_stage_capped_pretune_on,7,finished,finished,True,,,2026-09-04T20:10:20.400Z,2.83179309449e-14,,True,2,0,0,21890,,12.970329224,False,True,False,33,1,604e79733b22d64d,91f88c4,False,1,[0.9999999999999827],110,21890,ffb0266c7913352c,"[[""u1"",""u1^2""]]",pretune_on,True,30,[0],[2],[2],"[""Success""]","[""Success""]",0,0,0,0,0,0,0,1,cell_000033.heartbeat.jsonl,5,5,5,2,0,0,3,0,0.01,5,0,0,-25,-13.5479384816
34_evogrow_v2_2_stage_capped_pretune_on_6_2_42,paper1_phaseB_v1,B,,campaign_cell,,6,Autocatalysis with one fixed abundant chemical,1,exact,2,evogrow_v2_2_stage_capped_pretune_on,evogrow_v2_2_stage_capped_pretune_on,42,finished,finished,True,,,2026-09-04T20:10:46.671Z,2.10344886496e-13,,True,2,0,0,43680,,15.336603004,False,True,False,34,2,604e79733b22d64d,91f88c4,False,0.999999999998,[0.9999999999982943],110,43680,ffb0266c7913352c,"[[""u1"",""u1^2""]]",pretune_on,True,30,[0],[2],[2],"[""Success""]","[""Success""]",0,0,0,0,0,0,0,1,cell_000034.heartbeat.jsonl,5,5,5,2,0,0,3,0,0.01,5,0,0,-25,-12.6770680413
35_evogrow_v2_2_stage_capped_pretune_on_6_2_123,paper1_phaseB_v1,B,,campaign_cell,,6,Autocatalysis with one fixed abundant chemical,1,exact,2,evogrow_v2_2_stage_capped_pretune_on,evogrow_v2_2_stage_capped_pretune_on,123,finished,finished,True,,,2026-09-04T20:11:06.827Z,2.10344886496e-13,,True,2,0,0,43680,,15.110085407,False,True,False,35,2,604e79733b22d64d,91f88c4,False,0.999999999998,[0.9999999999982943],110,43680,ffb0266c7913352c,"[[""u1"",""u1^2""]]",pretune_on,True,30,[0],[2],[2],"[""Success""]","[""Success""]",0,0,0,0,0,0,0,1,cell_000035.heartbeat.jsonl,5,5,5,2,0,0,3,0,0.01,5,0,0,-25,-12.6770680413
36_evogrow_v2_2_stage_capped_pretune_on_6_2_7,paper1_phaseB_v1,B,,campaign_cell,,6,Autocatalysis with one fixed abundant chemical,1,exact,2,evogrow_v2_2_stage_capped_pretune_on,evogrow_v2_2_stage_capped_pretune_on,7,finished,finished,True,,,2026-09-04T20:11:13.590Z,2.10344886496e-13,,True,2,0,0,43680,,14.663795284,False,True,False,36,2,604e79733b22d64d,91f88c4,False,0.999999999998,[0.9999999999982943],110,43680,ffb0266c7913352c,"[[""u1"",""u1^2""]]",pretune_on,True,30,[0],[2],[2],"[""Success""]","[""Success""]",0,0,0,0,0,0,0,1,cell_000036.heartbeat.jsonl,5,5,5,2,0,0,3,0,0.01,5,0,0,-25,-12.6770680413
37_evogrow_v2_2_stage_capped_pretune_on_7_1_42,paper1_phaseB_v1,B,,campaign_cell,,7,Gompertz law for tumor growth,1,surrogate,,evogrow_v2_2_stage_capped_pretune_on,evogrow_v2_2_stage_capped_pretune_on,42,finished,finished,True,,,2026-09-04T20:11:42.834Z,0.000454247717558,,,5,,,35998,,14.670943899,False,True,False,37,1,604e79733b22d64d,91f88c4,False,0.996017049342,[0.996017049341627],410,35998,ffb0266c7913352c,"[[""u1""]]",pretune_on,True,30,,[5],[5],"[""Success""]","[""Success""]",0,0,0,0,0,0,0,,cell_000037.heartbeat.jsonl,20,1,1,1,19,0.95,19,0,0.01,1,19,0.95,-10,-3.3427072462
38_evogrow_v2_2_stage_capped_pretune_on_7_1_123,paper1_phaseB_v1,B,,campaign_cell,,7,Gompertz law for tumor growth,1,surrogate,,evogrow_v2_2_stage_capped_pretune_on,evogrow_v2_2_stage_capped_pretune_on,123,finished,finished,True,,,2026-09-04T20:12:02.122Z,0.000454247717558,,,5,,,35810,,14.743300135,False,True,False,38,1,604e79733b22d64d,91f88c4,False,0.996017049342,[0.996017049341627],410,35810,ffb0266c7913352c,"[[""u1""]]",pretune_on,True,30,,[5],[5],"[""Success""]","[""Success""]",0,0,0,0,0,0,0,,cell_000038.heartbeat.jsonl,20,1,1,1,19,0.95,19,0,0.01,1,19,0.95,-10,-3.3427072462
39_evogrow_v2_2_stage_capped_pretune_on_7_1_7,paper1_phaseB_v1,B,,campaign_cell,,7,Gompertz law for tumor growth,1,surrogate,,evogrow_v2_2_stage_capped_pretune_on,evogrow_v2_2_stage_capped_pretune_on,7,finished,finished,True,,,2026-09-04T20:12:08.472Z,0.000454247717558,,,5,,,36186,,14.187619147,False,True,False,39,1,604e79733b22d64d,91f88c4,False,0.996017049342,[0.996017049341627],410,36186,ffb0266c7913352c,"[[""u1""]]",pretune_on,True,30,,[5],[5],"[""Success""]","[""Success""]",0,0,0,0,0,0,0,,cell_000039.heartbeat.jsonl,20,1,1,1,19,0.95,19,0,0.01,1,19,0.95,-10,-3.3427072462
40_evogrow_v2_2_stage_capped_pretune_on_7_2_42,paper1_phaseB_v1,B,,campaign_cell,,7,Gompertz law for tumor growth,1,surrogate,,evogrow_v2_2_stage_capped_pretune_on,evogrow_v2_2_stage_capped_pretune_on,42,finished,finished,True,,,2026-09-04T20:12:38.697Z,2.23148035329e-05,,,5,,,3102393,,323.873898085,False,True,False,40,2,604e79733b22d64d,91f88c4,False,0.999999356656,[0.9999993566555182],410,3102393,ffb0266c7913352c,"[[""u1"",""u1^2"",""u1^3""]]",pretune_on,True,30,,[5],[null],"[""Success""]","[""Success"",""Failure"",""MaxLossEvals""]",0,0,0,0,0,277,117,,cell_000040.heartbeat.jsonl,20,13,13,3,7,0.35,17,0,0.01,13,7,0.35,-10,-4.65140693248
41_evogrow_v2_2_stage_capped_pretune_on_7_2_123,paper1_phaseB_v1,B,,campaign_cell,,7,Gompertz law for tumor growth,1,surrogate,,evogrow_v2_2_stage_capped_pretune_on,evogrow_v2_2_stage_capped_pretune_on,123,finished,finished,True,,,2026-09-04T20:12:57.809Z,2.23148035329e-05,,,5,,,3368099,,349.754038956,False,True,False,41,2,604e79733b22d64d,91f88c4,False,0.999999356656,[0.9999993566555182],410,3368099,ffb0266c7913352c,"[[""u1"",""u1^2"",""u1^3""]]",pretune_on,True,30,,[5],[null],"[""Success""]","[""Success"",""Failure"",""MaxLossEvals""]",0,0,0,0,0,291,131,,cell_000041.heartbeat.jsonl,20,13,13,3,7,0.35,17,0,0.01,13,7,0.35,-10,-4.65140693248
42_evogrow_v2_2_stage_capped_pretune_on_7_2_7,paper1_phaseB_v1,B,,campaign_cell,,7,Gompertz law for tumor growth,1,surrogate,,evogrow_v2_2_stage_capped_pretune_on,evogrow_v2_2_stage_capped_pretune_on,7,finished,finished,True,,,2026-09-04T20:13:02.815Z,2.23148035329e-05,,,5,,,3197288,,331.66785394,False,True,False,42,2,604e79733b22d64d,91f88c4,False,0.999999356656,[0.9999993566555182],410,3197288,ffb0266c7913352c,"[[""u1"",""u1^2"",""u1^3""]]",pretune_on,True,30,,[5],[null],"[""Success""]","[""Success"",""Failure"",""MaxLossEvals""]",0,0,0,0,0,282,122,,cell_000042.heartbeat.jsonl,20,13,13,3,7,0.35,17,0,0.01,13,7,0.35,-10,-4.65140693248
43_evogrow_v2_2_stage_capped_pretune_on_8_1_42,paper1_phaseB_v1,B,,campaign_cell,,8,Logistic equation with Allee effect,1,exact,4,evogrow_v2_2_stage_capped_pretune_on,evogrow_v2_2_stage_capped_pretune_on,42,finished,finished,True,,,2026-09-04T20:18:42.927Z,574.984676447,,False,4,0,0,1830,,11.855868016,False,True,False,43,1,604e79733b22d64d,91f88c4,False,-0.964635760317,[-0.9646357603167324],330,1830,ffb0266c7913352c,"[[""u1""]]",pretune_on,True,30,[0],[4],[4],"[""Success"",""Unstable""]","[""Success""]",1200,1200,0,1200,0,0,0,0,cell_000043.heartbeat.jsonl,16,1,1,1,15,0.9375,15,0,0.01,1,15,0.9375,-14,2.75965627074
44_evogrow_v2_2_stage_capped_pretune_on_8_1_123,paper1_phaseB_v1,B,,campaign_cell,,8,Logistic equation with Allee effect,1,exact,4,evogrow_v2_2_stage_capped_pretune_on,evogrow_v2_2_stage_capped_pretune_on,123,finished,finished,True,,,2026-09-04T20:19:15.322Z,574.984676447,,False,4,0,0,1830,,11.806543732,False,True,False,44,1,604e79733b22d64d,91f88c4,False,-0.964635760317,[-0.9646357603167324],330,1830,ffb0266c7913352c,"[[""u1""]]",pretune_on,True,30,[0],[4],[4],"[""Success"",""Unstable""]","[""Success""]",1200,1200,0,1200,0,0,0,0,cell_000044.heartbeat.jsonl,16,1,1,1,15,0.9375,15,0,0.01,1,15,0.9375,-14,2.75965627074
45_evogrow_v2_2_stage_capped_pretune_on_8_1_7,paper1_phaseB_v1,B,,campaign_cell,,8,Logistic equation with Allee effect,1,exact,4,evogrow_v2_2_stage_capped_pretune_on,evogrow_v2_2_stage_capped_pretune_on,7,finished,finished,True,,,2026-09-04T20:19:27.004Z,574.984676447,,False,4,0,0,1830,,11.516746721,False,True,False,45,1,604e79733b22d64d,91f88c4,False,-0.964635760317,[-0.9646357603167324],330,1830,ffb0266c7913352c,"[[""u1""]]",pretune_on,True,30,[0],[4],[4],"[""Success"",""Unstable""]","[""Success""]",1200,1200,0,1200,0,0,0,0,cell_000045.heartbeat.jsonl,16,1,1,1,15,0.9375,15,0,0.01,1,15,0.9375,-14,2.75965627074
46_evogrow_v2_2_stage_capped_pretune_on_8_2_42,paper1_phaseB_v1,B,,campaign_cell,,8,Logistic equation with Allee effect,1,exact,4,evogrow_v2_2_stage_capped_pretune_on,evogrow_v2_2_stage_capped_pretune_on,42,finished,finished,True,,,2026-09-04T20:19:35.867Z,0.000947074647213,,False,4,0,0,391820,,47.341476264,False,True,False,46,2,604e79733b22d64d,91f88c4,False,0.993263221204,[0.993263221203677],330,391820,ffb0266c7913352c,"[[""u1""]]",pretune_on,True,30,[0],[4],[4],"[""Success"",""Unstable""]","[""Success"",""Failure""]",640,640,0,640,0,80,0,0,cell_000046.heartbeat.jsonl,16,1,1,1,15,0.9375,15,0,0.01,1,15,0.9375,-14,-3.02361578911
47_evogrow_v2_2_stage_capped_pretune_on_8_2_123,paper1_phaseB_v1,B,,campaign_cell,,8,Logistic equation with Allee effect,1,exact,4,evogrow_v2_2_stage_capped_pretune_on,evogrow_v2_2_stage_capped_pretune_on,123,finished,finished,True,,,2026-09-04T20:20:07.944Z,0.000947074647213,,False,4,0,0,391820,,48.396656806,False,True,False,47,2,604e79733b22d64d,91f88c4,False,0.993263221204,[0.993263221203677],330,391820,ffb0266c7913352c,"[[""u1""]]",pretune_on,True,30,[0],[4],[4],"[""Success"",""Unstable""]","[""Success"",""Failure""]",640,640,0,640,0,80,0,0,cell_000047.heartbeat.jsonl,16,1,1,1,15,0.9375,15,0,0.01,1,15,0.9375,-14,-3.02361578911
48_evogrow_v2_2_stage_capped_pretune_on_8_2_7,paper1_phaseB_v1,B,,campaign_cell,,8,Logistic equation with Allee effect,1,exact,4,evogrow_v2_2_stage_capped_pretune_on,evogrow_v2_2_stage_capped_pretune_on,7,finished,finished,True,,,2026-09-04T20:20:18.413Z,0.000947074647213,,False,4,0,0,391820,,47.010845531,False,True,False,48,2,604e79733b22d64d,91f88c4,False,0.993263221204,[0.993263221203677],330,391820,ffb0266c7913352c,"[[""u1""]]",pretune_on,True,30,[0],[4],[4],"[""Success"",""Unstable""]","[""Success"",""Failure""]",640,640,0,640,0,80,0,0,cell_000048.heartbeat.jsonl,16,1,1,1,15,0.9375,15,0,0.01,1,15,0.9375,-14,-3.02361578911
49_evogrow_v2_2_stage_capped_pretune_on_9_1_42,paper1_phaseB_v1,B,,campaign_cell,,9,Language death model for two languages,1,surrogate,,evogrow_v2_2_stage_capped_pretune_on,evogrow_v2_2_stage_capped_pretune_on,42,finished,finished,True,,,2026-09-04T20:21:03.232Z,0.000187104480146,,,5,,,254385,,38.817927527,False,True,False,49,1,604e79733b22d64d,91f88c4,False,0.978515804443,[0.978515804443052],410,254385,ffb0266c7913352c,"[[""u1"",""u1^2""]]",pretune_on,True,30,,[5],[5],"[""Success"",""Unstable""]","[""Success"",""Failure""]",2350,2350,0,2350,0,47,0,,cell_000049.heartbeat.jsonl,20,5,5,2,15,0.75,18,0,0.01,5,15,0.75,-10,-3.72791581336
50_evogrow_v2_2_stage_capped_pretune_on_9_1_123,paper1_phaseB_v1,B,,campaign_cell,,9,Language death model for two languages,1,surrogate,,evogrow_v2_2_stage_capped_pretune_on,evogrow_v2_2_stage_capped_pretune_on,123,finished,finished,True,,,2026-09-04T20:21:37.040Z,0.000187104480146,,,5,,,199200,,33.42938055,False,True,False,50,1,604e79733b22d64d,91f88c4,False,0.978515804443,[0.978515804443052],410,199200,ffb0266c7913352c,"[[""u1"",""u1^2""]]",pretune_on,True,30,,[5],[5],"[""Success"",""Unstable""]","[""Success"",""Failure""]",1700,1700,0,1700,0,34,0,,cell_000050.heartbeat.jsonl,20,5,5,2,15,0.75,18,0,0.01,5,15,0.75,-10,-3.72791581336
51_evogrow_v2_2_stage_capped_pretune_on_9_1_7,paper1_phaseB_v1,B,,campaign_cell,,9,Language death model for two languages,1,surrogate,,evogrow_v2_2_stage_capped_pretune_on,evogrow_v2_2_stage_capped_pretune_on,7,finished,finished,True,,,2026-09-04T20:21:45.691Z,0.000187104480146,,,5,,,207690,,34.5584991,False,True,False,51,1,604e79733b22d64d,91f88c4,False,0.978515804443,[0.978515804443052],410,207690,ffb0266c7913352c,"[[""u1"",""u1^2""]]",pretune_on,True,30,,[5],[5],"[""Success"",""Unstable""]","[""Success"",""Failure""]",1800,1800,0,1800,0,36,0,,cell_000051.heartbeat.jsonl,20,5,5,2,15,0.75,18,0,0.01,5,15,0.75,-10,-3.72791581336
52_evogrow_v2_2_stage_capped_pretune_on_9_2_42,paper1_phaseB_v1,B,,campaign_cell,,9,Language death model for two languages,1,surrogate,,evogrow_v2_2_stage_capped_pretune_on,evogrow_v2_2_stage_capped_pretune_on,42,finished,finished,True,,,2026-09-04T20:22:22.071Z,2.18481698518e-05,,,5,,,18890,,12.493978946,False,True,False,52,2,604e79733b22d64d,91f88c4,False,-0.397249554735,[-0.3972495547347674],410,18890,ffb0266c7913352c,"[[""u1""]]",pretune_on,True,30,,[5],[null],"[""Success""]","[""Success""]",0,0,0,0,0,0,0,,cell_000052.heartbeat.jsonl,20,1,1,1,19,0.95,19,0,0.01,1,19,0.95,-10,-4.66058493657
53_evogrow_v2_2_stage_capped_pretune_on_9_2_123,paper1_phaseB_v1,B,,campaign_cell,,9,Language death model for two languages,1,surrogate,,evogrow_v2_2_stage_capped_pretune_on,evogrow_v2_2_stage_capped_pretune_on,123,finished,finished,True,,,2026-09-04T20:22:50.464Z,2.18481698518e-05,,,5,,,18890,,12.400634115,False,True,False,53,2,604e79733b22d64d,91f88c4,False,-0.397249554735,[-0.3972495547347674],410,18890,ffb0266c7913352c,"[[""u1""]]",pretune_on,True,30,,[5],[null],"[""Success""]","[""Success""]",0,0,0,0,0,0,0,,cell_000053.heartbeat.jsonl,20,1,1,1,19,0.95,19,0,0.01,1,19,0.95,-10,-4.66058493657
54_evogrow_v2_2_stage_capped_pretune_on_9_2_7,paper1_phaseB_v1,B,,campaign_cell,,9,Language death model for two languages,1,surrogate,,evogrow_v2_2_stage_capped_pretune_on,evogrow_v2_2_stage_capped_pretune_on,7,finished,finished,True,,,2026-09-04T20:23:01.048Z,2.18481698518e-05,,,5,,,18890,,12.486416158,False,True,False,54,2,604e79733b22d64d,91f88c4,False,-0.397249554735,[-0.3972495547347674],410,18890,ffb0266c7913352c,"[[""u1""]]",pretune_on,True,30,,[5],[null],"[""Success""]","[""Success""]",0,0,0,0,0,0,0,,cell_000054.heartbeat.jsonl,20,1,1,1,19,0.95,19,0,0.01,1,19,0.95,-10,-4.66058493657
55_evogrow_v2_2_stage_capped_pretune_on_10_1_42,paper1_phaseB_v1,B,,campaign_cell,,10,Refined language death model for two languages,1,surrogate,,evogrow_v2_2_stage_capped_pretune_on,evogrow_v2_2_stage_capped_pretune_on,42,finished,finished,True,,,2026-09-04T20:23:14.623Z,2.34959055745e-05,,,4,,,127480,,23.714666886,False,True,False,55,1,604e79733b22d64d,91f88c4,False,0.99969555852,[0.9996955585198666],330,127480,ffb0266c7913352c,"[[""u1"",""u1^2""]]",pretune_on,True,30,,[4],[4],"[""Success""]","[""Success""]",0,0,0,0,0,0,0,,cell_000055.heartbeat.jsonl,16,5,5,2,11,0.6875,14,0,0.01,5,11,0.6875,-14,-4.62900781183
56_evogrow_v2_2_stage_capped_pretune_on_10_1_123,paper1_phaseB_v1,B,,campaign_cell,,10,Refined language death model for two languages,1,surrogate,,evogrow_v2_2_stage_capped_pretune_on,evogrow_v2_2_stage_capped_pretune_on,123,finished,finished,True,,,2026-09-04T20:23:43.084Z,2.34959055745e-05,,,4,,,127480,,23.592916062,False,True,False,56,1,604e79733b22d64d,91f88c4,False,0.99969555852,[0.9996955585198666],330,127480,ffb0266c7913352c,"[[""u1"",""u1^2""]]",pretune_on,True,30,,[4],[4],"[""Success""]","[""Success""]",0,0,0,0,0,0,0,,cell_000056.heartbeat.jsonl,16,5,5,2,11,0.6875,14,0,0.01,5,11,0.6875,-14,-4.62900781183
57_evogrow_v2_2_stage_capped_pretune_on_10_1_7,paper1_phaseB_v1,B,,campaign_cell,,10,Refined language death model for two languages,1,surrogate,,evogrow_v2_2_stage_capped_pretune_on,evogrow_v2_2_stage_capped_pretune_on,7,finished,finished,True,,,2026-09-04T20:23:53.606Z,2.34959055745e-05,,,4,,,127480,,24.072407705,False,True,False,57,1,604e79733b22d64d,91f88c4,False,0.99969555852,[0.9996955585198666],330,127480,ffb0266c7913352c,"[[""u1"",""u1^2""]]",pretune_on,True,30,,[4],[4],"[""Success""]","[""Success""]",0,0,0,0,0,0,0,,cell_000057.heartbeat.jsonl,16,5,5,2,11,0.6875,14,0,0.01,5,11,0.6875,-14,-4.62900781183
58_evogrow_v2_2_stage_capped_pretune_on_10_2_42,paper1_phaseB_v1,B,,campaign_cell,,10,Refined language death model for two languages,1,surrogate,,evogrow_v2_2_stage_capped_pretune_on,evogrow_v2_2_stage_capped_pretune_on,42,finished,finished,True,,,2026-09-04T20:24:18.073Z,5.42593097044e-05,,,5,,,24450,,12.935251895,False,True,False,58,2,604e79733b22d64d,91f88c4,False,0.993305188765,[0.9933051887652217],410,24450,ffb0266c7913352c,"[[""u1""]]",pretune_on,True,30,,[5],[null],"[""Success""]","[""Success""]",0,0,0,0,0,0,0,,cell_000058.heartbeat.jsonl,20,1,1,1,19,0.95,19,0,0.01,1,19,0.95,-10,-4.2655257357
59_evogrow_v2_2_stage_capped_pretune_on_10_2_123,paper1_phaseB_v1,B,,campaign_cell,,10,Refined language death model for two languages,1,surrogate,,evogrow_v2_2_stage_capped_pretune_on,evogrow_v2_2_stage_capped_pretune_on,123,finished,finished,True,,,2026-09-04T20:24:46.561Z,5.42593097044e-05,,,5,,,24390,,13.797904529,False,True,False,59,2,604e79733b22d64d,91f88c4,False,0.993305188765,[0.9933051887652217],410,24390,ffb0266c7913352c,"[[""u1""]]",pretune_on,True,30,,[5],[null],"[""Success""]","[""Success""]",0,0,0,0,0,0,0,,cell_000059.heartbeat.jsonl,20,1,1,1,19,0.95,19,0,0.01,1,19,0.95,-10,-4.2655257357
60_evogrow_v2_2_stage_capped_pretune_on_10_2_7,paper1_phaseB_v1,B,,campaign_cell,,10,Refined language death model for two languages,1,surrogate,,evogrow_v2_2_stage_capped_pretune_on,evogrow_v2_2_stage_capped_pretune_on,7,finished,finished,True,,,2026-09-04T20:24:57.387Z,5.42593097044e-05,,,5,,,24510,,13.762738204,False,True,False,60,2,604e79733b22d64d,91f88c4,False,0.993305188765,[0.9933051887652217],410,24510,ffb0266c7913352c,"[[""u1""]]",pretune_on,True,30,,[5],[null],"[""Success""]","[""Success""]",0,0,0,0,0,0,0,,cell_000060.heartbeat.jsonl,20,1,1,1,19,0.95,19,0,0.01,1,19,0.95,-10,-4.2655257357
61_evogrow_v2_2_stage_capped_pretune_on_11_1_42,paper1_phaseB_v1,B,,campaign_cell,,11,Naive critical slowing down (statistical mechanics),1,exact,4,evogrow_v2_2_stage_capped_pretune_on,evogrow_v2_2_stage_capped_pretune_on,42,finished,finished,True,,,2026-09-04T20:25:10.219Z,4.6741159058e-15,,True,4,0,0,24010,,13.765652004,False,True,False,61,1,604e79733b22d64d,91f88c4,False,1,[0.999999999999956],270,24010,ffb0266c7913352c,"[[""u1"",""u1^2"",""u1^3""]]",pretune_on,True,30,[0],[4],[4],"[""Success""]","[""Success""]",0,0,0,0,0,0,0,1,cell_000061.heartbeat.jsonl,13,13,13,3,0,0,10,0,0.01,13,0,0,-17,-14.3303005224
62_evogrow_v2_2_stage_capped_pretune_on_11_1_123,paper1_phaseB_v1,B,,campaign_cell,,11,Naive critical slowing down (statistical mechanics),1,exact,4,evogrow_v2_2_stage_capped_pretune_on,evogrow_v2_2_stage_capped_pretune_on,123,finished,finished,True,,,2026-09-04T20:25:40.202Z,4.6741159058e-15,,True,4,0,0,24010,,13.835527128,False,True,False,62,1,604e79733b22d64d,91f88c4,False,1,[0.999999999999956],270,24010,ffb0266c7913352c,"[[""u1"",""u1^2"",""u1^3""]]",pretune_on,True,30,[0],[4],[4],"[""Success""]","[""Success""]",0,0,0,0,0,0,0,1,cell_000062.heartbeat.jsonl,13,13,13,3,0,0,10,0,0.01,13,0,0,-17,-14.3303005224
63_evogrow_v2_2_stage_capped_pretune_on_11_1_7,paper1_phaseB_v1,B,,campaign_cell,,11,Naive critical slowing down (statistical mechanics),1,exact,4,evogrow_v2_2_stage_capped_pretune_on,evogrow_v2_2_stage_capped_pretune_on,7,finished,finished,True,,,2026-09-04T20:25:51.509Z,4.6741159058e-15,,True,4,0,0,24010,,14.043664748,False,True,False,63,1,604e79733b22d64d,91f88c4,False,1,[0.999999999999956],270,24010,ffb0266c7913352c,"[[""u1"",""u1^2"",""u1^3""]]",pretune_on,True,30,[0],[4],[4],"[""Success""]","[""Success""]",0,0,0,0,0,0,0,1,cell_000063.heartbeat.jsonl,13,13,13,3,0,0,10,0,0.01,13,0,0,-17,-14.3303005224
64_evogrow_v2_2_stage_capped_pretune_on_11_2_42,paper1_phaseB_v1,B,,campaign_cell,,11,Naive critical slowing down (statistical mechanics),1,exact,4,evogrow_v2_2_stage_capped_pretune_on,evogrow_v2_2_stage_capped_pretune_on,42,finished,finished,True,,,2026-09-04T20:26:04.649Z,0.000572744454029,,False,4,0,0,27280,,14.049958949,False,True,False,64,2,604e79733b22d64d,91f88c4,False,0.988014375392,[0.9880143753915008],330,27280,ffb0266c7913352c,"[[""u1"",""u1^2""]]",pretune_on,True,30,[0],[4],[4],"[""Success""]","[""Success""]",0,0,0,0,0,0,0,0,cell_000064.heartbeat.jsonl,16,5,5,2,11,0.6875,14,0,0.01,5,11,0.6875,-14,-3.24203910746
65_evogrow_v2_2_stage_capped_pretune_on_11_2_123,paper1_phaseB_v1,B,,campaign_cell,,11,Naive critical slowing down (statistical mechanics),1,exact,4,evogrow_v2_2_stage_capped_pretune_on,evogrow_v2_2_stage_capped_pretune_on,123,finished,finished,True,,,2026-09-04T20:26:35.207Z,0.000572744454029,,False,4,0,0,27280,,14.72601889,False,True,False,65,2,604e79733b22d64d,91f88c4,False,0.988014375392,[0.9880143753915008],330,27280,ffb0266c7913352c,"[[""u1"",""u1^2""]]",pretune_on,True,30,[0],[4],[4],"[""Success""]","[""Success""]",0,0,0,0,0,0,0,0,cell_000065.heartbeat.jsonl,16,5,5,2,11,0.6875,14,0,0.01,5,11,0.6875,-14,-3.24203910746
66_evogrow_v2_2_stage_capped_pretune_on_11_2_7,paper1_phaseB_v1,B,,campaign_cell,,11,Naive critical slowing down (statistical mechanics),1,exact,4,evogrow_v2_2_stage_capped_pretune_on,evogrow_v2_2_stage_capped_pretune_on,7,finished,finished,True,,,2026-09-04T20:26:46.351Z,0.000572744454029,,False,4,0,0,27280,,14.856855744,False,True,False,66,2,604e79733b22d64d,91f88c4,False,0.988014375392,[0.9880143753915008],330,27280,ffb0266c7913352c,"[[""u1"",""u1^2""]]",pretune_on,True,30,[0],[4],[4],"[""Success""]","[""Success""]",0,0,0,0,0,0,0,0,cell_000066.heartbeat.jsonl,16,5,5,2,11,0.6875,14,0,0.01,5,11,0.6875,-14,-3.24203910746
67_evogrow_v2_2_stage_capped_pretune_on_12_1_42,paper1_phaseB_v1,B,,campaign_cell,,12,Photons in a laser (simple),1,exact,2,evogrow_v2_2_stage_capped_pretune_on,evogrow_v2_2_stage_capped_pretune_on,42,finished,finished,True,,,2026-09-04T20:26:58.584Z,4.45268049889e-10,,True,2,0,0,9470,,12.015252285,False,True,False,67,1,604e79733b22d64d,91f88c4,False,0.999999999498,[0.9999999994976433],110,9470,ffb0266c7913352c,"[[""u1"",""u1^2""]]",pretune_on,True,30,[0],[2],[2],"[""Success""]","[""Success""]",0,0,0,0,0,0,0,1,cell_000067.heartbeat.jsonl,5,5,5,2,0,0,3,0,0.01,5,0,0,-25,-9.35137846646
68_evogrow_v2_2_stage_capped_pretune_on_12_1_123,paper1_phaseB_v1,B,,campaign_cell,,12,Photons in a laser (simple),1,exact,2,evogrow_v2_2_stage_capped_pretune_on,evogrow_v2_2_stage_capped_pretune_on,123,finished,finished,True,,,2026-09-04T20:27:31.354Z,4.45268049889e-10,,True,2,0,0,9470,,12.432620826,False,True,False,68,1,604e79733b22d64d,91f88c4,False,0.999999999498,[0.9999999994976433],110,9470,ffb0266c7913352c,"[[""u1"",""u1^2""]]",pretune_on,True,30,[0],[2],[2],"[""Success""]","[""Success""]",0,0,0,0,0,0,0,1,cell_000068.heartbeat.jsonl,5,5,5,2,0,0,3,0,0.01,5,0,0,-25,-9.35137846646
69_evogrow_v2_2_stage_capped_pretune_on_12_1_7,paper1_phaseB_v1,B,,campaign_cell,,12,Photons in a laser (simple),1,exact,2,evogrow_v2_2_stage_capped_pretune_on,evogrow_v2_2_stage_capped_pretune_on,7,finished,finished,True,,,2026-09-04T20:27:41.512Z,4.45268049889e-10,,True,2,0,0,9470,,11.978334747,False,True,False,69,1,604e79733b22d64d,91f88c4,False,0.999999999498,[0.9999999994976433],110,9470,ffb0266c7913352c,"[[""u1"",""u1^2""]]",pretune_on,True,30,[0],[2],[2],"[""Success""]","[""Success""]",0,0,0,0,0,0,0,1,cell_000069.heartbeat.jsonl,5,5,5,2,0,0,3,0,0.01,5,0,0,-25,-9.35137846646
70_evogrow_v2_2_stage_capped_pretune_on_12_2_42,paper1_phaseB_v1,B,,campaign_cell,,12,Photons in a laser (simple),1,exact,2,evogrow_v2_2_stage_capped_pretune_on,evogrow_v2_2_stage_capped_pretune_on,42,finished,finished,True,,,2026-09-04T20:27:51.990Z,1.17851547736e-11,,True,2,0,0,9930,,12.367928159,False,True,False,70,2,604e79733b22d64d,91f88c4,False,0.999999999999,[0.9999999999993634],110,9930,ffb0266c7913352c,"[[""u1"",""u1^2""]]",pretune_on,True,30,[0],[2],[2],"[""Success""]","[""Success""]",0,0,0,0,0,0,0,1,cell_000070.heartbeat.jsonl,5,5,5,2,0,0,3,0,0.01,5,0,0,-25,-10.9286647095
71_evogrow_v2_2_stage_capped_pretune_on_12_2_123,paper1_phaseB_v1,B,,campaign_cell,,12,Photons in a laser (simple),1,exact,2,evogrow_v2_2_stage_capped_pretune_on,evogrow_v2_2_stage_capped_pretune_on,123,finished,finished,True,,,2026-09-04T20:28:23.890Z,1.17851547736e-11,,True,2,0,0,9930,,12.035870455,False,True,False,71,2,604e79733b22d64d,91f88c4,False,0.999999999999,[0.9999999999993634],110,9930,ffb0266c7913352c,"[[""u1"",""u1^2""]]",pretune_on,True,30,[0],[2],[2],"[""Success""]","[""Success""]",0,0,0,0,0,0,0,1,cell_000071.heartbeat.jsonl,5,5,5,2,0,0,3,0,0.01,5,0,0,-25,-10.9286647095
72_evogrow_v2_2_stage_capped_pretune_on_12_2_7,paper1_phaseB_v1,B,,campaign_cell,,12,Photons in a laser (simple),1,exact,2,evogrow_v2_2_stage_capped_pretune_on,evogrow_v2_2_stage_capped_pretune_on,7,finished,finished,True,,,2026-09-04T20:28:32.887Z,1.17851547736e-11,,True,2,0,0,9930,,12.003583231,False,True,False,72,2,604e79733b22d64d,91f88c4,False,0.999999999999,[0.9999999999993634],110,9930,ffb0266c7913352c,"[[""u1"",""u1^2""]]",pretune_on,True,30,[0],[2],[2],"[""Success""]","[""Success""]",0,0,0,0,0,0,0,1,cell_000072.heartbeat.jsonl,5,5,5,2,0,0,3,0,0.01,5,0,0,-25,-10.9286647095
73_evogrow_v2_2_stage_capped_pretune_on_13_1_42,paper1_phaseB_v1,B,,campaign_cell,,13,Overdamped bead on a rotating hoop,1,surrogate,,evogrow_v2_2_stage_capped_pretune_on,evogrow_v2_2_stage_capped_pretune_on,42,finished,finished,True,,,2026-09-04T20:28:44.529Z,3.73693564616e-05,,,5,,,1715330,,235.003056558,False,True,False,73,1,604e79733b22d64d,91f88c4,False,0.999900859805,[0.9999008598054828],410,1715330,ffb0266c7913352c,"[[""u1"",""u1^2"",""cos(u1)""]]",pretune_on,True,30,,[5],[5],"[""Success"",""Unstable""]","[""Success"",""Failure"",""MaxLossEvals""]",540,540,0,540,0,230,60,,cell_000073.heartbeat.jsonl,20,17,17,3,3,0.15,17,0,0.01,17,3,0.15,-10,-4.42748438108
74_evogrow_v2_2_stage_capped_pretune_on_13_1_123,paper1_phaseB_v1,B,,campaign_cell,,13,Overdamped bead on a rotating hoop,1,surrogate,,evogrow_v2_2_stage_capped_pretune_on,evogrow_v2_2_stage_capped_pretune_on,123,finished,finished,True,,,2026-09-04T20:29:15.850Z,3.73693564616e-05,,,5,,,1716580,,231.727226441,False,True,False,74,1,604e79733b22d64d,91f88c4,False,0.999900859805,[0.9999008598054828],410,1716580,ffb0266c7913352c,"[[""u1"",""u1^2"",""cos(u1)""]]",pretune_on,True,30,,[5],[5],"[""Success"",""Unstable""]","[""Success"",""Failure"",""MaxLossEvals""]",528,528,0,528,0,232,60,,cell_000074.heartbeat.jsonl,20,17,17,3,3,0.15,17,0,0.01,17,3,0.15,-10,-4.42748438108
75_evogrow_v2_2_stage_capped_pretune_on_13_1_7,paper1_phaseB_v1,B,,campaign_cell,,13,Overdamped bead on a rotating hoop,1,surrogate,,evogrow_v2_2_stage_capped_pretune_on,evogrow_v2_2_stage_capped_pretune_on,7,finished,finished,True,,,2026-09-04T20:29:25.468Z,3.73693564616e-05,,,5,,,1715330,,232.5563319,False,True,False,75,1,604e79733b22d64d,91f88c4,False,0.999900859805,[0.9999008598054828],410,1715330,ffb0266c7913352c,"[[""u1"",""u1^2"",""cos(u1)""]]",pretune_on,True,30,,[5],[5],"[""Success"",""Unstable""]","[""Success"",""Failure"",""MaxLossEvals""]",540,540,0,540,0,230,60,,cell_000075.heartbeat.jsonl,20,17,17,3,3,0.15,17,0,0.01,17,3,0.15,-10,-4.42748438108
76_evogrow_v2_2_stage_capped_pretune_on_13_2_42,paper1_phaseB_v1,B,,campaign_cell,,13,Overdamped bead on a rotating hoop,1,surrogate,,evogrow_v2_2_stage_capped_pretune_on,evogrow_v2_2_stage_capped_pretune_on,42,finished,finished,True,,,2026-09-04T20:33:18.869Z,0.000508335436783,,,5,,,948280,,143.061264749,False,True,False,76,2,604e79733b22d64d,91f88c4,False,0.988723943871,[0.9887239438707833],410,948280,ffb0266c7913352c,"[[""u1"",""u1^2""]]",pretune_on,True,30,,[5],[5],"[""Success"",""Unstable""]","[""Success"",""Failure""]",705,705,0,705,0,47,0,,cell_000076.heartbeat.jsonl,20,5,5,2,15,0.75,18,0,0.01,5,15,0.75,-10,-3.29384961396
77_evogrow_v2_2_stage_capped_pretune_on_13_2_123,paper1_phaseB_v1,B,,campaign_cell,,13,Overdamped bead on a rotating hoop,1,surrogate,,evogrow_v2_2_stage_capped_pretune_on,evogrow_v2_2_stage_capped_pretune_on,123,finished,finished,True,,,2026-09-04T20:33:47.979Z,0.000508335436783,,,5,,,696080,,121.69170123,False,True,False,77,2,604e79733b22d64d,91f88c4,False,0.988723943871,[0.9887239438707833],410,696080,ffb0266c7913352c,"[[""u1"",""u1^2""]]",pretune_on,True,30,,[5],[5],"[""Success"",""Unstable""]","[""Success"",""Failure""]",510,510,0,510,0,34,0,,cell_000077.heartbeat.jsonl,20,5,5,2,15,0.75,18,0,0.01,5,15,0.75,-10,-3.29384961396
78_evogrow_v2_2_stage_capped_pretune_on_13_2_7,paper1_phaseB_v1,B,,campaign_cell,,13,Overdamped bead on a rotating hoop,1,surrogate,,evogrow_v2_2_stage_capped_pretune_on,evogrow_v2_2_stage_capped_pretune_on,7,finished,finished,True,,,2026-09-04T20:33:58.739Z,0.000508335436783,,,5,,,734880,,118.188840994,False,True,False,78,2,604e79733b22d64d,91f88c4,False,0.988723943871,[0.9887239438707833],410,734880,ffb0266c7913352c,"[[""u1"",""u1^2""]]",pretune_on,True,30,,[5],[5],"[""Success"",""Unstable""]","[""Success"",""Failure""]",540,540,0,540,0,36,0,,cell_000078.heartbeat.jsonl,20,5,5,2,15,0.75,18,0,0.01,5,15,0.75,-10,-3.29384961396
79_evogrow_v2_2_stage_capped_pretune_on_14_1_42,paper1_phaseB_v1,B,,campaign_cell,,14,Budworm outbreak model with predation,1,surrogate,,evogrow_v2_2_stage_capped_pretune_on,evogrow_v2_2_stage_capped_pretune_on,42,finished,finished,True,,,2026-09-04T20:35:08.208Z,0.00586012033751,,,2,,,65370,,20.320704629,False,True,False,79,1,604e79733b22d64d,91f88c4,False,0.999992419768,[0.9999924197684253],170,65370,ffb0266c7913352c,"[[""u1"",""u1^2""]]",pretune_on,True,30,,[2],[2],"[""Success"",""Unstable""]","[""Success"",""Failure""]",5760,5760,0,5760,0,80,0,,cell_000079.heartbeat.jsonl,8,5,5,2,3,0.375,6,0,0.01,5,3,0.375,-22,-2.23209346566
80_evogrow_v2_2_stage_capped_pretune_on_14_1_123,paper1_phaseB_v1,B,,campaign_cell,,14,Budworm outbreak model with predation,1,surrogate,,evogrow_v2_2_stage_capped_pretune_on,evogrow_v2_2_stage_capped_pretune_on,123,finished,finished,True,,,2026-09-04T20:36:08.987Z,0.00586012033751,,,2,,,65370,,20.735424144,False,True,False,80,1,604e79733b22d64d,91f88c4,False,0.999992419768,[0.9999924197684253],170,65370,ffb0266c7913352c,"[[""u1"",""u1^2""]]",pretune_on,True,30,,[2],[2],"[""Success"",""Unstable""]","[""Success"",""Failure""]",5760,5760,0,5760,0,80,0,,cell_000080.heartbeat.jsonl,8,5,5,2,3,0.375,6,0,0.01,5,3,0.375,-22,-2.23209346566
81_evogrow_v2_2_stage_capped_pretune_on_14_1_7,paper1_phaseB_v1,B,,campaign_cell,,14,Budworm outbreak model with predation,1,surrogate,,evogrow_v2_2_stage_capped_pretune_on,evogrow_v2_2_stage_capped_pretune_on,7,finished,finished,True,,,2026-09-04T20:36:22.210Z,0.00586012033751,,,2,,,65370,,21.036753751,False,True,False,81,1,604e79733b22d64d,91f88c4,False,0.999992419768,[0.9999924197684253],170,65370,ffb0266c7913352c,"[[""u1"",""u1^2""]]",pretune_on,True,30,,[2],[2],"[""Success"",""Unstable""]","[""Success"",""Failure""]",5760,5760,0,5760,0,80,0,,cell_000081.heartbeat.jsonl,8,5,5,2,3,0.375,6,0,0.01,5,3,0.375,-22,-2.23209346566
82_evogrow_v2_2_stage_capped_pretune_on_14_2_42,paper1_phaseB_v1,B,,campaign_cell,,14,Budworm outbreak model with predation,1,surrogate,,evogrow_v2_2_stage_capped_pretune_on,evogrow_v2_2_stage_capped_pretune_on,42,finished,finished,True,,,2026-09-04T20:36:30.125Z,0.000252104657037,,,4,,,1665930,,222.311701268,False,True,False,82,2,604e79733b22d64d,91f88c4,False,0.99999908393,[0.9999990839302885],330,1665930,ffb0266c7913352c,"[[""u1"",""u1^2""]]",pretune_on,True,30,,[4],[4],"[""Success""]","[""Failure"",""MaxLossEvals""]",0,0,0,0,0,330,80,,cell_000082.heartbeat.jsonl,16,5,5,2,11,0.6875,14,0,0.01,5,11,0.6875,-14,-3.59841913169
83_evogrow_v2_2_stage_capped_pretune_on_14_2_123,paper1_phaseB_v1,B,,campaign_cell,,14,Budworm outbreak model with predation,1,surrogate,,evogrow_v2_2_stage_capped_pretune_on,evogrow_v2_2_stage_capped_pretune_on,123,finished,finished,True,,,2026-09-04T20:36:36.984Z,0.000252104657037,,,4,,,1665930,,217.0733271,False,True,False,83,2,604e79733b22d64d,91f88c4,False,0.99999908393,[0.9999990839302885],330,1665930,ffb0266c7913352c,"[[""u1"",""u1^2""]]",pretune_on,True,30,,[4],[4],"[""Success""]","[""Failure"",""MaxLossEvals""]",0,0,0,0,0,330,80,,cell_000083.heartbeat.jsonl,16,5,5,2,11,0.6875,14,0,0.01,5,11,0.6875,-14,-3.59841913169
84_evogrow_v2_2_stage_capped_pretune_on_14_2_7,paper1_phaseB_v1,B,,campaign_cell,,14,Budworm outbreak model with predation,1,surrogate,,evogrow_v2_2_stage_capped_pretune_on,evogrow_v2_2_stage_capped_pretune_on,7,finished,finished,True,,,2026-09-04T20:37:09.336Z,0.000252104657037,,,4,,,1665930,,213.522989193,False,True,False,84,2,604e79733b22d64d,91f88c4,False,0.99999908393,[0.9999990839302885],330,1665930,ffb0266c7913352c,"[[""u1"",""u1^2""]]",pretune_on,True,30,,[4],[4],"[""Success""]","[""Failure"",""MaxLossEvals""]",0,0,0,0,0,330,80,,cell_000084.heartbeat.jsonl,16,5,5,2,11,0.6875,14,0,0.01,5,11,0.6875,-14,-3.59841913169
85_evogrow_v2_2_stage_capped_pretune_on_15_1_42,paper1_phaseB_v1,B,,campaign_cell,,15,Budworm outbreak with predation (dimensionless),1,surrogate,,evogrow_v2_2_stage_capped_pretune_on,evogrow_v2_2_stage_capped_pretune_on,42,finished,finished,True,,,2026-09-04T20:37:24.091Z,2.20813883472e-05,,,4,,,1906530,,226.825090497,False,True,False,85,1,604e79733b22d64d,91f88c4,False,0.999999880083,[0.9999998800831412],330,1906530,ffb0266c7913352c,"[[""u1"",""u1^2"",""u1^3""]]",pretune_on,True,30,,[4],[4],"[""Success"",""Unstable""]","[""Success"",""Failure"",""MaxLossEvals""]",10240,10240,0,10240,0,240,80,,cell_000085.heartbeat.jsonl,16,13,13,3,3,0.1875,13,0,0.01,13,3,0.1875,-14,-4.65597362421
86_evogrow_v2_2_stage_capped_pretune_on_15_1_123,paper1_phaseB_v1,B,,campaign_cell,,15,Budworm outbreak with predation (dimensionless),1,surrogate,,evogrow_v2_2_stage_capped_pretune_on,evogrow_v2_2_stage_capped_pretune_on,123,finished,finished,True,,,2026-09-04T20:40:51.544Z,2.20813883472e-05,,,4,,,1906530,,230.763456486,False,True,False,86,1,604e79733b22d64d,91f88c4,False,0.999999880083,[0.9999998800831412],330,1906530,ffb0266c7913352c,"[[""u1"",""u1^2"",""u1^3""]]",pretune_on,True,30,,[4],[4],"[""Success"",""Unstable""]","[""Success"",""Failure"",""MaxLossEvals""]",10240,10240,0,10240,0,240,80,,cell_000086.heartbeat.jsonl,16,13,13,3,3,0.1875,13,0,0.01,13,3,0.1875,-14,-4.65597362421
87_evogrow_v2_2_stage_capped_pretune_on_15_1_7,paper1_phaseB_v1,B,,campaign_cell,,15,Budworm outbreak with predation (dimensionless),1,surrogate,,evogrow_v2_2_stage_capped_pretune_on,evogrow_v2_2_stage_capped_pretune_on,7,finished,finished,True,,,2026-09-04T20:40:54.275Z,2.20813883472e-05,,,4,,,1906530,,221.91102398,False,True,False,87,1,604e79733b22d64d,91f88c4,False,0.999999880083,[0.9999998800831412],330,1906530,ffb0266c7913352c,"[[""u1"",""u1^2"",""u1^3""]]",pretune_on,True,30,,[4],[4],"[""Success"",""Unstable""]","[""Success"",""Failure"",""MaxLossEvals""]",10240,10240,0,10240,0,240,80,,cell_000087.heartbeat.jsonl,16,13,13,3,3,0.1875,13,0,0.01,13,3,0.1875,-14,-4.65597362421
88_evogrow_v2_2_stage_capped_pretune_on_15_2_42,paper1_phaseB_v1,B,,campaign_cell,,15,Budworm outbreak with predation (dimensionless),1,surrogate,,evogrow_v2_2_stage_capped_pretune_on,evogrow_v2_2_stage_capped_pretune_on,42,finished,finished,True,,,2026-09-04T20:41:22.656Z,0.334053665245,,,1,,,44640,,15.51110694,False,True,False,88,2,604e79733b22d64d,91f88c4,False,0.997893955216,[0.9978939552163614],90,44640,ffb0266c7913352c,"[[""u1""]]",pretune_on,True,30,,[1],[1],"[""Success""]","[""Failure""]",0,0,0,0,0,90,0,,cell_000088.heartbeat.jsonl,4,1,1,1,3,0.75,3,0,0.01,1,3,0.75,-26,-0.476183758794
89_evogrow_v2_2_stage_capped_pretune_on_15_2_123,paper1_phaseB_v1,B,,campaign_cell,,15,Budworm outbreak with predation (dimensionless),1,surrogate,,evogrow_v2_2_stage_capped_pretune_on,evogrow_v2_2_stage_capped_pretune_on,123,finished,finished,True,,,2026-09-04T20:41:51.298Z,0.334053665245,,,1,,,44640,,15.617773476,False,True,False,89,2,604e79733b22d64d,91f88c4,False,0.997893955216,[0.9978939552163614],90,44640,ffb0266c7913352c,"[[""u1""]]",pretune_on,True,30,,[1],[1],"[""Success""]","[""Failure""]",0,0,0,0,0,90,0,,cell_000089.heartbeat.jsonl,4,1,1,1,3,0.75,3,0,0.01,1,3,0.75,-26,-0.476183758794
90_evogrow_v2_2_stage_capped_pretune_on_15_2_7,paper1_phaseB_v1,B,,campaign_cell,,15,Budworm outbreak with predation (dimensionless),1,surrogate,,evogrow_v2_2_stage_capped_pretune_on,evogrow_v2_2_stage_capped_pretune_on,7,finished,finished,True,,,2026-09-04T20:42:19.063Z,0.334053665245,,,1,,,44640,,15.818587776,False,True,False,90,2,604e79733b22d64d,91f88c4,False,0.997893955216,[0.9978939552163614],90,44640,ffb0266c7913352c,"[[""u1""]]",pretune_on,True,30,,[1],[1],"[""Success""]","[""Failure""]",0,0,0,0,0,90,0,,cell_000090.heartbeat.jsonl,4,1,1,1,3,0.75,3,0,0.01,1,3,0.75,-26,-0.476183758794
91_evogrow_v2_2_stage_capped_pretune_on_16_1_42,paper1_phaseB_v1,B,,campaign_cell,,16,Landau equation (typical time scale tau = 1),1,surrogate,,evogrow_v2_2_stage_capped_pretune_on,evogrow_v2_2_stage_capped_pretune_on,42,finished,finished,True,,,2026-09-04T20:42:47.464Z,0.000353810813613,,,5,,,1392192,,206.244395904,False,True,False,91,1,604e79733b22d64d,91f88c4,False,0.999926152058,[0.9999261520581243],410,1392192,ffb0266c7913352c,"[[""u1"",""u1^2"",""u1^3"",""cos(u1)""]]",pretune_on,True,30,,[5],[5],"[""Success"",""Unstable""]","[""Success"",""Failure""]",3452,3452,0,3452,0,320,0,,cell_000091.heartbeat.jsonl,20,17,17,4,3,0.15,16,0,0.01,17,3,0.15,-10,-3.45122889777
92_evogrow_v2_2_stage_capped_pretune_on_16_1_123,paper1_phaseB_v1,B,,campaign_cell,,16,Landau equation (typical time scale tau = 1),1,surrogate,,evogrow_v2_2_stage_capped_pretune_on,evogrow_v2_2_stage_capped_pretune_on,123,finished,finished,True,,,2026-09-04T20:43:15.514Z,0.000353810813613,,,5,,,1402434,,197.080909445,False,True,False,92,1,604e79733b22d64d,91f88c4,False,0.999926152058,[0.9999261520581243],410,1402434,ffb0266c7913352c,"[[""u1"",""u1^2"",""u1^3"",""cos(u1)""]]",pretune_on,True,30,,[5],[5],"[""Success"",""Unstable""]","[""Success"",""Failure""]",3344,3344,0,3344,0,320,0,,cell_000092.heartbeat.jsonl,20,17,17,4,3,0.15,16,0,0.01,17,3,0.15,-10,-3.45122889777
93_evogrow_v2_2_stage_capped_pretune_on_16_1_7,paper1_phaseB_v1,B,,campaign_cell,,16,Landau equation (typical time scale tau = 1),1,surrogate,,evogrow_v2_2_stage_capped_pretune_on,evogrow_v2_2_stage_capped_pretune_on,7,finished,finished,True,,,2026-09-04T20:45:16.809Z,0.000353810813613,,,5,,,1381950,,183.699273263,False,True,False,93,1,604e79733b22d64d,91f88c4,False,0.999926152058,[0.9999261520581243],410,1381950,ffb0266c7913352c,"[[""u1"",""u1^2"",""u1^3"",""cos(u1)""]]",pretune_on,True,30,,[5],[5],"[""Success"",""Unstable""]","[""Success"",""Failure""]",3560,3560,0,3560,0,320,0,,cell_000093.heartbeat.jsonl,20,17,17,4,3,0.15,16,0,0.01,17,3,0.15,-10,-3.45122889777
94_evogrow_v2_2_stage_capped_pretune_on_16_2_42,paper1_phaseB_v1,B,,campaign_cell,,16,Landau equation (typical time scale tau = 1),1,surrogate,,evogrow_v2_2_stage_capped_pretune_on,evogrow_v2_2_stage_capped_pretune_on,42,finished,finished,True,,,2026-09-04T20:45:22.607Z,6.50422805992e-05,,,5,,,1643012,,246.618765536,False,True,False,94,2,604e79733b22d64d,91f88c4,False,0.999980385275,[0.999980385274897],410,1643012,ffb0266c7913352c,"[[""u1"",""u1^2"",""u1^3"",""cos(u1)""]]",pretune_on,True,30,,[5],[5],"[""Success"",""Unstable""]","[""Success"",""Failure""]",5198,5198,0,5198,0,320,0,,cell_000094.heartbeat.jsonl,20,17,17,4,3,0.15,16,0,0.01,17,3,0.15,-10,-4.18680423933
95_evogrow_v2_2_stage_capped_pretune_on_16_2_123,paper1_phaseB_v1,B,,campaign_cell,,16,Landau equation (typical time scale tau = 1),1,surrogate,,evogrow_v2_2_stage_capped_pretune_on,evogrow_v2_2_stage_capped_pretune_on,123,finished,finished,True,,,2026-09-04T20:46:54.883Z,6.50422805992e-05,,,5,,,1640924,,257.624490589,False,True,False,95,2,604e79733b22d64d,91f88c4,False,0.999980385275,[0.999980385274897],410,1640924,ffb0266c7913352c,"[[""u1"",""u1^2"",""u1^3"",""cos(u1)""]]",pretune_on,True,30,,[5],[5],"[""Success"",""Unstable""]","[""Success"",""Failure""]",5036,5036,0,5036,0,320,0,,cell_000095.heartbeat.jsonl,20,17,17,4,3,0.15,16,0,0.01,17,3,0.15,-10,-4.18680423933
96_evogrow_v2_2_stage_capped_pretune_on_16_2_7,paper1_phaseB_v1,B,,campaign_cell,,16,Landau equation (typical time scale tau = 1),1,surrogate,,evogrow_v2_2_stage_capped_pretune_on,evogrow_v2_2_stage_capped_pretune_on,7,finished,finished,True,,,2026-09-04T20:47:12.642Z,6.50422805992e-05,,,5,,,1645100,,252.666614014,False,True,False,96,2,604e79733b22d64d,91f88c4,False,0.999980385275,[0.999980385274897],410,1645100,ffb0266c7913352c,"[[""u1"",""u1^2"",""u1^3"",""cos(u1)""]]",pretune_on,True,30,,[5],[5],"[""Success"",""Unstable""]","[""Success"",""Failure""]",5360,5360,0,5360,0,320,0,,cell_000096.heartbeat.jsonl,20,17,17,4,3,0.15,16,0,0.01,17,3,0.15,-10,-4.18680423933
97_evogrow_v2_2_stage_capped_pretune_on_17_1_42,paper1_phaseB_v1,B,,campaign_cell,,17,Logistic equation with harvesting/fishing,1,surrogate,,evogrow_v2_2_stage_capped_pretune_on,evogrow_v2_2_stage_capped_pretune_on,42,finished,finished,True,,,2026-09-04T20:49:00.287Z,0.00127840561279,,,5,,,3257401,,414.429688259,False,True,False,97,1,604e79733b22d64d,91f88c4,False,0.999997734937,[0.9999977349370167],410,3257401,ffb0266c7913352c,"[[""u1"",""u1^2"",""u1^3""]]",pretune_on,True,30,,[5],[null],"[""Success"",""Unstable""]","[""Failure"",""Success"",""MaxLossEvals""]",1110,1110,0,1110,0,213,123,,cell_000097.heartbeat.jsonl,20,13,13,3,7,0.35,17,0,0.01,13,7,0.35,-10,-2.89333133127
98_evogrow_v2_2_stage_capped_pretune_on_17_1_123,paper1_phaseB_v1,B,,campaign_cell,,17,Logistic equation with harvesting/fishing,1,surrogate,,evogrow_v2_2_stage_capped_pretune_on,evogrow_v2_2_stage_capped_pretune_on,123,finished,finished,True,,,2026-09-04T20:50:08.820Z,0.00127840561279,,,5,,,3033443,,360.854477124,False,True,False,98,1,604e79733b22d64d,91f88c4,False,0.999997734937,[0.9999977349370167],410,3033443,ffb0266c7913352c,"[[""u1"",""u1^2"",""u1^3""]]",pretune_on,True,30,,[5],[null],"[""Success"",""Unstable""]","[""Failure"",""Success"",""MaxLossEvals""]",1530,1530,0,1530,0,199,109,,cell_000098.heartbeat.jsonl,20,13,13,3,7,0.35,17,0,0.01,13,7,0.35,-10,-2.89333133127
99_evogrow_v2_2_stage_capped_pretune_on_17_1_7,paper1_phaseB_v1,B,,campaign_cell,,17,Logistic equation with harvesting/fishing,1,surrogate,,evogrow_v2_2_stage_capped_pretune_on,evogrow_v2_2_stage_capped_pretune_on,7,finished,finished,True,,,2026-09-04T20:51:53.248Z,0.00127840561279,,,5,,,3177416,,390.354019162,False,True,False,99,1,604e79733b22d64d,91f88c4,False,0.999997734937,[0.9999977349370167],410,3177416,ffb0266c7913352c,"[[""u1"",""u1^2"",""u1^3""]]",pretune_on,True,30,,[5],[null],"[""Success"",""Unstable""]","[""Failure"",""Success"",""MaxLossEvals""]",1260,1260,0,1260,0,208,118,,cell_000099.heartbeat.jsonl,20,13,13,3,7,0.35,17,0,0.01,13,7,0.35,-10,-2.89333133127
100_evogrow_v2_2_stage_capped_pretune_on_17_2_42,paper1_phaseB_v1,B,,campaign_cell,,17,Logistic equation with harvesting/fishing,1,surrogate,,evogrow_v2_2_stage_capped_pretune_on,evogrow_v2_2_stage_capped_pretune_on,42,finished,finished,True,,,2026-09-04T20:52:05.431Z,0.000571188013771,,,4,,,1899280,,225.133573987,False,True,False,100,2,604e79733b22d64d,91f88c4,False,0.999998382124,[0.999998382124471],330,1899280,ffb0266c7913352c,"[[""u1"",""u1^2""]]",pretune_on,True,30,,[4],[4],"[""Success""]","[""Success"",""Failure"",""MaxLossEvals""]",0,0,0,0,0,240,80,,cell_000100.heartbeat.jsonl,16,5,5,2,11,0.6875,14,0,0.01,5,11,0.6875,-14,-3.24322091469
101_evogrow_v2_2_stage_capped_pretune_on_17_2_123,paper1_phaseB_v1,B,,campaign_cell,,17,Logistic equation with harvesting/fishing,1,surrogate,,evogrow_v2_2_stage_capped_pretune_on,evogrow_v2_2_stage_capped_pretune_on,123,finished,finished,True,,,2026-09-04T20:56:29.595Z,0.000571188013771,,,4,,,1899280,,220.452470424,False,True,False,101,2,604e79733b22d64d,91f88c4,False,0.999998382124,[0.999998382124471],330,1899280,ffb0266c7913352c,"[[""u1"",""u1^2""]]",pretune_on,True,30,,[4],[4],"[""Success""]","[""Success"",""Failure"",""MaxLossEvals""]",0,0,0,0,0,240,80,,cell_000101.heartbeat.jsonl,16,5,5,2,11,0.6875,14,0,0.01,5,11,0.6875,-14,-3.24322091469
102_evogrow_v2_2_stage_capped_pretune_on_17_2_7,paper1_phaseB_v1,B,,campaign_cell,,17,Logistic equation with harvesting/fishing,1,surrogate,,evogrow_v2_2_stage_capped_pretune_on,evogrow_v2_2_stage_capped_pretune_on,7,finished,finished,True,,,2026-09-04T20:56:31.483Z,0.000571188013771,,,4,,,1899280,,224.407059009,False,True,False,102,2,604e79733b22d64d,91f88c4,False,0.999998382124,[0.999998382124471],330,1899280,ffb0266c7913352c,"[[""u1"",""u1^2""]]",pretune_on,True,30,,[4],[4],"[""Success""]","[""Success"",""Failure"",""MaxLossEvals""]",0,0,0,0,0,240,80,,cell_000102.heartbeat.jsonl,16,5,5,2,11,0.6875,14,0,0.01,5,11,0.6875,-14,-3.24322091469
103_evogrow_v2_2_stage_capped_pretune_on_18_1_42,paper1_phaseB_v1,B,,campaign_cell,,18,Improved logistic equation with harvesting/fishing,1,surrogate,,evogrow_v2_2_stage_capped_pretune_on,evogrow_v2_2_stage_capped_pretune_on,42,finished,finished,True,,,2026-09-04T20:56:35.167Z,2.7719467633e-05,,,4,,,1703730,,207.728921278,False,True,False,103,1,604e79733b22d64d,91f88c4,False,0.999999946513,[0.9999999465125902],330,1703730,ffb0266c7913352c,"[[""u1"",""u1^2""]]",pretune_on,True,30,,[4],[4],"[""Success""]","[""Success"",""Failure"",""MaxLossEvals""]",0,0,0,0,0,240,80,,cell_000103.heartbeat.jsonl,16,5,5,2,11,0.6875,14,0,0.01,5,11,0.6875,-14,-4.55721511483
104_evogrow_v2_2_stage_capped_pretune_on_18_1_123,paper1_phaseB_v1,B,,campaign_cell,,18,Improved logistic equation with harvesting/fishing,1,surrogate,,evogrow_v2_2_stage_capped_pretune_on,evogrow_v2_2_stage_capped_pretune_on,123,finished,finished,True,,,2026-09-04T20:56:49.824Z,2.7719467633e-05,,,4,,,1703730,,201.672404815,False,True,False,104,1,604e79733b22d64d,91f88c4,False,0.999999946513,[0.9999999465125902],330,1703730,ffb0266c7913352c,"[[""u1"",""u1^2""]]",pretune_on,True,30,,[4],[4],"[""Success""]","[""Success"",""Failure"",""MaxLossEvals""]",0,0,0,0,0,240,80,,cell_000104.heartbeat.jsonl,16,5,5,2,11,0.6875,14,0,0.01,5,11,0.6875,-14,-4.55721511483
105_evogrow_v2_2_stage_capped_pretune_on_18_1_7,paper1_phaseB_v1,B,,campaign_cell,,18,Improved logistic equation with harvesting/fishing,1,surrogate,,evogrow_v2_2_stage_capped_pretune_on,evogrow_v2_2_stage_capped_pretune_on,7,finished,finished,True,,,2026-09-04T20:59:04.319Z,2.7719467633e-05,,,4,,,1703730,,211.279001143,False,True,False,105,1,604e79733b22d64d,91f88c4,False,0.999999946513,[0.9999999465125902],330,1703730,ffb0266c7913352c,"[[""u1"",""u1^2""]]",pretune_on,True,30,,[4],[4],"[""Success""]","[""Success"",""Failure"",""MaxLossEvals""]",0,0,0,0,0,240,80,,cell_000105.heartbeat.jsonl,16,5,5,2,11,0.6875,14,0,0.01,5,11,0.6875,-14,-4.55721511483
106_evogrow_v2_2_stage_capped_pretune_on_18_2_42,paper1_phaseB_v1,B,,campaign_cell,,18,Improved logistic equation with harvesting/fishing,1,surrogate,,evogrow_v2_2_stage_capped_pretune_on,evogrow_v2_2_stage_capped_pretune_on,42,finished,finished,True,,,2026-09-04T21:00:43.578Z,4.79374793726e-06,,,4,,,4842210,,528.564099516,False,True,False,106,2,604e79733b22d64d,91f88c4,False,0.99999998081,[0.9999999808097461],330,4842210,ffb0266c7913352c,"[[""u1"",""u1^2""]]",pretune_on,True,30,,[4],[4],"[""Success"",""Unstable""]","[""Failure"",""MaxLossEvals""]",7680,7680,0,7680,0,330,240,,cell_000106.heartbeat.jsonl,16,5,5,2,11,0.6875,14,0,0.01,5,11,0.6875,-14,-5.31932480558
107_evogrow_v2_2_stage_capped_pretune_on_18_2_123,paper1_phaseB_v1,B,,campaign_cell,,18,Improved logistic equation with harvesting/fishing,1,surrogate,,evogrow_v2_2_stage_capped_pretune_on,evogrow_v2_2_stage_capped_pretune_on,123,finished,finished,True,,,2026-09-04T21:00:49.958Z,4.79374793726e-06,,,4,,,4842210,,507.673652162,False,True,False,107,2,604e79733b22d64d,91f88c4,False,0.99999998081,[0.9999999808097461],330,4842210,ffb0266c7913352c,"[[""u1"",""u1^2""]]",pretune_on,True,30,,[4],[4],"[""Success"",""Unstable""]","[""Failure"",""MaxLossEvals""]",7680,7680,0,7680,0,330,240,,cell_000107.heartbeat.jsonl,16,5,5,2,11,0.6875,14,0,0.01,5,11,0.6875,-14,-5.31932480558
108_evogrow_v2_2_stage_capped_pretune_on_18_2_7,paper1_phaseB_v1,B,,campaign_cell,,18,Improved logistic equation with harvesting/fishing,1,surrogate,,evogrow_v2_2_stage_capped_pretune_on,evogrow_v2_2_stage_capped_pretune_on,7,finished,finished,True,,,2026-09-04T21:00:52.347Z,4.79374793726e-06,,,4,,,4842210,,539.088027331,False,True,False,108,2,604e79733b22d64d,91f88c4,False,0.99999998081,[0.9999999808097461],330,4842210,ffb0266c7913352c,"[[""u1"",""u1^2""]]",pretune_on,True,30,,[4],[4],"[""Success"",""Unstable""]","[""Failure"",""MaxLossEvals""]",7680,7680,0,7680,0,330,240,,cell_000108.heartbeat.jsonl,16,5,5,2,11,0.6875,14,0,0.01,5,11,0.6875,-14,-5.31932480558
109_evogrow_v2_2_stage_capped_pretune_on_19_1_42,paper1_phaseB_v1,B,,campaign_cell,,19,Improved logistic equation with harvesting/fishing (dimensionless),1,surrogate,,evogrow_v2_2_stage_capped_pretune_on,evogrow_v2_2_stage_capped_pretune_on,42,finished,finished,True,,,2026-09-04T21:00:55.536Z,4.938129261e-07,,,5,,,31805,,14.541941496,False,True,False,109,1,604e79733b22d64d,91f88c4,False,0.999992925436,[0.9999929254364571],410,31805,ffb0266c7913352c,"[[""u1"",""u1^2""]]",pretune_on,True,30,,[5],[5],"[""Success""]","[""Success""]",0,0,0,0,0,0,0,,cell_000109.heartbeat.jsonl,20,5,5,2,15,0.75,18,0,0.01,5,15,0.75,-10,-6.30643754612
110_evogrow_v2_2_stage_capped_pretune_on_19_1_123,paper1_phaseB_v1,B,,campaign_cell,,19,Improved logistic equation with harvesting/fishing (dimensionless),1,surrogate,,evogrow_v2_2_stage_capped_pretune_on,evogrow_v2_2_stage_capped_pretune_on,123,finished,finished,True,,,2026-09-04T21:01:49.747Z,4.938129261e-07,,,5,,,32260,,14.511643129,False,True,False,110,1,604e79733b22d64d,91f88c4,False,0.999992925436,[0.9999929254364571],410,32260,ffb0266c7913352c,"[[""u1"",""u1^2""]]",pretune_on,True,30,,[5],[5],"[""Success""]","[""Success""]",0,0,0,0,0,0,0,,cell_000110.heartbeat.jsonl,20,5,5,2,15,0.75,18,0,0.01,5,15,0.75,-10,-6.30643754612
111_evogrow_v2_2_stage_capped_pretune_on_19_1_7,paper1_phaseB_v1,B,,campaign_cell,,19,Improved logistic equation with harvesting/fishing (dimensionless),1,surrogate,,evogrow_v2_2_stage_capped_pretune_on,evogrow_v2_2_stage_capped_pretune_on,7,finished,finished,True,,,2026-09-04T21:02:46.535Z,4.938129261e-07,,,5,,,32190,,14.962579614,False,True,False,111,1,604e79733b22d64d,91f88c4,False,0.999992925436,[0.9999929254364571],410,32190,ffb0266c7913352c,"[[""u1"",""u1^2""]]",pretune_on,True,30,,[5],[5],"[""Success""]","[""Success""]",0,0,0,0,0,0,0,,cell_000111.heartbeat.jsonl,20,5,5,2,15,0.75,18,0,0.01,5,15,0.75,-10,-6.30643754612
112_evogrow_v2_2_stage_capped_pretune_on_19_2_42,paper1_phaseB_v1,B,,campaign_cell,,19,Improved logistic equation with harvesting/fishing (dimensionless),1,surrogate,,evogrow_v2_2_stage_capped_pretune_on,evogrow_v2_2_stage_capped_pretune_on,42,finished,finished,True,,,2026-09-04T21:03:15.325Z,1.37862520785e-06,,,5,,,29820,,14.780613761,False,True,False,112,2,604e79733b22d64d,91f88c4,False,0.999988408602,[0.9999884086017586],410,29820,ffb0266c7913352c,"[[""u1"",""u1^2""]]",pretune_on,True,30,,[5],[5],"[""Success""]","[""Success""]",0,0,0,0,0,0,0,,cell_000112.heartbeat.jsonl,20,5,5,2,15,0.75,18,0,0.01,5,15,0.75,-10,-5.86055378479
113_evogrow_v2_2_stage_capped_pretune_on_19_2_123,paper1_phaseB_v1,B,,campaign_cell,,19,Improved logistic equation with harvesting/fishing (dimensionless),1,surrogate,,evogrow_v2_2_stage_capped_pretune_on,evogrow_v2_2_stage_capped_pretune_on,123,finished,finished,True,,,2026-09-04T21:03:42.105Z,1.37862520785e-06,,,5,,,29690,,14.359196349,False,True,False,113,2,604e79733b22d64d,91f88c4,False,0.999988408602,[0.9999884086017586],410,29690,ffb0266c7913352c,"[[""u1"",""u1^2""]]",pretune_on,True,30,,[5],[5],"[""Success""]","[""Success""]",0,0,0,0,0,0,0,,cell_000113.heartbeat.jsonl,20,5,5,2,15,0.75,18,0,0.01,5,15,0.75,-10,-5.86055378479
114_evogrow_v2_2_stage_capped_pretune_on_19_2_7,paper1_phaseB_v1,B,,campaign_cell,,19,Improved logistic equation with harvesting/fishing (dimensionless),1,surrogate,,evogrow_v2_2_stage_capped_pretune_on,evogrow_v2_2_stage_capped_pretune_on,7,finished,finished,True,,,2026-09-04T21:04:10.482Z,1.37862520785e-06,,,5,,,29710,,14.551841762,False,True,False,114,2,604e79733b22d64d,91f88c4,False,0.999988408602,[0.9999884086017586],410,29710,ffb0266c7913352c,"[[""u1"",""u1^2""]]",pretune_on,True,30,,[5],[5],"[""Success""]","[""Success""]",0,0,0,0,0,0,0,,cell_000114.heartbeat.jsonl,20,5,5,2,15,0.75,18,0,0.01,5,15,0.75,-10,-5.86055378479
115_evogrow_v2_2_stage_capped_pretune_on_20_1_42,paper1_phaseB_v1,B,,campaign_cell,,20,Autocatalytic gene switching (dimensionless),1,surrogate,,evogrow_v2_2_stage_capped_pretune_on,evogrow_v2_2_stage_capped_pretune_on,42,finished,finished,True,,,2026-09-04T21:04:36.672Z,5.93509668169e-08,,,5,,,57290,,17.420946354,False,True,False,115,1,604e79733b22d64d,91f88c4,False,0.999991621569,[0.9999916215688092],410,57290,ffb0266c7913352c,"[[""u1"",""u1^2"",""cos(u1)""]]",pretune_on,True,30,,[5],[5],"[""Success""]","[""Success""]",0,0,0,0,0,0,0,,cell_000115.heartbeat.jsonl,20,17,17,3,3,0.15,17,0,0.01,17,3,0.15,-10,-7.22657220207
116_evogrow_v2_2_stage_capped_pretune_on_20_1_123,paper1_phaseB_v1,B,,campaign_cell,,20,Autocatalytic gene switching (dimensionless),1,surrogate,,evogrow_v2_2_stage_capped_pretune_on,evogrow_v2_2_stage_capped_pretune_on,123,finished,finished,True,,,2026-09-04T21:05:05.767Z,5.93509668169e-08,,,5,,,58010,,17.405063239,False,True,False,116,1,604e79733b22d64d,91f88c4,False,0.999991621569,[0.9999916215688092],410,58010,ffb0266c7913352c,"[[""u1"",""u1^2"",""cos(u1)""]]",pretune_on,True,30,,[5],[5],"[""Success""]","[""Success""]",0,0,0,0,0,0,0,,cell_000116.heartbeat.jsonl,20,17,17,3,3,0.15,17,0,0.01,17,3,0.15,-10,-7.22657220207
117_evogrow_v2_2_stage_capped_pretune_on_20_1_7,paper1_phaseB_v1,B,,campaign_cell,,20,Autocatalytic gene switching (dimensionless),1,surrogate,,evogrow_v2_2_stage_capped_pretune_on,evogrow_v2_2_stage_capped_pretune_on,7,finished,finished,True,,,2026-09-04T21:05:34.595Z,5.93509668169e-08,,,5,,,57290,,17.323384236,False,True,False,117,1,604e79733b22d64d,91f88c4,False,0.999991621569,[0.9999916215688092],410,57290,ffb0266c7913352c,"[[""u1"",""u1^2"",""cos(u1)""]]",pretune_on,True,30,,[5],[5],"[""Success""]","[""Success""]",0,0,0,0,0,0,0,,cell_000117.heartbeat.jsonl,20,17,17,3,3,0.15,17,0,0.01,17,3,0.15,-10,-7.22657220207
118_evogrow_v2_2_stage_capped_pretune_on_20_2_42,paper1_phaseB_v1,B,,campaign_cell,,20,Autocatalytic gene switching (dimensionless),1,surrogate,,evogrow_v2_2_stage_capped_pretune_on,evogrow_v2_2_stage_capped_pretune_on,42,finished,finished,True,,,2026-09-04T21:06:03.740Z,5.63022690875e-05,,,5,,,27744,,13.368333906,False,True,False,118,2,604e79733b22d64d,91f88c4,False,0.977554127018,[0.9775541270184787],410,27744,ffb0266c7913352c,"[[""u1""]]",pretune_on,True,30,,[5],[5],"[""Success""]","[""Success""]",0,0,0,0,0,0,0,,cell_000118.heartbeat.jsonl,20,1,1,1,19,0.95,19,0,0.01,1,19,0.95,-10,-4.24947410191
119_evogrow_v2_2_stage_capped_pretune_on_20_2_123,paper1_phaseB_v1,B,,campaign_cell,,20,Autocatalytic gene switching (dimensionless),1,surrogate,,evogrow_v2_2_stage_capped_pretune_on,evogrow_v2_2_stage_capped_pretune_on,123,finished,finished,True,,,2026-09-04T21:06:32.048Z,5.63022690875e-05,,,5,,,27740,,14.032579164,False,True,False,119,2,604e79733b22d64d,91f88c4,False,0.977554127018,[0.9775541270184787],410,27740,ffb0266c7913352c,"[[""u1""]]",pretune_on,True,30,,[5],[5],"[""Success""]","[""Success""]",0,0,0,0,0,0,0,,cell_000119.heartbeat.jsonl,20,1,1,1,19,0.95,19,0,0.01,1,19,0.95,-10,-4.24947410191
120_evogrow_v2_2_stage_capped_pretune_on_20_2_7,paper1_phaseB_v1,B,,campaign_cell,,20,Autocatalytic gene switching (dimensionless),1,surrogate,,evogrow_v2_2_stage_capped_pretune_on,evogrow_v2_2_stage_capped_pretune_on,7,finished,finished,True,,,2026-09-04T21:06:57.250Z,5.63022690875e-05,,,5,,,27748,,13.273106806,False,True,False,120,2,604e79733b22d64d,91f88c4,False,0.977554127018,[0.9775541270184787],410,27748,ffb0266c7913352c,"[[""u1""]]",pretune_on,True,30,,[5],[5],"[""Success""]","[""Success""]",0,0,0,0,0,0,0,,cell_000120.heartbeat.jsonl,20,1,1,1,19,0.95,19,0,0.01,1,19,0.95,-10,-4.24947410191
121_evogrow_v2_2_stage_capped_pretune_on_21_1_42,paper1_phaseB_v1,B,,campaign_cell,,21,Dimensionally reduced SIR infection model for dead people (dimensionless),1,surrogate,,evogrow_v2_2_stage_capped_pretune_on,evogrow_v2_2_stage_capped_pretune_on,42,finished,finished,True,,,2026-09-04T21:07:26.586Z,1.4542108008e-05,,,5,,,432420,,70.156245492,False,True,False,121,1,604e79733b22d64d,91f88c4,False,0.999993762624,[0.999993762623877],450,432420,ffb0266c7913352c,"[[""u1"",""u1^2"",""sin(u1)"",""cos(u1)""]]",pretune_on,True,30,,[5],[5],"[""Success""]","[""Success"",""Failure""]",0,0,0,0,0,102,0,,cell_000121.heartbeat.jsonl,22,19,19,4,3,0.136363636364,18,0,0.01,19,3,0.136363636364,-8,-4.83737263406
122_evogrow_v2_2_stage_capped_pretune_on_21_1_123,paper1_phaseB_v1,B,,campaign_cell,,21,Dimensionally reduced SIR infection model for dead people (dimensionless),1,surrogate,,evogrow_v2_2_stage_capped_pretune_on,evogrow_v2_2_stage_capped_pretune_on,123,finished,finished,True,,,2026-09-04T21:07:52.004Z,1.4542108008e-05,,,5,,,451546,,73.380694289,False,True,False,122,1,604e79733b22d64d,91f88c4,False,0.999993762624,[0.999993762623877],450,451546,ffb0266c7913352c,"[[""u1"",""u1^2"",""sin(u1)"",""cos(u1)""]]",pretune_on,True,30,,[5],[5],"[""Success""]","[""Success"",""Failure""]",0,0,0,0,0,110,0,,cell_000122.heartbeat.jsonl,22,19,19,4,3,0.136363636364,18,0,0.01,19,3,0.136363636364,-8,-4.83737263406
123_evogrow_v2_2_stage_capped_pretune_on_21_1_7,paper1_phaseB_v1,B,,campaign_cell,,21,Dimensionally reduced SIR infection model for dead people (dimensionless),1,surrogate,,evogrow_v2_2_stage_capped_pretune_on,evogrow_v2_2_stage_capped_pretune_on,7,finished,finished,True,,,2026-09-04T21:09:16.770Z,1.4542108008e-05,,,5,,,455018,,73.686753226,False,True,False,123,1,604e79733b22d64d,91f88c4,False,0.999993762624,[0.999993762623877],450,455018,ffb0266c7913352c,"[[""u1"",""u1^2"",""sin(u1)"",""cos(u1)""]]",pretune_on,True,30,,[5],[5],"[""Success""]","[""Success"",""Failure""]",0,0,0,0,0,112,0,,cell_000123.heartbeat.jsonl,22,19,19,4,3,0.136363636364,18,0,0.01,19,3,0.136363636364,-8,-4.83737263406
124_evogrow_v2_2_stage_capped_pretune_on_21_2_42,paper1_phaseB_v1,B,,campaign_cell,,21,Dimensionally reduced SIR infection model for dead people (dimensionless),1,surrogate,,evogrow_v2_2_stage_capped_pretune_on,evogrow_v2_2_stage_capped_pretune_on,42,finished,finished,True,,,2026-09-04T21:09:46.670Z,0.00070313892962,,,5,,,2085387,,254.526615412,False,True,False,124,2,604e79733b22d64d,91f88c4,False,0.999575381424,[0.9995753814242846],410,2085387,ffb0266c7913352c,"[[""u1"",""u1^2"",""u1^3""]]",pretune_on,True,30,,[5],[5],"[""Success"",""Unstable""]","[""Success"",""Failure"",""MaxLossEvals""]",10704,10704,0,10704,0,320,43,,cell_000124.heartbeat.jsonl,20,13,13,3,7,0.35,17,0,0.01,13,7,0.35,-10,-3.15295885648
125_evogrow_v2_2_stage_capped_pretune_on_21_2_123,paper1_phaseB_v1,B,,campaign_cell,,21,Dimensionally reduced SIR infection model for dead people (dimensionless),1,surrogate,,evogrow_v2_2_stage_capped_pretune_on,evogrow_v2_2_stage_capped_pretune_on,123,finished,finished,True,,,2026-09-04T21:09:59.176Z,0.00070313892962,,,5,,,1882261,,235.984286731,False,True,False,125,2,604e79733b22d64d,91f88c4,False,0.999575381424,[0.9995753814242846],410,1882261,ffb0266c7913352c,"[[""u1"",""u1^2"",""u1^3""]]",pretune_on,True,30,,[5],[5],"[""Success"",""Unstable""]","[""Success"",""Failure"",""MaxLossEvals""]",10032,10032,0,10032,0,320,29,,cell_000125.heartbeat.jsonl,20,13,13,3,7,0.35,17,0,0.01,13,7,0.35,-10,-3.15295885648
126_evogrow_v2_2_stage_capped_pretune_on_21_2_7,paper1_phaseB_v1,B,,campaign_cell,,21,Dimensionally reduced SIR infection model for dead people (dimensionless),1,surrogate,,evogrow_v2_2_stage_capped_pretune_on,evogrow_v2_2_stage_capped_pretune_on,7,finished,finished,True,,,2026-09-04T21:10:13.355Z,0.00070313892962,,,5,,,2012842,,245.090513737,False,True,False,126,2,604e79733b22d64d,91f88c4,False,0.999575381424,[0.9995753814242846],410,2012842,ffb0266c7913352c,"[[""u1"",""u1^2"",""u1^3""]]",pretune_on,True,30,,[5],[5],"[""Success"",""Unstable""]","[""Success"",""Failure"",""MaxLossEvals""]",10464,10464,0,10464,0,320,38,,cell_000126.heartbeat.jsonl,20,13,13,3,7,0.35,17,0,0.01,13,7,0.35,-10,-3.15295885648
127_evogrow_v2_2_stage_capped_pretune_on_22_1_42,paper1_phaseB_v1,B,,campaign_cell,,22,"Hysteretic activation of a protein expression (positive feedback, basal promoter expression)",1,surrogate,,evogrow_v2_2_stage_capped_pretune_on,evogrow_v2_2_stage_capped_pretune_on,42,finished,finished,True,,,2026-09-04T21:10:32.031Z,0.000665309363707,,,5,,,427205,,62.088628357,False,True,False,127,1,604e79733b22d64d,91f88c4,False,0.99412854004,[0.9941285400398702],410,427205,ffb0266c7913352c,"[[""u1"",""u1^2""]]",pretune_on,True,30,,[5],[5],"[""Success"",""Unstable""]","[""Failure"",""Success""]",235,235,0,235,0,90,0,,cell_000127.heartbeat.jsonl,20,5,5,2,15,0.75,18,0,0.01,5,15,0.75,-10,-3.17697636416
128_evogrow_v2_2_stage_capped_pretune_on_22_1_123,paper1_phaseB_v1,B,,campaign_cell,,22,"Hysteretic activation of a protein expression (positive feedback, basal promoter expression)",1,surrogate,,evogrow_v2_2_stage_capped_pretune_on,evogrow_v2_2_stage_capped_pretune_on,123,finished,finished,True,,,2026-09-04T21:11:10.879Z,0.000665309363707,,,5,,,341470,,52.072067691,False,True,False,128,1,604e79733b22d64d,91f88c4,False,0.99412854004,[0.9941285400398702],410,341470,ffb0266c7913352c,"[[""u1"",""u1^2""]]",pretune_on,True,30,,[5],[5],"[""Success"",""Unstable""]","[""Failure"",""Success""]",170,170,0,170,0,90,0,,cell_000128.heartbeat.jsonl,20,5,5,2,15,0.75,18,0,0.01,5,15,0.75,-10,-3.17697636416
129_evogrow_v2_2_stage_capped_pretune_on_22_1_7,paper1_phaseB_v1,B,,campaign_cell,,22,"Hysteretic activation of a protein expression (positive feedback, basal promoter expression)",1,surrogate,,evogrow_v2_2_stage_capped_pretune_on,evogrow_v2_2_stage_capped_pretune_on,7,finished,finished,True,,,2026-09-04T21:12:14.497Z,0.000665309363707,,,5,,,354660,,54.213547026,False,True,False,129,1,604e79733b22d64d,91f88c4,False,0.99412854004,[0.9941285400398702],410,354660,ffb0266c7913352c,"[[""u1"",""u1^2""]]",pretune_on,True,30,,[5],[5],"[""Success"",""Unstable""]","[""Failure"",""Success""]",180,180,0,180,0,90,0,,cell_000129.heartbeat.jsonl,20,5,5,2,15,0.75,18,0,0.01,5,15,0.75,-10,-3.17697636416
130_evogrow_v2_2_stage_capped_pretune_on_22_2_42,paper1_phaseB_v1,B,,campaign_cell,,22,"Hysteretic activation of a protein expression (positive feedback, basal promoter expression)",1,surrogate,,evogrow_v2_2_stage_capped_pretune_on,evogrow_v2_2_stage_capped_pretune_on,42,finished,finished,True,,,2026-09-04T21:12:42.551Z,0.000948320144546,,,5,,,739222,,92.829191189,False,True,False,130,2,604e79733b22d64d,91f88c4,False,0.999101780115,[0.9991017801153164],410,739222,ffb0266c7913352c,"[[""u1"",""u1^2"",""u1^3""]]",pretune_on,True,30,,[5],[5],"[""Success""]","[""Success"",""Failure""]",0,0,0,0,0,197,0,,cell_000130.heartbeat.jsonl,20,13,13,3,7,0.35,17,0,0.01,13,7,0.35,-10,-3.02304502391
131_evogrow_v2_2_stage_capped_pretune_on_22_2_123,paper1_phaseB_v1,B,,campaign_cell,,22,"Hysteretic activation of a protein expression (positive feedback, basal promoter expression)",1,surrogate,,evogrow_v2_2_stage_capped_pretune_on,evogrow_v2_2_stage_capped_pretune_on,123,finished,finished,True,,,2026-09-04T21:13:27.700Z,0.000948320144546,,,5,,,728806,,94.139012337,False,True,False,131,2,604e79733b22d64d,91f88c4,False,0.999101780115,[0.9991017801153164],410,728806,ffb0266c7913352c,"[[""u1"",""u1^2"",""u1^3""]]",pretune_on,True,30,,[5],[5],"[""Success""]","[""Success"",""Failure""]",0,0,0,0,0,211,0,,cell_000131.heartbeat.jsonl,20,13,13,3,7,0.35,17,0,0.01,13,7,0.35,-10,-3.02304502391
132_evogrow_v2_2_stage_capped_pretune_on_22_2_7,paper1_phaseB_v1,B,,campaign_cell,,22,"Hysteretic activation of a protein expression (positive feedback, basal promoter expression)",1,surrogate,,evogrow_v2_2_stage_capped_pretune_on,evogrow_v2_2_stage_capped_pretune_on,7,finished,finished,True,,,2026-09-04T21:13:48.321Z,0.000948320144546,,,5,,,735502,,97.303019631,False,True,False,132,2,604e79733b22d64d,91f88c4,False,0.999101780115,[0.9991017801153164],410,735502,ffb0266c7913352c,"[[""u1"",""u1^2"",""u1^3""]]",pretune_on,True,30,,[5],[5],"[""Success""]","[""Success"",""Failure""]",0,0,0,0,0,202,0,,cell_000132.heartbeat.jsonl,20,13,13,3,7,0.35,17,0,0.01,13,7,0.35,-10,-3.02304502391
133_evogrow_v2_2_stage_capped_pretune_on_23_1_42,paper1_phaseB_v1,B,,campaign_cell,,23,Overdamped pendulum with constant driving torque/fireflies/Josephson junction (dimensionless),1,surrogate,,evogrow_v2_2_stage_capped_pretune_on,evogrow_v2_2_stage_capped_pretune_on,42,finished,finished,True,,,2026-09-04T21:14:35.657Z,0.000376915649103,,,5,,,424980,,70.14835383,False,True,False,133,1,604e79733b22d64d,91f88c4,False,0.999449646876,[0.9994496468756406],410,424980,ffb0266c7913352c,"[[""u1"",""u1^2"",""cos(u1)""]]",pretune_on,True,30,,[5],[5],"[""Success"",""Unstable""]","[""Success"",""Failure""]",850,850,0,850,0,80,0,,cell_000133.heartbeat.jsonl,20,17,17,3,3,0.15,17,0,0.01,17,3,0.15,-10,-3.42375583077
134_evogrow_v2_2_stage_capped_pretune_on_23_1_123,paper1_phaseB_v1,B,,campaign_cell,,23,Overdamped pendulum with constant driving torque/fireflies/Josephson junction (dimensionless),1,surrogate,,evogrow_v2_2_stage_capped_pretune_on,evogrow_v2_2_stage_capped_pretune_on,123,finished,finished,True,,,2026-09-04T21:14:41.365Z,0.000376915649103,,,5,,,420460,,69.824082768,False,True,False,134,1,604e79733b22d64d,91f88c4,False,0.999449646876,[0.9994496468756406],410,420460,ffb0266c7913352c,"[[""u1"",""u1^2"",""cos(u1)""]]",pretune_on,True,30,,[5],[5],"[""Success"",""Unstable""]","[""Success"",""Failure""]",840,840,0,840,0,80,0,,cell_000134.heartbeat.jsonl,20,17,17,3,3,0.15,17,0,0.01,17,3,0.15,-10,-3.42375583077
135_evogrow_v2_2_stage_capped_pretune_on_23_1_7,paper1_phaseB_v1,B,,campaign_cell,,23,Overdamped pendulum with constant driving torque/fireflies/Josephson junction (dimensionless),1,surrogate,,evogrow_v2_2_stage_capped_pretune_on,evogrow_v2_2_stage_capped_pretune_on,7,finished,finished,True,,,2026-09-04T21:14:54.747Z,0.000376915649103,,,5,,,424980,,68.424659542,False,True,False,135,1,604e79733b22d64d,91f88c4,False,0.999449646876,[0.9994496468756406],410,424980,ffb0266c7913352c,"[[""u1"",""u1^2"",""cos(u1)""]]",pretune_on,True,30,,[5],[5],"[""Success"",""Unstable""]","[""Success"",""Failure""]",850,850,0,850,0,80,0,,cell_000135.heartbeat.jsonl,20,17,17,3,3,0.15,17,0,0.01,17,3,0.15,-10,-3.42375583077
136_evogrow_v2_2_stage_capped_pretune_on_23_2_42,paper1_phaseB_v1,B,,campaign_cell,,23,Overdamped pendulum with constant driving torque/fireflies/Josephson junction (dimensionless),1,surrogate,,evogrow_v2_2_stage_capped_pretune_on,evogrow_v2_2_stage_capped_pretune_on,42,finished,finished,True,,,2026-09-04T21:14:59.592Z,0.00036795162503,,,5,,,333664,,51.113205728,False,True,False,136,2,604e79733b22d64d,91f88c4,False,0.996738274783,[0.9967382747829177],410,333664,ffb0266c7913352c,"[[""u1"",""u1^2"",""u1^3""]]",pretune_on,True,30,,[5],[5],"[""Success""]","[""Success"",""Failure""]",0,0,0,0,0,240,0,,cell_000136.heartbeat.jsonl,20,13,13,3,7,0.35,17,0,0.01,13,7,0.35,-10,-3.43420927471
137_evogrow_v2_2_stage_capped_pretune_on_23_2_123,paper1_phaseB_v1,B,,campaign_cell,,23,Overdamped pendulum with constant driving torque/fireflies/Josephson junction (dimensionless),1,surrogate,,evogrow_v2_2_stage_capped_pretune_on,evogrow_v2_2_stage_capped_pretune_on,123,finished,finished,True,,,2026-09-04T21:15:41.410Z,0.00036795162503,,,5,,,306952,,47.074562462,False,True,False,137,2,604e79733b22d64d,91f88c4,False,0.996738274783,[0.9967382747829177],410,306952,ffb0266c7913352c,"[[""u1"",""u1^2"",""u1^3""]]",pretune_on,True,30,,[5],[5],"[""Success""]","[""Success"",""Failure""]",0,0,0,0,0,240,0,,cell_000137.heartbeat.jsonl,20,13,13,3,7,0.35,17,0,0.01,13,7,0.35,-10,-3.43420927471
138_evogrow_v2_2_stage_capped_pretune_on_23_2_7,paper1_phaseB_v1,B,,campaign_cell,,23,Overdamped pendulum with constant driving torque/fireflies/Josephson junction (dimensionless),1,surrogate,,evogrow_v2_2_stage_capped_pretune_on,evogrow_v2_2_stage_capped_pretune_on,7,finished,finished,True,,,2026-09-04T21:16:08.351Z,0.00036795162503,,,5,,,324124,,49.997211518,False,True,False,138,2,604e79733b22d64d,91f88c4,False,0.996738274783,[0.9967382747829177],410,324124,ffb0266c7913352c,"[[""u1"",""u1^2"",""u1^3""]]",pretune_on,True,30,,[5],[5],"[""Success""]","[""Success"",""Failure""]",0,0,0,0,0,240,0,,cell_000138.heartbeat.jsonl,20,13,13,3,7,0.35,17,0,0.01,13,7,0.35,-10,-3.43420927471
139_evogrow_v2_2_stage_capped_pretune_on_24_1_42,paper1_phaseB_v1,B,,campaign_cell,,24,Harmonic oscillator without damping,2,exact,1,evogrow_v2_2_stage_capped_pretune_on,evogrow_v2_2_stage_capped_pretune_on,42,finished,finished,True,,,2026-08-31T21:29:08.564Z,1.66344535242e-14,,True,1,0,0,3227,,11.224905811,False,True,False,139,1,604e79733b22d64d,91f88c4,False,1,"[0.999999999999937, 0.999999999999833]",30,3227,ffb0266c7913352c,"[[""u2""],[""u1""]]",pretune_on,True,30,"[0,0]","[1,1]","[null,null]","[""Success""]","[""Success""]",0,0,0,0,0,0,0,1,cell_000139.heartbeat.jsonl,1,1,1,1,0,0,0,0,0.01,1,0,0,-29,-13.778991462
140_evogrow_v2_2_stage_capped_pretune_on_24_1_123,paper1_phaseB_v1,B,,campaign_cell,,24,Harmonic oscillator without damping,2,exact,1,evogrow_v2_2_stage_capped_pretune_on,evogrow_v2_2_stage_capped_pretune_on,123,finished,finished,True,,,2026-08-31T21:30:01.959Z,1.66344535242e-14,,True,1,0,0,3686,,11.58416956,False,True,False,140,1,604e79733b22d64d,91f88c4,False,1,"[0.999999999999937, 0.999999999999833]",30,3686,ffb0266c7913352c,"[[""u2""],[""u1""]]",pretune_on,True,30,"[0,0]","[1,1]","[null,null]","[""Success""]","[""Success""]",0,0,0,0,0,0,0,1,cell_000140.heartbeat.jsonl,1,1,1,1,0,0,0,0,0.01,1,0,0,-29,-13.778991462
141_evogrow_v2_2_stage_capped_pretune_on_24_1_7,paper1_phaseB_v1,B,,campaign_cell,,24,Harmonic oscillator without damping,2,exact,1,evogrow_v2_2_stage_capped_pretune_on,evogrow_v2_2_stage_capped_pretune_on,7,finished,finished,True,,,2026-08-31T21:30:56.760Z,1.66344535242e-14,,True,1,0,0,5019,,12.040179371,False,True,False,141,1,604e79733b22d64d,91f88c4,False,1,"[0.999999999999937, 0.999999999999833]",30,5019,ffb0266c7913352c,"[[""u2""],[""u1""]]",pretune_on,True,30,"[0,0]","[1,1]","[null,null]","[""Success""]","[""Success""]",0,0,0,0,0,0,0,1,cell_000141.heartbeat.jsonl,1,1,1,1,0,0,0,0,0.01,1,0,0,-29,-13.778991462
142_evogrow_v2_2_stage_capped_pretune_on_24_2_42,paper1_phaseB_v1,B,,campaign_cell,,24,Harmonic oscillator without damping,2,exact,1,evogrow_v2_2_stage_capped_pretune_on,evogrow_v2_2_stage_capped_pretune_on,42,finished,finished,True,,,2026-08-31T21:31:51.718Z,6.50030748258e-15,,True,1,0,0,3159,,11.930666927,False,True,False,142,2,604e79733b22d64d,91f88c4,False,0.999999999999,"[0.9999999999991269, 0.9999999999997603]",30,3159,ffb0266c7913352c,"[[""u2""],[""u1""]]",pretune_on,True,30,"[0,0]","[1,1]","[null,null]","[""Success""]","[""Success""]",0,0,0,0,0,0,0,1,cell_000142.heartbeat.jsonl,1,1,1,1,0,0,0,0,0.01,1,0,0,-29,-14.1870660995
143_evogrow_v2_2_stage_capped_pretune_on_24_2_123,paper1_phaseB_v1,B,,campaign_cell,,24,Harmonic oscillator without damping,2,exact,1,evogrow_v2_2_stage_capped_pretune_on,evogrow_v2_2_stage_capped_pretune_on,123,finished,finished,True,,,2026-08-31T21:32:45.094Z,6.50030748258e-15,,True,1,0,0,3521,,11.522935978,False,True,False,143,2,604e79733b22d64d,91f88c4,False,0.999999999999,"[0.9999999999991269, 0.9999999999997603]",30,3521,ffb0266c7913352c,"[[""u2""],[""u1""]]",pretune_on,True,30,"[0,0]","[1,1]","[null,null]","[""Success""]","[""Success""]",0,0,0,0,0,0,0,1,cell_000143.heartbeat.jsonl,1,1,1,1,0,0,0,0,0.01,1,0,0,-29,-14.1870660995
144_evogrow_v2_2_stage_capped_pretune_on_24_2_7,paper1_phaseB_v1,B,,campaign_cell,,24,Harmonic oscillator without damping,2,exact,1,evogrow_v2_2_stage_capped_pretune_on,evogrow_v2_2_stage_capped_pretune_on,7,finished,finished,True,,,2026-08-31T21:33:38.425Z,6.50030748258e-15,,True,1,0,0,4361,,11.39969734,False,True,False,144,2,604e79733b22d64d,91f88c4,False,0.999999999999,"[0.9999999999991269, 0.9999999999997603]",30,4361,ffb0266c7913352c,"[[""u2""],[""u1""]]",pretune_on,True,30,"[0,0]","[1,1]","[null,null]","[""Success""]","[""Success""]",0,0,0,0,0,0,0,1,cell_000144.heartbeat.jsonl,1,1,1,1,0,0,0,0,0.01,1,0,0,-29,-14.1870660995
145_evogrow_v2_2_stage_capped_pretune_on_25_1_42,paper1_phaseB_v1,B,,campaign_cell,,25,Harmonic oscillator with damping,2,exact,1,evogrow_v2_2_stage_capped_pretune_on,evogrow_v2_2_stage_capped_pretune_on,42,finished,finished,True,,,2026-08-31T21:34:31.943Z,7.43566549613e-15,,True,1,0,0,7942,,12.302101015,False,True,False,145,1,604e79733b22d64d,91f88c4,False,0.999999999998,"[0.9999999999984229, 0.9999999999984085]",30,7942,ffb0266c7913352c,"[[""u2""],[""u1"",""u2""]]",pretune_on,True,30,"[0,0]","[1,1]","[null,null]","[""Success""]","[""Success""]",0,0,0,0,0,0,0,1,cell_000145.heartbeat.jsonl,1,1,1,1,0,0,0,0,0.01,1,0,0,-29,-14.1286801558
146_evogrow_v2_2_stage_capped_pretune_on_25_1_123,paper1_phaseB_v1,B,,campaign_cell,,25,Harmonic oscillator with damping,2,exact,1,evogrow_v2_2_stage_capped_pretune_on,evogrow_v2_2_stage_capped_pretune_on,123,finished,finished,True,,,2026-08-31T21:35:26.606Z,7.43566549613e-15,,True,1,0,0,7353,,12.728291832,False,True,False,146,1,604e79733b22d64d,91f88c4,False,0.999999999998,"[0.9999999999984229, 0.9999999999984085]",30,7353,ffb0266c7913352c,"[[""u2""],[""u1"",""u2""]]",pretune_on,True,30,"[0,0]","[1,1]","[null,null]","[""Success""]","[""Success""]",0,0,0,0,0,0,0,1,cell_000146.heartbeat.jsonl,1,1,1,1,0,0,0,0,0.01,1,0,0,-29,-14.1286801558
147_evogrow_v2_2_stage_capped_pretune_on_25_1_7,paper1_phaseB_v1,B,,campaign_cell,,25,Harmonic oscillator with damping,2,exact,1,evogrow_v2_2_stage_capped_pretune_on,evogrow_v2_2_stage_capped_pretune_on,7,finished,finished,True,,,2026-08-31T21:36:21.885Z,7.43566549613e-15,,True,1,0,0,6716,,12.143235449,False,True,False,147,1,604e79733b22d64d,91f88c4,False,0.999999999998,"[0.9999999999984229, 0.9999999999984085]",30,6716,ffb0266c7913352c,"[[""u2""],[""u1"",""u2""]]",pretune_on,True,30,"[0,0]","[1,1]","[null,null]","[""Success""]","[""Success""]",0,0,0,0,0,0,0,1,cell_000147.heartbeat.jsonl,1,1,1,1,0,0,0,0,0.01,1,0,0,-29,-14.1286801558
148_evogrow_v2_2_stage_capped_pretune_on_25_2_42,paper1_phaseB_v1,B,,campaign_cell,,25,Harmonic oscillator with damping,2,exact,1,evogrow_v2_2_stage_capped_pretune_on,evogrow_v2_2_stage_capped_pretune_on,42,finished,finished,True,,,2026-08-31T21:37:15.534Z,9.67043875702e-15,,True,1,0,0,5382,,11.717967252,False,True,False,148,2,604e79733b22d64d,91f88c4,False,0.999999999998,"[0.9999999999981198, 0.9999999999985419]",30,5382,ffb0266c7913352c,"[[""u2""],[""u1"",""u2""]]",pretune_on,True,30,"[0,0]","[1,1]","[null,null]","[""Success""]","[""Success""]",0,0,0,0,0,0,0,1,cell_000148.heartbeat.jsonl,1,1,1,1,0,0,0,0,0.01,1,0,0,-29,-14.0145538211
149_evogrow_v2_2_stage_capped_pretune_on_25_2_123,paper1_phaseB_v1,B,,campaign_cell,,25,Harmonic oscillator with damping,2,exact,1,evogrow_v2_2_stage_capped_pretune_on,evogrow_v2_2_stage_capped_pretune_on,123,finished,finished,True,,,2026-08-31T21:38:08.166Z,9.67043875702e-15,,True,1,0,0,6110,,11.735349518,False,True,False,149,2,604e79733b22d64d,91f88c4,False,0.999999999998,"[0.9999999999981198, 0.9999999999985419]",30,6110,ffb0266c7913352c,"[[""u2""],[""u1"",""u2""]]",pretune_on,True,30,"[0,0]","[1,1]","[null,null]","[""Success""]","[""Success""]",0,0,0,0,0,0,0,1,cell_000149.heartbeat.jsonl,1,1,1,1,0,0,0,0,0.01,1,0,0,-29,-14.0145538211
150_evogrow_v2_2_stage_capped_pretune_on_25_2_7,paper1_phaseB_v1,B,,campaign_cell,,25,Harmonic oscillator with damping,2,exact,1,evogrow_v2_2_stage_capped_pretune_on,evogrow_v2_2_stage_capped_pretune_on,7,finished,finished,True,,,2026-08-31T21:39:00.875Z,9.67043875702e-15,,True,1,0,0,6386,,11.667172449,False,True,False,150,2,604e79733b22d64d,91f88c4,False,0.999999999998,"[0.9999999999981198, 0.9999999999985419]",30,6386,ffb0266c7913352c,"[[""u2""],[""u1"",""u2""]]",pretune_on,True,30,"[0,0]","[1,1]","[null,null]","[""Success""]","[""Success""]",0,0,0,0,0,0,0,1,cell_000150.heartbeat.jsonl,1,1,1,1,0,0,0,0,0.01,1,0,0,-29,-14.0145538211
151_evogrow_v2_2_stage_capped_pretune_on_26_1_42,paper1_phaseB_v1,B,,campaign_cell,,26,Lotka-Volterra competition model (Strogatz version with sheeps and rabbits),2,exact,3,evogrow_v2_2_stage_capped_pretune_on,evogrow_v2_2_stage_capped_pretune_on,42,finished,finished,True,,,2026-08-31T21:39:54.038Z,0.000265282654023,,False,3,0,0,1295098,,521.477331135,False,True,False,151,1,604e79733b22d64d,91f88c4,False,0.997319587851,"[0.9996380959970025, 0.9950010797057735]",290,1295098,ffb0266c7913352c,"[[""u1"",""u2"",""u2^2"",""u1*u2""],[""u1"",""u2"",""u1^2""]]",pretune_on,True,30,"[0,0]","[3,3]","[3,3]","[""Success"",""Unstable"",""MaxIters""]","[""Success"",""Failure"",""MaxLossEvals""]",11885,11909,0,11885,24,156,31,0,cell_000151.heartbeat.jsonl,14,11,11,5,3,0.214285714286,9,0,0.01,11,3,0.214285714286,-16,-3.5762911462
152_evogrow_v2_2_stage_capped_pretune_on_26_1_123,paper1_phaseB_v1,B,,campaign_cell,,26,Lotka-Volterra competition model (Strogatz version with sheeps and rabbits),2,exact,3,evogrow_v2_2_stage_capped_pretune_on,evogrow_v2_2_stage_capped_pretune_on,123,finished,finished,True,,,2026-08-31T21:49:18.439Z,0.000265282654023,,False,3,0,0,1463813,,541.877394697,False,True,False,152,1,604e79733b22d64d,91f88c4,False,0.997319587851,"[0.9996380959970025, 0.9950010797057735]",290,1463813,ffb0266c7913352c,"[[""u1"",""u2"",""u2^2"",""u1*u2""],[""u1"",""u2"",""u1^2""]]",pretune_on,True,30,"[0,0]","[3,3]","[3,3]","[""Success"",""Unstable"",""MaxIters""]","[""Success"",""Failure"",""MaxLossEvals""]",14034,14050,0,14034,16,162,40,0,cell_000152.heartbeat.jsonl,14,11,11,5,3,0.214285714286,9,0,0.01,11,3,0.214285714286,-16,-3.5762911462
153_evogrow_v2_2_stage_capped_pretune_on_26_1_7,paper1_phaseB_v1,B,,campaign_cell,,26,Lotka-Volterra competition model (Strogatz version with sheeps and rabbits),2,exact,3,evogrow_v2_2_stage_capped_pretune_on,evogrow_v2_2_stage_capped_pretune_on,7,finished,finished,True,,,2026-08-31T21:59:02.309Z,0.000201021650159,,False,3,0,0,924162,,254.541831906,False,True,False,153,1,604e79733b22d64d,91f88c4,False,0.997955529308,"[0.9997401865518795, 0.9961708720637916]",290,924162,ffb0266c7913352c,"[[""u1"",""u2"",""u1^2"",""u1*u2""],[""u1"",""u2"",""u1^2""]]",pretune_on,True,30,"[0,0]","[3,3]","[3,3]","[""Success"",""Unstable""]","[""Failure"",""Success"",""MaxLossEvals""]",11991,11991,0,11991,0,177,6,0,cell_000153.heartbeat.jsonl,14,11,11,5,3,0.214285714286,9,0,0.01,11,3,0.214285714286,-16,-3.69675716627
154_evogrow_v2_2_stage_capped_pretune_on_26_2_42,paper1_phaseB_v1,B,,campaign_cell,,26,Lotka-Volterra competition model (Strogatz version with sheeps and rabbits),2,exact,3,evogrow_v2_2_stage_capped_pretune_on,evogrow_v2_2_stage_capped_pretune_on,42,finished,finished,True,,,2026-08-31T22:03:59.106Z,0.000508922167833,,False,3,0,0,505259,,134.01480676,False,True,False,154,2,604e79733b22d64d,91f88c4,False,0.990502405708,"[0.9909333408052654, 0.9900714706099937]",290,505259,ffb0266c7913352c,"[[""u1"",""u2"",""u1^2""],[""u1"",""u2"",""u2^2""]]",pretune_on,True,30,"[0,0]","[3,3]","[3,3]","[""Success"",""Unstable""]","[""Success"",""Failure"",""MaxLossEvals""]",8763,8763,0,8763,0,104,11,0,cell_000154.heartbeat.jsonl,14,7,7,4,7,0.5,10,0,0.01,7,7,0.5,-16,-3.29334863154
155_evogrow_v2_2_stage_capped_pretune_on_26_2_123,paper1_phaseB_v1,B,,campaign_cell,,26,Lotka-Volterra competition model (Strogatz version with sheeps and rabbits),2,exact,3,evogrow_v2_2_stage_capped_pretune_on,evogrow_v2_2_stage_capped_pretune_on,123,finished,finished,True,,,2026-08-31T22:06:54.366Z,0.000508922167833,,False,3,0,0,497385,,131.101007307,False,True,False,155,2,604e79733b22d64d,91f88c4,False,0.990502405708,"[0.9909333408052654, 0.9900714706099937]",290,497385,ffb0266c7913352c,"[[""u1"",""u2"",""u1^2""],[""u1"",""u2"",""u2^2""]]",pretune_on,True,30,"[0,0]","[3,3]","[3,3]","[""Success"",""Unstable""]","[""Failure"",""Success"",""MaxLossEvals""]",8197,8197,0,8197,0,109,9,0,cell_000155.heartbeat.jsonl,14,7,7,4,7,0.5,10,0,0.01,7,7,0.5,-16,-3.29334863154
156_evogrow_v2_2_stage_capped_pretune_on_26_2_7,paper1_phaseB_v1,B,,campaign_cell,,26,Lotka-Volterra competition model (Strogatz version with sheeps and rabbits),2,exact,3,evogrow_v2_2_stage_capped_pretune_on,evogrow_v2_2_stage_capped_pretune_on,7,finished,finished,True,,,2026-08-31T22:09:46.806Z,0.000508922167833,,False,3,0,0,837045,,231.926170583,False,True,False,156,2,604e79733b22d64d,91f88c4,False,0.990502405708,"[0.9909333408052654, 0.9900714706099937]",290,837045,ffb0266c7913352c,"[[""u1"",""u2"",""u1^2""],[""u1"",""u2"",""u2^2""]]",pretune_on,True,30,"[0,0]","[3,3]","[3,3]","[""Success"",""Unstable""]","[""Failure"",""Success"",""MaxLossEvals""]",11748,11748,0,11748,0,114,24,0,cell_000156.heartbeat.jsonl,14,7,7,4,7,0.5,10,0,0.01,7,7,0.5,-16,-3.29334863154
157_evogrow_v2_2_stage_capped_pretune_on_27_1_42,paper1_phaseB_v1,B,,campaign_cell,,27,Lotka-Volterra simple (as on Wikipedia),2,exact,3,evogrow_v2_2_stage_capped_pretune_on,evogrow_v2_2_stage_capped_pretune_on,42,finished,finished,True,,,2026-08-31T22:14:19.526Z,4.2080750622e-08,,True,3,0,0,1278631,,2247.52529339,False,True,False,157,1,604e79733b22d64d,91f88c4,False,0.999999993253,"[0.9999999899651785, 0.9999999965406303]",290,1278631,ffb0266c7913352c,"[[""u1"",""u2"",""u1^2"",""u1*u2""],[""u1"",""u2"",""u1*u2""]]",pretune_on,True,30,"[0,0]","[3,3]","[3,3]","[""Success"",""Unstable"",""MaxIters""]","[""Failure"",""Success"",""MaxLossEvals""]",22872,23324,0,22872,452,166,43,1,cell_000157.heartbeat.jsonl,14,11,11,5,3,0.214285714286,9,0,0.01,11,3,0.214285714286,-16,-7.37591652199
158_evogrow_v2_2_stage_capped_pretune_on_27_1_123,paper1_phaseB_v1,B,,campaign_cell,,27,Lotka-Volterra simple (as on Wikipedia),2,exact,3,evogrow_v2_2_stage_capped_pretune_on,evogrow_v2_2_stage_capped_pretune_on,123,finished,finished,True,,,2026-08-31T22:52:28.368Z,6.54415212603e-07,,True,3,0,0,982202,,1458.86123144,False,True,False,158,1,604e79733b22d64d,91f88c4,False,0.999999892914,"[0.9999999362073203, 0.9999998496215744]",290,982202,ffb0266c7913352c,"[[""u1"",""u2"",""u1^2"",""u1*u2""],[""u1"",""u2"",""u2^2"",""u1*u2""]]",pretune_on,True,30,"[0,0]","[3,3]","[3,3]","[""Success"",""Unstable"",""MaxIters""]","[""Success"",""Failure"",""MaxLossEvals""]",24235,24507,0,24235,272,151,28,1,cell_000158.heartbeat.jsonl,14,11,11,5,3,0.214285714286,9,0,0.01,11,3,0.214285714286,-16,-6.18414661357
159_evogrow_v2_2_stage_capped_pretune_on_27_1_7,paper1_phaseB_v1,B,,campaign_cell,,27,Lotka-Volterra simple (as on Wikipedia),2,exact,3,evogrow_v2_2_stage_capped_pretune_on,evogrow_v2_2_stage_capped_pretune_on,7,finished,finished,True,,,2026-08-31T23:17:27.724Z,1.13147694426e-05,,False,3,0,0,990234,,1718.92711144,False,True,False,159,1,604e79733b22d64d,91f88c4,False,0.999998188882,"[0.9999971711555417, 0.9999992066091697]",290,990234,ffb0266c7913352c,"[[""u1"",""u2"",""u1^2"",""u2^2"",""u1*u2""],[""u1"",""u2"",""u2^2"",""u1*u2""]]",pretune_on,True,30,"[0,0]","[3,3]","[3,3]","[""Success"",""Unstable"",""MaxIters""]","[""Success"",""Failure"",""MaxLossEvals""]",25045,25447,0,25045,402,152,26,0,cell_000159.heartbeat.jsonl,14,11,11,5,3,0.214285714286,9,0,0.01,11,3,0.214285714286,-16,-4.9463542911
160_evogrow_v2_2_stage_capped_pretune_on_27_2_42,paper1_phaseB_v1,B,,campaign_cell,,27,Lotka-Volterra simple (as on Wikipedia),2,exact,3,evogrow_v2_2_stage_capped_pretune_on,evogrow_v2_2_stage_capped_pretune_on,42,finished,finished,True,,,2026-08-31T23:46:47.296Z,1.89223895855e-08,,True,3,0,0,3758238,,2515.61047627,False,True,False,160,2,604e79733b22d64d,91f88c4,False,0.999999991259,"[0.9999999958839698, 0.9999999866334193]",350,3758238,ffb0266c7913352c,"[[""u1"",""u2"",""u1^2"",""u2^2"",""u1*u2""],[""u1"",""u2"",""u1^2"",""u2^2"",""u1*u2""]]",pretune_on,True,30,"[0,0]","[3,3]","[3,3]","[""Success"",""Unstable"",""MaxIters""]","[""Success"",""Failure"",""MaxLossEvals""]",57991,58055,0,57991,64,218,82,1,cell_000160.heartbeat.jsonl,17,14,14,7,3,0.176470588235,10,0,0.01,14,3,0.176470588235,-13,-7.72302402025
161_evogrow_v2_2_stage_capped_pretune_on_27_2_123,paper1_phaseB_v1,B,,campaign_cell,,27,Lotka-Volterra simple (as on Wikipedia),2,exact,3,evogrow_v2_2_stage_capped_pretune_on,evogrow_v2_2_stage_capped_pretune_on,123,finished,finished,True,,,2026-08-31T23:52:21.833Z,1.89223895855e-08,,True,3,0,0,3601738,,2635.5978823,False,True,False,161,2,604e79733b22d64d,91f88c4,False,0.999999991259,"[0.9999999958839698, 0.9999999866334193]",350,3601738,ffb0266c7913352c,"[[""u1"",""u2"",""u1^2"",""u2^2"",""u1*u2""],[""u1"",""u2"",""u1^2"",""u2^2"",""u1*u2""]]",pretune_on,True,30,"[0,0]","[3,3]","[3,3]","[""Success"",""Unstable"",""MaxIters""]","[""Success"",""Failure"",""MaxLossEvals""]",57385,57497,0,57385,112,216,75,1,cell_000161.heartbeat.jsonl,17,14,14,7,3,0.176470588235,10,0,0.01,14,3,0.176470588235,-13,-7.72302402025
162_evogrow_v2_2_stage_capped_pretune_on_27_2_7,paper1_phaseB_v1,B,,campaign_cell,,27,Lotka-Volterra simple (as on Wikipedia),2,exact,3,evogrow_v2_2_stage_capped_pretune_on,evogrow_v2_2_stage_capped_pretune_on,7,finished,finished,True,,,2026-09-01T00:29:23.908Z,1.89223895855e-08,,True,3,0,0,3686385,,2342.82737253,False,True,False,162,2,604e79733b22d64d,91f88c4,False,0.999999991259,"[0.9999999958839698, 0.9999999866334193]",350,3686385,ffb0266c7913352c,"[[""u1"",""u2"",""u1^2"",""u2^2"",""u1*u2""],[""u1"",""u2"",""u1^2"",""u2^2"",""u1*u2""]]",pretune_on,True,30,"[0,0]","[3,3]","[3,3]","[""Success"",""Unstable"",""MaxIters""]","[""Failure"",""Success"",""MaxLossEvals""]",52776,52808,0,52776,32,208,84,1,cell_000162.heartbeat.jsonl,17,14,14,7,3,0.176470588235,10,0,0.01,14,3,0.176470588235,-13,-7.72302402025
163_evogrow_v2_2_stage_capped_pretune_on_28_1_42,paper1_phaseB_v1,B,,campaign_cell,,28,Pendulum without friction,2,exact,5,evogrow_v2_2_stage_capped_pretune_on,evogrow_v2_2_stage_capped_pretune_on,42,finished,finished,True,,,2026-09-01T00:36:57.151Z,2.13203406785e-06,,False,5,0,0,585644,,114.278850714,False,True,False,163,1,604e79733b22d64d,91f88c4,False,0.999997889588,"[0.9999997503824908, 0.9999960287932336]",410,585644,ffb0266c7913352c,"[[""u2""],[""u1"",""u1^3""]]",pretune_on,True,30,"[0,0]","[5,5]","[null,5]","[""Success"",""Unstable""]","[""Success"",""Failure"",""MaxLossEvals""]",284,284,0,284,0,62,16,0,cell_000163.heartbeat.jsonl,20,13,13,2,7,0.35,18,0,0.01,13,7,0.35,-10,-5.67120585998
164_evogrow_v2_2_stage_capped_pretune_on_28_1_123,paper1_phaseB_v1,B,,campaign_cell,,28,Pendulum without friction,2,exact,5,evogrow_v2_2_stage_capped_pretune_on,evogrow_v2_2_stage_capped_pretune_on,123,finished,finished,True,,,2026-09-01T00:37:24.760Z,2.13203406785e-06,,False,5,0,0,841712,,161.194515111,False,True,False,164,1,604e79733b22d64d,91f88c4,False,0.999997889588,"[0.9999997503824908, 0.9999960287932336]",410,841712,ffb0266c7913352c,"[[""u2""],[""u1"",""u1^3""]]",pretune_on,True,30,"[0,0]","[5,5]","[null,5]","[""Success"",""Unstable""]","[""Success"",""Failure"",""MaxLossEvals""]",172,172,0,172,0,68,29,0,cell_000164.heartbeat.jsonl,20,13,13,2,7,0.35,18,0,0.01,13,7,0.35,-10,-5.67120585998
165_evogrow_v2_2_stage_capped_pretune_on_28_1_7,paper1_phaseB_v1,B,,campaign_cell,,28,Pendulum without friction,2,exact,5,evogrow_v2_2_stage_capped_pretune_on,evogrow_v2_2_stage_capped_pretune_on,7,finished,finished,True,,,2026-09-01T00:39:32.632Z,2.13203406785e-06,,False,5,0,0,691803,,136.653629776,False,True,False,165,1,604e79733b22d64d,91f88c4,False,0.999997889588,"[0.9999997503824908, 0.9999960287932336]",410,691803,ffb0266c7913352c,"[[""u2""],[""u1"",""u1^3""]]",pretune_on,True,30,"[0,0]","[5,5]","[null,5]","[""Success"",""Unstable""]","[""Success"",""Failure"",""MaxLossEvals""]",214,214,0,214,0,58,22,0,cell_000165.heartbeat.jsonl,20,13,13,2,7,0.35,18,0,0.01,13,7,0.35,-10,-5.67120585998
166_evogrow_v2_2_stage_capped_pretune_on_28_2_42,paper1_phaseB_v1,B,,campaign_cell,,28,Pendulum without friction,2,exact,5,evogrow_v2_2_stage_capped_pretune_on,evogrow_v2_2_stage_capped_pretune_on,42,finished,finished,True,,,2026-09-01T00:40:47.346Z,5.72401427932e-05,,False,5,0,0,228277,,49.187607366,False,True,False,166,2,604e79733b22d64d,91f88c4,False,0.999831112229,"[0.9999755417548892, 0.9996866827032517]",410,228277,ffb0266c7913352c,"[[""u2""],[""u1""]]",pretune_on,True,30,"[0,0]","[5,5]","[null,5]","[""Success""]","[""Success"",""MaxLossEvals""]",0,0,0,0,0,7,7,0,cell_000166.heartbeat.jsonl,20,1,1,1,19,0.95,19,0,0.01,1,19,0.95,-10,-4.24229929151
167_evogrow_v2_2_stage_capped_pretune_on_28_2_123,paper1_phaseB_v1,B,,campaign_cell,,28,Pendulum without friction,2,exact,5,evogrow_v2_2_stage_capped_pretune_on,evogrow_v2_2_stage_capped_pretune_on,123,finished,finished,True,,,2026-09-01T00:42:16.599Z,5.72401427932e-05,,False,5,0,0,103258,,30.47216406,False,True,False,167,2,604e79733b22d64d,91f88c4,False,0.999831112229,"[0.9999755417548892, 0.9996866827032517]",410,103258,ffb0266c7913352c,"[[""u2""],[""u1""]]",pretune_on,True,30,"[0,0]","[5,5]","[null,5]","[""Success""]","[""Success"",""MaxLossEvals""]",0,0,0,0,0,1,1,0,cell_000167.heartbeat.jsonl,20,1,1,1,19,0.95,19,0,0.01,1,19,0.95,-10,-4.24229929151
168_evogrow_v2_2_stage_capped_pretune_on_28_2_7,paper1_phaseB_v1,B,,campaign_cell,,28,Pendulum without friction,2,exact,5,evogrow_v2_2_stage_capped_pretune_on,evogrow_v2_2_stage_capped_pretune_on,7,finished,finished,True,,,2026-09-01T00:42:30.162Z,5.72401427932e-05,,False,5,0,0,131720,,33.72873455,False,True,False,168,2,604e79733b22d64d,91f88c4,False,0.999831112229,"[0.9999755417548892, 0.9996866827032517]",410,131720,ffb0266c7913352c,"[[""u2""],[""u1""]]",pretune_on,True,30,"[0,0]","[5,5]","[null,5]","[""Success""]","[""Success"",""MaxLossEvals""]",0,0,0,0,0,2,2,0,cell_000168.heartbeat.jsonl,20,1,1,1,19,0.95,19,0,0.01,1,19,0.95,-10,-4.24229929151
169_evogrow_v2_2_stage_capped_pretune_on_29_1_42,paper1_phaseB_v1,B,,campaign_cell,,29,Dipole fixed point,2,exact,3,evogrow_v2_2_stage_capped_pretune_on,evogrow_v2_2_stage_capped_pretune_on,42,finished,finished,True,,,2026-09-01T00:43:27.700Z,0.000643044457045,,False,3,0,0,113886,,37.839004893,False,True,False,169,1,604e79733b22d64d,91f88c4,False,0.997929041309,"[0.9998277197217111, 0.9960303628954391]",270,113886,ffb0266c7913352c,"[[""u1"",""u2"",""u2^2"",""u1*u2""],[""u1"",""u2"",""u2^2""]]",pretune_on,True,30,"[0,0]","[3,2]","[3,2]","[""Success"",""Unstable""]","[""Success"",""Failure""]",1155,1155,0,1155,0,2,0,0,cell_000169.heartbeat.jsonl,13,10,10,5,3,0.230769230769,8,0,0.01,10,3,0.230769230769,-17,-3.19175900098
170_evogrow_v2_2_stage_capped_pretune_on_29_1_123,paper1_phaseB_v1,B,,campaign_cell,,29,Dipole fixed point,2,exact,3,evogrow_v2_2_stage_capped_pretune_on,evogrow_v2_2_stage_capped_pretune_on,123,finished,finished,True,,,2026-09-01T00:43:45.040Z,0.000643044457045,,False,3,0,0,109764,,36.032539436,False,True,False,170,1,604e79733b22d64d,91f88c4,False,0.997929041309,"[0.9998277197217111, 0.9960303628954391]",270,109764,ffb0266c7913352c,"[[""u1"",""u2"",""u2^2"",""u1*u2""],[""u1"",""u2"",""u2^2""]]",pretune_on,True,30,"[0,0]","[3,2]","[3,2]","[""Success"",""Unstable""]","[""Success"",""Failure""]",894,894,0,894,0,5,0,0,cell_000170.heartbeat.jsonl,13,10,10,5,3,0.230769230769,8,0,0.01,10,3,0.230769230769,-17,-3.19175900098
171_evogrow_v2_2_stage_capped_pretune_on_29_1_7,paper1_phaseB_v1,B,,campaign_cell,,29,Dipole fixed point,2,exact,3,evogrow_v2_2_stage_capped_pretune_on,evogrow_v2_2_stage_capped_pretune_on,7,finished,finished,True,,,2026-09-01T00:44:14.245Z,0.000643044457045,,False,3,0,0,109577,,37.804466852,False,True,False,171,1,604e79733b22d64d,91f88c4,False,0.997929041309,"[0.9998277197217111, 0.9960303628954391]",270,109577,ffb0266c7913352c,"[[""u1"",""u2"",""u2^2"",""u1*u2""],[""u1"",""u2"",""u2^2""]]",pretune_on,True,30,"[0,0]","[3,2]","[3,2]","[""Success"",""Unstable""]","[""Success"",""Failure""]",1089,1089,0,1089,0,4,0,0,cell_000171.heartbeat.jsonl,13,10,10,5,3,0.230769230769,8,0,0.01,10,3,0.230769230769,-17,-3.19175900098
172_evogrow_v2_2_stage_capped_pretune_on_29_2_42,paper1_phaseB_v1,B,,campaign_cell,,29,Dipole fixed point,2,exact,3,evogrow_v2_2_stage_capped_pretune_on,evogrow_v2_2_stage_capped_pretune_on,42,finished,finished,True,,,2026-09-01T00:44:47.989Z,0.000801776043487,,False,3,0,0,134988,,35.48524644,False,True,False,172,2,604e79733b22d64d,91f88c4,False,0.988343690997,"[0.9933136100098151, 0.9833737719832467]",270,134988,ffb0266c7913352c,"[[""u1"",""u1^2"",""u2^2""],[""u1"",""u2""]]",pretune_on,True,30,"[0,0]","[3,2]","[3,2]","[""Success""]","[""Failure"",""Success""]",0,0,0,0,0,18,0,0,cell_000172.heartbeat.jsonl,13,6,6,3,7,0.538461538462,10,0,0.01,6,7,0.538461538462,-17,-3.09594692431
173_evogrow_v2_2_stage_capped_pretune_on_29_2_123,paper1_phaseB_v1,B,,campaign_cell,,29,Dipole fixed point,2,exact,3,evogrow_v2_2_stage_capped_pretune_on,evogrow_v2_2_stage_capped_pretune_on,123,finished,finished,True,,,2026-09-01T00:45:02.005Z,0.000801776043487,,False,3,0,0,156396,,39.501651024,False,True,False,173,2,604e79733b22d64d,91f88c4,False,0.988343690997,"[0.9933136100098151, 0.9833737719832467]",270,156396,ffb0266c7913352c,"[[""u1"",""u1^2"",""u2^2""],[""u1"",""u2""]]",pretune_on,True,30,"[0,0]","[3,2]","[3,2]","[""Success""]","[""Success"",""Failure""]",0,0,0,0,0,27,0,0,cell_000173.heartbeat.jsonl,13,6,6,3,7,0.538461538462,10,0,0.01,6,7,0.538461538462,-17,-3.09594692431
174_evogrow_v2_2_stage_capped_pretune_on_29_2_7,paper1_phaseB_v1,B,,campaign_cell,,29,Dipole fixed point,2,exact,3,evogrow_v2_2_stage_capped_pretune_on,evogrow_v2_2_stage_capped_pretune_on,7,finished,finished,True,,,2026-09-01T00:45:34.356Z,0.000801776043487,,False,3,0,0,116213,,32.387248843,False,True,False,174,2,604e79733b22d64d,91f88c4,False,0.988343690997,"[0.9933136100098151, 0.9833737719832467]",270,116213,ffb0266c7913352c,"[[""u1"",""u1^2"",""u2^2""],[""u1"",""u2""]]",pretune_on,True,30,"[0,0]","[3,2]","[3,2]","[""Success""]","[""Success"",""Failure""]",0,0,0,0,0,11,0,0,cell_000174.heartbeat.jsonl,13,6,6,3,7,0.538461538462,10,0,0.01,6,7,0.538461538462,-17,-3.09594692431
175_evogrow_v2_2_stage_capped_pretune_on_30_1_42,paper1_phaseB_v1,B,,campaign_cell,,30,RNA molecules catalyzing each others replication,2,surrogate,,evogrow_v2_2_stage_capped_pretune_on,evogrow_v2_2_stage_capped_pretune_on,42,finished,finished,True,,,2026-09-01T00:46:05.604Z,0.000188519538557,,,5,,,797098,,91.644870023,False,True,False,175,1,604e79733b22d64d,91f88c4,False,0.983686305708,"[0.9838437598624216, 0.9835288515529818]",410,797098,ffb0266c7913352c,"[[""u2""],[""u2""]]",pretune_on,True,30,,"[5,5]","[null,null]","[""Success""]","[""Success"",""Failure""]",0,0,0,0,0,126,0,,cell_000175.heartbeat.jsonl,20,1,1,1,19,0.95,19,0,0.01,1,19,0.95,-10,-3.72464363194
176_evogrow_v2_2_stage_capped_pretune_on_30_1_123,paper1_phaseB_v1,B,,campaign_cell,,30,RNA molecules catalyzing each others replication,2,surrogate,,evogrow_v2_2_stage_capped_pretune_on,evogrow_v2_2_stage_capped_pretune_on,123,finished,finished,True,,,2026-09-01T00:46:21.677Z,0.000188519538557,,,5,,,611227,,74.909909508,False,True,False,176,1,604e79733b22d64d,91f88c4,False,0.983686305708,"[0.9838437598624216, 0.9835288515529818]",410,611227,ffb0266c7913352c,"[[""u2""],[""u2""]]",pretune_on,True,30,,"[5,5]","[null,null]","[""Success""]","[""Success"",""Failure""]",0,0,0,0,0,107,0,,cell_000176.heartbeat.jsonl,20,1,1,1,19,0.95,19,0,0.01,1,19,0.95,-10,-3.72464363194
177_evogrow_v2_2_stage_capped_pretune_on_30_1_7,paper1_phaseB_v1,B,,campaign_cell,,30,RNA molecules catalyzing each others replication,2,surrogate,,evogrow_v2_2_stage_capped_pretune_on,evogrow_v2_2_stage_capped_pretune_on,7,finished,finished,True,,,2026-09-01T00:46:47.813Z,0.000188519538557,,,5,,,416213,,56.329532968,False,True,False,177,1,604e79733b22d64d,91f88c4,False,0.983686305708,"[0.9838437598624216, 0.9835288515529818]",410,416213,ffb0266c7913352c,"[[""u2""],[""u2""]]",pretune_on,True,30,,"[5,5]","[null,null]","[""Success""]","[""Success"",""Failure""]",0,0,0,0,0,59,0,,cell_000177.heartbeat.jsonl,20,1,1,1,19,0.95,19,0,0.01,1,19,0.95,-10,-3.72464363194
178_evogrow_v2_2_stage_capped_pretune_on_30_2_42,paper1_phaseB_v1,B,,campaign_cell,,30,RNA molecules catalyzing each others replication,2,surrogate,,evogrow_v2_2_stage_capped_pretune_on,evogrow_v2_2_stage_capped_pretune_on,42,finished,finished,True,,,2026-09-01T00:48:17.768Z,0.000117595321338,,,5,,,534476,,66.192832086,False,True,False,178,2,604e79733b22d64d,91f88c4,False,0.992352190575,"[0.9923314279601092, 0.992372953189465]",410,534476,ffb0266c7913352c,"[[""u2""],[""u1""]]",pretune_on,True,30,,"[5,5]","[null,null]","[""Success""]","[""Success"",""Failure""]",0,0,0,0,0,87,0,,cell_000178.heartbeat.jsonl,20,1,1,1,19,0.95,19,0,0.01,1,19,0.95,-10,-3.92960995681
179_evogrow_v2_2_stage_capped_pretune_on_30_2_123,paper1_phaseB_v1,B,,campaign_cell,,30,RNA molecules catalyzing each others replication,2,surrogate,,evogrow_v2_2_stage_capped_pretune_on,evogrow_v2_2_stage_capped_pretune_on,123,finished,finished,True,,,2026-09-01T00:48:17.475Z,0.000117595321338,,,5,,,682749,,79.029981433,False,True,False,179,2,604e79733b22d64d,91f88c4,False,0.992352190575,"[0.9923314279601092, 0.992372953189465]",410,682749,ffb0266c7913352c,"[[""u2""],[""u1""]]",pretune_on,True,30,,"[5,5]","[null,null]","[""Success""]","[""Success"",""Failure""]",0,0,0,0,0,112,0,,cell_000179.heartbeat.jsonl,20,1,1,1,19,0.95,19,0,0.01,1,19,0.95,-10,-3.92960995681
180_evogrow_v2_2_stage_capped_pretune_on_30_2_7,paper1_phaseB_v1,B,,campaign_cell,,30,RNA molecules catalyzing each others replication,2,surrogate,,evogrow_v2_2_stage_capped_pretune_on,evogrow_v2_2_stage_capped_pretune_on,7,finished,finished,True,,,2026-09-01T00:48:25.093Z,0.000117595321338,,,5,,,876993,,97.824835223,False,True,False,180,2,604e79733b22d64d,91f88c4,False,0.992352190575,"[0.9923314279601092, 0.992372953189465]",410,876993,ffb0266c7913352c,"[[""u2""],[""u1""]]",pretune_on,True,30,,"[5,5]","[null,null]","[""Success""]","[""Success"",""Failure""]",0,0,0,0,0,154,0,,cell_000180.heartbeat.jsonl,20,1,1,1,19,0.95,19,0,0.01,1,19,0.95,-10,-3.92960995681
181_evogrow_v2_2_stage_capped_pretune_on_31_1_42,paper1_phaseB_v1,B,,campaign_cell,,31,SIR infection model only for healthy and sick,2,exact,3,evogrow_v2_2_stage_capped_pretune_on,evogrow_v2_2_stage_capped_pretune_on,42,finished,finished,True,,,2026-09-01T00:50:04.933Z,0.000134292137358,,False,3,0,0,994395,,225.574174337,False,True,False,181,1,604e79733b22d64d,91f88c4,False,0.999947244227,"[0.9999331727085718, 0.9999613157460431]",290,994395,ffb0266c7913352c,"[[""u1"",""u2"",""u1^2""],[""u1"",""u2"",""u1^2""]]",pretune_on,True,30,"[0,0]","[3,3]","[3,3]","[""Success"",""Unstable""]","[""MaxLossEvals"",""Success"",""Failure""]",5009,5009,0,5009,0,106,3,0,cell_000181.heartbeat.jsonl,14,7,7,4,7,0.5,10,0,0.01,7,7,0.5,-16,-3.871949414
182_evogrow_v2_2_stage_capped_pretune_on_31_1_123,paper1_phaseB_v1,B,,campaign_cell,,31,SIR infection model only for healthy and sick,2,exact,3,evogrow_v2_2_stage_capped_pretune_on,evogrow_v2_2_stage_capped_pretune_on,123,finished,finished,True,,,2026-09-01T00:50:16.017Z,0.000134292137358,,False,3,0,0,1156786,,276.935687487,False,True,False,182,1,604e79733b22d64d,91f88c4,False,0.999947244227,"[0.9999331727085718, 0.9999613157460431]",290,1156786,ffb0266c7913352c,"[[""u1"",""u2"",""u1^2""],[""u1"",""u2"",""u1^2""]]",pretune_on,True,30,"[0,0]","[3,3]","[3,3]","[""Success"",""Unstable""]","[""Success"",""MaxLossEvals"",""Failure""]",5081,5081,0,5081,0,107,4,0,cell_000182.heartbeat.jsonl,14,7,7,4,7,0.5,10,0,0.01,7,7,0.5,-16,-3.871949414
183_evogrow_v2_2_stage_capped_pretune_on_31_1_7,paper1_phaseB_v1,B,,campaign_cell,,31,SIR infection model only for healthy and sick,2,exact,3,evogrow_v2_2_stage_capped_pretune_on,evogrow_v2_2_stage_capped_pretune_on,7,finished,finished,True,,,2026-09-01T00:50:42.695Z,0.000134292137358,,False,3,0,0,1022782,,230.261087313,False,True,False,183,1,604e79733b22d64d,91f88c4,False,0.999947244227,"[0.9999331727085718, 0.9999613157460431]",290,1022782,ffb0266c7913352c,"[[""u1"",""u2"",""u1^2""],[""u1"",""u2"",""u1^2""]]",pretune_on,True,30,"[0,0]","[3,3]","[3,3]","[""Success"",""Unstable""]","[""Success"",""MaxLossEvals"",""Failure""]",5558,5558,0,5558,0,99,3,0,cell_000183.heartbeat.jsonl,14,7,7,4,7,0.5,10,0,0.01,7,7,0.5,-16,-3.871949414
184_evogrow_v2_2_stage_capped_pretune_on_31_2_42,paper1_phaseB_v1,B,,campaign_cell,,31,SIR infection model only for healthy and sick,2,exact,3,evogrow_v2_2_stage_capped_pretune_on,evogrow_v2_2_stage_capped_pretune_on,42,finished,finished,True,,,2026-09-01T00:54:31.145Z,2.75360632179e-08,,False,5,2,8,4877072,,7003.59309877,False,True,False,184,2,604e79733b22d64d,91f88c4,False,0.999999995767,"[0.9999999919965262, 0.9999999995371465]",450,4877072,ffb0266c7913352c,"[[""u1"",""u1^2"",""u1*u2""],[""u1"",""u2"",""u1^2"",""u1*u2""]]",pretune_on,True,30,"[2,2]","[5,5]","[null,null]","[""Success"",""Unstable"",""MaxIters""]","[""Success"",""Failure"",""MaxLossEvals""]",25430,26576,0,25430,1146,271,223,0,cell_000184.heartbeat.jsonl,22,11,11,5,11,0.5,17,0,0.01,11,11,0.5,-8,-7.56009814995
185_evogrow_v2_2_stage_capped_pretune_on_31_2_123,paper1_phaseB_v1,B,,campaign_cell,,31,SIR infection model only for healthy and sick,2,exact,3,evogrow_v2_2_stage_capped_pretune_on,evogrow_v2_2_stage_capped_pretune_on,123,finished,finished,True,,,2026-09-01T00:55:13.116Z,2.75360632179e-08,,False,5,2,8,4590848,,12963.8456825,False,True,False,185,2,604e79733b22d64d,91f88c4,False,0.999999995767,"[0.9999999919965262, 0.9999999995371465]",450,4590848,ffb0266c7913352c,"[[""u1"",""u1^2"",""u1*u2""],[""u1"",""u2"",""u1^2"",""u1*u2""]]",pretune_on,True,30,"[2,2]","[5,5]","[null,null]","[""Success"",""Unstable"",""MaxIters""]","[""Failure"",""Success"",""MaxLossEvals""]",29038,31571,0,29038,2533,269,208,0,cell_000185.heartbeat.jsonl,22,11,11,5,11,0.5,17,0,0.01,11,11,0.5,-8,-7.56009814995
186_evogrow_v2_2_stage_capped_pretune_on_31_2_7,paper1_phaseB_v1,B,,campaign_cell,,31,SIR infection model only for healthy and sick,2,exact,3,evogrow_v2_2_stage_capped_pretune_on,evogrow_v2_2_stage_capped_pretune_on,7,finished,finished,True,,,2026-09-01T00:55:33.308Z,2.75360632179e-08,,False,5,2,8,4866642,,8143.73211278,False,True,False,186,2,604e79733b22d64d,91f88c4,False,0.999999995767,"[0.9999999919965262, 0.9999999995371465]",450,4866642,ffb0266c7913352c,"[[""u1"",""u1^2"",""u1*u2""],[""u1"",""u2"",""u1^2"",""u1*u2""]]",pretune_on,True,30,"[2,2]","[5,5]","[null,null]","[""Success"",""Unstable"",""MaxIters""]","[""Success"",""Failure"",""MaxLossEvals""]",28213,29631,0,28213,1418,280,218,0,cell_000186.heartbeat.jsonl,22,11,11,5,11,0.5,17,0,0.01,11,11,0.5,-8,-7.56009814995
187_evogrow_v2_2_stage_capped_pretune_on_32_1_42,paper1_phaseB_v1,B,,campaign_cell,,32,Damped double well oscillator,2,exact,4,evogrow_v2_2_stage_capped_pretune_on,evogrow_v2_2_stage_capped_pretune_on,42,finished,finished,True,,,2026-09-01T01:09:08.232Z,1.9570919599e-12,,True,4,0,0,1830722,,1784.6004932,False,True,False,187,1,604e79733b22d64d,91f88c4,False,0.999999999999,"[0.9999999999984358, 0.9999999999985686]",350,1830722,ffb0266c7913352c,"[[""u1"",""u2"",""u1^2"",""u2^2""],[""u1"",""u2"",""u1^2"",""u2^2"",""u1^3""]]",pretune_on,True,30,"[0,0]","[4,4]","[null,4]","[""Success"",""Unstable"",""MaxIters""]","[""Failure"",""Success"",""MaxLossEvals""]",11756,12124,0,11756,368,248,11,1,cell_000187.heartbeat.jsonl,17,17,17,7,0,0,10,0,0.01,17,0,0,-13,-11.7083887672
188_evogrow_v2_2_stage_capped_pretune_on_32_1_123,paper1_phaseB_v1,B,,campaign_cell,,32,Damped double well oscillator,2,exact,4,evogrow_v2_2_stage_capped_pretune_on,evogrow_v2_2_stage_capped_pretune_on,123,finished,finished,True,,,2026-09-01T01:39:33.334Z,1.9570919599e-12,,True,4,0,0,1846245,,1559.55196355,False,True,False,188,1,604e79733b22d64d,91f88c4,False,0.999999999999,"[0.9999999999984358, 0.9999999999985686]",350,1846245,ffb0266c7913352c,"[[""u1"",""u2"",""u1^2"",""u2^2""],[""u1"",""u2"",""u1^2"",""u2^2"",""u1^3""]]",pretune_on,True,30,"[0,0]","[4,4]","[null,4]","[""Success"",""Unstable"",""MaxIters""]","[""Success"",""Failure"",""MaxLossEvals""]",11699,12019,0,11699,320,252,11,1,cell_000188.heartbeat.jsonl,17,17,17,7,0,0,10,0,0.01,17,0,0,-13,-11.7083887672
189_evogrow_v2_2_stage_capped_pretune_on_32_1_7,paper1_phaseB_v1,B,,campaign_cell,,32,Damped double well oscillator,2,exact,4,evogrow_v2_2_stage_capped_pretune_on,evogrow_v2_2_stage_capped_pretune_on,7,finished,finished,True,,,2026-09-01T02:06:12.659Z,1.9570919599e-12,,True,4,0,0,1820652,,1452.09946972,False,True,False,189,1,604e79733b22d64d,91f88c4,False,0.999999999999,"[0.9999999999984358, 0.9999999999985686]",350,1820652,ffb0266c7913352c,"[[""u1"",""u2"",""u1^2"",""u2^2""],[""u1"",""u2"",""u1^2"",""u2^2"",""u1^3""]]",pretune_on,True,30,"[0,0]","[4,4]","[null,4]","[""Success"",""Unstable"",""MaxIters""]","[""Success"",""Failure"",""MaxLossEvals""]",15775,16047,0,15775,272,244,12,1,cell_000189.heartbeat.jsonl,17,17,17,7,0,0,10,0,0.01,17,0,0,-13,-11.7083887672
190_evogrow_v2_2_stage_capped_pretune_on_32_2_42,paper1_phaseB_v1,B,,campaign_cell,,32,Damped double well oscillator,2,exact,4,evogrow_v2_2_stage_capped_pretune_on,evogrow_v2_2_stage_capped_pretune_on,42,finished,finished,True,,,2026-09-01T02:31:05.829Z,39.1987587599,,False,5,1,4,514145,,279.882611226,False,True,False,190,2,604e79733b22d64d,91f88c4,False,0.44502852121,"[0.43512721993768366, 0.4549298224816899]",410,514145,ffb0266c7913352c,"[[""u1"",""u2""],[""u1""]]",pretune_on,True,30,"[1,0]","[5,4]","[null,4]","[""Success"",""Unstable""]","[""Success"",""Failure"",""MaxLossEvals""]",14562,14562,0,14562,0,54,13,0,cell_000190.heartbeat.jsonl,20,1,1,1,19,0.95,19,0,0.01,1,19,0.95,-10,1.59327231518
191_evogrow_v2_2_stage_capped_pretune_on_32_2_123,paper1_phaseB_v1,B,,campaign_cell,,32,Damped double well oscillator,2,exact,4,evogrow_v2_2_stage_capped_pretune_on,evogrow_v2_2_stage_capped_pretune_on,123,finished,finished,True,,,2026-09-01T02:36:28.066Z,39.1987587599,,False,5,1,4,739752,,372.09856684,False,True,False,191,2,604e79733b22d64d,91f88c4,False,0.44502852121,"[0.43512721993768366, 0.4549298224816899]",410,739752,ffb0266c7913352c,"[[""u1"",""u2""],[""u1""]]",pretune_on,True,30,"[1,0]","[5,4]","[null,4]","[""Success"",""Unstable""]","[""Success"",""Failure"",""MaxLossEvals""]",17700,17700,0,17700,0,58,25,0,cell_000191.heartbeat.jsonl,20,1,1,1,19,0.95,19,0,0.01,1,19,0.95,-10,1.59327231518
192_evogrow_v2_2_stage_capped_pretune_on_32_2_7,paper1_phaseB_v1,B,,campaign_cell,,32,Damped double well oscillator,2,exact,4,evogrow_v2_2_stage_capped_pretune_on,evogrow_v2_2_stage_capped_pretune_on,7,finished,finished,True,,,2026-09-01T02:43:22.058Z,39.1987587599,,False,5,1,4,632931,,319.608133214,False,True,False,192,2,604e79733b22d64d,91f88c4,False,0.44502852121,"[0.43512721993768366, 0.4549298224816899]",410,632931,ffb0266c7913352c,"[[""u1"",""u2""],[""u1""]]",pretune_on,True,30,"[1,0]","[5,4]","[null,4]","[""Success"",""Unstable""]","[""Success"",""Failure"",""MaxLossEvals""]",18408,18408,0,18408,0,51,20,0,cell_000192.heartbeat.jsonl,20,1,1,1,19,0.95,19,0,0.01,1,19,0.95,-10,1.59327231518
193_evogrow_v2_2_stage_capped_pretune_on_33_1_42,paper1_phaseB_v1,B,,campaign_cell,,33,Glider (dimensionless),2,surrogate,,evogrow_v2_2_stage_capped_pretune_on,evogrow_v2_2_stage_capped_pretune_on,42,finished,finished,True,,,2026-09-01T02:49:22.614Z,0.00215415855613,,,5,,,5988346,,4610.66408285,False,True,False,193,1,604e79733b22d64d,91f88c4,False,0.999519896471,"[0.999153915959119, 0.9998858769822732]",510,5988346,ffb0266c7913352c,"[[""u1"",""u2"",""u1^2"",""u1*u2"",""sin(u2)""],[""u1"",""u2"",""u1^2"",""u2^2"",""u1*u2"",""cos(u2)""]]",pretune_on,True,30,,"[5,5]","[5,null]","[""Success"",""Unstable"",""MaxIters""]","[""Failure"",""Success"",""MaxLossEvals""]",148506,149186,0,148506,680,488,210,,cell_000193.heartbeat.jsonl,25,22,22,9,3,0.12,16,0,0.01,22,3,0.12,-5,-2.66672233376
194_evogrow_v2_2_stage_capped_pretune_on_33_1_123,paper1_phaseB_v1,B,,campaign_cell,,33,Glider (dimensionless),2,surrogate,,evogrow_v2_2_stage_capped_pretune_on,evogrow_v2_2_stage_capped_pretune_on,123,finished,finished,True,,,2026-09-01T02:51:40.730Z,0.00792700545387,,,5,,,6459339,,4377.04988792,False,True,False,194,1,604e79733b22d64d,91f88c4,False,0.998640491336,"[0.9977305783064958, 0.9995504043664919]",530,6459339,ffb0266c7913352c,"[[""u1"",""u2"",""u1^2"",""u2^2"",""u1*u2"",""sin(u2)""],[""u1"",""u2"",""u1^2"",""u2^2"",""u1*u2"",""cos(u1)""]]",pretune_on,True,30,,"[5,5]","[5,null]","[""Success"",""Unstable"",""MaxIters""]","[""Success"",""Failure"",""MaxLossEvals""]",173778,174138,0,173778,360,510,237,,cell_000194.heartbeat.jsonl,26,23,23,10,3,0.115384615385,16,0,0.01,23,3,0.115384615385,-4,-2.10089084301
195_evogrow_v2_2_stage_capped_pretune_on_33_1_7,paper1_phaseB_v1,B,,campaign_cell,,33,Glider (dimensionless),2,surrogate,,evogrow_v2_2_stage_capped_pretune_on,evogrow_v2_2_stage_capped_pretune_on,7,finished,finished,True,,,2026-09-01T02:51:55.455Z,0.0731848433235,,,5,,,5866306,,7610.70180044,False,True,False,195,1,604e79733b22d64d,91f88c4,False,0.934500432516,"[0.8692978274339602, 0.9997030375972847]",470,5866306,ffb0266c7913352c,"[[""u1"",""u2"",""u1^2"",""u2^2"",""u1*u2"",""u2^3""],[""u1"",""u2"",""u1^2"",""u2^2"",""sin(u2)""]]",pretune_on,True,30,,"[5,5]","[5,null]","[""Success"",""Unstable"",""MaxIters""]","[""Success"",""Failure"",""MaxLossEvals""]",182001,183153,0,182001,1152,440,231,,cell_000195.heartbeat.jsonl,23,20,20,8,3,0.130434782609,15,0,0.01,20,3,0.130434782609,-7,-1.13557885258
196_evogrow_v2_2_stage_capped_pretune_on_33_2_42,paper1_phaseB_v1,B,,campaign_cell,,33,Glider (dimensionless),2,surrogate,,evogrow_v2_2_stage_capped_pretune_on,evogrow_v2_2_stage_capped_pretune_on,42,finished,finished,True,,,2026-09-01T03:11:57.870Z,0.00115818219281,,,5,,,4087377,,2443.17917279,False,True,False,196,2,604e79733b22d64d,91f88c4,False,0.999965832024,"[0.9999758214528197, 0.999955842595717]",490,4087377,ffb0266c7913352c,"[[""u1"",""u2"",""u1^2"",""u2^2"",""sin(u2)""],[""u1"",""u2"",""u1^2"",""u2^2"",""u1*u2"",""sin(u2)""]]",pretune_on,True,30,,"[5,5]","[5,null]","[""Success"",""Unstable"",""MaxIters""]","[""Success"",""Failure"",""MaxLossEvals""]",100357,100621,0,100357,264,481,69,,cell_000196.heartbeat.jsonl,24,22,22,8,2,0.0833333333333,16,0,0.01,22,2,0.0833333333333,-6,-2.93622311668
197_evogrow_v2_2_stage_capped_pretune_on_33_2_123,paper1_phaseB_v1,B,,campaign_cell,,33,Glider (dimensionless),2,surrogate,,evogrow_v2_2_stage_capped_pretune_on,evogrow_v2_2_stage_capped_pretune_on,123,finished,finished,True,,,2026-09-01T03:53:21.367Z,0.00103202509322,,,5,,,4655535,,3010.13845289,False,True,False,197,2,604e79733b22d64d,91f88c4,False,0.999970967135,"[0.9999814918305641, 0.9999604424390913]",530,4655535,ffb0266c7913352c,"[[""u1"",""u2"",""u1^2"",""u2^2"",""sin(u2)""],[""u1"",""u2"",""u1^2"",""u2^2"",""u1*u2"",""cos(u2)""]]",pretune_on,True,30,,"[5,5]","[5,null]","[""Success"",""Unstable"",""MaxIters""]","[""Success"",""Failure"",""MaxLossEvals""]",117250,117610,0,117250,360,518,87,,cell_000197.heartbeat.jsonl,26,23,23,9,3,0.115384615385,17,0,0.01,23,3,0.115384615385,-4,-2.98630974291
198_evogrow_v2_2_stage_capped_pretune_on_33_2_7,paper1_phaseB_v1,B,,campaign_cell,,33,Glider (dimensionless),2,surrogate,,evogrow_v2_2_stage_capped_pretune_on,evogrow_v2_2_stage_capped_pretune_on,7,finished,finished,True,,,2026-09-01T04:05:17.701Z,0.00103202509322,,,5,,,4321644,,2541.5126307,False,True,False,198,2,604e79733b22d64d,91f88c4,False,0.999970967135,"[0.9999814918305641, 0.9999604424390913]",510,4321644,ffb0266c7913352c,"[[""u1"",""u2"",""u1^2"",""u2^2"",""sin(u2)""],[""u1"",""u2"",""u1^2"",""u2^2"",""u1*u2"",""cos(u2)""]]",pretune_on,True,30,,"[5,5]","[5,null]","[""Success"",""Unstable"",""MaxIters""]","[""Success"",""Failure"",""MaxLossEvals""]",111461,111725,0,111461,264,494,74,,cell_000198.heartbeat.jsonl,25,22,22,8,3,0.12,17,0,0.01,22,3,0.12,-5,-2.98630974291
199_evogrow_v2_2_stage_capped_pretune_on_34_1_42,paper1_phaseB_v1,B,,campaign_cell,,34,Frictionless bead on a rotating hoop (dimensionless),2,surrogate,,evogrow_v2_2_stage_capped_pretune_on,evogrow_v2_2_stage_capped_pretune_on,42,finished,finished,True,,,2026-09-01T04:06:54.366Z,0.000432897605246,,,5,,,564293,,129.53680799,False,True,False,199,1,604e79733b22d64d,91f88c4,False,0.999643470929,"[0.9999607911780374, 0.999326150680727]",410,564293,ffb0266c7913352c,"[[""u2""],[""u1"",""u1^3""]]",pretune_on,True,30,,"[5,5]","[null,5]","[""Success"",""Unstable""]","[""Success"",""Failure"",""MaxLossEvals""]",2339,2339,0,2339,0,38,16,,cell_000199.heartbeat.jsonl,20,13,13,2,7,0.35,18,0,0.01,13,7,0.35,-10,-3.36361481666
200_evogrow_v2_2_stage_capped_pretune_on_34_1_123,paper1_phaseB_v1,B,,campaign_cell,,34,Frictionless bead on a rotating hoop (dimensionless),2,surrogate,,evogrow_v2_2_stage_capped_pretune_on,evogrow_v2_2_stage_capped_pretune_on,123,finished,finished,True,,,2026-09-01T04:09:43.667Z,0.000432897605246,,,5,,,435722,,98.933173646,False,True,False,200,1,604e79733b22d64d,91f88c4,False,0.999643470929,"[0.9999607911780374, 0.999326150680727]",410,435722,ffb0266c7913352c,"[[""u2""],[""u1"",""u1^3""]]",pretune_on,True,30,,"[5,5]","[null,5]","[""Success"",""Unstable""]","[""Success"",""Failure"",""MaxLossEvals""]",1615,1615,0,1615,0,31,12,,cell_000200.heartbeat.jsonl,20,13,13,2,7,0.35,18,0,0.01,13,7,0.35,-10,-3.36361481666
201_evogrow_v2_2_stage_capped_pretune_on_34_1_7,paper1_phaseB_v1,B,,campaign_cell,,34,Frictionless bead on a rotating hoop (dimensionless),2,surrogate,,evogrow_v2_2_stage_capped_pretune_on,evogrow_v2_2_stage_capped_pretune_on,7,finished,finished,True,,,2026-09-01T04:12:02.495Z,0.000432897605246,,,5,,,612384,,134.224486131,False,True,False,201,1,604e79733b22d64d,91f88c4,False,0.999643470929,"[0.9999607911780374, 0.999326150680727]",410,612384,ffb0266c7913352c,"[[""u2""],[""u1"",""u1^3""]]",pretune_on,True,30,,"[5,5]","[null,5]","[""Success"",""Unstable""]","[""Success"",""Failure"",""MaxLossEvals""]",2496,2496,0,2496,0,38,20,,cell_000201.heartbeat.jsonl,20,13,13,2,7,0.35,18,0,0.01,13,7,0.35,-10,-3.36361481666
202_evogrow_v2_2_stage_capped_pretune_on_34_2_42,paper1_phaseB_v1,B,,campaign_cell,,34,Frictionless bead on a rotating hoop (dimensionless),2,surrogate,,evogrow_v2_2_stage_capped_pretune_on,evogrow_v2_2_stage_capped_pretune_on,42,finished,finished,True,,,2026-09-01T04:14:57.388Z,1.39819703745e-05,,,5,,,205239,,44.490438844,False,True,False,202,2,604e79733b22d64d,91f88c4,False,0.999949991926,"[0.9999927142268, 0.9999072696247904]",410,205239,ffb0266c7913352c,"[[""u1"",""u2""],[""u1"",""u1^3""]]",pretune_on,True,30,,"[5,5]","[null,5]","[""Success"",""Unstable""]","[""Failure"",""Success""]",88,88,0,88,0,28,0,,cell_000202.heartbeat.jsonl,20,13,13,2,7,0.35,18,0,0.01,13,7,0.35,-10,-4.8544316224
203_evogrow_v2_2_stage_capped_pretune_on_34_2_123,paper1_phaseB_v1,B,,campaign_cell,,34,Frictionless bead on a rotating hoop (dimensionless),2,surrogate,,evogrow_v2_2_stage_capped_pretune_on,evogrow_v2_2_stage_capped_pretune_on,123,finished,finished,True,,,2026-09-01T04:16:22.573Z,1.39819703745e-05,,,5,,,212358,,48.062318387,False,True,False,203,2,604e79733b22d64d,91f88c4,False,0.999949991926,"[0.9999927142268, 0.9999072696247904]",410,212358,ffb0266c7913352c,"[[""u1"",""u2""],[""u1"",""u1^3""]]",pretune_on,True,30,,"[5,5]","[null,5]","[""Success"",""Unstable""]","[""Success"",""Failure""]",86,86,0,86,0,34,0,,cell_000203.heartbeat.jsonl,20,13,13,2,7,0.35,18,0,0.01,13,7,0.35,-10,-4.8544316224
204_evogrow_v2_2_stage_capped_pretune_on_34_2_7,paper1_phaseB_v1,B,,campaign_cell,,34,Frictionless bead on a rotating hoop (dimensionless),2,surrogate,,evogrow_v2_2_stage_capped_pretune_on,evogrow_v2_2_stage_capped_pretune_on,7,finished,finished,True,,,2026-09-01T04:17:51.047Z,1.39819703745e-05,,,5,,,229965,,48.997581277,False,True,False,204,2,604e79733b22d64d,91f88c4,False,0.999949991926,"[0.9999927142268, 0.9999072696247904]",410,229965,ffb0266c7913352c,"[[""u1"",""u2""],[""u1"",""u1^3""]]",pretune_on,True,30,,"[5,5]","[null,5]","[""Success"",""Unstable""]","[""Failure"",""Success""]",78,78,0,78,0,38,0,,cell_000204.heartbeat.jsonl,20,13,13,2,7,0.35,18,0,0.01,13,7,0.35,-10,-4.8544316224
205_evogrow_v2_2_stage_capped_pretune_on_35_1_42,paper1_phaseB_v1,B,,campaign_cell,,35,Rotational dynamics of an object in a shear flow,2,surrogate,,evogrow_v2_2_stage_capped_pretune_on,evogrow_v2_2_stage_capped_pretune_on,42,finished,finished,True,,,2026-09-01T04:19:20.827Z,0.527487195116,,,5,,,3141982,,21915.7446889,False,True,False,205,1,604e79733b22d64d,91f88c4,False,0.569583166572,"[0.5783796913175604, 0.5607866418258275]",490,3141982,ffb0266c7913352c,"[[""u1"",""u2"",""u1^2"",""u2^2"",""u1*u2"",""u2^3""],[""u2"",""u1^2"",""u2^2""]]",pretune_on,True,30,,"[5,5]","[5,5]","[""Success"",""Unstable"",""MaxIters""]","[""Failure"",""Success"",""MaxLossEvals""]",184096,187446,0,184096,3350,301,76,,cell_000205.heartbeat.jsonl,24,17,17,6,7,0.291666666667,18,0,0.01,17,7,0.291666666667,-6,-0.27778807851
206_evogrow_v2_2_stage_capped_pretune_on_35_1_123,paper1_phaseB_v1,B,,campaign_cell,,35,Rotational dynamics of an object in a shear flow,2,surrogate,,evogrow_v2_2_stage_capped_pretune_on,evogrow_v2_2_stage_capped_pretune_on,123,finished,finished,True,,,2026-09-01T04:31:58.158Z,0.527487195116,,,5,,,3282388,,8857.39491991,False,True,False,206,1,604e79733b22d64d,91f88c4,False,0.569583166572,"[0.5783796913175604, 0.5607866418258275]",510,3282388,ffb0266c7913352c,"[[""u1"",""u2"",""u1^2"",""u2^2"",""u1*u2"",""u2^3""],[""u2"",""u1^2"",""u2^2""]]",pretune_on,True,30,,"[5,5]","[5,5]","[""Success"",""Unstable"",""MaxIters""]","[""Success"",""Failure"",""MaxLossEvals""]",230167,231439,0,230167,1272,324,80,,cell_000206.heartbeat.jsonl,25,18,18,6,7,0.28,19,0,0.01,18,7,0.28,-5,-0.27778807851
207_evogrow_v2_2_stage_capped_pretune_on_35_1_7,paper1_phaseB_v1,B,,campaign_cell,,35,Rotational dynamics of an object in a shear flow,2,surrogate,,evogrow_v2_2_stage_capped_pretune_on,evogrow_v2_2_stage_capped_pretune_on,7,finished,finished,True,,,2026-09-01T04:44:12.145Z,0.527487195116,,,5,,,3589191,,37956.8597732,False,True,False,207,1,604e79733b22d64d,91f88c4,False,0.569583166572,"[0.5783796913175604, 0.5607866418258275]",490,3589191,ffb0266c7913352c,"[[""u1"",""u2"",""u1^2"",""u2^2"",""u1*u2"",""u2^3""],[""u2"",""u1^2"",""u2^2""]]",pretune_on,True,30,,"[5,5]","[5,5]","[""Success"",""Unstable"",""MaxIters""]","[""Success"",""Failure"",""MaxLossEvals""]",167669,173627,0,167669,5958,335,103,,cell_000207.heartbeat.jsonl,24,17,17,6,7,0.291666666667,18,0,0.01,17,7,0.291666666667,-6,-0.27778807851
208_evogrow_v2_2_stage_capped_pretune_on_35_2_42,paper1_phaseB_v1,B,,campaign_cell,,35,Rotational dynamics of an object in a shear flow,2,surrogate,,evogrow_v2_2_stage_capped_pretune_on,evogrow_v2_2_stage_capped_pretune_on,42,finished,finished,True,,,2026-09-01T04:48:19.656Z,0.0018378855234,,,5,,,1930952,,4462.0346988,False,True,False,208,2,604e79733b22d64d,91f88c4,False,0.996174647878,"[0.9962755903822796, 0.9960737053729315]",430,1930952,ffb0266c7913352c,"[[""u1"",""u2"",""u1^2""],[""u1"",""u1^2"",""u1^3""]]",pretune_on,True,30,,"[5,5]","[5,5]","[""Success"",""Unstable"",""MaxIters""]","[""Success"",""Failure"",""MaxLossEvals""]",16154,17113,0,16154,959,334,7,,cell_000208.heartbeat.jsonl,21,14,14,4,7,0.333333333333,17,0,0.01,14,7,0.333333333333,-9,-2.73568154306
209_evogrow_v2_2_stage_capped_pretune_on_35_2_123,paper1_phaseB_v1,B,,campaign_cell,,35,Rotational dynamics of an object in a shear flow,2,surrogate,,evogrow_v2_2_stage_capped_pretune_on,evogrow_v2_2_stage_capped_pretune_on,123,finished,finished,True,,,2026-09-01T04:52:59.145Z,0.0018378855234,,,5,,,1942691,,9716.35616084,False,True,False,209,2,604e79733b22d64d,91f88c4,False,0.996174647878,"[0.9962755903822796, 0.9960737053729315]",430,1942691,ffb0266c7913352c,"[[""u1"",""u2"",""u1^2""],[""u1"",""u1^2"",""u1^3""]]",pretune_on,True,30,,"[5,5]","[5,5]","[""Success"",""Unstable"",""MaxIters""]","[""Success"",""Failure"",""MaxLossEvals""]",20452,22641,0,20452,2189,338,11,,cell_000209.heartbeat.jsonl,21,14,14,4,7,0.333333333333,17,0,0.01,14,7,0.333333333333,-9,-2.73568154306
210_evogrow_v2_2_stage_capped_pretune_on_35_2_7,paper1_phaseB_v1,B,,campaign_cell,,35,Rotational dynamics of an object in a shear flow,2,surrogate,,evogrow_v2_2_stage_capped_pretune_on,evogrow_v2_2_stage_capped_pretune_on,7,finished,finished,True,,,2026-09-01T04:59:27.097Z,0.0018378855234,,,5,,,1943933,,6173.4976517,False,True,False,210,2,604e79733b22d64d,91f88c4,False,0.996174647878,"[0.9962755903822796, 0.9960737053729315]",430,1943933,ffb0266c7913352c,"[[""u1"",""u2"",""u1^2""],[""u1"",""u1^2"",""u1^3""]]",pretune_on,True,30,,"[5,5]","[5,5]","[""Success"",""Unstable"",""MaxIters""]","[""Success"",""Failure"",""MaxLossEvals""]",22368,23716,0,22368,1348,324,10,,cell_000210.heartbeat.jsonl,21,14,14,4,7,0.333333333333,17,0,0.01,14,7,0.333333333333,-9,-2.73568154306
211_evogrow_v2_2_stage_capped_pretune_on_36_1_42,paper1_phaseB_v1,B,,campaign_cell,,36,"Pendulum with non-linear damping, no driving (dimensionless)",2,surrogate,,evogrow_v2_2_stage_capped_pretune_on,evogrow_v2_2_stage_capped_pretune_on,42,finished,finished,True,,,2026-09-01T06:03:22.236Z,1.20704361349e-05,,,5,,,73145,,23.012881306,False,True,False,211,1,604e79733b22d64d,91f88c4,False,0.99979345431,"[0.9998687974388409, 0.999718111180807]",410,73145,ffb0266c7913352c,"[[""u2""],[""u1"",""u2""]]",pretune_on,True,30,,"[5,5]","[null,5]","[""Success""]","[""Failure"",""Success""]",0,0,0,0,0,3,0,,cell_000211.heartbeat.jsonl,20,1,1,1,19,0.95,19,0,0.01,1,19,0.95,-10,-4.91827703748
212_evogrow_v2_2_stage_capped_pretune_on_36_1_123,paper1_phaseB_v1,B,,campaign_cell,,36,"Pendulum with non-linear damping, no driving (dimensionless)",2,surrogate,,evogrow_v2_2_stage_capped_pretune_on,evogrow_v2_2_stage_capped_pretune_on,123,finished,finished,True,,,2026-09-01T06:04:27.042Z,1.20704361349e-05,,,5,,,73130,,23.805055471,False,True,False,212,1,604e79733b22d64d,91f88c4,False,0.99979345431,"[0.9998687974388409, 0.999718111180807]",410,73130,ffb0266c7913352c,"[[""u2""],[""u1"",""u2""]]",pretune_on,True,30,,"[5,5]","[null,5]","[""Success""]","[""Success"",""Failure""]",0,0,0,0,0,4,0,,cell_000212.heartbeat.jsonl,20,1,1,1,19,0.95,19,0,0.01,1,19,0.95,-10,-4.91827703748
213_evogrow_v2_2_stage_capped_pretune_on_36_1_7,paper1_phaseB_v1,B,,campaign_cell,,36,"Pendulum with non-linear damping, no driving (dimensionless)",2,surrogate,,evogrow_v2_2_stage_capped_pretune_on,evogrow_v2_2_stage_capped_pretune_on,7,finished,finished,True,,,2026-09-01T06:05:31.099Z,1.20704361349e-05,,,5,,,70495,,23.276168914,False,True,False,213,1,604e79733b22d64d,91f88c4,False,0.99979345431,"[0.9998687974388409, 0.999718111180807]",410,70495,ffb0266c7913352c,"[[""u2""],[""u1"",""u2""]]",pretune_on,True,30,,"[5,5]","[null,5]","[""Success""]","[""Success"",""Failure""]",0,0,0,0,0,3,0,,cell_000213.heartbeat.jsonl,20,1,1,1,19,0.95,19,0,0.01,1,19,0.95,-10,-4.91827703748
214_evogrow_v2_2_stage_capped_pretune_on_36_2_42,paper1_phaseB_v1,B,,campaign_cell,,36,"Pendulum with non-linear damping, no driving (dimensionless)",2,surrogate,,evogrow_v2_2_stage_capped_pretune_on,evogrow_v2_2_stage_capped_pretune_on,42,finished,finished,True,,,2026-09-01T06:06:37.492Z,8.44113483658e-05,,,5,,,81392,,25.992265493,False,True,False,214,2,604e79733b22d64d,91f88c4,False,0.999076780636,"[0.9993968519691112, 0.9987567093037039]",410,81392,ffb0266c7913352c,"[[""u2""],[""u1"",""u2""]]",pretune_on,True,30,,"[5,4]","[null,4]","[""Success""]","[""Failure"",""Success""]",0,0,0,0,0,3,0,,cell_000214.heartbeat.jsonl,20,1,1,1,19,0.95,19,0,0.01,1,19,0.95,-10,-4.07359916236
215_evogrow_v2_2_stage_capped_pretune_on_36_2_123,paper1_phaseB_v1,B,,campaign_cell,,36,"Pendulum with non-linear damping, no driving (dimensionless)",2,surrogate,,evogrow_v2_2_stage_capped_pretune_on,evogrow_v2_2_stage_capped_pretune_on,123,finished,finished,True,,,2026-09-01T06:07:43.550Z,8.44113483658e-05,,,5,,,82416,,25.526219279,False,True,False,215,2,604e79733b22d64d,91f88c4,False,0.999076780636,"[0.9993968519691112, 0.9987567093037039]",410,82416,ffb0266c7913352c,"[[""u2""],[""u1"",""u2""]]",pretune_on,True,30,,"[5,4]","[null,4]","[""Success""]","[""Success"",""Failure""]",0,0,0,0,0,4,0,,cell_000215.heartbeat.jsonl,20,1,1,1,19,0.95,19,0,0.01,1,19,0.95,-10,-4.07359916236
216_evogrow_v2_2_stage_capped_pretune_on_36_2_7,paper1_phaseB_v1,B,,campaign_cell,,36,"Pendulum with non-linear damping, no driving (dimensionless)",2,surrogate,,evogrow_v2_2_stage_capped_pretune_on,evogrow_v2_2_stage_capped_pretune_on,7,finished,finished,True,,,2026-09-01T06:08:49.379Z,8.44113483658e-05,,,5,,,82131,,25.560190279,False,True,False,216,2,604e79733b22d64d,91f88c4,False,0.999076780636,"[0.9993968519691112, 0.9987567093037039]",410,82131,ffb0266c7913352c,"[[""u2""],[""u1"",""u2""]]",pretune_on,True,30,,"[5,4]","[null,4]","[""Success""]","[""Success"",""Failure""]",0,0,0,0,0,3,0,,cell_000216.heartbeat.jsonl,20,1,1,1,19,0.95,19,0,0.01,1,19,0.95,-10,-4.07359916236
217_evogrow_v2_2_stage_capped_pretune_on_37_1_42,paper1_phaseB_v1,B,,campaign_cell,,37,Van der Pol oscillator (standard form),2,surrogate,,evogrow_v2_2_stage_capped_pretune_on,evogrow_v2_2_stage_capped_pretune_on,42,finished,finished,True,,,2026-09-01T06:09:55.723Z,0.0234216796937,,,5,,,2560618,,1505.46805227,False,True,False,217,1,604e79733b22d64d,91f88c4,False,0.987321092185,"[0.9983811398820336, 0.9762610444879537]",490,2560618,ffb0266c7913352c,"[[""u1"",""u2"",""u2^2"",""u1^3"",""sin(u1)""],[""u1"",""u2"",""u1*u2"",""u1^3"",""sin(u1)"",""cos(u2)""]]",pretune_on,True,30,,"[5,5]","[null,null]","[""Success"",""Unstable"",""MaxIters""]","[""Success"",""Failure""]",33225,33305,0,33225,80,402,0,,cell_000217.heartbeat.jsonl,24,21,21,9,3,0.125,15,0,0.01,21,3,0.125,-6,-1.63038196257
218_evogrow_v2_2_stage_capped_pretune_on_37_1_123,paper1_phaseB_v1,B,,campaign_cell,,37,Van der Pol oscillator (standard form),2,surrogate,,evogrow_v2_2_stage_capped_pretune_on,evogrow_v2_2_stage_capped_pretune_on,123,finished,finished,True,,,2026-09-01T06:35:42.008Z,0.0148899380346,,,5,,,2732900,,2705.01035291,False,True,False,218,1,604e79733b22d64d,91f88c4,False,0.992419255276,"[0.9941996024342519, 0.9906389081183157]",550,2732900,ffb0266c7913352c,"[[""u1"",""u2"",""u2^2"",""u1^3"",""u2^3"",""cos(u1)""],[""u1"",""u2"",""u2^3""]]",pretune_on,True,30,,"[5,5]","[null,null]","[""Success"",""Unstable"",""MaxIters""]","[""Success"",""Failure"",""MaxLossEvals""]",86047,86522,0,86047,475,355,54,,cell_000218.heartbeat.jsonl,27,24,24,9,3,0.111111111111,18,0,0.01,24,3,0.111111111111,-3,-1.82710710959
219_evogrow_v2_2_stage_capped_pretune_on_37_1_7,paper1_phaseB_v1,B,,campaign_cell,,37,Van der Pol oscillator (standard form),2,surrogate,,evogrow_v2_2_stage_capped_pretune_on,evogrow_v2_2_stage_capped_pretune_on,7,finished,finished,True,,,2026-09-01T06:43:01.046Z,0.0234216796937,,,5,,,2683316,,1629.79678596,False,True,False,219,1,604e79733b22d64d,91f88c4,False,0.987321092185,"[0.9983811398820336, 0.9762610444879537]",510,2683316,ffb0266c7913352c,"[[""u1"",""u2"",""u2^2"",""u1^3"",""sin(u1)""],[""u1"",""u2"",""u1*u2"",""u1^3"",""sin(u1)"",""cos(u2)""]]",pretune_on,True,30,,"[5,5]","[null,null]","[""Success"",""Unstable"",""MaxIters""]","[""Success"",""Failure""]",38638,38710,0,38638,72,415,0,,cell_000219.heartbeat.jsonl,25,22,22,10,3,0.12,15,0,0.01,22,3,0.12,-5,-1.63038196257
220_evogrow_v2_2_stage_capped_pretune_on_37_2_42,paper1_phaseB_v1,B,,campaign_cell,,37,Van der Pol oscillator (standard form),2,surrogate,,evogrow_v2_2_stage_capped_pretune_on,evogrow_v2_2_stage_capped_pretune_on,42,finished,finished,True,,,2026-09-01T07:00:17.638Z,0.0548050481316,,,5,,,2170522,,3277.32448706,False,True,False,220,2,604e79733b22d64d,91f88c4,False,0.977859018098,"[0.9933924463721957, 0.9623255898228791]",490,2170522,ffb0266c7913352c,"[[""u2"",""u1^2"",""u2^2"",""u1*u2"",""u1^3"",""u2^3""],[""u1"",""u2"",""u1*u2"",""u1^3""]]",pretune_on,True,30,,"[5,5]","[null,null]","[""Success"",""Unstable"",""MaxIters""]","[""Failure"",""Success""]",11247,11775,0,11247,528,379,0,,cell_000220.heartbeat.jsonl,24,17,17,8,7,0.291666666667,16,0,0.01,17,7,0.291666666667,-6,-1.2611794365
221_evogrow_v2_2_stage_capped_pretune_on_37_2_123,paper1_phaseB_v1,B,,campaign_cell,,37,Van der Pol oscillator (standard form),2,surrogate,,evogrow_v2_2_stage_capped_pretune_on,evogrow_v2_2_stage_capped_pretune_on,123,finished,finished,True,,,2026-09-01T07:10:53.266Z,0.0548050481316,,,5,,,2154773,,2708.215731,False,True,False,221,2,604e79733b22d64d,91f88c4,False,0.977859018098,"[0.9933924463721957, 0.9623255898228791]",490,2154773,ffb0266c7913352c,"[[""u2"",""u1^2"",""u2^2"",""u1*u2"",""u1^3"",""u2^3""],[""u1"",""u2"",""u1*u2"",""u1^3""]]",pretune_on,True,30,,"[5,5]","[null,null]","[""Success"",""Unstable"",""MaxIters""]","[""Success"",""Failure""]",10865,11261,0,10865,396,378,0,,cell_000221.heartbeat.jsonl,24,17,17,8,7,0.291666666667,16,0,0.01,17,7,0.291666666667,-6,-1.2611794365
222_evogrow_v2_2_stage_capped_pretune_on_37_2_7,paper1_phaseB_v1,B,,campaign_cell,,37,Van der Pol oscillator (standard form),2,surrogate,,evogrow_v2_2_stage_capped_pretune_on,evogrow_v2_2_stage_capped_pretune_on,7,finished,finished,True,,,2026-09-01T07:21:27.805Z,0.0548050481316,,,5,,,2057513,,2819.77067647,False,True,False,222,2,604e79733b22d64d,91f88c4,False,0.977859018098,"[0.9933924463721957, 0.9623255898228791]",490,2057513,ffb0266c7913352c,"[[""u2"",""u1^2"",""u2^2"",""u1*u2"",""u1^3"",""u2^3""],[""u1"",""u2"",""u1*u2"",""u1^3""]]",pretune_on,True,30,,"[5,5]","[null,null]","[""Success"",""Unstable"",""MaxIters""]","[""Success"",""Failure""]",10913,11309,0,10913,396,366,0,,cell_000222.heartbeat.jsonl,24,17,17,8,7,0.291666666667,16,0,0.01,17,7,0.291666666667,-6,-1.2611794365
223_evogrow_v2_2_stage_capped_pretune_on_38_1_42,paper1_phaseB_v1,B,,campaign_cell,,38,Van der Pol oscillator (simplified form from Strogatz),2,exact,4,evogrow_v2_2_stage_capped_pretune_on,evogrow_v2_2_stage_capped_pretune_on,42,finished,finished,True,,,2026-09-01T07:35:45.651Z,6.97788391413e-12,,True,4,0,0,3034410,,2180.24686097,False,True,False,223,1,604e79733b22d64d,91f88c4,False,0.999999999989,"[0.9999999999971451, 0.9999999999813927]",350,3034410,ffb0266c7913352c,"[[""u1"",""u2"",""u1^2"",""u2^2"",""u1*u2"",""u1^3""],[""u1"",""u2"",""u1^2"",""u2^2"",""u1*u2""]]",pretune_on,True,30,"[0,0]","[4,4]","[4,null]","[""Success"",""Unstable"",""MaxIters""]","[""Failure"",""Success"",""MaxLossEvals""]",50530,50792,0,50530,262,309,101,1,cell_000223.heartbeat.jsonl,17,17,17,8,0,0,9,0,0.01,17,0,0,-13,-11.1562762599
224_evogrow_v2_2_stage_capped_pretune_on_38_1_123,paper1_phaseB_v1,B,,campaign_cell,,38,Van der Pol oscillator (simplified form from Strogatz),2,exact,4,evogrow_v2_2_stage_capped_pretune_on,evogrow_v2_2_stage_capped_pretune_on,123,finished,finished,True,,,2026-09-01T07:48:10.862Z,6.97788391413e-12,,True,4,0,0,2825002,,2222.90601188,False,True,False,224,1,604e79733b22d64d,91f88c4,False,0.999999999989,"[0.9999999999971451, 0.9999999999813927]",350,2825002,ffb0266c7913352c,"[[""u1"",""u2"",""u1^2"",""u2^2"",""u1*u2"",""u1^3""],[""u1"",""u2"",""u1^2"",""u2^2"",""u1*u2""]]",pretune_on,True,30,"[0,0]","[4,4]","[4,null]","[""Success"",""MaxIters"",""Unstable""]","[""Success"",""Failure"",""MaxLossEvals""]",44025,44276,0,44025,251,310,84,1,cell_000224.heartbeat.jsonl,17,17,17,8,0,0,9,0,0.01,17,0,0,-13,-11.1562762599
225_evogrow_v2_2_stage_capped_pretune_on_38_1_7,paper1_phaseB_v1,B,,campaign_cell,,38,Van der Pol oscillator (simplified form from Strogatz),2,exact,4,evogrow_v2_2_stage_capped_pretune_on,evogrow_v2_2_stage_capped_pretune_on,7,finished,finished,True,,,2026-09-01T07:55:43.890Z,6.97788391413e-12,,True,4,0,0,3152040,,2300.00427829,False,True,False,225,1,604e79733b22d64d,91f88c4,False,0.999999999989,"[0.9999999999971451, 0.9999999999813927]",350,3152040,ffb0266c7913352c,"[[""u1"",""u2"",""u1^2"",""u2^2"",""u1*u2"",""u1^3""],[""u1"",""u2"",""u1^2"",""u2^2"",""u1*u2""]]",pretune_on,True,30,"[0,0]","[4,4]","[4,null]","[""Success"",""Unstable"",""MaxIters""]","[""Success"",""Failure"",""MaxLossEvals""]",65569,65822,0,65569,253,298,109,1,cell_000225.heartbeat.jsonl,17,17,17,8,0,0,9,0,0.01,17,0,0,-13,-11.1562762599
226_evogrow_v2_2_stage_capped_pretune_on_38_2_42,paper1_phaseB_v1,B,,campaign_cell,,38,Van der Pol oscillator (simplified form from Strogatz),2,exact,4,evogrow_v2_2_stage_capped_pretune_on,evogrow_v2_2_stage_capped_pretune_on,42,finished,finished,True,,,2026-09-01T07:56:50.472Z,3.13852701438e-09,,False,4,0,0,1831902,,989.654407622,False,True,False,226,2,604e79733b22d64d,91f88c4,False,0.999999993274,"[0.9999999996559783, 0.999999986892372]",350,1831902,ffb0266c7913352c,"[[""u1"",""u2"",""u1*u2"",""u1^3"",""u2^3""],[""u1"",""u2"",""u1^3"",""u2^3""]]",pretune_on,True,30,"[0,0]","[4,4]","[4,null]","[""Success"",""Unstable"",""MaxIters""]","[""Success"",""Failure"",""MaxLossEvals""]",15006,15111,0,15006,105,308,24,0,cell_000226.heartbeat.jsonl,17,17,17,7,0,0,10,0,0.01,17,0,0,-13,-8.50327412888
227_evogrow_v2_2_stage_capped_pretune_on_38_2_123,paper1_phaseB_v1,B,,campaign_cell,,38,Van der Pol oscillator (simplified form from Strogatz),2,exact,4,evogrow_v2_2_stage_capped_pretune_on,evogrow_v2_2_stage_capped_pretune_on,123,finished,finished,True,,,2026-09-01T08:09:15.277Z,3.13852701438e-09,,False,4,0,0,1708274,,968.60030954,False,True,False,227,2,604e79733b22d64d,91f88c4,False,0.999999993274,"[0.9999999996559783, 0.999999986892372]",350,1708274,ffb0266c7913352c,"[[""u1"",""u2"",""u1*u2"",""u1^3"",""u2^3""],[""u1"",""u2"",""u1^3"",""u2^3""]]",pretune_on,True,30,"[0,0]","[4,4]","[4,null]","[""Success"",""Unstable"",""MaxIters""]","[""Success"",""Failure"",""MaxLossEvals""]",13650,13767,0,13650,117,298,20,0,cell_000227.heartbeat.jsonl,17,17,17,7,0,0,10,0,0.01,17,0,0,-13,-8.50327412888
228_evogrow_v2_2_stage_capped_pretune_on_38_2_7,paper1_phaseB_v1,B,,campaign_cell,,38,Van der Pol oscillator (simplified form from Strogatz),2,exact,4,evogrow_v2_2_stage_capped_pretune_on,evogrow_v2_2_stage_capped_pretune_on,7,finished,finished,True,,,2026-09-01T08:12:56.845Z,3.13852701438e-09,,False,4,0,0,1789317,,949.731755975,False,True,False,228,2,604e79733b22d64d,91f88c4,False,0.999999993274,"[0.9999999996559783, 0.999999986892372]",350,1789317,ffb0266c7913352c,"[[""u1"",""u2"",""u1*u2"",""u1^3"",""u2^3""],[""u1"",""u2"",""u1^3"",""u2^3""]]",pretune_on,True,30,"[0,0]","[4,4]","[4,null]","[""Success"",""Unstable"",""MaxIters""]","[""Success"",""Failure"",""MaxLossEvals""]",14470,14566,0,14470,96,301,23,0,cell_000228.heartbeat.jsonl,17,17,17,7,0,0,10,0,0.01,17,0,0,-13,-8.50327412888
229_evogrow_v2_2_stage_capped_pretune_on_39_1_42,paper1_phaseB_v1,B,,campaign_cell,,39,"Glycolytic oscillator, e.g., ADP and F6P in yeast (dimensionless)",2,surrogate,,evogrow_v2_2_stage_capped_pretune_on,evogrow_v2_2_stage_capped_pretune_on,42,finished,finished,True,,,2026-09-01T08:14:10.072Z,0.000484433204119,,,5,,,125813,,47.959680539,False,True,False,229,1,604e79733b22d64d,91f88c4,False,0.953504731511,"[0.927726859481601, 0.9792826035407086]",410,125813,ffb0266c7913352c,"[[""u1"",""u2""],[""u1""]]",pretune_on,True,30,,"[1,5]","[1,5]","[""Success""]","[""Success"",""Failure""]",0,0,0,0,0,48,0,,cell_000229.heartbeat.jsonl,20,1,1,1,19,0.95,19,0,0.01,1,19,0.95,-10,-3.31476609701
230_evogrow_v2_2_stage_capped_pretune_on_39_1_123,paper1_phaseB_v1,B,,campaign_cell,,39,"Glycolytic oscillator, e.g., ADP and F6P in yeast (dimensionless)",2,surrogate,,evogrow_v2_2_stage_capped_pretune_on,evogrow_v2_2_stage_capped_pretune_on,123,finished,finished,True,,,2026-09-01T08:15:48.780Z,0.000484433204119,,,5,,,120306,,48.45888393,False,True,False,230,1,604e79733b22d64d,91f88c4,False,0.953504731511,"[0.927726859481601, 0.9792826035407086]",410,120306,ffb0266c7913352c,"[[""u1"",""u2""],[""u1""]]",pretune_on,True,30,,"[1,5]","[1,5]","[""Success""]","[""Success"",""Failure""]",0,0,0,0,0,32,0,,cell_000230.heartbeat.jsonl,20,1,1,1,19,0.95,19,0,0.01,1,19,0.95,-10,-3.31476609701
231_evogrow_v2_2_stage_capped_pretune_on_39_1_7,paper1_phaseB_v1,B,,campaign_cell,,39,"Glycolytic oscillator, e.g., ADP and F6P in yeast (dimensionless)",2,surrogate,,evogrow_v2_2_stage_capped_pretune_on,evogrow_v2_2_stage_capped_pretune_on,7,finished,finished,True,,,2026-09-01T08:17:27.332Z,0.000484433204119,,,5,,,120476,,46.250827227,False,True,False,231,1,604e79733b22d64d,91f88c4,False,0.953504731511,"[0.927726859481601, 0.9792826035407086]",410,120476,ffb0266c7913352c,"[[""u1"",""u2""],[""u1""]]",pretune_on,True,30,,"[1,5]","[1,5]","[""Success""]","[""Success"",""Failure""]",0,0,0,0,0,35,0,,cell_000231.heartbeat.jsonl,20,1,1,1,19,0.95,19,0,0.01,1,19,0.95,-10,-3.31476609701
232_evogrow_v2_2_stage_capped_pretune_on_39_2_42,paper1_phaseB_v1,B,,campaign_cell,,39,"Glycolytic oscillator, e.g., ADP and F6P in yeast (dimensionless)",2,surrogate,,evogrow_v2_2_stage_capped_pretune_on,evogrow_v2_2_stage_capped_pretune_on,42,finished,finished,True,,,2026-09-01T08:19:03.772Z,0.000574272348936,,,5,,,97720,,41.938667966,False,True,False,232,2,604e79733b22d64d,91f88c4,False,0.979029346776,"[0.966014236604043, 0.9920444569489041]",410,97720,ffb0266c7913352c,"[[""u1"",""u2""],[""u1""]]",pretune_on,True,30,,"[5,5]","[5,5]","[""Success""]","[""Success""]",0,0,0,0,0,0,0,,cell_000232.heartbeat.jsonl,20,1,1,1,19,0.95,19,0,0.01,1,19,0.95,-10,-3.24088209438
233_evogrow_v2_2_stage_capped_pretune_on_39_2_123,paper1_phaseB_v1,B,,campaign_cell,,39,"Glycolytic oscillator, e.g., ADP and F6P in yeast (dimensionless)",2,surrogate,,evogrow_v2_2_stage_capped_pretune_on,evogrow_v2_2_stage_capped_pretune_on,123,finished,finished,True,,,2026-09-01T08:20:36.778Z,0.000574272348936,,,5,,,95166,,42.027809782,False,True,False,233,2,604e79733b22d64d,91f88c4,False,0.979029346776,"[0.966014236604043, 0.9920444569489041]",410,95166,ffb0266c7913352c,"[[""u1"",""u2""],[""u1""]]",pretune_on,True,30,,"[5,5]","[5,5]","[""Success""]","[""Success""]",0,0,0,0,0,0,0,,cell_000233.heartbeat.jsonl,20,1,1,1,19,0.95,19,0,0.01,1,19,0.95,-10,-3.24088209438
234_evogrow_v2_2_stage_capped_pretune_on_39_2_7,paper1_phaseB_v1,B,,campaign_cell,,39,"Glycolytic oscillator, e.g., ADP and F6P in yeast (dimensionless)",2,surrogate,,evogrow_v2_2_stage_capped_pretune_on,evogrow_v2_2_stage_capped_pretune_on,7,finished,finished,True,,,2026-09-01T08:22:09.784Z,0.000574272348936,,,5,,,98192,,42.378867506,False,True,False,234,2,604e79733b22d64d,91f88c4,False,0.979029346776,"[0.966014236604043, 0.9920444569489041]",410,98192,ffb0266c7913352c,"[[""u1"",""u2""],[""u1""]]",pretune_on,True,30,,"[5,5]","[5,5]","[""Success""]","[""Success""]",0,0,0,0,0,0,0,,cell_000234.heartbeat.jsonl,20,1,1,1,19,0.95,19,0,0.01,1,19,0.95,-10,-3.24088209438
235_evogrow_v2_2_stage_capped_pretune_on_40_1_42,paper1_phaseB_v1,B,,campaign_cell,,40,Duffing equation (weakly non-linear oscillation),2,surrogate,,evogrow_v2_2_stage_capped_pretune_on,evogrow_v2_2_stage_capped_pretune_on,42,finished,finished,True,,,2026-09-01T08:23:44.313Z,0.0646510566084,,,5,,,1837925,,3307.63331809,False,True,False,235,1,604e79733b22d64d,91f88c4,False,0.955979076169,"[0.9805170020546434, 0.9314411502832677]",450,1837925,ffb0266c7913352c,"[[""u1"",""u2"",""u1^3"",""u2^3""],[""u1"",""u2""]]",pretune_on,True,30,,"[5,1]","[null,1]","[""Success"",""Unstable"",""MaxIters""]","[""Failure"",""Success""]",21791,22612,0,21791,821,436,0,,cell_000235.heartbeat.jsonl,22,15,15,4,7,0.318181818182,18,0,0.01,15,7,0.318181818182,-8,-1.18942437294
236_evogrow_v2_2_stage_capped_pretune_on_40_1_123,paper1_phaseB_v1,B,,campaign_cell,,40,Duffing equation (weakly non-linear oscillation),2,surrogate,,evogrow_v2_2_stage_capped_pretune_on,evogrow_v2_2_stage_capped_pretune_on,123,finished,finished,True,,,2026-09-01T08:26:04.043Z,0.0646510566084,,,5,,,1835137,,3338.52401731,False,True,False,236,1,604e79733b22d64d,91f88c4,False,0.955979076169,"[0.9805170020546434, 0.9314411502832677]",450,1835137,ffb0266c7913352c,"[[""u1"",""u2"",""u1^3"",""u2^3""],[""u1"",""u2""]]",pretune_on,True,30,,"[5,1]","[null,1]","[""Success"",""Unstable"",""MaxIters""]","[""Success"",""Failure""]",21426,22305,0,21426,879,437,0,,cell_000236.heartbeat.jsonl,22,15,15,4,7,0.318181818182,18,0,0.01,15,7,0.318181818182,-8,-1.18942437294
237_evogrow_v2_2_stage_capped_pretune_on_40_1_7,paper1_phaseB_v1,B,,campaign_cell,,40,Duffing equation (weakly non-linear oscillation),2,surrogate,,evogrow_v2_2_stage_capped_pretune_on,evogrow_v2_2_stage_capped_pretune_on,7,finished,finished,True,,,2026-09-01T08:26:13.829Z,0.0646510566084,,,5,,,1852261,,3645.02279945,False,True,False,237,1,604e79733b22d64d,91f88c4,False,0.955979076169,"[0.9805170020546434, 0.9314411502832677]",450,1852261,ffb0266c7913352c,"[[""u1"",""u2"",""u1^3"",""u2^3""],[""u1"",""u2""]]",pretune_on,True,30,,"[5,1]","[null,1]","[""Success"",""Unstable"",""MaxIters""]","[""Success"",""Failure""]",21327,22134,0,21327,807,434,0,,cell_000237.heartbeat.jsonl,22,15,15,4,7,0.318181818182,18,0,0.01,15,7,0.318181818182,-8,-1.18942437294
238_evogrow_v2_2_stage_capped_pretune_on_40_2_42,paper1_phaseB_v1,B,,campaign_cell,,40,Duffing equation (weakly non-linear oscillation),2,surrogate,,evogrow_v2_2_stage_capped_pretune_on,evogrow_v2_2_stage_capped_pretune_on,42,finished,finished,True,,,2026-09-01T08:29:36.127Z,0.0323095220835,,,5,,,2373207,,11486.5575049,False,True,False,238,2,604e79733b22d64d,91f88c4,False,0.969948986648,"[0.9848924649109456, 0.9550055083852159]",490,2373207,ffb0266c7913352c,"[[""u1"",""u2"",""u1^2"",""u2^2"",""u1^3"",""u2^3""],[""u1"",""u2"",""u2^2"",""u1^3"",""sin(u1)""]]",pretune_on,True,30,,"[5,5]","[null,null]","[""Success"",""Unstable"",""MaxIters""]","[""Failure"",""Success""]",43868,45728,0,43868,1860,476,0,,cell_000238.heartbeat.jsonl,24,21,21,8,3,0.125,16,0,0.01,21,3,0.125,-6,-1.49066946594
239_evogrow_v2_2_stage_capped_pretune_on_40_2_123,paper1_phaseB_v1,B,,campaign_cell,,40,Duffing equation (weakly non-linear oscillation),2,surrogate,,evogrow_v2_2_stage_capped_pretune_on,evogrow_v2_2_stage_capped_pretune_on,123,finished,finished,True,,,2026-09-01T08:34:56.043Z,0.0238712823798,,,5,,,2576345,,9305.51679355,False,True,False,239,2,604e79733b22d64d,91f88c4,False,0.978107363899,"[0.9941293023824956, 0.9620854254145694]",510,2576345,ffb0266c7913352c,"[[""u1"",""u2"",""u1^2"",""u2^2"",""u1^3"",""u2^3""],[""u1"",""u2"",""u2^2"",""u1^3"",""cos(u1)"",""cos(u2)""]]",pretune_on,True,30,,"[5,5]","[null,null]","[""Success"",""Unstable"",""MaxIters""]","[""Success"",""Failure""]",47380,48823,0,47380,1443,497,0,,cell_000239.heartbeat.jsonl,25,22,22,9,3,0.12,16,0,0.01,22,3,0.12,-5,-1.6221242498
240_evogrow_v2_2_stage_capped_pretune_on_40_2_7,paper1_phaseB_v1,B,,campaign_cell,,40,Duffing equation (weakly non-linear oscillation),2,surrogate,,evogrow_v2_2_stage_capped_pretune_on,evogrow_v2_2_stage_capped_pretune_on,7,finished,finished,True,,,2026-09-01T09:19:40.416Z,0.0361877799562,,,5,,,2290810,,20650.2666155,False,True,False,240,2,604e79733b22d64d,91f88c4,False,0.966792182828,"[0.9907661609506748, 0.9428182047053189]",490,2290810,ffb0266c7913352c,"[[""u1"",""u2"",""u1^2"",""u2^2"",""u1^3"",""u2^3""],[""u1"",""u2"",""u2^2""]]",pretune_on,True,30,,"[5,5]","[null,null]","[""Success"",""Unstable"",""MaxIters""]","[""Success"",""Failure""]",40749,44013,0,40749,3264,474,0,,cell_000240.heartbeat.jsonl,24,17,17,7,7,0.291666666667,17,0,0.01,17,7,0.291666666667,-6,-1.44143805912
241_evogrow_v2_2_stage_capped_pretune_on_41_1_42,paper1_phaseB_v1,B,,campaign_cell,,41,Cell cycle model by Tyson for interaction between protein cdc2 and cyclin (dimensionless),2,surrogate,,evogrow_v2_2_stage_capped_pretune_on,evogrow_v2_2_stage_capped_pretune_on,42,finished,finished,True,,,2026-09-01T09:22:31.078Z,0.0134979261257,,,5,,,1444125,,749.136453001,False,True,False,241,1,604e79733b22d64d,91f88c4,False,0.760872272347,"[0.5903805674341818, 0.9313639772596695]",430,1444125,ffb0266c7913352c,"[[""u1"",""u2"",""u1^2"",""u1^3""],[""u1"",""u1^2"",""u2^2"",""u1*u2""]]",pretune_on,True,30,,"[5,5]","[null,5]","[""Success"",""Unstable""]","[""Failure"",""Success"",""MaxLossEvals""]",32070,32070,0,32070,0,166,27,,cell_000241.heartbeat.jsonl,21,14,14,5,7,0.333333333333,16,0,0.01,14,7,0.333333333333,-9,-1.86973295309
242_evogrow_v2_2_stage_capped_pretune_on_41_1_123,paper1_phaseB_v1,B,,campaign_cell,,41,Cell cycle model by Tyson for interaction between protein cdc2 and cyclin (dimensionless),2,surrogate,,evogrow_v2_2_stage_capped_pretune_on,evogrow_v2_2_stage_capped_pretune_on,123,finished,finished,True,,,2026-09-01T09:27:47.740Z,0.0134979261257,,,5,,,1565587,,853.738130314,False,True,False,242,1,604e79733b22d64d,91f88c4,False,0.760872272347,"[0.5903805674341818, 0.9313639772596695]",430,1565587,ffb0266c7913352c,"[[""u1"",""u2"",""u1^2"",""u1^3""],[""u1"",""u1^2"",""u2^2"",""u1*u2""]]",pretune_on,True,30,,"[5,5]","[null,5]","[""Success"",""Unstable""]","[""Success"",""Failure"",""MaxLossEvals""]",37337,37337,0,37337,0,155,43,,cell_000242.heartbeat.jsonl,21,14,14,5,7,0.333333333333,16,0,0.01,14,7,0.333333333333,-9,-1.86973295309
243_evogrow_v2_2_stage_capped_pretune_on_41_1_7,paper1_phaseB_v1,B,,campaign_cell,,41,Cell cycle model by Tyson for interaction between protein cdc2 and cyclin (dimensionless),2,surrogate,,evogrow_v2_2_stage_capped_pretune_on,evogrow_v2_2_stage_capped_pretune_on,7,finished,finished,True,,,2026-09-01T09:35:50.095Z,0.0134979261257,,,5,,,1587804,,846.266393751,False,True,False,243,1,604e79733b22d64d,91f88c4,False,0.760872272347,"[0.5903805674341818, 0.9313639772596695]",430,1587804,ffb0266c7913352c,"[[""u1"",""u2"",""u1^2"",""u1^3""],[""u1"",""u1^2"",""u2^2"",""u1*u2""]]",pretune_on,True,30,,"[5,5]","[null,5]","[""Success"",""Unstable""]","[""Success"",""Failure"",""MaxLossEvals""]",40813,40813,0,40813,0,162,41,,cell_000243.heartbeat.jsonl,21,14,14,5,7,0.333333333333,16,0,0.01,14,7,0.333333333333,-9,-1.86973295309
244_evogrow_v2_2_stage_capped_pretune_on_41_2_42,paper1_phaseB_v1,B,,campaign_cell,,41,Cell cycle model by Tyson for interaction between protein cdc2 and cyclin (dimensionless),2,surrogate,,evogrow_v2_2_stage_capped_pretune_on,evogrow_v2_2_stage_capped_pretune_on,42,finished,finished,True,,,2026-09-01T09:42:44.155Z,0.00792354532696,,,5,,,3895153,,3149.39213586,False,True,False,244,2,604e79733b22d64d,91f88c4,False,0.947238161084,"[0.9067756985102255, 0.9877006236579544]",530,3895153,ffb0266c7913352c,"[[""u1"",""u2"",""u2^2"",""u1*u2"",""u2^3""],[""u1"",""u2"",""u1^2"",""u2^2"",""u1*u2""]]",pretune_on,True,30,,"[5,5]","[null,5]","[""Success"",""Unstable"",""MaxIters""]","[""Success"",""Failure"",""MaxLossEvals""]",105245,105533,0,105245,288,318,148,,cell_000244.heartbeat.jsonl,26,19,19,9,7,0.269230769231,17,0,0.01,19,7,0.269230769231,-4,-2.10108045333
245_evogrow_v2_2_stage_capped_pretune_on_41_2_123,paper1_phaseB_v1,B,,campaign_cell,,41,Cell cycle model by Tyson for interaction between protein cdc2 and cyclin (dimensionless),2,surrogate,,evogrow_v2_2_stage_capped_pretune_on,evogrow_v2_2_stage_capped_pretune_on,123,finished,finished,True,,,2026-09-01T09:50:45.043Z,0.00792354532696,,,5,,,3756628,,3690.36780946,False,True,False,245,2,604e79733b22d64d,91f88c4,False,0.947238161084,"[0.9067756985102255, 0.9877006236579544]",530,3756628,ffb0266c7913352c,"[[""u1"",""u2"",""u2^2"",""u1*u2"",""u2^3""],[""u1"",""u2"",""u1^2"",""u2^2"",""u1*u2""]]",pretune_on,True,30,,"[5,5]","[null,5]","[""Success"",""Unstable"",""MaxIters""]","[""Failure"",""Success"",""MaxLossEvals""]",96042,96282,0,96042,240,302,140,,cell_000245.heartbeat.jsonl,26,19,19,9,7,0.269230769231,17,0,0.01,19,7,0.269230769231,-4,-2.10108045333
246_evogrow_v2_2_stage_capped_pretune_on_41_2_7,paper1_phaseB_v1,B,,campaign_cell,,41,Cell cycle model by Tyson for interaction between protein cdc2 and cyclin (dimensionless),2,surrogate,,evogrow_v2_2_stage_capped_pretune_on,evogrow_v2_2_stage_capped_pretune_on,7,finished,finished,True,,,2026-09-01T10:25:24.079Z,0.00792354532696,,,5,,,4172291,,6161.78449006,False,True,False,246,2,604e79733b22d64d,91f88c4,False,0.947238161084,"[0.9067756985102255, 0.9877006236579544]",530,4172291,ffb0266c7913352c,"[[""u1"",""u2"",""u2^2"",""u1*u2"",""u2^3""],[""u1"",""u2"",""u1^2"",""u2^2"",""u1*u2""]]",pretune_on,True,30,,"[5,5]","[null,5]","[""Success"",""Unstable"",""MaxIters""]","[""Success"",""Failure"",""MaxLossEvals""]",76431,77463,0,76431,1032,374,145,,cell_000246.heartbeat.jsonl,26,19,19,9,7,0.269230769231,17,0,0.01,19,7,0.269230769231,-4,-2.10108045333
247_evogrow_v2_2_stage_capped_pretune_on_42_1_42,paper1_phaseB_v1,B,,campaign_cell,,42,Reduced model for chlorine dioxide-iodine-malonic acid rection (dimensionless),2,surrogate,,evogrow_v2_2_stage_capped_pretune_on,evogrow_v2_2_stage_capped_pretune_on,42,finished,finished,True,,,2026-09-01T10:35:55.975Z,0.186215414066,,,5,,,4237850,,16190.4444548,False,True,False,247,1,604e79733b22d64d,91f88c4,False,0.892741830823,"[0.8196891074391721, 0.9657945542068483]",530,4237850,ffb0266c7913352c,"[[""u1"",""u2"",""u1^2"",""u2^2"",""u1*u2"",""u2^3""],[""u1"",""u2"",""u1^2"",""u2^2"",""u1*u2"",""u2^3""]]",pretune_on,True,30,,"[5,5]","[null,null]","[""Success"",""Unstable"",""MaxIters""]","[""Failure"",""Success"",""MaxLossEvals""]",166686,168928,0,166686,2242,494,43,,cell_000247.heartbeat.jsonl,26,19,19,9,7,0.269230769231,17,0,0.01,19,7,0.269230769231,-4,-0.729984372942
248_evogrow_v2_2_stage_capped_pretune_on_42_1_123,paper1_phaseB_v1,B,,campaign_cell,,42,Reduced model for chlorine dioxide-iodine-malonic acid rection (dimensionless),2,surrogate,,evogrow_v2_2_stage_capped_pretune_on,evogrow_v2_2_stage_capped_pretune_on,123,finished,finished,True,,,2026-09-01T10:37:42.188Z,0.186215414066,,,5,,,4354766,,19271.3866823,False,True,False,248,1,604e79733b22d64d,91f88c4,False,0.892741830823,"[0.8196891074391721, 0.9657945542068483]",530,4354766,ffb0266c7913352c,"[[""u1"",""u2"",""u1^2"",""u2^2"",""u1*u2"",""u2^3""],[""u1"",""u2"",""u1^2"",""u2^2"",""u1*u2"",""u2^3""]]",pretune_on,True,30,,"[5,5]","[null,null]","[""Success"",""Unstable"",""MaxIters""]","[""Failure"",""Success"",""MaxLossEvals""]",172604,174672,0,172604,2068,498,50,,cell_000248.heartbeat.jsonl,26,19,19,9,7,0.269230769231,17,0,0.01,19,7,0.269230769231,-4,-0.729984372942
249_evogrow_v2_2_stage_capped_pretune_on_42_1_7,paper1_phaseB_v1,B,,campaign_cell,,42,Reduced model for chlorine dioxide-iodine-malonic acid rection (dimensionless),2,surrogate,,evogrow_v2_2_stage_capped_pretune_on,evogrow_v2_2_stage_capped_pretune_on,7,finished,finished,True,,,2026-09-01T10:53:04.602Z,0.186215414066,,,5,,,4607059,,18171.564503,False,True,False,249,1,604e79733b22d64d,91f88c4,False,0.892741830823,"[0.8196891074391721, 0.9657945542068483]",530,4607059,ffb0266c7913352c,"[[""u1"",""u2"",""u1^2"",""u2^2"",""u1*u2"",""u2^3""],[""u1"",""u2"",""u1^2"",""u2^2"",""u1*u2"",""u2^3""]]",pretune_on,True,30,,"[5,5]","[null,null]","[""Success"",""Unstable"",""MaxIters""]","[""Success"",""Failure"",""MaxLossEvals""]",183392,185358,0,183392,1966,504,74,,cell_000249.heartbeat.jsonl,26,19,19,9,7,0.269230769231,17,0,0.01,19,7,0.269230769231,-4,-0.729984372942
250_evogrow_v2_2_stage_capped_pretune_on_42_2_42,paper1_phaseB_v1,B,,campaign_cell,,42,Reduced model for chlorine dioxide-iodine-malonic acid rection (dimensionless),2,surrogate,,evogrow_v2_2_stage_capped_pretune_on,evogrow_v2_2_stage_capped_pretune_on,42,finished,finished,True,,,2026-09-01T11:10:50.743Z,0.0252677945306,,,5,,,2965371,,3760.30966173,False,True,False,250,2,604e79733b22d64d,91f88c4,False,0.965675449778,"[0.9413610133875084, 0.9899898861694368]",530,2965371,ffb0266c7913352c,"[[""u1"",""u2"",""u1^2"",""u2^2"",""u1*u2"",""u1^3""],[""u1"",""u2"",""u1^2"",""u2^2"",""u1*u2"",""u2^3""]]",pretune_on,True,30,,"[5,5]","[5,5]","[""Success"",""Unstable"",""MaxIters""]","[""Failure"",""Success"",""MaxLossEvals""]",122062,122645,0,122062,583,472,3,,cell_000250.heartbeat.jsonl,26,19,19,10,7,0.269230769231,16,0,0.01,19,7,0.269230769231,-4,-1.5974326633
251_evogrow_v2_2_stage_capped_pretune_on_42_2_123,paper1_phaseB_v1,B,,campaign_cell,,42,Reduced model for chlorine dioxide-iodine-malonic acid rection (dimensionless),2,surrogate,,evogrow_v2_2_stage_capped_pretune_on,evogrow_v2_2_stage_capped_pretune_on,123,finished,finished,True,,,2026-09-01T11:41:54.644Z,0.0252677945306,,,5,,,3015179,,3378.42173949,False,True,False,251,2,604e79733b22d64d,91f88c4,False,0.965675449778,"[0.9413610133875084, 0.9899898861694368]",530,3015179,ffb0266c7913352c,"[[""u1"",""u2"",""u1^2"",""u2^2"",""u1*u2"",""u1^3""],[""u1"",""u2"",""u1^2"",""u2^2"",""u1*u2"",""u2^3""]]",pretune_on,True,30,,"[5,5]","[5,5]","[""Success"",""Unstable"",""MaxIters""]","[""Failure"",""Success"",""MaxLossEvals""]",125351,125801,0,125351,450,485,2,,cell_000251.heartbeat.jsonl,26,19,19,10,7,0.269230769231,16,0,0.01,19,7,0.269230769231,-4,-1.5974326633
252_evogrow_v2_2_stage_capped_pretune_on_42_2_7,paper1_phaseB_v1,B,,campaign_cell,,42,Reduced model for chlorine dioxide-iodine-malonic acid rection (dimensionless),2,surrogate,,evogrow_v2_2_stage_capped_pretune_on,evogrow_v2_2_stage_capped_pretune_on,7,finished,finished,True,,,2026-09-01T12:08:56.040Z,0.0252677945306,,,5,,,3085912,,3638.68088951,False,True,False,252,2,604e79733b22d64d,91f88c4,False,0.965675449778,"[0.9413610133875084, 0.9899898861694368]",530,3085912,ffb0266c7913352c,"[[""u1"",""u2"",""u1^2"",""u2^2"",""u1*u2"",""u1^3""],[""u1"",""u2"",""u1^2"",""u2^2"",""u1*u2"",""u2^3""]]",pretune_on,True,30,,"[5,5]","[5,5]","[""Success"",""Unstable"",""MaxIters""]","[""Failure"",""Success"",""MaxLossEvals""]",129215,129742,0,129215,527,486,3,,cell_000252.heartbeat.jsonl,26,19,19,10,7,0.269230769231,16,0,0.01,19,7,0.269230769231,-4,-1.5974326633
253_evogrow_v2_2_stage_capped_pretune_on_43_1_42,paper1_phaseB_v1,B,,campaign_cell,,43,Driven pendulum with linear damping / Josephson junction (dimensionless),2,surrogate,,evogrow_v2_2_stage_capped_pretune_on,evogrow_v2_2_stage_capped_pretune_on,42,finished,finished,True,,,2026-09-01T12:14:19.960Z,0.0192989644273,,,5,,,2693147,,7276.3611855,False,True,False,253,1,604e79733b22d64d,91f88c4,False,0.981396424245,"[0.999825907285951, 0.9629669412031978]",470,2693147,ffb0266c7913352c,"[[""u1"",""u2"",""u1^2""],[""u1"",""u1^2"",""u2^2"",""u1*u2"",""u1^3"",""u2^3""]]",pretune_on,True,30,,"[5,5]","[null,5]","[""Success"",""Unstable"",""MaxIters""]","[""Success"",""Failure"",""MaxLossEvals""]",179560,180450,0,179560,890,423,15,,cell_000253.heartbeat.jsonl,23,16,16,7,7,0.304347826087,16,0,0.01,16,7,0.304347826087,-7,-1.71446599439
254_evogrow_v2_2_stage_capped_pretune_on_43_1_123,paper1_phaseB_v1,B,,campaign_cell,,43,Driven pendulum with linear damping / Josephson junction (dimensionless),2,surrogate,,evogrow_v2_2_stage_capped_pretune_on,evogrow_v2_2_stage_capped_pretune_on,123,finished,finished,True,,,2026-09-01T12:20:02.110Z,0.0192989644273,,,5,,,2655865,,8327.97792353,False,True,False,254,1,604e79733b22d64d,91f88c4,False,0.981396424245,"[0.999825907285951, 0.9629669412031978]",470,2655865,ffb0266c7913352c,"[[""u1"",""u2"",""u1^2""],[""u1"",""u1^2"",""u2^2"",""u1*u2"",""u1^3"",""u2^3""]]",pretune_on,True,30,,"[5,5]","[null,5]","[""Success"",""Unstable"",""MaxIters""]","[""Success"",""Failure"",""MaxLossEvals""]",184074,185256,0,184074,1182,422,9,,cell_000254.heartbeat.jsonl,23,16,16,7,7,0.304347826087,16,0,0.01,16,7,0.304347826087,-7,-1.71446599439
255_evogrow_v2_2_stage_capped_pretune_on_43_1_7,paper1_phaseB_v1,B,,campaign_cell,,43,Driven pendulum with linear damping / Josephson junction (dimensionless),2,surrogate,,evogrow_v2_2_stage_capped_pretune_on,evogrow_v2_2_stage_capped_pretune_on,7,finished,finished,True,,,2026-09-01T12:39:02.948Z,0.0192989644273,,,5,,,2495973,,4774.19778187,False,True,False,255,1,604e79733b22d64d,91f88c4,False,0.981396424245,"[0.999825907285951, 0.9629669412031978]",470,2495973,ffb0266c7913352c,"[[""u1"",""u2"",""u1^2""],[""u1"",""u1^2"",""u2^2"",""u1*u2"",""u1^3"",""u2^3""]]",pretune_on,True,30,,"[5,5]","[null,5]","[""Success"",""Unstable"",""MaxIters""]","[""Success"",""Failure"",""MaxLossEvals""]",183959,184529,0,183959,570,419,1,,cell_000255.heartbeat.jsonl,23,16,16,7,7,0.304347826087,16,0,0.01,16,7,0.304347826087,-7,-1.71446599439
256_evogrow_v2_2_stage_capped_pretune_on_43_2_42,paper1_phaseB_v1,B,,campaign_cell,,43,Driven pendulum with linear damping / Josephson junction (dimensionless),2,surrogate,,evogrow_v2_2_stage_capped_pretune_on,evogrow_v2_2_stage_capped_pretune_on,42,finished,finished,True,,,2026-09-01T13:10:24.013Z,0.00275571887452,,,5,,,6049777,,10791.5200428,False,True,False,256,2,604e79733b22d64d,91f88c4,False,0.993226957059,"[0.9999685607506859, 0.9864853533681878]",470,6049777,ffb0266c7913352c,"[[""u1"",""u2"",""u1*u2""],[""u1"",""u2"",""u1^2"",""u2^2"",""u1*u2"",""sin(u1)""]]",pretune_on,True,30,,"[5,5]","[null,5]","[""Success"",""Unstable"",""MaxIters""]","[""Success"",""Failure"",""MaxLossEvals""]",308824,309613,0,308824,789,420,256,,cell_000256.heartbeat.jsonl,23,20,20,7,3,0.130434782609,16,0,0.01,20,3,0.130434782609,-7,-2.55976508919
257_evogrow_v2_2_stage_capped_pretune_on_43_2_123,paper1_phaseB_v1,B,,campaign_cell,,43,Driven pendulum with linear damping / Josephson junction (dimensionless),2,surrogate,,evogrow_v2_2_stage_capped_pretune_on,evogrow_v2_2_stage_capped_pretune_on,123,finished,finished,True,,,2026-09-01T14:16:44.035Z,0.00275571887452,,,5,,,6116049,,11242.2004362,False,True,False,257,2,604e79733b22d64d,91f88c4,False,0.993226957059,"[0.9999685607506859, 0.9864853533681878]",470,6116049,ffb0266c7913352c,"[[""u1"",""u2"",""u1*u2""],[""u1"",""u2"",""u1^2"",""u2^2"",""u1*u2"",""sin(u1)""]]",pretune_on,True,30,,"[5,5]","[null,5]","[""Success"",""Unstable"",""MaxIters""]","[""Success"",""Failure"",""MaxLossEvals""]",347044,347712,0,347044,668,416,261,,cell_000257.heartbeat.jsonl,23,20,20,7,3,0.130434782609,16,0,0.01,20,3,0.130434782609,-7,-2.55976508919
258_evogrow_v2_2_stage_capped_pretune_on_43_2_7,paper1_phaseB_v1,B,,campaign_cell,,43,Driven pendulum with linear damping / Josephson junction (dimensionless),2,surrogate,,evogrow_v2_2_stage_capped_pretune_on,evogrow_v2_2_stage_capped_pretune_on,7,finished,finished,True,,,2026-09-01T17:25:17.386Z,0.00275571887452,,,5,,,6109531,,12001.4848949,False,True,False,258,2,604e79733b22d64d,91f88c4,False,0.993226957059,"[0.9999685607506859, 0.9864853533681878]",470,6109531,ffb0266c7913352c,"[[""u1"",""u2"",""u1*u2""],[""u1"",""u2"",""u1^2"",""u2^2"",""u1*u2"",""sin(u1)""]]",pretune_on,True,30,,"[5,5]","[null,5]","[""Success"",""Unstable"",""MaxIters""]","[""Success"",""Failure"",""MaxLossEvals""]",318112,318763,0,318112,651,426,257,,cell_000258.heartbeat.jsonl,23,20,20,7,3,0.130434782609,16,0,0.01,20,3,0.130434782609,-7,-2.55976508919
259_evogrow_v2_2_stage_capped_pretune_on_44_1_42,paper1_phaseB_v1,B,,campaign_cell,,44,Driven pendulum with quadratic damping (dimensionless),2,surrogate,,evogrow_v2_2_stage_capped_pretune_on,evogrow_v2_2_stage_capped_pretune_on,42,finished,finished,True,,,2026-09-01T15:04:54.370Z,0.000906052598029,,,5,,,4446389,,70059.2997636,False,True,False,259,1,604e79733b22d64d,91f88c4,False,0.997478499641,"[0.999980968078828, 0.9949760312026531]",490,4446389,ffb0266c7913352c,"[[""u1"",""u2"",""u1^2"",""u2^2""],[""u1"",""u1^2"",""u2^2"",""u1*u2"",""u1^3"",""sin(u1)""]]",pretune_on,True,30,,"[5,5]","[null,5]","[""Success"",""Unstable"",""MaxIters""]","[""Failure"",""Success"",""MaxLossEvals""]",219046,227190,0,219046,8144,410,139,,cell_000259.heartbeat.jsonl,24,20,20,8,4,0.166666666667,15,1,0.01,20,4,0.166666666667,-6,-3.04284658999
260_evogrow_v2_2_stage_capped_pretune_on_44_1_123,paper1_phaseB_v1,B,,campaign_cell,,44,Driven pendulum with quadratic damping (dimensionless),2,surrogate,,evogrow_v2_2_stage_capped_pretune_on,evogrow_v2_2_stage_capped_pretune_on,123,finished,finished,True,,,2026-09-01T16:00:04.537Z,0.000906052598029,,,5,,,4066525,,50023.8099403,False,True,False,260,1,604e79733b22d64d,91f88c4,False,0.997478499641,"[0.999980968078828, 0.9949760312026531]",470,4066525,ffb0266c7913352c,"[[""u1"",""u2"",""u1^2"",""u2^2""],[""u1"",""u1^2"",""u2^2"",""u1*u2"",""u1^3"",""sin(u1)""]]",pretune_on,True,30,,"[5,5]","[null,5]","[""Success"",""Unstable"",""MaxIters""]","[""Success"",""Failure"",""MaxLossEvals""]",206651,212549,0,206651,5898,386,125,,cell_000260.heartbeat.jsonl,23,20,20,8,3,0.130434782609,15,0,0.01,20,3,0.130434782609,-7,-3.04284658999
261_evogrow_v2_2_stage_capped_pretune_on_44_1_7,paper1_phaseB_v1,B,,campaign_cell,,44,Driven pendulum with quadratic damping (dimensionless),2,surrogate,,evogrow_v2_2_stage_capped_pretune_on,evogrow_v2_2_stage_capped_pretune_on,7,finished,finished,True,,,2026-09-01T15:17:54.724Z,0.000906052598029,,,5,,,3765341,,35414.1516229,False,True,False,261,1,604e79733b22d64d,91f88c4,False,0.997478499641,"[0.999980968078828, 0.9949760312026531]",470,3765341,ffb0266c7913352c,"[[""u1"",""u2"",""u1^2"",""u2^2""],[""u1"",""u1^2"",""u2^2"",""u1*u2"",""u1^3"",""sin(u1)""]]",pretune_on,True,30,,"[5,5]","[null,5]","[""Success"",""Unstable"",""MaxIters""]","[""Success"",""Failure"",""MaxLossEvals""]",203159,207394,0,203159,4235,380,106,,cell_000261.heartbeat.jsonl,23,20,20,8,3,0.130434782609,15,0,0.01,20,3,0.130434782609,-7,-3.04284658999
262_evogrow_v2_2_stage_capped_pretune_on_44_2_42,paper1_phaseB_v1,B,,campaign_cell,,44,Driven pendulum with quadratic damping (dimensionless),2,surrogate,,evogrow_v2_2_stage_capped_pretune_on,evogrow_v2_2_stage_capped_pretune_on,42,finished,finished,True,,,2026-09-01T17:25:38.190Z,0.0260336878373,,,5,,,5263093,,7101.3013517,False,True,False,262,2,604e79733b22d64d,91f88c4,False,0.776298195954,"[0.9999721010836802, 0.5526242908252471]",490,5263093,ffb0266c7913352c,"[[""u1"",""u2"",""u1^3"",""sin(u1)"",""cos(u1)""],[""u1"",""u2"",""u1^2"",""u2^2"",""u1*u2"",""u2^3""]]",pretune_on,True,30,,"[5,5]","[null,5]","[""Success"",""Unstable"",""MaxIters""]","[""Success"",""Failure"",""MaxLossEvals""]",151743,152533,0,151743,790,466,193,,cell_000262.heartbeat.jsonl,24,21,21,9,3,0.125,15,0,0.01,21,3,0.125,-6,-1.58446430696
263_evogrow_v2_2_stage_capped_pretune_on_44_2_123,paper1_phaseB_v1,B,,campaign_cell,,44,Driven pendulum with quadratic damping (dimensionless),2,surrogate,,evogrow_v2_2_stage_capped_pretune_on,evogrow_v2_2_stage_capped_pretune_on,123,finished,finished,True,,,2026-09-01T15:57:02.291Z,0.0260336878373,,,5,,,5307654,,8356.06531547,False,True,False,263,2,604e79733b22d64d,91f88c4,False,0.776298195954,"[0.9999721010836802, 0.5526242908252471]",490,5307654,ffb0266c7913352c,"[[""u1"",""u2"",""u1^3"",""sin(u1)"",""cos(u1)""],[""u1"",""u2"",""u1^2"",""u2^2"",""u1*u2"",""u2^3""]]",pretune_on,True,30,,"[5,5]","[null,5]","[""Success"",""Unstable"",""MaxIters""]","[""Success"",""Failure"",""MaxLossEvals""]",156720,157532,0,156720,812,469,196,,cell_000263.heartbeat.jsonl,24,21,21,9,3,0.125,15,0,0.01,21,3,0.125,-6,-1.58446430696
264_evogrow_v2_2_stage_capped_pretune_on_44_2_7,paper1_phaseB_v1,B,,campaign_cell,,44,Driven pendulum with quadratic damping (dimensionless),2,surrogate,,evogrow_v2_2_stage_capped_pretune_on,evogrow_v2_2_stage_capped_pretune_on,7,finished,finished,True,,,2026-09-01T18:17:32.449Z,0.0260336878373,,,5,,,5360131,,9208.46137668,False,True,False,264,2,604e79733b22d64d,91f88c4,False,0.776298195954,"[0.9999721010836802, 0.5526242908252471]",490,5360131,ffb0266c7913352c,"[[""u1"",""u2"",""u1^3"",""sin(u1)"",""cos(u1)""],[""u1"",""u2"",""u1^2"",""u2^2"",""u1*u2"",""u2^3""]]",pretune_on,True,30,,"[5,5]","[null,5]","[""Success"",""Unstable"",""MaxIters""]","[""Success"",""Failure"",""MaxLossEvals""]",155085,155896,0,155085,811,473,198,,cell_000264.heartbeat.jsonl,24,21,21,9,3,0.125,15,0,0.01,21,3,0.125,-6,-1.58446430696
265_evogrow_v2_2_stage_capped_pretune_on_45_1_42,paper1_phaseB_v1,B,,campaign_cell,,45,Isothermal autocatalytic reaction model by Gray and Scott 1985 (dimensionless),2,surrogate,,evogrow_v2_2_stage_capped_pretune_on,evogrow_v2_2_stage_capped_pretune_on,42,finished,finished,True,,,2026-09-01T18:37:45.419Z,0.000335943788741,,,5,,,2992112,,1044.01361377,False,True,False,265,1,604e79733b22d64d,91f88c4,False,0.999412070515,"[0.9991911232690012, 0.9996330177608617]",450,2992112,ffb0266c7913352c,"[[""u1"",""u2"",""u1^2"",""u1^3""],[""u1"",""u2"",""u2^2"",""u2^3""]]",pretune_on,True,30,,"[5,5]","[null,5]","[""Success"",""Unstable"",""MaxIters""]","[""Success"",""Failure"",""MaxLossEvals""]",34831,34847,0,34831,16,368,51,,cell_000265.heartbeat.jsonl,22,16,16,6,6,0.272727272727,15,1,0.01,16,6,0.272727272727,-8,-3.47373338416
266_evogrow_v2_2_stage_capped_pretune_on_45_1_123,paper1_phaseB_v1,B,,campaign_cell,,45,Isothermal autocatalytic reaction model by Gray and Scott 1985 (dimensionless),2,surrogate,,evogrow_v2_2_stage_capped_pretune_on,evogrow_v2_2_stage_capped_pretune_on,123,finished,finished,True,,,2026-09-01T18:56:07.755Z,0.000322314127689,,,5,,,2071491,,693.12243154,False,True,False,266,1,604e79733b22d64d,91f88c4,False,0.999423945614,"[0.9991954984429815, 0.9996523927851738]",450,2071491,ffb0266c7913352c,"[[""u1"",""u2"",""u1^2"",""u1*u2""],[""u1"",""u2"",""u2^2"",""u2^3""]]",pretune_on,True,30,,"[5,5]","[null,5]","[""Success"",""Unstable"",""MaxIters""]","[""Failure"",""Success"",""MaxLossEvals""]",25627,25643,0,25627,16,311,4,,cell_000266.heartbeat.jsonl,22,15,15,5,7,0.318181818182,17,0,0.01,15,7,0.318181818182,-8,-3.49172065805
267_evogrow_v2_2_stage_capped_pretune_on_45_1_7,paper1_phaseB_v1,B,,campaign_cell,,45,Isothermal autocatalytic reaction model by Gray and Scott 1985 (dimensionless),2,surrogate,,evogrow_v2_2_stage_capped_pretune_on,evogrow_v2_2_stage_capped_pretune_on,7,finished,finished,True,,,2026-09-01T19:59:59.267Z,0.000322314127689,,,5,,,2744096,,1257.40510981,False,True,False,267,1,604e79733b22d64d,91f88c4,False,0.999423945614,"[0.9991954984429815, 0.9996523927851738]",450,2744096,ffb0266c7913352c,"[[""u1"",""u2"",""u1^2"",""u1*u2""],[""u1"",""u2"",""u2^2"",""u2^3""]]",pretune_on,True,30,,"[5,5]","[null,5]","[""Success"",""Unstable"",""MaxIters""]","[""Failure"",""Success"",""MaxLossEvals""]",33346,33378,0,33346,32,349,40,,cell_000267.heartbeat.jsonl,22,15,15,6,7,0.318181818182,16,0,0.01,15,7,0.318181818182,-8,-3.49172065805
268_evogrow_v2_2_stage_capped_pretune_on_45_2_42,paper1_phaseB_v1,B,,campaign_cell,,45,Isothermal autocatalytic reaction model by Gray and Scott 1985 (dimensionless),2,surrogate,,evogrow_v2_2_stage_capped_pretune_on,evogrow_v2_2_stage_capped_pretune_on,42,finished,finished,True,,,2026-09-01T19:08:38.931Z,0.0015252659997,,,5,,,2029054,,6612.39609433,False,True,False,268,2,604e79733b22d64d,91f88c4,False,0.925742293767,"[0.8515794379364423, 0.9999051495976855]",430,2029054,ffb0266c7913352c,"[[""u2"",""u2^2""],[""u1"",""u2"",""u2^2"",""cos(u2)""]]",pretune_on,True,30,,"[5,5]","[5,5]","[""Success"",""Unstable"",""MaxIters""]","[""Success"",""Failure"",""MaxLossEvals""]",26295,27597,0,26295,1302,364,1,,cell_000268.heartbeat.jsonl,21,18,18,4,3,0.142857142857,17,0,0.01,18,3,0.142857142857,-9,-2.81665441066
269_evogrow_v2_2_stage_capped_pretune_on_45_2_123,paper1_phaseB_v1,B,,campaign_cell,,45,Isothermal autocatalytic reaction model by Gray and Scott 1985 (dimensionless),2,surrogate,,evogrow_v2_2_stage_capped_pretune_on,evogrow_v2_2_stage_capped_pretune_on,123,finished,finished,True,,,2026-09-01T19:24:57.726Z,0.0015252659997,,,5,,,2106699,,5723.99537744,False,True,False,269,2,604e79733b22d64d,91f88c4,False,0.925742293767,"[0.8515794379364423, 0.9999051495976855]",430,2106699,ffb0266c7913352c,"[[""u2"",""u2^2""],[""u1"",""u2"",""u2^2"",""cos(u2)""]]",pretune_on,True,30,,"[5,5]","[5,5]","[""Success"",""Unstable"",""MaxIters""]","[""Failure"",""Success"",""MaxLossEvals""]",28035,29211,0,28035,1176,372,5,,cell_000269.heartbeat.jsonl,21,18,18,4,3,0.142857142857,17,0,0.01,18,3,0.142857142857,-9,-2.81665441066
270_evogrow_v2_2_stage_capped_pretune_on_45_2_7,paper1_phaseB_v1,B,,campaign_cell,,45,Isothermal autocatalytic reaction model by Gray and Scott 1985 (dimensionless),2,surrogate,,evogrow_v2_2_stage_capped_pretune_on,evogrow_v2_2_stage_capped_pretune_on,7,finished,finished,True,,,2026-09-01T19:51:18.331Z,0.0015252659997,,,5,,,1978053,,4089.29317105,False,True,False,270,2,604e79733b22d64d,91f88c4,False,0.925742293767,"[0.8515794379364423, 0.9999051495976855]",430,1978053,ffb0266c7913352c,"[[""u2"",""u2^2""],[""u1"",""u2"",""u2^2"",""cos(u2)""]]",pretune_on,True,30,,"[5,5]","[5,5]","[""Success"",""Unstable"",""MaxIters""]","[""Failure"",""Success"",""MaxLossEvals""]",25220,25979,0,25220,759,344,6,,cell_000270.heartbeat.jsonl,21,18,18,4,3,0.142857142857,17,0,0.01,18,3,0.142857142857,-9,-2.81665441066
271_evogrow_v2_2_stage_capped_pretune_on_46_1_42,paper1_phaseB_v1,B,,campaign_cell,,46,Interacting bar magnets,2,surrogate,,evogrow_v2_2_stage_capped_pretune_on,evogrow_v2_2_stage_capped_pretune_on,42,finished,finished,True,,,2026-09-01T20:21:58.363Z,0.00044743855922,,,5,,,102676,,36.045266851,False,True,False,271,1,604e79733b22d64d,91f88c4,False,0.808855211455,"[0.9916862116869394, 0.6260242112237948]",410,102676,ffb0266c7913352c,"[[""u1""],[""u2""]]",pretune_on,True,30,,"[5,5]","[null,null]","[""Success"",""Unstable""]","[""Success"",""Failure""]",60,60,0,60,0,1,0,,cell_000271.heartbeat.jsonl,20,1,1,1,19,0.95,19,0,0.01,1,19,0.95,-10,-3.34926659213
272_evogrow_v2_2_stage_capped_pretune_on_46_1_123,paper1_phaseB_v1,B,,campaign_cell,,46,Interacting bar magnets,2,surrogate,,evogrow_v2_2_stage_capped_pretune_on,evogrow_v2_2_stage_capped_pretune_on,123,finished,finished,True,,,2026-09-01T20:23:36.411Z,0.00044743855922,,,5,,,114325,,47.390238343,False,True,False,272,1,604e79733b22d64d,91f88c4,False,0.808855211455,"[0.9916862116869394, 0.6260242112237948]",410,114325,ffb0266c7913352c,"[[""u1""],[""u2""]]",pretune_on,True,30,,"[5,5]","[null,null]","[""Success"",""Unstable""]","[""Success"",""Failure""]",40,40,0,40,0,3,0,,cell_000272.heartbeat.jsonl,20,1,1,1,19,0.95,19,0,0.01,1,19,0.95,-10,-3.34926659213
273_evogrow_v2_2_stage_capped_pretune_on_46_1_7,paper1_phaseB_v1,B,,campaign_cell,,46,Interacting bar magnets,2,surrogate,,evogrow_v2_2_stage_capped_pretune_on,evogrow_v2_2_stage_capped_pretune_on,7,finished,finished,True,,,2026-09-01T20:25:21.775Z,0.00044743855922,,,5,,,110412,,45.485506225,False,True,False,273,1,604e79733b22d64d,91f88c4,False,0.808855211455,"[0.9916862116869394, 0.6260242112237948]",410,110412,ffb0266c7913352c,"[[""u1""],[""u2""]]",pretune_on,True,30,,"[5,5]","[null,null]","[""Success"",""Unstable""]","[""Success"",""Failure""]",90,90,0,90,0,1,0,,cell_000273.heartbeat.jsonl,20,1,1,1,19,0.95,19,0,0.01,1,19,0.95,-10,-3.34926659213
274_evogrow_v2_2_stage_capped_pretune_on_46_2_42,paper1_phaseB_v1,B,,campaign_cell,,46,Interacting bar magnets,2,surrogate,,evogrow_v2_2_stage_capped_pretune_on,evogrow_v2_2_stage_capped_pretune_on,42,finished,finished,True,,,2026-09-01T20:27:06.893Z,0.000171820314446,,,4,,,78198,,35.517962125,False,True,False,274,2,604e79733b22d64d,91f88c4,False,0.996405508092,"[0.9969709203462149, 0.9958400958368271]",330,78198,ffb0266c7913352c,"[[""u1"",""u2""],[""u2""]]",pretune_on,True,30,,"[4,4]","[4,4]","[""Success""]","[""Success""]",0,0,0,0,0,0,0,,cell_000274.heartbeat.jsonl,16,1,1,1,15,0.9375,15,0,0.01,1,15,0.9375,-14,-3.7649254905
275_evogrow_v2_2_stage_capped_pretune_on_46_2_123,paper1_phaseB_v1,B,,campaign_cell,,46,Interacting bar magnets,2,surrogate,,evogrow_v2_2_stage_capped_pretune_on,evogrow_v2_2_stage_capped_pretune_on,123,finished,finished,True,,,2026-09-01T20:28:41.254Z,0.000171820314446,,,4,,,77462,,31.972233064,False,True,False,275,2,604e79733b22d64d,91f88c4,False,0.996405508092,"[0.9969709203462149, 0.9958400958368271]",330,77462,ffb0266c7913352c,"[[""u1"",""u2""],[""u2""]]",pretune_on,True,30,,"[4,4]","[4,4]","[""Success""]","[""Success""]",0,0,0,0,0,0,0,,cell_000275.heartbeat.jsonl,16,1,1,1,15,0.9375,15,0,0.01,1,15,0.9375,-14,-3.7649254905
276_evogrow_v2_2_stage_capped_pretune_on_46_2_7,paper1_phaseB_v1,B,,campaign_cell,,46,Interacting bar magnets,2,surrogate,,evogrow_v2_2_stage_capped_pretune_on,evogrow_v2_2_stage_capped_pretune_on,7,finished,finished,True,,,2026-09-01T20:30:18.513Z,0.000171820314446,,,4,,,74904,,33.683219638,False,True,False,276,2,604e79733b22d64d,91f88c4,False,0.996405508092,"[0.9969709203462149, 0.9958400958368271]",330,74904,ffb0266c7913352c,"[[""u1"",""u2""],[""u2""]]",pretune_on,True,30,,"[4,4]","[4,4]","[""Success""]","[""Success""]",0,0,0,0,0,0,0,,cell_000276.heartbeat.jsonl,16,1,1,1,15,0.9375,15,0,0.01,1,15,0.9375,-14,-3.7649254905
277_evogrow_v2_2_stage_capped_pretune_on_47_1_42,paper1_phaseB_v1,B,,campaign_cell,,47,Binocular rivalry model (no oscillations),2,surrogate,,evogrow_v2_2_stage_capped_pretune_on,evogrow_v2_2_stage_capped_pretune_on,42,finished,finished,True,,,2026-09-01T20:31:49.555Z,0.000452358698535,,,5,,,350262,,118.39619308,False,True,False,277,1,604e79733b22d64d,91f88c4,False,0.751637107475,"[0.7463005652665904, 0.756973649683302]",430,350262,ffb0266c7913352c,"[[""u1"",""u2""],[""u1"",""u2""]]",pretune_on,True,30,,"[5,5]","[null,null]","[""Success"",""Unstable""]","[""Success"",""Failure"",""MaxLossEvals""]",4456,4456,0,4456,0,22,9,,cell_000277.heartbeat.jsonl,21,2,2,2,19,0.904761904762,19,0,0.01,2,19,0.904761904762,-9,-3.34451705409
278_evogrow_v2_2_stage_capped_pretune_on_47_1_123,paper1_phaseB_v1,B,,campaign_cell,,47,Binocular rivalry model (no oscillations),2,surrogate,,evogrow_v2_2_stage_capped_pretune_on,evogrow_v2_2_stage_capped_pretune_on,123,finished,finished,True,,,2026-09-01T20:34:51.946Z,0.000452358698535,,,5,,,323456,,120.091456763,False,True,False,278,1,604e79733b22d64d,91f88c4,False,0.751637107475,"[0.7463005652665904, 0.756973649683302]",430,323456,ffb0266c7913352c,"[[""u1"",""u2""],[""u1"",""u2""]]",pretune_on,True,30,,"[5,5]","[null,null]","[""Success"",""Unstable""]","[""Failure"",""Success"",""MaxLossEvals""]",5895,5895,0,5895,0,22,8,,cell_000278.heartbeat.jsonl,21,2,2,2,19,0.904761904762,19,0,0.01,2,19,0.904761904762,-9,-3.34451705409
279_evogrow_v2_2_stage_capped_pretune_on_47_1_7,paper1_phaseB_v1,B,,campaign_cell,,47,Binocular rivalry model (no oscillations),2,surrogate,,evogrow_v2_2_stage_capped_pretune_on,evogrow_v2_2_stage_capped_pretune_on,7,finished,finished,True,,,2026-09-01T20:37:54.094Z,0.000452358698535,,,5,,,279368,,102.186015686,False,True,False,279,1,604e79733b22d64d,91f88c4,False,0.751637107475,"[0.7463005652665904, 0.756973649683302]",430,279368,ffb0266c7913352c,"[[""u1"",""u2""],[""u1"",""u2""]]",pretune_on,True,30,,"[5,5]","[null,null]","[""Success"",""Unstable""]","[""Failure"",""Success"",""MaxLossEvals""]",5565,5565,0,5565,0,18,5,,cell_000279.heartbeat.jsonl,21,2,2,2,19,0.904761904762,19,0,0.01,2,19,0.904761904762,-9,-3.34451705409
280_evogrow_v2_2_stage_capped_pretune_on_47_2_42,paper1_phaseB_v1,B,,campaign_cell,,47,Binocular rivalry model (no oscillations),2,surrogate,,evogrow_v2_2_stage_capped_pretune_on,evogrow_v2_2_stage_capped_pretune_on,42,finished,finished,True,,,2026-09-01T20:40:39.183Z,0.000404159813008,,,5,,,1445006,,8775.05941462,False,True,False,280,2,604e79733b22d64d,91f88c4,False,0.999561247786,"[0.9992750147507897, 0.9998474808212339]",430,1445006,ffb0266c7913352c,"[[""u1"",""u2"",""u1^2""],[""u1"",""u2""]]",pretune_on,True,30,,"[5,5]","[5,5]","[""Success"",""Unstable"",""MaxIters""]","[""Success"",""Failure"",""MaxLossEvals""]",21988,24246,0,21988,2258,95,35,,cell_000280.heartbeat.jsonl,21,6,6,3,15,0.714285714286,18,0,0.01,6,15,0.714285714286,-9,-3.39344687206
281_evogrow_v2_2_stage_capped_pretune_on_47_2_123,paper1_phaseB_v1,B,,campaign_cell,,47,Binocular rivalry model (no oscillations),2,surrogate,,evogrow_v2_2_stage_capped_pretune_on,evogrow_v2_2_stage_capped_pretune_on,123,finished,finished,True,,,2026-09-01T20:46:20.292Z,0.000404159813008,,,5,,,1265537,,7978.24809668,False,True,False,281,2,604e79733b22d64d,91f88c4,False,0.999561247786,"[0.9992750147507897, 0.9998474808212339]",430,1265537,ffb0266c7913352c,"[[""u1"",""u2"",""u1^2""],[""u1"",""u2""]]",pretune_on,True,30,,"[5,5]","[5,5]","[""Success"",""Unstable"",""MaxIters""]","[""Success"",""Failure"",""MaxLossEvals""]",24863,26803,0,24863,1940,101,26,,cell_000281.heartbeat.jsonl,21,6,6,3,15,0.714285714286,18,0,0.01,6,15,0.714285714286,-9,-3.39344687206
282_evogrow_v2_2_stage_capped_pretune_on_47_2_7,paper1_phaseB_v1,B,,campaign_cell,,47,Binocular rivalry model (no oscillations),2,surrogate,,evogrow_v2_2_stage_capped_pretune_on,evogrow_v2_2_stage_capped_pretune_on,7,finished,finished,True,,,2026-09-01T20:52:10.479Z,0.000404159813008,,,5,,,1318506,,13476.2334523,False,True,False,282,2,604e79733b22d64d,91f88c4,False,0.999561247786,"[0.9992750147507897, 0.9998474808212339]",430,1318506,ffb0266c7913352c,"[[""u1"",""u2"",""u1^2""],[""u1"",""u2""]]",pretune_on,True,30,,"[5,5]","[5,5]","[""Success"",""Unstable"",""MaxIters""]","[""Success"",""Failure"",""MaxLossEvals""]",19538,22274,0,19538,2736,107,26,,cell_000282.heartbeat.jsonl,21,6,6,3,15,0.714285714286,18,0,0.01,6,15,0.714285714286,-9,-3.39344687206
283_evogrow_v2_2_stage_capped_pretune_on_48_1_42,paper1_phaseB_v1,B,,campaign_cell,,48,Bacterial respiration model for nutrients and oxygen levels,2,surrogate,,evogrow_v2_2_stage_capped_pretune_on,evogrow_v2_2_stage_capped_pretune_on,42,finished,finished,True,,,2026-09-01T20:59:55.658Z,0.0537508382955,,,5,,,5956450,,15903.5720619,False,True,False,283,1,604e79733b22d64d,91f88c4,False,0.99747377737,"[0.9952146820228928, 0.9997328727179315]",510,5956450,ffb0266c7913352c,"[[""u1"",""u2"",""u1^2"",""u2^2"",""u1*u2""],[""u1"",""u2"",""u1^2"",""u2^2"",""u1*u2"",""u2^3""]]",pretune_on,True,30,,"[3,5]","[3,null]","[""Success"",""Unstable"",""MaxIters""]","[""Failure"",""Success"",""MaxLossEvals""]",262678,264028,0,262678,1350,487,167,,cell_000283.heartbeat.jsonl,25,18,18,9,7,0.28,16,0,0.01,18,7,0.28,-5,-1.26961475812
284_evogrow_v2_2_stage_capped_pretune_on_48_1_123,paper1_phaseB_v1,B,,campaign_cell,,48,Bacterial respiration model for nutrients and oxygen levels,2,surrogate,,evogrow_v2_2_stage_capped_pretune_on,evogrow_v2_2_stage_capped_pretune_on,123,finished,finished,True,,,2026-09-01T21:00:24.808Z,0.0537508382955,,,5,,,5913770,,11017.8965108,False,True,False,284,1,604e79733b22d64d,91f88c4,False,0.99747377737,"[0.9952146820228928, 0.9997328727179315]",510,5913770,ffb0266c7913352c,"[[""u1"",""u2"",""u1^2"",""u2^2"",""u1*u2""],[""u1"",""u2"",""u1^2"",""u2^2"",""u1*u2"",""u2^3""]]",pretune_on,True,30,,"[3,5]","[3,null]","[""Success"",""Unstable"",""MaxIters""]","[""Success"",""Failure"",""MaxLossEvals""]",265007,266363,0,265007,1356,490,164,,cell_000284.heartbeat.jsonl,25,18,18,9,7,0.28,16,0,0.01,18,7,0.28,-5,-1.26961475812
285_evogrow_v2_2_stage_capped_pretune_on_48_1_7,paper1_phaseB_v1,B,,campaign_cell,,48,Bacterial respiration model for nutrients and oxygen levels,2,surrogate,,evogrow_v2_2_stage_capped_pretune_on,evogrow_v2_2_stage_capped_pretune_on,7,finished,finished,True,,,2026-09-01T21:01:17.798Z,0.0537508382955,,,5,,,5980361,,12175.9745065,False,True,False,285,1,604e79733b22d64d,91f88c4,False,0.99747377737,"[0.9952146820228928, 0.9997328727179315]",510,5980361,ffb0266c7913352c,"[[""u1"",""u2"",""u1^2"",""u2^2"",""u1*u2""],[""u1"",""u2"",""u1^2"",""u2^2"",""u1*u2"",""u2^3""]]",pretune_on,True,30,,"[3,5]","[3,null]","[""Success"",""Unstable"",""MaxIters""]","[""Success"",""Failure"",""MaxLossEvals""]",263455,264851,0,263455,1396,495,168,,cell_000285.heartbeat.jsonl,25,18,18,9,7,0.28,16,0,0.01,18,7,0.28,-5,-1.26961475812
286_evogrow_v2_2_stage_capped_pretune_on_48_2_42,paper1_phaseB_v1,B,,campaign_cell,,48,Bacterial respiration model for nutrients and oxygen levels,2,surrogate,,evogrow_v2_2_stage_capped_pretune_on,evogrow_v2_2_stage_capped_pretune_on,42,finished,finished,True,,,2026-09-01T22:07:48.614Z,0.053102887325,,,5,,,7423942,,104922.020198,False,True,False,286,2,604e79733b22d64d,91f88c4,False,0.998380932186,"[0.9971618264297651, 0.9996000379418211]",490,7423942,ffb0266c7913352c,"[[""u1"",""u2"",""u1^2"",""u2^2""],[""u1"",""u2"",""u1^2"",""u2^2"",""u1*u2""]]",pretune_on,True,30,,"[4,5]","[4,null]","[""Success"",""Unstable"",""MaxIters""]","[""Failure"",""Success"",""MaxLossEvals""]",1133720,1148358,0,1133720,14638,473,341,,cell_000286.heartbeat.jsonl,24,13,13,7,11,0.458333333333,17,0,0.01,13,11,0.458333333333,-6,-1.2748818647
287_evogrow_v2_2_stage_capped_pretune_on_48_2_123,paper1_phaseB_v1,B,,campaign_cell,,48,Bacterial respiration model for nutrients and oxygen levels,2,surrogate,,evogrow_v2_2_stage_capped_pretune_on,evogrow_v2_2_stage_capped_pretune_on,123,finished,finished,True,,,2026-09-01T23:00:05.858Z,0.053102887325,,,5,,,7512889,,88527.7029452,False,True,False,287,2,604e79733b22d64d,91f88c4,False,0.998380932186,"[0.9971618264297651, 0.9996000379418211]",490,7512889,ffb0266c7913352c,"[[""u1"",""u2"",""u1^2"",""u2^2""],[""u1"",""u2"",""u1^2"",""u2^2"",""u1*u2""]]",pretune_on,True,30,,"[4,5]","[4,null]","[""Success"",""Unstable"",""MaxIters""]","[""Failure"",""Success"",""MaxLossEvals""]",1121195,1136418,0,1121195,15223,475,347,,cell_000287.heartbeat.jsonl,24,13,13,7,11,0.458333333333,17,0,0.01,13,11,0.458333333333,-6,-1.2748818647
288_evogrow_v2_2_stage_capped_pretune_on_48_2_7,paper1_phaseB_v1,B,,campaign_cell,,48,Bacterial respiration model for nutrients and oxygen levels,2,surrogate,,evogrow_v2_2_stage_capped_pretune_on,evogrow_v2_2_stage_capped_pretune_on,7,finished,finished,True,,,2026-09-01T23:07:42.709Z,0.053102887325,,,5,,,7901747,,96352.4216297,False,True,False,288,2,604e79733b22d64d,91f88c4,False,0.998380932186,"[0.9971618264297651, 0.9996000379418211]",510,7901747,ffb0266c7913352c,"[[""u1"",""u2"",""u1^2"",""u2^2""],[""u1"",""u2"",""u1^2"",""u2^2"",""u1*u2""]]",pretune_on,True,30,,"[4,5]","[4,null]","[""Success"",""Unstable"",""MaxIters""]","[""Success"",""Failure"",""MaxLossEvals""]",1144133,1160312,0,1144133,16179,495,365,,cell_000288.heartbeat.jsonl,25,14,14,7,11,0.44,18,0,0.01,14,11,0.44,-5,-1.2748818647
289_evogrow_v2_2_stage_capped_pretune_on_49_1_42,paper1_phaseB_v1,B,,campaign_cell,,49,Brusselator: hypothetical chemical oscillation model (dimensionless),2,surrogate,,evogrow_v2_2_stage_capped_pretune_on,evogrow_v2_2_stage_capped_pretune_on,42,finished,finished,True,,,2026-09-02T00:04:47.679Z,0.00883387419393,,,5,,,3486797,,42913.7287747,False,True,False,289,1,604e79733b22d64d,91f88c4,False,0.957068046186,"[0.9296665272874078, 0.984469565084947]",490,3486797,ffb0266c7913352c,"[[""u1"",""u2"",""u1^2"",""u2^2"",""u1*u2""],[""u1"",""u2"",""u1^2"",""u2^2"",""u2^3""]]",pretune_on,True,30,,"[5,5]","[null,null]","[""Success"",""Unstable"",""MaxIters""]","[""Success"",""Failure"",""MaxLossEvals""]",260197,267507,0,260197,7310,406,71,,cell_000289.heartbeat.jsonl,24,17,17,8,7,0.291666666667,16,0,0.01,17,7,0.291666666667,-6,-2.05384878996
290_evogrow_v2_2_stage_capped_pretune_on_49_1_123,paper1_phaseB_v1,B,,campaign_cell,,49,Brusselator: hypothetical chemical oscillation model (dimensionless),2,surrogate,,evogrow_v2_2_stage_capped_pretune_on,evogrow_v2_2_stage_capped_pretune_on,123,finished,finished,True,,,2026-09-02T00:24:58.691Z,0.00883387419393,,,5,,,3557626,,93255.8147287,False,True,False,290,1,604e79733b22d64d,91f88c4,False,0.957068046186,"[0.9296665272874078, 0.984469565084947]",490,3557626,ffb0266c7913352c,"[[""u1"",""u2"",""u1^2"",""u2^2"",""u1*u2""],[""u1"",""u2"",""u1^2"",""u2^2"",""u2^3""]]",pretune_on,True,30,,"[5,5]","[null,null]","[""Success"",""Unstable"",""MaxIters""]","[""Success"",""Failure"",""MaxLossEvals""]",225301,241815,0,225301,16514,413,78,,cell_000290.heartbeat.jsonl,24,17,17,8,7,0.291666666667,16,0,0.01,17,7,0.291666666667,-6,-2.05384878996
291_evogrow_v2_2_stage_capped_pretune_on_49_1_7,paper1_phaseB_v1,B,,campaign_cell,,49,Brusselator: hypothetical chemical oscillation model (dimensionless),2,surrogate,,evogrow_v2_2_stage_capped_pretune_on,evogrow_v2_2_stage_capped_pretune_on,7,finished,finished,True,,,2026-09-02T00:37:32.518Z,0.00883387419393,,,5,,,3711819,,115432.963118,False,True,False,291,1,604e79733b22d64d,91f88c4,False,0.957068046186,"[0.9296665272874078, 0.984469565084947]",490,3711819,ffb0266c7913352c,"[[""u1"",""u2"",""u1^2"",""u2^2"",""u1*u2""],[""u1"",""u2"",""u1^2"",""u2^2"",""u2^3""]]",pretune_on,True,30,,"[5,5]","[null,null]","[""Success"",""Unstable"",""MaxIters""]","[""Success"",""Failure"",""MaxLossEvals""]",233262,254504,0,233262,21242,392,95,,cell_000291.heartbeat.jsonl,24,17,17,8,7,0.291666666667,16,0,0.01,17,7,0.291666666667,-6,-2.05384878996
292_evogrow_v2_2_stage_capped_pretune_on_49_2_42,paper1_phaseB_v1,B,,campaign_cell,,49,Brusselator: hypothetical chemical oscillation model (dimensionless),2,surrogate,,evogrow_v2_2_stage_capped_pretune_on,evogrow_v2_2_stage_capped_pretune_on,42,finished,finished,True,,,2026-09-02T01:08:56.178Z,0.000999383489308,,,5,,,877451,,4253.04405449,False,True,False,292,2,604e79733b22d64d,91f88c4,False,0.978905487773,"[0.9938739590075673, 0.9639370165378014]",450,877451,ffb0266c7913352c,"[[""u1"",""u2"",""u1^2"",""cos(u1)""],[""u1"",""u2"",""u1^2"",""u1*u2"",""u1^3""]]",pretune_on,True,30,,"[5,5]","[5,5]","[""Success"",""Unstable"",""MaxIters""]","[""Failure"",""Success"",""MaxLossEvals""]",22349,23231,0,22349,882,48,4,,cell_000292.heartbeat.jsonl,22,19,19,6,3,0.136363636364,16,0,0.01,19,3,0.136363636364,-8,-3.00026782976
293_evogrow_v2_2_stage_capped_pretune_on_49_2_123,paper1_phaseB_v1,B,,campaign_cell,,49,Brusselator: hypothetical chemical oscillation model (dimensionless),2,surrogate,,evogrow_v2_2_stage_capped_pretune_on,evogrow_v2_2_stage_capped_pretune_on,123,finished,finished,True,,,2026-09-02T01:25:44.430Z,0.000999383489308,,,5,,,1069712,,6508.38415925,False,True,False,293,2,604e79733b22d64d,91f88c4,False,0.978905487773,"[0.9938739590075673, 0.9639370165378014]",470,1069712,ffb0266c7913352c,"[[""u1"",""u2"",""u1^2"",""cos(u1)""],[""u1"",""u2"",""u1^2"",""u1*u2"",""u1^3""]]",pretune_on,True,30,,"[5,5]","[5,5]","[""Success"",""Unstable"",""MaxIters""]","[""Success"",""Failure"",""MaxLossEvals""]",20087,21685,0,20087,1598,60,9,,cell_000293.heartbeat.jsonl,23,20,20,6,3,0.130434782609,17,0,0.01,20,3,0.130434782609,-7,-3.00026782976
294_evogrow_v2_2_stage_capped_pretune_on_49_2_7,paper1_phaseB_v1,B,,campaign_cell,,49,Brusselator: hypothetical chemical oscillation model (dimensionless),2,surrogate,,evogrow_v2_2_stage_capped_pretune_on,evogrow_v2_2_stage_capped_pretune_on,7,finished,finished,True,,,2026-09-02T02:20:30.502Z,0.000999383489308,,,5,,,1252792,,6572.00288729,False,True,False,294,2,604e79733b22d64d,91f88c4,False,0.978905487773,"[0.9938739590075673, 0.9639370165378014]",450,1252792,ffb0266c7913352c,"[[""u1"",""u2"",""u1^2"",""cos(u1)""],[""u1"",""u2"",""u1^2"",""u1*u2"",""u1^3""]]",pretune_on,True,30,,"[5,5]","[5,5]","[""Success"",""Unstable"",""MaxIters""]","[""Failure"",""Success"",""MaxLossEvals""]",17894,19592,0,17894,1698,84,14,,cell_000294.heartbeat.jsonl,22,19,19,6,3,0.136363636364,16,0,0.01,19,3,0.136363636364,-8,-3.00026782976
295_evogrow_v2_2_stage_capped_pretune_on_50_1_42,paper1_phaseB_v1,B,,campaign_cell,,50,Chemical oscillator model by Schnackenberg 1979 (dimensionless),2,surrogate,,evogrow_v2_2_stage_capped_pretune_on,evogrow_v2_2_stage_capped_pretune_on,42,finished,finished,True,,,2026-09-02T02:51:25.443Z,0.0199000463536,,,5,,,5214116,,18745.5284538,False,True,False,295,1,604e79733b22d64d,91f88c4,False,0.976188094932,"[0.9908270118246288, 0.961549178038935]",530,5214116,ffb0266c7913352c,"[[""u1"",""u2"",""u2^2"",""u1*u2"",""u1^3"",""u2^3""],[""u1"",""u2"",""u1^2"",""u1*u2"",""u1^3"",""u2^3""]]",pretune_on,True,30,,"[5,5]","[null,null]","[""Success"",""Unstable"",""MaxIters""]","[""Failure"",""Success"",""MaxLossEvals""]",151756,155610,0,151756,3854,411,220,,cell_000295.heartbeat.jsonl,26,19,19,9,7,0.269230769231,17,0,0.01,19,7,0.269230769231,-4,-1.70114591198
296_evogrow_v2_2_stage_capped_pretune_on_50_1_123,paper1_phaseB_v1,B,,campaign_cell,,50,Chemical oscillator model by Schnackenberg 1979 (dimensionless),2,surrogate,,evogrow_v2_2_stage_capped_pretune_on,evogrow_v2_2_stage_capped_pretune_on,123,finished,finished,True,,,2026-09-02T03:14:55.703Z,0.0771991794099,,,5,,,4845801,,17209.6988901,False,True,False,296,1,604e79733b22d64d,91f88c4,False,0.893072329633,"[0.833083935535821, 0.9530607237309765]",510,4845801,ffb0266c7913352c,"[[""u1"",""u2"",""u2^2"",""u1^3"",""u2^3"",""sin(u1)""],[""u1"",""u2"",""u1^2"",""u1*u2"",""u2^3"",""cos(u2)""]]",pretune_on,True,30,,"[5,5]","[null,null]","[""Success"",""Unstable"",""MaxIters""]","[""Success"",""Failure"",""MaxLossEvals""]",145480,148820,0,145480,3340,386,206,,cell_000296.heartbeat.jsonl,25,22,22,10,3,0.12,15,0,0.01,22,3,0.12,-5,-1.11238731598
297_evogrow_v2_2_stage_capped_pretune_on_50_1_7,paper1_phaseB_v1,B,,campaign_cell,,50,Chemical oscillator model by Schnackenberg 1979 (dimensionless),2,surrogate,,evogrow_v2_2_stage_capped_pretune_on,evogrow_v2_2_stage_capped_pretune_on,7,finished,finished,True,,,2026-09-02T03:59:34.645Z,0.0771991794099,,,5,,,4105415,,21398.6472974,False,True,False,297,1,604e79733b22d64d,91f88c4,False,0.893072329633,"[0.833083935535821, 0.9530607237309765]",510,4105415,ffb0266c7913352c,"[[""u1"",""u2"",""u2^2"",""u1^3"",""u2^3"",""sin(u1)""],[""u1"",""u2"",""u1^2"",""u1*u2"",""u2^3"",""cos(u2)""]]",pretune_on,True,30,,"[5,5]","[null,null]","[""Success"",""Unstable"",""MaxIters""]","[""Success"",""Failure"",""MaxLossEvals""]",125868,130169,0,125868,4301,361,158,,cell_000297.heartbeat.jsonl,25,22,22,10,3,0.12,15,0,0.01,22,3,0.12,-5,-1.11238731598
298_evogrow_v2_2_stage_capped_pretune_on_50_2_42,paper1_phaseB_v1,B,,campaign_cell,,50,Chemical oscillator model by Schnackenberg 1979 (dimensionless),2,surrogate,,evogrow_v2_2_stage_capped_pretune_on,evogrow_v2_2_stage_capped_pretune_on,42,finished,finished,True,,,2026-09-02T04:10:44.090Z,0.000323881634852,,,5,,,339631,,70.277615671,False,True,False,298,2,604e79733b22d64d,91f88c4,False,0.913735525161,"[0.9513127907300735, 0.876158259590938]",430,339631,ffb0266c7913352c,"[[""u1"",""u2""],[""u1"",""u2"",""u1^2""]]",pretune_on,True,30,,"[5,3]","[null,3]","[""Success"",""Unstable""]","[""Success"",""Failure""]",525,525,0,525,0,17,0,,cell_000298.heartbeat.jsonl,21,6,6,3,15,0.714285714286,18,0,0.01,6,15,0.714285714286,-9,-3.48961367721
299_evogrow_v2_2_stage_capped_pretune_on_50_2_123,paper1_phaseB_v1,B,,campaign_cell,,50,Chemical oscillator model by Schnackenberg 1979 (dimensionless),2,surrogate,,evogrow_v2_2_stage_capped_pretune_on,evogrow_v2_2_stage_capped_pretune_on,123,finished,finished,True,,,2026-09-02T04:12:36.033Z,0.000323881634852,,,5,,,335674,,73.00197842,False,True,False,299,2,604e79733b22d64d,91f88c4,False,0.913735525161,"[0.9513127907300735, 0.876158259590938]",430,335674,ffb0266c7913352c,"[[""u1"",""u2""],[""u1"",""u2"",""u1^2""]]",pretune_on,True,30,,"[5,3]","[null,3]","[""Success"",""Unstable""]","[""Failure"",""Success""]",610,610,0,610,0,18,0,,cell_000299.heartbeat.jsonl,21,6,6,3,15,0.714285714286,18,0,0.01,6,15,0.714285714286,-9,-3.48961367721
300_evogrow_v2_2_stage_capped_pretune_on_50_2_7,paper1_phaseB_v1,B,,campaign_cell,,50,Chemical oscillator model by Schnackenberg 1979 (dimensionless),2,surrogate,,evogrow_v2_2_stage_capped_pretune_on,evogrow_v2_2_stage_capped_pretune_on,7,finished,finished,True,,,2026-09-02T04:14:29.709Z,0.000323881634852,,,5,,,362836,,74.950331052,False,True,False,300,2,604e79733b22d64d,91f88c4,False,0.913735525161,"[0.9513127907300735, 0.876158259590938]",430,362836,ffb0266c7913352c,"[[""u1"",""u2""],[""u1"",""u2"",""u1^2""]]",pretune_on,True,30,,"[5,3]","[null,3]","[""Success"",""Unstable""]","[""Success"",""Failure""]",513,513,0,513,0,19,0,,cell_000300.heartbeat.jsonl,21,6,6,3,15,0.714285714286,18,0,0.01,6,15,0.714285714286,-9,-3.48961367721
301_evogrow_v2_2_stage_capped_pretune_on_51_1_42,paper1_phaseB_v1,B,,campaign_cell,,51,Oscillator death model by Ermentrout and Kopell 1990,2,surrogate,,evogrow_v2_2_stage_capped_pretune_on,evogrow_v2_2_stage_capped_pretune_on,42,finished,finished,True,,,2026-09-02T04:16:25.905Z,0.0121075981889,,,5,,,5263531,,7100.73992339,False,True,False,301,1,604e79733b22d64d,91f88c4,False,0.99909829543,"[0.9991814024868474, 0.9990151883728541]",490,5263531,ffb0266c7913352c,"[[""u1"",""u2"",""u2^2"",""sin(u2)""],[""u1"",""u2"",""u1^2"",""u2^2"",""u1^3"",""cos(u2)""]]",pretune_on,True,30,,"[5,5]","[null,null]","[""Success"",""Unstable"",""MaxIters""]","[""Failure"",""Success"",""MaxLossEvals""]",120414,121810,0,120414,1396,475,174,,cell_000301.heartbeat.jsonl,24,21,21,8,3,0.125,16,0,0.01,21,3,0.125,-6,-1.91694200027
302_evogrow_v2_2_stage_capped_pretune_on_51_1_123,paper1_phaseB_v1,B,,campaign_cell,,51,Oscillator death model by Ermentrout and Kopell 1990,2,surrogate,,evogrow_v2_2_stage_capped_pretune_on,evogrow_v2_2_stage_capped_pretune_on,123,finished,finished,True,,,2026-09-02T05:54:33.264Z,0.0121075981889,,,5,,,5778728,,10292.3836015,False,True,False,302,1,604e79733b22d64d,91f88c4,False,0.99909829543,"[0.9991814024868474, 0.9990151883728541]",490,5778728,ffb0266c7913352c,"[[""u1"",""u2"",""u2^2"",""sin(u2)""],[""u1"",""u2"",""u1^2"",""u2^2"",""u1^3"",""cos(u2)""]]",pretune_on,True,30,,"[5,5]","[null,null]","[""Success"",""Unstable"",""MaxIters""]","[""Failure"",""Success"",""MaxLossEvals""]",156465,158613,0,156465,2148,479,208,,cell_000302.heartbeat.jsonl,24,21,21,8,3,0.125,16,0,0.01,21,3,0.125,-6,-1.91694200027
303_evogrow_v2_2_stage_capped_pretune_on_51_1_7,paper1_phaseB_v1,B,,campaign_cell,,51,Oscillator death model by Ermentrout and Kopell 1990,2,surrogate,,evogrow_v2_2_stage_capped_pretune_on,evogrow_v2_2_stage_capped_pretune_on,7,finished,finished,True,,,2026-09-02T06:15:28.122Z,0.0121075981889,,,5,,,5786029,,8158.19175779,False,True,False,303,1,604e79733b22d64d,91f88c4,False,0.99909829543,"[0.9991814024868474, 0.9990151883728541]",510,5786029,ffb0266c7913352c,"[[""u1"",""u2"",""u2^2"",""sin(u2)""],[""u1"",""u2"",""u1^2"",""u2^2"",""u1^3"",""cos(u2)""]]",pretune_on,True,30,,"[5,5]","[null,null]","[""Success"",""Unstable"",""MaxIters""]","[""Failure"",""Success"",""MaxLossEvals""]",138839,140289,0,138839,1450,492,206,,cell_000303.heartbeat.jsonl,25,22,22,8,3,0.12,17,0,0.01,22,3,0.12,-5,-1.91694200027
304_evogrow_v2_2_stage_capped_pretune_on_51_2_42,paper1_phaseB_v1,B,,campaign_cell,,51,Oscillator death model by Ermentrout and Kopell 1990,2,surrogate,,evogrow_v2_2_stage_capped_pretune_on,evogrow_v2_2_stage_capped_pretune_on,42,finished,finished,True,,,2026-09-02T08:02:28.111Z,0.0822977725047,,,5,,,2358318,,593.367962074,False,True,False,304,2,604e79733b22d64d,91f88c4,False,0.982457916303,"[0.9934839610453527, 0.971431871560995]",430,2358318,ffb0266c7913352c,"[[""u1"",""u2"",""sin(u1)""],[""u1"",""u2""]]",pretune_on,True,30,,"[5,1]","[null,1]","[""Success"",""Unstable""]","[""Success"",""Failure"",""MaxLossEvals""]",12320,12320,0,12320,0,190,88,,cell_000304.heartbeat.jsonl,21,18,18,3,3,0.142857142857,18,0,0.01,18,3,0.142857142857,-9,-1.08461191937
305_evogrow_v2_2_stage_capped_pretune_on_51_2_123,paper1_phaseB_v1,B,,campaign_cell,,51,Oscillator death model by Ermentrout and Kopell 1990,2,surrogate,,evogrow_v2_2_stage_capped_pretune_on,evogrow_v2_2_stage_capped_pretune_on,123,finished,finished,True,,,2026-09-02T08:04:31.770Z,0.0822977725047,,,5,,,2103085,,542.873276842,False,True,False,305,2,604e79733b22d64d,91f88c4,False,0.982457916303,"[0.9934839610453527, 0.971431871560995]",430,2103085,ffb0266c7913352c,"[[""u1"",""u2"",""sin(u1)""],[""u1"",""u2""]]",pretune_on,True,30,,"[5,1]","[null,1]","[""Success"",""Unstable""]","[""Success"",""Failure"",""MaxLossEvals""]",12320,12320,0,12320,0,177,75,,cell_000305.heartbeat.jsonl,21,18,18,3,3,0.142857142857,18,0,0.01,18,3,0.142857142857,-9,-1.08461191937
306_evogrow_v2_2_stage_capped_pretune_on_51_2_7,paper1_phaseB_v1,B,,campaign_cell,,51,Oscillator death model by Ermentrout and Kopell 1990,2,surrogate,,evogrow_v2_2_stage_capped_pretune_on,evogrow_v2_2_stage_capped_pretune_on,7,finished,finished,True,,,2026-09-02T08:13:11.276Z,0.0822977725047,,,5,,,2600593,,846.264083229,False,True,False,306,2,604e79733b22d64d,91f88c4,False,0.982457916303,"[0.9934839610453527, 0.971431871560995]",430,2600593,ffb0266c7913352c,"[[""u1"",""u2"",""sin(u1)""],[""u1"",""u2""]]",pretune_on,True,30,,"[5,1]","[null,1]","[""Success"",""Unstable""]","[""Success"",""Failure"",""MaxLossEvals""]",12320,12320,0,12320,0,190,104,,cell_000306.heartbeat.jsonl,21,18,18,3,3,0.142857142857,18,0,0.01,18,3,0.142857142857,-9,-1.08461191937
307_evogrow_v2_2_stage_capped_pretune_on_52_1_42,paper1_phaseB_v1,B,,campaign_cell,,52,Maxwell-Bloch equations (laser dynamics),3,surrogate,,evogrow_v2_2_stage_capped_pretune_on,evogrow_v2_2_stage_capped_pretune_on,42,finished,finished,True,,,2026-08-22T10:54:50.865Z,0.000264751954746,,,5,,,1901263,,972.804027487,False,True,False,307,1,604e79733b22d64d,91f88c4,False,0.986823190114,"[0.9888419641597656, 0.9854612644980584, 0.9861663416835648]",430,1901263,ffb0266c7913352c,"[[""u1""],[""u2"",""u3""],[""u1"",""u2"",""u2^3""]]",pretune_on,True,30,,"[5,5,5]","[null,null,null]","[""Success"",""Unstable"",""MaxIters""]","[""Success"",""Failure"",""MaxLossEvals""]",10832,11012,0,10832,180,257,11,,cell_000307.heartbeat.jsonl,21,15,15,4,6,0.285714285714,17,0,0.01,15,6,0.285714285714,-9,-3.57716082468
308_evogrow_v2_2_stage_capped_pretune_on_52_1_123,paper1_phaseB_v1,B,,campaign_cell,,52,Maxwell-Bloch equations (laser dynamics),3,surrogate,,evogrow_v2_2_stage_capped_pretune_on,evogrow_v2_2_stage_capped_pretune_on,123,finished,finished,True,,,2026-08-22T10:54:50.458Z,0.000264751954746,,,5,,,1631580,,431.902743528,False,True,False,308,1,604e79733b22d64d,91f88c4,False,0.986823190114,"[0.9888419641597656, 0.9854612644980584, 0.9861663416835648]",430,1631580,ffb0266c7913352c,"[[""u1""],[""u2"",""u3""],[""u1"",""u2"",""u2^3""]]",pretune_on,True,30,,"[5,5,5]","[null,null,null]","[""Success"",""Unstable"",""MaxIters""]","[""Success"",""Failure""]",3747,3783,0,3747,36,234,0,,cell_000308.heartbeat.jsonl,21,17,17,4,4,0.190476190476,17,0,0.01,17,4,0.190476190476,-9,-3.57716082468
309_evogrow_v2_2_stage_capped_pretune_on_52_1_7,paper1_phaseB_v1,B,,campaign_cell,,52,Maxwell-Bloch equations (laser dynamics),3,surrogate,,evogrow_v2_2_stage_capped_pretune_on,evogrow_v2_2_stage_capped_pretune_on,7,finished,finished,True,,,2026-08-22T10:54:50.050Z,0.00201203877751,,,5,,,1617753,,2816.1419019,False,True,False,309,1,604e79733b22d64d,91f88c4,False,0.704164398934,"[0.9159664277480505, 0.20090148863284607, 0.9956252804207558]",430,1617753,ffb0266c7913352c,"[[""u3""],[""u1"",""u2""],[""u1"",""u2""]]",pretune_on,True,30,,"[5,5,5]","[null,null,null]","[""Success"",""Unstable"",""MaxIters""]","[""Success"",""Failure"",""MaxLossEvals""]",7475,8330,0,7475,855,189,14,,cell_000309.heartbeat.jsonl,21,2,2,2,19,0.904761904762,19,0,0.01,2,19,0.904761904762,-9,-2.69636365349
310_evogrow_v2_2_stage_capped_pretune_on_52_2_42,paper1_phaseB_v1,B,,campaign_cell,,52,Maxwell-Bloch equations (laser dynamics),3,surrogate,,evogrow_v2_2_stage_capped_pretune_on,evogrow_v2_2_stage_capped_pretune_on,42,finished,finished,True,,,2026-08-22T10:54:51.301Z,0.000538754431386,,,5,,,916417,,280.401561186,False,True,False,310,2,604e79733b22d64d,91f88c4,False,0.633006338621,"[0.04685440498653115, 0.9664800859925584, 0.8856845248828752]",430,916417,ffb0266c7913352c,"[[""u2""],[""u2"",""u3""],[""u1"",""u2""]]",pretune_on,True,30,,"[5,5,5]","[null,null,null]","[""Success"",""Unstable"",""MaxIters""]","[""Success"",""Failure"",""MaxLossEvals""]",1553,1588,0,1553,35,81,4,,cell_000310.heartbeat.jsonl,21,2,2,2,19,0.904761904762,19,0,0.01,2,19,0.904761904762,-9,-3.26860914464
311_evogrow_v2_2_stage_capped_pretune_on_52_2_123,paper1_phaseB_v1,B,,campaign_cell,,52,Maxwell-Bloch equations (laser dynamics),3,surrogate,,evogrow_v2_2_stage_capped_pretune_on,evogrow_v2_2_stage_capped_pretune_on,123,finished,finished,True,,,2026-08-22T10:54:51.202Z,0.000608245621515,,,5,,,793469,,459.027726204,False,True,False,311,2,604e79733b22d64d,91f88c4,False,0.549919174474,"[-0.19178103115071798, 0.9651638411465975, 0.8763747134260635]",430,793469,ffb0266c7913352c,"[[""u3""],[""u2"",""u3""],[""u1"",""u2""]]",pretune_on,True,30,,"[5,5,5]","[null,null,null]","[""Success"",""Unstable"",""MaxIters""]","[""Success"",""Failure"",""MaxLossEvals""]",3666,3720,0,3666,54,59,5,,cell_000311.heartbeat.jsonl,21,2,2,2,19,0.904761904762,19,0,0.01,2,19,0.904761904762,-9,-3.21592100867
312_evogrow_v2_2_stage_capped_pretune_on_52_2_7,paper1_phaseB_v1,B,,campaign_cell,,52,Maxwell-Bloch equations (laser dynamics),3,surrogate,,evogrow_v2_2_stage_capped_pretune_on,evogrow_v2_2_stage_capped_pretune_on,7,finished,finished,True,,,2026-08-22T10:54:51.582Z,0.000608245621515,,,5,,,1083369,,190.950098746,False,True,False,312,2,604e79733b22d64d,91f88c4,False,0.549919174474,"[-0.19178103115071798, 0.9651638411465975, 0.8763747134260635]",450,1083369,ffb0266c7913352c,"[[""u3""],[""u2"",""u3""],[""u1"",""u2""]]",pretune_on,True,30,,"[5,5,5]","[null,null,null]","[""Success"",""Unstable""]","[""Success"",""Failure"",""MaxLossEvals""]",2975,2975,0,2975,0,98,9,,cell_000312.heartbeat.jsonl,22,3,3,3,19,0.863636363636,19,0,0.01,3,19,0.863636363636,-8,-3.21592100867
313_evogrow_v2_2_stage_capped_pretune_on_53_1_42,paper1_phaseB_v1,B,,campaign_cell,,53,Model for apoptosis (cell death),3,surrogate,,evogrow_v2_2_stage_capped_pretune_on,evogrow_v2_2_stage_capped_pretune_on,42,finished,finished,True,,,2026-08-22T10:54:50.526Z,0.000385025292721,,,5,,,1088680,,3763.53512955,False,True,False,313,1,604e79733b22d64d,91f88c4,False,0.525107233786,"[-0.4221535998169592, 0.9987721393733768, 0.9987031618021179]",470,1088680,ffb0266c7913352c,"[[""u1"",""u2"",""u3""],[""u1"",""u2"",""u3""],[""u1""]]",pretune_on,True,30,,"[5,5,5]","[null,null,null]","[""Success"",""Unstable"",""MaxIters""]","[""Failure"",""Success""]",9360,10270,0,9360,910,117,0,,cell_000313.heartbeat.jsonl,23,4,4,3,19,0.826086956522,20,0,0.01,4,19,0.826086956522,-7,-3.41451074029
314_evogrow_v2_2_stage_capped_pretune_on_53_1_123,paper1_phaseB_v1,B,,campaign_cell,,53,Model for apoptosis (cell death),3,surrogate,,evogrow_v2_2_stage_capped_pretune_on,evogrow_v2_2_stage_capped_pretune_on,123,finished,finished,True,,,2026-08-22T10:54:50.997Z,0.000384564728243,,,5,,,1854492,,24626.1698138,False,True,False,314,1,604e79733b22d64d,91f88c4,False,0.527343044183,"[-0.41544715431150614, 0.9987746521715145, 0.9987016346891231]",470,1854492,ffb0266c7913352c,"[[""u1"",""u2"",""u3""],[""u1"",""u3""],[""u1"",""u2""]]",pretune_on,True,30,,"[5,5,5]","[null,null,null]","[""Success"",""Unstable"",""MaxIters""]","[""Failure"",""Success"",""MaxLossEvals""]",41493,47068,0,41493,5575,128,32,,cell_000314.heartbeat.jsonl,23,5,5,5,18,0.782608695652,18,0,0.01,5,18,0.782608695652,-7,-3.41503055117
315_evogrow_v2_2_stage_capped_pretune_on_53_1_7,paper1_phaseB_v1,B,,campaign_cell,,53,Model for apoptosis (cell death),3,surrogate,,evogrow_v2_2_stage_capped_pretune_on,evogrow_v2_2_stage_capped_pretune_on,7,finished,finished,True,,,2026-08-22T10:54:52.129Z,0.000388602321616,,,5,,,884130,,6424.54570448,False,True,False,315,1,604e79733b22d64d,91f88c4,False,0.531498561974,"[-0.4029429818894763, 0.9987193339058472, 0.9987193339058472]",450,884130,ffb0266c7913352c,"[[""u1"",""u2"",""u3""],[""u1""],[""u1""]]",pretune_on,True,30,,"[5,5,5]","[null,null,null]","[""Success"",""Unstable"",""MaxIters""]","[""Failure"",""Success"",""MaxLossEvals""]",13131,15064,0,13131,1933,82,14,,cell_000315.heartbeat.jsonl,22,3,3,3,19,0.863636363636,19,0,0.01,3,19,0.863636363636,-8,-3.41049460914
316_evogrow_v2_2_stage_capped_pretune_on_53_2_42,paper1_phaseB_v1,B,,campaign_cell,,53,Model for apoptosis (cell death),3,surrogate,,evogrow_v2_2_stage_capped_pretune_on,evogrow_v2_2_stage_capped_pretune_on,42,finished,finished,True,,,2026-08-22T10:54:51.411Z,1.87031396155e-05,,,5,,,341176,,168.231166624,False,True,False,316,2,604e79733b22d64d,91f88c4,False,0.967062005151,"[0.9990717457145549, 0.9409626437226155, 0.9611516260145877]",410,341176,ffb0266c7913352c,"[[""u1"",""u3""],[""u2""],[""u2""]]",pretune_on,True,30,,"[5,5,5]","[null,null,null]","[""Success"",""Unstable"",""MaxIters""]","[""Failure"",""Success""]",829,871,0,829,42,16,0,,cell_000316.heartbeat.jsonl,20,1,1,1,19,0.95,19,0,0.01,1,19,0.95,-10,-4.7280854842
317_evogrow_v2_2_stage_capped_pretune_on_53_2_123,paper1_phaseB_v1,B,,campaign_cell,,53,Model for apoptosis (cell death),3,surrogate,,evogrow_v2_2_stage_capped_pretune_on,evogrow_v2_2_stage_capped_pretune_on,123,finished,finished,True,,,2026-08-22T10:54:50.932Z,1.87031396155e-05,,,5,,,270971,,58.866597978,False,True,False,317,2,604e79733b22d64d,91f88c4,False,0.967062005151,"[0.9990717457145549, 0.9409626437226155, 0.9611516260145877]",410,270971,ffb0266c7913352c,"[[""u1"",""u3""],[""u2""],[""u2""]]",pretune_on,True,30,,"[5,5,5]","[null,null,null]","[""Success"",""Unstable""]","[""Success"",""Failure""]",273,273,0,273,0,11,0,,cell_000317.heartbeat.jsonl,20,1,1,1,19,0.95,19,0,0.01,1,19,0.95,-10,-4.7280854842
318_evogrow_v2_2_stage_capped_pretune_on_53_2_7,paper1_phaseB_v1,B,,campaign_cell,,53,Model for apoptosis (cell death),3,surrogate,,evogrow_v2_2_stage_capped_pretune_on,evogrow_v2_2_stage_capped_pretune_on,7,finished,finished,True,,,2026-08-22T10:54:50.936Z,1.83805115259e-05,,,5,,,1326815,,2405.98958781,False,True,False,318,2,604e79733b22d64d,91f88c4,False,0.966075958827,"[0.9991115057138384, 0.9343660751862926, 0.9647502955810916]",430,1326815,ffb0266c7913352c,"[[""u1"",""u3""],[""u2""],[""u2"",""u3""]]",pretune_on,True,30,,"[5,5,5]","[null,null,null]","[""Success"",""Unstable"",""MaxIters""]","[""Success"",""Failure"",""MaxLossEvals""]",23056,23782,0,23056,726,75,35,,cell_000318.heartbeat.jsonl,21,2,2,2,19,0.904761904762,19,0,0.01,2,19,0.904761904762,-9,-4.73564240645
319_evogrow_v2_2_stage_capped_pretune_on_54_1_42,paper1_phaseB_v1,B,,campaign_cell,,54,Lorenz equations in well-behaved periodic regime,3,exact,3,evogrow_v2_2_stage_capped_pretune_on,evogrow_v2_2_stage_capped_pretune_on,42,finished,finished,True,,,2026-08-22T10:54:50.800Z,0.00103702506911,,False,5,2,8,4626601,,18966.5576529,False,True,False,319,1,604e79733b22d64d,91f88c4,False,0.998700522639,"[0.9980835113172501, 0.9992370388986024, 0.9987810177001718]",590,4626601,ffb0266c7913352c,"[[""u2"",""u3"",""u1^2"",""u2^2""],[""u1"",""u2"",""u3"",""u1^2"",""u3^2"",""u1*u3""],[""u1"",""u2"",""u3"",""u1^2""]]",pretune_on,True,30,"[2,0,0]","[5,3,3]","[null,3,3]","[""Success"",""MaxIters"",""Unstable""]","[""Failure"",""Success"",""MaxLossEvals""]",77665,79743,0,77665,2078,513,10,0,cell_000319.heartbeat.jsonl,29,18,18,12,11,0.379310344828,17,0,0.01,18,11,0.379310344828,-1,-2.98421074482
320_evogrow_v2_2_stage_capped_pretune_on_54_1_123,paper1_phaseB_v1,B,,campaign_cell,,54,Lorenz equations in well-behaved periodic regime,3,exact,3,evogrow_v2_2_stage_capped_pretune_on,evogrow_v2_2_stage_capped_pretune_on,123,finished,finished,True,,,2026-08-22T10:55:26.475Z,6.96743728085e-05,,False,5,2,8,4649295,,30898.751983,False,True,False,320,1,604e79733b22d64d,91f88c4,False,0.999902391599,"[0.9998757633222287, 0.9998555600092989, 0.9999758514653356]",570,4649295,ffb0266c7913352c,"[[""u1"",""u2"",""u3""],[""u1"",""u3"",""u1^2"",""u2^2"",""u3^2"",""u1*u3""],[""u1"",""u2"",""u3"",""u2^2"",""u1*u2""]]",pretune_on,True,30,"[2,0,0]","[5,3,3]","[null,3,3]","[""Success"",""Unstable"",""MaxIters""]","[""Failure"",""Success"",""MaxLossEvals""]",64168,68254,0,64168,4086,542,16,0,cell_000320.heartbeat.jsonl,28,17,17,10,11,0.392857142857,18,0,0.01,17,11,0.392857142857,-2,-4.15692693201
321_evogrow_v2_2_stage_capped_pretune_on_54_1_7,paper1_phaseB_v1,B,,campaign_cell,,54,Lorenz equations in well-behaved periodic regime,3,exact,3,evogrow_v2_2_stage_capped_pretune_on,evogrow_v2_2_stage_capped_pretune_on,7,finished,finished,True,,,2026-08-22T10:54:54.146Z,0.000627230123002,,False,5,2,8,4560093,,65152.5423259,False,True,False,321,1,604e79733b22d64d,91f88c4,False,0.999430070156,"[0.9996767183205241, 0.9996616477819203, 0.9989518443660104]",570,4560093,ffb0266c7913352c,"[[""u1"",""u2"",""u3""],[""u1"",""u3"",""u1^2"",""u2^2"",""u3^2"",""u2*u3""],[""u1"",""u2"",""u3"",""u1^2""]]",pretune_on,True,30,"[2,0,0]","[5,3,3]","[null,3,3]","[""Success"",""Unstable"",""MaxIters""]","[""Success"",""Failure"",""MaxLossEvals""]",48797,57315,0,48797,8518,537,9,0,cell_000321.heartbeat.jsonl,28,17,17,11,11,0.392857142857,17,0,0.01,17,11,0.392857142857,-2,-3.20257309264
322_evogrow_v2_2_stage_capped_pretune_on_54_2_42,paper1_phaseB_v1,B,,campaign_cell,,54,Lorenz equations in well-behaved periodic regime,3,exact,3,evogrow_v2_2_stage_capped_pretune_on,evogrow_v2_2_stage_capped_pretune_on,42,finished,finished,True,,,2026-08-22T10:55:26.949Z,0.403806414822,,False,5,2,7,5388573,,28582.536805,False,True,False,322,2,604e79733b22d64d,91f88c4,False,0.95418398716,"[0.9273069635509292, 0.9607880361225355, 0.9744569618059122]",610,5388573,ffb0266c7913352c,"[[""u1"",""u2"",""u3"",""u1^2"",""u2^2"",""u3^2""],[""u1"",""u2"",""u3"",""u1^2"",""u2^2"",""u3^2""],[""u1"",""u2"",""u3"",""u1^2"",""u2^2"",""u3^2""]]",pretune_on,True,30,"[2,0,0]","[5,3,3]","[null,3,3]","[""Success"",""Unstable"",""MaxIters""]","[""Success"",""Failure"",""MaxLossEvals""]",378954,382166,0,378954,3212,483,20,0,cell_000322.heartbeat.jsonl,30,16,16,13,14,0.466666666667,17,0,0.01,16,14,0.466666666667,0,-0.393826786186
323_evogrow_v2_2_stage_capped_pretune_on_54_2_123,paper1_phaseB_v1,B,,campaign_cell,,54,Lorenz equations in well-behaved periodic regime,3,exact,3,evogrow_v2_2_stage_capped_pretune_on,evogrow_v2_2_stage_capped_pretune_on,123,finished,finished,True,,,2026-08-22T10:56:31.410Z,0.403806414822,,False,4,1,4,5416729,,18499.7162124,False,True,False,323,2,604e79733b22d64d,91f88c4,False,0.95418398716,"[0.9273069635509292, 0.9607880361225355, 0.9744569618059122]",610,5416729,ffb0266c7913352c,"[[""u1"",""u2"",""u3"",""u1^2"",""u2^2"",""u3^2""],[""u1"",""u2"",""u3"",""u1^2"",""u2^2"",""u3^2""],[""u1"",""u2"",""u3"",""u1^2"",""u2^2"",""u3^2""]]",pretune_on,True,30,"[1,0,0]","[4,3,3]","[null,3,3]","[""Success"",""MaxIters"",""Unstable""]","[""Success"",""Failure"",""MaxLossEvals""]",336761,338497,0,336761,1736,508,10,0,cell_000323.heartbeat.jsonl,30,19,19,14,11,0.366666666667,16,0,0.01,19,11,0.366666666667,0,-0.393826786186
324_evogrow_v2_2_stage_capped_pretune_on_54_2_7,paper1_phaseB_v1,B,,campaign_cell,,54,Lorenz equations in well-behaved periodic regime,3,exact,3,evogrow_v2_2_stage_capped_pretune_on,evogrow_v2_2_stage_capped_pretune_on,7,finished,finished,True,,,2026-08-22T10:58:20.204Z,0.403806414822,,False,5,2,6,5683374,,59220.5603067,False,True,False,324,2,604e79733b22d64d,91f88c4,False,0.95418398716,"[0.9273069635509292, 0.9607880361225355, 0.9744569618059122]",610,5683374,ffb0266c7913352c,"[[""u1"",""u2"",""u3"",""u1^2"",""u2^2"",""u3^2""],[""u1"",""u2"",""u3"",""u1^2"",""u2^2"",""u3^2""],[""u1"",""u2"",""u3"",""u1^2"",""u2^2"",""u3^2""]]",pretune_on,True,30,"[2,0,0]","[5,3,3]","[null,3,3]","[""Success"",""Unstable"",""MaxIters""]","[""Success"",""MaxLossEvals"",""Failure""]",359347,367929,0,359347,8582,504,19,0,cell_000324.heartbeat.jsonl,30,17,17,13,13,0.433333333333,17,0,0.01,17,13,0.433333333333,0,-0.393826786186
325_evogrow_v2_2_stage_capped_pretune_on_55_1_42,paper1_phaseB_v1,B,,campaign_cell,,55,Lorenz equations in complex periodic regime,3,exact,3,evogrow_v2_2_stage_capped_pretune_on,evogrow_v2_2_stage_capped_pretune_on,42,finished,finished,True,,,2026-08-22T10:58:45.155Z,311.874681334,,False,4,1,4,7591211,,52642.76321,False,True,False,325,1,604e79733b22d64d,91f88c4,False,0.257747143346,"[0.15185595073287272, 0.25519030076544413, 0.36619517853960526]",610,7591211,ffb0266c7913352c,"[[""u1"",""u2"",""u3"",""u1^2"",""u2^2"",""u3^2""],[""u2"",""u3"",""u1^2"",""u2^2"",""u3^2"",""u1*u3""],[""u1"",""u2"",""u3"",""u1^2"",""u2^2"",""u3^2""]]",pretune_on,True,30,"[1,0,0]","[4,3,3]","[null,3,3]","[""Success"",""Unstable"",""MaxIters""]","[""Success"",""Failure"",""MaxLossEvals""]",1333092,1339348,0,1333092,6256,521,143,0,cell_000325.heartbeat.jsonl,30,23,23,13,7,0.233333333333,17,0,0.01,23,7,0.233333333333,0,2.49398011922
326_evogrow_v2_2_stage_capped_pretune_on_55_1_123,paper1_phaseB_v1,B,,campaign_cell,,55,Lorenz equations in complex periodic regime,3,exact,3,evogrow_v2_2_stage_capped_pretune_on,evogrow_v2_2_stage_capped_pretune_on,123,finished,finished,True,,,2026-08-22T11:00:12.547Z,337.814717093,,False,5,2,7,8341478,,88494.2670046,False,True,False,326,1,604e79733b22d64d,91f88c4,False,0.250335856084,"[0.3723887792049674, 0.0803746574181472, 0.2982441316287744]",610,8341478,ffb0266c7913352c,"[[""u1"",""u2"",""u3"",""u2^2"",""u3^2""],[""u3"",""u1^2"",""u2^2"",""u3^2""],[""u1"",""u2"",""u3"",""u1^2"",""u2^2"",""u3^2""]]",pretune_on,True,30,"[2,0,0]","[5,3,3]","[null,3,3]","[""Success"",""Unstable"",""MaxIters""]","[""Failure"",""Success"",""MaxLossEvals""]",1610090,1622862,0,1610090,12772,567,313,0,cell_000326.heartbeat.jsonl,30,16,16,12,14,0.466666666667,18,0,0.01,16,14,0.466666666667,0,2.52867856594
327_evogrow_v2_2_stage_capped_pretune_on_55_1_7,paper1_phaseB_v1,B,,campaign_cell,,55,Lorenz equations in complex periodic regime,3,exact,3,evogrow_v2_2_stage_capped_pretune_on,evogrow_v2_2_stage_capped_pretune_on,7,finished,finished,True,,,2026-08-22T11:02:42.841Z,350.588983498,,False,5,2,8,7636888,,85008.0887038,False,True,False,327,1,604e79733b22d64d,91f88c4,False,0.185930205745,"[0.15772285447541534, 0.17595404029636008, 0.224113722464661]",570,7636888,ffb0266c7913352c,"[[""u1"",""u2"",""u3"",""u1^2"",""u2^2"",""u3^2""],[""u3"",""u1^2"",""u2^2"",""u1*u3"",""u2*u3""],[""u1"",""u2"",""u3"",""u1^2"",""u2^2"",""u3^2""]]",pretune_on,True,30,"[2,0,0]","[5,3,3]","[null,3,3]","[""Success"",""Unstable"",""MaxIters""]","[""Failure"",""Success"",""MaxLossEvals""]",1140154,1152332,0,1140154,12178,523,281,0,cell_000327.heartbeat.jsonl,28,17,17,10,11,0.392857142857,18,0,0.01,17,11,0.392857142857,-2,2.54479826521
328_evogrow_v2_2_stage_capped_pretune_on_55_2_42,paper1_phaseB_v1,B,,campaign_cell,,55,Lorenz equations in complex periodic regime,3,exact,3,evogrow_v2_2_stage_capped_pretune_on,evogrow_v2_2_stage_capped_pretune_on,42,finished,finished,True,,,2026-08-22T11:03:10.683Z,280.487278037,,False,5,2,8,6842985,,660811.054936,False,True,False,328,2,604e79733b22d64d,91f88c4,False,0.350183555008,"[0.41757897553601775, 0.38816805702173174, 0.2448036324655085]",610,6842985,ffb0266c7913352c,"[[""u1"",""u2"",""u3^2"",""u1*u2"",""u2*u3"",""u2^3""],[""u1"",""u3"",""u3^2"",""u1*u3""],[""u1"",""u2"",""u3"",""u1^2"",""u3^2""]]",pretune_on,True,30,"[2,1,0]","[5,4,3]","[null,4,3]","[""Success"",""Unstable"",""MaxIters""]","[""Success"",""Failure"",""MaxLossEvals""]",854919,935053,0,854919,80134,523,152,0,cell_000328.heartbeat.jsonl,30,24,24,13,6,0.2,17,0,0.01,24,6,0.2,0,2.4479131679
329_evogrow_v2_2_stage_capped_pretune_on_55_2_123,paper1_phaseB_v1,B,,campaign_cell,,55,Lorenz equations in complex periodic regime,3,exact,3,evogrow_v2_2_stage_capped_pretune_on,evogrow_v2_2_stage_capped_pretune_on,123,finished,finished,True,,,2026-08-22T11:11:44.499Z,345.721500568,,False,5,2,8,8231572,,184677.187152,False,True,False,329,2,604e79733b22d64d,91f88c4,False,0.192080352885,"[0.23346677251142722, 0.2229800680306191, 0.1197942181125059]",610,8231572,ffb0266c7913352c,"[[""u1"",""u2"",""u2^2"",""u3^2"",""u1*u3""],[""u1"",""u3"",""u1^2"",""u2^2"",""u3^2""],[""u1"",""u2"",""u3"",""u1^2"",""u2^2"",""u3^2""]]",pretune_on,True,30,"[2,1,0]","[5,4,3]","[null,4,3]","[""Success"",""Unstable"",""MaxIters""]","[""Failure"",""Success"",""MaxLossEvals""]",1319542,1343514,0,1319542,23972,532,279,0,cell_000329.heartbeat.jsonl,30,19,19,10,11,0.366666666667,20,0,0.01,19,11,0.366666666667,0,2.53872638934
330_evogrow_v2_2_stage_capped_pretune_on_55_2_7,paper1_phaseB_v1,B,,campaign_cell,,55,Lorenz equations in complex periodic regime,3,exact,3,evogrow_v2_2_stage_capped_pretune_on,evogrow_v2_2_stage_capped_pretune_on,7,finished,finished,True,,,2026-08-22T11:35:37.308Z,262.053280893,,False,5,2,5,7610950,,444691.476023,False,True,False,330,2,604e79733b22d64d,91f88c4,False,0.426915286309,"[0.6548039347610792, 0.3909679975866268, 0.2349739265804488]",610,7610950,ffb0266c7913352c,"[[""u1"",""u2"",""u1*u2"",""u1*u3"",""u2*u3""],[""u1"",""u3"",""u1^2"",""u3^2"",""u1*u2"",""u1*u3""],[""u1"",""u2"",""u3"",""u1^2"",""u3^2"",""u1*u3""]]",pretune_on,True,30,"[2,1,0]","[5,4,3]","[null,4,3]","[""Success"",""Unstable"",""MaxIters""]","[""Success"",""Failure"",""MaxLossEvals""]",985398,1042121,0,985398,56723,538,153,0,cell_000330.heartbeat.jsonl,30,22,22,11,8,0.266666666667,19,0,0.01,22,8,0.266666666667,0,2.41838960142
331_evogrow_v2_2_stage_capped_pretune_on_56_1_42,paper1_phaseB_v1,B,,campaign_cell,,56,Lorenz equations standard parameters (chaotic),3,exact,3,evogrow_v2_2_stage_capped_pretune_on,evogrow_v2_2_stage_capped_pretune_on,42,finished,finished,True,,,2026-08-22T11:42:27.513Z,44.339157238,,False,4,1,3,6896002,,75083.5597189,False,True,False,331,1,604e79733b22d64d,91f88c4,False,0.368174806124,"[0.15983995960108277, 0.1827922929008593, 0.7618921658693909]",610,6896002,ffb0266c7913352c,"[[""u1"",""u2"",""u3"",""u1^2"",""u2^2"",""u3^2""],[""u1"",""u3"",""u1^2"",""u3^2"",""u1*u3"",""u2*u3""],[""u1"",""u2"",""u3"",""u1^2"",""u3^2"",""u1*u3""]]",pretune_on,True,30,"[1,0,0]","[4,3,3]","[null,3,3]","[""Success"",""Unstable"",""MaxIters""]","[""Success"",""Failure"",""MaxLossEvals""]",857307,867892,0,857307,10585,519,147,0,cell_000331.heartbeat.jsonl,30,24,24,13,6,0.2,17,0,0.01,24,6,0.2,0,1.64678743415
332_evogrow_v2_2_stage_capped_pretune_on_56_1_123,paper1_phaseB_v1,B,,campaign_cell,,56,Lorenz equations standard parameters (chaotic),3,exact,3,evogrow_v2_2_stage_capped_pretune_on,evogrow_v2_2_stage_capped_pretune_on,123,finished,finished,True,,,2026-08-22T11:58:15.038Z,42.7314605948,,False,4,1,4,6180269,,1042911.11306,False,True,False,332,1,604e79733b22d64d,91f88c4,False,0.41711428697,"[0.4907124229055636, 0.46178522584226545, 0.2988452121621521]",610,6180269,ffb0266c7913352c,"[[""u1"",""u2"",""u3"",""u1*u3"",""u2*u3""],[""u1"",""u2"",""u3^2"",""u1*u2"",""u1*u3"",""u2*u3""],[""u2"",""u3"",""u1*u2"",""u1*u3"",""u2*u3""]]",pretune_on,True,30,"[1,0,0]","[4,3,3]","[null,3,3]","[""Success"",""Unstable"",""MaxIters""]","[""Success"",""Failure"",""MaxLossEvals""]",501744,641032,0,501744,139288,452,196,0,cell_000332.heartbeat.jsonl,30,23,23,8,7,0.233333333333,22,0,0.01,23,7,0.233333333333,0,1.6307477376
333_evogrow_v2_2_stage_capped_pretune_on_56_1_7,paper1_phaseB_v1,B,,campaign_cell,,56,Lorenz equations standard parameters (chaotic),3,exact,3,evogrow_v2_2_stage_capped_pretune_on,evogrow_v2_2_stage_capped_pretune_on,7,finished,finished,True,,,2026-08-22T12:42:37.058Z,45.3287004477,,False,5,2,6,6278981,,113216.554741,False,True,False,333,1,604e79733b22d64d,91f88c4,False,0.353382417192,"[0.13311949861572359, 0.1556781324603842, 0.7713496205012834]",610,6278981,ffb0266c7913352c,"[[""u1"",""u2"",""u3"",""u2^2"",""u3^2"",""u2*u3""],[""u1"",""u3"",""u2^2"",""u1*u2"",""u1*u3"",""u2*u3""],[""u1"",""u2"",""u3"",""u1^2"",""u1*u2"",""u1*u3""]]",pretune_on,True,30,"[2,0,0]","[5,3,3]","[null,3,3]","[""Success"",""Unstable"",""MaxIters""]","[""Success"",""Failure"",""MaxLossEvals""]",679587,696432,0,679587,16845,542,60,0,cell_000333.heartbeat.jsonl,30,21,21,13,9,0.3,17,0,0.01,17,13,0.433333333333,0,1.65637326822
334_evogrow_v2_2_stage_capped_pretune_on_56_2_42,paper1_phaseB_v1,B,,campaign_cell,,56,Lorenz equations standard parameters (chaotic),3,exact,3,evogrow_v2_2_stage_capped_pretune_on,evogrow_v2_2_stage_capped_pretune_on,42,finished,finished,True,,,2026-08-22T16:05:32.812Z,55.9395034966,,False,4,1,2,7242038,,136515.448322,False,True,False,334,2,604e79733b22d64d,91f88c4,False,0.247205457923,"[0.0730908317707959, 0.12830129433535198, 0.540224247663825]",610,7242038,ffb0266c7913352c,"[[""u1"",""u2"",""u3"",""u1^2"",""u2^2"",""u3^2""],[""u1"",""u3"",""u3^2"",""u1*u2"",""u1*u3"",""u2*u3""],[""u1"",""u2"",""u3"",""u1*u2"",""u1*u3""]]",pretune_on,True,30,"[1,0,0]","[4,3,3]","[null,3,3]","[""Success"",""MaxIters"",""Unstable""]","[""Success"",""Failure"",""MaxLossEvals""]",889419,911130,0,889419,21711,541,274,0,cell_000334.heartbeat.jsonl,30,25,25,13,5,0.166666666667,17,0,0.01,22,8,0.266666666667,0,1.74771860738
335_evogrow_v2_2_stage_capped_pretune_on_56_2_123,paper1_phaseB_v1,B,,campaign_cell,,56,Lorenz equations standard parameters (chaotic),3,exact,3,evogrow_v2_2_stage_capped_pretune_on,evogrow_v2_2_stage_capped_pretune_on,123,finished,finished,True,,,2026-08-22T16:11:38.728Z,57.6265396079,,False,5,2,8,7773870,,201837.959216,False,True,False,335,2,604e79733b22d64d,91f88c4,False,0.236951587097,"[0.33871703204625836, 0.39387212955790707, -0.02173440031273799]",570,7773870,ffb0266c7913352c,"[[""u1"",""u2"",""u3"",""u2^2"",""u3^2"",""u1*u3""],[""u2"",""u1^2"",""u1*u3"",""u2*u3""],[""u2"",""u1*u3""]]",pretune_on,True,30,"[2,0,0]","[5,3,3]","[null,3,3]","[""Success"",""Unstable"",""MaxIters""]","[""Success"",""Failure"",""MaxLossEvals""]",634900,670158,0,634900,35258,502,312,0,cell_000335.heartbeat.jsonl,28,17,17,9,11,0.392857142857,19,0,0.01,15,13,0.464285714286,-2,1.7606225416
336_evogrow_v2_2_stage_capped_pretune_on_56_2_7,paper1_phaseB_v1,B,,campaign_cell,,56,Lorenz equations standard parameters (chaotic),3,exact,3,evogrow_v2_2_stage_capped_pretune_on,evogrow_v2_2_stage_capped_pretune_on,7,finished,finished,True,,,2026-08-22T17:45:58.501Z,53.2749427638,,False,5,2,8,6362217,,598843.224994,False,True,False,336,2,604e79733b22d64d,91f88c4,False,0.300788501405,"[0.48266938360472045, 0.43775656036315425, -0.018060439753081692]",510,6362217,ffb0266c7913352c,"[[""u1"",""u2"",""u3"",""u1^2"",""u2^2"",""u3^2""],[""u1"",""u3"",""u1^2"",""u3^2""],[""u1"",""u2"",""u2*u3""]]",pretune_on,True,30,"[2,0,0]","[5,3,3]","[null,3,3]","[""Success"",""Unstable"",""MaxIters""]","[""Success"",""Failure"",""MaxLossEvals""]",683426,762809,0,683426,79383,401,265,0,cell_000336.heartbeat.jsonl,25,14,14,7,11,0.44,18,0,0.01,14,11,0.44,-5,1.7265229918
337_evogrow_v2_2_stage_capped_pretune_on_57_1_42,paper1_phaseB_v1,B,,campaign_cell,,57,Rössler attractor (stable fixed point),3,surrogate,,evogrow_v2_2_stage_capped_pretune_on,evogrow_v2_2_stage_capped_pretune_on,42,finished,finished,True,,,2026-08-22T18:52:30.082Z,0.0012844068446,,,5,,,320973,,488.654799014,False,True,False,337,1,604e79733b22d64d,91f88c4,False,0.795283302191,"[0.9964796142195216, 0.99447910722013, 0.3948911851331356]",430,320973,ffb0266c7913352c,"[[""u2""],[""u1"",""u2""],[""u2"",""u3""]]",pretune_on,True,30,,"[5,5,4]","[null,null,4]","[""Success"",""Unstable"",""MaxIters""]","[""Success"",""Failure""]",371,443,0,371,72,30,0,,cell_000337.heartbeat.jsonl,21,2,2,2,19,0.904761904762,19,0,0.01,2,19,0.904761904762,-9,-2.89129738874
338_evogrow_v2_2_stage_capped_pretune_on_57_1_123,paper1_phaseB_v1,B,,campaign_cell,,57,Rössler attractor (stable fixed point),3,surrogate,,evogrow_v2_2_stage_capped_pretune_on,evogrow_v2_2_stage_capped_pretune_on,123,finished,finished,True,,,2026-08-22T19:01:18.750Z,0.0012998138074,,,5,,,249625,,396.149329609,False,True,False,338,1,604e79733b22d64d,91f88c4,False,0.788539879109,"[0.9964779429217108, 0.9944806018517218, 0.3746610925549144]",410,249625,ffb0266c7913352c,"[[""u2""],[""u1"",""u2""],[""u3""]]",pretune_on,True,30,,"[5,5,4]","[null,null,4]","[""Success"",""Unstable"",""MaxIters""]","[""Success"",""Failure""]",536,620,0,536,84,19,0,,cell_000338.heartbeat.jsonl,20,1,1,1,19,0.95,19,0,0.01,1,19,0.95,-10,-2.88611885401
339_evogrow_v2_2_stage_capped_pretune_on_57_1_7,paper1_phaseB_v1,B,,campaign_cell,,57,Rössler attractor (stable fixed point),3,surrogate,,evogrow_v2_2_stage_capped_pretune_on,evogrow_v2_2_stage_capped_pretune_on,7,finished,finished,True,,,2026-08-22T19:08:35.317Z,0.000899025419446,,,5,,,620625,,3909.27104692,False,True,False,339,1,604e79733b22d64d,91f88c4,False,0.790061491339,"[0.9997081533016522, 0.9958152286210374, 0.37466109209376885]",450,620625,ffb0266c7913352c,"[[""u1"",""u2"",""u3""],[""u1"",""u2""],[""u3""]]",pretune_on,True,30,,"[5,5,4]","[null,null,4]","[""Success"",""Unstable"",""MaxIters""]","[""Success"",""Failure""]",5628,6508,0,5628,880,82,0,,cell_000339.heartbeat.jsonl,22,3,3,3,19,0.863636363636,19,0,0.01,3,19,0.863636363636,-8,-3.04622802866
340_evogrow_v2_2_stage_capped_pretune_on_57_2_42,paper1_phaseB_v1,B,,campaign_cell,,57,Rössler attractor (stable fixed point),3,surrogate,,evogrow_v2_2_stage_capped_pretune_on,evogrow_v2_2_stage_capped_pretune_on,42,finished,finished,True,,,2026-08-22T19:31:05.802Z,0.00122113736436,,,5,,,558680,,453.727604197,False,True,False,340,2,604e79733b22d64d,91f88c4,False,0.939556613577,"[0.9998934301914515, 0.9984626464846966, 0.8203137640551491]",530,558680,ffb0266c7913352c,"[[""u2"",""u3^3""],[""u1"",""u2""],[""u1"",""u3"",""u3^2""]]",pretune_on,True,30,,"[5,5,5]","[null,null,5]","[""Success"",""Unstable"",""MaxIters""]","[""Success"",""Failure"",""MaxLossEvals""]",1574,1585,0,1574,11,35,1,,cell_000340.heartbeat.jsonl,26,20,20,6,6,0.230769230769,20,0,0.01,11,15,0.576923076923,-4,-2.91323548001
341_evogrow_v2_2_stage_capped_pretune_on_57_2_123,paper1_phaseB_v1,B,,campaign_cell,,57,Rössler attractor (stable fixed point),3,surrogate,,evogrow_v2_2_stage_capped_pretune_on,evogrow_v2_2_stage_capped_pretune_on,123,finished,finished,True,,,2026-08-22T19:39:20.244Z,0.00135441841526,,,5,,,402374,,287.707573339,False,True,False,341,2,604e79733b22d64d,91f88c4,False,0.939080139131,"[0.9997551884683918, 0.9981265645865967, 0.8193586643369062]",430,402374,ffb0266c7913352c,"[[""u2"",""u3""],[""u1"",""u2""],[""u3"",""u3^2""]]",pretune_on,True,30,,"[5,5,5]","[null,null,5]","[""Success"",""Unstable""]","[""Success"",""Failure"",""MaxLossEvals""]",981,981,0,981,0,20,5,,cell_000341.heartbeat.jsonl,21,6,6,3,15,0.714285714286,18,0,0.01,6,15,0.714285714286,-9,-2.86824715
342_evogrow_v2_2_stage_capped_pretune_on_57_2_7,paper1_phaseB_v1,B,,campaign_cell,,57,Rössler attractor (stable fixed point),3,surrogate,,evogrow_v2_2_stage_capped_pretune_on,evogrow_v2_2_stage_capped_pretune_on,7,finished,finished,True,,,2026-08-22T19:44:48.287Z,0.00122493269436,,,5,,,643099,,680.998043586,False,True,False,342,2,604e79733b22d64d,91f88c4,False,0.939560725387,"[0.9999138179183967, 0.9984292144587995, 0.8203391437835845]",490,643099,ffb0266c7913352c,"[[""u1"",""u2"",""u3^2""],[""u1"",""u2""],[""u1"",""u3"",""u3^2""]]",pretune_on,True,30,,"[5,5,5]","[null,null,5]","[""Success"",""Unstable"",""MaxIters""]","[""Success"",""MaxLossEvals"",""Failure""]",1339,1387,0,1339,48,19,2,,cell_000342.heartbeat.jsonl,24,11,11,6,13,0.541666666667,17,1,0.01,11,13,0.541666666667,-6,-2.91188777356
343_evogrow_v2_2_stage_capped_pretune_on_58_1_42,paper1_phaseB_v1,B,,campaign_cell,,58,Rössler attractor (periodic),3,surrogate,,evogrow_v2_2_stage_capped_pretune_on,evogrow_v2_2_stage_capped_pretune_on,42,finished,finished,True,,,2026-08-22T19:56:49.378Z,0.0412913328333,,,5,,,5391230,,22039.9036394,False,True,False,343,1,604e79733b22d64d,91f88c4,False,0.9277456279,"[0.9997390189117464, 0.9998691518656562, 0.7836287129212774]",610,5391230,ffb0266c7913352c,"[[""u1"",""u2"",""u3"",""u1^2"",""u2^2"",""u3^2""],[""u1"",""u2"",""u3"",""u1^2"",""u2^2"",""u3^2""],[""u1"",""u2"",""u3"",""u1^2"",""u2^2"",""u3^2""]]",pretune_on,True,30,,"[5,5,5]","[null,null,5]","[""Success"",""Unstable"",""MaxIters""]","[""Success"",""Failure"",""MaxLossEvals""]",301174,303341,0,301174,2167,578,2,,cell_000343.heartbeat.jsonl,30,18,18,14,12,0.4,16,0,0.01,18,12,0.4,0,-1.38414109841
344_evogrow_v2_2_stage_capped_pretune_on_58_1_123,paper1_phaseB_v1,B,,campaign_cell,,58,Rössler attractor (periodic),3,surrogate,,evogrow_v2_2_stage_capped_pretune_on,evogrow_v2_2_stage_capped_pretune_on,123,finished,finished,True,,,2026-08-22T20:14:24.961Z,0.0412913328333,,,5,,,5362857,,20520.5110458,False,True,False,344,1,604e79733b22d64d,91f88c4,False,0.9277456279,"[0.9997390189117464, 0.9998691518656562, 0.7836287129212774]",610,5362857,ffb0266c7913352c,"[[""u1"",""u2"",""u3"",""u1^2"",""u2^2"",""u3^2""],[""u1"",""u2"",""u3"",""u1^2"",""u2^2"",""u3^2""],[""u1"",""u2"",""u3"",""u1^2"",""u2^2"",""u3^2""]]",pretune_on,True,30,,"[5,5,5]","[null,null,5]","[""Success"",""Unstable"",""MaxIters""]","[""Success"",""Failure"",""MaxLossEvals""]",299360,301246,0,299360,1886,565,3,,cell_000344.heartbeat.jsonl,30,18,18,14,12,0.4,16,0,0.01,18,12,0.4,0,-1.38414109841
345_evogrow_v2_2_stage_capped_pretune_on_58_1_7,paper1_phaseB_v1,B,,campaign_cell,,58,Rössler attractor (periodic),3,surrogate,,evogrow_v2_2_stage_capped_pretune_on,evogrow_v2_2_stage_capped_pretune_on,7,finished,finished,True,,,2026-08-23T01:36:49.283Z,0.0412913328333,,,5,,,5339434,,20001.3238038,False,True,False,345,1,604e79733b22d64d,91f88c4,False,0.9277456279,"[0.9997390189117464, 0.9998691518656562, 0.7836287129212774]",610,5339434,ffb0266c7913352c,"[[""u1"",""u2"",""u3"",""u1^2"",""u2^2"",""u3^2""],[""u1"",""u2"",""u3"",""u1^2"",""u2^2"",""u3^2""],[""u1"",""u2"",""u3"",""u1^2"",""u2^2"",""u3^2""]]",pretune_on,True,30,,"[5,5,5]","[null,null,5]","[""Success"",""Unstable"",""MaxIters""]","[""Success"",""Failure"",""MaxLossEvals""]",296734,298470,0,296734,1736,556,3,,cell_000345.heartbeat.jsonl,30,18,18,14,12,0.4,16,0,0.01,18,12,0.4,0,-1.38414109841
346_evogrow_v2_2_stage_capped_pretune_on_58_2_42,paper1_phaseB_v1,B,,campaign_cell,,58,Rössler attractor (periodic),3,surrogate,,evogrow_v2_2_stage_capped_pretune_on,evogrow_v2_2_stage_capped_pretune_on,42,finished,finished,True,,,2026-08-23T01:57:06.039Z,0.0466648199446,,,5,,,5658227,,24983.0284563,False,True,False,346,2,604e79733b22d64d,91f88c4,False,0.936542560147,"[0.9999322309557849, 0.9999367670167837, 0.8097586824682466]",610,5658227,ffb0266c7913352c,"[[""u1"",""u2"",""u3"",""u1^2"",""u3^2"",""u3^3""],[""u1"",""u2"",""u3"",""u2^2"",""u3^2"",""u1*u2""],[""u1"",""u2"",""u3"",""u1^2"",""u2^2"",""u3^2""]]",pretune_on,True,30,,"[5,5,5]","[null,null,5]","[""Success"",""Unstable"",""MaxIters""]","[""Success"",""Failure"",""MaxLossEvals""]",317428,319399,0,317428,1971,584,14,,cell_000346.heartbeat.jsonl,30,26,26,15,4,0.133333333333,15,0,0.01,26,4,0.133333333333,0,-1.33101040555
347_evogrow_v2_2_stage_capped_pretune_on_58_2_123,paper1_phaseB_v1,B,,campaign_cell,,58,Rössler attractor (periodic),3,surrogate,,evogrow_v2_2_stage_capped_pretune_on,evogrow_v2_2_stage_capped_pretune_on,123,finished,finished,True,,,2026-08-23T02:04:49.962Z,0.0462848464595,,,5,,,5423101,,28511.9478806,False,True,False,347,2,604e79733b22d64d,91f88c4,False,0.936810399297,"[0.9999401138966518, 0.9999509531533644, 0.8105401308395269]",610,5423101,ffb0266c7913352c,"[[""u2"",""u3"",""u1^2"",""u3^2"",""u2*u3"",""u3^3""],[""u1"",""u2"",""u3"",""u2^2"",""u3^2"",""u1*u3""],[""u1"",""u2"",""u3"",""u1^2"",""u2^2"",""u3^2""]]",pretune_on,True,30,,"[5,5,5]","[null,null,5]","[""Success"",""Unstable"",""MaxIters""]","[""Success"",""Failure"",""MaxLossEvals""]",316047,318937,0,316047,2890,571,7,,cell_000347.heartbeat.jsonl,30,24,24,14,6,0.2,16,0,0.01,24,6,0.2,0,-1.33456117262
348_evogrow_v2_2_stage_capped_pretune_on_58_2_7,paper1_phaseB_v1,B,,campaign_cell,,58,Rössler attractor (periodic),3,surrogate,,evogrow_v2_2_stage_capped_pretune_on,evogrow_v2_2_stage_capped_pretune_on,7,finished,finished,True,,,2026-08-23T03:26:01.706Z,0.0467885301204,,,5,,,5305664,,101911.34321,False,True,False,348,2,604e79733b22d64d,91f88c4,False,0.936504065205,"[0.9999316374434026, 0.9999259020116777, 0.8096546561610017]",610,5305664,ffb0266c7913352c,"[[""u2"",""u3"",""u1^2"",""u3^2"",""u1^3"",""u3^3""],[""u1"",""u2"",""u3"",""u2^2"",""u1*u2""],[""u1"",""u2"",""u3"",""u1^2"",""u2^2"",""u3^2""]]",pretune_on,True,30,,"[5,5,5]","[null,null,5]","[""Success"",""Unstable"",""MaxIters""]","[""Success"",""Failure"",""MaxLossEvals""]",288982,300091,0,288982,11109,565,12,,cell_000348.heartbeat.jsonl,30,27,27,16,3,0.1,14,0,0.01,26,4,0.133333333333,0,-1.32986059812
349_evogrow_v2_2_stage_capped_pretune_on_59_1_42,paper1_phaseB_v1,B,,campaign_cell,,59,Rössler attractor (chaotic),3,surrogate,,evogrow_v2_2_stage_capped_pretune_on,evogrow_v2_2_stage_capped_pretune_on,42,finished,finished,True,,,2026-08-23T05:01:28.025Z,1.54097928126,,,5,,,6625512,,291147.130092,False,True,False,349,1,604e79733b22d64d,91f88c4,False,0.786112227441,"[0.9847315376651891, 0.9891169452405187, 0.3844881994179049]",610,6625512,ffb0266c7913352c,"[[""u1"",""u2"",""u3"",""u3^2"",""u1*u2""],[""u1"",""u3"",""u2^2"",""u1*u3"",""u2*u3""],[""u1"",""u2"",""u3"",""u2^2"",""u3^2"",""u1*u2""]]",pretune_on,True,30,,"[5,5,5]","[null,null,5]","[""Success"",""Unstable"",""MaxIters""]","[""Success"",""Failure"",""MaxLossEvals""]",542662,573206,0,542662,30544,559,160,,cell_000349.heartbeat.jsonl,30,20,20,12,10,0.333333333333,18,0,0.01,20,10,0.333333333333,0,0.187796799592
350_evogrow_v2_2_stage_capped_pretune_on_59_1_123,paper1_phaseB_v1,B,,campaign_cell,,59,Rössler attractor (chaotic),3,surrogate,,evogrow_v2_2_stage_capped_pretune_on,evogrow_v2_2_stage_capped_pretune_on,123,finished,finished,True,,,2026-08-23T07:10:52.712Z,1.34630950502,,,5,,,4445752,,147456.732989,False,True,False,350,1,604e79733b22d64d,91f88c4,False,0.814404456487,"[0.987479831769016, 0.9877932728250577, 0.4679402648656492]",610,4445752,ffb0266c7913352c,"[[""u1"",""u2"",""u1^2"",""u3^2"",""u1*u2""],[""u1"",""u2"",""u3"",""u3^2"",""u1*u2"",""u1*u3""],[""u1"",""u2"",""u3"",""u3^2"",""u1*u2"",""sin(u2)""]]",pretune_on,True,30,,"[5,5,5]","[null,null,5]","[""Success"",""MaxIters"",""Unstable""]","[""Success"",""Failure"",""MaxLossEvals""]",400120,419798,0,400120,19678,418,77,,cell_000350.heartbeat.jsonl,30,30,30,14,0,0,16,0,0.01,30,0,0,0,0.129144911945
351_evogrow_v2_2_stage_capped_pretune_on_59_1_7,paper1_phaseB_v1,B,,campaign_cell,,59,Rössler attractor (chaotic),3,surrogate,,evogrow_v2_2_stage_capped_pretune_on,evogrow_v2_2_stage_capped_pretune_on,7,finished,finished,True,,,2026-08-23T08:34:31.359Z,1.64613971153,,,3,,,5969198,,85591.2043371,False,True,False,351,1,604e79733b22d64d,91f88c4,False,0.778432680444,"[0.979700846668203, 0.9832532828466035, 0.37234391181599746]",610,5969198,ffb0266c7913352c,"[[""u1"",""u2"",""u3"",""u3^2"",""u1*u3""],[""u1"",""u3"",""u2^2""],[""u1"",""u2"",""u3"",""u2^2"",""u3^2"",""u1*u2""]]",pretune_on,True,30,,"[3,3,3]","[null,null,5]","[""Success"",""Unstable"",""MaxIters""]","[""Success"",""MaxLossEvals"",""Failure""]",391184,403293,0,391184,12109,549,128,,cell_000351.heartbeat.jsonl,30,27,27,14,3,0.1,16,0,0.01,27,3,0.1,0,0.216466691976
352_evogrow_v2_2_stage_capped_pretune_on_59_2_42,paper1_phaseB_v1,B,,campaign_cell,,59,Rössler attractor (chaotic),3,surrogate,,evogrow_v2_2_stage_capped_pretune_on,evogrow_v2_2_stage_capped_pretune_on,42,finished,finished,True,,,2026-08-23T08:54:09.261Z,0.82556951899,,,4,,,5110256,,30634.151205,False,True,False,352,2,604e79733b22d64d,91f88c4,False,0.876263948022,"[0.9922272674094329, 0.9893316841833228, 0.6472328924731371]",610,5110256,ffb0266c7913352c,"[[""u1"",""u2"",""u1^2"",""u2^2"",""u3^2"",""u1*u3""],[""u1"",""u2"",""u3"",""u1^2"",""u3^2"",""u1*u3""],[""u1"",""u3"",""u1^2"",""u2^2"",""u1^3""]]",pretune_on,True,30,,"[4,4,4]","[null,null,null]","[""Success"",""Unstable"",""MaxIters""]","[""Success"",""Failure"",""MaxLossEvals""]",345522,348013,0,345522,2491,509,54,,cell_000352.heartbeat.jsonl,30,29,29,16,1,0.0333333333333,14,0,0.01,29,1,0.0333333333333,0,-0.0832463500907
353_evogrow_v2_2_stage_capped_pretune_on_59_2_123,paper1_phaseB_v1,B,,campaign_cell,,59,Rössler attractor (chaotic),3,surrogate,,evogrow_v2_2_stage_capped_pretune_on,evogrow_v2_2_stage_capped_pretune_on,123,finished,finished,True,,,2026-08-23T10:00:42.831Z,0.826670553575,,,4,,,5362806,,46343.3833172,False,True,False,353,2,604e79733b22d64d,91f88c4,False,0.864477697746,"[0.9938200110752593, 0.9981204406991526, 0.6014926414649233]",610,5362806,ffb0266c7913352c,"[[""u1"",""u2"",""u1^2"",""u2^2"",""u3^2"",""u1^3""],[""u1"",""u2"",""u3"",""u1^2"",""u2^2"",""u3^2""],[""u1"",""u2"",""u3"",""u1^2"",""u3^3""]]",pretune_on,True,30,,"[4,4,4]","[null,null,null]","[""Success"",""Unstable"",""MaxIters""]","[""Success"",""Failure"",""MaxLossEvals""]",312216,314869,0,312216,2653,529,65,,cell_000353.heartbeat.jsonl,30,27,27,15,3,0.1,15,0,0.01,27,3,0.1,0,-0.082667531887
354_evogrow_v2_2_stage_capped_pretune_on_59_2_7,paper1_phaseB_v1,B,,campaign_cell,,59,Rössler attractor (chaotic),3,surrogate,,evogrow_v2_2_stage_capped_pretune_on,evogrow_v2_2_stage_capped_pretune_on,7,finished,finished,True,,,2026-08-23T10:40:11.652Z,0.826670553575,,,5,,,5907761,,103015.975536,False,True,False,354,2,604e79733b22d64d,91f88c4,False,0.864477697746,"[0.9938200110752593, 0.9981204406991526, 0.6014926414649233]",610,5907761,ffb0266c7913352c,"[[""u1"",""u2"",""u1^2"",""u2^2"",""u3^2"",""u1^3""],[""u1"",""u2"",""u3"",""u1^2"",""u2^2"",""u3^2""],[""u1"",""u2"",""u3"",""u1^2"",""u3^3""]]",pretune_on,True,30,,"[5,5,5]","[null,null,null]","[""Success"",""Unstable"",""MaxIters""]","[""Success"",""Failure"",""MaxLossEvals""]",359232,369510,0,359232,10278,524,99,,cell_000354.heartbeat.jsonl,30,26,26,14,4,0.133333333333,16,0,0.01,26,4,0.133333333333,0,-0.082667531887
355_evogrow_v2_2_stage_capped_pretune_on_60_1_42,paper1_phaseB_v1,B,,campaign_cell,,60,Aizawa attractor (chaotic),3,surrogate,,evogrow_v2_2_stage_capped_pretune_on,evogrow_v2_2_stage_capped_pretune_on,42,finished,finished,True,,,2026-08-23T11:35:47.183Z,0.163030108466,,,5,,,2885336,,36431.5029515,False,True,False,355,1,604e79733b22d64d,91f88c4,False,0.32408782702,"[0.005169856649145599, -0.020457840003934358, 0.9875514644141732]",470,2885336,ffb0266c7913352c,"[[""u1"",""u2""],[""u1"",""u2""],[""u1"",""u2""]]",pretune_on,True,30,,"[3,3,5]","[3,3,5]","[""Success"",""Unstable"",""MaxIters""]","[""Success"",""Failure"",""MaxLossEvals""]",41915,51521,0,41915,9606,390,41,,cell_000355.heartbeat.jsonl,23,4,4,3,19,0.826086956522,20,0,0.01,2,21,0.913043478261,-7,-0.787732182508
356_evogrow_v2_2_stage_capped_pretune_on_60_1_123,paper1_phaseB_v1,B,,campaign_cell,,60,Aizawa attractor (chaotic),3,surrogate,,evogrow_v2_2_stage_capped_pretune_on,evogrow_v2_2_stage_capped_pretune_on,123,finished,finished,True,,,2026-08-23T17:25:25.099Z,0.160910540157,,,5,,,1930093,,16847.8664692,False,True,False,356,1,604e79733b22d64d,91f88c4,False,0.331248567289,"[0.0046801815491809284, -0.0019415656973758022, 0.9910070860149257]",490,1930093,ffb0266c7913352c,"[[""u1"",""u2"",""u3""],[""u3""],[""u1"",""u2""]]",pretune_on,True,30,,"[3,3,5]","[3,3,5]","[""Success"",""Unstable"",""MaxIters""]","[""Success"",""Failure"",""MaxLossEvals""]",38487,42879,0,38487,4392,277,11,,cell_000356.heartbeat.jsonl,24,5,5,4,19,0.791666666667,20,0,0.01,5,19,0.791666666667,-6,-0.793415507286
357_evogrow_v2_2_stage_capped_pretune_on_60_1_7,paper1_phaseB_v1,B,,campaign_cell,,60,Aizawa attractor (chaotic),3,surrogate,,evogrow_v2_2_stage_capped_pretune_on,evogrow_v2_2_stage_capped_pretune_on,7,finished,finished,True,,,2026-08-23T20:10:14.304Z,0.161001814084,,,5,,,2406120,,28617.8081354,False,True,False,357,1,604e79733b22d64d,91f88c4,False,0.330915778413,"[0.0037577862986674093, -0.0019548453191935433, 0.9909443942585423]",450,2406120,ffb0266c7913352c,"[[""u2"",""u3""],[""u3""],[""u1"",""u2"",""u3""]]",pretune_on,True,30,,"[3,3,5]","[3,3,5]","[""Success"",""Unstable"",""MaxIters""]","[""Failure"",""Success"",""MaxLossEvals""]",39142,46791,0,39142,7649,274,58,,cell_000357.heartbeat.jsonl,22,3,3,3,19,0.863636363636,19,0,0.01,3,19,0.863636363636,-8,-0.793169230539
358_evogrow_v2_2_stage_capped_pretune_on_60_2_42,paper1_phaseB_v1,B,,campaign_cell,,60,Aizawa attractor (chaotic),3,surrogate,,evogrow_v2_2_stage_capped_pretune_on,evogrow_v2_2_stage_capped_pretune_on,42,finished,finished,True,,,2026-08-23T21:43:40.807Z,0.193447352194,,,5,,,8449609,,31708.4692127,False,True,False,358,2,604e79733b22d64d,91f88c4,False,0.547120752986,"[0.4573580892846718, 0.7476634749553296, 0.43634069471850323]",610,8449609,ffb0266c7913352c,"[[""u1"",""u2"",""u3"",""u3^2""],[""u1"",""u2^2"",""u3^2"",""u1*u2"",""u1*u3""],[""u2"",""u3"",""u2^2"",""u3^2"",""u2*u3""]]",pretune_on,True,30,,"[3,3,5]","[3,3,5]","[""Success"",""Unstable"",""MaxIters""]","[""Success"",""Failure"",""MaxLossEvals""]",201238,205205,0,201238,3967,492,376,,cell_000358.heartbeat.jsonl,30,24,24,12,6,0.2,18,0,0.01,24,6,0.2,0,-0.713437210297
359_evogrow_v2_2_stage_capped_pretune_on_60_2_123,paper1_phaseB_v1,B,,campaign_cell,,60,Aizawa attractor (chaotic),3,surrogate,,evogrow_v2_2_stage_capped_pretune_on,evogrow_v2_2_stage_capped_pretune_on,123,finished,finished,True,,,2026-08-23T22:06:54.032Z,0.184882015594,,,5,,,7273304,,13802.6040979,False,True,False,359,2,604e79733b22d64d,91f88c4,False,0.588183420783,"[0.6825191873335787, 0.7561799028460602, 0.3258511721692873]",570,7273304,ffb0266c7913352c,"[[""u1"",""u2"",""u1^2"",""u3^2""],[""u1"",""u2"",""u1*u2"",""u1*u3"",""u2*u3""],[""u2"",""u3"",""u2^2"",""u3^2"",""u1*u2"",""u2*u3""]]",pretune_on,True,30,,"[3,3,5]","[3,3,5]","[""Success"",""Unstable"",""MaxIters""]","[""Success"",""Failure"",""MaxLossEvals""]",211557,212840,0,211557,1283,446,319,,cell_000359.heartbeat.jsonl,28,17,17,10,11,0.392857142857,18,0,0.01,17,11,0.392857142857,-2,-0.733105332801
360_evogrow_v2_2_stage_capped_pretune_on_60_2_7,paper1_phaseB_v1,B,,campaign_cell,,60,Aizawa attractor (chaotic),3,surrogate,,evogrow_v2_2_stage_capped_pretune_on,evogrow_v2_2_stage_capped_pretune_on,7,finished,finished,True,,,2026-08-23T22:53:46.595Z,0.211893593805,,,5,,,6459453,,15166.5531892,False,True,False,360,2,604e79733b22d64d,91f88c4,False,0.539860256439,"[0.710282771129844, 0.7594809778517986, 0.14981702033540478]",570,6459453,ffb0266c7913352c,"[[""u1"",""u2"",""u3"",""u2^2"",""u3^2""],[""u1"",""u2^2""],[""u1"",""u2"",""u3"",""u1^2"",""u2^2"",""u3^2""]]",pretune_on,True,30,,"[3,3,5]","[3,3,5]","[""Success"",""Unstable"",""MaxIters""]","[""Failure"",""Success"",""MaxLossEvals""]",321651,323335,0,321651,1684,432,278,,cell_000360.heartbeat.jsonl,28,13,13,10,15,0.535714285714,18,0,0.01,13,15,0.535714285714,-2,-0.673882173149
361_evogrow_v2_2_stage_capped_pretune_on_61_1_42,paper1_phaseB_v1,B,,campaign_cell,,61,Chen-Lee attractor; system for gyro motion with feedback control of rigid body (chaotic),3,exact,3,evogrow_v2_2_stage_capped_pretune_on,evogrow_v2_2_stage_capped_pretune_on,42,finished,finished,True,,,2026-08-24T01:57:36.807Z,63.1094771402,,False,3,0,0,3038641,,205083.140752,False,True,False,361,1,604e79733b22d64d,91f88c4,False,0.040192321177,"[0.5329453396863091, 0.4634404675368996, -0.8758088436922584]",350,3038641,ffb0266c7913352c,"[[""u2"",""u3^2"",""u1*u2"",""u1*u3""],[""u1"",""u2"",""u3"",""u3^2""],[""u1"",""u2"",""u3""]]",pretune_on,True,30,"[0,0,0]","[3,3,3]","[3,3,3]","[""Success"",""Unstable"",""MaxIters""]","[""Success"",""Failure"",""MaxLossEvals""]",162698,193346,0,162698,30648,228,86,0,cell_000361.heartbeat.jsonl,17,14,14,7,3,0.176470588235,10,0,0.01,14,3,0.176470588235,-13,1.80009458208
362_evogrow_v2_2_stage_capped_pretune_on_61_1_123,paper1_phaseB_v1,B,,campaign_cell,,61,Chen-Lee attractor; system for gyro motion with feedback control of rigid body (chaotic),3,exact,3,evogrow_v2_2_stage_capped_pretune_on,evogrow_v2_2_stage_capped_pretune_on,123,finished,finished,True,,,2026-08-24T03:07:13.668Z,62.7232227228,,False,3,0,0,2906212,,234927.102364,False,True,False,362,1,604e79733b22d64d,91f88c4,False,0.0494797588334,"[0.5340960422658163, 0.46844362290565644, -0.8541003886712597]",350,2906212,ffb0266c7913352c,"[[""u2"",""u3^2"",""u1*u3""],[""u1"",""u2"",""u3"",""u3^2""],[""u1"",""u2"",""u3""]]",pretune_on,True,30,"[0,0,0]","[3,3,3]","[3,3,3]","[""Success"",""Unstable"",""MaxIters""]","[""Success"",""Failure"",""MaxLossEvals""]",115648,156293,0,115648,40645,222,78,0,cell_000362.heartbeat.jsonl,17,14,14,8,3,0.176470588235,9,0,0.01,14,3,0.176470588235,-13,1.79742836433
363_evogrow_v2_2_stage_capped_pretune_on_61_1_7,paper1_phaseB_v1,B,,campaign_cell,,61,Chen-Lee attractor; system for gyro motion with feedback control of rigid body (chaotic),3,exact,3,evogrow_v2_2_stage_capped_pretune_on,evogrow_v2_2_stage_capped_pretune_on,7,finished,finished,True,,,2026-08-24T04:07:52.491Z,56.0254320377,,False,3,0,0,4242524,,108666.422928,False,True,False,363,1,604e79733b22d64d,91f88c4,False,0.304468560852,"[0.5498480801978737, 0.5109960715159314, -0.14743846915728032]",510,4242524,ffb0266c7913352c,"[[""u2"",""u1^2"",""u2^2"",""u1*u3""],[""u1"",""u2"",""u3"",""u1^2"",""u3^2"",""u1*u3""],[""u1"",""u2"",""u3"",""u2*u3""]]",pretune_on,True,30,"[0,0,0]","[3,3,3]","[3,3,3]","[""Success"",""Unstable"",""MaxIters""]","[""Success"",""Failure"",""MaxLossEvals""]",296861,315196,0,296861,18335,298,136,0,cell_000363.heartbeat.jsonl,25,22,22,12,3,0.12,13,0,0.01,22,3,0.12,-5,1.74838521426
364_evogrow_v2_2_stage_capped_pretune_on_61_2_42,paper1_phaseB_v1,B,,campaign_cell,,61,Chen-Lee attractor; system for gyro motion with feedback control of rigid body (chaotic),3,exact,3,evogrow_v2_2_stage_capped_pretune_on,evogrow_v2_2_stage_capped_pretune_on,42,finished,finished,True,,,2026-08-24T06:01:29.398Z,53.9120848425,,False,3,0,0,5287981,,86608.8274797,False,True,False,364,2,604e79733b22d64d,91f88c4,False,0.466538527495,"[0.5851063189485561, 0.5553259588288864, 0.25918330470680506]",470,5287981,ffb0266c7913352c,"[[""u2"",""u3"",""u1^2"",""u2^2"",""u3^2""],[""u1"",""u2"",""u3"",""u2^2"",""u3^2"",""u1*u3""],[""u1"",""u2"",""u1^2"",""u3^2"",""u1*u2"",""u1*u3""]]",pretune_on,True,30,"[0,0,0]","[3,3,3]","[3,3,3]","[""Success"",""MaxIters"",""Unstable""]","[""Success"",""Failure"",""MaxLossEvals""]",567443,579755,0,567443,12312,411,162,0,cell_000364.heartbeat.jsonl,23,20,20,12,3,0.130434782609,11,0,0.01,20,3,0.130434782609,-7,1.73168612682
365_evogrow_v2_2_stage_capped_pretune_on_61_2_123,paper1_phaseB_v1,B,,campaign_cell,,61,Chen-Lee attractor; system for gyro motion with feedback control of rigid body (chaotic),3,exact,3,evogrow_v2_2_stage_capped_pretune_on,evogrow_v2_2_stage_capped_pretune_on,123,finished,finished,True,,,2026-08-24T06:32:50.501Z,69.5846655252,,False,3,0,0,5026839,,53131.6046664,False,True,False,365,2,604e79733b22d64d,91f88c4,False,0.147287279746,"[0.514593765422648, 0.4119454355475338, -0.48467736173139864]",490,5026839,ffb0266c7913352c,"[[""u2"",""u3"",""u1^2"",""u2^2"",""u3^2""],[""u1"",""u2"",""u3"",""u1^2"",""u2^2"",""u3^2""],[""u1"",""u2"",""u3"",""u1^2"",""u1*u2""]]",pretune_on,True,30,"[0,0,0]","[3,3,3]","[3,3,3]","[""Success"",""Unstable"",""MaxIters""]","[""Success"",""Failure"",""MaxLossEvals""]",556792,563570,0,556792,6778,433,98,0,cell_000365.heartbeat.jsonl,24,21,21,13,3,0.125,11,0,0.01,21,3,0.125,-6,1.84251354404
366_evogrow_v2_2_stage_capped_pretune_on_61_2_7,paper1_phaseB_v1,B,,campaign_cell,,61,Chen-Lee attractor; system for gyro motion with feedback control of rigid body (chaotic),3,exact,3,evogrow_v2_2_stage_capped_pretune_on,evogrow_v2_2_stage_capped_pretune_on,7,finished,finished,True,,,2026-08-24T07:45:13.819Z,64.401377558,,False,3,0,0,4653080,,137569.491694,False,True,False,366,2,604e79733b22d64d,91f88c4,False,0.244579369858,"[0.54160227627049, 0.4561342468456435, -0.2639984135419595]",490,4653080,ffb0266c7913352c,"[[""u2"",""u3"",""u2^2"",""u3^2"",""u1*u2""],[""u1"",""u2"",""u3""],[""u1"",""u2"",""u1^2"",""u2^2"",""u3^2"",""u1*u2""]]",pretune_on,True,30,"[0,0,0]","[3,3,3]","[3,3,3]","[""Success"",""Unstable"",""MaxIters""]","[""Success"",""Failure"",""MaxLossEvals""]",385352,403198,0,385352,17846,404,120,0,cell_000366.heartbeat.jsonl,24,21,21,11,3,0.125,12,1,0.01,21,3,0.125,-6,1.8088951571
367_evogrow_v2_2_stage_capped_pretune_on_62_1_42,paper1_phaseB_v1,B,,campaign_cell,,62,Binocular rivalry model with adaptation (oscillations),4,surrogate,,evogrow_v2_2_stage_capped_pretune_on,evogrow_v2_2_stage_capped_pretune_on,42,finished,finished,True,,,2026-09-04T15:05:39.474Z,4.64557603024e-05,,,5,,,4515742,,4184.05498506,False,True,False,367,1,604e79733b22d64d,91f88c4,False,0.999586249845,"[0.9988720017712004, 0.9997584299726826, 0.9997980449549198, 0.9999165226808745]",550,4515742,ffb0266c7913352c,"[[""u1"",""u3""],[""u2"",""u3"",""u4""],[""u1"",""u2"",""u3""],[""u3"",""u4""]]",pretune_on,True,30,,"[5,5,5,5]","[null,null,null,null]","[""Success"",""Unstable"",""MaxIters""]","[""Success"",""Failure"",""MaxLossEvals""]",6368,6759,0,6368,391,214,181,,cell_000367.heartbeat.jsonl,27,8,8,8,19,0.703703703704,19,0,0.01,8,19,0.703703703704,-3,-4.3329604278
368_evogrow_v2_2_stage_capped_pretune_on_62_1_123,paper1_phaseB_v1,B,,campaign_cell,,62,Binocular rivalry model with adaptation (oscillations),4,surrogate,,evogrow_v2_2_stage_capped_pretune_on,evogrow_v2_2_stage_capped_pretune_on,123,finished,finished,True,,,2026-09-04T15:16:59.613Z,2.01688142819e-05,,,5,,,1039437,,313.647747902,False,True,False,368,1,604e79733b22d64d,91f88c4,False,0.999820674016,"[0.9999377443468762, 0.9999104389966456, 0.9996165894683585, 0.9998179232504493]",510,1039437,ffb0266c7913352c,"[[""u1"",""u2"",""u3""],[""u1"",""u2""],[""u1"",""u3""],[""u3"",""u4""]]",pretune_on,True,30,,"[5,5,5,5]","[null,null,null,null]","[""Success""]","[""Failure"",""Success"",""MaxLossEvals""]",0,0,0,0,0,46,14,,cell_000368.heartbeat.jsonl,25,6,6,6,19,0.76,19,0,0.01,6,19,0.76,-5,-4.69531963307
369_evogrow_v2_2_stage_capped_pretune_on_62_1_7,paper1_phaseB_v1,B,,campaign_cell,,62,Binocular rivalry model with adaptation (oscillations),4,surrogate,,evogrow_v2_2_stage_capped_pretune_on,evogrow_v2_2_stage_capped_pretune_on,7,finished,finished,True,,,2026-09-04T15:22:53.951Z,5.4360504848e-05,,,5,,,1135137,,328.066040853,False,True,False,369,1,604e79733b22d64d,91f88c4,False,0.999459285759,"[0.9990897878366303, 0.9992723536699379, 0.9995336223744572, 0.9999413791569488]",510,1135137,ffb0266c7913352c,"[[""u1"",""u3""],[""u1"",""u2"",""u3""],[""u1"",""u3""],[""u1"",""u2"",""u4""]]",pretune_on,True,30,,"[5,5,5,5]","[null,null,null,null]","[""Success"",""Unstable""]","[""Failure"",""Success"",""MaxLossEvals""]",3015,3015,0,3015,0,49,20,,cell_000369.heartbeat.jsonl,25,6,6,6,19,0.76,19,0,0.01,6,19,0.76,-5,-4.26471651861
370_evogrow_v2_2_stage_capped_pretune_on_62_2_42,paper1_phaseB_v1,B,,campaign_cell,,62,Binocular rivalry model with adaptation (oscillations),4,surrogate,,evogrow_v2_2_stage_capped_pretune_on,evogrow_v2_2_stage_capped_pretune_on,42,finished,finished,True,,,2026-09-04T15:29:02.290Z,0.000228953661977,,,5,,,1871685,,10288.336176,False,True,False,370,2,604e79733b22d64d,91f88c4,False,0.928434909766,"[0.717080803353238, 0.9981925867339719, 0.9985778971413337, 0.999888351836155]",510,1871685,ffb0266c7913352c,"[[""u2"",""u3""],[""u1"",""u4"",""u1*u2""],[""u2"",""u3""],[""u3"",""u4""]]",pretune_on,True,30,,"[5,5,5,5]","[null,null,null,null]","[""Success"",""Unstable"",""MaxIters""]","[""Success"",""Failure"",""MaxLossEvals""]",9250,11188,0,9250,1938,95,36,,cell_000370.heartbeat.jsonl,25,17,17,7,8,0.32,18,0,0.01,17,8,0.32,-5,-3.6402524058
371_evogrow_v2_2_stage_capped_pretune_on_62_2_123,paper1_phaseB_v1,B,,campaign_cell,,62,Binocular rivalry model with adaptation (oscillations),4,surrogate,,evogrow_v2_2_stage_capped_pretune_on,evogrow_v2_2_stage_capped_pretune_on,123,finished,finished,True,,,2026-09-04T15:58:51.991Z,0.00081361233582,,,5,,,2447822,,18835.1828595,False,True,False,371,2,604e79733b22d64d,91f88c4,False,0.947155881258,"[0.826861546879098, 0.9965984422555877, 0.9899384872099263, 0.9752250486889892]",470,2447822,ffb0266c7913352c,"[[""u2"",""u3""],[""u1"",""u2""],[""u1"",""u2""],[""u2"",""u4""]]",pretune_on,True,30,,"[5,5,5,5]","[null,null,null,null]","[""Success"",""Unstable"",""MaxIters""]","[""Failure"",""Success"",""MaxLossEvals""]",68421,72022,0,68421,3601,108,69,,cell_000371.heartbeat.jsonl,23,4,4,4,19,0.826086956522,19,0,0.01,4,19,0.826086956522,-7,-3.08958247535
372_evogrow_v2_2_stage_capped_pretune_on_62_2_7,paper1_phaseB_v1,B,,campaign_cell,,62,Binocular rivalry model with adaptation (oscillations),4,surrogate,,evogrow_v2_2_stage_capped_pretune_on,evogrow_v2_2_stage_capped_pretune_on,7,finished,finished,True,,,2026-09-04T16:16:04.369Z,1.74602922515e-06,,,5,,,1607830,,9680.2361095,False,True,False,372,2,604e79733b22d64d,91f88c4,False,0.999455963422,"[0.9978531405275464, 0.99997757536367, 0.9999961592344685, 0.9999969785624059]",510,1607830,ffb0266c7913352c,"[[""u1"",""u3"",""u4""],[""u1"",""u2""],[""u1"",""u3"",""u4""],[""u3"",""u4""]]",pretune_on,True,30,,"[5,5,5,5]","[null,null,null,null]","[""Success"",""MaxIters"",""Unstable""]","[""Success"",""Failure"",""MaxLossEvals""]",5861,7525,0,5861,1664,67,19,,cell_000372.heartbeat.jsonl,25,7,7,6,18,0.72,19,0,0.01,7,18,0.72,-5,-5.75794849132
373_evogrow_v2_2_stage_capped_pretune_on_63_1_42,paper1_phaseB_v1,B,,campaign_cell,,63,SEIR infection model (proportions),4,exact,3,evogrow_v2_2_stage_capped_pretune_on,evogrow_v2_2_stage_capped_pretune_on,42,finished,finished,True,,,2026-09-04T16:22:40.341Z,0.000788737193891,,False,5,2,8,206944,,40.516516099,False,True,False,373,1,604e79733b22d64d,91f88c4,False,0.468886563686,"[0.9367449763347475, 0.9402347114737294, -0.9742581977081515, 0.972824764645357]",410,206944,ffb0266c7913352c,"[[""u3""],[""u2""],[""u2""],[""u3""]]",pretune_on,True,30,"[2,2,2,2]","[5,5,5,5]","[null,null,null,null]","[""Success"",""Unstable""]","[""Success"",""Failure""]",7,7,0,7,0,5,0,0,cell_000373.heartbeat.jsonl,20,1,1,1,19,0.95,19,0,0.01,1,19,0.95,-10,-3.10306767899
374_evogrow_v2_2_stage_capped_pretune_on_63_1_123,paper1_phaseB_v1,B,,campaign_cell,,63,SEIR infection model (proportions),4,exact,3,evogrow_v2_2_stage_capped_pretune_on,evogrow_v2_2_stage_capped_pretune_on,123,finished,finished,True,,,2026-09-04T16:24:01.306Z,0.000602168722791,,False,5,2,8,271717,,49.280082474,False,True,False,374,1,604e79733b22d64d,91f88c4,False,0.492117007251,"[0.9939662967058758, 0.9461061552089483, -0.9667944174147982, 0.9951899945051933]",410,271717,ffb0266c7913352c,"[[""u1""],[""u2""],[""u2""],[""u1""]]",pretune_on,True,30,"[2,2,2,2]","[5,5,5,5]","[null,null,null,null]","[""Success""]","[""Success"",""Failure""]",0,0,0,0,0,12,0,0,cell_000374.heartbeat.jsonl,20,1,1,1,19,0.95,19,0,0.01,1,19,0.95,-10,-3.2202818059
375_evogrow_v2_2_stage_capped_pretune_on_63_1_7,paper1_phaseB_v1,B,,campaign_cell,,63,SEIR infection model (proportions),4,exact,3,evogrow_v2_2_stage_capped_pretune_on,evogrow_v2_2_stage_capped_pretune_on,7,finished,finished,True,,,2026-09-04T16:25:31.365Z,0.00146885637009,,False,5,2,8,529916,,94.026043029,False,True,False,375,1,604e79733b22d64d,91f88c4,False,0.136248106136,"[0.9897026766896265, 0.5099714805252105, -1.9206276865586216, 0.9659459538890656]",410,529916,ffb0266c7913352c,"[[""u1""],[""u1""],[""u1""],[""u3""]]",pretune_on,True,30,"[2,2,2,2]","[5,5,5,5]","[null,null,null,null]","[""Success"",""Unstable""]","[""Failure"",""Success"",""MaxLossEvals""]",362,362,0,362,0,52,2,0,cell_000375.heartbeat.jsonl,20,1,1,1,19,0.95,19,0,0.01,1,19,0.95,-10,-2.83302066897
376_evogrow_v2_2_stage_capped_pretune_on_63_2_42,paper1_phaseB_v1,B,,campaign_cell,,63,SEIR infection model (proportions),4,exact,3,evogrow_v2_2_stage_capped_pretune_on,evogrow_v2_2_stage_capped_pretune_on,42,finished,finished,True,,,2026-09-04T16:27:45.706Z,0.000466119302898,,False,5,2,8,372144,,60.516517615,False,True,False,376,2,604e79733b22d64d,91f88c4,False,0.898141002,"[0.9572558322928931, 0.9895989048876057, 0.6508640076499467, 0.9948452631698568]",410,372144,ffb0266c7913352c,"[[""u3""],[""u2""],[""u3""],[""u1""]]",pretune_on,True,30,"[2,2,2,2]","[5,5,5,5]","[null,null,null,null]","[""Success"",""Unstable""]","[""Success"",""Failure"",""MaxLossEvals""]",963,963,0,963,0,27,4,0,cell_000376.heartbeat.jsonl,20,1,1,1,19,0.95,19,0,0.01,1,19,0.95,-10,-3.33150291172
377_evogrow_v2_2_stage_capped_pretune_on_63_2_123,paper1_phaseB_v1,B,,campaign_cell,,63,SEIR infection model (proportions),4,exact,3,evogrow_v2_2_stage_capped_pretune_on,evogrow_v2_2_stage_capped_pretune_on,123,finished,finished,True,,,2026-09-04T16:29:25.707Z,0.000474181749109,,False,5,2,8,441599,,66.065588399,False,True,False,377,2,604e79733b22d64d,91f88c4,False,0.897299047529,"[0.9617061023003487, 0.9895989048877899, 0.6433735727050112, 0.9945176102246738]",410,441599,ffb0266c7913352c,"[[""u3""],[""u2""],[""u1""],[""u1""]]",pretune_on,True,30,"[2,2,2,2]","[5,5,5,5]","[null,null,null,null]","[""Success"",""Unstable""]","[""Success"",""Failure""]",131,131,0,131,0,48,0,0,cell_000377.heartbeat.jsonl,20,1,1,1,19,0.95,19,0,0.01,1,19,0.95,-10,-3.3240551657
378_evogrow_v2_2_stage_capped_pretune_on_63_2_7,paper1_phaseB_v1,B,,campaign_cell,,63,SEIR infection model (proportions),4,exact,3,evogrow_v2_2_stage_capped_pretune_on,evogrow_v2_2_stage_capped_pretune_on,7,finished,finished,True,,,2026-09-04T16:31:12.242Z,0.000599996190923,,False,5,2,8,779666,,111.525229125,False,True,False,378,2,604e79733b22d64d,91f88c4,False,0.874431614893,"[0.9594688042844898, 0.6734872188174676, 0.866770844158004, 0.9979995923128309]",410,779666,ffb0266c7913352c,"[[""u2""],[""u1""],[""u4""],[""u3""]]",pretune_on,True,30,"[2,2,2,2]","[5,5,5,5]","[null,null,null,null]","[""Success"",""Unstable""]","[""Failure"",""Success"",""MaxLossEvals""]",654,654,0,654,0,97,4,0,cell_000378.heartbeat.jsonl,20,1,1,1,19,0.95,19,0,0.01,1,19,0.95,-10,-3.22185150673
379_evogrow_v2_2_stage_capped_pretune_off_1_1_42,paper1_phaseB_v1,B,,campaign_cell,,1,RC-circuit (charging capacitor),1,surrogate,,evogrow_v2_2_stage_capped_pretune_off,evogrow_v2_2_stage_capped_pretune_off,42,finished,finished,True,,,2026-09-04T21:16:26.492Z,6.6304887934e-05,,,5,,,618623,,98.729177862,False,True,False,379,1,604e79733b22d64d,91f88c4,False,0.999988066702,[0.9999880667019493],410,618623,ffb0266c7913352c,"[[""u1"",""u1^2"",""u1^3"",""cos(u1)""]]",pretune_off,False,30,,[5],[5],"[""Success"",""Unstable""]","[""Success"",""Failure"",""MaxLossEvals""]",15081,15081,0,15081,0,118,7,,cell_000379.heartbeat.jsonl,20,17,17,9,3,0.15,11,0,0.01,17,3,0.15,-10,-4.17845445463
380_evogrow_v2_2_stage_capped_pretune_off_1_1_123,paper1_phaseB_v1,B,,campaign_cell,,1,RC-circuit (charging capacitor),1,surrogate,,evogrow_v2_2_stage_capped_pretune_off,evogrow_v2_2_stage_capped_pretune_off,123,finished,finished,True,,,2026-09-04T21:16:31.720Z,6.63048899214e-05,,,5,,,572604,,84.69786118,False,True,False,380,1,604e79733b22d64d,91f88c4,False,0.999988066702,[0.9999880667015916],410,572604,ffb0266c7913352c,"[[""u1"",""u1^2"",""u1^3"",""cos(u1)""]]",pretune_off,False,30,,[5],[5],"[""Success"",""Unstable""]","[""Success"",""Failure"",""MaxLossEvals""]",15971,15971,0,15971,0,133,3,,cell_000380.heartbeat.jsonl,20,18,18,8,2,0.1,12,0,0.01,17,3,0.15,-10,-4.17845444162
381_evogrow_v2_2_stage_capped_pretune_off_1_1_7,paper1_phaseB_v1,B,,campaign_cell,,1,RC-circuit (charging capacitor),1,surrogate,,evogrow_v2_2_stage_capped_pretune_off,evogrow_v2_2_stage_capped_pretune_off,7,finished,finished,True,,,2026-09-04T21:16:32.215Z,6.63048912384e-05,,,5,,,557335,,85.875003175,False,True,False,381,1,604e79733b22d64d,91f88c4,False,0.999988066701,[0.9999880667013545],410,557335,ffb0266c7913352c,"[[""u1"",""u1^2"",""u1^3"",""cos(u1)""]]",pretune_off,False,30,,[5],[5],"[""Success"",""Unstable""]","[""Success"",""Failure"",""MaxLossEvals""]",15322,15322,0,15322,0,122,3,,cell_000381.heartbeat.jsonl,20,18,18,9,2,0.1,11,0,0.01,17,3,0.15,-10,-4.17845443299
382_evogrow_v2_2_stage_capped_pretune_off_1_2_42,paper1_phaseB_v1,B,,campaign_cell,,1,RC-circuit (charging capacitor),1,surrogate,,evogrow_v2_2_stage_capped_pretune_off,evogrow_v2_2_stage_capped_pretune_off,42,finished,finished,True,,,2026-09-04T21:16:42.752Z,0.000106615991453,,,5,,,231744,,38.407326991,False,True,False,382,2,604e79733b22d64d,91f88c4,False,0.999779148318,[0.9997791483178781],410,231744,ffb0266c7913352c,"[[""u1"",""u1^2"",""u1^3""]]",pretune_off,False,30,,[5],[5],"[""Success"",""Unstable""]","[""Success"",""Failure"",""MaxLossEvals""]",6213,6213,0,6213,0,31,2,,cell_000382.heartbeat.jsonl,20,15,15,6,5,0.25,14,0,0.01,13,7,0.35,-10,-3.9721776501
383_evogrow_v2_2_stage_capped_pretune_off_1_2_123,paper1_phaseB_v1,B,,campaign_cell,,1,RC-circuit (charging capacitor),1,surrogate,,evogrow_v2_2_stage_capped_pretune_off,evogrow_v2_2_stage_capped_pretune_off,123,finished,finished,True,,,2026-09-04T21:17:08.967Z,0.000106615991488,,,5,,,238086,,40.151229648,False,True,False,383,2,604e79733b22d64d,91f88c4,False,0.999779148318,[0.9997791483178072],410,238086,ffb0266c7913352c,"[[""u1"",""u1^2"",""u1^3""]]",pretune_off,False,30,,[5],[5],"[""Success"",""Unstable""]","[""Success"",""Failure"",""MaxLossEvals""]",5624,5624,0,5624,0,32,2,,cell_000383.heartbeat.jsonl,20,13,13,4,7,0.35,16,0,0.01,13,7,0.35,-10,-3.97217764996
384_evogrow_v2_2_stage_capped_pretune_off_1_2_7,paper1_phaseB_v1,B,,campaign_cell,,1,RC-circuit (charging capacitor),1,surrogate,,evogrow_v2_2_stage_capped_pretune_off,evogrow_v2_2_stage_capped_pretune_off,7,finished,finished,True,,,2026-09-04T21:17:38.582Z,0.000106615991479,,,5,,,214651,,37.105427506,False,True,False,384,2,604e79733b22d64d,91f88c4,False,0.999779148318,[0.9997791483178248],410,214651,ffb0266c7913352c,"[[""u1"",""u1^2"",""u1^3""]]",pretune_off,False,30,,[5],[5],"[""Success"",""Unstable""]","[""Success"",""Failure"",""MaxLossEvals""]",5189,5189,0,5189,0,22,1,,cell_000384.heartbeat.jsonl,20,14,14,10,6,0.3,10,0,0.01,13,7,0.35,-10,-3.97217765
385_evogrow_v2_2_stage_capped_pretune_off_2_1_42,paper1_phaseB_v1,B,,campaign_cell,,2,Population growth (naive),1,exact,1,evogrow_v2_2_stage_capped_pretune_off,evogrow_v2_2_stage_capped_pretune_off,42,finished,finished,True,,,2026-09-04T21:18:00.396Z,1.95581267087e-12,,True,1,0,0,2985,,11.625958495,False,True,False,385,1,604e79733b22d64d,91f88c4,False,1,[0.9999999999999862],30,2985,ffb0266c7913352c,"[[""u1""]]",pretune_off,False,30,[0],[1],[null],"[""Success""]","[""Success""]",0,0,0,0,0,0,0,1,cell_000385.heartbeat.jsonl,1,1,1,1,0,0,0,0,0.01,1,0,0,-29,-11.7086727446
386_evogrow_v2_2_stage_capped_pretune_off_2_1_123,paper1_phaseB_v1,B,,campaign_cell,,2,Population growth (naive),1,exact,1,evogrow_v2_2_stage_capped_pretune_off,evogrow_v2_2_stage_capped_pretune_off,123,finished,finished,True,,,2026-09-04T21:18:31.319Z,1.95581264025e-12,,True,1,0,0,2862,,11.217777366,False,True,False,386,1,604e79733b22d64d,91f88c4,False,1,[0.9999999999999862],30,2862,ffb0266c7913352c,"[[""u1""]]",pretune_off,False,30,[0],[1],[null],"[""Success""]","[""Success""]",0,0,0,0,0,0,0,1,cell_000386.heartbeat.jsonl,1,1,1,1,0,0,0,0,0.01,1,0,0,-29,-11.7086727514
387_evogrow_v2_2_stage_capped_pretune_off_2_1_7,paper1_phaseB_v1,B,,campaign_cell,,2,Population growth (naive),1,exact,1,evogrow_v2_2_stage_capped_pretune_off,evogrow_v2_2_stage_capped_pretune_off,7,finished,finished,True,,,2026-09-04T21:18:36.372Z,1.95581264025e-12,,True,1,0,0,2871,,10.742802144,False,True,False,387,1,604e79733b22d64d,91f88c4,False,1,[0.9999999999999862],30,2871,ffb0266c7913352c,"[[""u1""]]",pretune_off,False,30,[0],[1],[null],"[""Success""]","[""Success""]",0,0,0,0,0,0,0,1,cell_000387.heartbeat.jsonl,1,1,1,1,0,0,0,0,0.01,1,0,0,-29,-11.7086727514
388_evogrow_v2_2_stage_capped_pretune_off_2_2_42,paper1_phaseB_v1,B,,campaign_cell,,2,Population growth (naive),1,exact,1,evogrow_v2_2_stage_capped_pretune_off,evogrow_v2_2_stage_capped_pretune_off,42,finished,finished,True,,,2026-09-04T21:18:38.604Z,6.56045079064e-14,,True,1,0,0,2466,,10.669557083,False,True,False,388,2,604e79733b22d64d,91f88c4,False,1,[0.999999999999986],30,2466,ffb0266c7913352c,"[[""u1""]]",pretune_off,False,30,[0],[1],[null],"[""Success""]","[""Success""]",0,0,0,0,0,0,0,1,cell_000388.heartbeat.jsonl,1,1,1,1,0,0,0,0,0.01,1,0,0,-29,-13.1830663178
389_evogrow_v2_2_stage_capped_pretune_off_2_2_123,paper1_phaseB_v1,B,,campaign_cell,,2,Population growth (naive),1,exact,1,evogrow_v2_2_stage_capped_pretune_off,evogrow_v2_2_stage_capped_pretune_off,123,finished,finished,True,,,2026-09-04T21:18:45.544Z,6.56045457821e-14,,True,1,0,0,2436,,10.16930106,False,True,False,389,2,604e79733b22d64d,91f88c4,False,1,[0.999999999999986],30,2436,ffb0266c7913352c,"[[""u1""]]",pretune_off,False,30,[0],[1],[null],"[""Success""]","[""Success""]",0,0,0,0,0,0,0,1,cell_000389.heartbeat.jsonl,1,1,1,1,0,0,0,0,0.01,1,0,0,-29,-13.183066067
390_evogrow_v2_2_stage_capped_pretune_off_2_2_7,paper1_phaseB_v1,B,,campaign_cell,,2,Population growth (naive),1,exact,1,evogrow_v2_2_stage_capped_pretune_off,evogrow_v2_2_stage_capped_pretune_off,7,finished,finished,True,,,2026-09-04T21:18:52.307Z,6.56045488965e-14,,True,1,0,0,2406,,10.60748871,False,True,False,390,2,604e79733b22d64d,91f88c4,False,1,[0.999999999999986],30,2406,ffb0266c7913352c,"[[""u1""]]",pretune_off,False,30,[0],[1],[null],"[""Success""]","[""Success""]",0,0,0,0,0,0,0,1,cell_000390.heartbeat.jsonl,1,1,1,1,0,0,0,0,0.01,1,0,0,-29,-13.1830660464
391_evogrow_v2_2_stage_capped_pretune_off_3_1_42,paper1_phaseB_v1,B,,campaign_cell,,3,Population growth with carrying capacity,1,exact,2,evogrow_v2_2_stage_capped_pretune_off,evogrow_v2_2_stage_capped_pretune_off,42,finished,finished,True,,,2026-09-04T21:18:56.201Z,7.76630202912e-09,,True,2,0,0,188849,,32.873196592,False,True,False,391,1,604e79733b22d64d,91f88c4,False,0.999999999985,[0.9999999999850032],130,188849,ffb0266c7913352c,"[[""u1"",""u1^2""]]",pretune_off,False,30,[0],[2],[2],"[""Success"",""Unstable""]","[""Success"",""Failure"",""MaxLossEvals""]",2156,2156,0,2156,0,28,7,1,cell_000391.heartbeat.jsonl,6,6,6,4,0,0,2,0,0.01,6,0,0,-24,-8.10978572388
392_evogrow_v2_2_stage_capped_pretune_off_3_1_123,paper1_phaseB_v1,B,,campaign_cell,,3,Population growth with carrying capacity,1,exact,2,evogrow_v2_2_stage_capped_pretune_off,evogrow_v2_2_stage_capped_pretune_off,123,finished,finished,True,,,2026-09-04T21:19:23.536Z,1.14696482468e-10,,True,2,0,0,151137,,29.191297903,False,True,False,392,1,604e79733b22d64d,91f88c4,False,1,[0.9999999999997785],110,151137,ffb0266c7913352c,"[[""u1"",""u1^2""]]",pretune_off,False,30,[0],[2],[2],"[""Success"",""Unstable""]","[""Failure"",""Success"",""MaxLossEvals""]",1628,1628,0,1628,0,23,4,1,cell_000392.heartbeat.jsonl,5,5,5,3,0,0,2,0,0.01,5,0,0,-25,-9.94044990091
393_evogrow_v2_2_stage_capped_pretune_off_3_1_7,paper1_phaseB_v1,B,,campaign_cell,,3,Population growth with carrying capacity,1,exact,2,evogrow_v2_2_stage_capped_pretune_off,evogrow_v2_2_stage_capped_pretune_off,7,finished,finished,True,,,2026-09-04T21:19:27.294Z,1.26419651022e-09,,True,2,0,0,132527,,26.635054624,False,True,False,393,1,604e79733b22d64d,91f88c4,False,0.999999999998,[0.9999999999975588],110,132527,ffb0266c7913352c,"[[""u1"",""u1^2""]]",pretune_off,False,30,[0],[2],[2],"[""Success"",""Unstable""]","[""Success"",""Failure"",""MaxLossEvals""]",1111,1111,0,1111,0,34,4,1,cell_000393.heartbeat.jsonl,5,5,5,2,0,0,3,0,0.01,5,0,0,-25,-8.89818541286
394_evogrow_v2_2_stage_capped_pretune_off_3_2_42,paper1_phaseB_v1,B,,campaign_cell,,3,Population growth with carrying capacity,1,exact,2,evogrow_v2_2_stage_capped_pretune_off,evogrow_v2_2_stage_capped_pretune_off,42,finished,finished,True,,,2026-09-04T21:19:30.290Z,6.87313570028e-09,,True,2,0,0,97151,,22.984282904,False,True,False,394,2,604e79733b22d64d,91f88c4,False,0.999999999972,[0.9999999999716013],130,97151,ffb0266c7913352c,"[[""u1"",""u1^2""]]",pretune_off,False,30,[0],[2],[2],"[""Success"",""Unstable""]","[""Failure"",""Success""]",1896,1896,0,1896,0,55,0,1,cell_000394.heartbeat.jsonl,6,6,6,3,0,0,3,0,0.01,6,0,0,-24,-8.16284508148
395_evogrow_v2_2_stage_capped_pretune_off_3_2_123,paper1_phaseB_v1,B,,campaign_cell,,3,Population growth with carrying capacity,1,exact,2,evogrow_v2_2_stage_capped_pretune_off,evogrow_v2_2_stage_capped_pretune_off,123,finished,finished,True,,,2026-09-04T21:19:35.608Z,2.30003207983e-08,,True,2,0,0,149418,,29.319344516,False,True,False,395,2,604e79733b22d64d,91f88c4,False,0.999999999905,[0.9999999999049661],170,149418,ffb0266c7913352c,"[[""u1"",""u1^2""]]",pretune_off,False,30,[0],[2],[2],"[""Success"",""Unstable""]","[""Failure"",""Success""]",5194,5194,0,5194,0,64,0,1,cell_000395.heartbeat.jsonl,8,6,6,4,2,0.25,4,0,0.01,6,2,0.25,-22,-7.63826610659
396_evogrow_v2_2_stage_capped_pretune_off_3_2_7,paper1_phaseB_v1,B,,campaign_cell,,3,Population growth with carrying capacity,1,exact,2,evogrow_v2_2_stage_capped_pretune_off,evogrow_v2_2_stage_capped_pretune_off,7,finished,finished,True,,,2026-09-04T21:19:43.048Z,7.41229320668e-09,,True,2,0,0,97756,,21.966020945,False,True,False,396,2,604e79733b22d64d,91f88c4,False,0.999999999969,[0.9999999999693735],110,97756,ffb0266c7913352c,"[[""u1"",""u1^2""]]",pretune_off,False,30,[0],[2],[2],"[""Success"",""Unstable""]","[""Failure"",""Success""]",1031,1031,0,1031,0,58,0,1,cell_000396.heartbeat.jsonl,5,5,5,3,0,0,2,0,0.01,5,0,0,-25,-8.13004740971
397_evogrow_v2_2_stage_capped_pretune_off_4_1_42,paper1_phaseB_v1,B,,campaign_cell,,4,RC-circuit with non-linear resistor (charging capacitor),1,surrogate,,evogrow_v2_2_stage_capped_pretune_off,evogrow_v2_2_stage_capped_pretune_off,42,finished,finished,True,,,2026-09-04T21:20:08.636Z,7.51112864308e-05,,,5,,,1000876,,119.884842116,False,True,False,397,1,604e79733b22d64d,91f88c4,False,0.999878141537,[0.9998781415371523],410,1000876,ffb0266c7913352c,"[[""u1"",""u1^2"",""u1^3""]]",pretune_off,False,30,,[5],[5],"[""Success"",""Unstable""]","[""Success"",""Failure"",""MaxLossEvals""]",16256,16256,0,16256,0,201,7,,cell_000397.heartbeat.jsonl,20,13,13,5,7,0.35,15,0,0.01,13,7,0.35,-10,-4.1242947998
398_evogrow_v2_2_stage_capped_pretune_off_4_1_123,paper1_phaseB_v1,B,,campaign_cell,,4,RC-circuit with non-linear resistor (charging capacitor),1,surrogate,,evogrow_v2_2_stage_capped_pretune_off,evogrow_v2_2_stage_capped_pretune_off,123,finished,finished,True,,,2026-09-04T21:20:33.431Z,7.51112864762e-05,,,5,,,1050338,,130.012267318,False,True,False,398,1,604e79733b22d64d,91f88c4,False,0.999878141537,[0.9998781415370785],410,1050338,ffb0266c7913352c,"[[""u1"",""u1^2"",""u1^3""]]",pretune_off,False,30,,[5],[5],"[""Success"",""Unstable""]","[""Success"",""Failure"",""MaxLossEvals""]",16058,16058,0,16058,0,205,6,,cell_000398.heartbeat.jsonl,20,14,14,7,6,0.3,13,0,0.01,13,7,0.35,-10,-4.12429479953
399_evogrow_v2_2_stage_capped_pretune_off_4_1_7,paper1_phaseB_v1,B,,campaign_cell,,4,RC-circuit with non-linear resistor (charging capacitor),1,surrogate,,evogrow_v2_2_stage_capped_pretune_off,evogrow_v2_2_stage_capped_pretune_off,7,finished,finished,True,,,2026-09-04T21:20:33.429Z,7.51112851753e-05,,,5,,,992441,,127.234572487,False,True,False,399,1,604e79733b22d64d,91f88c4,False,0.999878141539,[0.9998781415391891],410,992441,ffb0266c7913352c,"[[""u1"",""u1^2"",""u1^3""]]",pretune_off,False,30,,[5],[5],"[""Success"",""Unstable""]","[""Success"",""Failure"",""MaxLossEvals""]",16606,16606,0,16606,0,221,5,,cell_000399.heartbeat.jsonl,20,15,15,8,5,0.25,12,0,0.01,13,7,0.35,-10,-4.12429480705
400_evogrow_v2_2_stage_capped_pretune_off_4_2_42,paper1_phaseB_v1,B,,campaign_cell,,4,RC-circuit with non-linear resistor (charging capacitor),1,surrogate,,evogrow_v2_2_stage_capped_pretune_off,evogrow_v2_2_stage_capped_pretune_off,42,finished,finished,True,,,2026-09-04T21:20:33.134Z,0.000609092229782,,,5,,,297530,,62.692991634,False,True,False,400,2,604e79733b22d64d,91f88c4,False,0.99932432288,[0.9993243228804851],410,297530,ffb0266c7913352c,"[[""u1"",""cos(u1)""]]",pretune_off,False,30,,[5],[5],"[""Success"",""Unstable""]","[""Success"",""Failure"",""MaxLossEvals""]",3108,3108,0,3108,0,44,7,,cell_000400.heartbeat.jsonl,20,17,17,2,3,0.15,18,0,0.01,17,3,0.15,-10,-3.21531694078
401_evogrow_v2_2_stage_capped_pretune_off_4_2_123,paper1_phaseB_v1,B,,campaign_cell,,4,RC-circuit with non-linear resistor (charging capacitor),1,surrogate,,evogrow_v2_2_stage_capped_pretune_off,evogrow_v2_2_stage_capped_pretune_off,123,finished,finished,True,,,2026-09-04T21:20:46.815Z,0.00060909236607,,,5,,,378187,,80.795930618,False,True,False,401,2,604e79733b22d64d,91f88c4,False,0.999324322729,[0.9993243227292987],410,378187,ffb0266c7913352c,"[[""u1"",""cos(u1)""]]",pretune_off,False,30,,[5],[5],"[""Success"",""Unstable""]","[""Success"",""Failure"",""MaxLossEvals""]",2858,2858,0,2858,0,35,12,,cell_000401.heartbeat.jsonl,20,17,17,2,3,0.15,18,0,0.01,17,3,0.15,-10,-3.2153168436
402_evogrow_v2_2_stage_capped_pretune_off_4_2_7,paper1_phaseB_v1,B,,campaign_cell,,4,RC-circuit with non-linear resistor (charging capacitor),1,surrogate,,evogrow_v2_2_stage_capped_pretune_off,evogrow_v2_2_stage_capped_pretune_off,7,finished,finished,True,,,2026-09-04T21:20:45.182Z,0.000609092308258,,,5,,,329613,,73.271194602,False,True,False,402,2,604e79733b22d64d,91f88c4,False,0.999324322793,[0.99932432279343],410,329613,ffb0266c7913352c,"[[""u1"",""cos(u1)""]]",pretune_off,False,30,,[5],[5],"[""Success"",""Unstable""]","[""Success"",""Failure"",""MaxLossEvals""]",5688,5688,0,5688,0,35,10,,cell_000402.heartbeat.jsonl,20,17,17,2,3,0.15,18,0,0.01,17,3,0.15,-10,-3.21531688482
403_evogrow_v2_2_stage_capped_pretune_off_5_1_42,paper1_phaseB_v1,B,,campaign_cell,,5,Velocity of a falling object with air resistance,1,surrogate,,evogrow_v2_2_stage_capped_pretune_off,evogrow_v2_2_stage_capped_pretune_off,42,finished,finished,True,,,2026-09-04T21:22:16.383Z,6.29730904729,,,5,,,2533665,,1131.61859066,False,True,False,403,1,604e79733b22d64d,91f88c4,False,0.980276158634,[0.9802761586341768],470,2533665,ffb0266c7913352c,"[[""u1"",""u1^2"",""u1^3"",""sin(u1)"",""cos(u1)""]]",pretune_off,False,30,,[5],[null],"[""Success"",""Unstable""]","[""Success"",""Failure"",""MaxLossEvals""]",85623,85623,0,85623,0,286,84,,cell_000403.heartbeat.jsonl,23,20,20,8,3,0.130434782609,15,0,0.01,20,3,0.130434782609,-7,0.799155007299
404_evogrow_v2_2_stage_capped_pretune_off_5_1_123,paper1_phaseB_v1,B,,campaign_cell,,5,Velocity of a falling object with air resistance,1,surrogate,,evogrow_v2_2_stage_capped_pretune_off,evogrow_v2_2_stage_capped_pretune_off,123,finished,finished,True,,,2026-09-04T21:22:38.860Z,6.31302936022,,,5,,,2794030,,1056.63851169,False,True,False,404,1,604e79733b22d64d,91f88c4,False,0.980226920943,[0.9802269209429293],490,2794030,ffb0266c7913352c,"[[""u1"",""u1^2"",""u1^3"",""sin(u1)""]]",pretune_off,False,30,,[5],[null],"[""Success"",""Unstable""]","[""Success"",""Failure"",""MaxLossEvals""]",77502,77502,0,77502,0,322,98,,cell_000404.heartbeat.jsonl,24,21,21,6,3,0.125,18,0,0.01,19,5,0.208333333333,-6,0.80023780912
405_evogrow_v2_2_stage_capped_pretune_off_5_1_7,paper1_phaseB_v1,B,,campaign_cell,,5,Velocity of a falling object with air resistance,1,surrogate,,evogrow_v2_2_stage_capped_pretune_off,evogrow_v2_2_stage_capped_pretune_off,7,finished,finished,True,,,2026-09-04T21:22:49.388Z,6.26011469001,,,5,,,2915097,,1381.64134121,False,True,False,405,1,604e79733b22d64d,91f88c4,False,0.980392655315,[0.9803926553150825],530,2915097,ffb0266c7913352c,"[[""u1"",""u1^2"",""u1^3"",""sin(u1)"",""cos(u1)""]]",pretune_off,False,30,,[5],[null],"[""Success"",""Unstable"",""MaxIters""]","[""Success"",""Failure"",""MaxLossEvals""]",109477,109491,0,109477,14,340,93,,cell_000405.heartbeat.jsonl,26,23,23,10,3,0.115384615385,16,0,0.01,18,8,0.307692307692,-4,0.796582289885
406_evogrow_v2_2_stage_capped_pretune_off_5_2_42,paper1_phaseB_v1,B,,campaign_cell,,5,Velocity of a falling object with air resistance,1,surrogate,,evogrow_v2_2_stage_capped_pretune_off,evogrow_v2_2_stage_capped_pretune_off,42,finished,finished,True,,,2026-09-04T21:22:49.228Z,9.15520051742e-06,,,5,,,2245555,,335.904419992,False,True,False,406,2,604e79733b22d64d,91f88c4,False,0.999994267279,[0.9999942672787226],410,2245555,ffb0266c7913352c,"[[""u1"",""u1^2""]]",pretune_off,False,30,,[5],[5],"[""Success"",""Unstable""]","[""Failure"",""Success"",""MaxLossEvals""]",20640,20640,0,20640,0,187,104,,cell_000406.heartbeat.jsonl,20,5,5,2,15,0.75,18,0,0.01,5,15,0.75,-10,-5.03833213933
407_evogrow_v2_2_stage_capped_pretune_off_5_2_123,paper1_phaseB_v1,B,,campaign_cell,,5,Velocity of a falling object with air resistance,1,surrogate,,evogrow_v2_2_stage_capped_pretune_off,evogrow_v2_2_stage_capped_pretune_off,123,finished,finished,True,,,2026-09-04T21:23:21.649Z,1.15144588236e-05,,,5,,,2802202,,412.457254231,False,True,False,407,2,604e79733b22d64d,91f88c4,False,0.99999278998,[0.9999927899795346],410,2802202,ffb0266c7913352c,"[[""u1"",""u1^2""]]",pretune_off,False,30,,[5],[5],"[""Success"",""Unstable""]","[""Failure"",""Success"",""MaxLossEvals""]",23248,23248,0,23248,0,196,132,,cell_000407.heartbeat.jsonl,20,11,11,4,9,0.45,16,0,0.01,11,9,0.45,-10,-4.93875646894
408_evogrow_v2_2_stage_capped_pretune_off_5_2_7,paper1_phaseB_v1,B,,campaign_cell,,5,Velocity of a falling object with air resistance,1,surrogate,,evogrow_v2_2_stage_capped_pretune_off,evogrow_v2_2_stage_capped_pretune_off,7,finished,finished,True,,,2026-09-04T21:23:24.148Z,9.38672994406e-06,,,5,,,2290576,,315.75650006,False,True,False,408,2,604e79733b22d64d,91f88c4,False,0.999994122302,[0.9999941223017046],410,2290576,ffb0266c7913352c,"[[""u1"",""u1^2""]]",pretune_off,False,30,,[5],[5],"[""Success"",""Unstable""]","[""Failure"",""Success"",""MaxLossEvals""]",21618,21618,0,21618,0,180,107,,cell_000408.heartbeat.jsonl,20,11,11,8,9,0.45,12,0,0.01,11,9,0.45,-10,-5.02748567659
409_evogrow_v2_2_stage_capped_pretune_off_6_1_42,paper1_phaseB_v1,B,,campaign_cell,,6,Autocatalysis with one fixed abundant chemical,1,exact,2,evogrow_v2_2_stage_capped_pretune_off,evogrow_v2_2_stage_capped_pretune_off,42,finished,finished,True,,,2026-09-04T21:29:04.646Z,2.14135115649e-14,,True,2,0,0,120214,,25.838256645,False,True,False,409,1,604e79733b22d64d,91f88c4,False,1,[0.9999999999999869],110,120214,ffb0266c7913352c,"[[""u1"",""u1^2""]]",pretune_off,False,30,[0],[2],[2],"[""Success"",""Unstable""]","[""Failure"",""Success"",""MaxLossEvals""]",760,760,0,760,0,9,5,1,cell_000409.heartbeat.jsonl,5,5,5,2,0,0,3,0,0.01,5,0,0,-25,-13.6693121077
410_evogrow_v2_2_stage_capped_pretune_off_6_1_123,paper1_phaseB_v1,B,,campaign_cell,,6,Autocatalysis with one fixed abundant chemical,1,exact,2,evogrow_v2_2_stage_capped_pretune_off,evogrow_v2_2_stage_capped_pretune_off,123,finished,finished,True,,,2026-09-04T21:29:19.970Z,2.4242653583e-14,,True,2,0,0,47072,,16.417351891,False,True,False,410,1,604e79733b22d64d,91f88c4,False,1,[0.9999999999999851],110,47072,ffb0266c7913352c,"[[""u1"",""u1^2""]]",pretune_off,False,30,[0],[2],[2],"[""Success"",""Unstable""]","[""Success"",""Failure"",""MaxLossEvals""]",424,424,0,424,0,12,1,1,cell_000410.heartbeat.jsonl,5,5,5,2,0,0,3,0,0.01,5,0,0,-25,-13.6154198444
411_evogrow_v2_2_stage_capped_pretune_off_6_1_7,paper1_phaseB_v1,B,,campaign_cell,,6,Autocatalysis with one fixed abundant chemical,1,exact,2,evogrow_v2_2_stage_capped_pretune_off,evogrow_v2_2_stage_capped_pretune_off,7,finished,finished,True,,,2026-09-04T21:30:10.770Z,2.2959971422e-14,,True,2,0,0,85184,,21.692403647,False,True,False,411,1,604e79733b22d64d,91f88c4,False,1,[0.9999999999999859],110,85184,ffb0266c7913352c,"[[""u1"",""u1^2""]]",pretune_off,False,30,[0],[2],[2],"[""Success"",""Unstable""]","[""Success"",""Failure"",""MaxLossEvals""]",556,556,0,556,0,11,3,1,cell_000411.heartbeat.jsonl,5,5,5,3,0,0,2,0,0.01,5,0,0,-25,-13.6390286568
412_evogrow_v2_2_stage_capped_pretune_off_6_2_42,paper1_phaseB_v1,B,,campaign_cell,,6,Autocatalysis with one fixed abundant chemical,1,exact,2,evogrow_v2_2_stage_capped_pretune_off,evogrow_v2_2_stage_capped_pretune_off,42,finished,finished,True,,,2026-09-04T21:30:15.422Z,5.09155216572e-14,,True,2,0,0,144551,,26.546303587,False,True,False,412,2,604e79733b22d64d,91f88c4,False,1,[0.9999999999995871],110,144551,ffb0266c7913352c,"[[""u1"",""u1^2""]]",pretune_off,False,30,[0],[2],[2],"[""Success"",""Unstable""]","[""Success"",""Failure"",""MaxLossEvals""]",633,633,0,633,0,38,5,1,cell_000412.heartbeat.jsonl,5,5,5,4,0,0,1,0,0.01,5,0,0,-25,-13.2931498023
413_evogrow_v2_2_stage_capped_pretune_off_6_2_123,paper1_phaseB_v1,B,,campaign_cell,,6,Autocatalysis with one fixed abundant chemical,1,exact,2,evogrow_v2_2_stage_capped_pretune_off,evogrow_v2_2_stage_capped_pretune_off,123,finished,finished,True,,,2026-09-04T21:30:55.010Z,1.08205057167e-14,,True,2,0,0,154567,,29.489491683,False,True,False,413,2,604e79733b22d64d,91f88c4,False,1,[0.9999999999999123],110,154567,ffb0266c7913352c,"[[""u1"",""u1^2""]]",pretune_off,False,30,[0],[2],[2],"[""Success"",""Unstable""]","[""Failure"",""Success"",""MaxLossEvals""]",864,864,0,864,0,47,5,1,cell_000413.heartbeat.jsonl,5,5,5,4,0,0,1,0,0.01,5,0,0,-25,-13.9657524412
414_evogrow_v2_2_stage_capped_pretune_off_6_2_7,paper1_phaseB_v1,B,,campaign_cell,,6,Autocatalysis with one fixed abundant chemical,1,exact,2,evogrow_v2_2_stage_capped_pretune_off,evogrow_v2_2_stage_capped_pretune_off,7,finished,finished,True,,,2026-09-04T21:31:12.066Z,7.19683970254e-14,,True,2,0,0,167196,,30.436642526,False,True,False,414,2,604e79733b22d64d,91f88c4,False,0.999999999999,[0.9999999999994164],110,167196,ffb0266c7913352c,"[[""u1"",""u1^2""]]",pretune_off,False,30,[0],[2],[2],"[""Success"",""Unstable""]","[""Success"",""Failure"",""MaxLossEvals""]",503,503,0,503,0,38,6,1,cell_000414.heartbeat.jsonl,5,5,5,3,0,0,2,0,0.01,5,0,0,-25,-13.1428581704
415_evogrow_v2_2_stage_capped_pretune_off_7_1_42,paper1_phaseB_v1,B,,campaign_cell,,7,Gompertz law for tumor growth,1,surrogate,,evogrow_v2_2_stage_capped_pretune_off,evogrow_v2_2_stage_capped_pretune_off,42,finished,finished,True,,,2026-09-04T21:31:24.851Z,0.000454247717558,,,5,,,93030,,24.53336441,False,True,False,415,1,604e79733b22d64d,91f88c4,False,0.996017049342,[0.9960170493416276],410,93030,ffb0266c7913352c,"[[""u1""]]",pretune_off,False,30,,[5],[5],"[""Success"",""Unstable""]","[""Success"",""Failure""]",6608,6608,0,6608,0,4,0,,cell_000415.heartbeat.jsonl,20,2,2,2,18,0.9,18,0,0.01,1,19,0.95,-10,-3.3427072462
416_evogrow_v2_2_stage_capped_pretune_off_7_1_123,paper1_phaseB_v1,B,,campaign_cell,,7,Gompertz law for tumor growth,1,surrogate,,evogrow_v2_2_stage_capped_pretune_off,evogrow_v2_2_stage_capped_pretune_off,123,finished,finished,True,,,2026-09-04T21:32:05.749Z,0.000454247717558,,,5,,,107303,,25.112867506,False,True,False,416,1,604e79733b22d64d,91f88c4,False,0.996017049342,[0.9960170493416276],410,107303,ffb0266c7913352c,"[[""u1""]]",pretune_off,False,30,,[5],[5],"[""Success"",""Unstable""]","[""Success"",""Failure""]",7979,7979,0,7979,0,7,0,,cell_000416.heartbeat.jsonl,20,4,4,2,16,0.8,18,0,0.01,1,19,0.95,-10,-3.3427072462
417_evogrow_v2_2_stage_capped_pretune_off_7_1_7,paper1_phaseB_v1,B,,campaign_cell,,7,Gompertz law for tumor growth,1,surrogate,,evogrow_v2_2_stage_capped_pretune_off,evogrow_v2_2_stage_capped_pretune_off,7,finished,finished,True,,,2026-09-04T21:32:24.164Z,0.000454247717558,,,5,,,105453,,25.097362444,False,True,False,417,1,604e79733b22d64d,91f88c4,False,0.996017049342,[0.9960170493416276],410,105453,ffb0266c7913352c,"[[""u1""]]",pretune_off,False,30,,[5],[5],"[""Success"",""Unstable""]","[""Success"",""Failure""]",7247,7247,0,7247,0,7,0,,cell_000417.heartbeat.jsonl,20,4,4,3,16,0.8,17,0,0.01,1,19,0.95,-10,-3.3427072462
418_evogrow_v2_2_stage_capped_pretune_off_7_2_42,paper1_phaseB_v1,B,,campaign_cell,,7,Gompertz law for tumor growth,1,surrogate,,evogrow_v2_2_stage_capped_pretune_off,evogrow_v2_2_stage_capped_pretune_off,42,finished,finished,True,,,2026-09-04T21:32:30.929Z,3.19552408503e-05,,,5,,,1264344,,163.633853023,False,True,False,418,2,604e79733b22d64d,91f88c4,False,0.999999078718,[0.9999990787179535],410,1264344,ffb0266c7913352c,"[[""u1"",""u1^2"",""u1^3""]]",pretune_off,False,30,,[5],[null],"[""Success"",""Unstable""]","[""Failure"",""Success"",""MaxLossEvals""]",24905,24905,0,24905,0,209,32,,cell_000418.heartbeat.jsonl,20,13,13,6,7,0.35,14,0,0.01,13,7,0.35,-10,-4.49545790478
419_evogrow_v2_2_stage_capped_pretune_off_7_2_123,paper1_phaseB_v1,B,,campaign_cell,,7,Gompertz law for tumor growth,1,surrogate,,evogrow_v2_2_stage_capped_pretune_off,evogrow_v2_2_stage_capped_pretune_off,123,finished,finished,True,,,2026-09-04T21:33:10.810Z,2.75664437272e-05,,,5,,,1496203,,202.312751193,False,True,False,419,2,604e79733b22d64d,91f88c4,False,0.999999205249,[0.9999992052486849],410,1496203,ffb0266c7913352c,"[[""u1"",""u1^2"",""u1^3""]]",pretune_off,False,30,,[5],[null],"[""Success"",""Unstable""]","[""Failure"",""Success"",""MaxLossEvals""]",32787,32787,0,32787,0,234,42,,cell_000419.heartbeat.jsonl,20,13,13,7,7,0.35,13,0,0.01,13,7,0.35,-10,-4.55961925744
420_evogrow_v2_2_stage_capped_pretune_off_7_2_7,paper1_phaseB_v1,B,,campaign_cell,,7,Gompertz law for tumor growth,1,surrogate,,evogrow_v2_2_stage_capped_pretune_off,evogrow_v2_2_stage_capped_pretune_off,7,finished,finished,True,,,2026-09-04T21:33:30.432Z,2.31101257103e-05,,,5,,,1227033,,160.497565254,False,True,False,420,2,604e79733b22d64d,91f88c4,False,0.999999333726,[0.9999993337260699],410,1227033,ffb0266c7913352c,"[[""u1"",""u1^2"",""u1^3""]]",pretune_off,False,30,,[5],[null],"[""Success"",""Unstable""]","[""Failure"",""Success"",""MaxLossEvals""]",28345,28345,0,28345,0,222,32,,cell_000420.heartbeat.jsonl,20,13,13,6,7,0.35,14,0,0.01,13,7,0.35,-10,-4.63619769212
421_evogrow_v2_2_stage_capped_pretune_off_8_1_42,paper1_phaseB_v1,B,,campaign_cell,,8,Logistic equation with Allee effect,1,exact,4,evogrow_v2_2_stage_capped_pretune_off,evogrow_v2_2_stage_capped_pretune_off,42,finished,finished,True,,,2026-09-04T21:35:55.368Z,2.92856338857e-05,,True,4,0,0,1080588,,163.250899124,False,True,False,421,1,604e79733b22d64d,91f88c4,False,0.999999899935,[0.999999899935414],330,1080588,ffb0266c7913352c,"[[""u1"",""u1^2"",""u1^3""]]",pretune_off,False,30,[0],[4],[4],"[""Success"",""Unstable""]","[""Success"",""Failure"",""MaxLossEvals""]",39796,39796,0,39796,0,173,37,1,cell_000421.heartbeat.jsonl,16,13,13,4,3,0.1875,12,0,0.01,13,3,0.1875,-14,-4.53334537126
422_evogrow_v2_2_stage_capped_pretune_off_8_1_123,paper1_phaseB_v1,B,,campaign_cell,,8,Logistic equation with Allee effect,1,exact,4,evogrow_v2_2_stage_capped_pretune_off,evogrow_v2_2_stage_capped_pretune_off,123,finished,finished,True,,,2026-09-04T21:36:51.231Z,1.72988069013e-05,,True,4,0,0,1099241,,156.927342911,False,True,False,422,1,604e79733b22d64d,91f88c4,False,0.999999940893,[0.9999999408925906],330,1099241,ffb0266c7913352c,"[[""u1"",""u1^2"",""u1^3""]]",pretune_off,False,30,[0],[4],[4],"[""Success"",""Unstable""]","[""Failure"",""Success"",""MaxLossEvals""]",31517,31517,0,31517,0,185,34,1,cell_000422.heartbeat.jsonl,16,13,13,5,3,0.1875,11,0,0.01,13,3,0.1875,-14,-4.76198384913
423_evogrow_v2_2_stage_capped_pretune_off_8_1_7,paper1_phaseB_v1,B,,campaign_cell,,8,Logistic equation with Allee effect,1,exact,4,evogrow_v2_2_stage_capped_pretune_off,evogrow_v2_2_stage_capped_pretune_off,7,finished,finished,True,,,2026-09-04T21:37:13.300Z,8.49549967406e-06,,True,4,0,0,1133445,,165.363845791,False,True,False,423,1,604e79733b22d64d,91f88c4,False,0.999999970972,[0.9999999709721613],330,1133445,ffb0266c7913352c,"[[""u1"",""u1^2"",""u1^3""]]",pretune_off,False,30,[0],[4],[4],"[""Success"",""Unstable""]","[""Failure"",""Success"",""MaxLossEvals""]",25187,25187,0,25187,0,180,38,1,cell_000423.heartbeat.jsonl,16,15,15,10,1,0.0625,6,0,0.01,15,1,0.0625,-14,-5.07081107244
424_evogrow_v2_2_stage_capped_pretune_off_8_2_42,paper1_phaseB_v1,B,,campaign_cell,,8,Logistic equation with Allee effect,1,exact,4,evogrow_v2_2_stage_capped_pretune_off,evogrow_v2_2_stage_capped_pretune_off,42,finished,finished,True,,,2026-09-04T21:39:18.545Z,0.000947074647172,,False,4,0,0,192480,,30.101528273,False,True,False,424,2,604e79733b22d64d,91f88c4,False,0.993263221204,[0.9932632212039658],330,192480,ffb0266c7913352c,"[[""u1""]]",pretune_off,False,30,[0],[4],[4],"[""Success"",""Unstable""]","[""Success"",""Failure""]",3161,3161,0,3161,0,45,0,0,cell_000424.heartbeat.jsonl,16,4,4,3,12,0.75,13,0,0.01,1,15,0.9375,-14,-3.02361578913
425_evogrow_v2_2_stage_capped_pretune_off_8_2_123,paper1_phaseB_v1,B,,campaign_cell,,8,Logistic equation with Allee effect,1,exact,4,evogrow_v2_2_stage_capped_pretune_off,evogrow_v2_2_stage_capped_pretune_off,123,finished,finished,True,,,2026-09-04T21:40:08.965Z,0.00094707464718,,False,4,0,0,257626,,36.826495865,False,True,False,425,2,604e79733b22d64d,91f88c4,False,0.993263221204,[0.9932632212039116],330,257626,ffb0266c7913352c,"[[""u1""]]",pretune_off,False,30,[0],[4],[4],"[""Success"",""Unstable""]","[""Success"",""Failure""]",3762,3762,0,3762,0,55,0,0,cell_000425.heartbeat.jsonl,16,2,2,2,14,0.875,14,0,0.01,1,15,0.9375,-14,-3.02361578913
426_evogrow_v2_2_stage_capped_pretune_off_8_2_7,paper1_phaseB_v1,B,,campaign_cell,,8,Logistic equation with Allee effect,1,exact,4,evogrow_v2_2_stage_capped_pretune_off,evogrow_v2_2_stage_capped_pretune_off,7,finished,finished,True,,,2026-09-04T21:40:28.954Z,0.000947074647171,,False,4,0,0,289260,,39.938135188,False,True,False,426,2,604e79733b22d64d,91f88c4,False,0.993263221204,[0.9932632212039724],330,289260,ffb0266c7913352c,"[[""u1""]]",pretune_off,False,30,[0],[4],[4],"[""Success"",""Unstable""]","[""Success"",""Failure""]",3349,3349,0,3349,0,47,0,0,cell_000426.heartbeat.jsonl,16,4,4,4,12,0.75,12,0,0.01,1,15,0.9375,-14,-3.02361578913
427_evogrow_v2_2_stage_capped_pretune_off_9_1_42,paper1_phaseB_v1,B,,campaign_cell,,9,Language death model for two languages,1,surrogate,,evogrow_v2_2_stage_capped_pretune_off,evogrow_v2_2_stage_capped_pretune_off,42,finished,finished,True,,,2026-09-04T21:40:37.804Z,0.000187104480145,,,5,,,112093,,24.652283512,False,True,False,427,1,604e79733b22d64d,91f88c4,False,0.978515804443,[0.9785158044430906],410,112093,ffb0266c7913352c,"[[""u1"",""u1^2""]]",pretune_off,False,30,,[5],[5],"[""Success"",""Unstable""]","[""Success""]",2940,2940,0,2940,0,0,0,,cell_000427.heartbeat.jsonl,20,10,10,6,10,0.5,14,0,0.01,5,15,0.75,-10,-3.72791581336
428_evogrow_v2_2_stage_capped_pretune_off_9_1_123,paper1_phaseB_v1,B,,campaign_cell,,9,Language death model for two languages,1,surrogate,,evogrow_v2_2_stage_capped_pretune_off,evogrow_v2_2_stage_capped_pretune_off,123,finished,finished,True,,,2026-09-04T21:40:55.378Z,0.000187104480145,,,5,,,113808,,25.193238226,False,True,False,428,1,604e79733b22d64d,91f88c4,False,0.978515804443,[0.9785158044430925],410,113808,ffb0266c7913352c,"[[""u1"",""u1^2""]]",pretune_off,False,30,,[5],[5],"[""Success"",""Unstable""]","[""Success"",""Failure""]",2673,2673,0,2673,0,2,0,,cell_000428.heartbeat.jsonl,20,12,12,5,8,0.4,15,0,0.01,5,15,0.75,-10,-3.72791581336
429_evogrow_v2_2_stage_capped_pretune_off_9_1_7,paper1_phaseB_v1,B,,campaign_cell,,9,Language death model for two languages,1,surrogate,,evogrow_v2_2_stage_capped_pretune_off,evogrow_v2_2_stage_capped_pretune_off,7,finished,finished,True,,,2026-09-04T21:41:26.152Z,0.000187104480145,,,5,,,111807,,25.056873336,False,True,False,429,1,604e79733b22d64d,91f88c4,False,0.978515804443,[0.9785158044430879],410,111807,ffb0266c7913352c,"[[""u1"",""u1^2""]]",pretune_off,False,30,,[5],[5],"[""Success"",""Unstable""]","[""Success""]",2875,2875,0,2875,0,0,0,,cell_000429.heartbeat.jsonl,20,12,12,6,8,0.4,14,0,0.01,5,15,0.75,-10,-3.72791581336
430_evogrow_v2_2_stage_capped_pretune_off_9_2_42,paper1_phaseB_v1,B,,campaign_cell,,9,Language death model for two languages,1,surrogate,,evogrow_v2_2_stage_capped_pretune_off,evogrow_v2_2_stage_capped_pretune_off,42,finished,finished,True,,,2026-09-04T21:41:43.625Z,2.18481698518e-05,,,5,,,1014995,,113.24467506,False,True,False,430,2,604e79733b22d64d,91f88c4,False,-0.397249554735,[-0.397249554734741],410,1014995,ffb0266c7913352c,"[[""u1""]]",pretune_off,False,30,,[5],[null],"[""Success"",""Unstable""]","[""Success"",""MaxLossEvals""]",1163,1163,0,1163,0,41,41,,cell_000430.heartbeat.jsonl,20,1,1,1,19,0.95,19,0,0.01,1,19,0.95,-10,-4.66058493657
431_evogrow_v2_2_stage_capped_pretune_off_9_2_123,paper1_phaseB_v1,B,,campaign_cell,,9,Language death model for two languages,1,surrogate,,evogrow_v2_2_stage_capped_pretune_off,evogrow_v2_2_stage_capped_pretune_off,123,finished,finished,True,,,2026-09-04T21:41:47.472Z,2.18481698518e-05,,,5,,,818790,,90.111902422,False,True,False,431,2,604e79733b22d64d,91f88c4,False,-0.397249554735,[-0.39724955473473633],410,818790,ffb0266c7913352c,"[[""u1""]]",pretune_off,False,30,,[5],[null],"[""Success"",""Unstable""]","[""Success"",""MaxLossEvals""]",1239,1239,0,1239,0,28,28,,cell_000431.heartbeat.jsonl,20,1,1,1,19,0.95,19,0,0.01,1,19,0.95,-10,-4.66058493657
432_evogrow_v2_2_stage_capped_pretune_off_9_2_7,paper1_phaseB_v1,B,,campaign_cell,,9,Language death model for two languages,1,surrogate,,evogrow_v2_2_stage_capped_pretune_off,evogrow_v2_2_stage_capped_pretune_off,7,finished,finished,True,,,2026-09-04T21:41:49.880Z,2.18481698518e-05,,,5,,,889924,,98.451606131,False,True,False,432,2,604e79733b22d64d,91f88c4,False,-0.397249554735,[-0.397249554734741],410,889924,ffb0266c7913352c,"[[""u1""]]",pretune_off,False,30,,[5],[null],"[""Success"",""Unstable""]","[""Success"",""MaxLossEvals""]",1195,1195,0,1195,0,37,37,,cell_000432.heartbeat.jsonl,20,1,1,1,19,0.95,19,0,0.01,1,19,0.95,-10,-4.66058493657
433_evogrow_v2_2_stage_capped_pretune_off_10_1_42,paper1_phaseB_v1,B,,campaign_cell,,10,Refined language death model for two languages,1,surrogate,,evogrow_v2_2_stage_capped_pretune_off,evogrow_v2_2_stage_capped_pretune_off,42,finished,finished,True,,,2026-09-04T21:42:00.594Z,2.34959055698e-05,,,4,,,174043,,30.254489431,False,True,False,433,1,604e79733b22d64d,91f88c4,False,0.99969555852,[0.9996955585199271],330,174043,ffb0266c7913352c,"[[""u1"",""u1^2""]]",pretune_off,False,30,,[4],[4],"[""Success"",""Unstable""]","[""Success"",""Failure""]",3862,3862,0,3862,0,28,0,,cell_000433.heartbeat.jsonl,16,6,6,4,10,0.625,12,0,0.01,5,11,0.6875,-14,-4.62900781191
434_evogrow_v2_2_stage_capped_pretune_off_10_1_123,paper1_phaseB_v1,B,,campaign_cell,,10,Refined language death model for two languages,1,surrogate,,evogrow_v2_2_stage_capped_pretune_off,evogrow_v2_2_stage_capped_pretune_off,123,finished,finished,True,,,2026-09-04T21:42:30.926Z,2.34959055712e-05,,,4,,,190533,,31.733292583,False,True,False,434,1,604e79733b22d64d,91f88c4,False,0.99969555852,[0.9996955585199097],330,190533,ffb0266c7913352c,"[[""u1"",""u1^2""]]",pretune_off,False,30,,[4],[4],"[""Success"",""Unstable""]","[""Success"",""Failure""]",3708,3708,0,3708,0,40,0,,cell_000434.heartbeat.jsonl,16,6,6,3,10,0.625,13,0,0.01,5,11,0.6875,-14,-4.62900781189
435_evogrow_v2_2_stage_capped_pretune_off_10_1_7,paper1_phaseB_v1,B,,campaign_cell,,10,Refined language death model for two languages,1,surrogate,,evogrow_v2_2_stage_capped_pretune_off,evogrow_v2_2_stage_capped_pretune_off,7,finished,finished,True,,,2026-09-04T21:43:11.158Z,2.34959055703e-05,,,4,,,186829,,32.498095366,False,True,False,435,1,604e79733b22d64d,91f88c4,False,0.99969555852,[0.9996955585199203],330,186829,ffb0266c7913352c,"[[""u1"",""u1^2""]]",pretune_off,False,30,,[4],[4],"[""Success"",""Unstable""]","[""Success"",""Failure""]",4378,4378,0,4378,0,26,0,,cell_000435.heartbeat.jsonl,16,6,6,5,10,0.625,11,0,0.01,5,11,0.6875,-14,-4.6290078119
436_evogrow_v2_2_stage_capped_pretune_off_10_2_42,paper1_phaseB_v1,B,,campaign_cell,,10,Refined language death model for two languages,1,surrogate,,evogrow_v2_2_stage_capped_pretune_off,evogrow_v2_2_stage_capped_pretune_off,42,finished,finished,True,,,2026-09-04T21:43:44.460Z,5.42593097044e-05,,,5,,,61580,,20.295391744,False,True,False,436,2,604e79733b22d64d,91f88c4,False,0.993305188765,[0.9933051887652216],410,61580,ffb0266c7913352c,"[[""u1""]]",pretune_off,False,30,,[5],[null],"[""Success"",""Unstable""]","[""Success""]",599,599,0,599,0,0,0,,cell_000436.heartbeat.jsonl,20,1,1,1,19,0.95,19,0,0.01,1,19,0.95,-10,-4.2655257357
437_evogrow_v2_2_stage_capped_pretune_off_10_2_123,paper1_phaseB_v1,B,,campaign_cell,,10,Refined language death model for two languages,1,surrogate,,evogrow_v2_2_stage_capped_pretune_off,evogrow_v2_2_stage_capped_pretune_off,123,finished,finished,True,,,2026-09-04T21:43:58.264Z,5.42593097044e-05,,,5,,,63698,,20.626909566,False,True,False,437,2,604e79733b22d64d,91f88c4,False,0.993305188765,[0.9933051887652217],410,63698,ffb0266c7913352c,"[[""u1""]]",pretune_off,False,30,,[5],[null],"[""Success"",""Unstable""]","[""Success""]",648,648,0,648,0,0,0,,cell_000437.heartbeat.jsonl,20,1,1,1,19,0.95,19,0,0.01,1,19,0.95,-10,-4.2655257357
438_evogrow_v2_2_stage_capped_pretune_off_10_2_7,paper1_phaseB_v1,B,,campaign_cell,,10,Refined language death model for two languages,1,surrogate,,evogrow_v2_2_stage_capped_pretune_off,evogrow_v2_2_stage_capped_pretune_off,7,finished,finished,True,,,2026-09-04T21:44:09.768Z,5.42593097044e-05,,,5,,,64324,,20.489015214,False,True,False,438,2,604e79733b22d64d,91f88c4,False,0.993305188765,[0.9933051887652217],410,64324,ffb0266c7913352c,"[[""u1""]]",pretune_off,False,30,,[5],[null],"[""Success"",""Unstable""]","[""Success""]",518,518,0,518,0,0,0,,cell_000438.heartbeat.jsonl,20,4,4,3,16,0.8,17,0,0.01,1,19,0.95,-10,-4.2655257357
439_evogrow_v2_2_stage_capped_pretune_off_11_1_42,paper1_phaseB_v1,B,,campaign_cell,,11,Naive critical slowing down (statistical mechanics),1,exact,4,evogrow_v2_2_stage_capped_pretune_off,evogrow_v2_2_stage_capped_pretune_off,42,finished,finished,True,,,2026-09-04T21:44:18.691Z,4.66996548729e-15,,True,4,0,0,11006,,13.24805594,False,True,False,439,1,604e79733b22d64d,91f88c4,False,1,[0.999999999999956],290,11006,ffb0266c7913352c,"[[""u1"",""u1^2"",""u1^3""]]",pretune_off,False,30,[0],[4],[4],"[""Success"",""Unstable""]","[""Success"",""Failure""]",691,691,0,691,0,3,0,1,cell_000439.heartbeat.jsonl,14,14,14,6,0,0,8,0,0.01,14,0,0,-16,-14.330686329
440_evogrow_v2_2_stage_capped_pretune_off_11_1_123,paper1_phaseB_v1,B,,campaign_cell,,11,Naive critical slowing down (statistical mechanics),1,exact,4,evogrow_v2_2_stage_capped_pretune_off,evogrow_v2_2_stage_capped_pretune_off,123,finished,finished,True,,,2026-09-04T21:44:24.189Z,4.65201955791e-15,,True,4,0,0,11892,,13.067627519,False,True,False,440,1,604e79733b22d64d,91f88c4,False,1,[0.9999999999999563],270,11892,ffb0266c7913352c,"[[""u1"",""u1^2"",""u1^3""]]",pretune_off,False,30,[0],[4],[4],"[""Success"",""Unstable""]","[""Success"",""Failure""]",545,545,0,545,0,1,0,1,cell_000440.heartbeat.jsonl,13,13,13,6,0,0,7,0,0.01,13,0,0,-17,-14.3323584681
441_evogrow_v2_2_stage_capped_pretune_off_11_1_7,paper1_phaseB_v1,B,,campaign_cell,,11,Naive critical slowing down (statistical mechanics),1,exact,4,evogrow_v2_2_stage_capped_pretune_off,evogrow_v2_2_stage_capped_pretune_off,7,finished,finished,True,,,2026-09-04T21:44:45.617Z,4.5938956574e-15,,True,4,0,0,11444,,12.907846671,False,True,False,441,1,604e79733b22d64d,91f88c4,False,1,[0.9999999999999568],270,11444,ffb0266c7913352c,"[[""u1"",""u1^2"",""u1^3""]]",pretune_off,False,30,[0],[4],[4],"[""Success"",""Unstable""]","[""Success"",""Failure""]",701,701,0,701,0,1,0,1,cell_000441.heartbeat.jsonl,13,13,13,5,0,0,8,0,0.01,13,0,0,-17,-14.3378188733
442_evogrow_v2_2_stage_capped_pretune_off_11_2_42,paper1_phaseB_v1,B,,campaign_cell,,11,Naive critical slowing down (statistical mechanics),1,exact,4,evogrow_v2_2_stage_capped_pretune_off,evogrow_v2_2_stage_capped_pretune_off,42,finished,finished,True,,,2026-09-04T21:44:58.937Z,0.000572744454029,,False,4,0,0,74032,,20.546230559,False,True,False,442,2,604e79733b22d64d,91f88c4,False,0.988014375392,[0.9880143753915014],330,74032,ffb0266c7913352c,"[[""u1"",""u1^2""]]",pretune_off,False,30,[0],[4],[4],"[""Success"",""Unstable""]","[""Success"",""Failure"",""MaxLossEvals""]",1433,1433,0,1433,0,6,2,0,cell_000442.heartbeat.jsonl,16,6,6,6,10,0.625,10,0,0.01,5,11,0.6875,-14,-3.24203910746
443_evogrow_v2_2_stage_capped_pretune_off_11_2_123,paper1_phaseB_v1,B,,campaign_cell,,11,Naive critical slowing down (statistical mechanics),1,exact,4,evogrow_v2_2_stage_capped_pretune_off,evogrow_v2_2_stage_capped_pretune_off,123,finished,finished,True,,,2026-09-04T21:45:09.203Z,0.000572744454029,,False,4,0,0,92250,,22.766729695,False,True,False,443,2,604e79733b22d64d,91f88c4,False,0.988014375392,[0.9880143753915014],330,92250,ffb0266c7913352c,"[[""u1"",""u1^2""]]",pretune_off,False,30,[0],[4],[4],"[""Success"",""Unstable""]","[""Success"",""Failure"",""MaxLossEvals""]",1484,1484,0,1484,0,6,3,0,cell_000443.heartbeat.jsonl,16,12,12,4,4,0.25,12,0,0.01,5,11,0.6875,-14,-3.24203910746
444_evogrow_v2_2_stage_capped_pretune_off_11_2_7,paper1_phaseB_v1,B,,campaign_cell,,11,Naive critical slowing down (statistical mechanics),1,exact,4,evogrow_v2_2_stage_capped_pretune_off,evogrow_v2_2_stage_capped_pretune_off,7,finished,finished,True,,,2026-09-04T21:45:13.011Z,0.000572744454029,,False,4,0,0,28318,,15.055354655,False,True,False,444,2,604e79733b22d64d,91f88c4,False,0.988014375392,[0.9880143753915018],330,28318,ffb0266c7913352c,"[[""u1"",""u1^2""]]",pretune_off,False,30,[0],[4],[4],"[""Success"",""Unstable""]","[""Success"",""Failure""]",1370,1370,0,1370,0,3,0,0,cell_000444.heartbeat.jsonl,16,8,8,3,8,0.5,13,0,0.01,5,11,0.6875,-14,-3.24203910746
445_evogrow_v2_2_stage_capped_pretune_off_12_1_42,paper1_phaseB_v1,B,,campaign_cell,,12,Photons in a laser (simple),1,exact,2,evogrow_v2_2_stage_capped_pretune_off,evogrow_v2_2_stage_capped_pretune_off,42,finished,finished,True,,,2026-09-04T21:45:18.047Z,4.73564392749e-11,,True,2,0,0,93815,,22.542988294,False,True,False,445,1,604e79733b22d64d,91f88c4,False,0.999999999947,[0.999999999946572],110,93815,ffb0266c7913352c,"[[""u1"",""u1^2""]]",pretune_off,False,30,[0],[2],[2],"[""Success"",""Unstable""]","[""Success"",""MaxLossEvals""]",624,624,0,624,0,4,4,1,cell_000445.heartbeat.jsonl,5,5,5,3,0,0,2,0,0.01,5,0,0,-25,-10.3246209596
446_evogrow_v2_2_stage_capped_pretune_off_12_1_123,paper1_phaseB_v1,B,,campaign_cell,,12,Photons in a laser (simple),1,exact,2,evogrow_v2_2_stage_capped_pretune_off,evogrow_v2_2_stage_capped_pretune_off,123,finished,finished,True,,,2026-09-04T21:45:38.326Z,3.67460938942e-10,,True,2,0,0,120427,,25.746249696,False,True,False,446,1,604e79733b22d64d,91f88c4,False,0.999999999585,[0.9999999995854262],110,120427,ffb0266c7913352c,"[[""u1"",""u1^2""]]",pretune_off,False,30,[0],[2],[2],"[""Success"",""Unstable""]","[""Success"",""Failure"",""MaxLossEvals""]",840,840,0,840,0,9,5,1,cell_000446.heartbeat.jsonl,5,5,5,2,0,0,3,0,0.01,5,0,0,-25,-9.43478881958
447_evogrow_v2_2_stage_capped_pretune_off_12_1_7,paper1_phaseB_v1,B,,campaign_cell,,12,Photons in a laser (simple),1,exact,2,evogrow_v2_2_stage_capped_pretune_off,evogrow_v2_2_stage_capped_pretune_off,7,finished,finished,True,,,2026-09-04T21:46:00.364Z,2.59925488829e-11,,True,2,0,0,112177,,24.711341922,False,True,False,447,1,604e79733b22d64d,91f88c4,False,0.999999999971,[0.9999999999706749],110,112177,ffb0266c7913352c,"[[""u1"",""u1^2""]]",pretune_off,False,30,[0],[2],[2],"[""Success"",""Unstable""]","[""Success"",""Failure"",""MaxLossEvals""]",835,835,0,835,0,6,5,1,cell_000447.heartbeat.jsonl,5,5,5,2,0,0,3,0,0.01,5,0,0,-25,-10.5851511306
448_evogrow_v2_2_stage_capped_pretune_off_12_2_42,paper1_phaseB_v1,B,,campaign_cell,,12,Photons in a laser (simple),1,exact,2,evogrow_v2_2_stage_capped_pretune_off,evogrow_v2_2_stage_capped_pretune_off,42,finished,finished,True,,,2026-09-04T21:46:08.208Z,6.47118953592e-13,,True,2,0,0,206383,,36.936716222,False,True,False,448,2,604e79733b22d64d,91f88c4,False,1,[0.999999999999965],110,206383,ffb0266c7913352c,"[[""u1"",""u1^2""]]",pretune_off,False,30,[0],[2],[2],"[""Success"",""Unstable""]","[""Success"",""Failure"",""MaxLossEvals""]",1143,1143,0,1143,0,20,9,1,cell_000448.heartbeat.jsonl,5,5,5,3,0,0,2,0,0.01,5,0,0,-25,-12.1890158799
449_evogrow_v2_2_stage_capped_pretune_off_12_2_123,paper1_phaseB_v1,B,,campaign_cell,,12,Photons in a laser (simple),1,exact,2,evogrow_v2_2_stage_capped_pretune_off,evogrow_v2_2_stage_capped_pretune_off,123,finished,finished,True,,,2026-09-04T21:46:13.008Z,8.91026391791e-12,,True,2,0,0,179298,,35.140938319,False,True,False,449,2,604e79733b22d64d,91f88c4,False,1,[0.9999999999995187],110,179298,ffb0266c7913352c,"[[""u1"",""u1^2""]]",pretune_off,False,30,[0],[2],[2],"[""Success"",""Unstable""]","[""Success"",""Failure"",""MaxLossEvals""]",1547,1547,0,1547,0,18,6,1,cell_000449.heartbeat.jsonl,5,5,5,3,0,0,2,0,0.01,5,0,0,-25,-11.0501094322
450_evogrow_v2_2_stage_capped_pretune_off_12_2_7,paper1_phaseB_v1,B,,campaign_cell,,12,Photons in a laser (simple),1,exact,2,evogrow_v2_2_stage_capped_pretune_off,evogrow_v2_2_stage_capped_pretune_off,7,finished,finished,True,,,2026-09-04T21:46:21.162Z,1.02219506413e-12,,True,2,0,0,169655,,32.370530109,False,True,False,450,2,604e79733b22d64d,91f88c4,False,1,[0.9999999999999448],110,169655,ffb0266c7913352c,"[[""u1"",""u1^2""]]",pretune_off,False,30,[0],[2],[2],"[""Success"",""Unstable""]","[""Success"",""Failure"",""MaxLossEvals""]",1556,1556,0,1556,0,15,6,1,cell_000450.heartbeat.jsonl,5,5,5,3,0,0,2,0,0.01,5,0,0,-25,-11.9904662205
451_evogrow_v2_2_stage_capped_pretune_off_13_1_42,paper1_phaseB_v1,B,,campaign_cell,,13,Overdamped bead on a rotating hoop,1,surrogate,,evogrow_v2_2_stage_capped_pretune_off,evogrow_v2_2_stage_capped_pretune_off,42,finished,finished,True,,,2026-09-04T21:46:31.655Z,0.000216635837239,,,5,,,1377684,,201.656777928,False,True,False,451,1,604e79733b22d64d,91f88c4,False,0.999425269229,[0.9994252692292063],410,1377684,ffb0266c7913352c,"[[""u1"",""u1^2"",""u1^3""]]",pretune_off,False,30,,[5],[5],"[""Success"",""Unstable""]","[""Success"",""Failure"",""MaxLossEvals""]",10928,10928,0,10928,0,170,45,,cell_000451.heartbeat.jsonl,20,16,16,9,4,0.2,11,0,0.01,13,7,0.35,-10,-3.66426969809
452_evogrow_v2_2_stage_capped_pretune_off_13_1_123,paper1_phaseB_v1,B,,campaign_cell,,13,Overdamped bead on a rotating hoop,1,surrogate,,evogrow_v2_2_stage_capped_pretune_off,evogrow_v2_2_stage_capped_pretune_off,123,finished,finished,True,,,2026-09-04T21:46:44.822Z,0.000216646928433,,,5,,,1442336,,198.488107362,False,True,False,452,1,604e79733b22d64d,91f88c4,False,0.999425239804,[0.9994252398044784],410,1442336,ffb0266c7913352c,"[[""u1"",""u1^2"",""u1^3""]]",pretune_off,False,30,,[5],[5],"[""Success"",""Unstable""]","[""Success"",""Failure"",""MaxLossEvals""]",11538,11538,0,11538,0,178,48,,cell_000452.heartbeat.jsonl,20,15,15,8,5,0.25,12,0,0.01,13,7,0.35,-10,-3.66424746391
453_evogrow_v2_2_stage_capped_pretune_off_13_1_7,paper1_phaseB_v1,B,,campaign_cell,,13,Overdamped bead on a rotating hoop,1,surrogate,,evogrow_v2_2_stage_capped_pretune_off,evogrow_v2_2_stage_capped_pretune_off,7,finished,finished,True,,,2026-09-04T21:47:06.585Z,0.000216647477227,,,5,,,1479620,,206.798162187,False,True,False,453,1,604e79733b22d64d,91f88c4,False,0.999425238349,[0.9994252383485381],410,1479620,ffb0266c7913352c,"[[""u1"",""u1^2"",""u1^3""]]",pretune_off,False,30,,[5],[5],"[""Success"",""Unstable""]","[""Success"",""Failure"",""MaxLossEvals""]",11251,11251,0,11251,0,167,50,,cell_000453.heartbeat.jsonl,20,14,14,7,6,0.3,13,0,0.01,13,7,0.35,-10,-3.66424636379
454_evogrow_v2_2_stage_capped_pretune_off_13_2_42,paper1_phaseB_v1,B,,campaign_cell,,13,Overdamped bead on a rotating hoop,1,surrogate,,evogrow_v2_2_stage_capped_pretune_off,evogrow_v2_2_stage_capped_pretune_off,42,finished,finished,True,,,2026-09-04T21:47:25.403Z,0.000508335436782,,,5,,,98024,,24.649205881,False,True,False,454,2,604e79733b22d64d,91f88c4,False,0.988723943871,[0.9887239438708011],410,98024,ffb0266c7913352c,"[[""u1"",""u1^2""]]",pretune_off,False,30,,[5],[5],"[""Success"",""Unstable""]","[""Success""]",5514,5514,0,5514,0,0,0,,cell_000454.heartbeat.jsonl,20,10,10,6,10,0.5,14,0,0.01,5,15,0.75,-10,-3.29384961396
455_evogrow_v2_2_stage_capped_pretune_off_13_2_123,paper1_phaseB_v1,B,,campaign_cell,,13,Overdamped bead on a rotating hoop,1,surrogate,,evogrow_v2_2_stage_capped_pretune_off,evogrow_v2_2_stage_capped_pretune_off,123,finished,finished,True,,,2026-09-04T21:47:28.521Z,0.000508335436781,,,5,,,106947,,26.362562796,False,True,False,455,2,604e79733b22d64d,91f88c4,False,0.988723943871,[0.988723943870814],410,106947,ffb0266c7913352c,"[[""u1"",""u1^2""]]",pretune_off,False,30,,[5],[5],"[""Success"",""Unstable""]","[""Success""]",5580,5580,0,5580,0,0,0,,cell_000455.heartbeat.jsonl,20,6,6,4,14,0.7,16,0,0.01,5,15,0.75,-10,-3.29384961396
456_evogrow_v2_2_stage_capped_pretune_off_13_2_7,paper1_phaseB_v1,B,,campaign_cell,,13,Overdamped bead on a rotating hoop,1,surrogate,,evogrow_v2_2_stage_capped_pretune_off,evogrow_v2_2_stage_capped_pretune_off,7,finished,finished,True,,,2026-09-04T21:47:32.894Z,0.000508335436782,,,5,,,112610,,25.947621879,False,True,False,456,2,604e79733b22d64d,91f88c4,False,0.988723943871,[0.9887239438708058],410,112610,ffb0266c7913352c,"[[""u1"",""u1^2""]]",pretune_off,False,30,,[5],[5],"[""Success"",""Unstable""]","[""Success""]",4917,4917,0,4917,0,0,0,,cell_000456.heartbeat.jsonl,20,11,11,6,9,0.45,14,0,0.01,5,15,0.75,-10,-3.29384961396
457_evogrow_v2_2_stage_capped_pretune_off_14_1_42,paper1_phaseB_v1,B,,campaign_cell,,14,Budworm outbreak model with predation,1,surrogate,,evogrow_v2_2_stage_capped_pretune_off,evogrow_v2_2_stage_capped_pretune_off,42,finished,finished,True,,,2026-09-04T21:48:29.716Z,0.00586012031074,,,2,,,147207,,30.32447002,False,True,False,457,1,604e79733b22d64d,91f88c4,False,0.999992419768,[0.99999241976846],170,147207,ffb0266c7913352c,"[[""u1"",""u1^2""]]",pretune_off,False,30,,[2],[2],"[""Success"",""Unstable""]","[""Failure"",""Success""]",6380,6380,0,6380,0,62,0,,cell_000457.heartbeat.jsonl,8,7,7,3,1,0.125,5,0,0.01,5,3,0.375,-22,-2.23209346764
458_evogrow_v2_2_stage_capped_pretune_off_14_1_123,paper1_phaseB_v1,B,,campaign_cell,,14,Budworm outbreak model with predation,1,surrogate,,evogrow_v2_2_stage_capped_pretune_off,evogrow_v2_2_stage_capped_pretune_off,123,finished,finished,True,,,2026-09-04T21:48:34.794Z,0.00586012030243,,,2,,,144068,,29.878257014,False,True,False,458,1,604e79733b22d64d,91f88c4,False,0.999992419768,[0.9999924197684708],170,144068,ffb0266c7913352c,"[[""u1"",""u1^2""]]",pretune_off,False,30,,[2],[2],"[""Success"",""Unstable""]","[""Failure"",""Success""]",7113,7113,0,7113,0,70,0,,cell_000458.heartbeat.jsonl,8,5,5,3,3,0.375,5,0,0.01,5,3,0.375,-22,-2.23209346826
459_evogrow_v2_2_stage_capped_pretune_off_14_1_7,paper1_phaseB_v1,B,,campaign_cell,,14,Budworm outbreak model with predation,1,surrogate,,evogrow_v2_2_stage_capped_pretune_off,evogrow_v2_2_stage_capped_pretune_off,7,finished,finished,True,,,2026-09-04T21:48:38.401Z,0.00586012031078,,,2,,,123597,,27.061997483,False,True,False,459,1,604e79733b22d64d,91f88c4,False,0.999992419768,[0.9999924197684599],170,123597,ffb0266c7913352c,"[[""u1"",""u1^2""]]",pretune_off,False,30,,[2],[2],"[""Success"",""Unstable""]","[""Success"",""Failure""]",6097,6097,0,6097,0,72,0,,cell_000459.heartbeat.jsonl,8,5,5,5,3,0.375,3,0,0.01,5,3,0.375,-22,-2.23209346764
460_evogrow_v2_2_stage_capped_pretune_off_14_2_42,paper1_phaseB_v1,B,,campaign_cell,,14,Budworm outbreak model with predation,1,surrogate,,evogrow_v2_2_stage_capped_pretune_off,evogrow_v2_2_stage_capped_pretune_off,42,finished,finished,True,,,2026-09-04T21:49:40.178Z,0.000252034310414,,,4,,,939502,,148.944638345,False,True,False,460,2,604e79733b22d64d,91f88c4,False,0.999999084186,[0.9999990841859062],330,939502,ffb0266c7913352c,"[[""u1"",""u1^2""]]",pretune_off,False,30,,[4],[4],"[""Success"",""Unstable""]","[""Failure"",""Success"",""MaxLossEvals""]",21816,21816,0,21816,0,149,30,,cell_000460.heartbeat.jsonl,16,7,7,5,9,0.5625,11,0,0.01,5,11,0.6875,-14,-3.59854033299
461_evogrow_v2_2_stage_capped_pretune_off_14_2_123,paper1_phaseB_v1,B,,campaign_cell,,14,Budworm outbreak model with predation,1,surrogate,,evogrow_v2_2_stage_capped_pretune_off,evogrow_v2_2_stage_capped_pretune_off,123,finished,finished,True,,,2026-09-04T21:49:45.024Z,0.00025203409118,,,4,,,1077539,,166.512095261,False,True,False,461,2,604e79733b22d64d,91f88c4,False,0.999999084187,[0.9999990841867028],330,1077539,ffb0266c7913352c,"[[""u1"",""u1^2""]]",pretune_off,False,30,,[4],[4],"[""Success"",""Unstable""]","[""Failure"",""Success"",""MaxLossEvals""]",18003,18003,0,18003,0,153,34,,cell_000461.heartbeat.jsonl,16,9,9,6,7,0.4375,10,0,0.01,5,11,0.6875,-14,-3.59854071077
462_evogrow_v2_2_stage_capped_pretune_off_14_2_7,paper1_phaseB_v1,B,,campaign_cell,,14,Budworm outbreak model with predation,1,surrogate,,evogrow_v2_2_stage_capped_pretune_off,evogrow_v2_2_stage_capped_pretune_off,7,finished,finished,True,,,2026-09-04T21:49:45.450Z,0.00025203414413,,,4,,,733229,,134.380220654,False,True,False,462,2,604e79733b22d64d,91f88c4,False,0.999999084187,[0.9999990841865104],330,733229,ffb0266c7913352c,"[[""u1"",""u1^2""]]",pretune_off,False,30,,[4],[4],"[""Success"",""Unstable""]","[""Failure"",""Success"",""MaxLossEvals""]",16660,16660,0,16660,0,149,19,,cell_000462.heartbeat.jsonl,16,8,8,5,8,0.5,11,0,0.01,5,11,0.6875,-14,-3.59854061953
463_evogrow_v2_2_stage_capped_pretune_off_15_1_42,paper1_phaseB_v1,B,,campaign_cell,,15,Budworm outbreak with predation (dimensionless),1,surrogate,,evogrow_v2_2_stage_capped_pretune_off,evogrow_v2_2_stage_capped_pretune_off,42,finished,finished,True,,,2026-09-04T21:50:33.362Z,0.00132138155258,,,4,,,933867,,153.24383609,False,True,False,463,1,604e79733b22d64d,91f88c4,False,0.999992824005,[0.9999928240053316],330,933867,ffb0266c7913352c,"[[""u1"",""u1^2""]]",pretune_off,False,30,,[4],[4],"[""Success"",""Unstable""]","[""Failure"",""Success"",""MaxLossEvals""]",17328,17328,0,17328,0,156,32,,cell_000463.heartbeat.jsonl,16,5,5,3,11,0.6875,13,0,0.01,5,11,0.6875,-14,-2.87897176054
464_evogrow_v2_2_stage_capped_pretune_off_15_1_123,paper1_phaseB_v1,B,,campaign_cell,,15,Budworm outbreak with predation (dimensionless),1,surrogate,,evogrow_v2_2_stage_capped_pretune_off,evogrow_v2_2_stage_capped_pretune_off,123,finished,finished,True,,,2026-09-04T21:50:42.540Z,0.00132116098009,,,4,,,1107129,,252.827805392,False,True,False,464,1,604e79733b22d64d,91f88c4,False,0.999992825203,[0.9999928252031893],330,1107129,ffb0266c7913352c,"[[""u1"",""u1^2""]]",pretune_off,False,30,,[4],[4],"[""Success"",""Unstable""]","[""Failure"",""Success"",""MaxLossEvals""]",15374,15374,0,15374,0,177,35,,cell_000464.heartbeat.jsonl,16,10,10,5,6,0.375,11,0,0.01,5,11,0.6875,-14,-2.87904426149
465_evogrow_v2_2_stage_capped_pretune_off_15_1_7,paper1_phaseB_v1,B,,campaign_cell,,15,Budworm outbreak with predation (dimensionless),1,surrogate,,evogrow_v2_2_stage_capped_pretune_off,evogrow_v2_2_stage_capped_pretune_off,7,finished,finished,True,,,2026-09-04T21:51:14.265Z,0.00132114037241,,,4,,,1164501,,201.866722461,False,True,False,465,1,604e79733b22d64d,91f88c4,False,0.999992825315,[0.9999928253151029],330,1164501,ffb0266c7913352c,"[[""u1"",""u1^2""]]",pretune_off,False,30,,[4],[4],"[""Success"",""Unstable""]","[""Success"",""Failure"",""MaxLossEvals""]",15322,15322,0,15322,0,162,39,,cell_000465.heartbeat.jsonl,16,10,10,6,6,0.375,10,0,0.01,5,11,0.6875,-14,-2.87905103574
466_evogrow_v2_2_stage_capped_pretune_off_15_2_42,paper1_phaseB_v1,B,,campaign_cell,,15,Budworm outbreak with predation (dimensionless),1,surrogate,,evogrow_v2_2_stage_capped_pretune_off,evogrow_v2_2_stage_capped_pretune_off,42,finished,finished,True,,,2026-09-04T21:52:40.444Z,0.334053665245,,,1,,,61425,,17.373281637,False,True,False,466,2,604e79733b22d64d,91f88c4,False,0.997893955216,[0.9978939552163637],90,61425,ffb0266c7913352c,"[[""u1""]]",pretune_off,False,30,,[1],[1],"[""Success""]","[""Success"",""Failure""]",0,0,0,0,0,53,0,,cell_000466.heartbeat.jsonl,4,2,2,2,2,0.5,2,0,0.01,1,3,0.75,-26,-0.476183758795
467_evogrow_v2_2_stage_capped_pretune_off_15_2_123,paper1_phaseB_v1,B,,campaign_cell,,15,Budworm outbreak with predation (dimensionless),1,surrogate,,evogrow_v2_2_stage_capped_pretune_off,evogrow_v2_2_stage_capped_pretune_off,123,finished,finished,True,,,2026-09-04T21:52:49.532Z,0.334053665245,,,1,,,60639,,16.766228715,False,True,False,467,2,604e79733b22d64d,91f88c4,False,0.997893955216,[0.9978939552163639],90,60639,ffb0266c7913352c,"[[""u1""]]",pretune_off,False,30,,[1],[1],"[""Success""]","[""Success"",""Failure""]",0,0,0,0,0,65,0,,cell_000467.heartbeat.jsonl,4,1,1,1,3,0.75,3,0,0.01,1,3,0.75,-26,-0.476183758795
468_evogrow_v2_2_stage_capped_pretune_off_15_2_7,paper1_phaseB_v1,B,,campaign_cell,,15,Budworm outbreak with predation (dimensionless),1,surrogate,,evogrow_v2_2_stage_capped_pretune_off,evogrow_v2_2_stage_capped_pretune_off,7,finished,finished,True,,,2026-09-04T21:53:12.715Z,0.334053665245,,,1,,,66162,,17.611335581,False,True,False,468,2,604e79733b22d64d,91f88c4,False,0.997893955216,[0.997893955216364],90,66162,ffb0266c7913352c,"[[""u1""]]",pretune_off,False,30,,[1],[1],"[""Success""]","[""Success"",""Failure""]",0,0,0,0,0,57,0,,cell_000468.heartbeat.jsonl,4,4,4,4,0,0,0,0,0.01,1,3,0.75,-26,-0.476183758795
469_evogrow_v2_2_stage_capped_pretune_off_16_1_42,paper1_phaseB_v1,B,,campaign_cell,,16,Landau equation (typical time scale tau = 1),1,surrogate,,evogrow_v2_2_stage_capped_pretune_off,evogrow_v2_2_stage_capped_pretune_off,42,finished,finished,True,,,2026-09-04T21:53:38.456Z,0.00035381077916,,,5,,,1075101,,170.964715669,False,True,False,469,1,604e79733b22d64d,91f88c4,False,0.999926152065,[0.9999261520653154],410,1075101,ffb0266c7913352c,"[[""u1"",""u1^2"",""u1^3"",""cos(u1)""]]",pretune_off,False,30,,[5],[5],"[""Success"",""Unstable""]","[""Success"",""Failure"",""MaxLossEvals""]",20128,20128,0,20128,0,269,4,,cell_000469.heartbeat.jsonl,20,17,17,9,3,0.15,11,0,0.01,17,3,0.15,-10,-3.45122894006
470_evogrow_v2_2_stage_capped_pretune_off_16_1_123,paper1_phaseB_v1,B,,campaign_cell,,16,Landau equation (typical time scale tau = 1),1,surrogate,,evogrow_v2_2_stage_capped_pretune_off,evogrow_v2_2_stage_capped_pretune_off,123,finished,finished,True,,,2026-09-04T21:53:48.452Z,0.00035381078642,,,5,,,1177437,,193.389016655,False,True,False,470,1,604e79733b22d64d,91f88c4,False,0.999926152064,[0.9999261520638002],410,1177437,ffb0266c7913352c,"[[""u1"",""u1^2"",""u1^3"",""cos(u1)""]]",pretune_off,False,30,,[5],[5],"[""Success"",""Unstable""]","[""Failure"",""Success"",""MaxLossEvals""]",20437,20437,0,20437,0,286,7,,cell_000470.heartbeat.jsonl,20,17,17,8,3,0.15,12,0,0.01,17,3,0.15,-10,-3.45122893115
471_evogrow_v2_2_stage_capped_pretune_off_16_1_7,paper1_phaseB_v1,B,,campaign_cell,,16,Landau equation (typical time scale tau = 1),1,surrogate,,evogrow_v2_2_stage_capped_pretune_off,evogrow_v2_2_stage_capped_pretune_off,7,finished,finished,True,,,2026-09-04T21:53:46.628Z,0.000353810783574,,,5,,,1160082,,180.133433789,False,True,False,471,1,604e79733b22d64d,91f88c4,False,0.999926152064,[0.9999261520643941],410,1160082,ffb0266c7913352c,"[[""u1"",""u1^2"",""u1^3"",""cos(u1)""]]",pretune_off,False,30,,[5],[5],"[""Success"",""Unstable""]","[""Success"",""Failure"",""MaxLossEvals""]",20348,20348,0,20348,0,269,9,,cell_000471.heartbeat.jsonl,20,17,17,5,3,0.15,15,0,0.01,17,3,0.15,-10,-3.45122893464
472_evogrow_v2_2_stage_capped_pretune_off_16_2_42,paper1_phaseB_v1,B,,campaign_cell,,16,Landau equation (typical time scale tau = 1),1,surrogate,,evogrow_v2_2_stage_capped_pretune_off,evogrow_v2_2_stage_capped_pretune_off,42,finished,finished,True,,,2026-09-04T21:54:09.846Z,6.50422722397e-05,,,5,,,955957,,168.236064772,False,True,False,472,2,604e79733b22d64d,91f88c4,False,0.999980385277,[0.999980385277418],410,955957,ffb0266c7913352c,"[[""u1"",""u1^2"",""u1^3"",""cos(u1)""]]",pretune_off,False,30,,[5],[5],"[""Success"",""Unstable""]","[""Success"",""Failure"",""MaxLossEvals""]",17813,17813,0,17813,0,208,9,,cell_000472.heartbeat.jsonl,20,18,18,9,2,0.1,11,0,0.01,17,3,0.15,-10,-4.18680429515
473_evogrow_v2_2_stage_capped_pretune_off_16_2_123,paper1_phaseB_v1,B,,campaign_cell,,16,Landau equation (typical time scale tau = 1),1,surrogate,,evogrow_v2_2_stage_capped_pretune_off,evogrow_v2_2_stage_capped_pretune_off,123,finished,finished,True,,,2026-09-04T21:55:16.209Z,6.50422778284e-05,,,5,,,1132523,,212.104304834,False,True,False,473,2,604e79733b22d64d,91f88c4,False,0.999980385276,[0.9999803852757325],410,1132523,ffb0266c7913352c,"[[""u1"",""u1^2"",""u1^3"",""cos(u1)""]]",pretune_off,False,30,,[5],[5],"[""Success"",""Unstable""]","[""Failure"",""Success"",""MaxLossEvals""]",20595,20595,0,20595,0,246,15,,cell_000473.heartbeat.jsonl,20,17,17,6,3,0.15,14,0,0.01,17,3,0.15,-10,-4.18680425784
474_evogrow_v2_2_stage_capped_pretune_off_16_2_7,paper1_phaseB_v1,B,,campaign_cell,,16,Landau equation (typical time scale tau = 1),1,surrogate,,evogrow_v2_2_stage_capped_pretune_off,evogrow_v2_2_stage_capped_pretune_off,7,finished,finished,True,,,2026-09-04T21:55:36.341Z,6.50422710388e-05,,,5,,,985013,,171.680304036,False,True,False,474,2,604e79733b22d64d,91f88c4,False,0.999980385278,[0.9999803852777801],410,985013,ffb0266c7913352c,"[[""u1"",""u1^2"",""u1^3"",""cos(u1)""]]",pretune_off,False,30,,[5],[5],"[""Success"",""Unstable""]","[""Success"",""Failure"",""MaxLossEvals""]",17347,17347,0,17347,0,224,9,,cell_000474.heartbeat.jsonl,20,17,17,8,3,0.15,12,0,0.01,17,3,0.15,-10,-4.18680430317
475_evogrow_v2_2_stage_capped_pretune_off_17_1_42,paper1_phaseB_v1,B,,campaign_cell,,17,Logistic equation with harvesting/fishing,1,surrogate,,evogrow_v2_2_stage_capped_pretune_off,evogrow_v2_2_stage_capped_pretune_off,42,finished,finished,True,,,2026-09-04T21:57:09.089Z,0.00108926901378,,,5,,,1387714,,241.686230245,False,True,False,475,1,604e79733b22d64d,91f88c4,False,0.999998070047,[0.9999980700468637],430,1387714,ffb0266c7913352c,"[[""u1"",""u1^2"",""u1^3""]]",pretune_off,False,30,,[5],[null],"[""Success"",""Unstable""]","[""Failure"",""Success"",""MaxLossEvals""]",42054,42054,0,42054,0,205,45,,cell_000475.heartbeat.jsonl,21,14,14,6,7,0.333333333333,15,0,0.01,14,7,0.333333333333,-9,-2.96286485048
476_evogrow_v2_2_stage_capped_pretune_off_17_1_123,paper1_phaseB_v1,B,,campaign_cell,,17,Logistic equation with harvesting/fishing,1,surrogate,,evogrow_v2_2_stage_capped_pretune_off,evogrow_v2_2_stage_capped_pretune_off,123,finished,finished,True,,,2026-09-04T21:57:26.635Z,0.00224230186146,,,5,,,1521998,,292.552129499,False,True,False,476,1,604e79733b22d64d,91f88c4,False,0.999996027118,[0.9999960271177686],450,1521998,ffb0266c7913352c,"[[""u1"",""u1^2"",""u1^3""]]",pretune_off,False,30,,[5],[null],"[""Success"",""Unstable""]","[""Failure"",""Success"",""MaxLossEvals""]",40059,40059,0,40059,0,219,50,,cell_000476.heartbeat.jsonl,22,15,15,9,7,0.318181818182,13,0,0.01,15,7,0.318181818182,-8,-2.64930592254
477_evogrow_v2_2_stage_capped_pretune_off_17_1_7,paper1_phaseB_v1,B,,campaign_cell,,17,Logistic equation with harvesting/fishing,1,surrogate,,evogrow_v2_2_stage_capped_pretune_off,evogrow_v2_2_stage_capped_pretune_off,7,finished,finished,True,,,2026-09-04T21:57:38.745Z,0.00093328720084,,,5,,,1415137,,261.609549037,False,True,False,477,1,604e79733b22d64d,91f88c4,False,0.999998346413,[0.9999983464134777],450,1415137,ffb0266c7913352c,"[[""u1"",""u1^2"",""u1^3""]]",pretune_off,False,30,,[5],[null],"[""Success"",""Unstable""]","[""Success"",""Failure"",""MaxLossEvals""]",31492,31492,0,31492,0,219,47,,cell_000477.heartbeat.jsonl,22,15,15,4,7,0.318181818182,18,0,0.01,15,7,0.318181818182,-8,-3.02998469007
478_evogrow_v2_2_stage_capped_pretune_off_17_2_42,paper1_phaseB_v1,B,,campaign_cell,,17,Logistic equation with harvesting/fishing,1,surrogate,,evogrow_v2_2_stage_capped_pretune_off,evogrow_v2_2_stage_capped_pretune_off,42,finished,finished,True,,,2026-09-04T21:57:42.246Z,0.00057089246174,,,4,,,965643,,159.127918658,False,True,False,478,2,604e79733b22d64d,91f88c4,False,0.999998382962,[0.9999983829616146],330,965643,ffb0266c7913352c,"[[""u1"",""u1^2""]]",pretune_off,False,30,,[4],[4],"[""Success"",""Unstable""]","[""Failure"",""Success"",""MaxLossEvals""]",20014,20014,0,20014,0,151,32,,cell_000478.heartbeat.jsonl,16,7,7,5,9,0.5625,11,0,0.01,5,11,0.6875,-14,-3.24344569153
479_evogrow_v2_2_stage_capped_pretune_off_17_2_123,paper1_phaseB_v1,B,,campaign_cell,,17,Logistic equation with harvesting/fishing,1,surrogate,,evogrow_v2_2_stage_capped_pretune_off,evogrow_v2_2_stage_capped_pretune_off,123,finished,finished,True,,,2026-09-04T21:59:08.138Z,0.000570699451498,,,4,,,1263956,,186.404093877,False,True,False,479,2,604e79733b22d64d,91f88c4,False,0.999998383508,[0.9999983835083112],330,1263956,ffb0266c7913352c,"[[""u1"",""u1^2""]]",pretune_off,False,30,,[4],[4],"[""Success"",""Unstable""]","[""Failure"",""Success"",""MaxLossEvals""]",17478,17478,0,17478,0,173,44,,cell_000479.heartbeat.jsonl,16,9,9,6,7,0.4375,10,0,0.01,5,11,0.6875,-14,-3.24359254485
480_evogrow_v2_2_stage_capped_pretune_off_17_2_7,paper1_phaseB_v1,B,,campaign_cell,,17,Logistic equation with harvesting/fishing,1,surrogate,,evogrow_v2_2_stage_capped_pretune_off,evogrow_v2_2_stage_capped_pretune_off,7,finished,finished,True,,,2026-09-04T21:59:28.261Z,0.000570722175382,,,4,,,1001747,,135.145598382,False,True,False,480,2,604e79733b22d64d,91f88c4,False,0.999998383444,[0.9999983834439464],330,1001747,ffb0266c7913352c,"[[""u1"",""u1^2""]]",pretune_off,False,30,,[4],[4],"[""Success"",""Unstable""]","[""Success"",""Failure"",""MaxLossEvals""]",20499,20499,0,20499,0,161,34,,cell_000480.heartbeat.jsonl,16,11,11,8,5,0.3125,8,0,0.01,5,11,0.6875,-14,-3.24357525263
481_evogrow_v2_2_stage_capped_pretune_off_18_1_42,paper1_phaseB_v1,B,,campaign_cell,,18,Improved logistic equation with harvesting/fishing,1,surrogate,,evogrow_v2_2_stage_capped_pretune_off,evogrow_v2_2_stage_capped_pretune_off,42,finished,finished,True,,,2026-09-04T22:01:02.269Z,2.75472335098e-05,,,4,,,1310865,,178.405873041,False,True,False,481,1,604e79733b22d64d,91f88c4,False,0.999999946845,[0.9999999468449327],330,1310865,ffb0266c7913352c,"[[""u1"",""u1^2""]]",pretune_off,False,30,,[4],[4],"[""Success"",""Unstable"",""MaxIters""]","[""Success"",""Failure"",""MaxLossEvals""]",18857,18862,0,18857,5,159,52,,cell_000481.heartbeat.jsonl,16,6,6,5,10,0.625,11,0,0.01,5,11,0.6875,-14,-4.55992200958
482_evogrow_v2_2_stage_capped_pretune_off_18_1_123,paper1_phaseB_v1,B,,campaign_cell,,18,Improved logistic equation with harvesting/fishing,1,surrogate,,evogrow_v2_2_stage_capped_pretune_off,evogrow_v2_2_stage_capped_pretune_off,123,finished,finished,True,,,2026-09-04T22:01:50.694Z,2.7529351893e-05,,,4,,,1390953,,182.719664657,False,True,False,482,1,604e79733b22d64d,91f88c4,False,0.999999946879,[0.9999999468794369],330,1390953,ffb0266c7913352c,"[[""u1"",""u1^2""]]",pretune_off,False,30,,[4],[4],"[""Success"",""Unstable""]","[""Failure"",""Success"",""MaxLossEvals""]",21586,21586,0,21586,0,175,50,,cell_000482.heartbeat.jsonl,16,10,10,4,6,0.375,12,0,0.01,5,11,0.6875,-14,-4.56020401282
483_evogrow_v2_2_stage_capped_pretune_off_18_1_7,paper1_phaseB_v1,B,,campaign_cell,,18,Improved logistic equation with harvesting/fishing,1,surrogate,,evogrow_v2_2_stage_capped_pretune_off,evogrow_v2_2_stage_capped_pretune_off,7,finished,finished,True,,,2026-09-04T22:02:24.164Z,2.75247528693e-05,,,4,,,1237741,,185.174578994,False,True,False,483,1,604e79733b22d64d,91f88c4,False,0.999999946888,[0.9999999468883112],330,1237741,ffb0266c7913352c,"[[""u1"",""u1^2""]]",pretune_off,False,30,,[4],[4],"[""Success"",""Unstable""]","[""Failure"",""Success"",""MaxLossEvals""]",16904,16904,0,16904,0,151,48,,cell_000483.heartbeat.jsonl,16,6,6,4,10,0.625,12,0,0.01,5,11,0.6875,-14,-4.56027657165
484_evogrow_v2_2_stage_capped_pretune_off_18_2_42,paper1_phaseB_v1,B,,campaign_cell,,18,Improved logistic equation with harvesting/fishing,1,surrogate,,evogrow_v2_2_stage_capped_pretune_off,evogrow_v2_2_stage_capped_pretune_off,42,finished,finished,True,,,2026-09-04T22:02:42.473Z,4.47149605447e-06,,,4,,,1429978,,228.018547197,False,True,False,484,2,604e79733b22d64d,91f88c4,False,0.9999999821,[0.9999999820997796],330,1429978,ffb0266c7913352c,"[[""u1"",""u1^2""]]",pretune_off,False,30,,[4],[4],"[""Success"",""Unstable""]","[""Failure"",""Success"",""MaxLossEvals""]",15198,15198,0,15198,0,163,62,,cell_000484.heartbeat.jsonl,16,7,7,5,9,0.5625,11,0,0.01,7,9,0.5625,-14,-5.34954714812
485_evogrow_v2_2_stage_capped_pretune_off_18_2_123,paper1_phaseB_v1,B,,campaign_cell,,18,Improved logistic equation with harvesting/fishing,1,surrogate,,evogrow_v2_2_stage_capped_pretune_off,evogrow_v2_2_stage_capped_pretune_off,123,finished,finished,True,,,2026-09-04T22:02:55.748Z,4.42126903285e-06,,,4,,,1691002,,280.967012469,False,True,False,485,2,604e79733b22d64d,91f88c4,False,0.999999982301,[0.9999999823008476],330,1691002,ffb0266c7913352c,"[[""u1"",""u1^2""]]",pretune_off,False,30,,[4],[4],"[""Success"",""Unstable"",""MaxIters""]","[""Failure"",""Success"",""MaxLossEvals""]",24428,24438,0,24428,10,188,75,,cell_000485.heartbeat.jsonl,16,9,9,5,7,0.4375,11,0,0.01,9,7,0.4375,-14,-5.35445305761
486_evogrow_v2_2_stage_capped_pretune_off_18_2_7,paper1_phaseB_v1,B,,campaign_cell,,18,Improved logistic equation with harvesting/fishing,1,surrogate,,evogrow_v2_2_stage_capped_pretune_off,evogrow_v2_2_stage_capped_pretune_off,7,finished,finished,True,,,2026-09-04T22:03:00.381Z,4.41641634353e-06,,,4,,,1597757,,230.55091106,False,True,False,486,2,604e79733b22d64d,91f88c4,False,0.99999998232,[0.9999999823202738],330,1597757,ffb0266c7913352c,"[[""u1"",""u1^2""]]",pretune_off,False,30,,[4],[4],"[""Success"",""Unstable""]","[""Failure"",""Success"",""MaxLossEvals""]",14634,14634,0,14634,0,178,70,,cell_000486.heartbeat.jsonl,16,8,8,5,8,0.5,11,0,0.01,8,8,0.5,-14,-5.35492999162
487_evogrow_v2_2_stage_capped_pretune_off_19_1_42,paper1_phaseB_v1,B,,campaign_cell,,19,Improved logistic equation with harvesting/fishing (dimensionless),1,surrogate,,evogrow_v2_2_stage_capped_pretune_off,evogrow_v2_2_stage_capped_pretune_off,42,finished,finished,True,,,2026-09-04T22:04:41.811Z,4.93812925763e-07,,,5,,,90455,,24.963954631,False,True,False,487,1,604e79733b22d64d,91f88c4,False,0.999992925436,[0.9999929254364619],410,90455,ffb0266c7913352c,"[[""u1"",""u1^2""]]",pretune_off,False,30,,[5],[5],"[""Success"",""Unstable""]","[""Success"",""Failure""]",4173,4173,0,4173,0,1,0,,cell_000487.heartbeat.jsonl,20,12,12,7,8,0.4,13,0,0.01,5,15,0.75,-10,-6.30643754641
488_evogrow_v2_2_stage_capped_pretune_off_19_1_123,paper1_phaseB_v1,B,,campaign_cell,,19,Improved logistic equation with harvesting/fishing (dimensionless),1,surrogate,,evogrow_v2_2_stage_capped_pretune_off,evogrow_v2_2_stage_capped_pretune_off,123,finished,finished,True,,,2026-09-04T22:05:34.588Z,4.93812925774e-07,,,5,,,91353,,23.555374954,False,True,False,488,1,604e79733b22d64d,91f88c4,False,0.999992925436,[0.9999929254364618],410,91353,ffb0266c7913352c,"[[""u1"",""u1^2""]]",pretune_off,False,30,,[5],[5],"[""Success"",""Unstable""]","[""Success"",""Failure""]",3838,3838,0,3838,0,1,0,,cell_000488.heartbeat.jsonl,20,8,8,3,12,0.6,17,0,0.01,5,15,0.75,-10,-6.3064375464
489_evogrow_v2_2_stage_capped_pretune_off_19_1_7,paper1_phaseB_v1,B,,campaign_cell,,19,Improved logistic equation with harvesting/fishing (dimensionless),1,surrogate,,evogrow_v2_2_stage_capped_pretune_off,evogrow_v2_2_stage_capped_pretune_off,7,finished,finished,True,,,2026-09-04T22:05:47.316Z,4.93812925772e-07,,,5,,,94717,,24.452138172,False,True,False,489,1,604e79733b22d64d,91f88c4,False,0.999992925436,[0.9999929254364618],410,94717,ffb0266c7913352c,"[[""u1"",""u1^2""]]",pretune_off,False,30,,[5],[5],"[""Success"",""Unstable""]","[""Success"",""Failure""]",4486,4486,0,4486,0,1,0,,cell_000489.heartbeat.jsonl,20,8,8,3,12,0.6,17,0,0.01,5,15,0.75,-10,-6.3064375464
490_evogrow_v2_2_stage_capped_pretune_off_19_2_42,paper1_phaseB_v1,B,,campaign_cell,,19,Improved logistic equation with harvesting/fishing (dimensionless),1,surrogate,,evogrow_v2_2_stage_capped_pretune_off,evogrow_v2_2_stage_capped_pretune_off,42,finished,finished,True,,,2026-09-04T22:06:08.977Z,1.37862520773e-06,,,5,,,79704,,21.373673093,False,True,False,490,2,604e79733b22d64d,91f88c4,False,0.999988408602,[0.9999884086017596],410,79704,ffb0266c7913352c,"[[""u1"",""u1^2""]]",pretune_off,False,30,,[5],[5],"[""Success"",""Unstable""]","[""Success""]",2874,2874,0,2874,0,0,0,,cell_000490.heartbeat.jsonl,20,6,6,4,14,0.7,16,0,0.01,5,15,0.75,-10,-5.86055378483
491_evogrow_v2_2_stage_capped_pretune_off_19_2_123,paper1_phaseB_v1,B,,campaign_cell,,19,Improved logistic equation with harvesting/fishing (dimensionless),1,surrogate,,evogrow_v2_2_stage_capped_pretune_off,evogrow_v2_2_stage_capped_pretune_off,123,finished,finished,True,,,2026-09-04T22:06:38.449Z,1.37862520774e-06,,,5,,,79469,,21.488400427,False,True,False,491,2,604e79733b22d64d,91f88c4,False,0.999988408602,[0.9999884086017595],410,79469,ffb0266c7913352c,"[[""u1"",""u1^2""]]",pretune_off,False,30,,[5],[5],"[""Success"",""Unstable""]","[""Success"",""Failure""]",2444,2444,0,2444,0,2,0,,cell_000491.heartbeat.jsonl,20,6,6,3,14,0.7,17,0,0.01,5,15,0.75,-10,-5.86055378483
492_evogrow_v2_2_stage_capped_pretune_off_19_2_7,paper1_phaseB_v1,B,,campaign_cell,,19,Improved logistic equation with harvesting/fishing (dimensionless),1,surrogate,,evogrow_v2_2_stage_capped_pretune_off,evogrow_v2_2_stage_capped_pretune_off,7,finished,finished,True,,,2026-09-04T22:06:51.499Z,1.37862520773e-06,,,5,,,99438,,25.174515047,False,True,False,492,2,604e79733b22d64d,91f88c4,False,0.999988408602,[0.9999884086017597],410,99438,ffb0266c7913352c,"[[""u1"",""u1^2""]]",pretune_off,False,30,,[5],[5],"[""Success"",""Unstable""]","[""Success"",""Failure"",""MaxLossEvals""]",4069,4069,0,4069,0,4,1,,cell_000492.heartbeat.jsonl,20,12,12,6,8,0.4,14,0,0.01,5,15,0.75,-10,-5.86055378483
493_evogrow_v2_2_stage_capped_pretune_off_20_1_42,paper1_phaseB_v1,B,,campaign_cell,,20,Autocatalytic gene switching (dimensionless),1,surrogate,,evogrow_v2_2_stage_capped_pretune_off,evogrow_v2_2_stage_capped_pretune_off,42,finished,finished,True,,,2026-09-04T22:07:13.263Z,5.93509275231e-08,,,5,,,314219,,52.142665971,False,True,False,493,1,604e79733b22d64d,91f88c4,False,0.999991621574,[0.9999916215743562],410,314219,ffb0266c7913352c,"[[""u1"",""u1^2"",""cos(u1)""]]",pretune_off,False,30,,[5],[5],"[""Success"",""Unstable""]","[""Success"",""Failure"",""MaxLossEvals""]",2637,2637,0,2637,0,52,4,,cell_000493.heartbeat.jsonl,20,17,17,5,3,0.15,15,0,0.01,17,3,0.15,-10,-7.2265724896
494_evogrow_v2_2_stage_capped_pretune_off_20_1_123,paper1_phaseB_v1,B,,campaign_cell,,20,Autocatalytic gene switching (dimensionless),1,surrogate,,evogrow_v2_2_stage_capped_pretune_off,evogrow_v2_2_stage_capped_pretune_off,123,finished,finished,True,,,2026-09-04T22:07:11.700Z,5.93509181867e-08,,,5,,,375177,,55.720345949,False,True,False,494,1,604e79733b22d64d,91f88c4,False,0.999991621576,[0.9999916215756741],410,375177,ffb0266c7913352c,"[[""u1"",""u1^2"",""cos(u1)""]]",pretune_off,False,30,,[5],[5],"[""Success"",""Unstable""]","[""Success"",""Failure"",""MaxLossEvals""]",1941,1941,0,1941,0,58,4,,cell_000494.heartbeat.jsonl,20,17,17,6,3,0.15,14,0,0.01,17,3,0.15,-10,-7.22657255792
495_evogrow_v2_2_stage_capped_pretune_off_20_1_7,paper1_phaseB_v1,B,,campaign_cell,,20,Autocatalytic gene switching (dimensionless),1,surrogate,,evogrow_v2_2_stage_capped_pretune_off,evogrow_v2_2_stage_capped_pretune_off,7,finished,finished,True,,,2026-09-04T22:07:32.456Z,5.93509265759e-08,,,5,,,487300,,69.538379164,False,True,False,495,1,604e79733b22d64d,91f88c4,False,0.999991621574,[0.9999916215744898],410,487300,ffb0266c7913352c,"[[""u1"",""u1^2"",""cos(u1)""]]",pretune_off,False,30,,[5],[5],"[""Success"",""Unstable""]","[""Success"",""Failure"",""MaxLossEvals""]",2171,2171,0,2171,0,56,13,,cell_000495.heartbeat.jsonl,20,17,17,5,3,0.15,15,0,0.01,17,3,0.15,-10,-7.22657249653
496_evogrow_v2_2_stage_capped_pretune_off_20_2_42,paper1_phaseB_v1,B,,campaign_cell,,20,Autocatalytic gene switching (dimensionless),1,surrogate,,evogrow_v2_2_stage_capped_pretune_off,evogrow_v2_2_stage_capped_pretune_off,42,finished,finished,True,,,2026-09-04T22:07:40.618Z,5.63022690875e-05,,,5,,,45120,,15.637368603,False,True,False,496,2,604e79733b22d64d,91f88c4,False,0.977554127018,[0.9775541270184791],410,45120,ffb0266c7913352c,"[[""u1""]]",pretune_off,False,30,,[5],[5],"[""Success"",""Unstable""]","[""Success""]",473,473,0,473,0,0,0,,cell_000496.heartbeat.jsonl,20,1,1,1,19,0.95,19,0,0.01,1,19,0.95,-10,-4.24947410191
497_evogrow_v2_2_stage_capped_pretune_off_20_2_123,paper1_phaseB_v1,B,,campaign_cell,,20,Autocatalytic gene switching (dimensionless),1,surrogate,,evogrow_v2_2_stage_capped_pretune_off,evogrow_v2_2_stage_capped_pretune_off,123,finished,finished,True,,,2026-09-04T22:07:56.977Z,5.63022690875e-05,,,5,,,44500,,15.738922756,False,True,False,497,2,604e79733b22d64d,91f88c4,False,0.977554127018,[0.9775541270184791],410,44500,ffb0266c7913352c,"[[""u1""]]",pretune_off,False,30,,[5],[5],"[""Success"",""Unstable""]","[""Success""]",421,421,0,421,0,0,0,,cell_000497.heartbeat.jsonl,20,1,1,1,19,0.95,19,0,0.01,1,19,0.95,-10,-4.24947410191
498_evogrow_v2_2_stage_capped_pretune_off_20_2_7,paper1_phaseB_v1,B,,campaign_cell,,20,Autocatalytic gene switching (dimensionless),1,surrogate,,evogrow_v2_2_stage_capped_pretune_off,evogrow_v2_2_stage_capped_pretune_off,7,finished,finished,True,,,2026-09-04T22:08:17.453Z,5.63022690875e-05,,,5,,,44190,,15.652353527,False,True,False,498,2,604e79733b22d64d,91f88c4,False,0.977554127018,[0.9775541270184791],410,44190,ffb0266c7913352c,"[[""u1""]]",pretune_off,False,30,,[5],[5],"[""Success"",""Unstable""]","[""Success""]",453,453,0,453,0,0,0,,cell_000498.heartbeat.jsonl,20,1,1,1,19,0.95,19,0,0.01,1,19,0.95,-10,-4.24947410191
499_evogrow_v2_2_stage_capped_pretune_off_21_1_42,paper1_phaseB_v1,B,,campaign_cell,,21,Dimensionally reduced SIR infection model for dead people (dimensionless),1,surrogate,,evogrow_v2_2_stage_capped_pretune_off,evogrow_v2_2_stage_capped_pretune_off,42,finished,finished,True,,,2026-09-04T22:08:37.044Z,1.45421088629e-05,,,5,,,748122,,178.485916124,False,True,False,499,1,604e79733b22d64d,91f88c4,False,0.999993762624,[0.9999937626235103],450,748122,ffb0266c7913352c,"[[""u1"",""u1^2"",""sin(u1)"",""cos(u1)""]]",pretune_off,False,30,,[5],[5],"[""Success"",""Unstable""]","[""Success"",""Failure"",""MaxLossEvals""]",14611,14611,0,14611,0,81,22,,cell_000499.heartbeat.jsonl,22,19,19,4,3,0.136363636364,18,0,0.01,19,3,0.136363636364,-8,-4.83737260853
500_evogrow_v2_2_stage_capped_pretune_off_21_1_123,paper1_phaseB_v1,B,,campaign_cell,,21,Dimensionally reduced SIR infection model for dead people (dimensionless),1,surrogate,,evogrow_v2_2_stage_capped_pretune_off,evogrow_v2_2_stage_capped_pretune_off,123,finished,finished,True,,,2026-09-04T22:08:47.017Z,1.45421100653e-05,,,5,,,886606,,215.263441028,False,True,False,500,1,604e79733b22d64d,91f88c4,False,0.999993762623,[0.9999937626229946],450,886606,ffb0266c7913352c,"[[""u1"",""u1^2"",""sin(u1)"",""cos(u1)""]]",pretune_off,False,30,,[5],[5],"[""Success"",""Unstable""]","[""Success"",""Failure"",""MaxLossEvals""]",16781,16781,0,16781,0,88,30,,cell_000500.heartbeat.jsonl,22,20,20,5,2,0.0909090909091,17,0,0.01,19,3,0.136363636364,-8,-4.83737257262
501_evogrow_v2_2_stage_capped_pretune_off_21_1_7,paper1_phaseB_v1,B,,campaign_cell,,21,Dimensionally reduced SIR infection model for dead people (dimensionless),1,surrogate,,evogrow_v2_2_stage_capped_pretune_off,evogrow_v2_2_stage_capped_pretune_off,7,finished,finished,True,,,2026-09-04T22:08:48.288Z,1.4542107158e-05,,,5,,,827368,,205.276316203,False,True,False,501,1,604e79733b22d64d,91f88c4,False,0.999993762624,[0.9999937626242416],450,827368,ffb0266c7913352c,"[[""u1"",""u1^2"",""sin(u1)"",""cos(u1)""]]",pretune_off,False,30,,[5],[5],"[""Success"",""Unstable""]","[""Success"",""Failure"",""MaxLossEvals""]",17848,17848,0,17848,0,83,29,,cell_000501.heartbeat.jsonl,22,19,19,4,3,0.136363636364,18,0,0.01,19,3,0.136363636364,-8,-4.83737265945
502_evogrow_v2_2_stage_capped_pretune_off_21_2_42,paper1_phaseB_v1,B,,campaign_cell,,21,Dimensionally reduced SIR infection model for dead people (dimensionless),1,surrogate,,evogrow_v2_2_stage_capped_pretune_off,evogrow_v2_2_stage_capped_pretune_off,42,finished,finished,True,,,2026-09-04T22:08:52.860Z,0.000703138632161,,,5,,,1205983,,165.658588472,False,True,False,502,2,604e79733b22d64d,91f88c4,False,0.999575381604,[0.9995753816039171],410,1205983,ffb0266c7913352c,"[[""u1"",""u1^2"",""u1^3""]]",pretune_off,False,30,,[5],[5],"[""Success"",""Unstable""]","[""Success"",""Failure"",""MaxLossEvals""]",19421,19421,0,19421,0,282,11,,cell_000502.heartbeat.jsonl,20,14,14,7,6,0.3,13,0,0.01,13,7,0.35,-10,-3.15295904021
503_evogrow_v2_2_stage_capped_pretune_off_21_2_123,paper1_phaseB_v1,B,,campaign_cell,,21,Dimensionally reduced SIR infection model for dead people (dimensionless),1,surrogate,,evogrow_v2_2_stage_capped_pretune_off,evogrow_v2_2_stage_capped_pretune_off,123,finished,finished,True,,,2026-09-04T22:09:14.379Z,0.000703138636998,,,5,,,1390081,,201.326458415,False,True,False,503,2,604e79733b22d64d,91f88c4,False,0.999575381601,[0.9995753816009958],410,1390081,ffb0266c7913352c,"[[""u1"",""u1^2"",""u1^3""]]",pretune_off,False,30,,[5],[5],"[""Success"",""Unstable""]","[""Success"",""Failure"",""MaxLossEvals""]",17957,17957,0,17957,0,266,22,,cell_000503.heartbeat.jsonl,20,14,14,5,6,0.3,15,0,0.01,13,7,0.35,-10,-3.15295903722
504_evogrow_v2_2_stage_capped_pretune_off_21_2_7,paper1_phaseB_v1,B,,campaign_cell,,21,Dimensionally reduced SIR infection model for dead people (dimensionless),1,surrogate,,evogrow_v2_2_stage_capped_pretune_off,evogrow_v2_2_stage_capped_pretune_off,7,finished,finished,True,,,2026-09-04T22:09:23.196Z,0.00070313861165,,,5,,,1196677,,167.897229594,False,True,False,504,2,604e79733b22d64d,91f88c4,False,0.999575381616,[0.999575381616303],410,1196677,ffb0266c7913352c,"[[""u1"",""u1^2"",""u1^3""]]",pretune_off,False,30,,[5],[5],"[""Success"",""Unstable""]","[""Failure"",""Success"",""MaxLossEvals""]",22126,22126,0,22126,0,286,9,,cell_000504.heartbeat.jsonl,20,15,15,8,5,0.25,12,0,0.01,13,7,0.35,-10,-3.15295905287
505_evogrow_v2_2_stage_capped_pretune_off_22_1_42,paper1_phaseB_v1,B,,campaign_cell,,22,"Hysteretic activation of a protein expression (positive feedback, basal promoter expression)",1,surrogate,,evogrow_v2_2_stage_capped_pretune_off,evogrow_v2_2_stage_capped_pretune_off,42,finished,finished,True,,,2026-09-04T22:12:15.462Z,0.000665309363707,,,5,,,273529,,43.14798033,False,True,False,505,1,604e79733b22d64d,91f88c4,False,0.99412854004,[0.9941285400398744],410,273529,ffb0266c7913352c,"[[""u1"",""u1^2""]]",pretune_off,False,30,,[5],[5],"[""Success"",""Unstable""]","[""Success"",""Failure""]",5562,5562,0,5562,0,59,0,,cell_000505.heartbeat.jsonl,20,8,8,4,12,0.6,16,0,0.01,5,15,0.75,-10,-3.17697636416
506_evogrow_v2_2_stage_capped_pretune_off_22_1_123,paper1_phaseB_v1,B,,campaign_cell,,22,"Hysteretic activation of a protein expression (positive feedback, basal promoter expression)",1,surrogate,,evogrow_v2_2_stage_capped_pretune_off,evogrow_v2_2_stage_capped_pretune_off,123,finished,finished,True,,,2026-09-04T22:12:19.188Z,0.000665309363707,,,5,,,313388,,49.44847667,False,True,False,506,1,604e79733b22d64d,91f88c4,False,0.99412854004,[0.9941285400398746],410,313388,ffb0266c7913352c,"[[""u1"",""u1^2""]]",pretune_off,False,30,,[5],[5],"[""Success"",""Unstable""]","[""Success"",""Failure""]",6125,6125,0,6125,0,54,0,,cell_000506.heartbeat.jsonl,20,7,7,5,13,0.65,15,0,0.01,5,15,0.75,-10,-3.17697636416
507_evogrow_v2_2_stage_capped_pretune_off_22_1_7,paper1_phaseB_v1,B,,campaign_cell,,22,"Hysteretic activation of a protein expression (positive feedback, basal promoter expression)",1,surrogate,,evogrow_v2_2_stage_capped_pretune_off,evogrow_v2_2_stage_capped_pretune_off,7,finished,finished,True,,,2026-09-04T22:12:51.927Z,0.000665309363706,,,5,,,245885,,41.825569701,False,True,False,507,1,604e79733b22d64d,91f88c4,False,0.99412854004,[0.9941285400398849],410,245885,ffb0266c7913352c,"[[""u1"",""u1^2""]]",pretune_off,False,30,,[5],[5],"[""Success"",""Unstable""]","[""Success"",""Failure""]",5424,5424,0,5424,0,48,0,,cell_000507.heartbeat.jsonl,20,6,6,4,14,0.7,16,0,0.01,5,15,0.75,-10,-3.17697636416
508_evogrow_v2_2_stage_capped_pretune_off_22_2_42,paper1_phaseB_v1,B,,campaign_cell,,22,"Hysteretic activation of a protein expression (positive feedback, basal promoter expression)",1,surrogate,,evogrow_v2_2_stage_capped_pretune_off,evogrow_v2_2_stage_capped_pretune_off,42,finished,finished,True,,,2026-09-04T22:12:55.527Z,0.000948320144431,,,5,,,194140,,37.908434674,False,True,False,508,2,604e79733b22d64d,91f88c4,False,0.999101780115,[0.9991017801154255],410,194140,ffb0266c7913352c,"[[""u1"",""u1^2"",""u1^3""]]",pretune_off,False,30,,[5],[5],"[""Success"",""Unstable""]","[""Success"",""Failure""]",6507,6507,0,6507,0,61,0,,cell_000508.heartbeat.jsonl,20,15,15,9,5,0.25,11,0,0.01,13,7,0.35,-10,-3.02304502396
509_evogrow_v2_2_stage_capped_pretune_off_22_2_123,paper1_phaseB_v1,B,,campaign_cell,,22,"Hysteretic activation of a protein expression (positive feedback, basal promoter expression)",1,surrogate,,evogrow_v2_2_stage_capped_pretune_off,evogrow_v2_2_stage_capped_pretune_off,123,finished,finished,True,,,2026-09-04T22:13:03.129Z,0.000948320144485,,,5,,,218967,,41.367121751,False,True,False,509,2,604e79733b22d64d,91f88c4,False,0.999101780115,[0.9991017801153738],410,218967,ffb0266c7913352c,"[[""u1"",""u1^2"",""u1^3""]]",pretune_off,False,30,,[5],[5],"[""Success"",""Unstable""]","[""Success"",""Failure""]",6766,6766,0,6766,0,69,0,,cell_000509.heartbeat.jsonl,20,14,14,6,6,0.3,14,0,0.01,13,7,0.35,-10,-3.02304502394
510_evogrow_v2_2_stage_capped_pretune_off_22_2_7,paper1_phaseB_v1,B,,campaign_cell,,22,"Hysteretic activation of a protein expression (positive feedback, basal promoter expression)",1,surrogate,,evogrow_v2_2_stage_capped_pretune_off,evogrow_v2_2_stage_capped_pretune_off,7,finished,finished,True,,,2026-09-04T22:13:16.144Z,0.000948320144485,,,5,,,202617,,40.752349625,False,True,False,510,2,604e79733b22d64d,91f88c4,False,0.999101780115,[0.9991017801153743],410,202617,ffb0266c7913352c,"[[""u1"",""u1^2"",""u1^3""]]",pretune_off,False,30,,[5],[5],"[""Success"",""Unstable""]","[""Success"",""Failure"",""MaxLossEvals""]",6703,6703,0,6703,0,63,1,,cell_000510.heartbeat.jsonl,20,14,14,7,6,0.3,13,0,0.01,13,7,0.35,-10,-3.02304502394
511_evogrow_v2_2_stage_capped_pretune_off_23_1_42,paper1_phaseB_v1,B,,campaign_cell,,23,Overdamped pendulum with constant driving torque/fireflies/Josephson junction (dimensionless),1,surrogate,,evogrow_v2_2_stage_capped_pretune_off,evogrow_v2_2_stage_capped_pretune_off,42,finished,finished,True,,,2026-09-04T22:13:39.222Z,0.0003769156491,,,5,,,174771,,40.130549749,False,True,False,511,1,604e79733b22d64d,91f88c4,False,0.999449646876,[0.9994496468756459],430,174771,ffb0266c7913352c,"[[""u1"",""u1^2"",""cos(u1)""]]",pretune_off,False,30,,[5],[5],"[""Success"",""Unstable""]","[""Success"",""Failure"",""MaxLossEvals""]",4554,4554,0,4554,0,24,1,,cell_000511.heartbeat.jsonl,21,18,18,5,3,0.142857142857,16,0,0.01,18,3,0.142857142857,-9,-3.42375583077
512_evogrow_v2_2_stage_capped_pretune_off_23_1_123,paper1_phaseB_v1,B,,campaign_cell,,23,Overdamped pendulum with constant driving torque/fireflies/Josephson junction (dimensionless),1,surrogate,,evogrow_v2_2_stage_capped_pretune_off,evogrow_v2_2_stage_capped_pretune_off,123,finished,finished,True,,,2026-09-04T22:13:48.238Z,0.000376915649101,,,5,,,148768,,36.303331237,False,True,False,512,1,604e79733b22d64d,91f88c4,False,0.999449646876,[0.9994496468756443],430,148768,ffb0266c7913352c,"[[""u1"",""u1^2"",""cos(u1)""]]",pretune_off,False,30,,[5],[5],"[""Success"",""Unstable""]","[""Success"",""Failure""]",5154,5154,0,5154,0,33,0,,cell_000512.heartbeat.jsonl,21,18,18,4,3,0.142857142857,17,0,0.01,18,3,0.142857142857,-9,-3.42375583077
513_evogrow_v2_2_stage_capped_pretune_off_23_1_7,paper1_phaseB_v1,B,,campaign_cell,,23,Overdamped pendulum with constant driving torque/fireflies/Josephson junction (dimensionless),1,surrogate,,evogrow_v2_2_stage_capped_pretune_off,evogrow_v2_2_stage_capped_pretune_off,7,finished,finished,True,,,2026-09-04T22:14:12.713Z,0.000376915649104,,,5,,,160937,,36.781562572,False,True,False,513,1,604e79733b22d64d,91f88c4,False,0.999449646876,[0.9994496468756395],450,160937,ffb0266c7913352c,"[[""u1"",""u1^2"",""cos(u1)""]]",pretune_off,False,30,,[5],[5],"[""Success"",""Unstable""]","[""Success"",""Failure""]",4898,4898,0,4898,0,22,0,,cell_000513.heartbeat.jsonl,22,22,22,7,0,0,15,0,0.01,19,3,0.136363636364,-8,-3.42375583077
514_evogrow_v2_2_stage_capped_pretune_off_23_2_42,paper1_phaseB_v1,B,,campaign_cell,,23,Overdamped pendulum with constant driving torque/fireflies/Josephson junction (dimensionless),1,surrogate,,evogrow_v2_2_stage_capped_pretune_off,evogrow_v2_2_stage_capped_pretune_off,42,finished,finished,True,,,2026-09-04T22:14:14.697Z,0.000367951624938,,,5,,,164284,,33.092453632,False,True,False,514,2,604e79733b22d64d,91f88c4,False,0.996738274784,[0.9967382747837353],410,164284,ffb0266c7913352c,"[[""u1"",""u1^2"",""u1^3""]]",pretune_off,False,30,,[5],[5],"[""Success"",""Unstable""]","[""Success"",""Failure""]",3358,3358,0,3358,0,63,0,,cell_000514.heartbeat.jsonl,20,14,14,5,6,0.3,15,0,0.01,13,7,0.35,-10,-3.43420927481
515_evogrow_v2_2_stage_capped_pretune_off_23_2_123,paper1_phaseB_v1,B,,campaign_cell,,23,Overdamped pendulum with constant driving torque/fireflies/Josephson junction (dimensionless),1,surrogate,,evogrow_v2_2_stage_capped_pretune_off,evogrow_v2_2_stage_capped_pretune_off,123,finished,finished,True,,,2026-09-04T22:14:24.308Z,0.000367951624937,,,5,,,174716,,33.602649514,False,True,False,515,2,604e79733b22d64d,91f88c4,False,0.996738274784,[0.996738274783738],410,174716,ffb0266c7913352c,"[[""u1"",""u1^2"",""u1^3""]]",pretune_off,False,30,,[5],[5],"[""Success"",""Unstable""]","[""Success"",""Failure""]",3209,3209,0,3209,0,83,0,,cell_000515.heartbeat.jsonl,20,15,15,5,5,0.25,15,0,0.01,13,7,0.35,-10,-3.43420927482
516_evogrow_v2_2_stage_capped_pretune_off_23_2_7,paper1_phaseB_v1,B,,campaign_cell,,23,Overdamped pendulum with constant driving torque/fireflies/Josephson junction (dimensionless),1,surrogate,,evogrow_v2_2_stage_capped_pretune_off,evogrow_v2_2_stage_capped_pretune_off,7,finished,finished,True,,,2026-09-04T22:14:38.851Z,0.000367951624937,,,5,,,175752,,33.848737425,False,True,False,516,2,604e79733b22d64d,91f88c4,False,0.996738274784,[0.9967382747837376],410,175752,ffb0266c7913352c,"[[""u1"",""u1^2"",""u1^3""]]",pretune_off,False,30,,[5],[5],"[""Success"",""Unstable""]","[""Success"",""Failure""]",2934,2934,0,2934,0,64,0,,cell_000516.heartbeat.jsonl,20,15,15,7,5,0.25,13,0,0.01,13,7,0.35,-10,-3.43420927482
517_evogrow_v2_2_stage_capped_pretune_off_24_1_42,paper1_phaseB_v1,B,,campaign_cell,,24,Harmonic oscillator without damping,2,exact,1,evogrow_v2_2_stage_capped_pretune_off,evogrow_v2_2_stage_capped_pretune_off,42,finished,finished,True,,,2026-09-02T08:14:21.810Z,1.72246973151e-14,,True,1,0,0,52956,,23.250246895,False,True,False,517,1,604e79733b22d64d,91f88c4,False,1,"[0.9999999999999368, 0.9999999999998261]",30,52956,ffb0266c7913352c,"[[""u2""],[""u1""]]",pretune_off,False,30,"[0,0]","[1,1]","[null,null]","[""Success""]","[""Success"",""MaxLossEvals""]",0,0,0,0,0,2,2,1,cell_000517.heartbeat.jsonl,1,1,1,1,0,0,0,0,0.01,1,0,0,-29,-13.7638484011
518_evogrow_v2_2_stage_capped_pretune_off_24_1_123,paper1_phaseB_v1,B,,campaign_cell,,24,Harmonic oscillator without damping,2,exact,1,evogrow_v2_2_stage_capped_pretune_off,evogrow_v2_2_stage_capped_pretune_off,123,finished,finished,True,,,2026-09-02T08:15:34.415Z,1.99940261478e-14,,True,1,0,0,46506,,23.513282856,False,True,False,518,1,604e79733b22d64d,91f88c4,False,1,"[0.9999999999998577, 0.9999999999998296]",30,46506,ffb0266c7913352c,"[[""u2""],[""u1"",""u2""]]",pretune_off,False,30,"[0,0]","[1,1]","[null,null]","[""Success""]","[""Success"",""Failure"",""MaxLossEvals""]",0,0,0,0,0,4,1,1,cell_000518.heartbeat.jsonl,1,1,1,1,0,0,0,0,0.01,1,0,0,-29,-13.6990997443
519_evogrow_v2_2_stage_capped_pretune_off_24_1_7,paper1_phaseB_v1,B,,campaign_cell,,24,Harmonic oscillator without damping,2,exact,1,evogrow_v2_2_stage_capped_pretune_off,evogrow_v2_2_stage_capped_pretune_off,7,finished,finished,True,,,2026-09-02T08:16:49.776Z,1.70567252032e-14,,True,1,0,0,75207,,26.480338537,False,True,False,519,1,604e79733b22d64d,91f88c4,False,1,"[0.9999999999998207, 0.999999999999881]",30,75207,ffb0266c7913352c,"[[""u2""],[""u1"",""u2""]]",pretune_off,False,30,"[0,0]","[1,1]","[null,null]","[""Success""]","[""Success"",""MaxLossEvals"",""Failure""]",0,0,0,0,0,4,3,1,cell_000519.heartbeat.jsonl,1,1,1,1,0,0,0,0,0.01,1,0,0,-29,-13.7681043473
520_evogrow_v2_2_stage_capped_pretune_off_24_2_42,paper1_phaseB_v1,B,,campaign_cell,,24,Harmonic oscillator without damping,2,exact,1,evogrow_v2_2_stage_capped_pretune_off,evogrow_v2_2_stage_capped_pretune_off,42,finished,finished,True,,,2026-09-02T08:18:05.533Z,5.91942439729e-15,,True,1,0,0,11015,,14.59129424,False,True,False,520,2,604e79733b22d64d,91f88c4,False,0.999999999999,"[0.9999999999992066, 0.9999999999997808]",30,11015,ffb0266c7913352c,"[[""u1"",""u2""],[""u1""]]",pretune_off,False,30,"[0,0]","[1,1]","[null,null]","[""Success""]","[""Success"",""Failure""]",0,0,0,0,0,1,0,1,cell_000520.heartbeat.jsonl,1,1,1,1,0,0,0,0,0.01,1,0,0,-29,-14.2277205219
521_evogrow_v2_2_stage_capped_pretune_off_24_2_123,paper1_phaseB_v1,B,,campaign_cell,,24,Harmonic oscillator without damping,2,exact,1,evogrow_v2_2_stage_capped_pretune_off,evogrow_v2_2_stage_capped_pretune_off,123,finished,finished,True,,,2026-09-02T08:19:08.555Z,6.08908530665e-15,,True,1,0,0,10086,,12.626168348,False,True,False,521,2,604e79733b22d64d,91f88c4,False,0.999999999999,"[0.9999999999992372, 0.9999999999997483]",30,10086,ffb0266c7913352c,"[[""u2""],[""u1"",""u2""]]",pretune_off,False,30,"[0,0]","[1,1]","[null,null]","[""Success""]","[""Success""]",0,0,0,0,0,0,0,1,cell_000521.heartbeat.jsonl,1,1,1,1,0,0,0,0,0.01,1,0,0,-29,-14.2154479415
522_evogrow_v2_2_stage_capped_pretune_off_24_2_7,paper1_phaseB_v1,B,,campaign_cell,,24,Harmonic oscillator without damping,2,exact,1,evogrow_v2_2_stage_capped_pretune_off,evogrow_v2_2_stage_capped_pretune_off,7,finished,finished,True,,,2026-09-02T08:20:01.456Z,4.70639051688e-15,,True,1,0,0,30451,,15.095103745,False,True,False,522,2,604e79733b22d64d,91f88c4,False,1,"[0.9999999999995522, 0.9999999999997354]",30,30451,ffb0266c7913352c,"[[""u2""],[""u1"",""u2""]]",pretune_off,False,30,"[0,0]","[1,1]","[null,null]","[""Success""]","[""Success"",""MaxLossEvals""]",0,0,0,0,0,1,1,1,cell_000522.heartbeat.jsonl,1,1,1,1,0,0,0,0,0.01,1,0,0,-29,-14.3273120397
523_evogrow_v2_2_stage_capped_pretune_off_25_1_42,paper1_phaseB_v1,B,,campaign_cell,,25,Harmonic oscillator with damping,2,exact,1,evogrow_v2_2_stage_capped_pretune_off,evogrow_v2_2_stage_capped_pretune_off,42,finished,finished,True,,,2026-09-02T08:21:00.524Z,7.34639400482e-15,,True,1,0,0,166843,,32.982669771,False,True,False,523,1,604e79733b22d64d,91f88c4,False,0.999999999998,"[0.999999999998395, 0.9999999999984394]",30,166843,ffb0266c7913352c,"[[""u2""],[""u1"",""u2""]]",pretune_off,False,30,"[0,0]","[1,1]","[null,null]","[""Success""]","[""MaxLossEvals"",""Success""]",0,0,0,0,0,8,8,1,cell_000523.heartbeat.jsonl,1,1,1,1,0,0,0,0,0.01,1,0,0,-29,-14.1339257831
524_evogrow_v2_2_stage_capped_pretune_off_25_1_123,paper1_phaseB_v1,B,,campaign_cell,,25,Harmonic oscillator with damping,2,exact,1,evogrow_v2_2_stage_capped_pretune_off,evogrow_v2_2_stage_capped_pretune_off,123,finished,finished,True,,,2026-09-02T08:22:14.454Z,7.85938621716e-15,,True,1,0,0,223333,,44.810611047,False,True,False,524,1,604e79733b22d64d,91f88c4,False,0.999999999998,"[0.9999999999984508, 0.9999999999982881]",30,223333,ffb0266c7913352c,"[[""u2""],[""u1"",""u2""]]",pretune_off,False,30,"[0,0]","[1,1]","[null,null]","[""Success""]","[""Success"",""MaxLossEvals""]",0,0,0,0,0,11,11,1,cell_000524.heartbeat.jsonl,1,1,1,1,0,0,0,0,0.01,1,0,0,-29,-14.1046113691
525_evogrow_v2_2_stage_capped_pretune_off_25_1_7,paper1_phaseB_v1,B,,campaign_cell,,25,Harmonic oscillator with damping,2,exact,1,evogrow_v2_2_stage_capped_pretune_off,evogrow_v2_2_stage_capped_pretune_off,7,finished,finished,True,,,2026-09-02T08:23:39.348Z,7.46984633726e-15,,True,1,0,0,215905,,41.434722665,False,True,False,525,1,604e79733b22d64d,91f88c4,False,0.999999999998,"[0.9999999999984248, 0.9999999999983988]",50,215905,ffb0266c7913352c,"[[""u2""],[""u1"",""u2""]]",pretune_off,False,30,"[0,0]","[1,1]","[null,null]","[""Success""]","[""Success"",""MaxLossEvals"",""Failure""]",0,0,0,0,0,11,10,1,cell_000525.heartbeat.jsonl,2,2,2,2,0,0,0,0,0.01,2,0,0,-28,-14.126688332
526_evogrow_v2_2_stage_capped_pretune_off_25_2_42,paper1_phaseB_v1,B,,campaign_cell,,25,Harmonic oscillator with damping,2,exact,1,evogrow_v2_2_stage_capped_pretune_off,evogrow_v2_2_stage_capped_pretune_off,42,finished,finished,True,,,2026-09-02T08:25:02.346Z,9.67249658218e-15,,True,1,0,0,8501,,12.782083082,False,True,False,526,2,604e79733b22d64d,91f88c4,False,0.999999999998,"[0.9999999999981116, 0.9999999999985433]",30,8501,ffb0266c7913352c,"[[""u2""],[""u1"",""u2""]]",pretune_off,False,30,"[0,0]","[1,1]","[null,null]","[""Success""]","[""Success"",""Failure""]",0,0,0,0,0,2,0,1,cell_000526.heartbeat.jsonl,1,1,1,1,0,0,0,0,0.01,1,0,0,-29,-14.0144614151
527_evogrow_v2_2_stage_capped_pretune_off_25_2_123,paper1_phaseB_v1,B,,campaign_cell,,25,Harmonic oscillator with damping,2,exact,1,evogrow_v2_2_stage_capped_pretune_off,evogrow_v2_2_stage_capped_pretune_off,123,finished,finished,True,,,2026-09-02T08:25:56.734Z,9.41823106083e-15,,True,1,0,0,9790,,13.360832802,False,True,False,527,2,604e79733b22d64d,91f88c4,False,0.999999999998,"[0.9999999999984015, 0.9999999999985296]",30,9790,ffb0266c7913352c,"[[""u2""],[""u1"",""u2""]]",pretune_off,False,30,"[0,0]","[1,1]","[null,null]","[""Success""]","[""Success""]",0,0,0,0,0,0,0,1,cell_000527.heartbeat.jsonl,1,1,1,1,0,0,0,0,0.01,1,0,0,-29,-14.0260306591
528_evogrow_v2_2_stage_capped_pretune_off_25_2_7,paper1_phaseB_v1,B,,campaign_cell,,25,Harmonic oscillator with damping,2,exact,1,evogrow_v2_2_stage_capped_pretune_off,evogrow_v2_2_stage_capped_pretune_off,7,finished,finished,True,,,2026-09-02T08:26:52.619Z,9.47195058078e-15,,True,1,0,0,11293,,14.229805574,False,True,False,528,2,604e79733b22d64d,91f88c4,False,0.999999999998,"[0.9999999999983512, 0.9999999999985302]",30,11293,ffb0266c7913352c,"[[""u2""],[""u1"",""u2""]]",pretune_off,False,30,"[0,0]","[1,1]","[null,null]","[""Success""]","[""Success"",""Failure""]",0,0,0,0,0,2,0,1,cell_000528.heartbeat.jsonl,1,1,1,1,0,0,0,0,0.01,1,0,0,-29,-14.0235605765
529_evogrow_v2_2_stage_capped_pretune_off_26_1_42,paper1_phaseB_v1,B,,campaign_cell,,26,Lotka-Volterra competition model (Strogatz version with sheeps and rabbits),2,exact,3,evogrow_v2_2_stage_capped_pretune_off,evogrow_v2_2_stage_capped_pretune_off,42,finished,finished,True,,,2026-09-02T08:27:49.895Z,0.000323049158847,,False,3,0,0,817586,,824.030278667,False,True,False,529,1,604e79733b22d64d,91f88c4,False,0.996949526709,"[0.9993285019337794, 0.9945705514845101]",350,817586,ffb0266c7913352c,"[[""u1"",""u2"",""u1^2"",""u2^2"",""u1*u2""],[""u1"",""u1^2"",""u2^2""]]",pretune_off,False,30,"[0,0]","[3,3]","[3,3]","[""Success"",""Unstable"",""MaxIters""]","[""MaxLossEvals"",""Success"",""Failure""]",39925,40141,0,39925,216,68,30,0,cell_000529.heartbeat.jsonl,17,14,14,7,3,0.176470588235,10,0,0.01,14,3,0.176470588235,-13,-3.49073138544
530_evogrow_v2_2_stage_capped_pretune_off_26_1_123,paper1_phaseB_v1,B,,campaign_cell,,26,Lotka-Volterra competition model (Strogatz version with sheeps and rabbits),2,exact,3,evogrow_v2_2_stage_capped_pretune_off,evogrow_v2_2_stage_capped_pretune_off,123,finished,finished,True,,,2026-09-02T08:28:02.391Z,0.000255825313121,,False,3,0,0,844994,,1636.751037,False,True,False,530,1,604e79733b22d64d,91f88c4,False,0.997495718705,"[0.9995639447029289, 0.9954274927078132]",330,844994,ffb0266c7913352c,"[[""u1"",""u2"",""u1^2"",""u1*u2""],[""u1"",""u1^2""]]",pretune_off,False,30,"[0,0]","[3,3]","[3,3]","[""Success"",""Unstable"",""MaxIters""]","[""Success"",""MaxLossEvals"",""Failure""]",29300,29712,0,29300,412,69,28,0,cell_000530.heartbeat.jsonl,16,12,12,6,4,0.25,9,1,0.01,12,4,0.25,-14,-3.59205648564
531_evogrow_v2_2_stage_capped_pretune_off_26_1_7,paper1_phaseB_v1,B,,campaign_cell,,26,Lotka-Volterra competition model (Strogatz version with sheeps and rabbits),2,exact,3,evogrow_v2_2_stage_capped_pretune_off,evogrow_v2_2_stage_capped_pretune_off,7,finished,finished,True,,,2026-09-02T08:32:08.942Z,0.000255825311891,,False,3,0,0,977302,,1472.37435494,False,True,False,531,1,604e79733b22d64d,91f88c4,False,0.997495719733,"[0.9995639436082139, 0.9954274958569592]",330,977302,ffb0266c7913352c,"[[""u1"",""u2"",""u1^2"",""u1*u2""],[""u1"",""u1^2""]]",pretune_off,False,30,"[0,0]","[3,3]","[3,3]","[""Success"",""Unstable"",""MaxIters""]","[""Success"",""MaxLossEvals"",""Failure""]",22690,23172,0,22690,482,74,38,0,cell_000531.heartbeat.jsonl,16,13,13,5,3,0.1875,11,0,0.01,13,3,0.1875,-14,-3.59205648773
532_evogrow_v2_2_stage_capped_pretune_off_26_2_42,paper1_phaseB_v1,B,,campaign_cell,,26,Lotka-Volterra competition model (Strogatz version with sheeps and rabbits),2,exact,3,evogrow_v2_2_stage_capped_pretune_off,evogrow_v2_2_stage_capped_pretune_off,42,finished,finished,True,,,2026-09-02T08:42:14.168Z,0.000221095735081,,False,3,0,0,457602,,1322.22612127,False,True,False,532,2,604e79733b22d64d,91f88c4,False,0.994787267663,"[0.9978872182986124, 0.9916873170269052]",290,457602,ffb0266c7913352c,"[[""u1"",""u2"",""u1*u2""],[""u1"",""u2"",""u2^2""]]",pretune_off,False,30,"[0,0]","[3,3]","[3,3]","[""Success"",""Unstable"",""MaxIters""]","[""Success"",""Failure"",""MaxLossEvals""]",20499,20864,0,20499,365,35,13,0,cell_000532.heartbeat.jsonl,14,12,12,8,2,0.142857142857,6,0,0.01,11,3,0.214285714286,-16,-3.65541963485
533_evogrow_v2_2_stage_capped_pretune_off_26_2_123,paper1_phaseB_v1,B,,campaign_cell,,26,Lotka-Volterra competition model (Strogatz version with sheeps and rabbits),2,exact,3,evogrow_v2_2_stage_capped_pretune_off,evogrow_v2_2_stage_capped_pretune_off,123,finished,finished,True,,,2026-09-02T08:46:46.651Z,0.000543381119158,,False,3,0,0,474812,,1027.28693484,False,True,False,533,2,604e79733b22d64d,91f88c4,False,0.989859164525,"[0.9903197129406155, 0.989398616110033]",290,474812,ffb0266c7913352c,"[[""u1"",""u2"",""u1^2""],[""u1"",""u2"",""u1^2""]]",pretune_off,False,30,"[0,0]","[3,3]","[3,3]","[""Success"",""Unstable"",""MaxIters""]","[""Success"",""Failure"",""MaxLossEvals""]",17754,18050,0,17754,296,33,13,0,cell_000533.heartbeat.jsonl,14,10,10,6,4,0.285714285714,8,0,0.01,10,4,0.285714285714,-16,-3.26489545607
534_evogrow_v2_2_stage_capped_pretune_off_26_2_7,paper1_phaseB_v1,B,,campaign_cell,,26,Lotka-Volterra competition model (Strogatz version with sheeps and rabbits),2,exact,3,evogrow_v2_2_stage_capped_pretune_off,evogrow_v2_2_stage_capped_pretune_off,7,finished,finished,True,,,2026-09-02T08:56:01.104Z,0.000508922167801,,False,3,0,0,495987,,671.549087122,False,True,False,534,2,604e79733b22d64d,91f88c4,False,0.990502406655,"[0.9909333392141353, 0.9900714740965235]",310,495987,ffb0266c7913352c,"[[""u1"",""u2"",""u1^2""],[""u1"",""u2"",""u2^2""]]",pretune_off,False,30,"[0,0]","[3,3]","[3,3]","[""Success"",""Unstable"",""MaxIters""]","[""Success"",""Failure"",""MaxLossEvals""]",16906,17090,0,16906,184,44,13,0,cell_000534.heartbeat.jsonl,15,8,8,5,7,0.466666666667,10,0,0.01,8,7,0.466666666667,-15,-3.29334863157
535_evogrow_v2_2_stage_capped_pretune_off_27_1_42,paper1_phaseB_v1,B,,campaign_cell,,27,Lotka-Volterra simple (as on Wikipedia),2,exact,3,evogrow_v2_2_stage_capped_pretune_off,evogrow_v2_2_stage_capped_pretune_off,42,finished,finished,True,,,2026-09-02T08:57:24.400Z,0.374513138267,,False,3,0,0,1513480,,2652.75483794,False,True,False,535,1,604e79733b22d64d,91f88c4,False,0.938551919393,"[0.9705205925636863, 0.9065832462217017]",490,1513480,ffb0266c7913352c,"[[""u1"",""u2"",""u1^2"",""u2^2"",""u1*u2""],[""u1"",""u1^2"",""u2^2"",""u1*u2""]]",pretune_off,False,30,"[0,0]","[3,3]","[3,3]","[""Success"",""Unstable"",""MaxIters""]","[""MaxLossEvals"",""Success"",""Failure""]",100736,101426,0,100736,690,114,56,0,cell_000535.heartbeat.jsonl,24,21,21,10,3,0.125,14,0,0.01,21,3,0.125,-6,-0.426532942245
536_evogrow_v2_2_stage_capped_pretune_off_27_1_123,paper1_phaseB_v1,B,,campaign_cell,,27,Lotka-Volterra simple (as on Wikipedia),2,exact,3,evogrow_v2_2_stage_capped_pretune_off,evogrow_v2_2_stage_capped_pretune_off,123,finished,finished,True,,,2026-09-02T09:04:36.618Z,0.661133823566,,False,3,0,0,1252895,,2426.83706406,False,True,False,536,1,604e79733b22d64d,91f88c4,False,0.89147267717,"[0.9501853823798628, 0.8327599719606312]",430,1252895,ffb0266c7913352c,"[[""u1"",""u2"",""u1^2"",""u2^2"",""u1*u2""],[""u1"",""u2"",""u1^2"",""u2^2""]]",pretune_off,False,30,"[0,0]","[3,3]","[3,3]","[""Success"",""Unstable"",""MaxIters""]","[""Success"",""MaxLossEvals"",""Failure""]",63392,64075,0,63392,683,105,43,0,cell_000536.heartbeat.jsonl,21,18,18,11,3,0.142857142857,10,0,0.01,18,3,0.142857142857,-9,-0.179710623791
537_evogrow_v2_2_stage_capped_pretune_off_27_1_7,paper1_phaseB_v1,B,,campaign_cell,,27,Lotka-Volterra simple (as on Wikipedia),2,exact,3,evogrow_v2_2_stage_capped_pretune_off,evogrow_v2_2_stage_capped_pretune_off,7,finished,finished,True,,,2026-09-02T09:04:56.584Z,1.25875452335,,False,3,0,0,992625,,16117.4721049,False,True,False,537,1,604e79733b22d64d,91f88c4,False,0.796653849237,"[0.7648556145734863, 0.8284520839011785]",310,992625,ffb0266c7913352c,"[[""u2"",""u2^2"",""u1*u2""],[""u1"",""u2"",""u1*u2""]]",pretune_off,False,30,"[0,0]","[3,3]","[3,3]","[""Success"",""Unstable"",""MaxIters""]","[""Success"",""MaxLossEvals"",""Failure""]",43709,49839,0,43709,6130,96,34,0,cell_000537.heartbeat.jsonl,15,12,12,6,3,0.2,9,0,0.01,12,3,0.2,-15,0.0999410442075
538_evogrow_v2_2_stage_capped_pretune_off_27_2_42,paper1_phaseB_v1,B,,campaign_cell,,27,Lotka-Volterra simple (as on Wikipedia),2,exact,3,evogrow_v2_2_stage_capped_pretune_off,evogrow_v2_2_stage_capped_pretune_off,42,finished,finished,True,,,2026-09-02T09:07:53.048Z,0.00611380073331,,False,3,0,0,2794949,,2529.22448819,False,True,False,538,2,604e79733b22d64d,91f88c4,False,0.997458305916,"[0.9969239106187489, 0.9979927012138876]",350,2794949,ffb0266c7913352c,"[[""u1"",""u2"",""u1^2"",""u2^2"",""u1*u2""],[""u1"",""u2"",""u1^2"",""u2^2"",""u1*u2""]]",pretune_off,False,30,"[0,0]","[3,3]","[3,3]","[""Success"",""Unstable"",""MaxIters""]","[""Failure"",""Success"",""MaxLossEvals""]",111509,111859,0,111509,350,290,77,0,cell_000538.heartbeat.jsonl,17,14,14,7,3,0.176470588235,10,0,0.01,14,3,0.176470588235,-13,-2.21368872031
539_evogrow_v2_2_stage_capped_pretune_off_27_2_123,paper1_phaseB_v1,B,,campaign_cell,,27,Lotka-Volterra simple (as on Wikipedia),2,exact,3,evogrow_v2_2_stage_capped_pretune_off,evogrow_v2_2_stage_capped_pretune_off,123,finished,finished,True,,,2026-09-02T09:42:17.691Z,3.68239413094e-08,,True,3,0,0,2568874,,3996.52696481,False,True,False,539,2,604e79733b22d64d,91f88c4,False,0.999999983159,"[0.9999999909406874, 0.9999999753769004]",310,2568874,ffb0266c7913352c,"[[""u1"",""u2"",""u2^2"",""u1*u2""],[""u1"",""u2"",""u1^2"",""u1*u2""]]",pretune_off,False,30,"[0,0]","[3,3]","[3,3]","[""Success"",""Unstable"",""MaxIters""]","[""Failure"",""Success"",""MaxLossEvals""]",95218,96226,0,95218,1008,275,68,1,cell_000539.heartbeat.jsonl,15,12,12,7,3,0.2,8,0,0.01,12,3,0.2,-15,-7.4338697303
540_evogrow_v2_2_stage_capped_pretune_off_27_2_7,paper1_phaseB_v1,B,,campaign_cell,,27,Lotka-Volterra simple (as on Wikipedia),2,exact,3,evogrow_v2_2_stage_capped_pretune_off,evogrow_v2_2_stage_capped_pretune_off,7,finished,finished,True,,,2026-09-02T09:45:44.602Z,3.73104201438e-08,,True,3,0,0,3905508,,5115.35314732,False,True,False,540,2,604e79733b22d64d,91f88c4,False,0.999999982146,"[0.9999999957063732, 0.9999999685849139]",430,3905508,ffb0266c7913352c,"[[""u1"",""u2"",""u1^2"",""u2^2"",""u1*u2""],[""u1"",""u2"",""u1^2"",""u2^2"",""u1*u2""]]",pretune_off,False,30,"[0,0]","[3,3]","[3,3]","[""Success"",""MaxIters"",""Unstable""]","[""Failure"",""Success"",""MaxLossEvals""]",169910,170839,0,169910,929,364,113,1,cell_000540.heartbeat.jsonl,21,20,20,12,1,0.047619047619,9,0,0.01,20,1,0.047619047619,-9,-7.42816986044
541_evogrow_v2_2_stage_capped_pretune_off_28_1_42,paper1_phaseB_v1,B,,campaign_cell,,28,Pendulum without friction,2,exact,5,evogrow_v2_2_stage_capped_pretune_off,evogrow_v2_2_stage_capped_pretune_off,42,finished,finished,True,,,2026-09-02T09:50:42.099Z,2.0548538697e-06,,False,5,0,0,1000554,,5693.78390504,False,True,False,541,1,604e79733b22d64d,91f88c4,False,0.999997934016,"[0.999999820959566, 0.999996047072634]",410,1000554,ffb0266c7913352c,"[[""u1"",""u2""],[""u1"",""u1^3""]]",pretune_off,False,30,"[0,0]","[5,5]","[null,5]","[""Success"",""Unstable"",""MaxIters""]","[""Failure"",""Success"",""MaxLossEvals""]",59526,61929,0,59526,2403,106,24,0,cell_000541.heartbeat.jsonl,20,13,13,3,7,0.35,17,0,0.01,13,7,0.35,-10,-5.68721905741
542_evogrow_v2_2_stage_capped_pretune_off_28_1_123,paper1_phaseB_v1,B,,campaign_cell,,28,Pendulum without friction,2,exact,5,evogrow_v2_2_stage_capped_pretune_off,evogrow_v2_2_stage_capped_pretune_off,123,finished,finished,True,,,2026-09-02T09:56:54.721Z,2.0548538886e-06,,False,5,0,0,1310306,,16540.3078888,False,True,False,542,1,604e79733b22d64d,91f88c4,False,0.999997934016,"[0.999999820960009, 0.9999960470716911]",450,1310306,ffb0266c7913352c,"[[""u1"",""u2""],[""u1"",""u1^3""]]",pretune_off,False,30,"[0,0]","[5,5]","[null,5]","[""Success"",""Unstable"",""MaxIters""]","[""Success"",""Failure"",""MaxLossEvals""]",67084,74061,0,67084,6977,129,38,0,cell_000542.heartbeat.jsonl,22,15,15,4,7,0.318181818182,18,0,0.01,15,7,0.318181818182,-8,-5.68721905341
543_evogrow_v2_2_stage_capped_pretune_off_28_1_7,paper1_phaseB_v1,B,,campaign_cell,,28,Pendulum without friction,2,exact,5,evogrow_v2_2_stage_capped_pretune_off,evogrow_v2_2_stage_capped_pretune_off,7,finished,finished,True,,,2026-09-02T10:33:21.371Z,2.07024593198e-06,,False,5,0,0,799425,,8214.69341541,False,True,False,543,1,604e79733b22d64d,91f88c4,False,0.999997925026,"[0.9999998071344119, 0.9999960429173353]",410,799425,ffb0266c7913352c,"[[""u2""],[""u1"",""u2"",""u1^3""]]",pretune_off,False,30,"[0,0]","[5,5]","[null,5]","[""Success"",""Unstable"",""MaxIters""]","[""Failure"",""Success"",""MaxLossEvals""]",26444,29359,0,26444,2915,72,17,0,cell_000543.heartbeat.jsonl,20,14,14,4,6,0.3,16,0,0.01,13,7,0.35,-10,-5.68397806007
544_evogrow_v2_2_stage_capped_pretune_off_28_2_42,paper1_phaseB_v1,B,,campaign_cell,,28,Pendulum without friction,2,exact,5,evogrow_v2_2_stage_capped_pretune_off,evogrow_v2_2_stage_capped_pretune_off,42,finished,finished,True,,,2026-09-02T10:49:37.817Z,5.72401427929e-05,,False,5,0,0,2278264,,2870.19995858,False,True,False,544,2,604e79733b22d64d,91f88c4,False,0.99983111223,"[0.9999755417431542, 0.9996866827178098]",410,2278264,ffb0266c7913352c,"[[""u2""],[""u1""]]",pretune_off,False,30,"[0,0]","[5,5]","[null,5]","[""Success"",""Unstable"",""MaxIters""]","[""MaxLossEvals"",""Success"",""Failure""]",40569,41679,0,40569,1110,144,100,0,cell_000544.heartbeat.jsonl,20,1,1,1,19,0.95,19,0,0.01,1,19,0.95,-10,-4.24229929151
545_evogrow_v2_2_stage_capped_pretune_off_28_2_123,paper1_phaseB_v1,B,,campaign_cell,,28,Pendulum without friction,2,exact,5,evogrow_v2_2_stage_capped_pretune_off,evogrow_v2_2_stage_capped_pretune_off,123,finished,finished,True,,,2026-09-02T10:49:42.721Z,5.72401427923e-05,,False,5,0,0,1955302,,3269.07505544,False,True,False,545,2,604e79733b22d64d,91f88c4,False,0.999831112232,"[0.999975541733783, 0.9996866827294368]",410,1955302,ffb0266c7913352c,"[[""u2""],[""u1""]]",pretune_off,False,30,"[0,0]","[5,5]","[null,5]","[""Success"",""Unstable"",""MaxIters""]","[""Success"",""MaxLossEvals"",""Failure""]",33458,34604,0,33458,1146,125,83,0,cell_000545.heartbeat.jsonl,20,1,1,1,19,0.95,19,0,0.01,1,19,0.95,-10,-4.24229929151
546_evogrow_v2_2_stage_capped_pretune_off_28_2_7,paper1_phaseB_v1,B,,campaign_cell,,28,Pendulum without friction,2,exact,5,evogrow_v2_2_stage_capped_pretune_off,evogrow_v2_2_stage_capped_pretune_off,7,finished,finished,True,,,2026-09-02T11:11:41.597Z,5.72401427933e-05,,False,5,0,0,2155427,,4020.14004706,False,True,False,546,2,604e79733b22d64d,91f88c4,False,0.999831112229,"[0.999975541753099, 0.9996866827054719]",410,2155427,ffb0266c7913352c,"[[""u2""],[""u1""]]",pretune_off,False,30,"[0,0]","[5,5]","[null,5]","[""Success"",""Unstable"",""MaxIters""]","[""Success"",""MaxLossEvals"",""Failure""]",38056,39736,0,38056,1680,152,85,0,cell_000546.heartbeat.jsonl,20,1,1,1,19,0.95,19,0,0.01,1,19,0.95,-10,-4.2422992915
547_evogrow_v2_2_stage_capped_pretune_off_29_1_42,paper1_phaseB_v1,B,,campaign_cell,,29,Dipole fixed point,2,exact,3,evogrow_v2_2_stage_capped_pretune_off,evogrow_v2_2_stage_capped_pretune_off,42,finished,finished,True,,,2026-09-02T11:26:17.838Z,4.68797995037e-14,,True,3,0,0,761580,,2093.75717588,False,True,False,547,1,604e79733b22d64d,91f88c4,False,1,"[0.9999999999999379, 0.9999999999997952]",330,761580,ffb0266c7913352c,"[[""u1"",""u2"",""u2^2"",""u1*u2""],[""u1"",""u2"",""u1^2"",""u2^2""]]",pretune_off,False,30,"[0,0]","[3,2]","[3,2]","[""Success"",""Unstable"",""MaxIters""]","[""Success"",""MaxLossEvals"",""Failure""]",64612,65214,0,64612,602,52,29,1,cell_000547.heartbeat.jsonl,16,16,16,7,0,0,9,0,0.01,16,0,0,-14,-13.3290142544
548_evogrow_v2_2_stage_capped_pretune_off_29_1_123,paper1_phaseB_v1,B,,campaign_cell,,29,Dipole fixed point,2,exact,3,evogrow_v2_2_stage_capped_pretune_off,evogrow_v2_2_stage_capped_pretune_off,123,finished,finished,True,,,2026-09-02T11:38:11.529Z,4.4028985036e-14,,True,3,0,0,1309739,,4732.15408151,False,True,False,548,1,604e79733b22d64d,91f88c4,False,1,"[0.9999999999999472, 0.9999999999997984]",390,1309739,ffb0266c7913352c,"[[""u1"",""u2"",""u2^2"",""u1*u2""],[""u1"",""u2"",""u1^2"",""u2^2""]]",pretune_off,False,30,"[0,0]","[3,2]","[3,2]","[""Success"",""Unstable"",""MaxIters""]","[""Success"",""MaxLossEvals"",""Failure""]",62825,63687,0,62825,862,75,56,1,cell_000548.heartbeat.jsonl,19,19,19,10,0,0,6,2,0.01,19,0,0,-11,-13.3562613259
549_evogrow_v2_2_stage_capped_pretune_off_29_1_7,paper1_phaseB_v1,B,,campaign_cell,,29,Dipole fixed point,2,exact,3,evogrow_v2_2_stage_capped_pretune_off,evogrow_v2_2_stage_capped_pretune_off,7,finished,finished,True,,,2026-09-02T11:44:54.555Z,4.0848015405e-14,,True,3,0,0,724324,,863.011229257,False,True,False,549,1,604e79733b22d64d,91f88c4,False,1,"[0.9999999999999544, 0.9999999999998072]",230,724324,ffb0266c7913352c,"[[""u1"",""u2"",""u2^2"",""u1*u2""],[""u1"",""u1^2"",""u2^2""]]",pretune_off,False,30,"[0,0]","[3,2]","[3,2]","[""Success"",""Unstable"",""MaxIters""]","[""Success"",""Failure"",""MaxLossEvals""]",28057,28277,0,28057,220,43,30,1,cell_000549.heartbeat.jsonl,11,11,11,5,0,0,6,0,0.01,11,0,0,-19,-13.3888290388
550_evogrow_v2_2_stage_capped_pretune_off_29_2_42,paper1_phaseB_v1,B,,campaign_cell,,29,Dipole fixed point,2,exact,3,evogrow_v2_2_stage_capped_pretune_off,evogrow_v2_2_stage_capped_pretune_off,42,finished,finished,True,,,2026-09-02T11:59:58.988Z,0.000777255862126,,False,3,0,0,608554,,1829.92321486,False,True,False,550,2,604e79733b22d64d,91f88c4,False,0.988858476975,"[0.9932440281987585, 0.9844729257517503]",270,608554,ffb0266c7913352c,"[[""u1"",""u2"",""u2^2""],[""u1"",""u2""]]",pretune_off,False,30,"[0,0]","[3,2]","[3,2]","[""Success"",""Unstable"",""MaxIters""]","[""Success"",""Failure"",""MaxLossEvals""]",28653,29232,0,28653,579,36,18,0,cell_000550.heartbeat.jsonl,13,6,6,3,7,0.538461538462,10,0,0.01,6,7,0.538461538462,-17,-3.10943599379
551_evogrow_v2_2_stage_capped_pretune_off_29_2_123,paper1_phaseB_v1,B,,campaign_cell,,29,Dipole fixed point,2,exact,3,evogrow_v2_2_stage_capped_pretune_off,evogrow_v2_2_stage_capped_pretune_off,123,finished,finished,True,,,2026-09-02T12:00:42.513Z,4.6137867114e-05,,False,3,0,0,751444,,2795.93190642,False,True,False,551,2,604e79733b22d64d,91f88c4,False,0.999152739613,"[0.9999207996490295, 0.9983846795771913]",250,751444,ffb0266c7913352c,"[[""u1"",""u1*u2""],[""u1"",""u2"",""u2^2""]]",pretune_off,False,30,"[0,0]","[3,2]","[3,2]","[""Success"",""Unstable"",""MaxIters""]","[""Success"",""MaxLossEvals"",""Failure""]",42839,43817,0,42839,978,43,28,0,cell_000551.heartbeat.jsonl,12,9,9,4,3,0.25,8,0,0.01,9,3,0.25,-18,-4.33594248615
552_evogrow_v2_2_stage_capped_pretune_off_29_2_7,paper1_phaseB_v1,B,,campaign_cell,,29,Dipole fixed point,2,exact,3,evogrow_v2_2_stage_capped_pretune_off,evogrow_v2_2_stage_capped_pretune_off,7,finished,finished,True,,,2026-09-02T12:01:53.607Z,0.000777255862125,,False,3,0,0,495249,,5799.1852674,False,True,False,552,2,604e79733b22d64d,91f88c4,False,0.988858476314,"[0.9932440293428821, 0.9844729232858956]",250,495249,ffb0266c7913352c,"[[""u1"",""u2"",""u2^2""],[""u1"",""u2""]]",pretune_off,False,30,"[0,0]","[3,2]","[3,2]","[""Success"",""Unstable"",""MaxIters""]","[""Success"",""MaxLossEvals"",""Failure""]",14930,16897,0,14930,1967,27,12,0,cell_000552.heartbeat.jsonl,12,5,5,3,7,0.583333333333,9,0,0.01,5,7,0.583333333333,-18,-3.10943599379
553_evogrow_v2_2_stage_capped_pretune_off_30_1_42,paper1_phaseB_v1,B,,campaign_cell,,30,RNA molecules catalyzing each others replication,2,surrogate,,evogrow_v2_2_stage_capped_pretune_off,evogrow_v2_2_stage_capped_pretune_off,42,finished,finished,True,,,2026-09-02T12:19:22.341Z,0.000188519538557,,,5,,,783865,,311.292475709,False,True,False,553,1,604e79733b22d64d,91f88c4,False,0.983686305772,"[0.9838437600487917, 0.9835288514960768]",410,783865,ffb0266c7913352c,"[[""u2""],[""u2""]]",pretune_off,False,30,,"[5,5]","[null,null]","[""Success"",""Unstable"",""MaxIters""]","[""Success"",""Failure""]",702,837,0,702,135,141,0,,cell_000553.heartbeat.jsonl,20,1,1,1,19,0.95,19,0,0.01,1,19,0.95,-10,-3.72464363194
554_evogrow_v2_2_stage_capped_pretune_off_30_1_123,paper1_phaseB_v1,B,,campaign_cell,,30,RNA molecules catalyzing each others replication,2,surrogate,,evogrow_v2_2_stage_capped_pretune_off,evogrow_v2_2_stage_capped_pretune_off,123,finished,finished,True,,,2026-09-02T12:25:14.629Z,0.000188519538557,,,5,,,672441,,167.091236764,False,True,False,554,1,604e79733b22d64d,91f88c4,False,0.983686305758,"[0.9838437600077102, 0.9835288515086205]",410,672441,ffb0266c7913352c,"[[""u2""],[""u2""]]",pretune_off,False,30,,"[5,5]","[null,null]","[""Success"",""Unstable"",""MaxIters""]","[""Success"",""Failure""]",785,835,0,785,50,114,0,,cell_000554.heartbeat.jsonl,20,1,1,1,19,0.95,19,0,0.01,1,19,0.95,-10,-3.72464363194
555_evogrow_v2_2_stage_capped_pretune_off_30_1_7,paper1_phaseB_v1,B,,campaign_cell,,30,RNA molecules catalyzing each others replication,2,surrogate,,evogrow_v2_2_stage_capped_pretune_off,evogrow_v2_2_stage_capped_pretune_off,7,finished,finished,True,,,2026-09-02T12:28:43.093Z,0.000188519538557,,,5,,,518421,,261.59199612,False,True,False,555,1,604e79733b22d64d,91f88c4,False,0.983686305783,"[0.9838437600792015, 0.9835288514867936]",410,518421,ffb0266c7913352c,"[[""u2""],[""u2""]]",pretune_off,False,30,,"[5,5]","[null,null]","[""Success"",""Unstable"",""MaxIters""]","[""Success"",""Failure""]",1080,1200,0,1080,120,80,0,,cell_000555.heartbeat.jsonl,20,1,1,1,19,0.95,19,0,0.01,1,19,0.95,-10,-3.72464363194
556_evogrow_v2_2_stage_capped_pretune_off_30_2_42,paper1_phaseB_v1,B,,campaign_cell,,30,RNA molecules catalyzing each others replication,2,surrogate,,evogrow_v2_2_stage_capped_pretune_off,evogrow_v2_2_stage_capped_pretune_off,42,finished,finished,True,,,2026-09-02T12:31:10.126Z,0.000117595321338,,,5,,,518653,,112.159767289,False,True,False,556,2,604e79733b22d64d,91f88c4,False,0.992352190775,"[0.992331427300353, 0.9923729542495183]",410,518653,ffb0266c7913352c,"[[""u2""],[""u1""]]",pretune_off,False,30,,"[5,5]","[null,null]","[""Success"",""Unstable"",""MaxIters""]","[""Success"",""Failure""]",1145,1175,0,1145,30,75,0,,cell_000556.heartbeat.jsonl,20,1,1,1,19,0.95,19,0,0.01,1,19,0.95,-10,-3.92960995681
557_evogrow_v2_2_stage_capped_pretune_off_30_2_123,paper1_phaseB_v1,B,,campaign_cell,,30,RNA molecules catalyzing each others replication,2,surrogate,,evogrow_v2_2_stage_capped_pretune_off,evogrow_v2_2_stage_capped_pretune_off,123,finished,finished,True,,,2026-09-02T12:33:42.999Z,0.000117595321338,,,5,,,690938,,115.674289879,False,True,False,557,2,604e79733b22d64d,91f88c4,False,0.992352190634,"[0.9923314277636924, 0.992372953505058]",410,690938,ffb0266c7913352c,"[[""u2""],[""u1""]]",pretune_off,False,30,,"[5,5]","[null,null]","[""Success"",""Unstable"",""MaxIters""]","[""Success"",""Failure""]",621,641,0,621,20,110,0,,cell_000557.heartbeat.jsonl,20,1,1,1,19,0.95,19,0,0.01,1,19,0.95,-10,-3.92960995681
558_evogrow_v2_2_stage_capped_pretune_off_30_2_7,paper1_phaseB_v1,B,,campaign_cell,,30,RNA molecules catalyzing each others replication,2,surrogate,,evogrow_v2_2_stage_capped_pretune_off,evogrow_v2_2_stage_capped_pretune_off,7,finished,finished,True,,,2026-09-02T12:33:45.267Z,0.000117595321338,,,5,,,865056,,255.997212258,False,True,False,558,2,604e79733b22d64d,91f88c4,False,0.992352190722,"[0.9923314274740088, 0.9923729539704942]",410,865056,ffb0266c7913352c,"[[""u2""],[""u1""]]",pretune_off,False,30,,"[5,5]","[null,null]","[""Success"",""Unstable"",""MaxIters""]","[""Success"",""Failure""]",850,940,0,850,90,155,0,,cell_000558.heartbeat.jsonl,20,1,1,1,19,0.95,19,0,0.01,1,19,0.95,-10,-3.92960995681
559_evogrow_v2_2_stage_capped_pretune_off_31_1_42,paper1_phaseB_v1,B,,campaign_cell,,31,SIR infection model only for healthy and sick,2,exact,3,evogrow_v2_2_stage_capped_pretune_off,evogrow_v2_2_stage_capped_pretune_off,42,finished,finished,True,,,2026-09-02T12:36:19.647Z,9.4695779643e-05,,False,3,0,0,640275,,2732.51895802,False,True,False,559,1,604e79733b22d64d,91f88c4,False,0.999962524421,"[0.9999485354151774, 0.9999765134266977]",330,640275,ffb0266c7913352c,"[[""u1"",""u2"",""u1^2"",""u2^2""],[""u1"",""u2"",""u1^2""]]",pretune_off,False,30,"[0,0]","[3,3]","[3,3]","[""Success"",""Unstable"",""MaxIters""]","[""MaxLossEvals"",""Success"",""Failure""]",34555,35415,0,34555,860,67,17,0,cell_000559.heartbeat.jsonl,16,9,9,4,7,0.4375,12,0,0.01,9,7,0.4375,-14,-4.023669376
560_evogrow_v2_2_stage_capped_pretune_off_31_1_123,paper1_phaseB_v1,B,,campaign_cell,,31,SIR infection model only for healthy and sick,2,exact,3,evogrow_v2_2_stage_capped_pretune_off,evogrow_v2_2_stage_capped_pretune_off,123,finished,finished,True,,,2026-09-02T12:38:41.544Z,0.000132211024293,,False,3,0,0,619746,,5869.76346045,False,True,False,560,1,604e79733b22d64d,91f88c4,False,0.999947515321,"[0.9999255804098823, 0.9999694502319944]",290,619746,ffb0266c7913352c,"[[""u1"",""u2"",""u1^2""],[""u1"",""u2"",""u1*u2""]]",pretune_off,False,30,"[0,0]","[3,3]","[3,3]","[""Success"",""Unstable"",""MaxIters""]","[""Success"",""MaxLossEvals"",""Failure""]",26122,27893,0,26122,1771,49,19,0,cell_000560.heartbeat.jsonl,14,13,13,9,1,0.0714285714286,5,0,0.01,12,2,0.142857142857,-16,-3.8787323301
561_evogrow_v2_2_stage_capped_pretune_off_31_1_7,paper1_phaseB_v1,B,,campaign_cell,,31,SIR infection model only for healthy and sick,2,exact,3,evogrow_v2_2_stage_capped_pretune_off,evogrow_v2_2_stage_capped_pretune_off,7,finished,finished,True,,,2026-09-02T12:47:57.827Z,0.000134292137358,,False,3,0,0,604374,,1892.28283615,False,True,False,561,1,604e79733b22d64d,91f88c4,False,0.999947244229,"[0.999933172741752, 0.9999613157170664]",350,604374,ffb0266c7913352c,"[[""u1"",""u2"",""u1^2""],[""u1"",""u2"",""u1^2""]]",pretune_off,False,30,"[0,0]","[3,3]","[3,3]","[""Success"",""Unstable"",""MaxIters""]","[""Success"",""Failure"",""MaxLossEvals""]",41014,41578,0,41014,564,60,13,0,cell_000561.heartbeat.jsonl,17,10,10,6,7,0.411764705882,11,0,0.01,10,7,0.411764705882,-13,-3.871949414
562_evogrow_v2_2_stage_capped_pretune_off_31_2_42,paper1_phaseB_v1,B,,campaign_cell,,31,SIR infection model only for healthy and sick,2,exact,3,evogrow_v2_2_stage_capped_pretune_off,evogrow_v2_2_stage_capped_pretune_off,42,finished,finished,True,,,2026-09-02T12:50:56.007Z,1.99636656848e-11,,True,3,0,0,462635,,11143.0205529,False,True,False,562,2,604e79733b22d64d,91f88c4,False,0.999999999997,"[0.9999999999939478, 0.9999999999996766]",270,462635,ffb0266c7913352c,"[[""u1"",""u1*u2""],[""u1"",""u2"",""u1*u2""]]",pretune_off,False,30,"[0,0]","[3,3]","[null,null]","[""Success"",""Unstable"",""MaxIters""]","[""Success"",""Failure"",""MaxLossEvals""]",38006,42354,0,38006,4348,32,12,1,cell_000562.heartbeat.jsonl,13,13,13,6,0,0,7,0,0.01,13,0,0,-17,-10.6997597115
563_evogrow_v2_2_stage_capped_pretune_off_31_2_123,paper1_phaseB_v1,B,,campaign_cell,,31,SIR infection model only for healthy and sick,2,exact,3,evogrow_v2_2_stage_capped_pretune_off,evogrow_v2_2_stage_capped_pretune_off,123,finished,finished,True,,,2026-09-02T12:57:46.341Z,1.99914934304e-11,,True,3,0,0,296214,,4254.81902445,False,True,False,563,2,604e79733b22d64d,91f88c4,False,0.999999999997,"[0.9999999999939129, 0.9999999999996775]",230,296214,ffb0266c7913352c,"[[""u1"",""u2"",""u1*u2""],[""u1"",""u2"",""u1*u2""]]",pretune_off,False,30,"[0,0]","[3,3]","[null,null]","[""Success"",""Unstable"",""MaxIters""]","[""Success"",""MaxLossEvals"",""Failure""]",26221,27983,0,26221,1762,24,9,1,cell_000563.heartbeat.jsonl,11,11,11,3,0,0,8,0,0.01,11,0,0,-19,-10.6991547614
564_evogrow_v2_2_stage_capped_pretune_off_31_2_7,paper1_phaseB_v1,B,,campaign_cell,,31,SIR infection model only for healthy and sick,2,exact,3,evogrow_v2_2_stage_capped_pretune_off,evogrow_v2_2_stage_capped_pretune_off,7,finished,finished,True,,,2026-09-02T13:20:10.387Z,1.97159297439e-11,,True,3,0,0,329767,,1185.68959077,False,True,False,564,2,604e79733b22d64d,91f88c4,False,0.999999999997,"[0.999999999993934, 0.9999999999996849]",230,329767,ffb0266c7913352c,"[[""u1"",""u1*u2""],[""u1"",""u2"",""u1*u2""]]",pretune_off,False,30,"[0,0]","[3,3]","[null,null]","[""Success"",""Unstable"",""MaxIters""]","[""Success"",""Failure"",""MaxLossEvals""]",24783,25183,0,24783,400,33,8,1,cell_000564.heartbeat.jsonl,11,11,11,6,0,0,5,0,0.01,11,0,0,-19,-10.7051827381
565_evogrow_v2_2_stage_capped_pretune_off_32_1_42,paper1_phaseB_v1,B,,campaign_cell,,32,Damped double well oscillator,2,exact,4,evogrow_v2_2_stage_capped_pretune_off,evogrow_v2_2_stage_capped_pretune_off,42,finished,finished,True,,,2026-09-02T13:22:34.415Z,1.38942698003e-11,,True,4,0,0,2011059,,13116.2529732,False,True,False,565,1,604e79733b22d64d,91f88c4,False,0.999999999989,"[0.999999999992799, 0.9999999999861574]",470,2011059,ffb0266c7913352c,"[[""u1"",""u2"",""u1^2"",""u2^2""],[""u1"",""u2"",""u1^2"",""u1^3"",""u2^3""]]",pretune_off,False,30,"[0,0]","[4,4]","[null,4]","[""Success"",""Unstable"",""MaxIters""]","[""Success"",""Failure"",""MaxLossEvals""]",98211,101696,0,98211,3485,165,77,1,cell_000565.heartbeat.jsonl,23,23,23,11,0,0,12,0,0.01,23,0,0,-7,-10.8571642722
566_evogrow_v2_2_stage_capped_pretune_off_32_1_123,paper1_phaseB_v1,B,,campaign_cell,,32,Damped double well oscillator,2,exact,4,evogrow_v2_2_stage_capped_pretune_off,evogrow_v2_2_stage_capped_pretune_off,123,finished,finished,True,,,2026-09-02T13:34:14.792Z,1.34908055925e-12,,True,4,0,0,2099883,,9530.2116276,False,True,False,566,1,604e79733b22d64d,91f88c4,False,0.999999999999,"[0.9999999999993425, 0.9999999999986166]",470,2099883,ffb0266c7913352c,"[[""u1"",""u2"",""u1^2"",""u2^2""],[""u1"",""u2"",""u1^2"",""u2^2"",""u1^3""]]",pretune_off,False,30,"[0,0]","[4,4]","[null,4]","[""Success"",""Unstable"",""MaxIters""]","[""Success"",""Failure"",""MaxLossEvals""]",190957,192943,0,190957,1986,174,76,1,cell_000566.heartbeat.jsonl,23,23,23,9,0,0,14,0,0.01,23,0,0,-7,-11.869962116
567_evogrow_v2_2_stage_capped_pretune_off_32_1_7,paper1_phaseB_v1,B,,campaign_cell,,32,Damped double well oscillator,2,exact,4,evogrow_v2_2_stage_capped_pretune_off,evogrow_v2_2_stage_capped_pretune_off,7,finished,finished,True,,,2026-09-02T13:39:14.986Z,1.90044193097e-10,,True,5,1,7,2595435,,61576.7565915,False,True,False,567,1,604e79733b22d64d,91f88c4,False,0.999999999855,"[0.9999999998709705, 0.9999999998394487]",550,2595435,ffb0266c7913352c,"[[""u1"",""u2"",""u1^2"",""u2^2"",""cos(u1)"",""cos(u2)""],[""u1"",""u2"",""u1^2"",""u2^2"",""u1^3"",""u2^3""]]",pretune_off,False,30,"[1,0]","[5,4]","[null,4]","[""Success"",""Unstable"",""MaxIters""]","[""Failure"",""MaxLossEvals"",""Success""]",128378,141362,0,128378,12984,202,99,1,cell_000567.heartbeat.jsonl,27,27,27,12,0,0,15,0,0.01,27,0,0,-3,-9.72114539596
568_evogrow_v2_2_stage_capped_pretune_off_32_2_42,paper1_phaseB_v1,B,,campaign_cell,,32,Damped double well oscillator,2,exact,4,evogrow_v2_2_stage_capped_pretune_off,evogrow_v2_2_stage_capped_pretune_off,42,finished,finished,True,,,2026-09-02T13:40:39.373Z,1.06498149026,,False,5,1,3,1481635,,24754.3131548,False,True,False,568,2,604e79733b22d64d,91f88c4,False,0.987474750957,"[0.9901280836131288, 0.9848214183010778]",610,1481635,ffb0266c7913352c,"[[""u1"",""u2""],[""u1"",""u1^2"",""u2^2"",""u1*u2"",""u1^3""]]",pretune_off,False,30,"[1,0]","[5,4]","[null,4]","[""Success"",""Unstable"",""MaxIters""]","[""Success"",""Failure"",""MaxLossEvals""]",115277,122706,0,115277,7429,156,38,0,cell_000568.heartbeat.jsonl,30,29,29,14,1,0.0333333333333,16,0,0.01,29,1,0.0333333333333,0,0.0273420596557
569_evogrow_v2_2_stage_capped_pretune_off_32_2_123,paper1_phaseB_v1,B,,campaign_cell,,32,Damped double well oscillator,2,exact,4,evogrow_v2_2_stage_capped_pretune_off,evogrow_v2_2_stage_capped_pretune_off,123,finished,finished,True,,,2026-09-02T14:09:22.708Z,6.49614696983,,False,5,1,4,924546,,11896.6845721,False,True,False,569,2,604e79733b22d64d,91f88c4,False,0.815614433331,"[0.7081751973719594, 0.9230536692893779]",430,924546,ffb0266c7913352c,"[[""u1"",""u2"",""u1*u2"",""u2^3""],[""u1"",""u2"",""u2^2"",""u2^3""]]",pretune_off,False,30,"[1,0]","[5,4]","[null,4]","[""Success"",""Unstable"",""MaxIters""]","[""Success"",""Failure"",""MaxLossEvals""]",63505,66952,0,63505,3447,88,26,0,cell_000569.heartbeat.jsonl,21,18,18,6,3,0.142857142857,15,0,0.01,18,3,0.142857142857,-9,0.812655841889
570_evogrow_v2_2_stage_capped_pretune_off_32_2_7,paper1_phaseB_v1,B,,campaign_cell,,32,Damped double well oscillator,2,exact,4,evogrow_v2_2_stage_capped_pretune_off,evogrow_v2_2_stage_capped_pretune_off,7,finished,finished,True,,,2026-09-02T14:17:11.960Z,9.23296506352e-07,,True,5,1,8,1345446,,16455.4058875,False,True,False,570,2,604e79733b22d64d,91f88c4,False,0.999999986999,"[0.9999999868475619, 0.9999999871509812]",510,1345446,ffb0266c7913352c,"[[""u2"",""u1^3""],[""u1"",""u2"",""u2^2"",""u1^3""]]",pretune_off,False,30,"[1,0]","[5,4]","[null,4]","[""Success"",""Unstable"",""MaxIters""]","[""Success"",""Failure"",""MaxLossEvals""]",99420,105308,0,99420,5888,129,42,1,cell_000570.heartbeat.jsonl,25,22,22,10,3,0.12,15,0,0.01,22,3,0.12,-5,-6.03465880776
571_evogrow_v2_2_stage_capped_pretune_off_33_1_42,paper1_phaseB_v1,B,,campaign_cell,,33,Glider (dimensionless),2,surrogate,,evogrow_v2_2_stage_capped_pretune_off,evogrow_v2_2_stage_capped_pretune_off,42,finished,finished,True,,,2026-09-02T14:33:16.988Z,0.00206056982691,,,5,,,2601581,,44042.8843032,False,True,False,571,1,604e79733b22d64d,91f88c4,False,0.999441281107,"[0.998984486832919, 0.9998980753810196]",550,2601581,ffb0266c7913352c,"[[""u1"",""u2"",""u2^2"",""u1*u2"",""sin(u2)""],[""u1"",""u2"",""u1^2"",""u2^2"",""u1*u2"",""cos(u2)""]]",pretune_off,False,30,,"[5,5]","[5,null]","[""Success"",""Unstable"",""MaxIters""]","[""Failure"",""Success"",""MaxLossEvals""]",184453,191135,0,184453,6682,259,67,,cell_000571.heartbeat.jsonl,27,24,24,11,3,0.111111111111,16,0,0.01,24,3,0.111111111111,-3,-2.68601266387
572_evogrow_v2_2_stage_capped_pretune_off_33_1_123,paper1_phaseB_v1,B,,campaign_cell,,33,Glider (dimensionless),2,surrogate,,evogrow_v2_2_stage_capped_pretune_off,evogrow_v2_2_stage_capped_pretune_off,123,finished,finished,True,,,2026-09-02T15:57:21.819Z,0.00215421642128,,,5,,,2720349,,8080.49596014,False,True,False,572,1,604e79733b22d64d,91f88c4,False,0.999523322871,"[0.9991610221574241, 0.999885623585445]",610,2720349,ffb0266c7913352c,"[[""u1"",""u2"",""u1^2"",""u1*u2"",""sin(u2)""],[""u1"",""u2"",""u1^2"",""u2^2"",""u1*u2"",""cos(u2)""]]",pretune_off,False,30,,"[5,5]","[5,null]","[""Success"",""Unstable"",""MaxIters""]","[""Failure"",""Success"",""MaxLossEvals""]",221270,222927,0,221270,1657,258,79,,cell_000572.heartbeat.jsonl,30,30,30,13,0,0,17,0,0.01,30,0,0,0,-2.66671066787
573_evogrow_v2_2_stage_capped_pretune_off_33_1_7,paper1_phaseB_v1,B,,campaign_cell,,33,Glider (dimensionless),2,surrogate,,evogrow_v2_2_stage_capped_pretune_off,evogrow_v2_2_stage_capped_pretune_off,7,finished,finished,True,,,2026-09-02T16:13:49.301Z,0.00206116738695,,,5,,,2842072,,11740.61146,False,True,False,573,1,604e79733b22d64d,91f88c4,False,0.999435484772,"[0.9989725136242942, 0.999898455919511]",610,2842072,ffb0266c7913352c,"[[""u1"",""u2"",""u2^2"",""u1*u2"",""sin(u2)"",""cos(u2)""],[""u1"",""u2"",""u1^2"",""u2^2"",""u1*u2"",""cos(u2)""]]",pretune_off,False,30,,"[5,5]","[5,null]","[""Success"",""Unstable"",""MaxIters""]","[""Failure"",""Success"",""MaxLossEvals""]",195581,197556,0,195581,1975,258,84,,cell_000573.heartbeat.jsonl,30,29,29,16,1,0.0333333333333,14,0,0.01,29,1,0.0333333333333,0,-2.68588673783
574_evogrow_v2_2_stage_capped_pretune_off_33_2_42,paper1_phaseB_v1,B,,campaign_cell,,33,Glider (dimensionless),2,surrogate,,evogrow_v2_2_stage_capped_pretune_off,evogrow_v2_2_stage_capped_pretune_off,42,finished,finished,True,,,2026-09-02T17:01:53.979Z,0.00202835559482,,,5,,,2016633,,25592.7249251,False,True,False,574,2,604e79733b22d64d,91f88c4,False,0.999938367993,"[0.9999538035544756, 0.9999229324315672]",610,2016633,ffb0266c7913352c,"[[""u1"",""u2"",""u1^2"",""u2^2"",""sin(u2)""],[""u1"",""u2"",""u1^2"",""u2^2"",""u1*u2"",""cos(u1)""]]",pretune_off,False,30,,"[5,5]","[5,null]","[""Success"",""Unstable"",""MaxIters""]","[""Failure"",""Success"",""MaxLossEvals""]",200819,204561,0,200819,3742,195,55,,cell_000574.heartbeat.jsonl,30,30,30,14,0,0,16,0,0.01,30,0,0,0,-2.69285590568
575_evogrow_v2_2_stage_capped_pretune_off_33_2_123,paper1_phaseB_v1,B,,campaign_cell,,33,Glider (dimensionless),2,surrogate,,evogrow_v2_2_stage_capped_pretune_off,evogrow_v2_2_stage_capped_pretune_off,123,finished,finished,True,,,2026-09-02T17:28:24.304Z,0.0546175327932,,,5,,,1716291,,8910.11874234,False,True,False,575,2,604e79733b22d64d,91f88c4,False,0.985109577643,"[0.9703276353923372, 0.9998915198932278]",530,1716291,ffb0266c7913352c,"[[""u1"",""u2"",""u1^2"",""u2^2""],[""u1"",""u2"",""u2^2"",""u1*u2""]]",pretune_off,False,30,,"[5,5]","[5,null]","[""Success"",""Unstable"",""MaxIters""]","[""Success"",""Failure"",""MaxLossEvals""]",172920,174848,0,172920,1928,184,44,,cell_000575.heartbeat.jsonl,26,15,15,9,11,0.423076923077,17,0,0.01,15,11,0.423076923077,-4,-1.26266792189
576_evogrow_v2_2_stage_capped_pretune_off_33_2_7,paper1_phaseB_v1,B,,campaign_cell,,33,Glider (dimensionless),2,surrogate,,evogrow_v2_2_stage_capped_pretune_off,evogrow_v2_2_stage_capped_pretune_off,7,finished,finished,True,,,2026-09-02T18:07:38.151Z,0.0523970534739,,,5,,,1804049,,12931.0948351,False,True,False,576,2,604e79733b22d64d,91f88c4,False,0.986117315064,"[0.9723985102492073, 0.9998361198792566]",570,1804049,ffb0266c7913352c,"[[""u1"",""u2"",""u1^2"",""u2^2"",""cos(u2)""],[""u1"",""u2"",""u1^2"",""u2^2""]]",pretune_off,False,30,,"[5,5]","[5,null]","[""Success"",""Unstable"",""MaxIters""]","[""Success"",""Failure"",""MaxLossEvals""]",194507,197646,0,194507,3139,177,52,,cell_000576.heartbeat.jsonl,28,25,25,10,3,0.107142857143,18,0,0.01,25,3,0.107142857143,-2,-1.2806931347
577_evogrow_v2_2_stage_capped_pretune_off_34_1_42,paper1_phaseB_v1,B,,campaign_cell,,34,Frictionless bead on a rotating hoop (dimensionless),2,surrogate,,evogrow_v2_2_stage_capped_pretune_off,evogrow_v2_2_stage_capped_pretune_off,42,finished,finished,True,,,2026-09-02T18:12:45.400Z,0.000417761526911,,,5,,,868679,,3389.46034278,False,True,False,577,1,604e79733b22d64d,91f88c4,False,0.999652285344,"[0.9999705615719651, 0.9993340091170095]",430,868679,ffb0266c7913352c,"[[""u2""],[""u1"",""u2"",""u1^3""]]",pretune_off,False,30,,"[5,5]","[null,5]","[""Success"",""Unstable"",""MaxIters""]","[""Success"",""Failure"",""MaxLossEvals""]",36565,37867,0,36565,1302,94,21,,cell_000577.heartbeat.jsonl,21,17,17,5,4,0.190476190476,16,0,0.01,14,7,0.333333333333,-9,-3.37907155818
578_evogrow_v2_2_stage_capped_pretune_off_34_1_123,paper1_phaseB_v1,B,,campaign_cell,,34,Frictionless bead on a rotating hoop (dimensionless),2,surrogate,,evogrow_v2_2_stage_capped_pretune_off,evogrow_v2_2_stage_capped_pretune_off,123,finished,finished,True,,,2026-09-02T18:52:11.380Z,0.000360210824477,,,5,,,959817,,5951.54206161,False,True,False,578,1,604e79733b22d64d,91f88c4,False,0.999700250607,"[0.9999744693297405, 0.9994260318852419]",410,959817,ffb0266c7913352c,"[[""u2""],[""u1"",""u2"",""sin(u1)""]]",pretune_off,False,30,,"[5,5]","[null,5]","[""Success"",""Unstable"",""MaxIters""]","[""Success"",""Failure"",""MaxLossEvals""]",25675,27986,0,25675,2311,112,22,,cell_000578.heartbeat.jsonl,20,17,17,3,3,0.15,17,0,0.01,17,3,0.15,-10,-3.4434432406
579_evogrow_v2_2_stage_capped_pretune_off_34_1_7,paper1_phaseB_v1,B,,campaign_cell,,34,Frictionless bead on a rotating hoop (dimensionless),2,surrogate,,evogrow_v2_2_stage_capped_pretune_off,evogrow_v2_2_stage_capped_pretune_off,7,finished,finished,True,,,2026-09-02T19:09:57.242Z,0.000417637267605,,,5,,,823034,,5966.26971656,False,True,False,579,1,604e79733b22d64d,91f88c4,False,0.999652514836,"[0.9999702803371612, 0.9993347493341129]",410,823034,ffb0266c7913352c,"[[""u1"",""u2""],[""u1"",""u1^3""]]",pretune_off,False,30,,"[5,5]","[null,5]","[""Success"",""Unstable"",""MaxIters""]","[""Success"",""Failure"",""MaxLossEvals""]",30446,32592,0,30446,2146,85,20,,cell_000579.heartbeat.jsonl,20,13,13,3,7,0.35,17,0,0.01,13,7,0.35,-10,-3.37920075428
580_evogrow_v2_2_stage_capped_pretune_off_34_2_42,paper1_phaseB_v1,B,,campaign_cell,,34,Frictionless bead on a rotating hoop (dimensionless),2,surrogate,,evogrow_v2_2_stage_capped_pretune_off,evogrow_v2_2_stage_capped_pretune_off,42,finished,finished,True,,,2026-09-02T19:30:11.738Z,1.39819703723e-05,,,5,,,1269262,,4076.24781439,False,True,False,580,2,604e79733b22d64d,91f88c4,False,0.99994999193,"[0.999992714221674, 0.9999072696383544]",410,1269262,ffb0266c7913352c,"[[""u1"",""u2""],[""u1"",""u1^3""]]",pretune_off,False,30,,"[5,5]","[null,5]","[""Success"",""Unstable"",""MaxIters""]","[""Success"",""Failure"",""MaxLossEvals""]",39765,41285,0,39765,1520,136,37,,cell_000580.heartbeat.jsonl,20,13,13,2,7,0.35,18,0,0.01,13,7,0.35,-10,-4.85443162247
581_evogrow_v2_2_stage_capped_pretune_off_34_2_123,paper1_phaseB_v1,B,,campaign_cell,,34,Frictionless bead on a rotating hoop (dimensionless),2,surrogate,,evogrow_v2_2_stage_capped_pretune_off,evogrow_v2_2_stage_capped_pretune_off,123,finished,finished,True,,,2026-09-02T19:57:36.651Z,1.3981970372e-05,,,5,,,1246578,,6436.6306715,False,True,False,581,2,604e79733b22d64d,91f88c4,False,0.999949991929,"[0.999992714223469, 0.9999072696336132]",410,1246578,ffb0266c7913352c,"[[""u1"",""u2""],[""u1"",""u1^3""]]",pretune_off,False,30,,"[5,5]","[null,5]","[""Success"",""Unstable"",""MaxIters""]","[""Success"",""Failure"",""MaxLossEvals""]",41059,43540,0,41059,2481,137,35,,cell_000581.heartbeat.jsonl,20,14,14,4,6,0.3,16,0,0.01,13,7,0.35,-10,-4.85443162248
582_evogrow_v2_2_stage_capped_pretune_off_34_2_7,paper1_phaseB_v1,B,,campaign_cell,,34,Frictionless bead on a rotating hoop (dimensionless),2,surrogate,,evogrow_v2_2_stage_capped_pretune_off,evogrow_v2_2_stage_capped_pretune_off,7,finished,finished,True,,,2026-09-02T20:32:07.226Z,1.4559890147e-05,,,5,,,1498054,,15706.9349543,False,True,False,582,2,604e79733b22d64d,91f88c4,False,0.999949062557,"[0.9999910279715323, 0.9999070971419449]",410,1498054,ffb0266c7913352c,"[[""u2""],[""u1"",""u2"",""u1^3""]]",pretune_off,False,30,,"[5,5]","[null,5]","[""Success"",""Unstable"",""MaxIters""]","[""Failure"",""Success"",""MaxLossEvals""]",47606,52636,0,47606,5030,129,44,,cell_000582.heartbeat.jsonl,20,13,13,3,7,0.35,17,0,0.01,13,7,0.35,-10,-4.83684190172
583_evogrow_v2_2_stage_capped_pretune_off_35_1_42,paper1_phaseB_v1,B,,campaign_cell,,35,Rotational dynamics of an object in a shear flow,2,surrogate,,evogrow_v2_2_stage_capped_pretune_off,evogrow_v2_2_stage_capped_pretune_off,42,finished,finished,True,,,2026-09-02T20:33:57.338Z,0.0404021781967,,,5,,,4919970,,12880.4310279,False,True,False,583,1,604e79733b22d64d,91f88c4,False,0.968324587605,"[0.9451192130307429, 0.991529962180018]",610,4919970,ffb0266c7913352c,"[[""u1"",""u2"",""u2^2"",""sin(u1)"",""cos(u1)""],[""u1"",""u2"",""u1^2"",""u2^2""]]",pretune_off,False,30,,"[5,5]","[5,5]","[""Success"",""Unstable"",""MaxIters""]","[""Failure"",""Success"",""MaxLossEvals""]",350155,351462,0,350155,1307,400,166,,cell_000583.heartbeat.jsonl,30,27,27,11,3,0.1,19,0,0.01,27,3,0.1,0,-1.3935952202
584_evogrow_v2_2_stage_capped_pretune_off_35_1_123,paper1_phaseB_v1,B,,campaign_cell,,35,Rotational dynamics of an object in a shear flow,2,surrogate,,evogrow_v2_2_stage_capped_pretune_off,evogrow_v2_2_stage_capped_pretune_off,123,finished,finished,True,,,2026-09-02T20:38:51.434Z,0.10230197022,,,5,,,4834475,,27476.5053355,False,True,False,584,1,604e79733b22d64d,91f88c4,False,0.919734819547,"[0.8620889851733744, 0.9773806539213442]",610,4834475,ffb0266c7913352c,"[[""u1"",""u2"",""u1^2"",""u2^2"",""u1*u2"",""u2^3""],[""u1"",""u2"",""u1^2"",""u2^2"",""u1^3"",""cos(u2)""]]",pretune_off,False,30,,"[5,5]","[5,5]","[""Success"",""Unstable"",""MaxIters""]","[""Failure"",""Success"",""MaxLossEvals""]",319450,322992,0,319450,3542,377,176,,cell_000584.heartbeat.jsonl,30,28,28,11,2,0.0666666666667,19,0,0.01,28,2,0.0666666666667,0,-0.99011600219
585_evogrow_v2_2_stage_capped_pretune_off_35_1_7,paper1_phaseB_v1,B,,campaign_cell,,35,Rotational dynamics of an object in a shear flow,2,surrogate,,evogrow_v2_2_stage_capped_pretune_off,evogrow_v2_2_stage_capped_pretune_off,7,finished,finished,True,,,2026-09-02T20:50:08.381Z,0.0389402084216,,,5,,,4949272,,30866.0998731,False,True,False,585,1,604e79733b22d64d,91f88c4,False,0.969326778396,"[0.9496229322450589, 0.9890306245474512]",610,4949272,ffb0266c7913352c,"[[""u1"",""u2"",""u2^2"",""u1*u2"",""cos(u1)"",""cos(u2)""],[""u1"",""u2"",""u1^2"",""u2^2"",""u1*u2"",""cos(u1)""]]",pretune_off,False,30,,"[5,5]","[5,5]","[""Success"",""Unstable"",""MaxIters""]","[""Failure"",""Success"",""MaxLossEvals""]",317958,322948,0,317958,4990,392,175,,cell_000585.heartbeat.jsonl,30,28,28,14,2,0.0666666666667,16,0,0.01,28,2,0.0666666666667,0,-1.40960172831
586_evogrow_v2_2_stage_capped_pretune_off_35_2_42,paper1_phaseB_v1,B,,campaign_cell,,35,Rotational dynamics of an object in a shear flow,2,surrogate,,evogrow_v2_2_stage_capped_pretune_off,evogrow_v2_2_stage_capped_pretune_off,42,finished,finished,True,,,2026-09-02T21:43:48.595Z,0.00167978479988,,,5,,,1798021,,18363.4953167,False,True,False,586,2,604e79733b22d64d,91f88c4,False,0.996343395493,"[0.9960012114689588, 0.9966855795176878]",490,1798021,ffb0266c7913352c,"[[""u1"",""u2"",""u1^2""],[""u1"",""u1^2"",""cos(u1)""]]",pretune_off,False,30,,"[5,5]","[5,5]","[""Success"",""Unstable"",""MaxIters""]","[""Success"",""Failure"",""MaxLossEvals""]",77672,82209,0,77672,4537,225,35,,cell_000586.heartbeat.jsonl,24,21,21,8,3,0.125,15,1,0.01,21,3,0.125,-6,-2.77474635292
587_evogrow_v2_2_stage_capped_pretune_off_35_2_123,paper1_phaseB_v1,B,,campaign_cell,,35,Rotational dynamics of an object in a shear flow,2,surrogate,,evogrow_v2_2_stage_capped_pretune_off,evogrow_v2_2_stage_capped_pretune_off,123,finished,finished,True,,,2026-09-02T21:45:34.871Z,0.00183788552416,,,5,,,1965497,,21497.7538916,False,True,False,587,2,604e79733b22d64d,91f88c4,False,0.996174647837,"[0.996275590237267, 0.9960737054374399]",510,1965497,ffb0266c7913352c,"[[""u1"",""u2"",""u1^2""],[""u1"",""u1^2"",""u1^3""]]",pretune_off,False,30,,"[5,5]","[5,5]","[""Success"",""Unstable"",""MaxIters""]","[""Success"",""Failure"",""MaxLossEvals""]",78432,84087,0,78432,5655,239,38,,cell_000587.heartbeat.jsonl,25,17,17,6,8,0.32,17,1,0.01,17,8,0.32,-5,-2.73568154288
588_evogrow_v2_2_stage_capped_pretune_off_35_2_7,paper1_phaseB_v1,B,,campaign_cell,,35,Rotational dynamics of an object in a shear flow,2,surrogate,,evogrow_v2_2_stage_capped_pretune_off,evogrow_v2_2_stage_capped_pretune_off,7,finished,finished,True,,,2026-09-02T23:36:13.670Z,0.0019453081008,,,5,,,1752822,,9283.13441575,False,True,False,588,2,604e79733b22d64d,91f88c4,False,0.996048215528,"[0.996418333219727, 0.9956780978355606]",470,1752822,ffb0266c7913352c,"[[""u1"",""u2"",""u1^2""],[""u1"",""u1^2"",""sin(u1)""]]",pretune_off,False,30,,"[5,5]","[5,5]","[""Success"",""Unstable"",""MaxIters""]","[""Success"",""Failure"",""MaxLossEvals""]",86918,89440,0,86918,2522,225,30,,cell_000588.heartbeat.jsonl,23,18,18,6,5,0.217391304348,16,1,0.01,16,7,0.304347826087,-7,-2.71101160468
589_evogrow_v2_2_stage_capped_pretune_off_36_1_42,paper1_phaseB_v1,B,,campaign_cell,,36,"Pendulum with non-linear damping, no driving (dimensionless)",2,surrogate,,evogrow_v2_2_stage_capped_pretune_off,evogrow_v2_2_stage_capped_pretune_off,42,finished,finished,True,,,2026-09-03T00:09:07.923Z,1.20704361349e-05,,,5,,,535228,,1649.99829988,False,True,False,589,1,604e79733b22d64d,91f88c4,False,0.999793454292,"[0.999868797482436, 0.999718111101388]",410,535228,ffb0266c7913352c,"[[""u2""],[""u1"",""u2""]]",pretune_off,False,30,,"[5,5]","[null,5]","[""Success"",""Unstable"",""MaxIters""]","[""MaxLossEvals"",""Success"",""Failure""]",17530,18094,0,17530,564,25,9,,cell_000589.heartbeat.jsonl,20,2,2,2,18,0.9,18,0,0.01,1,19,0.95,-10,-4.91827703748
590_evogrow_v2_2_stage_capped_pretune_off_36_1_123,paper1_phaseB_v1,B,,campaign_cell,,36,"Pendulum with non-linear damping, no driving (dimensionless)",2,surrogate,,evogrow_v2_2_stage_capped_pretune_off,evogrow_v2_2_stage_capped_pretune_off,123,finished,finished,True,,,2026-09-03T00:09:20.868Z,1.20704361349e-05,,,5,,,563748,,1448.83144828,False,True,False,590,1,604e79733b22d64d,91f88c4,False,0.99979345434,"[0.9998687973648868, 0.9997181113155302]",410,563748,ffb0266c7913352c,"[[""u2""],[""u1"",""u2""]]",pretune_off,False,30,,"[5,5]","[null,5]","[""Success"",""Unstable"",""MaxIters""]","[""Success"",""Failure"",""MaxLossEvals""]",9999,10546,0,9999,547,38,14,,cell_000590.heartbeat.jsonl,20,3,3,3,17,0.85,17,0,0.01,1,19,0.95,-10,-4.91827703748
591_evogrow_v2_2_stage_capped_pretune_off_36_1_7,paper1_phaseB_v1,B,,campaign_cell,,36,"Pendulum with non-linear damping, no driving (dimensionless)",2,surrogate,,evogrow_v2_2_stage_capped_pretune_off,evogrow_v2_2_stage_capped_pretune_off,7,finished,finished,True,,,2026-09-03T00:34:13.421Z,1.1900099458e-05,,,5,,,521243,,2190.10333633,False,True,False,591,1,604e79733b22d64d,91f88c4,False,0.999797841845,"[0.9998670642702725, 0.9997286194201142]",430,521243,ffb0266c7913352c,"[[""u1"",""u2""],[""u1"",""u2""]]",pretune_off,False,30,,"[5,5]","[null,5]","[""Success"",""Unstable"",""MaxIters""]","[""Success"",""MaxLossEvals"",""Failure""]",20035,20763,0,20035,728,15,12,,cell_000591.heartbeat.jsonl,21,4,4,3,17,0.809523809524,18,0,0.01,2,19,0.904761904762,-9,-4.92444940887
592_evogrow_v2_2_stage_capped_pretune_off_36_2_42,paper1_phaseB_v1,B,,campaign_cell,,36,"Pendulum with non-linear damping, no driving (dimensionless)",2,surrogate,,evogrow_v2_2_stage_capped_pretune_off,evogrow_v2_2_stage_capped_pretune_off,42,finished,finished,True,,,2026-09-03T00:37:21.632Z,8.4411348365e-05,,,5,,,503695,,1238.24138274,False,True,False,592,2,604e79733b22d64d,91f88c4,False,0.999076780828,"[0.9993968499255669, 0.9987567117299562]",410,503695,ffb0266c7913352c,"[[""u2""],[""u1"",""u2""]]",pretune_off,False,30,,"[5,4]","[null,4]","[""Success"",""Unstable"",""MaxIters""]","[""Success"",""Failure"",""MaxLossEvals""]",17184,17676,0,17184,492,22,15,,cell_000592.heartbeat.jsonl,20,4,4,3,16,0.8,17,0,0.01,1,19,0.95,-10,-4.07359916237
593_evogrow_v2_2_stage_capped_pretune_off_36_2_123,paper1_phaseB_v1,B,,campaign_cell,,36,"Pendulum with non-linear damping, no driving (dimensionless)",2,surrogate,,evogrow_v2_2_stage_capped_pretune_off,evogrow_v2_2_stage_capped_pretune_off,123,finished,finished,True,,,2026-09-03T00:54:35.667Z,8.44113483649e-05,,,5,,,806603,,1431.64753713,False,True,False,593,2,604e79733b22d64d,91f88c4,False,0.999076780844,"[0.999396849754821, 0.9987567119326778]",410,806603,ffb0266c7913352c,"[[""u2""],[""u1"",""u2""]]",pretune_off,False,30,,"[5,4]","[null,4]","[""Success"",""Unstable"",""MaxIters""]","[""Success"",""Failure"",""MaxLossEvals""]",15472,16066,0,15472,594,39,26,,cell_000593.heartbeat.jsonl,20,3,3,3,17,0.85,17,0,0.01,1,19,0.95,-10,-4.07359916237
594_evogrow_v2_2_stage_capped_pretune_off_36_2_7,paper1_phaseB_v1,B,,campaign_cell,,36,"Pendulum with non-linear damping, no driving (dimensionless)",2,surrogate,,evogrow_v2_2_stage_capped_pretune_off,evogrow_v2_2_stage_capped_pretune_off,7,finished,finished,True,,,2026-09-03T00:58:41.613Z,8.4411348365e-05,,,5,,,713873,,1551.26414559,False,True,False,594,2,604e79733b22d64d,91f88c4,False,0.9990767808,"[0.9993968502179144, 0.9987567113828618]",410,713873,ffb0266c7913352c,"[[""u2""],[""u1"",""u2""]]",pretune_off,False,30,,"[5,4]","[null,4]","[""Success"",""Unstable"",""MaxIters""]","[""Success"",""Failure"",""MaxLossEvals""]",9249,9909,0,9249,660,31,24,,cell_000594.heartbeat.jsonl,20,2,2,2,18,0.9,18,0,0.01,1,19,0.95,-10,-4.07359916237
595_evogrow_v2_2_stage_capped_pretune_off_37_1_42,paper1_phaseB_v1,B,,campaign_cell,,37,Van der Pol oscillator (standard form),2,surrogate,,evogrow_v2_2_stage_capped_pretune_off,evogrow_v2_2_stage_capped_pretune_off,42,finished,finished,True,,,2026-09-03T01:11:25.916Z,0.0167891292592,,,5,,,3054970,,31338.4462991,False,True,False,595,1,604e79733b22d64d,91f88c4,False,0.991222239928,"[0.9957486321139962, 0.9866958477425037]",610,3054970,ffb0266c7913352c,"[[""u1"",""u2"",""u1^2"",""u1*u2""],[""u1"",""u2"",""u1^2"",""u2^2"",""u1*u2"",""u2^3""]]",pretune_off,False,30,,"[5,5]","[null,null]","[""Success"",""Unstable"",""MaxIters""]","[""Success"",""Failure"",""MaxLossEvals""]",193484,199372,0,193484,5888,259,105,,cell_000595.heartbeat.jsonl,30,24,24,12,6,0.2,17,1,0.01,24,6,0.2,0,-1.77497182725
596_evogrow_v2_2_stage_capped_pretune_off_37_1_123,paper1_phaseB_v1,B,,campaign_cell,,37,Van der Pol oscillator (standard form),2,surrogate,,evogrow_v2_2_stage_capped_pretune_off,evogrow_v2_2_stage_capped_pretune_off,123,finished,finished,True,,,2026-09-03T01:19:08.743Z,0.0100235509922,,,5,,,2961114,,67080.6598072,False,True,False,596,1,604e79733b22d64d,91f88c4,False,0.994827344312,"[0.9967864328679947, 0.9928682557560322]",570,2961114,ffb0266c7913352c,"[[""u1"",""u2"",""u1^2"",""u1*u2"",""u1^3""],[""u1"",""u2"",""u1^2"",""u1*u2"",""u2^3""]]",pretune_off,False,30,,"[5,5]","[null,null]","[""Success"",""Unstable"",""MaxIters""]","[""Success"",""Failure"",""MaxLossEvals""]",111141,125588,0,111141,14447,220,113,,cell_000596.heartbeat.jsonl,28,21,21,7,7,0.25,20,1,0.01,21,7,0.25,-2,-1.99897839592
597_evogrow_v2_2_stage_capped_pretune_off_37_1_7,paper1_phaseB_v1,B,,campaign_cell,,37,Van der Pol oscillator (standard form),2,surrogate,,evogrow_v2_2_stage_capped_pretune_off,evogrow_v2_2_stage_capped_pretune_off,7,finished,finished,True,,,2026-09-03T01:25:14.603Z,0.0201245897162,,,5,,,2113986,,43122.0563645,False,True,False,597,1,604e79733b22d64d,91f88c4,False,0.989584316327,"[0.9938502653612505, 0.9853183672930929]",430,2113986,ffb0266c7913352c,"[[""u1"",""u2"",""u2^2"",""u1*u2""],[""u1"",""u2"",""u2^3""]]",pretune_off,False,30,,"[5,5]","[null,null]","[""Success"",""Unstable"",""MaxIters""]","[""Success"",""Failure"",""MaxLossEvals""]",112845,123120,0,112845,10275,174,74,,cell_000597.heartbeat.jsonl,21,14,14,7,7,0.333333333333,14,0,0.01,14,7,0.333333333333,-9,-1.69627296491
598_evogrow_v2_2_stage_capped_pretune_off_37_2_42,paper1_phaseB_v1,B,,campaign_cell,,37,Van der Pol oscillator (standard form),2,surrogate,,evogrow_v2_2_stage_capped_pretune_off,evogrow_v2_2_stage_capped_pretune_off,42,finished,finished,True,,,2026-09-03T01:54:14.706Z,0.0315817163707,,,5,,,2528808,,44111.1709034,False,True,False,598,2,604e79733b22d64d,91f88c4,False,0.986752563214,"[0.9897242960609418, 0.9837808303666383]",610,2528808,ffb0266c7913352c,"[[""u2"",""u1^2"",""u2^2"",""u1*u2"",""u2^3"",""cos(u1)""],[""u1"",""u2"",""u2^2"",""u1*u2"",""sin(u1)"",""sin(u2)""]]",pretune_off,False,30,,"[5,5]","[null,null]","[""Success"",""Unstable"",""MaxIters""]","[""Success"",""Failure"",""MaxLossEvals""]",166974,173987,0,166974,7013,237,83,,cell_000598.heartbeat.jsonl,30,30,30,15,0,0,13,2,0.01,30,0,0,0,-1.5005642711
599_evogrow_v2_2_stage_capped_pretune_off_37_2_123,paper1_phaseB_v1,B,,campaign_cell,,37,Van der Pol oscillator (standard form),2,surrogate,,evogrow_v2_2_stage_capped_pretune_off,evogrow_v2_2_stage_capped_pretune_off,123,finished,finished,True,,,2026-09-03T02:11:36.343Z,0.0604214512759,,,5,,,2470835,,9706.81722167,False,True,False,599,2,604e79733b22d64d,91f88c4,False,0.975457880662,"[0.990965982534218, 0.9599497787902552]",570,2470835,ffb0266c7913352c,"[[""u2"",""u1^2"",""u1*u2""],[""u1"",""u2"",""u2^2"",""u1*u2"",""sin(u1)""]]",pretune_off,False,30,,"[5,5]","[null,null]","[""Success"",""Unstable"",""MaxIters""]","[""Failure"",""Success"",""MaxLossEvals""]",178478,180583,0,178478,2105,225,84,,cell_000599.heartbeat.jsonl,28,25,25,12,3,0.107142857143,16,0,0.01,20,8,0.285714285714,-2,-1.21880884752
600_evogrow_v2_2_stage_capped_pretune_off_37_2_7,paper1_phaseB_v1,B,,campaign_cell,,37,Van der Pol oscillator (standard form),2,surrogate,,evogrow_v2_2_stage_capped_pretune_off,evogrow_v2_2_stage_capped_pretune_off,7,finished,finished,True,,,2026-09-03T02:19:54.594Z,0.0385063096273,,,5,,,2372494,,9707.36252501,False,True,False,600,2,604e79733b22d64d,91f88c4,False,0.984469651328,"[0.9957019631139511, 0.9732373395430337]",530,2372494,ffb0266c7913352c,"[[""u1"",""u2"",""u1^2"",""u2^2"",""u1*u2"",""sin(u1)""],[""u1"",""u2"",""u1^2"",""u2^2"",""u1*u2""]]",pretune_off,False,30,,"[5,5]","[null,null]","[""Success"",""Unstable"",""MaxIters""]","[""Success"",""Failure"",""MaxLossEvals""]",164397,166863,0,164397,2466,215,80,,cell_000600.heartbeat.jsonl,26,23,23,8,3,0.115384615385,17,1,0.01,23,3,0.115384615385,-4,-1.41446810135
601_evogrow_v2_2_stage_capped_pretune_off_38_1_42,paper1_phaseB_v1,B,,campaign_cell,,38,Van der Pol oscillator (simplified form from Strogatz),2,exact,4,evogrow_v2_2_stage_capped_pretune_off,evogrow_v2_2_stage_capped_pretune_off,42,finished,finished,True,,,2026-09-03T02:48:04.121Z,6.78950341017e-12,,True,4,0,0,3514949,,15111.2153449,False,True,False,601,1,604e79733b22d64d,91f88c4,False,0.999999999991,"[0.9999999999966124, 0.9999999999854042]",430,3514949,ffb0266c7913352c,"[[""u1"",""u2"",""u1^2"",""u2^2"",""u1*u2"",""u1^3""],[""u1"",""u2"",""u1^2"",""u2^2"",""u1*u2""]]",pretune_off,False,30,"[0,0]","[4,4]","[4,null]","[""Success"",""Unstable"",""MaxIters""]","[""Failure"",""Success"",""MaxLossEvals""]",202866,205853,0,202866,2987,285,137,1,cell_000601.heartbeat.jsonl,21,21,21,13,0,0,8,0,0.01,21,0,0,-9,-11.1681619892
602_evogrow_v2_2_stage_capped_pretune_off_38_1_123,paper1_phaseB_v1,B,,campaign_cell,,38,Van der Pol oscillator (simplified form from Strogatz),2,exact,4,evogrow_v2_2_stage_capped_pretune_off,evogrow_v2_2_stage_capped_pretune_off,123,finished,finished,True,,,2026-09-03T02:50:31.308Z,6.82526620696e-12,,True,4,0,0,4795677,,12871.8844097,False,True,False,602,1,604e79733b22d64d,91f88c4,False,0.99999999999,"[0.999999999997143, 0.9999999999821709]",550,4795677,ffb0266c7913352c,"[[""u1"",""u2"",""u1^2"",""u2^2"",""u1*u2"",""u1^3""],[""u1"",""u2"",""u1^2"",""u2^2"",""u1*u2""]]",pretune_off,False,30,"[0,0]","[4,4]","[4,null]","[""Success"",""Unstable"",""MaxIters""]","[""Success"",""Failure"",""MaxLossEvals""]",306401,308178,0,306401,1777,363,176,1,cell_000602.heartbeat.jsonl,27,27,27,15,0,0,12,0,0.01,27,0,0,-3,-11.1658804051
603_evogrow_v2_2_stage_capped_pretune_off_38_1_7,paper1_phaseB_v1,B,,campaign_cell,,38,Van der Pol oscillator (simplified form from Strogatz),2,exact,4,evogrow_v2_2_stage_capped_pretune_off,evogrow_v2_2_stage_capped_pretune_off,7,finished,finished,True,,,2026-09-03T03:17:14.735Z,6.87519302698e-12,,True,4,0,0,4600277,,7827.4444334,False,True,False,603,1,604e79733b22d64d,91f88c4,False,0.999999999989,"[0.999999999997252, 0.999999999981293]",490,4600277,ffb0266c7913352c,"[[""u1"",""u2"",""u1^2"",""u2^2"",""u1*u2"",""u1^3""],[""u1"",""u2"",""u1^2"",""u2^2"",""u1*u2""]]",pretune_off,False,30,"[0,0]","[4,4]","[4,null]","[""Success"",""Unstable"",""MaxIters""]","[""Failure"",""Success"",""MaxLossEvals""]",312512,314288,0,312512,1776,335,192,1,cell_000603.heartbeat.jsonl,24,24,24,16,0,0,8,0,0.01,24,0,0,-6,-11.1627151041
604_evogrow_v2_2_stage_capped_pretune_off_38_2_42,paper1_phaseB_v1,B,,campaign_cell,,38,Van der Pol oscillator (simplified form from Strogatz),2,exact,4,evogrow_v2_2_stage_capped_pretune_off,evogrow_v2_2_stage_capped_pretune_off,42,finished,finished,True,,,2026-09-03T03:44:35.078Z,1.00327319663e-11,,True,4,0,0,2024533,,31154.2762914,False,True,False,604,2,604e79733b22d64d,91f88c4,False,0.999999999991,"[0.9999999999936899, 0.9999999999880433]",370,2024533,ffb0266c7913352c,"[[""u1"",""u2"",""u1*u2"",""u1^3""],[""u1"",""u2^3""]]",pretune_off,False,30,"[0,0]","[4,4]","[4,null]","[""Success"",""Unstable"",""MaxIters""]","[""Success"",""Failure"",""MaxLossEvals""]",84205,95844,0,84205,11639,212,67,1,cell_000604.heartbeat.jsonl,18,18,18,7,0,0,11,0,0.01,18,0,0,-12,-10.9985807902
605_evogrow_v2_2_stage_capped_pretune_off_38_2_123,paper1_phaseB_v1,B,,campaign_cell,,38,Van der Pol oscillator (simplified form from Strogatz),2,exact,4,evogrow_v2_2_stage_capped_pretune_off,evogrow_v2_2_stage_capped_pretune_off,123,finished,finished,True,,,2026-09-03T04:17:30.479Z,9.59781204359e-12,,True,4,0,0,1188968,,6978.05506627,False,True,False,605,2,604e79733b22d64d,91f88c4,False,0.999999999992,"[0.9999999999935841, 0.9999999999907419]",290,1188968,ffb0266c7913352c,"[[""u1"",""u2"",""u1^3""],[""u1"",""u2^3""]]",pretune_off,False,30,"[0,0]","[4,4]","[4,null]","[""Success"",""Unstable"",""MaxIters""]","[""Success"",""Failure"",""MaxLossEvals""]",52993,55587,0,52993,2594,149,33,1,cell_000605.heartbeat.jsonl,14,14,14,6,0,0,8,0,0.01,14,0,0,-16,-11.0178277592
606_evogrow_v2_2_stage_capped_pretune_off_38_2_7,paper1_phaseB_v1,B,,campaign_cell,,38,Van der Pol oscillator (simplified form from Strogatz),2,exact,4,evogrow_v2_2_stage_capped_pretune_off,evogrow_v2_2_stage_capped_pretune_off,7,finished,finished,True,,,2026-09-03T04:37:43.571Z,9.43939016767e-12,,True,4,0,0,1412203,,12602.5552864,False,True,False,606,2,604e79733b22d64d,91f88c4,False,0.999999999993,"[0.9999999999934465, 0.9999999999922945]",330,1412203,ffb0266c7913352c,"[[""u1"",""u2"",""u1*u2"",""u1^3""],[""u1""]]",pretune_off,False,30,"[0,0]","[4,4]","[4,null]","[""Success"",""Unstable"",""MaxIters""]","[""Success"",""Failure"",""MaxLossEvals""]",65344,69512,0,65344,4168,164,40,1,cell_000606.heartbeat.jsonl,16,16,16,5,0,0,11,0,0.01,16,0,0,-14,-11.0250560624
607_evogrow_v2_2_stage_capped_pretune_off_39_1_42,paper1_phaseB_v1,B,,campaign_cell,,39,"Glycolytic oscillator, e.g., ADP and F6P in yeast (dimensionless)",2,surrogate,,evogrow_v2_2_stage_capped_pretune_off,evogrow_v2_2_stage_capped_pretune_off,42,finished,finished,True,,,2026-09-03T04:54:03.856Z,0.000484433204119,,,5,,,2638515,,7440.58782778,False,True,False,607,1,604e79733b22d64d,91f88c4,False,0.95350473133,"[0.9277268601774151, 0.9792826024826954]",410,2638515,ffb0266c7913352c,"[[""u1"",""u2""],[""u1""]]",pretune_off,False,30,,"[1,5]","[1,5]","[""Success"",""Unstable"",""MaxIters""]","[""MaxLossEvals"",""Success"",""Failure""]",27908,30890,0,27908,2982,122,119,,cell_000607.heartbeat.jsonl,20,1,1,1,19,0.95,19,0,0.01,1,19,0.95,-10,-3.31476609701
608_evogrow_v2_2_stage_capped_pretune_off_39_1_123,paper1_phaseB_v1,B,,campaign_cell,,39,"Glycolytic oscillator, e.g., ADP and F6P in yeast (dimensionless)",2,surrogate,,evogrow_v2_2_stage_capped_pretune_off,evogrow_v2_2_stage_capped_pretune_off,123,finished,finished,True,,,2026-09-03T05:02:21.250Z,0.000484433204117,,,5,,,2604934,,1706.68094932,False,True,False,608,1,604e79733b22d64d,91f88c4,False,0.953504734819,"[0.927726846772134, 0.9792826228661389]",410,2604934,ffb0266c7913352c,"[[""u1"",""u2""],[""u1""]]",pretune_off,False,30,,"[1,5]","[1,5]","[""Success"",""Unstable"",""MaxIters""]","[""Success"",""MaxLossEvals"",""Failure""]",27219,27879,0,27219,660,128,121,,cell_000608.heartbeat.jsonl,20,3,3,3,17,0.85,17,0,0.01,1,19,0.95,-10,-3.31476609701
609_evogrow_v2_2_stage_capped_pretune_off_39_1_7,paper1_phaseB_v1,B,,campaign_cell,,39,"Glycolytic oscillator, e.g., ADP and F6P in yeast (dimensionless)",2,surrogate,,evogrow_v2_2_stage_capped_pretune_off,evogrow_v2_2_stage_capped_pretune_off,7,finished,finished,True,,,2026-09-03T05:25:16.470Z,0.000484433204117,,,5,,,2572617,,7831.54803548,False,True,False,609,1,604e79733b22d64d,91f88c4,False,0.953504734022,"[0.9277268498355826, 0.9792826182081261]",410,2572617,ffb0266c7913352c,"[[""u1"",""u2""],[""u1""]]",pretune_off,False,30,,"[1,5]","[1,5]","[""Success"",""Unstable"",""MaxIters""]","[""Success"",""MaxLossEvals"",""Failure""]",23977,26822,0,23977,2845,120,118,,cell_000609.heartbeat.jsonl,20,4,4,2,16,0.8,18,0,0.01,1,19,0.95,-10,-3.31476609701
610_evogrow_v2_2_stage_capped_pretune_off_39_2_42,paper1_phaseB_v1,B,,campaign_cell,,39,"Glycolytic oscillator, e.g., ADP and F6P in yeast (dimensionless)",2,surrogate,,evogrow_v2_2_stage_capped_pretune_off,evogrow_v2_2_stage_capped_pretune_off,42,finished,finished,True,,,2026-09-03T05:28:24.361Z,0.000530774647477,,,5,,,353363,,3752.17585518,False,True,False,610,2,604e79733b22d64d,91f88c4,False,0.980219838622,"[0.9657296445095952, 0.9947100327349657]",410,353363,ffb0266c7913352c,"[[""u1"",""u2""],[""u1"",""u2""]]",pretune_off,False,30,,"[5,5]","[5,5]","[""Success"",""Unstable"",""MaxIters""]","[""MaxLossEvals"",""Success"",""Failure""]",8861,10261,0,8861,1400,21,2,,cell_000610.heartbeat.jsonl,20,3,3,3,17,0.85,17,0,0.01,2,18,0.9,-10,-3.27508982945
611_evogrow_v2_2_stage_capped_pretune_off_39_2_123,paper1_phaseB_v1,B,,campaign_cell,,39,"Glycolytic oscillator, e.g., ADP and F6P in yeast (dimensionless)",2,surrogate,,evogrow_v2_2_stage_capped_pretune_off,evogrow_v2_2_stage_capped_pretune_off,123,finished,finished,True,,,2026-09-03T05:31:27.618Z,0.000530774647478,,,5,,,384763,,5658.32775313,False,True,False,611,2,604e79733b22d64d,91f88c4,False,0.980219839041,"[0.9657296475161443, 0.9947100305653548]",410,384763,ffb0266c7913352c,"[[""u1"",""u2""],[""u1"",""u2""]]",pretune_off,False,30,,"[5,5]","[5,5]","[""Success"",""Unstable"",""MaxIters""]","[""Success"",""Failure"",""MaxLossEvals""]",9065,11277,0,9065,2212,27,1,,cell_000611.heartbeat.jsonl,20,2,2,2,18,0.9,18,0,0.01,2,18,0.9,-10,-3.27508982945
612_evogrow_v2_2_stage_capped_pretune_off_39_2_7,paper1_phaseB_v1,B,,campaign_cell,,39,"Glycolytic oscillator, e.g., ADP and F6P in yeast (dimensionless)",2,surrogate,,evogrow_v2_2_stage_capped_pretune_off,evogrow_v2_2_stage_capped_pretune_off,7,finished,finished,True,,,2026-09-03T06:14:34.126Z,0.000530774647477,,,5,,,352866,,6036.72698174,False,True,False,612,2,604e79733b22d64d,91f88c4,False,0.98021983851,"[0.9657296437022903, 0.9947100333175398]",410,352866,ffb0266c7913352c,"[[""u1"",""u2""],[""u1"",""u2""]]",pretune_off,False,30,,"[5,5]","[5,5]","[""Success"",""Unstable"",""MaxIters""]","[""Success"",""Failure"",""MaxLossEvals""]",7716,9907,0,7716,2191,23,1,,cell_000612.heartbeat.jsonl,20,3,3,3,17,0.85,17,0,0.01,2,18,0.9,-10,-3.27508982945
613_evogrow_v2_2_stage_capped_pretune_off_40_1_42,paper1_phaseB_v1,B,,campaign_cell,,40,Duffing equation (weakly non-linear oscillation),2,surrogate,,evogrow_v2_2_stage_capped_pretune_off,evogrow_v2_2_stage_capped_pretune_off,42,finished,finished,True,,,2026-09-03T06:25:47.226Z,0.0646510566078,,,5,,,3202094,,55673.9137553,False,True,False,613,1,604e79733b22d64d,91f88c4,False,0.955979077131,"[0.9805169790186335, 0.9314411752440375]",470,3202094,ffb0266c7913352c,"[[""u1"",""u2"",""u1^3"",""u2^3""],[""u1"",""u2""]]",pretune_off,False,30,,"[5,1]","[null,1]","[""Success"",""Unstable"",""MaxIters""]","[""Success"",""Failure"",""MaxLossEvals""]",51196,68323,0,51196,17127,315,98,,cell_000613.heartbeat.jsonl,23,19,19,7,4,0.173913043478,16,0,0.01,16,7,0.304347826087,-7,-1.18942437295
614_evogrow_v2_2_stage_capped_pretune_off_40_1_123,paper1_phaseB_v1,B,,campaign_cell,,40,Duffing equation (weakly non-linear oscillation),2,surrogate,,evogrow_v2_2_stage_capped_pretune_off,evogrow_v2_2_stage_capped_pretune_off,123,finished,finished,True,,,2026-09-03T06:31:40.808Z,0.0646510566076,,,5,,,3143676,,63616.9832277,False,True,False,614,1,604e79733b22d64d,91f88c4,False,0.955979077571,"[0.9805169684982897, 0.9314411866432213]",450,3143676,ffb0266c7913352c,"[[""u1"",""u2"",""u1^3"",""u2^3""],[""u1"",""u2""]]",pretune_off,False,30,,"[5,1]","[null,1]","[""Success"",""Unstable"",""MaxIters""]","[""Success"",""Failure"",""MaxLossEvals""]",60896,78840,0,60896,17944,317,100,,cell_000614.heartbeat.jsonl,22,16,16,8,6,0.272727272727,14,0,0.01,15,7,0.318181818182,-8,-1.18942437295
615_evogrow_v2_2_stage_capped_pretune_off_40_1_7,paper1_phaseB_v1,B,,campaign_cell,,40,Duffing equation (weakly non-linear oscillation),2,surrogate,,evogrow_v2_2_stage_capped_pretune_off,evogrow_v2_2_stage_capped_pretune_off,7,finished,finished,True,,,2026-09-03T06:46:13.757Z,0.0646510566079,,,5,,,3209368,,50003.1401146,False,True,False,615,1,604e79733b22d64d,91f88c4,False,0.955979079176,"[0.9805169300442558, 0.9314412283085192]",470,3209368,ffb0266c7913352c,"[[""u1"",""u2"",""u1^3"",""u2^3""],[""u1"",""u2""]]",pretune_off,False,30,,"[5,1]","[null,1]","[""Success"",""Unstable"",""MaxIters""]","[""Success"",""Failure"",""MaxLossEvals""]",48581,63513,0,48581,14932,320,97,,cell_000615.heartbeat.jsonl,23,16,16,5,7,0.304347826087,18,0,0.01,16,7,0.304347826087,-7,-1.18942437295
616_evogrow_v2_2_stage_capped_pretune_off_40_2_42,paper1_phaseB_v1,B,,campaign_cell,,40,Duffing equation (weakly non-linear oscillation),2,surrogate,,evogrow_v2_2_stage_capped_pretune_off,evogrow_v2_2_stage_capped_pretune_off,42,finished,finished,True,,,2026-09-03T06:58:46.820Z,0.0242159976544,,,5,,,8577451,,135340.690626,False,True,False,616,2,604e79733b22d64d,91f88c4,False,0.977594719607,"[0.9906904314389839, 0.9644990077755439]",610,8577451,ffb0266c7913352c,"[[""u1"",""u2"",""u1^2"",""u1*u2"",""cos(u1)""],[""u1"",""u2"",""u1^2"",""u1*u2"",""sin(u1)"",""cos(u2)""]]",pretune_off,False,30,,"[5,5]","[null,null]","[""Success"",""Unstable"",""MaxIters""]","[""Success"",""Failure"",""MaxLossEvals""]",282843,310872,0,282843,28029,524,384,,cell_000616.heartbeat.jsonl,30,29,29,12,1,0.0333333333333,18,0,0.01,29,1,0.0333333333333,0,-1.61589763412
617_evogrow_v2_2_stage_capped_pretune_off_40_2_123,paper1_phaseB_v1,B,,campaign_cell,,40,Duffing equation (weakly non-linear oscillation),2,surrogate,,evogrow_v2_2_stage_capped_pretune_off,evogrow_v2_2_stage_capped_pretune_off,123,finished,finished,True,,,2026-09-03T07:00:37.589Z,0.0328800541817,,,5,,,8565752,,70349.1262282,False,True,False,617,2,604e79733b22d64d,91f88c4,False,0.969375185884,"[0.9838891601020733, 0.9548612116661778]",610,8565752,ffb0266c7913352c,"[[""u1"",""u2"",""u1^2"",""u2^2"",""u1*u2"",""u1^3""],[""u1"",""u2"",""u2^2"",""u1*u2"",""u1^3""]]",pretune_off,False,30,,"[5,5]","[null,null]","[""Success"",""Unstable"",""MaxIters""]","[""Success"",""Failure"",""MaxLossEvals""]",285037,300807,0,285037,15770,534,376,,cell_000617.heartbeat.jsonl,30,25,25,11,5,0.166666666667,17,1,0.01,25,5,0.166666666667,0,-1.48306747547
618_evogrow_v2_2_stage_capped_pretune_off_40_2_7,paper1_phaseB_v1,B,,campaign_cell,,40,Duffing equation (weakly non-linear oscillation),2,surrogate,,evogrow_v2_2_stage_capped_pretune_off,evogrow_v2_2_stage_capped_pretune_off,7,finished,finished,True,,,2026-09-03T07:06:27.136Z,0.0328695277058,,,5,,,7969549,,74401.764625,False,True,False,618,2,604e79733b22d64d,91f88c4,False,0.969538092849,"[0.9865076283794181, 0.9525685573182794]",590,7969549,ffb0266c7913352c,"[[""u1"",""u2"",""u1^2"",""u2^2"",""u1^3"",""u2^3""],[""u1"",""u2"",""u1^2"",""u2^2""]]",pretune_off,False,30,,"[5,5]","[null,null]","[""Success"",""Unstable"",""MaxIters""]","[""Success"",""Failure"",""MaxLossEvals""]",276994,292504,0,276994,15510,510,353,,cell_000618.heartbeat.jsonl,29,22,22,10,7,0.241379310345,19,0,0.01,22,7,0.241379310345,-1,-1.48320653614
619_evogrow_v2_2_stage_capped_pretune_off_41_1_42,paper1_phaseB_v1,B,,campaign_cell,,41,Cell cycle model by Tyson for interaction between protein cdc2 and cyclin (dimensionless),2,surrogate,,evogrow_v2_2_stage_capped_pretune_off,evogrow_v2_2_stage_capped_pretune_off,42,finished,finished,True,,,2026-09-03T07:36:32.146Z,0.00156643262917,,,5,,,4046153,,10228.998806,False,True,False,619,1,604e79733b22d64d,91f88c4,False,0.975889036505,"[0.973950070817666, 0.9778280021913985]",490,4046153,ffb0266c7913352c,"[[""u1"",""u2"",""u1^2"",""u2^2"",""u1*u2""],[""u1"",""u2"",""u1^2"",""u2^2"",""u1*u2""]]",pretune_off,False,30,,"[5,5]","[null,5]","[""Success"",""Unstable"",""MaxIters""]","[""Failure"",""Success"",""MaxLossEvals""]",133509,134667,0,133509,1158,265,157,,cell_000619.heartbeat.jsonl,24,16,16,10,8,0.333333333333,14,0,0.01,13,11,0.458333333333,-6,-2.80508827899
620_evogrow_v2_2_stage_capped_pretune_off_41_1_123,paper1_phaseB_v1,B,,campaign_cell,,41,Cell cycle model by Tyson for interaction between protein cdc2 and cyclin (dimensionless),2,surrogate,,evogrow_v2_2_stage_capped_pretune_off,evogrow_v2_2_stage_capped_pretune_off,123,finished,finished,True,,,2026-09-03T07:55:56.974Z,0.00152606944229,,,5,,,3877206,,6756.41230925,False,True,False,620,1,604e79733b22d64d,91f88c4,False,0.976352770905,"[0.9736912832265403, 0.9790142585842099]",510,3877206,ffb0266c7913352c,"[[""u1"",""u2"",""u1^2"",""u2^2"",""u1*u2""],[""u1"",""u2"",""u1^2"",""u2^2"",""u1*u2""]]",pretune_off,False,30,,"[5,5]","[null,5]","[""Success"",""Unstable"",""MaxIters""]","[""Failure"",""Success"",""MaxLossEvals""]",131516,132223,0,131516,707,281,140,,cell_000620.heartbeat.jsonl,25,16,16,11,9,0.36,14,0,0.01,16,9,0.36,-5,-2.81642570379
621_evogrow_v2_2_stage_capped_pretune_off_41_1_7,paper1_phaseB_v1,B,,campaign_cell,,41,Cell cycle model by Tyson for interaction between protein cdc2 and cyclin (dimensionless),2,surrogate,,evogrow_v2_2_stage_capped_pretune_off,evogrow_v2_2_stage_capped_pretune_off,7,finished,finished,True,,,2026-09-03T08:08:32.594Z,0.00143377696186,,,5,,,4499485,,5788.29463318,False,True,False,621,1,604e79733b22d64d,91f88c4,False,0.977242364186,"[0.9720915271213466, 0.9823932012507273]",510,4499485,ffb0266c7913352c,"[[""u1"",""u2"",""u1^2"",""u2^2"",""u1*u2""],[""u1"",""u2"",""u1^2"",""u2^2"",""u1*u2""]]",pretune_off,False,30,,"[5,5]","[null,5]","[""Success"",""Unstable"",""MaxIters""]","[""Success"",""Failure"",""MaxLossEvals""]",149939,150460,0,149939,521,291,185,,cell_000621.heartbeat.jsonl,25,14,14,10,11,0.44,15,0,0.01,14,11,0.44,-5,-2.8435184022
622_evogrow_v2_2_stage_capped_pretune_off_41_2_42,paper1_phaseB_v1,B,,campaign_cell,,41,Cell cycle model by Tyson for interaction between protein cdc2 and cyclin (dimensionless),2,surrogate,,evogrow_v2_2_stage_capped_pretune_off,evogrow_v2_2_stage_capped_pretune_off,42,finished,finished,True,,,2026-09-03T08:42:11.653Z,0.00485275035765,,,5,,,5278693,,15670.0193229,False,True,False,622,2,604e79733b22d64d,91f88c4,False,0.969814569762,"[0.9513647360139728, 0.9882644035107747]",570,5278693,ffb0266c7913352c,"[[""u1"",""u2"",""u1^2"",""u2^2"",""u1*u2""],[""u1"",""u2"",""u1^2"",""sin(u1)""]]",pretune_off,False,30,,"[5,5]","[null,5]","[""Success"",""Unstable"",""MaxIters""]","[""Success"",""Failure"",""MaxLossEvals""]",174315,176512,0,174315,2197,350,231,,cell_000622.heartbeat.jsonl,28,25,25,13,3,0.107142857143,15,0,0.01,25,3,0.107142857143,-2,-2.31401204973
623_evogrow_v2_2_stage_capped_pretune_off_41_2_123,paper1_phaseB_v1,B,,campaign_cell,,41,Cell cycle model by Tyson for interaction between protein cdc2 and cyclin (dimensionless),2,surrogate,,evogrow_v2_2_stage_capped_pretune_off,evogrow_v2_2_stage_capped_pretune_off,123,finished,finished,True,,,2026-09-03T09:45:45.675Z,0.00614055198556,,,5,,,4445908,,5814.0463524,False,True,False,623,2,604e79733b22d64d,91f88c4,False,0.961019533928,"[0.935339757104625, 0.9866993107514174]",530,4445908,ffb0266c7913352c,"[[""u1"",""u2"",""u1^2"",""u2^2"",""u1*u2""],[""u1"",""u2"",""u1^2"",""u2^2""]]",pretune_off,False,30,,"[5,5]","[null,5]","[""Success"",""Unstable"",""MaxIters""]","[""Success"",""Failure"",""MaxLossEvals""]",118188,118992,0,118188,804,308,192,,cell_000623.heartbeat.jsonl,26,15,15,10,11,0.423076923077,16,0,0.01,15,11,0.423076923077,-4,-2.21179258757
624_evogrow_v2_2_stage_capped_pretune_off_41_2_7,paper1_phaseB_v1,B,,campaign_cell,,41,Cell cycle model by Tyson for interaction between protein cdc2 and cyclin (dimensionless),2,surrogate,,evogrow_v2_2_stage_capped_pretune_off,evogrow_v2_2_stage_capped_pretune_off,7,finished,finished,True,,,2026-09-03T09:49:18.505Z,0.00524281766394,,,5,,,5068301,,24238.3190815,False,True,False,624,2,604e79733b22d64d,91f88c4,False,0.966956282905,"[0.9457384929854695, 0.9881740728246302]",530,5068301,ffb0266c7913352c,"[[""u1"",""u2"",""u1^2"",""u2^2"",""u1*u2""],[""u1"",""u2"",""u1^2"",""u2^2"",""u1*u2""]]",pretune_off,False,30,,"[5,5]","[null,5]","[""Success"",""Unstable"",""MaxIters""]","[""Success"",""Failure"",""MaxLossEvals""]",146500,152677,0,146500,6177,342,222,,cell_000624.heartbeat.jsonl,26,15,15,9,11,0.423076923077,17,0,0.01,15,11,0.423076923077,-4,-2.28043524603
625_evogrow_v2_2_stage_capped_pretune_off_42_1_42,paper1_phaseB_v1,B,,campaign_cell,,42,Reduced model for chlorine dioxide-iodine-malonic acid rection (dimensionless),2,surrogate,,evogrow_v2_2_stage_capped_pretune_off,evogrow_v2_2_stage_capped_pretune_off,42,finished,finished,True,,,2026-09-03T09:54:29.030Z,0.158117196395,,,5,,,5709724,,169132.733778,False,True,False,625,1,604e79733b22d64d,91f88c4,False,0.912288287784,"[0.8614784280018949, 0.9630981475651201]",610,5709724,ffb0266c7913352c,"[[""u1"",""u2"",""u1^2"",""u2^2"",""u1*u2"",""cos(u1)""],[""u1"",""u2"",""u1^2"",""u2^2"",""u1*u2"",""u1^3""]]",pretune_off,False,30,,"[5,5]","[null,null]","[""Success"",""Unstable"",""MaxIters""]","[""Failure"",""Success"",""MaxLossEvals""]",463589,495380,0,463589,31791,505,142,,cell_000625.heartbeat.jsonl,30,29,29,14,1,0.0333333333333,16,0,0.01,29,1,0.0333333333333,0,-0.801020894815
626_evogrow_v2_2_stage_capped_pretune_off_42_1_123,paper1_phaseB_v1,B,,campaign_cell,,42,Reduced model for chlorine dioxide-iodine-malonic acid rection (dimensionless),2,surrogate,,evogrow_v2_2_stage_capped_pretune_off,evogrow_v2_2_stage_capped_pretune_off,123,finished,finished,True,,,2026-09-03T10:27:50.582Z,0.156163242258,,,5,,,5689740,,18955.8537944,False,True,False,626,1,604e79733b22d64d,91f88c4,False,0.911006707945,"[0.8529308880090554, 0.9690825278816891]",610,5689740,ffb0266c7913352c,"[[""u1"",""u2"",""u1^2"",""u2^2"",""u1*u2"",""sin(u2)""],[""u1"",""u2"",""u1^2"",""u2^2"",""u1*u2"",""sin(u2)""]]",pretune_off,False,30,,"[5,5]","[null,null]","[""Success"",""Unstable"",""MaxIters""]","[""Failure"",""Success"",""MaxLossEvals""]",472623,475145,0,472623,2522,505,140,,cell_000626.heartbeat.jsonl,30,29,29,17,1,0.0333333333333,13,0,0.01,29,1,0.0333333333333,0,-0.806421182771
627_evogrow_v2_2_stage_capped_pretune_off_42_1_7,paper1_phaseB_v1,B,,campaign_cell,,42,Reduced model for chlorine dioxide-iodine-malonic acid rection (dimensionless),2,surrogate,,evogrow_v2_2_stage_capped_pretune_off,evogrow_v2_2_stage_capped_pretune_off,7,finished,finished,True,,,2026-09-03T11:23:25.312Z,0.104845361169,,,5,,,6030167,,21964.7403803,False,True,False,627,1,604e79733b22d64d,91f88c4,False,0.943008096475,"[0.91321629058131, 0.9727999023695985]",610,6030167,ffb0266c7913352c,"[[""u1"",""u2"",""u1^2"",""u2^2"",""u1*u2"",""sin(u2)""],[""u1"",""u2"",""u1^2"",""u2^2"",""cos(u1)"",""cos(u2)""]]",pretune_off,False,30,,"[5,5]","[null,null]","[""Success"",""Unstable"",""MaxIters""]","[""Success"",""Failure"",""MaxLossEvals""]",499202,502233,0,499202,3031,522,160,,cell_000627.heartbeat.jsonl,30,30,30,15,0,0,15,0,0.01,30,0,0,0,-0.979450779915
628_evogrow_v2_2_stage_capped_pretune_off_42_2_42,paper1_phaseB_v1,B,,campaign_cell,,42,Reduced model for chlorine dioxide-iodine-malonic acid rection (dimensionless),2,surrogate,,evogrow_v2_2_stage_capped_pretune_off,evogrow_v2_2_stage_capped_pretune_off,42,finished,finished,True,,,2026-09-03T12:24:35.731Z,0.0158593091334,,,5,,,1227179,,10760.6245805,False,True,False,628,2,604e79733b22d64d,91f88c4,False,0.979722937248,"[0.968548764232966, 0.9908971102621918]",550,1227179,ffb0266c7913352c,"[[""u1"",""u2"",""u1^2"",""u2^2"",""u1*u2"",""u2^3""],[""u1"",""u2"",""u1^2"",""u2^2"",""u1*u2""]]",pretune_off,False,30,,"[5,5]","[5,5]","[""Success"",""Unstable"",""MaxIters""]","[""Failure"",""Success"",""MaxLossEvals""]",78956,81254,0,78956,2298,152,18,,cell_000628.heartbeat.jsonl,27,20,20,16,7,0.259259259259,11,0,0.01,20,7,0.259259259259,-3,-1.79971573543
629_evogrow_v2_2_stage_capped_pretune_off_42_2_123,paper1_phaseB_v1,B,,campaign_cell,,42,Reduced model for chlorine dioxide-iodine-malonic acid rection (dimensionless),2,surrogate,,evogrow_v2_2_stage_capped_pretune_off,evogrow_v2_2_stage_capped_pretune_off,123,finished,finished,True,,,2026-09-03T13:04:05.283Z,0.0157523196671,,,5,,,1490981,,11897.5161008,False,True,False,629,2,604e79733b22d64d,91f88c4,False,0.97997851644,"[0.969262965526713, 0.9906940673523984]",570,1490981,ffb0266c7913352c,"[[""u1"",""u2"",""u1^2"",""u2^2"",""u1*u2"",""u2^3""],[""u1"",""u2"",""u1^2"",""u2^2"",""u1*u2"",""u2^3""]]",pretune_off,False,30,,"[5,5]","[5,5]","[""Success"",""Unstable"",""MaxIters""]","[""Success"",""Failure"",""MaxLossEvals""]",99269,100294,0,99269,1025,175,22,,cell_000629.heartbeat.jsonl,28,22,22,16,6,0.214285714286,12,0,0.01,21,7,0.25,-2,-1.8026554835
630_evogrow_v2_2_stage_capped_pretune_off_42_2_7,paper1_phaseB_v1,B,,campaign_cell,,42,Reduced model for chlorine dioxide-iodine-malonic acid rection (dimensionless),2,surrogate,,evogrow_v2_2_stage_capped_pretune_off,evogrow_v2_2_stage_capped_pretune_off,7,finished,finished,True,,,2026-09-03T13:24:39.841Z,0.0144579685438,,,5,,,1644914,,14215.8932147,False,True,False,630,2,604e79733b22d64d,91f88c4,False,0.981735952654,"[0.972263173759074, 0.9912087315481065]",610,1644914,ffb0266c7913352c,"[[""u1"",""u2"",""u1^2"",""u2^2"",""u1*u2"",""u2^3""],[""u1"",""u2"",""u1^2"",""u2^2"",""u1*u2"",""cos(u2)""]]",pretune_off,False,30,,"[5,5]","[5,5]","[""Success"",""Unstable"",""MaxIters""]","[""Success"",""Failure"",""MaxLossEvals""]",123693,125828,0,123693,2135,174,35,,cell_000630.heartbeat.jsonl,30,30,30,17,0,0,13,0,0.01,27,3,0.1,0,-1.83989272448
631_evogrow_v2_2_stage_capped_pretune_off_43_1_42,paper1_phaseB_v1,B,,campaign_cell,,43,Driven pendulum with linear damping / Josephson junction (dimensionless),2,surrogate,,evogrow_v2_2_stage_capped_pretune_off,evogrow_v2_2_stage_capped_pretune_off,42,finished,finished,True,,,2026-09-03T13:40:47.056Z,0.0176634080419,,,5,,,2612515,,64191.2673857,False,True,False,631,1,604e79733b22d64d,91f88c4,False,0.980888517882,"[0.999946104208539, 0.9618309315563535]",490,2612515,ffb0266c7913352c,"[[""u1"",""u2"",""u1^2"",""u2^2"",""cos(u1)""],[""u1"",""u2"",""u1^2"",""u2^2"",""u1*u2"",""u1^3""]]",pretune_off,False,30,,"[5,5]","[null,5]","[""Success"",""Unstable"",""MaxIters""]","[""Failure"",""Success"",""MaxLossEvals""]",175176,183806,0,175176,8630,312,41,,cell_000631.heartbeat.jsonl,24,21,21,12,3,0.125,12,0,0.01,21,3,0.125,-6,-1.75292549833
632_evogrow_v2_2_stage_capped_pretune_off_43_1_123,paper1_phaseB_v1,B,,campaign_cell,,43,Driven pendulum with linear damping / Josephson junction (dimensionless),2,surrogate,,evogrow_v2_2_stage_capped_pretune_off,evogrow_v2_2_stage_capped_pretune_off,123,finished,finished,True,,,2026-09-03T14:10:05.829Z,0.0182875151741,,,5,,,3013788,,39227.1216541,False,True,False,632,1,604e79733b22d64d,91f88c4,False,0.981115250134,"[0.999898573321179, 0.962331926946472]",510,3013788,ffb0266c7913352c,"[[""u1"",""u2"",""u1^2"",""cos(u1)""],[""u1"",""u2"",""u1^2"",""u2^2"",""u1*u2"",""u1^3""]]",pretune_off,False,30,,"[5,5]","[null,5]","[""Success"",""Unstable"",""MaxIters""]","[""Success"",""Failure"",""MaxLossEvals""]",214319,219333,0,214319,5014,335,53,,cell_000632.heartbeat.jsonl,25,23,23,11,2,0.08,14,0,0.01,22,3,0.12,-5,-1.73784530051
633_evogrow_v2_2_stage_capped_pretune_off_43_1_7,paper1_phaseB_v1,B,,campaign_cell,,43,Driven pendulum with linear damping / Josephson junction (dimensionless),2,surrogate,,evogrow_v2_2_stage_capped_pretune_off,evogrow_v2_2_stage_capped_pretune_off,7,finished,finished,True,,,2026-09-03T15:24:41.345Z,0.017253339335,,,5,,,3246400,,26377.4030037,False,True,False,633,1,604e79733b22d64d,91f88c4,False,0.981003342634,"[0.9999639904366103, 0.9620426948320641]",570,3246400,ffb0266c7913352c,"[[""u1"",""u2"",""u1^2"",""u2^2"",""u1*u2"",""cos(u1)""],[""u1"",""u2"",""u1^2"",""u2^2"",""u1*u2"",""u1^3""]]",pretune_off,False,30,,"[5,5]","[null,5]","[""Success"",""Unstable"",""MaxIters""]","[""Success"",""Failure"",""MaxLossEvals""]",279372,282684,0,279372,3312,379,47,,cell_000633.heartbeat.jsonl,28,27,27,12,1,0.0357142857143,15,1,0.01,25,3,0.107142857143,-2,-1.76312683599
634_evogrow_v2_2_stage_capped_pretune_off_43_2_42,paper1_phaseB_v1,B,,campaign_cell,,43,Driven pendulum with linear damping / Josephson junction (dimensionless),2,surrogate,,evogrow_v2_2_stage_capped_pretune_off,evogrow_v2_2_stage_capped_pretune_off,42,finished,finished,True,,,2026-09-03T15:44:30.448Z,0.0406071785261,,,5,,,3265850,,88649.1543438,False,True,False,634,2,604e79733b22d64d,91f88c4,False,0.88766351977,"[0.9996959331396187, 0.7756311063996503]",590,3265850,ffb0266c7913352c,"[[""u2""],[""u1"",""u2"",""u1^2"",""u2^2"",""u1*u2""]]",pretune_off,False,30,,"[5,5]","[null,5]","[""Success"",""Unstable"",""MaxIters""]","[""Success"",""Failure"",""MaxLossEvals""]",246371,267182,0,246371,20811,269,119,,cell_000634.heartbeat.jsonl,29,18,18,8,11,0.379310344828,20,1,0.01,18,11,0.379310344828,-1,-1.39139718517
635_evogrow_v2_2_stage_capped_pretune_off_43_2_123,paper1_phaseB_v1,B,,campaign_cell,,43,Driven pendulum with linear damping / Josephson junction (dimensionless),2,surrogate,,evogrow_v2_2_stage_capped_pretune_off,evogrow_v2_2_stage_capped_pretune_off,123,finished,finished,True,,,2026-09-03T16:23:04.921Z,0.0408387447371,,,5,,,2258440,,27392.9279806,False,True,False,635,2,604e79733b22d64d,91f88c4,False,0.884921400516,"[0.9997208980699134, 0.7701219029628156]",510,2258440,ffb0266c7913352c,"[[""u1"",""u2"",""u1*u2""],[""u1"",""u2"",""u1^2"",""u2^2"",""u1*u2""]]",pretune_off,False,30,,"[5,5]","[null,5]","[""Success"",""Unstable"",""MaxIters""]","[""Success"",""Failure"",""MaxLossEvals""]",208354,214972,0,208354,6618,215,76,,cell_000635.heartbeat.jsonl,25,14,14,8,11,0.44,17,0,0.01,14,11,0.44,-5,-1.38892761532
636_evogrow_v2_2_stage_capped_pretune_off_43_2_7,paper1_phaseB_v1,B,,campaign_cell,,43,Driven pendulum with linear damping / Josephson junction (dimensionless),2,surrogate,,evogrow_v2_2_stage_capped_pretune_off,evogrow_v2_2_stage_capped_pretune_off,7,finished,finished,True,,,2026-09-03T16:33:57.226Z,0.00640019811659,,,5,,,2812810,,58659.4627288,False,True,False,636,2,604e79733b22d64d,91f88c4,False,0.981677295755,"[0.9999599149498594, 0.9633946765605004]",590,2812810,ffb0266c7913352c,"[[""u1"",""u2"",""u2^2""],[""u1"",""u2"",""u1^2"",""u2^2"",""sin(u1)""]]",pretune_off,False,30,,"[5,5]","[null,5]","[""Success"",""Unstable"",""MaxIters""]","[""Success"",""Failure"",""MaxLossEvals""]",269549,285756,0,269549,16207,257,93,,cell_000636.heartbeat.jsonl,29,26,26,11,3,0.103448275862,18,0,0.01,26,3,0.103448275862,-1,-2.19380658233
637_evogrow_v2_2_stage_capped_pretune_off_44_1_42,paper1_phaseB_v1,B,,campaign_cell,,44,Driven pendulum with quadratic damping (dimensionless),2,surrogate,,evogrow_v2_2_stage_capped_pretune_off,evogrow_v2_2_stage_capped_pretune_off,42,finished,finished,True,,,2026-09-03T17:22:16.168Z,0.00971961635869,,,5,,,2885630,,24822.356057,False,True,False,637,1,604e79733b22d64d,91f88c4,False,0.967891570094,"[0.9999694319333531, 0.9358137082548973]",530,2885630,ffb0266c7913352c,"[[""u1"",""u2"",""u2^2"",""sin(u1)"",""cos(u1)"",""cos(u2)""],[""u1"",""u2"",""u1^2"",""u2^2"",""u1*u2"",""sin(u1)""]]",pretune_off,False,30,,"[5,5]","[null,5]","[""Success"",""Unstable"",""MaxIters""]","[""Failure"",""Success"",""MaxLossEvals""]",196686,201660,0,196686,4974,379,24,,cell_000637.heartbeat.jsonl,26,26,26,15,0,0,11,0,0.01,23,3,0.115384615385,-4,-2.0123508767
638_evogrow_v2_2_stage_capped_pretune_off_44_1_123,paper1_phaseB_v1,B,,campaign_cell,,44,Driven pendulum with quadratic damping (dimensionless),2,surrogate,,evogrow_v2_2_stage_capped_pretune_off,evogrow_v2_2_stage_capped_pretune_off,123,finished,finished,True,,,2026-09-03T17:30:11.455Z,0.00971961635764,,,5,,,3260164,,19096.4215291,False,True,False,638,1,604e79733b22d64d,91f88c4,False,0.967891584345,"[0.9999694314444889, 0.9358137372454689]",570,3260164,ffb0266c7913352c,"[[""u1"",""u2"",""u2^2"",""sin(u1)"",""cos(u1)"",""cos(u2)""],[""u1"",""u2"",""u1^2"",""u2^2"",""u1*u2"",""sin(u1)""]]",pretune_off,False,30,,"[5,5]","[null,5]","[""Success"",""Unstable"",""MaxIters""]","[""Success"",""Failure"",""MaxLossEvals""]",216427,219721,0,216427,3294,398,39,,cell_000638.heartbeat.jsonl,28,27,27,13,1,0.0357142857143,15,0,0.01,25,3,0.107142857143,-2,-2.01235087675
639_evogrow_v2_2_stage_capped_pretune_off_44_1_7,paper1_phaseB_v1,B,,campaign_cell,,44,Driven pendulum with quadratic damping (dimensionless),2,surrogate,,evogrow_v2_2_stage_capped_pretune_off,evogrow_v2_2_stage_capped_pretune_off,7,finished,finished,True,,,2026-09-03T19:57:49.445Z,0.0107122486327,,,5,,,3468569,,36468.0239241,False,True,False,639,1,604e79733b22d64d,91f88c4,False,0.964812737147,"[0.9999594374463207, 0.9296660368468077]",590,3468569,ffb0266c7913352c,"[[""u1"",""u2"",""u2^2"",""sin(u1)"",""cos(u1)""],[""u1"",""u2"",""u1^2"",""u2^2"",""u1*u2"",""sin(u1)""]]",pretune_off,False,30,,"[5,5]","[null,5]","[""Success"",""Unstable"",""MaxIters""]","[""Success"",""Failure"",""MaxLossEvals""]",232154,238466,0,232154,6312,406,46,,cell_000639.heartbeat.jsonl,29,26,26,15,3,0.103448275862,12,2,0.01,26,3,0.103448275862,-1,-1.97011935585
640_evogrow_v2_2_stage_capped_pretune_off_44_2_42,paper1_phaseB_v1,B,,campaign_cell,,44,Driven pendulum with quadratic damping (dimensionless),2,surrogate,,evogrow_v2_2_stage_capped_pretune_off,evogrow_v2_2_stage_capped_pretune_off,42,finished,finished,True,,,2026-09-03T20:40:17.020Z,0.00144322159872,,,5,,,1956849,,56992.8922333,False,True,False,640,2,604e79733b22d64d,91f88c4,False,0.990373620516,"[0.9999651298909353, 0.980782111140886]",510,1956849,ffb0266c7913352c,"[[""u1"",""u2"",""u2^2""],[""u1"",""u2"",""u1^2"",""u2^2"",""sin(u1)""]]",pretune_off,False,30,,"[5,5]","[null,5]","[""Success"",""Unstable"",""MaxIters""]","[""Success"",""Failure"",""MaxLossEvals""]",177372,193148,0,177372,15776,195,58,,cell_000640.heartbeat.jsonl,25,22,22,11,3,0.12,14,0,0.01,22,3,0.12,-5,-2.84066698026
641_evogrow_v2_2_stage_capped_pretune_off_44_2_123,paper1_phaseB_v1,B,,campaign_cell,,44,Driven pendulum with quadratic damping (dimensionless),2,surrogate,,evogrow_v2_2_stage_capped_pretune_off,evogrow_v2_2_stage_capped_pretune_off,123,finished,finished,True,,,2026-09-03T21:54:20.957Z,0.0351699371314,,,5,,,2844730,,37113.5901307,False,True,False,641,2,604e79733b22d64d,91f88c4,False,0.734626075509,"[0.9995199798934377, 0.4697321711251218]",610,2844730,ffb0266c7913352c,"[[""u1"",""u2"",""u2^2"",""u1*u2"",""sin(u1)""],[""u1"",""u2"",""u1^2"",""u2^2""]]",pretune_off,False,30,,"[5,5]","[null,5]","[""Success"",""Unstable"",""MaxIters""]","[""Failure"",""Success"",""MaxLossEvals""]",265193,275713,0,265193,10520,251,95,,cell_000641.heartbeat.jsonl,30,30,30,8,0,0,21,1,0.01,30,0,0,0,-1.45382840801
642_evogrow_v2_2_stage_capped_pretune_off_44_2_7,paper1_phaseB_v1,B,,campaign_cell,,44,Driven pendulum with quadratic damping (dimensionless),2,surrogate,,evogrow_v2_2_stage_capped_pretune_off,evogrow_v2_2_stage_capped_pretune_off,7,finished,finished,True,,,2026-09-03T22:45:00.668Z,0.00148334841534,,,5,,,1998885,,49575.0205572,False,True,False,642,2,604e79733b22d64d,91f88c4,False,0.990631870994,"[0.9999578449305665, 0.9813058970570886]",530,1998885,ffb0266c7913352c,"[[""u1"",""u2""],[""u1"",""u2"",""u1^2"",""u2^2"",""sin(u1)""]]",pretune_off,False,30,,"[5,5]","[null,5]","[""Success"",""Unstable"",""MaxIters""]","[""Success"",""Failure"",""MaxLossEvals""]",155750,169997,0,155750,14247,203,57,,cell_000642.heartbeat.jsonl,26,23,23,7,3,0.115384615385,19,0,0.01,23,3,0.115384615385,-4,-2.82875682801
643_evogrow_v2_2_stage_capped_pretune_off_45_1_42,paper1_phaseB_v1,B,,campaign_cell,,45,Isothermal autocatalytic reaction model by Gray and Scott 1985 (dimensionless),2,surrogate,,evogrow_v2_2_stage_capped_pretune_off,evogrow_v2_2_stage_capped_pretune_off,42,finished,finished,True,,,2026-09-03T22:49:08.136Z,0.000300171503926,,,5,,,2294185,,2612.43901915,False,True,False,643,1,604e79733b22d64d,91f88c4,False,0.999412670696,"[0.9991300238297129, 0.9996953175619124]",470,2294185,ffb0266c7913352c,"[[""u1"",""u2"",""u1^2"",""u1^3""],[""u1"",""u2"",""u2^2"",""u1*u2""]]",pretune_off,False,30,,"[5,5]","[null,5]","[""Success"",""Unstable"",""MaxIters""]","[""Failure"",""Success"",""MaxLossEvals""]",89797,90326,0,89797,529,260,41,,cell_000643.heartbeat.jsonl,23,19,19,10,4,0.173913043478,13,0,0.01,19,4,0.173913043478,-7,-3.52263053886
644_evogrow_v2_2_stage_capped_pretune_off_45_1_123,paper1_phaseB_v1,B,,campaign_cell,,45,Isothermal autocatalytic reaction model by Gray and Scott 1985 (dimensionless),2,surrogate,,evogrow_v2_2_stage_capped_pretune_off,evogrow_v2_2_stage_capped_pretune_off,123,finished,finished,True,,,2026-09-03T23:33:21.660Z,0.00152233387806,,,5,,,2161239,,8219.65317664,False,True,False,644,1,604e79733b22d64d,91f88c4,False,0.994090520842,"[0.9886285769799416, 0.9995524647039008]",450,2161239,ffb0266c7913352c,"[[""u1"",""u2"",""u2^2""],[""u1"",""u2"",""u2^2"",""u1*u2""]]",pretune_off,False,30,,"[5,5]","[null,5]","[""Success"",""Unstable"",""MaxIters""]","[""Failure"",""Success"",""MaxLossEvals""]",78186,80013,0,78186,1827,276,37,,cell_000644.heartbeat.jsonl,22,11,11,8,11,0.5,14,0,0.01,11,11,0.5,-8,-2.81749008771
645_evogrow_v2_2_stage_capped_pretune_off_45_1_7,paper1_phaseB_v1,B,,campaign_cell,,45,Isothermal autocatalytic reaction model by Gray and Scott 1985 (dimensionless),2,surrogate,,evogrow_v2_2_stage_capped_pretune_off,evogrow_v2_2_stage_capped_pretune_off,7,finished,finished,True,,,2026-09-04T00:00:18.260Z,0.000300171506998,,,5,,,2462725,,1720.80485048,False,True,False,645,1,604e79733b22d64d,91f88c4,False,0.999412670571,"[0.999130023538584, 0.9996953176033089]",470,2462725,ffb0266c7913352c,"[[""u1"",""u2"",""u1^2"",""u1^3""],[""u1"",""u2"",""u2^2"",""u1*u2""]]",pretune_off,False,30,,"[5,5]","[null,5]","[""Success"",""Unstable"",""MaxIters""]","[""Failure"",""Success"",""MaxLossEvals""]",92144,92379,0,92144,235,278,53,,cell_000645.heartbeat.jsonl,23,19,19,10,4,0.173913043478,13,0,0.01,19,4,0.173913043478,-7,-3.52263053441
646_evogrow_v2_2_stage_capped_pretune_off_45_2_42,paper1_phaseB_v1,B,,campaign_cell,,45,Isothermal autocatalytic reaction model by Gray and Scott 1985 (dimensionless),2,surrogate,,evogrow_v2_2_stage_capped_pretune_off,evogrow_v2_2_stage_capped_pretune_off,42,finished,finished,True,,,2026-09-04T00:12:39.506Z,0.00152526599908,,,5,,,2135066,,7447.15014511,False,True,False,646,2,604e79733b22d64d,91f88c4,False,0.92574230701,"[0.851579464760921, 0.999905149260032]",450,2135066,ffb0266c7913352c,"[[""u2"",""u2^2""],[""u1"",""u2"",""u2^2"",""cos(u2)""]]",pretune_off,False,30,,"[5,5]","[5,5]","[""Success"",""Unstable"",""MaxIters""]","[""Success"",""Failure"",""MaxLossEvals""]",68112,70224,0,68112,2112,331,9,,cell_000646.heartbeat.jsonl,22,22,22,5,0,0,17,0,0.01,22,0,0,-8,-2.81665441084
647_evogrow_v2_2_stage_capped_pretune_off_45_2_123,paper1_phaseB_v1,B,,campaign_cell,,45,Isothermal autocatalytic reaction model by Gray and Scott 1985 (dimensionless),2,surrogate,,evogrow_v2_2_stage_capped_pretune_off,evogrow_v2_2_stage_capped_pretune_off,123,finished,finished,True,,,2026-09-04T00:16:38.759Z,0.00152526599868,,,5,,,2008127,,8278.40009002,False,True,False,647,2,604e79733b22d64d,91f88c4,False,0.925742276168,"[0.8515794022876156, 0.9999051500487964]",430,2008127,ffb0266c7913352c,"[[""u2"",""u2^2""],[""u1"",""u2"",""u2^2"",""cos(u2)""]]",pretune_off,False,30,,"[5,5]","[5,5]","[""Success"",""Unstable"",""MaxIters""]","[""Failure"",""Success"",""MaxLossEvals""]",61342,63796,0,61342,2454,322,9,,cell_000647.heartbeat.jsonl,21,19,19,7,2,0.0952380952381,14,0,0.01,18,3,0.142857142857,-9,-2.81665441095
648_evogrow_v2_2_stage_capped_pretune_off_45_2_7,paper1_phaseB_v1,B,,campaign_cell,,45,Isothermal autocatalytic reaction model by Gray and Scott 1985 (dimensionless),2,surrogate,,evogrow_v2_2_stage_capped_pretune_off,evogrow_v2_2_stage_capped_pretune_off,7,finished,finished,True,,,2026-09-04T00:29:40.229Z,0.00152526599624,,,5,,,1982183,,11512.6000042,False,True,False,648,2,604e79733b22d64d,91f88c4,False,0.925742331594,"[0.851579514552145, 0.9999051486354643]",430,1982183,ffb0266c7913352c,"[[""u2"",""u2^2""],[""u1"",""u2"",""u2^2"",""cos(u2)""]]",pretune_off,False,30,,"[5,5]","[5,5]","[""Success"",""Unstable"",""MaxIters""]","[""Success"",""Failure"",""MaxLossEvals""]",59788,63150,0,59788,3362,311,13,,cell_000648.heartbeat.jsonl,21,19,19,7,2,0.0952380952381,14,0,0.01,18,3,0.142857142857,-9,-2.81665441165
649_evogrow_v2_2_stage_capped_pretune_off_46_1_42,paper1_phaseB_v1,B,,campaign_cell,,46,Interacting bar magnets,2,surrogate,,evogrow_v2_2_stage_capped_pretune_off,evogrow_v2_2_stage_capped_pretune_off,42,finished,finished,True,,,2026-09-04T01:04:33.246Z,0.00044743855922,,,5,,,355891,,569.327784007,False,True,False,649,1,604e79733b22d64d,91f88c4,False,0.808855211455,"[0.9916862116869387, 0.6260242112238598]",410,355891,ffb0266c7913352c,"[[""u1""],[""u2""]]",pretune_off,False,30,,"[5,5]","[null,null]","[""Success"",""Unstable"",""MaxIters""]","[""Success"",""MaxLossEvals""]",1703,1949,0,1703,246,9,9,,cell_000649.heartbeat.jsonl,20,1,1,1,19,0.95,19,0,0.01,1,19,0.95,-10,-3.34926659213
650_evogrow_v2_2_stage_capped_pretune_off_46_1_123,paper1_phaseB_v1,B,,campaign_cell,,46,Interacting bar magnets,2,surrogate,,evogrow_v2_2_stage_capped_pretune_off,evogrow_v2_2_stage_capped_pretune_off,123,finished,finished,True,,,2026-09-04T01:14:41.767Z,0.00044743855922,,,5,,,291143,,924.386295992,False,True,False,650,1,604e79733b22d64d,91f88c4,False,0.808855211455,"[0.9916862116869372, 0.6260242112238541]",410,291143,ffb0266c7913352c,"[[""u1""],[""u2""]]",pretune_off,False,30,,"[5,5]","[null,null]","[""Success"",""Unstable"",""MaxIters""]","[""Success"",""Failure"",""MaxLossEvals""]",2681,3177,0,2681,496,8,5,,cell_000650.heartbeat.jsonl,20,1,1,1,19,0.95,19,0,0.01,1,19,0.95,-10,-3.34926659213
651_evogrow_v2_2_stage_capped_pretune_off_46_1_7,paper1_phaseB_v1,B,,campaign_cell,,46,Interacting bar magnets,2,surrogate,,evogrow_v2_2_stage_capped_pretune_off,evogrow_v2_2_stage_capped_pretune_off,7,finished,finished,True,,,2026-09-04T01:30:45.119Z,0.00044743855922,,,5,,,267629,,1341.91325127,False,True,False,651,1,604e79733b22d64d,91f88c4,False,0.808855211455,"[0.9916862116869402, 0.6260242112238623]",410,267629,ffb0266c7913352c,"[[""u1""],[""u2""]]",pretune_off,False,30,,"[5,5]","[null,null]","[""Success"",""Unstable"",""MaxIters""]","[""Success"",""MaxLossEvals""]",2322,2967,0,2322,645,3,3,,cell_000651.heartbeat.jsonl,20,1,1,1,19,0.95,19,0,0.01,1,19,0.95,-10,-3.34926659213
652_evogrow_v2_2_stage_capped_pretune_off_46_2_42,paper1_phaseB_v1,B,,campaign_cell,,46,Interacting bar magnets,2,surrogate,,evogrow_v2_2_stage_capped_pretune_off,evogrow_v2_2_stage_capped_pretune_off,42,finished,finished,True,,,2026-09-04T01:51:01.867Z,0.000171820314446,,,4,,,336348,,2019.11822872,False,True,False,652,2,604e79733b22d64d,91f88c4,False,0.996405508096,"[0.9969709203554467, 0.9958400958358423]",330,336348,ffb0266c7913352c,"[[""u1"",""u2""],[""u2""]]",pretune_off,False,30,,"[4,4]","[4,4]","[""Success"",""Unstable"",""MaxIters""]","[""MaxLossEvals"",""Success"",""Failure""]",9114,9956,0,9114,842,10,7,,cell_000652.heartbeat.jsonl,16,1,1,1,15,0.9375,15,0,0.01,1,15,0.9375,-14,-3.7649254905
653_evogrow_v2_2_stage_capped_pretune_off_46_2_123,paper1_phaseB_v1,B,,campaign_cell,,46,Interacting bar magnets,2,surrogate,,evogrow_v2_2_stage_capped_pretune_off,evogrow_v2_2_stage_capped_pretune_off,123,finished,finished,True,,,2026-09-04T01:53:46.223Z,0.000171820314446,,,4,,,365783,,2500.18216085,False,True,False,653,2,604e79733b22d64d,91f88c4,False,0.996405508096,"[0.996970920356672, 0.9958400958357113]",330,365783,ffb0266c7913352c,"[[""u1"",""u2""],[""u2""]]",pretune_off,False,30,,"[4,4]","[4,4]","[""Success"",""Unstable"",""MaxIters""]","[""Success"",""MaxLossEvals"",""Failure""]",7527,8612,0,7527,1085,12,10,,cell_000653.heartbeat.jsonl,16,1,1,1,15,0.9375,15,0,0.01,1,15,0.9375,-14,-3.7649254905
654_evogrow_v2_2_stage_capped_pretune_off_46_2_7,paper1_phaseB_v1,B,,campaign_cell,,46,Interacting bar magnets,2,surrogate,,evogrow_v2_2_stage_capped_pretune_off,evogrow_v2_2_stage_capped_pretune_off,7,finished,finished,True,,,2026-09-04T02:17:27.302Z,0.000171820314446,,,4,,,190195,,1407.16754269,False,True,False,654,2,604e79733b22d64d,91f88c4,False,0.996405508097,"[0.996970920357591, 0.9958400958356152]",330,190195,ffb0266c7913352c,"[[""u1"",""u2""],[""u2""]]",pretune_off,False,30,,"[4,4]","[4,4]","[""Success"",""Unstable"",""MaxIters""]","[""Success"",""MaxLossEvals"",""Failure""]",4654,5292,0,4654,638,3,2,,cell_000654.heartbeat.jsonl,16,4,4,3,12,0.75,13,0,0.01,1,15,0.9375,-14,-3.7649254905
655_evogrow_v2_2_stage_capped_pretune_off_47_1_42,paper1_phaseB_v1,B,,campaign_cell,,47,Binocular rivalry model (no oscillations),2,surrogate,,evogrow_v2_2_stage_capped_pretune_off,evogrow_v2_2_stage_capped_pretune_off,42,finished,finished,True,,,2026-09-04T02:25:21.360Z,0.0004523586984,,,5,,,2103455,,18459.0906368,False,True,False,655,1,604e79733b22d64d,91f88c4,False,0.751637198673,"[0.7463009242547574, 0.7569734730913009]",430,2103455,ffb0266c7913352c,"[[""u1"",""u2""],[""u1"",""u2""]]",pretune_off,False,30,,"[5,5]","[null,null]","[""Success"",""Unstable"",""MaxIters""]","[""Success"",""Failure"",""MaxLossEvals""]",16343,23532,0,16343,7189,102,84,,cell_000655.heartbeat.jsonl,21,2,2,2,19,0.904761904762,19,0,0.01,2,19,0.904761904762,-9,-3.34451705422
656_evogrow_v2_2_stage_capped_pretune_off_47_1_123,paper1_phaseB_v1,B,,campaign_cell,,47,Binocular rivalry model (no oscillations),2,surrogate,,evogrow_v2_2_stage_capped_pretune_off,evogrow_v2_2_stage_capped_pretune_off,123,finished,finished,True,,,2026-09-04T02:33:46.990Z,0.000452358698276,,,5,,,2148950,,20433.3002459,False,True,False,656,1,604e79733b22d64d,91f88c4,False,0.751637036998,"[0.7463002872635379, 0.756973786733043]",430,2148950,ffb0266c7913352c,"[[""u1"",""u2""],[""u1"",""u2""]]",pretune_off,False,30,,"[5,5]","[null,null]","[""Success"",""Unstable"",""MaxIters""]","[""Failure"",""Success"",""MaxLossEvals""]",21061,29167,0,21061,8106,99,86,,cell_000656.heartbeat.jsonl,21,5,5,5,16,0.761904761905,16,0,0.01,2,19,0.904761904762,-9,-3.34451705434
657_evogrow_v2_2_stage_capped_pretune_off_47_1_7,paper1_phaseB_v1,B,,campaign_cell,,47,Binocular rivalry model (no oscillations),2,surrogate,,evogrow_v2_2_stage_capped_pretune_off,evogrow_v2_2_stage_capped_pretune_off,7,finished,finished,True,,,2026-09-04T02:35:17.995Z,0.000452358698397,,,5,,,2208382,,19721.9862946,False,True,False,657,1,604e79733b22d64d,91f88c4,False,0.751637094902,"[0.7463005155221427, 0.7569736742809858]",430,2208382,ffb0266c7913352c,"[[""u1"",""u2""],[""u1"",""u2""]]",pretune_off,False,30,,"[5,5]","[null,null]","[""Success"",""Unstable"",""MaxIters""]","[""Success"",""Failure"",""MaxLossEvals""]",18133,25483,0,18133,7350,107,92,,cell_000657.heartbeat.jsonl,21,5,5,5,16,0.761904761905,16,0,0.01,2,19,0.904761904762,-9,-3.34451705423
658_evogrow_v2_2_stage_capped_pretune_off_47_2_42,paper1_phaseB_v1,B,,campaign_cell,,47,Binocular rivalry model (no oscillations),2,surrogate,,evogrow_v2_2_stage_capped_pretune_off,evogrow_v2_2_stage_capped_pretune_off,42,finished,finished,True,,,2026-09-04T02:36:06.968Z,0.00042209440332,,,5,,,1162776,,4920.73059908,False,True,False,658,2,604e79733b22d64d,91f88c4,False,0.999485060454,"[0.9991156008955148, 0.9998545200132201]",510,1162776,ffb0266c7913352c,"[[""u1"",""u2"",""u2^2"",""u1*u2""],[""u1"",""u1^2"",""u2^2""]]",pretune_off,False,30,,"[5,5]","[5,5]","[""Success"",""Unstable"",""MaxIters""]","[""Failure"",""Success"",""MaxLossEvals""]",52070,53908,0,52070,1838,84,43,,cell_000658.heartbeat.jsonl,25,14,14,4,11,0.44,21,0,0.01,14,11,0.44,-5,-3.37459040625
659_evogrow_v2_2_stage_capped_pretune_off_47_2_123,paper1_phaseB_v1,B,,campaign_cell,,47,Binocular rivalry model (no oscillations),2,surrogate,,evogrow_v2_2_stage_capped_pretune_off,evogrow_v2_2_stage_capped_pretune_off,123,finished,finished,True,,,2026-09-04T02:41:33.980Z,0.000404159804293,,,5,,,798372,,4387.81189979,False,True,False,659,2,604e79733b22d64d,91f88c4,False,0.999561247967,"[0.9992750151513264, 0.9998474807827559]",450,798372,ffb0266c7913352c,"[[""u1"",""u2"",""u1^2""],[""u1"",""u2""]]",pretune_off,False,30,,"[5,5]","[5,5]","[""Success"",""Unstable"",""MaxIters""]","[""Failure"",""MaxLossEvals"",""Success""]",39845,40911,0,39845,1066,64,26,,cell_000659.heartbeat.jsonl,22,7,7,5,15,0.681818181818,17,0,0.01,7,15,0.681818181818,-8,-3.39344688142
660_evogrow_v2_2_stage_capped_pretune_off_47_2_7,paper1_phaseB_v1,B,,campaign_cell,,47,Binocular rivalry model (no oscillations),2,surrogate,,evogrow_v2_2_stage_capped_pretune_off,evogrow_v2_2_stage_capped_pretune_off,7,finished,finished,True,,,2026-09-04T03:42:13.852Z,0.000690558030229,,,5,,,779251,,7145.34790505,False,True,False,660,2,604e79733b22d64d,91f88c4,False,0.999394734433,"[0.9990852190353082, 0.9997042498305715]",430,779251,ffb0266c7913352c,"[[""u1"",""u2"",""u2^3""],[""u1"",""u2""]]",pretune_off,False,30,,"[5,5]","[5,5]","[""Success"",""Unstable"",""MaxIters""]","[""Success"",""MaxLossEvals"",""Failure""]",35916,38135,0,35916,2219,67,23,,cell_000660.heartbeat.jsonl,21,14,14,3,7,0.333333333333,18,0,0.01,14,7,0.333333333333,-9,-3.16079982013
661_evogrow_v2_2_stage_capped_pretune_off_48_1_42,paper1_phaseB_v1,B,,campaign_cell,,48,Bacterial respiration model for nutrients and oxygen levels,2,surrogate,,evogrow_v2_2_stage_capped_pretune_off,evogrow_v2_2_stage_capped_pretune_off,42,finished,finished,True,,,2026-09-04T03:47:08.236Z,0.0718145616533,,,5,,,2068738,,52350.3527983,False,True,False,661,1,604e79733b22d64d,91f88c4,False,0.997458850583,"[0.9956405046080622, 0.9992771965574486]",530,2068738,ffb0266c7913352c,"[[""u1"",""u2"",""u1^2"",""u2^2"",""u1*u2""],[""u1"",""u2"",""u1^2"",""u2^2"",""u1*u2"",""cos(u1)""]]",pretune_off,False,30,,"[3,5]","[3,null]","[""Success"",""Unstable"",""MaxIters""]","[""Failure"",""Success"",""MaxLossEvals""]",165462,177158,0,165462,11696,210,62,,cell_000661.heartbeat.jsonl,26,23,23,10,3,0.115384615385,16,0,0.01,23,3,0.115384615385,-4,-1.14378748606
662_evogrow_v2_2_stage_capped_pretune_off_48_1_123,paper1_phaseB_v1,B,,campaign_cell,,48,Bacterial respiration model for nutrients and oxygen levels,2,surrogate,,evogrow_v2_2_stage_capped_pretune_off,evogrow_v2_2_stage_capped_pretune_off,123,finished,finished,True,,,2026-09-04T03:55:23.375Z,0.0847415377344,,,5,,,1953451,,18299.7759019,False,True,False,662,1,604e79733b22d64d,91f88c4,False,0.997159255839,"[0.9952406626054165, 0.9990778490723172]",610,1953451,ffb0266c7913352c,"[[""u1"",""u2"",""u1^2"",""u2^2"",""u1*u2""],[""u1"",""u2"",""u1^2"",""u2^2"",""u1*u2""]]",pretune_off,False,30,,"[3,5]","[3,null]","[""Success"",""Unstable"",""MaxIters""]","[""Success"",""Failure"",""MaxLossEvals""]",166315,171424,0,166315,5109,199,60,,cell_000662.heartbeat.jsonl,30,23,23,11,7,0.233333333333,19,0,0.01,20,10,0.333333333333,0,-1.07190365948
663_evogrow_v2_2_stage_capped_pretune_off_48_1_7,paper1_phaseB_v1,B,,campaign_cell,,48,Bacterial respiration model for nutrients and oxygen levels,2,surrogate,,evogrow_v2_2_stage_capped_pretune_off,evogrow_v2_2_stage_capped_pretune_off,7,finished,finished,True,,,2026-09-04T03:58:48.300Z,0.0858404486844,,,5,,,2040318,,39888.5582544,False,True,False,663,1,604e79733b22d64d,91f88c4,False,0.997208580487,"[0.9953890706720361, 0.9990280903016784]",610,2040318,ffb0266c7913352c,"[[""u1"",""u2"",""u1^2"",""u2^2""],[""u1"",""u2"",""u1^2"",""u2^2"",""u2^3""]]",pretune_off,False,30,,"[3,5]","[3,null]","[""Success"",""Unstable"",""MaxIters""]","[""Success"",""Failure"",""MaxLossEvals""]",183020,191709,0,183020,8689,210,62,,cell_000663.heartbeat.jsonl,30,23,23,14,7,0.233333333333,16,0,0.01,23,7,0.233333333333,0,-1.066308021
664_evogrow_v2_2_stage_capped_pretune_off_48_2_42,paper1_phaseB_v1,B,,campaign_cell,,48,Bacterial respiration model for nutrients and oxygen levels,2,surrogate,,evogrow_v2_2_stage_capped_pretune_off,evogrow_v2_2_stage_capped_pretune_off,42,finished,finished,True,,,2026-09-04T05:41:59.764Z,0.0397747432749,,,5,,,2209894,,29781.7255736,False,True,False,664,2,604e79733b22d64d,91f88c4,False,0.999123309785,"[0.9986141379218741, 0.9996324816477362]",550,2209894,ffb0266c7913352c,"[[""u1"",""u2"",""u1^2"",""u1*u2"",""u1^3""],[""u1"",""u2"",""u2^2"",""u1*u2""]]",pretune_off,False,30,,"[4,5]","[4,null]","[""Success"",""Unstable"",""MaxIters""]","[""Failure"",""Success"",""MaxLossEvals""]",166327,171562,0,166327,5235,225,66,,cell_000664.heartbeat.jsonl,27,20,20,13,7,0.259259259259,14,0,0.01,20,7,0.259259259259,-3,-1.40039261482
665_evogrow_v2_2_stage_capped_pretune_off_48_2_123,paper1_phaseB_v1,B,,campaign_cell,,48,Bacterial respiration model for nutrients and oxygen levels,2,surrogate,,evogrow_v2_2_stage_capped_pretune_off,evogrow_v2_2_stage_capped_pretune_off,123,finished,finished,True,,,2026-09-04T06:06:17.949Z,0.0916761235552,,,5,,,2366785,,48437.0382036,False,True,False,665,2,604e79733b22d64d,91f88c4,False,0.996024212349,"[0.9925001865864606, 0.9995482381117968]",570,2366785,ffb0266c7913352c,"[[""u1"",""u2"",""u2^2""],[""u1"",""u2"",""u2^2"",""u1*u2""]]",pretune_off,False,30,,"[4,5]","[4,null]","[""Success"",""Unstable"",""MaxIters""]","[""Failure"",""Success"",""MaxLossEvals""]",167973,179965,0,167973,11992,219,78,,cell_000665.heartbeat.jsonl,28,17,17,7,11,0.392857142857,21,0,0.01,17,11,0.392857142857,-2,-1.03774375875
666_evogrow_v2_2_stage_capped_pretune_off_48_2_7,paper1_phaseB_v1,B,,campaign_cell,,48,Bacterial respiration model for nutrients and oxygen levels,2,surrogate,,evogrow_v2_2_stage_capped_pretune_off,evogrow_v2_2_stage_capped_pretune_off,7,finished,finished,True,,,2026-09-04T07:31:18.399Z,0.0402811357053,,,5,,,2378718,,22109.4233428,False,True,False,666,2,604e79733b22d64d,91f88c4,False,0.999110252783,"[0.9985923197294492, 0.9996281858375264]",610,2378718,ffb0266c7913352c,"[[""u1"",""u2"",""u1^2"",""u1*u2"",""u1^3""],[""u1"",""u2"",""u2^2"",""u1*u2""]]",pretune_off,False,30,,"[4,5]","[4,null]","[""Success"",""Unstable"",""MaxIters""]","[""Success"",""Failure"",""MaxLossEvals""]",187234,191978,0,187234,4744,226,78,,cell_000666.heartbeat.jsonl,30,24,24,12,6,0.2,18,0,0.01,24,6,0.2,0,-1.39489829324
667_evogrow_v2_2_stage_capped_pretune_off_49_1_42,paper1_phaseB_v1,B,,campaign_cell,,49,Brusselator: hypothetical chemical oscillation model (dimensionless),2,surrogate,,evogrow_v2_2_stage_capped_pretune_off,evogrow_v2_2_stage_capped_pretune_off,42,finished,finished,True,,,2026-09-04T07:33:40.248Z,0.000663919900039,,,5,,,2771616,,12507.2040358,False,True,False,667,1,604e79733b22d64d,91f88c4,False,0.997177289191,"[0.996046930414356, 0.9983076479679055]",570,2771616,ffb0266c7913352c,"[[""u1"",""u2"",""u1^2"",""u2^2"",""u1*u2"",""cos(u1)""],[""u1"",""u2"",""u1^2"",""u2^2"",""u1*u2""]]",pretune_off,False,30,,"[5,5]","[null,null]","[""Success"",""Unstable"",""MaxIters""]","[""Failure"",""Success"",""MaxLossEvals""]",181279,182829,0,181279,1550,242,83,,cell_000667.heartbeat.jsonl,28,25,25,13,3,0.107142857143,15,0,0.01,25,3,0.107142857143,-2,-3.17788431381
668_evogrow_v2_2_stage_capped_pretune_off_49_1_123,paper1_phaseB_v1,B,,campaign_cell,,49,Brusselator: hypothetical chemical oscillation model (dimensionless),2,surrogate,,evogrow_v2_2_stage_capped_pretune_off,evogrow_v2_2_stage_capped_pretune_off,123,finished,finished,True,,,2026-09-04T08:04:42.031Z,0.00200428675979,,,5,,,2344138,,46269.3234317,False,True,False,668,1,604e79733b22d64d,91f88c4,False,0.990580886211,"[0.9851035256496232, 0.9960582467723018]",470,2344138,ffb0266c7913352c,"[[""u1"",""u2"",""u1^2"",""u2^2"",""u1*u2"",""u1^3""],[""u1"",""u2"",""u1^2"",""u1*u2""]]",pretune_off,False,30,,"[5,5]","[null,null]","[""Success"",""Unstable"",""MaxIters""]","[""Success"",""Failure"",""MaxLossEvals""]",122918,130170,0,122918,7252,209,67,,cell_000668.heartbeat.jsonl,23,16,16,8,7,0.304347826087,15,0,0.01,16,7,0.304347826087,-7,-2.69804014244
669_evogrow_v2_2_stage_capped_pretune_off_49_1_7,paper1_phaseB_v1,B,,campaign_cell,,49,Brusselator: hypothetical chemical oscillation model (dimensionless),2,surrogate,,evogrow_v2_2_stage_capped_pretune_off,evogrow_v2_2_stage_capped_pretune_off,7,finished,finished,True,,,2026-09-04T08:13:35.520Z,0.000738140676048,,,5,,,2585728,,14499.9767861,False,True,False,669,1,604e79733b22d64d,91f88c4,False,0.996665835876,"[0.9949585051223215, 0.9983731666303712]",490,2585728,ffb0266c7913352c,"[[""u1"",""u2"",""u1^2"",""u2^2"",""u1*u2"",""cos(u2)""],[""u1"",""u2"",""u1^2"",""u2^2"",""u1*u2""]]",pretune_off,False,30,,"[5,5]","[null,null]","[""Success"",""Unstable"",""MaxIters""]","[""Success"",""Failure"",""MaxLossEvals""]",176348,177819,0,176348,1471,214,82,,cell_000669.heartbeat.jsonl,24,21,21,11,3,0.125,13,0,0.01,21,3,0.125,-6,-3.13186086174
670_evogrow_v2_2_stage_capped_pretune_off_49_2_42,paper1_phaseB_v1,B,,campaign_cell,,49,Brusselator: hypothetical chemical oscillation model (dimensionless),2,surrogate,,evogrow_v2_2_stage_capped_pretune_off,evogrow_v2_2_stage_capped_pretune_off,42,finished,finished,True,,,2026-09-04T08:15:01.017Z,5.71577834029e-05,,,5,,,2595152,,18178.2019697,False,True,False,670,2,604e79733b22d64d,91f88c4,False,0.998965553987,"[0.9995656378432494, 0.9983654701303208]",550,2595152,ffb0266c7913352c,"[[""u1"",""u2"",""u1^2"",""u1*u2""],[""u1"",""u2"",""u1^2"",""u2^2"",""u1*u2""]]",pretune_off,False,30,,"[5,5]","[5,5]","[""Success"",""Unstable"",""MaxIters""]","[""Failure"",""Success"",""MaxLossEvals""]",77313,80855,0,77313,3542,181,79,,cell_000670.heartbeat.jsonl,27,19,19,12,8,0.296296296296,14,1,0.01,19,8,0.296296296296,-3,-4.24292462163
671_evogrow_v2_2_stage_capped_pretune_off_49_2_123,paper1_phaseB_v1,B,,campaign_cell,,49,Brusselator: hypothetical chemical oscillation model (dimensionless),2,surrogate,,evogrow_v2_2_stage_capped_pretune_off,evogrow_v2_2_stage_capped_pretune_off,123,finished,finished,True,,,2026-09-04T08:52:16.382Z,0.00026564935509,,,5,,,1971204,,8488.90956531,False,True,False,671,2,604e79733b22d64d,91f88c4,False,0.993112772906,"[0.9989966625247497, 0.9872288832870167]",490,1971204,ffb0266c7913352c,"[[""u1"",""u2"",""u2^2"",""u1*u2""],[""u1"",""u2"",""u2^2"",""u1*u2""]]",pretune_off,False,30,,"[5,5]","[5,5]","[""Success"",""Unstable"",""MaxIters""]","[""Success"",""Failure"",""MaxLossEvals""]",76700,78314,0,76700,1614,138,42,,cell_000671.heartbeat.jsonl,24,14,14,9,10,0.416666666667,15,0,0.01,13,11,0.458333333333,-6,-3.57569123408
672_evogrow_v2_2_stage_capped_pretune_off_49_2_7,paper1_phaseB_v1,B,,campaign_cell,,49,Brusselator: hypothetical chemical oscillation model (dimensionless),2,surrogate,,evogrow_v2_2_stage_capped_pretune_off,evogrow_v2_2_stage_capped_pretune_off,7,finished,finished,True,,,2026-09-04T09:01:05.175Z,0.000265649356189,,,5,,,1715877,,8766.0742234,False,True,False,672,2,604e79733b22d64d,91f88c4,False,0.99311274043,"[0.9989966783649417, 0.9872288024947418]",490,1715877,ffb0266c7913352c,"[[""u1"",""u2"",""u2^2"",""u1*u2""],[""u1"",""u2"",""u2^2"",""u1*u2""]]",pretune_off,False,30,,"[5,5]","[5,5]","[""Success"",""Unstable"",""MaxIters""]","[""Success"",""Failure"",""MaxLossEvals""]",66003,67715,0,66003,1712,109,38,,cell_000672.heartbeat.jsonl,24,13,13,10,11,0.458333333333,14,0,0.01,13,11,0.458333333333,-6,-3.57569123228
673_evogrow_v2_2_stage_capped_pretune_off_50_1_42,paper1_phaseB_v1,B,,campaign_cell,,50,Chemical oscillator model by Schnackenberg 1979 (dimensionless),2,surrogate,,evogrow_v2_2_stage_capped_pretune_off,evogrow_v2_2_stage_capped_pretune_off,42,finished,finished,True,,,2026-09-04T11:02:47.518Z,0.0037337197006,,,5,,,6227872,,12052.2440443,False,True,False,673,1,604e79733b22d64d,91f88c4,False,0.995279495014,"[0.9959973360944067, 0.9945616539333778]",530,6227872,ffb0266c7913352c,"[[""u1"",""u2"",""u1^2"",""u2^2"",""u1*u2""],[""u1"",""u2"",""u1^2"",""u2^2"",""u1*u2""]]",pretune_off,False,30,,"[5,5]","[null,null]","[""Success"",""Unstable"",""MaxIters""]","[""Failure"",""Success"",""MaxLossEvals""]",270006,271151,0,270006,1145,436,265,,cell_000673.heartbeat.jsonl,26,15,15,9,11,0.423076923077,17,0,0.01,15,11,0.423076923077,-4,-2.4278582887
674_evogrow_v2_2_stage_capped_pretune_off_50_1_123,paper1_phaseB_v1,B,,campaign_cell,,50,Chemical oscillator model by Schnackenberg 1979 (dimensionless),2,surrogate,,evogrow_v2_2_stage_capped_pretune_off,evogrow_v2_2_stage_capped_pretune_off,123,finished,finished,True,,,2026-09-04T11:14:24.796Z,0.00220716327081,,,5,,,5998178,,19216.0954018,False,True,False,674,1,604e79733b22d64d,91f88c4,False,0.997248555528,"[0.9979862533688834, 0.996510857687801]",510,5998178,ffb0266c7913352c,"[[""u1"",""u2"",""u1^2"",""u2^2"",""u1*u2"",""u1^3""],[""u1"",""u2"",""u1^2"",""u2^2"",""u1*u2"",""u1^3""]]",pretune_off,False,30,,"[5,5]","[null,null]","[""Success"",""Unstable"",""MaxIters""]","[""Success"",""Failure"",""MaxLossEvals""]",258506,260100,0,258506,1594,424,248,,cell_000674.heartbeat.jsonl,25,18,18,10,7,0.28,15,0,0.01,18,7,0.28,-5,-2.65616553952
675_evogrow_v2_2_stage_capped_pretune_off_50_1_7,paper1_phaseB_v1,B,,campaign_cell,,50,Chemical oscillator model by Schnackenberg 1979 (dimensionless),2,surrogate,,evogrow_v2_2_stage_capped_pretune_off,evogrow_v2_2_stage_capped_pretune_off,7,finished,finished,True,,,2026-09-04T11:27:54.395Z,0.00279537187196,,,5,,,6236520,,21864.9081307,False,True,False,675,1,604e79733b22d64d,91f88c4,False,0.996374642275,"[0.9961802889080225, 0.9965689956414567]",530,6236520,ffb0266c7913352c,"[[""u1"",""u2"",""u1^2"",""u2^2"",""u1*u2"",""u1^3""],[""u1"",""u2"",""u1^2"",""u2^2"",""u1*u2""]]",pretune_off,False,30,,"[5,5]","[null,null]","[""Success"",""Unstable"",""MaxIters""]","[""Success"",""Failure"",""MaxLossEvals""]",282272,283821,0,282272,1549,452,254,,cell_000675.heartbeat.jsonl,26,19,19,11,7,0.269230769231,15,0,0.01,19,7,0.269230769231,-4,-2.55356040917
676_evogrow_v2_2_stage_capped_pretune_off_50_2_42,paper1_phaseB_v1,B,,campaign_cell,,50,Chemical oscillator model by Schnackenberg 1979 (dimensionless),2,surrogate,,evogrow_v2_2_stage_capped_pretune_off,evogrow_v2_2_stage_capped_pretune_off,42,finished,finished,True,,,2026-09-04T12:15:55.530Z,0.00032388163485,,,5,,,1012414,,10822.5913461,False,True,False,676,2,604e79733b22d64d,91f88c4,False,0.913735519779,"[0.9513126939476584, 0.8761583456104564]",430,1012414,ffb0266c7913352c,"[[""u1"",""u2""],[""u1"",""u2"",""u1^2""]]",pretune_off,False,30,,"[5,3]","[null,3]","[""Success"",""Unstable"",""MaxIters""]","[""Success"",""Failure"",""MaxLossEvals""]",28872,32233,0,28872,3361,44,22,,cell_000676.heartbeat.jsonl,21,6,6,4,15,0.714285714286,17,0,0.01,6,15,0.714285714286,-9,-3.48961367721
677_evogrow_v2_2_stage_capped_pretune_off_50_2_123,paper1_phaseB_v1,B,,campaign_cell,,50,Chemical oscillator model by Schnackenberg 1979 (dimensionless),2,surrogate,,evogrow_v2_2_stage_capped_pretune_off,evogrow_v2_2_stage_capped_pretune_off,123,finished,finished,True,,,2026-09-04T12:30:51.741Z,0.000323881634853,,,5,,,985438,,5705.44981796,False,True,False,677,2,604e79733b22d64d,91f88c4,False,0.913735534888,"[0.9513129656710478, 0.8761581041054064]",430,985438,ffb0266c7913352c,"[[""u1"",""u2""],[""u1"",""u2"",""u1^2""]]",pretune_off,False,30,,"[5,3]","[null,3]","[""Success"",""Unstable"",""MaxIters""]","[""Failure"",""Success"",""MaxLossEvals""]",34509,36161,0,34509,1652,43,20,,cell_000677.heartbeat.jsonl,21,6,6,5,15,0.714285714286,16,0,0.01,6,15,0.714285714286,-9,-3.48961367721
678_evogrow_v2_2_stage_capped_pretune_off_50_2_7,paper1_phaseB_v1,B,,campaign_cell,,50,Chemical oscillator model by Schnackenberg 1979 (dimensionless),2,surrogate,,evogrow_v2_2_stage_capped_pretune_off,evogrow_v2_2_stage_capped_pretune_off,7,finished,finished,True,,,2026-09-04T12:31:56.673Z,0.000323881634851,,,5,,,948768,,9182.57358923,False,True,False,678,2,604e79733b22d64d,91f88c4,False,0.913735517687,"[0.9513126563344886, 0.8761583790399352]",430,948768,ffb0266c7913352c,"[[""u1"",""u2""],[""u1"",""u2"",""u1^2""]]",pretune_off,False,30,,"[5,3]","[null,3]","[""Success"",""Unstable"",""MaxIters""]","[""Success"",""Failure"",""MaxLossEvals""]",35294,37934,0,35294,2640,36,22,,cell_000678.heartbeat.jsonl,21,6,6,4,15,0.714285714286,17,0,0.01,6,15,0.714285714286,-9,-3.48961367721
679_evogrow_v2_2_stage_capped_pretune_off_51_1_42,paper1_phaseB_v1,B,,campaign_cell,,51,Oscillator death model by Ermentrout and Kopell 1990,2,surrogate,,evogrow_v2_2_stage_capped_pretune_off,evogrow_v2_2_stage_capped_pretune_off,42,finished,finished,True,,,2026-09-04T13:18:38.045Z,0.0126702466359,,,5,,,2957742,,54398.548806,False,True,False,679,1,604e79733b22d64d,91f88c4,False,0.999090103729,"[0.9990797334545246, 0.9991004740027039]",470,2957742,ffb0266c7913352c,"[[""u1"",""u2"",""u2^2""],[""u1"",""u2"",""u1^2"",""u2^2"",""u1*u2"",""cos(u1)""]]",pretune_off,False,30,,"[5,5]","[null,null]","[""Success"",""Unstable"",""MaxIters""]","[""Success"",""Failure"",""MaxLossEvals""]",145818,154180,0,145818,8362,301,74,,cell_000679.heartbeat.jsonl,23,20,20,11,3,0.130434782609,12,0,0.01,20,3,0.130434782609,-7,-1.89721493116
680_evogrow_v2_2_stage_capped_pretune_off_51_1_123,paper1_phaseB_v1,B,,campaign_cell,,51,Oscillator death model by Ermentrout and Kopell 1990,2,surrogate,,evogrow_v2_2_stage_capped_pretune_off,evogrow_v2_2_stage_capped_pretune_off,123,finished,finished,True,,,2026-09-04T13:40:28.074Z,0.0126755148902,,,5,,,3371573,,109456.694894,False,True,False,680,1,604e79733b22d64d,91f88c4,False,0.999092328382,"[0.9990744377913735, 0.9991102189733191]",530,3371573,ffb0266c7913352c,"[[""u1"",""u2"",""u2^2""],[""u1"",""u2"",""u1^2"",""u2^2"",""u1*u2"",""u1^3""]]",pretune_off,False,30,,"[5,5]","[null,null]","[""Success"",""Unstable"",""MaxIters""]","[""Success"",""Failure"",""MaxLossEvals""]",139389,157775,0,139389,18386,323,93,,cell_000680.heartbeat.jsonl,26,19,19,10,7,0.269230769231,16,0,0.01,19,7,0.269230769231,-4,-1.89703439022
681_evogrow_v2_2_stage_capped_pretune_off_51_1_7,paper1_phaseB_v1,B,,campaign_cell,,51,Oscillator death model by Ermentrout and Kopell 1990,2,surrogate,,evogrow_v2_2_stage_capped_pretune_off,evogrow_v2_2_stage_capped_pretune_off,7,finished,finished,True,,,2026-09-04T13:59:09.210Z,0.0128586408174,,,5,,,3058221,,42472.4789836,False,True,False,681,1,604e79733b22d64d,91f88c4,False,0.999069964225,"[0.9990785265122153, 0.9990614019372527]",490,3058221,ffb0266c7913352c,"[[""u1"",""u2"",""u2^2""],[""u1"",""u2"",""u1^2"",""u2^2"",""u1*u2"",""u1^3""]]",pretune_off,False,30,,"[5,5]","[null,null]","[""Success"",""Unstable"",""MaxIters""]","[""Failure"",""Success"",""MaxLossEvals""]",154885,162833,0,154885,7948,308,76,,cell_000681.heartbeat.jsonl,24,17,17,10,7,0.291666666667,14,0,0.01,17,7,0.291666666667,-6,-1.89080493473
682_evogrow_v2_2_stage_capped_pretune_off_51_2_42,paper1_phaseB_v1,B,,campaign_cell,,51,Oscillator death model by Ermentrout and Kopell 1990,2,surrogate,,evogrow_v2_2_stage_capped_pretune_off,evogrow_v2_2_stage_capped_pretune_off,42,finished,finished,True,,,2026-09-04T14:06:46.643Z,0.0697314874373,,,5,,,5879980,,6682.65001088,False,True,False,682,2,604e79733b22d64d,91f88c4,False,0.983847868052,"[0.9958811426168436, 0.9718145934880879]",570,5879980,ffb0266c7913352c,"[[""u1"",""u2"",""sin(u1)"",""sin(u2)""],[""u1"",""u2""]]",pretune_off,False,30,,"[5,1]","[null,1]","[""Success"",""Unstable"",""MaxIters""]","[""Success"",""Failure"",""MaxLossEvals""]",43294,45177,0,43294,1883,456,207,,cell_000682.heartbeat.jsonl,28,25,25,9,3,0.107142857143,19,0,0.01,25,3,0.107142857143,-2,-1.15657107079
683_evogrow_v2_2_stage_capped_pretune_off_51_2_123,paper1_phaseB_v1,B,,campaign_cell,,51,Oscillator death model by Ermentrout and Kopell 1990,2,surrogate,,evogrow_v2_2_stage_capped_pretune_off,evogrow_v2_2_stage_capped_pretune_off,123,finished,finished,True,,,2026-09-04T14:24:28.926Z,0.0685822249137,,,5,,,5596473,,9138.46435282,False,True,False,683,2,604e79733b22d64d,91f88c4,False,0.98417738431,"[0.9958801351483628, 0.9724746334723408]",530,5596473,ffb0266c7913352c,"[[""u1"",""u2"",""sin(u1)"",""cos(u1)"",""sin(u2)"",""cos(u2)""],[""u1"",""u2""]]",pretune_off,False,30,,"[5,1]","[null,1]","[""Success"",""Unstable"",""MaxIters""]","[""Failure"",""Success"",""MaxLossEvals""]",52747,55750,0,52747,3003,431,204,,cell_000683.heartbeat.jsonl,26,23,23,7,3,0.115384615385,18,1,0.01,23,3,0.115384615385,-4,-1.16378842981
684_evogrow_v2_2_stage_capped_pretune_off_51_2_7,paper1_phaseB_v1,B,,campaign_cell,,51,Oscillator death model by Ermentrout and Kopell 1990,2,surrogate,,evogrow_v2_2_stage_capped_pretune_off,evogrow_v2_2_stage_capped_pretune_off,7,finished,finished,True,,,2026-09-04T15:04:17.105Z,0.0800812638364,,,5,,,4311773,,5442.13344147,False,True,False,684,2,604e79733b22d64d,91f88c4,False,0.983268182891,"[0.9932918587524177, 0.973244507030408]",430,4311773,ffb0266c7913352c,"[[""u1"",""u2"",""sin(u1)""],[""u1"",""u2""]]",pretune_off,False,30,,"[5,1]","[null,1]","[""Success"",""Unstable"",""MaxIters""]","[""Failure"",""Success"",""MaxLossEvals""]",41867,43792,0,41867,1925,358,152,,cell_000684.heartbeat.jsonl,21,18,18,4,3,0.142857142857,17,0,0.01,18,3,0.142857142857,-9,-1.09646908147
685_evogrow_v2_2_stage_capped_pretune_off_52_1_42,paper1_phaseB_v1,B,,campaign_cell,,52,Maxwell-Bloch equations (laser dynamics),3,surrogate,,evogrow_v2_2_stage_capped_pretune_off,evogrow_v2_2_stage_capped_pretune_off,42,finished,finished,True,,,2026-08-24T08:21:43.178Z,0.00100564678353,,,5,,,2324403,,16997.8234445,False,True,False,685,1,604e79733b22d64d,91f88c4,False,0.860197074685,"[0.9436216189653136, 0.6433921100475606, 0.9935774950411657]",450,2324403,ffb0266c7913352c,"[[""u2""],[""u1"",""u2"",""sin(u3)""],[""u1"",""u2""]]",pretune_off,False,30,,"[5,5,5]","[null,null,null]","[""Success"",""Unstable"",""MaxIters""]","[""Success"",""Failure"",""MaxLossEvals""]",30320,34563,0,30320,4243,218,42,,cell_000685.heartbeat.jsonl,22,21,21,4,1,0.0454545454545,18,0,0.01,21,1,0.0454545454545,-8,-2.99755453111
686_evogrow_v2_2_stage_capped_pretune_off_52_1_123,paper1_phaseB_v1,B,,campaign_cell,,52,Maxwell-Bloch equations (laser dynamics),3,surrogate,,evogrow_v2_2_stage_capped_pretune_off,evogrow_v2_2_stage_capped_pretune_off,123,finished,finished,True,,,2026-08-24T13:05:43.664Z,0.000349451767195,,,5,,,2420158,,13808.946018,False,True,False,686,1,604e79733b22d64d,91f88c4,False,0.984059970589,"[0.988848273979622, 0.9823172390298656, 0.9810143987574361]",450,2420158,ffb0266c7913352c,"[[""u1""],[""u2"",""u3""],[""u1"",""u2"",""u2^2""]]",pretune_off,False,30,,"[5,5,5]","[null,null,null]","[""Success"",""Unstable"",""MaxIters""]","[""Success"",""MaxLossEvals"",""Failure""]",28978,32684,0,28978,3589,238,50,,cell_000686.heartbeat.jsonl,22,9,9,4,13,0.590909090909,18,0,0.01,9,13,0.590909090909,-8,-3.45661275894
687_evogrow_v2_2_stage_capped_pretune_off_52_1_7,paper1_phaseB_v1,B,,campaign_cell,,52,Maxwell-Bloch equations (laser dynamics),3,surrogate,,evogrow_v2_2_stage_capped_pretune_off,evogrow_v2_2_stage_capped_pretune_off,7,finished,finished,True,,,2026-08-24T14:30:26.015Z,0.000418305172443,,,5,,,2126812,,15939.3068352,False,True,False,687,1,604e79733b22d64d,91f88c4,False,0.964769241138,"[0.9261501657169019, 0.9829322700434802, 0.9852252876540973]",470,2126812,ffb0266c7913352c,"[[""u3""],[""u2"",""u3""],[""u1"",""u2"",""sin(u2)""]]",pretune_off,False,30,,"[5,5,5]","[null,null,null]","[""Success"",""Unstable"",""MaxIters""]","[""Success"",""Failure"",""MaxLossEvals""]",39698,43625,0,39698,3927,196,26,,cell_000687.heartbeat.jsonl,23,20,20,5,3,0.130434782609,18,0,0.01,20,3,0.130434782609,-7,-3.37850676523
688_evogrow_v2_2_stage_capped_pretune_off_52_2_42,paper1_phaseB_v1,B,,campaign_cell,,52,Maxwell-Bloch equations (laser dynamics),3,surrogate,,evogrow_v2_2_stage_capped_pretune_off,evogrow_v2_2_stage_capped_pretune_off,42,finished,finished,True,,,2026-08-24T15:17:52.332Z,0.000645877710603,,,5,,,1814408,,4536.65272657,False,True,False,688,2,604e79733b22d64d,91f88c4,False,0.608823288429,"[0.018956449058396663, 0.9651800877810854, 0.842333328447436]",430,1814408,ffb0266c7913352c,"[[""u2""],[""u2"",""u1^2""],[""u1"",""u2""]]",pretune_off,False,30,,"[5,5,5]","[null,null,null]","[""Success"",""Unstable"",""MaxIters""]","[""Success"",""Failure"",""MaxLossEvals""]",18411,19568,0,18411,1157,165,27,,cell_000688.heartbeat.jsonl,21,7,7,4,14,0.666666666667,17,0,0.01,7,14,0.666666666667,-9,-3.18984970281
689_evogrow_v2_2_stage_capped_pretune_off_52_2_123,paper1_phaseB_v1,B,,campaign_cell,,52,Maxwell-Bloch equations (laser dynamics),3,surrogate,,evogrow_v2_2_stage_capped_pretune_off,evogrow_v2_2_stage_capped_pretune_off,123,finished,finished,True,,,2026-08-24T16:34:11.636Z,0.000628054528234,,,5,,,1417624,,6239.42766649,False,True,False,689,2,604e79733b22d64d,91f88c4,False,0.521540223476,"[-0.27568140298322663, 0.9634495722928202, 0.8768525011179871]",430,1417624,ffb0266c7913352c,"[[""u1""],[""u2"",""u3""],[""u1"",""u2""]]",pretune_off,False,30,,"[5,5,5]","[null,null,null]","[""Success"",""Unstable"",""MaxIters""]","[""Success"",""Failure"",""MaxLossEvals""]",23834,25440,0,23834,1606,96,24,,cell_000689.heartbeat.jsonl,21,3,3,3,18,0.857142857143,18,0,0.01,2,19,0.904761904762,-9,-3.20200264881
690_evogrow_v2_2_stage_capped_pretune_off_52_2_7,paper1_phaseB_v1,B,,campaign_cell,,52,Maxwell-Bloch equations (laser dynamics),3,surrogate,,evogrow_v2_2_stage_capped_pretune_off,evogrow_v2_2_stage_capped_pretune_off,7,finished,finished,True,,,2026-08-24T16:56:34.201Z,0.00104631071434,,,5,,,1169800,,3997.25735942,False,True,False,690,2,604e79733b22d64d,91f88c4,False,0.380539910097,"[-0.5211024367705044, 0.9983974928910663, 0.6643246741695052]",430,1169800,ffb0266c7913352c,"[[""u3""],[""u2"",""u3^2""],[""u1"",""u3""]]",pretune_off,False,30,,"[5,5,5]","[null,null,null]","[""Success"",""Unstable"",""MaxIters""]","[""Success"",""Failure"",""MaxLossEvals""]",15255,16454,0,15255,1167,57,27,,cell_000690.heartbeat.jsonl,21,8,8,4,13,0.619047619048,17,0,0.01,8,13,0.619047619048,-9,-2.98033932743
691_evogrow_v2_2_stage_capped_pretune_off_53_1_42,paper1_phaseB_v1,B,,campaign_cell,,53,Model for apoptosis (cell death),3,surrogate,,evogrow_v2_2_stage_capped_pretune_off,evogrow_v2_2_stage_capped_pretune_off,42,finished,finished,True,,,2026-08-24T18:03:51.099Z,0.000388113090532,,,5,,,2672098,,25512.5540108,False,True,False,691,1,604e79733b22d64d,91f88c4,False,0.529411179741,"[-0.4092116188688282, 0.9987278459181972, 0.9987173121730122]",490,2672098,ffb0266c7913352c,"[[""u1"",""u2"",""u3""],[""u1"",""u3""],[""u1""]]",pretune_off,False,30,,"[5,5,5]","[null,null,null]","[""Success"",""MaxIters"",""Unstable""]","[""Success"",""Failure"",""MaxLossEvals""]",49809,56191,0,49809,6382,144,58,,cell_000691.heartbeat.jsonl,24,7,7,6,17,0.708333333333,18,0,0.01,5,19,0.791666666667,-6,-3.41104170884
692_evogrow_v2_2_stage_capped_pretune_off_53_1_123,paper1_phaseB_v1,B,,campaign_cell,,53,Model for apoptosis (cell death),3,surrogate,,evogrow_v2_2_stage_capped_pretune_off,evogrow_v2_2_stage_capped_pretune_off,123,finished,finished,True,,,2026-08-24T18:18:54.215Z,0.000384564728242,,,5,,,2716773,,34504.4451791,False,True,False,692,1,604e79733b22d64d,91f88c4,False,0.527343040988,"[-0.41544716390042047, 0.9987746521683859, 0.9987016346961638]",510,2716773,ffb0266c7913352c,"[[""u1"",""u2"",""u3""],[""u1"",""u3""],[""u1"",""u2""]]",pretune_off,False,30,,"[5,5,5]","[null,null,null]","[""Success"",""Unstable"",""MaxIters""]","[""Failure"",""Success"",""MaxLossEvals""]",37742,45723,0,37742,7981,172,43,,cell_000692.heartbeat.jsonl,25,6,6,4,19,0.76,21,0,0.01,6,19,0.76,-5,-3.41503055118
693_evogrow_v2_2_stage_capped_pretune_off_53_1_7,paper1_phaseB_v1,B,,campaign_cell,,53,Model for apoptosis (cell death),3,surrogate,,evogrow_v2_2_stage_capped_pretune_off,evogrow_v2_2_stage_capped_pretune_off,7,finished,finished,True,,,2026-08-24T18:56:49.702Z,0.000101813881143,,,5,,,2108209,,15206.0652935,False,True,False,693,1,604e79733b22d64d,91f88c4,False,0.475992154451,"[-0.571841930192382, 0.9999091967727258, 0.9999091967727258]",490,2108209,ffb0266c7913352c,"[[""u1"",""u2"",""u3"",""u2^3""],[""u1""],[""u1""]]",pretune_off,False,30,,"[5,5,5]","[null,null,null]","[""Success"",""MaxIters"",""Unstable""]","[""Success"",""Failure"",""MaxLossEvals""]",51675,55783,0,51675,4108,120,41,,cell_000693.heartbeat.jsonl,24,18,18,5,6,0.25,19,0,0.01,18,6,0.25,-6,-3.99219300694
694_evogrow_v2_2_stage_capped_pretune_off_53_2_42,paper1_phaseB_v1,B,,campaign_cell,,53,Model for apoptosis (cell death),3,surrogate,,evogrow_v2_2_stage_capped_pretune_off,evogrow_v2_2_stage_capped_pretune_off,42,finished,finished,True,,,2026-08-24T21:19:03.518Z,3.75486604083e-05,,,5,,,479339,,696.814623835,False,True,False,694,2,604e79733b22d64d,91f88c4,False,0.993578137548,"[0.9972241686274659, 0.9901786650528815, 0.9933315789632549]",430,479339,ffb0266c7913352c,"[[""u2"",""u3""],[""u2""],[""u2""]]",pretune_off,False,30,,"[5,5,5]","[null,null,null]","[""Success"",""Unstable"",""MaxIters""]","[""Success"",""Failure""]",1846,2098,0,1846,245,19,0,,cell_000694.heartbeat.jsonl,21,4,4,3,17,0.809523809524,18,0,0.01,2,19,0.904761904762,-9,-4.42540555234
695_evogrow_v2_2_stage_capped_pretune_off_53_2_123,paper1_phaseB_v1,B,,campaign_cell,,53,Model for apoptosis (cell death),3,surrogate,,evogrow_v2_2_stage_capped_pretune_off,evogrow_v2_2_stage_capped_pretune_off,123,finished,finished,True,,,2026-08-24T21:31:20.131Z,1.87031396153e-05,,,5,,,1013364,,2129.96357819,False,True,False,695,2,604e79733b22d64d,91f88c4,False,0.967062060305,"[0.9990717448718484, 0.9409627350233625, 0.961151701018628]",430,1013364,ffb0266c7913352c,"[[""u1"",""u3""],[""u2""],[""u2""]]",pretune_off,False,30,,"[5,5,5]","[null,null,null]","[""Success"",""Unstable"",""MaxIters""]","[""Failure"",""Success"",""MaxLossEvals""]",1750,2396,0,1750,638,35,19,,cell_000695.heartbeat.jsonl,21,2,2,2,19,0.904761904762,19,0,0.01,2,19,0.904761904762,-9,-4.7280854842
696_evogrow_v2_2_stage_capped_pretune_off_53_2_7,paper1_phaseB_v1,B,,campaign_cell,,53,Model for apoptosis (cell death),3,surrogate,,evogrow_v2_2_stage_capped_pretune_off,evogrow_v2_2_stage_capped_pretune_off,7,finished,finished,True,,,2026-08-24T22:07:30.619Z,8.54421202657e-05,,,5,,,1118527,,2288.868978,False,True,False,696,2,604e79733b22d64d,91f88c4,False,0.726330762116,"[0.9976418165188814, 0.9340886386675069, 0.2472618311623661]",410,1118527,ffb0266c7913352c,"[[""u3""],[""u2""],[""u2"",""u3""]]",pretune_off,False,30,,"[5,5,5]","[null,null,null]","[""Success"",""Unstable"",""MaxIters""]","[""Success"",""Failure"",""MaxLossEvals""]",5505,6283,0,5505,666,46,21,,cell_000696.heartbeat.jsonl,20,1,1,1,19,0.95,19,0,0.01,1,19,0.95,-10,-4.06832798307
697_evogrow_v2_2_stage_capped_pretune_off_54_1_42,paper1_phaseB_v1,B,,campaign_cell,,54,Lorenz equations in well-behaved periodic regime,3,exact,3,evogrow_v2_2_stage_capped_pretune_off,evogrow_v2_2_stage_capped_pretune_off,42,finished,finished,True,,,2026-08-24T22:46:20.436Z,0.0145809819088,,False,5,2,8,3767232,,263257.004149,False,True,False,697,1,604e79733b22d64d,91f88c4,False,0.977282185509,"[0.9537898964718149, 0.9907892661260115, 0.9872673939280653]",610,3767232,ffb0266c7913352c,"[[""u1"",""u2"",""u3"",""u1^3""],[""u1"",""u2"",""u3"",""u2^2"",""u3^2"",""u1*u2""],[""u1"",""u2"",""u3""]]",pretune_off,False,30,"[2,0,0]","[5,3,3]","[null,3,3]","[""Success"",""Unstable"",""MaxIters""]","[""Failure"",""Success"",""MaxLossEvals""]",152435,188547,0,152435,36112,296,107,0,cell_000697.heartbeat.jsonl,30,23,23,11,7,0.233333333333,19,0,0.01,23,7,0.233333333333,0,-1.83621322888
698_evogrow_v2_2_stage_capped_pretune_off_54_1_123,paper1_phaseB_v1,B,,campaign_cell,,54,Lorenz equations in well-behaved periodic regime,3,exact,3,evogrow_v2_2_stage_capped_pretune_off,evogrow_v2_2_stage_capped_pretune_off,123,finished,finished,True,,,2026-08-24T23:10:58.002Z,0.00469186685783,,False,5,2,8,3621712,,303068.373446,False,True,False,698,1,604e79733b22d64d,91f88c4,False,0.994917999683,"[0.9953208406647459, 0.9952182686537228, 0.9942148897307094]",610,3621712,ffb0266c7913352c,"[[""u1"",""u2"",""u3""],[""u1"",""u2"",""u3"",""u3^2"",""u1*u3""],[""u1"",""u2"",""u3"",""u1*u3""]]",pretune_off,False,30,"[2,0,0]","[5,3,3]","[null,3,3]","[""Success"",""Unstable"",""MaxIters""]","[""Failure"",""Success"",""MaxLossEvals""]",180822,222079,0,180822,41257,293,99,0,cell_000698.heartbeat.jsonl,30,30,30,13,0,0,17,0,0.01,30,0,0,0,-2.32865432045
699_evogrow_v2_2_stage_capped_pretune_off_54_1_7,paper1_phaseB_v1,B,,campaign_cell,,54,Lorenz equations in well-behaved periodic regime,3,exact,3,evogrow_v2_2_stage_capped_pretune_off,evogrow_v2_2_stage_capped_pretune_off,7,finished,finished,True,,,2026-08-25T00:09:10.166Z,0.00359883042009,,False,5,2,6,3271314,,194313.08624,False,True,False,699,1,604e79733b22d64d,91f88c4,False,0.995482427804,"[0.9957475704171259, 0.9925688443127115, 0.9981308686808925]",610,3271314,ffb0266c7913352c,"[[""u1"",""u2"",""u3""],[""u1"",""u2"",""u3"",""u3^2""],[""u1"",""u2"",""u3"",""u1*u2""]]",pretune_off,False,30,"[2,0,0]","[5,3,3]","[null,3,3]","[""Success"",""Unstable"",""MaxIters""]","[""Success"",""Failure"",""MaxLossEvals""]",182891,208228,0,182891,25337,267,87,0,cell_000699.heartbeat.jsonl,30,21,21,12,9,0.3,18,0,0.01,21,9,0.3,0,-2.44383861719
700_evogrow_v2_2_stage_capped_pretune_off_54_2_42,paper1_phaseB_v1,B,,campaign_cell,,54,Lorenz equations in well-behaved periodic regime,3,exact,3,evogrow_v2_2_stage_capped_pretune_off,evogrow_v2_2_stage_capped_pretune_off,42,finished,finished,True,,,2026-08-25T00:16:17.955Z,1.82056551766,,False,5,2,11,2301384,,131289.176541,False,True,False,700,2,604e79733b22d64d,91f88c4,False,0.760819481652,"[0.6484593832061578, 0.6557456453928583, 0.9782534163581942]",550,2301384,ffb0266c7913352c,"[[""u2"",""u3"",""u1^2"",""u2^2""],[""u1"",""u2"",""u3"",""u2*u3""],[""u1"",""u2"",""u1^2"",""u1*u3""]]",pretune_off,False,30,"[2,0,0]","[5,3,3]","[null,3,3]","[""Success"",""MaxIters"",""Unstable""]","[""Success"",""Failure"",""MaxLossEvals""]",148015,169384,0,148015,21369,167,73,0,cell_000700.heartbeat.jsonl,27,24,24,9,3,0.111111111111,18,0,0.01,24,3,0.111111111111,-3,0.260206312737
701_evogrow_v2_2_stage_capped_pretune_off_54_2_123,paper1_phaseB_v1,B,,campaign_cell,,54,Lorenz equations in well-behaved periodic regime,3,exact,3,evogrow_v2_2_stage_capped_pretune_off,evogrow_v2_2_stage_capped_pretune_off,123,finished,finished,True,,,2026-08-25T01:09:44.068Z,1.4126574332,,False,4,1,7,2205140,,96158.6271313,False,True,False,701,2,604e79733b22d64d,91f88c4,False,0.842663328127,"[0.8742140262066272, 0.6860539821270747, 0.9677219760474818]",610,2205140,ffb0266c7913352c,"[[""u1"",""u2"",""u3""],[""u1"",""u2"",""u3"",""u2*u3""],[""u1"",""u2"",""u2^2"",""u3^2"",""u2*u3""]]",pretune_off,False,30,"[1,0,0]","[4,3,3]","[null,3,3]","[""Success"",""Unstable"",""MaxIters""]","[""Success"",""Failure"",""MaxLossEvals""]",122037,136734,0,122037,14697,161,65,0,cell_000701.heartbeat.jsonl,30,30,30,11,0,0,19,0,0.01,30,0,0,0,0.15003685901
702_evogrow_v2_2_stage_capped_pretune_off_54_2_7,paper1_phaseB_v1,B,,campaign_cell,,54,Lorenz equations in well-behaved periodic regime,3,exact,3,evogrow_v2_2_stage_capped_pretune_off,evogrow_v2_2_stage_capped_pretune_off,7,finished,finished,True,,,2026-08-25T03:54:39.225Z,2.03212701342,,False,5,2,8,2455550,,249480.113984,False,True,False,702,2,604e79733b22d64d,91f88c4,False,0.713604647063,"[0.4728989948979515, 0.6990580727731831, 0.9688568735182453]",610,2455550,ffb0266c7913352c,"[[""u1"",""u2"",""u3"",""u1^2""],[""u1"",""u3"",""u1*u2"",""u2*u3""],[""u1"",""u2"",""u3"",""u1*u2"",""u1*u3""]]",pretune_off,False,30,"[2,0,0]","[5,3,3]","[null,3,3]","[""Success"",""MaxIters"",""Unstable""]","[""Success"",""Failure"",""MaxLossEvals""]",178571,218644,0,178571,40073,177,78,0,cell_000702.heartbeat.jsonl,30,27,27,10,3,0.1,20,0,0.01,27,3,0.1,0,0.307950849037
703_evogrow_v2_2_stage_capped_pretune_off_55_1_42,paper1_phaseB_v1,B,,campaign_cell,,55,Lorenz equations in complex periodic regime,3,exact,3,evogrow_v2_2_stage_capped_pretune_off,evogrow_v2_2_stage_capped_pretune_off,42,finished,finished,True,,,2026-08-25T06:05:39.744Z,359.383164957,,False,3,0,0,3738149,,359418.437176,False,True,False,703,1,604e79733b22d64d,91f88c4,False,0.137178924194,"[-0.01991727139092192, 0.09875512509615858, 0.3326989188766384]",610,3738149,ffb0266c7913352c,"[[""u1"",""u2"",""u3"",""u2*u3""],[""u1"",""u2"",""u3"",""u1*u3""],[""u1"",""u2"",""u3"",""u1^2"",""u2^2"",""u2*u3""]]",pretune_off,False,30,"[0,0,0]","[3,3,3]","[null,3,3]","[""Success"",""Unstable"",""MaxIters""]","[""Success"",""Failure"",""MaxLossEvals""]",213966,260226,0,213966,46260,316,62,0,cell_000703.heartbeat.jsonl,30,29,29,13,1,0.0333333333333,17,0,0.01,29,1,0.0333333333333,0,2.55555772904
704_evogrow_v2_2_stage_capped_pretune_off_55_1_123,paper1_phaseB_v1,B,,campaign_cell,,55,Lorenz equations in complex periodic regime,3,exact,3,evogrow_v2_2_stage_capped_pretune_off,evogrow_v2_2_stage_capped_pretune_off,123,finished,finished,True,,,2026-08-25T10:19:39.834Z,336.738280775,,False,4,1,6,3815046,,668352.608458,False,True,False,704,1,604e79733b22d64d,91f88c4,False,0.193484019748,"[0.0567827342665046, 0.20167322432852963, 0.32199610064878925]",610,3815046,ffb0266c7913352c,"[[""u1"",""u2"",""u3"",""u1*u2""],[""u1"",""u2"",""u3"",""u1*u2"",""u1*u3"",""u2*u3""],[""u1"",""u2"",""u2^2"",""u1*u3"",""u2*u3""]]",pretune_off,False,30,"[1,0,0]","[4,3,3]","[null,3,3]","[""Success"",""Unstable"",""MaxIters""]","[""Failure"",""Success"",""MaxLossEvals""]",245499,339798,0,245499,94299,303,78,0,cell_000704.heartbeat.jsonl,30,27,27,12,3,0.1,18,0,0.01,27,3,0.1,0,2.52729249027
705_evogrow_v2_2_stage_capped_pretune_off_55_1_7,paper1_phaseB_v1,B,,campaign_cell,,55,Lorenz equations in complex periodic regime,3,exact,3,evogrow_v2_2_stage_capped_pretune_off,evogrow_v2_2_stage_capped_pretune_off,7,finished,finished,True,,,2026-08-25T21:58:58.574Z,392.510400168,,False,5,2,8,2707711,,165983.334359,False,True,False,705,1,604e79733b22d64d,91f88c4,False,0.0846630946672,"[0.028708978442230748, -0.0923457402354082, 0.31762604579487874]",510,2707711,ffb0266c7913352c,"[[""u1"",""u2"",""u3"",""u2*u3""],[""u1"",""u2""],[""u1"",""u2"",""u3"",""u1^2"",""u2^2"",""u3^2""]]",pretune_off,False,30,"[2,0,0]","[5,3,3]","[null,3,3]","[""Success"",""MaxIters"",""Unstable""]","[""Failure"",""Success"",""MaxLossEvals""]",181998,205385,0,181998,23387,241,46,0,cell_000705.heartbeat.jsonl,25,14,14,8,11,0.44,17,0,0.01,14,11,0.44,-5,2.59385116854
706_evogrow_v2_2_stage_capped_pretune_off_55_2_42,paper1_phaseB_v1,B,,campaign_cell,,55,Lorenz equations in complex periodic regime,3,exact,3,evogrow_v2_2_stage_capped_pretune_off,evogrow_v2_2_stage_capped_pretune_off,42,finished,finished,True,,,2026-08-26T03:53:04.844Z,370.8082123,,False,4,1,1,3430614,,262000.057632,False,True,False,706,2,604e79733b22d64d,91f88c4,False,0.109611539016,"[0.0005230893505817624, 0.04595832386445409, 0.28235320383209617]",610,3430614,ffb0266c7913352c,"[[""u1"",""u2"",""u3""],[""u1"",""u2"",""u3"",""u1*u3"",""u2*u3""],[""u1"",""u2"",""u3"",""u2^2"",""u3^2"",""u2*u3""]]",pretune_off,False,30,"[1,1,0]","[4,4,3]","[null,4,3]","[""Success"",""Unstable"",""MaxIters""]","[""Success"",""Failure"",""MaxLossEvals""]",171013,212307,0,171013,41294,272,70,0,cell_000706.heartbeat.jsonl,30,26,26,13,4,0.133333333333,17,0,0.01,26,4,0.133333333333,0,2.56914934391
707_evogrow_v2_2_stage_capped_pretune_off_55_2_123,paper1_phaseB_v1,B,,campaign_cell,,55,Lorenz equations in complex periodic regime,3,exact,3,evogrow_v2_2_stage_capped_pretune_off,evogrow_v2_2_stage_capped_pretune_off,123,finished,finished,True,,,2026-08-26T10:56:24.409Z,399.919440221,,False,5,2,5,3065614,,172887.980128,False,True,False,707,2,604e79733b22d64d,91f88c4,False,0.0592960090824,"[0.0568110768485407, 0.027894286017501324, 0.09318266438101452]",610,3065614,ffb0266c7913352c,"[[""u1"",""u2"",""u3"",""u1*u2""],[""u1"",""u2"",""u3""],[""u1"",""u2"",""u3"",""u1^2"",""u2^2"",""u3^2""]]",pretune_off,False,30,"[2,1,0]","[5,4,3]","[null,4,3]","[""Success"",""Unstable"",""MaxIters""]","[""Failure"",""Success"",""MaxLossEvals""]",118908,146145,0,118908,27237,274,44,0,cell_000707.heartbeat.jsonl,30,22,22,14,8,0.266666666667,16,0,0.01,22,8,0.266666666667,0,2.60197251585
708_evogrow_v2_2_stage_capped_pretune_off_55_2_7,paper1_phaseB_v1,B,,campaign_cell,,55,Lorenz equations in complex periodic regime,3,exact,3,evogrow_v2_2_stage_capped_pretune_off,evogrow_v2_2_stage_capped_pretune_off,7,finished,finished,True,,,2026-08-26T12:45:09.394Z,397.554608744,,False,5,2,8,3218811,,393971.619007,False,True,False,708,2,604e79733b22d64d,91f88c4,False,0.0688020522644,"[0.10994226314812128, 0.12420942778472455, -0.027745534139701933]",550,3218811,ffb0266c7913352c,"[[""u1"",""u2"",""u3"",""u3^2""],[""u1"",""u3""],[""u1"",""u2"",""u3""]]",pretune_off,False,30,"[2,1,0]","[5,4,3]","[null,4,3]","[""Success"",""Unstable"",""MaxIters""]","[""Success"",""Failure"",""MaxLossEvals""]",179136,240348,0,179136,61212,265,82,0,cell_000708.heartbeat.jsonl,27,12,12,8,15,0.555555555556,19,0,0.01,12,15,0.555555555556,-3,2.59939679248
709_evogrow_v2_2_stage_capped_pretune_off_56_1_42,paper1_phaseB_v1,B,,campaign_cell,,56,Lorenz equations standard parameters (chaotic),3,exact,3,evogrow_v2_2_stage_capped_pretune_off,evogrow_v2_2_stage_capped_pretune_off,42,finished,finished,True,,,2026-08-26T13:54:40.543Z,53.5871544024,,False,4,1,5,3773031,,180462.125536,False,True,False,709,1,604e79733b22d64d,91f88c4,False,0.243559592725,"[0.06739188931054951, 0.06636171796984291, 0.5969251708945169]",610,3773031,ffb0266c7913352c,"[[""u1"",""u2"",""u3""],[""u1"",""u2"",""u3""],[""u1"",""u2"",""u3"",""u3^2"",""u1*u2""]]",pretune_off,False,30,"[1,0,0]","[4,3,3]","[null,3,3]","[""Success"",""Unstable"",""MaxIters""]","[""Success"",""Failure"",""MaxLossEvals""]",196356,220931,0,196356,24575,312,89,0,cell_000709.heartbeat.jsonl,30,29,29,13,1,0.0333333333333,17,0,0.01,29,1,0.0333333333333,0,1.72906069565
710_evogrow_v2_2_stage_capped_pretune_off_56_1_123,paper1_phaseB_v1,B,,campaign_cell,,56,Lorenz equations standard parameters (chaotic),3,exact,3,evogrow_v2_2_stage_capped_pretune_off,evogrow_v2_2_stage_capped_pretune_off,123,finished,finished,True,,,2026-08-26T20:23:25.781Z,53.1242648543,,False,5,2,8,4212366,,282656.438873,False,True,False,710,1,604e79733b22d64d,91f88c4,False,0.256548780341,"[0.14999518988617, 0.1259810777049556, 0.4936700734325956]",570,4212366,ffb0266c7913352c,"[[""u1"",""u2"",""u3""],[""u1"",""u2"",""u3""],[""u1"",""u2"",""u3"",""u1^2"",""u1*u2""]]",pretune_off,False,30,"[2,0,0]","[5,3,3]","[null,3,3]","[""Success"",""Unstable"",""MaxIters""]","[""Success"",""Failure"",""MaxLossEvals""]",172064,219643,0,172064,47579,312,121,0,cell_000710.heartbeat.jsonl,28,21,21,11,7,0.25,17,0,0.01,21,7,0.25,-2,1.72529293323
711_evogrow_v2_2_stage_capped_pretune_off_56_1_7,paper1_phaseB_v1,B,,campaign_cell,,56,Lorenz equations standard parameters (chaotic),3,exact,3,evogrow_v2_2_stage_capped_pretune_off,evogrow_v2_2_stage_capped_pretune_off,7,finished,finished,True,,,2026-08-27T06:08:24.378Z,49.8818925412,,False,4,1,1,3749068,,175295.502596,False,True,False,711,1,604e79733b22d64d,91f88c4,False,0.296652544819,"[0.14132857329696769, 0.06941783509933885, 0.6792112260603169]",610,3749068,ffb0266c7913352c,"[[""u1"",""u2"",""u3"",""u1*u3""],[""u1"",""u2"",""u3""],[""u1"",""u2"",""u3"",""u1^2"",""u2^2"",""u3^2""]]",pretune_off,False,30,"[1,0,0]","[4,3,3]","[null,3,3]","[""Success"",""Unstable"",""MaxIters""]","[""Success"",""Failure"",""MaxLossEvals""]",215393,239483,0,215393,24090,310,95,0,cell_000711.heartbeat.jsonl,30,26,26,15,4,0.133333333333,15,0,0.01,26,4,0.133333333333,0,1.69794292245
712_evogrow_v2_2_stage_capped_pretune_off_56_2_42,paper1_phaseB_v1,B,,campaign_cell,,56,Lorenz equations standard parameters (chaotic),3,exact,3,evogrow_v2_2_stage_capped_pretune_off,evogrow_v2_2_stage_capped_pretune_off,42,finished,finished,True,,,2026-08-27T15:08:02.006Z,60.4973025566,,False,4,1,2,2901040,,130473.655443,False,True,False,712,2,604e79733b22d64d,91f88c4,False,0.20151058127,"[0.3164408655536426, 0.28364789141945024, 0.00444298683653499]",610,2901040,ffb0266c7913352c,"[[""u1"",""u2"",""u1*u3""],[""u1"",""u2"",""u2^2""],[""u1"",""u2"",""u3"",""u2^2""]]",pretune_off,False,30,"[1,0,0]","[4,3,3]","[null,3,3]","[""Success"",""Unstable"",""MaxIters""]","[""Success"",""Failure"",""MaxLossEvals""]",162995,185547,0,162995,22552,215,95,0,cell_000712.heartbeat.jsonl,30,25,25,11,5,0.166666666667,19,0,0.01,25,5,0.166666666667,0,1.78173601084
713_evogrow_v2_2_stage_capped_pretune_off_56_2_123,paper1_phaseB_v1,B,,campaign_cell,,56,Lorenz equations standard parameters (chaotic),3,exact,3,evogrow_v2_2_stage_capped_pretune_off,evogrow_v2_2_stage_capped_pretune_off,123,finished,finished,True,,,2026-08-27T20:06:08.731Z,60.0666489399,,False,5,2,8,3173640,,177326.346519,False,True,False,713,2,604e79733b22d64d,91f88c4,False,0.205906077025,"[0.30571113128102967, 0.30006977366842547, 0.011937326124761616]",590,3173640,ffb0266c7913352c,"[[""u1"",""u2"",""u3"",""u3^2"",""u3^3""],[""u1"",""u2"",""u3"",""u1*u3""],[""u1"",""u2"",""u2*u3""]]",pretune_off,False,30,"[2,0,0]","[5,3,3]","[null,3,3]","[""Success"",""MaxIters"",""Unstable""]","[""Success"",""Failure"",""MaxLossEvals""]",158689,187712,0,158689,29023,240,96,0,cell_000713.heartbeat.jsonl,29,26,26,8,3,0.103448275862,21,0,0.01,26,3,0.103448275862,-1,1.77863340376
714_evogrow_v2_2_stage_capped_pretune_off_56_2_7,paper1_phaseB_v1,B,,campaign_cell,,56,Lorenz equations standard parameters (chaotic),3,exact,3,evogrow_v2_2_stage_capped_pretune_off,evogrow_v2_2_stage_capped_pretune_off,7,finished,finished,True,,,2026-08-27T23:54:36.802Z,59.969401649,,False,4,1,4,3311829,,210336.791759,False,True,False,714,2,604e79733b22d64d,91f88c4,False,0.210315641185,"[0.3497533275468775, 0.2881002599729643, -0.006906663966293358]",610,3311829,ffb0266c7913352c,"[[""u1"",""u2"",""u3"",""u2*u3""],[""u1"",""u2"",""u3"",""u1*u3""],[""u1"",""u2"",""u3""]]",pretune_off,False,30,"[1,0,0]","[4,3,3]","[null,3,3]","[""Success"",""MaxIters"",""Unstable""]","[""Success"",""Failure"",""MaxLossEvals""]",143997,181770,0,143997,37773,278,89,0,cell_000714.heartbeat.jsonl,30,23,23,13,7,0.233333333333,17,0,0.01,23,7,0.233333333333,0,1.77792971564
715_evogrow_v2_2_stage_capped_pretune_off_57_1_42,paper1_phaseB_v1,B,,campaign_cell,,57,Rössler attractor (stable fixed point),3,surrogate,,evogrow_v2_2_stage_capped_pretune_off,evogrow_v2_2_stage_capped_pretune_off,42,finished,finished,True,,,2026-08-28T01:13:21.059Z,0.000883344959349,,,5,,,3356589,,69877.5070674,False,True,False,715,1,604e79733b22d64d,91f88c4,False,0.796928690567,"[0.999707843913011, 0.9958153990691453, 0.3952628287181995]",530,3356589,ffb0266c7913352c,"[[""u2"",""u3""],[""u1"",""u2"",""u3""],[""u2"",""u3""]]",pretune_off,False,30,,"[5,5,4]","[null,null,4]","[""Success"",""Unstable"",""MaxIters""]","[""Success"",""Failure"",""MaxLossEvals""]",76299,89074,0,76299,12775,189,112,,cell_000715.heartbeat.jsonl,26,9,9,7,17,0.653846153846,19,0,0.01,7,19,0.730769230769,-4,-3.05386966484
716_evogrow_v2_2_stage_capped_pretune_off_57_1_123,paper1_phaseB_v1,B,,campaign_cell,,57,Rössler attractor (stable fixed point),3,surrogate,,evogrow_v2_2_stage_capped_pretune_off,evogrow_v2_2_stage_capped_pretune_off,123,finished,finished,True,,,2026-08-28T10:58:36.783Z,0.00203539303338,,,5,,,2616261,,104706.290033,False,True,False,716,1,604e79733b22d64d,91f88c4,False,0.643523576687,"[0.9954331308760623, 0.9911264781922761, -0.05598887900876237]",570,2616261,ffb0266c7913352c,"[[""u1"",""u2"",""u1*u3"",""u2^3""],[""u2"",""u3"",""u2^2"",""sin(u1)""],[""u2"",""u2^3"",""u3^3""]]",pretune_off,False,30,,"[5,5,4]","[null,null,4]","[""Success"",""Unstable"",""MaxIters""]","[""Success"",""Failure"",""MaxLossEvals""]",122366,137151,0,122366,14707,224,62,,cell_000716.heartbeat.jsonl,28,25,25,7,3,0.107142857143,21,0,0.01,25,3,0.107142857143,-2,-2.69135171629
717_evogrow_v2_2_stage_capped_pretune_off_57_1_7,paper1_phaseB_v1,B,,campaign_cell,,57,Rössler attractor (stable fixed point),3,surrogate,,evogrow_v2_2_stage_capped_pretune_off,evogrow_v2_2_stage_capped_pretune_off,7,finished,finished,True,,,2026-08-28T11:22:52.105Z,0.00126064933869,,,5,,,2336157,,76978.1626415,False,True,False,717,1,604e79733b22d64d,91f88c4,False,0.795414309684,"[0.9968507909077914, 0.9943972131164656, 0.3949949250290633]",490,2336157,ffb0266c7913352c,"[[""u1"",""u2""],[""u1"",""u2"",""u3""],[""u2"",""u3""]]",pretune_off,False,30,,"[5,5,4]","[null,null,4]","[""Success"",""Unstable"",""MaxIters""]","[""Success"",""MaxLossEvals"",""Failure""]",60215,75749,0,60215,15534,144,56,,cell_000717.heartbeat.jsonl,24,5,5,4,19,0.791666666667,20,0,0.01,5,19,0.791666666667,-6,-2.89940569967
718_evogrow_v2_2_stage_capped_pretune_off_57_2_42,paper1_phaseB_v1,B,,campaign_cell,,57,Rössler attractor (stable fixed point),3,surrogate,,evogrow_v2_2_stage_capped_pretune_off,evogrow_v2_2_stage_capped_pretune_off,42,finished,finished,True,,,2026-08-28T16:03:22.531Z,0.00836684235013,,,5,,,2733359,,96436.8660878,False,True,False,718,2,604e79733b22d64d,91f88c4,False,0.738318660641,"[0.9892258889619925, 0.9917981035801482, 0.23393198938092996]",450,2733359,ffb0266c7913352c,"[[""u1"",""u2"",""u3""],[""u1"",""u3""],[""u1"",""u3^2""]]",pretune_off,False,30,,"[5,5,5]","[null,null,5]","[""Success"",""Unstable"",""MaxIters""]","[""Success"",""Failure"",""MaxLossEvals""]",162701,180410,0,162701,17709,189,87,,cell_000718.heartbeat.jsonl,22,7,7,4,15,0.681818181818,18,0,0.01,7,15,0.681818181818,-8,-2.07743841401
719_evogrow_v2_2_stage_capped_pretune_off_57_2_123,paper1_phaseB_v1,B,,campaign_cell,,57,Rössler attractor (stable fixed point),3,surrogate,,evogrow_v2_2_stage_capped_pretune_off,evogrow_v2_2_stage_capped_pretune_off,123,finished,finished,True,,,2026-08-28T20:38:49.931Z,0.00164114131878,,,5,,,2018207,,50707.7755758,False,True,False,719,2,604e79733b22d64d,91f88c4,False,0.937746329601,"[0.9984535032001643, 0.998368925171299, 0.8164165604306938]",530,2018207,ffb0266c7913352c,"[[""u1"",""u2""],[""u1"",""u2"",""u3"",""u2*u3""],[""u2"",""u3"",""u3^3""]]",pretune_off,False,30,,"[5,5,5]","[null,null,5]","[""Success"",""Unstable"",""MaxIters""]","[""Success"",""MaxLossEvals"",""Failure""]",69568,78978,0,69568,9410,167,38,,cell_000719.heartbeat.jsonl,26,19,19,7,7,0.269230769231,19,0,0.01,19,7,0.269230769231,-4,-2.78485402021
720_evogrow_v2_2_stage_capped_pretune_off_57_2_7,paper1_phaseB_v1,B,,campaign_cell,,57,Rössler attractor (stable fixed point),3,surrogate,,evogrow_v2_2_stage_capped_pretune_off,evogrow_v2_2_stage_capped_pretune_off,7,finished,finished,True,,,2026-08-29T03:23:21.630Z,0.00564227103898,,,5,,,2600036,,90757.5822071,False,True,False,720,2,604e79733b22d64d,91f88c4,False,0.959736318121,"[0.9893500135987914, 0.9912606875095394, 0.8985982532553813]",470,2600036,ffb0266c7913352c,"[[""u1"",""u2"",""u2^2""],[""u1"",""u3""],[""u3"",""u2*u3""]]",pretune_off,False,30,,"[5,5,5]","[null,null,5]","[""Success"",""Unstable"",""MaxIters""]","[""Success"",""MaxLossEvals"",""Failure""]",110730,132274,0,110730,20774,197,87,,cell_000720.heartbeat.jsonl,23,12,12,4,11,0.478260869565,19,0,0.01,12,11,0.478260869565,-7,-2.24854605538
721_evogrow_v2_2_stage_capped_pretune_off_58_1_42,paper1_phaseB_v1,B,,campaign_cell,,58,Rössler attractor (periodic),3,surrogate,,evogrow_v2_2_stage_capped_pretune_off,evogrow_v2_2_stage_capped_pretune_off,42,finished,finished,True,,,2026-08-29T04:40:26.465Z,0.274187572756,,,5,,,6184781,,152064.046112,False,True,False,721,1,604e79733b22d64d,91f88c4,False,0.685653567185,"[0.991233755808, 0.9931827588105024, 0.0725441869350445]",610,6184781,ffb0266c7913352c,"[[""u2"",""u2^3"",""u3^3""],[""u1"",""u2"",""u3^2""],[""u2"",""u3""]]",pretune_off,False,30,,"[5,5,5]","[null,null,5]","[""Success"",""MaxIters"",""Unstable""]","[""Success"",""MaxLossEvals"",""Failure""]",236041,267649,0,236041,31608,404,258,,cell_000721.heartbeat.jsonl,30,24,24,6,6,0.2,24,0,0.01,24,6,0.2,0,-0.561952233011
722_evogrow_v2_2_stage_capped_pretune_off_58_1_123,paper1_phaseB_v1,B,,campaign_cell,,58,Rössler attractor (periodic),3,surrogate,,evogrow_v2_2_stage_capped_pretune_off,evogrow_v2_2_stage_capped_pretune_off,123,finished,finished,True,,,2026-08-29T06:50:41.181Z,0.0248464325614,,,5,,,6038380,,331201.012688,False,True,False,722,1,604e79733b22d64d,91f88c4,False,0.957386161397,"[0.9997890754186217, 0.9999086252966717, 0.8724607834761078]",610,6038380,ffb0266c7913352c,"[[""u2"",""u3"",""u3^2""],[""u1"",""u2"",""u3"",""sin(u2)""],[""u1"",""u2"",""u3"",""u1*u3""]]",pretune_off,False,30,,"[5,5,5]","[null,null,5]","[""Success"",""Unstable"",""MaxIters""]","[""Success"",""Failure"",""MaxLossEvals""]",241100,299705,0,241100,58605,411,239,,cell_000722.heartbeat.jsonl,30,30,30,11,0,0,19,0,0.01,30,0,0,0,-1.60473595824
723_evogrow_v2_2_stage_capped_pretune_off_58_1_7,paper1_phaseB_v1,B,,campaign_cell,,58,Rössler attractor (periodic),3,surrogate,,evogrow_v2_2_stage_capped_pretune_off,evogrow_v2_2_stage_capped_pretune_off,7,finished,finished,True,,,2026-08-29T08:46:32.634Z,0.360777431183,,,5,,,5772733,,184303.537777,False,True,False,723,1,604e79733b22d64d,91f88c4,False,0.669556326863,"[0.990040636324884, 0.9825461892769092, 0.03608215498575462]",550,5772733,ffb0266c7913352c,"[[""u1"",""u2"",""u3""],[""u1"",""u3""],[""u1"",""u2"",""u3"",""u1^2"",""u1^3""]]",pretune_off,False,30,,"[5,5,5]","[null,null,5]","[""Success"",""Unstable"",""MaxIters""]","[""Success"",""MaxLossEvals"",""Failure""]",167475,204262,0,167475,36787,370,227,,cell_000723.heartbeat.jsonl,27,20,20,5,7,0.259259259259,22,0,0.01,20,7,0.259259259259,-3,-0.442760638035
724_evogrow_v2_2_stage_capped_pretune_off_58_2_42,paper1_phaseB_v1,B,,campaign_cell,,58,Rössler attractor (periodic),3,surrogate,,evogrow_v2_2_stage_capped_pretune_off,evogrow_v2_2_stage_capped_pretune_off,42,finished,finished,True,,,2026-08-29T09:56:38.837Z,0.325252925252,,,5,,,4318743,,172755.066752,False,True,False,724,2,604e79733b22d64d,91f88c4,False,0.84713072986,"[0.9899946647343911, 0.9847153171057829, 0.5666822077407765]",610,4318743,ffb0266c7913352c,"[[""u2""],[""u1"",""u2"",""u3""],[""u1"",""u2"",""u3"",""u1*u3"",""u2^3""]]",pretune_off,False,30,,"[5,5,5]","[null,null,5]","[""Success"",""Unstable"",""MaxIters""]","[""Success"",""Failure"",""MaxLossEvals""]",214507,253359,0,214507,38852,344,137,,cell_000724.heartbeat.jsonl,30,26,26,8,4,0.133333333333,22,0,0.01,26,4,0.133333333333,0,-0.487778788802
725_evogrow_v2_2_stage_capped_pretune_off_58_2_123,paper1_phaseB_v1,B,,campaign_cell,,58,Rössler attractor (periodic),3,surrogate,,evogrow_v2_2_stage_capped_pretune_off,evogrow_v2_2_stage_capped_pretune_off,123,finished,finished,True,,,2026-08-29T10:44:43.045Z,0.491824472296,,,5,,,4053125,,162962.95451,False,True,False,725,2,604e79733b22d64d,91f88c4,False,0.612412243171,"[0.9883092930574654, 0.986706083720697, -0.13777864726394085]",570,4053125,ffb0266c7913352c,"[[""u1"",""u2"",""u3"",""u2^2""],[""u1"",""u2"",""u3"",""u1^2""],[""u1"",""u2"",""u2*u3"",""u3^3""]]",pretune_off,False,30,,"[5,5,5]","[null,null,5]","[""Success"",""Unstable"",""MaxIters""]","[""Success"",""Failure"",""MaxLossEvals""]",230364,262717,0,230364,32353,299,128,,cell_000725.heartbeat.jsonl,28,21,21,6,7,0.25,22,0,0.01,21,7,0.25,-2,-0.308189865352
726_evogrow_v2_2_stage_capped_pretune_off_58_2_7,paper1_phaseB_v1,B,,campaign_cell,,58,Rössler attractor (periodic),3,surrogate,,evogrow_v2_2_stage_capped_pretune_off,evogrow_v2_2_stage_capped_pretune_off,7,finished,finished,True,,,2026-08-29T16:04:23.065Z,0.221048534434,,,5,,,4753327,,203951.07954,False,True,False,726,2,604e79733b22d64d,91f88c4,False,0.918356343623,"[0.9941992481281156, 0.9866563857435373, 0.7742133969975896]",550,4753327,ffb0266c7913352c,"[[""u2""],[""u1"",""u3"",""u1*u3""],[""u1"",""u2"",""u3"",""u1*u3""]]",pretune_off,False,30,,"[5,5,5]","[null,null,5]","[""Success"",""Unstable"",""MaxIters""]","[""Success"",""MaxLossEvals"",""Failure""]",189319,232556,0,189319,43237,358,166,,cell_000726.heartbeat.jsonl,27,16,16,6,11,0.407407407407,21,0,0.01,16,11,0.407407407407,-3,-0.655512360149
727_evogrow_v2_2_stage_capped_pretune_off_59_1_42,paper1_phaseB_v1,B,,campaign_cell,,59,Rössler attractor (chaotic),3,surrogate,,evogrow_v2_2_stage_capped_pretune_off,evogrow_v2_2_stage_capped_pretune_off,42,finished,finished,True,,,2026-08-29T16:07:23.311Z,4.08224194812,,,5,,,5994587,,239369.320335,False,True,False,727,1,604e79733b22d64d,91f88c4,False,0.61224175715,"[0.8791569799936348, 0.8130170513140943, 0.14455124014326393]",610,5994587,ffb0266c7913352c,"[[""u1"",""u2"",""u3"",""u3^2"",""u1*u3""],[""u1"",""u2"",""u3""],[""u1"",""u2""]]",pretune_off,False,30,,"[5,5,5]","[null,null,5]","[""Success"",""Unstable"",""MaxIters""]","[""Success"",""MaxLossEvals"",""Failure""]",197227,241408,0,197227,44181,418,220,,cell_000727.heartbeat.jsonl,30,21,21,7,9,0.3,23,0,0.01,21,9,0.3,0,0.6108987411
728_evogrow_v2_2_stage_capped_pretune_off_59_1_123,paper1_phaseB_v1,B,,campaign_cell,,59,Rössler attractor (chaotic),3,surrogate,,evogrow_v2_2_stage_capped_pretune_off,evogrow_v2_2_stage_capped_pretune_off,123,finished,finished,True,,,2026-08-29T18:51:22.903Z,2.24700425399,,,5,,,6294382,,270943.944125,False,True,False,728,1,604e79733b22d64d,91f88c4,False,0.707034992291,"[0.9553227160076684, 0.9831351127212604, 0.1826471481443458]",610,6294382,ffb0266c7913352c,"[[""u2"",""u3"",""u3^2"",""sin(u3)""],[""u1"",""u2"",""u3"",""u3^2""],[""u1"",""u2"",""u3"",""u2^2""]]",pretune_off,False,30,,"[5,5,5]","[null,null,5]","[""Success"",""Unstable"",""MaxIters""]","[""Success"",""Failure"",""MaxLossEvals""]",301695,348289,0,301695,46594,417,236,,cell_000728.heartbeat.jsonl,30,30,30,10,0,0,20,0,0.01,30,0,0,0,0.351603894619
729_evogrow_v2_2_stage_capped_pretune_off_59_1_7,paper1_phaseB_v1,B,,campaign_cell,,59,Rössler attractor (chaotic),3,surrogate,,evogrow_v2_2_stage_capped_pretune_off,evogrow_v2_2_stage_capped_pretune_off,7,finished,finished,True,,,2026-08-29T21:22:15.714Z,4.59388867697,,,5,,,5939184,,181765.324769,False,True,False,729,1,604e79733b22d64d,91f88c4,False,0.575149770506,"[0.8439851229655951, 0.7962073256953757, 0.08525686285747514]",590,5939184,ffb0266c7913352c,"[[""u1"",""u2"",""u3""],[""u1"",""u2"",""u3""],[""u1"",""u2"",""u1^2"",""u3^2""]]",pretune_off,False,30,,"[5,5,5]","[null,null,5]","[""Success"",""Unstable"",""MaxIters""]","[""Success"",""MaxLossEvals"",""Failure""]",248816,285995,0,248816,37179,412,219,,cell_000729.heartbeat.jsonl,29,14,14,7,15,0.51724137931,22,0,0.01,14,15,0.51724137931,-1,0.662180466792
730_evogrow_v2_2_stage_capped_pretune_off_59_2_42,paper1_phaseB_v1,B,,campaign_cell,,59,Rössler attractor (chaotic),3,surrogate,,evogrow_v2_2_stage_capped_pretune_off,evogrow_v2_2_stage_capped_pretune_off,42,finished,finished,True,,,2026-08-30T02:37:22.855Z,3.11922052898,,,5,,,4495876,,154264.674469,False,True,False,730,2,604e79733b22d64d,91f88c4,False,0.65045628618,"[0.9266560874324752, 0.9036734374748407, 0.1210393336321064]",570,4495876,ffb0266c7913352c,"[[""u1"",""u2"",""u3"",""u1*u3""],[""u1"",""u2"",""u3""],[""u1"",""u2"",""u3""]]",pretune_off,False,30,,"[5,5,5]","[null,null,null]","[""Success"",""Unstable"",""MaxIters""]","[""Success"",""Failure"",""MaxLossEvals""]",184628,214920,0,184628,30292,348,141,,cell_000730.heartbeat.jsonl,28,17,17,8,11,0.392857142857,20,0,0.01,17,11,0.392857142857,-2,0.494046080475
731_evogrow_v2_2_stage_capped_pretune_off_59_2_123,paper1_phaseB_v1,B,,campaign_cell,,59,Rössler attractor (chaotic),3,surrogate,,evogrow_v2_2_stage_capped_pretune_off,evogrow_v2_2_stage_capped_pretune_off,123,finished,finished,True,,,2026-08-30T02:55:03.511Z,3.67804309844,,,5,,,4040236,,151173.586768,False,True,False,731,2,604e79733b22d64d,91f88c4,False,0.571576694761,"[0.9237613285202715, 0.8891008493599845, -0.0981320935960901]",610,4040236,ffb0266c7913352c,"[[""u1"",""u2"",""u3""],[""u1"",""u2"",""u3"",""u1*u3"",""sin(u3)""],[""u2"",""u2^2"",""u3^2""]]",pretune_off,False,30,,"[5,5,5]","[null,null,null]","[""Success"",""MaxIters"",""Unstable""]","[""Success"",""Failure"",""MaxLossEvals""]",255957,285433,0,255957,29476,313,141,,cell_000731.heartbeat.jsonl,30,28,28,8,2,0.0666666666667,22,0,0.01,28,2,0.0666666666667,0,0.565616813892
732_evogrow_v2_2_stage_capped_pretune_off_59_2_7,paper1_phaseB_v1,B,,campaign_cell,,59,Rössler attractor (chaotic),3,surrogate,,evogrow_v2_2_stage_capped_pretune_off,evogrow_v2_2_stage_capped_pretune_off,7,finished,finished,True,,,2026-08-30T04:36:42.522Z,3.42928787605,,,5,,,4635786,,83782.9754716,False,True,False,732,2,604e79733b22d64d,91f88c4,False,0.648433837531,"[0.9098808000923282, 0.8752909773071925, 0.16012973519495677]",610,4635786,ffb0266c7913352c,"[[""u2"",""u1^2""],[""u1"",""u2"",""u3""],[""u1"",""u2"",""u3"",""u3^2""]]",pretune_off,False,30,,"[5,5,5]","[null,null,null]","[""Success"",""MaxIters"",""Unstable""]","[""Success"",""MaxLossEvals"",""Failure""]",218026,236056,0,218026,18030,361,156,,cell_000732.heartbeat.jsonl,30,17,17,9,13,0.433333333333,21,0,0.01,17,13,0.433333333333,0,0.535203944062
733_evogrow_v2_2_stage_capped_pretune_off_60_1_42,paper1_phaseB_v1,B,,campaign_cell,,60,Aizawa attractor (chaotic),3,surrogate,,evogrow_v2_2_stage_capped_pretune_off,evogrow_v2_2_stage_capped_pretune_off,42,finished,finished,True,,,2026-08-30T10:20:53.657Z,0.13547280162,,,5,,,5740879,,65433.4066353,False,True,False,733,1,604e79733b22d64d,91f88c4,False,0.44445198002,"[0.15468208601354694, 0.19798204807601794, 0.9806918059708783]",550,5740879,ffb0266c7913352c,"[[""u1"",""u2"",""u3"",""u1^2"",""u2^2""],[""u1"",""u1*u2""],[""u1"",""u2"",""sin(u2)""]]",pretune_off,False,30,,"[3,3,5]","[3,3,5]","[""Success"",""MaxIters"",""Unstable""]","[""Success"",""Failure"",""MaxLossEvals""]",143918,157705,0,143918,13787,517,159,,cell_000733.heartbeat.jsonl,27,24,24,5,3,0.111111111111,22,0,0.01,13,14,0.518518518519,-3,-0.868147887755
734_evogrow_v2_2_stage_capped_pretune_off_60_1_123,paper1_phaseB_v1,B,,campaign_cell,,60,Aizawa attractor (chaotic),3,surrogate,,evogrow_v2_2_stage_capped_pretune_off,evogrow_v2_2_stage_capped_pretune_off,123,finished,finished,True,,,2026-08-30T22:55:31.238Z,0.145807871891,,,5,,,5551020,,107805.049658,False,True,False,734,1,604e79733b22d64d,91f88c4,False,0.407974200853,"[0.2590650303761348, 0.0035293108162349762, 0.9613282613664955]",590,5551020,ffb0266c7913352c,"[[""u1"",""u2"",""u3"",""u1^2"",""u1*u3""],[""u1"",""u1*u2""],[""u1"",""u2""]]",pretune_off,False,30,,"[3,3,5]","[3,3,5]","[""Success"",""Unstable"",""MaxIters""]","[""Failure"",""Success"",""MaxLossEvals""]",124489,149167,0,124489,24678,535,151,,cell_000734.heartbeat.jsonl,29,26,26,9,3,0.103448275862,20,0,0.01,26,3,0.103448275862,-1,-0.836219028647
735_evogrow_v2_2_stage_capped_pretune_off_60_1_7,paper1_phaseB_v1,B,,campaign_cell,,60,Aizawa attractor (chaotic),3,surrogate,,evogrow_v2_2_stage_capped_pretune_off,evogrow_v2_2_stage_capped_pretune_off,7,finished,finished,True,,,2026-08-31T02:12:02.216Z,0.15995258921,,,5,,,3633720,,39942.7873212,False,True,False,735,1,604e79733b22d64d,91f88c4,False,0.338791938921,"[0.035525932408906225, -0.0032197390847197305, 0.9840696234389902]",430,3633720,ffb0266c7913352c,"[[""u1"",""u2"",""u3""],[""u3"",""u2*u3""],[""u1""]]",pretune_off,False,30,,"[3,3,5]","[3,3,5]","[""Success"",""Unstable"",""MaxIters""]","[""Success"",""Failure"",""MaxLossEvals""]",67378,78710,0,67378,11332,393,98,,cell_000735.heartbeat.jsonl,21,12,12,5,9,0.428571428571,16,0,0.01,2,19,0.904761904762,-9,-0.796008725443
736_evogrow_v2_2_stage_capped_pretune_off_60_2_42,paper1_phaseB_v1,B,,campaign_cell,,60,Aizawa attractor (chaotic),3,surrogate,,evogrow_v2_2_stage_capped_pretune_off,evogrow_v2_2_stage_capped_pretune_off,42,finished,finished,True,,,2026-08-31T03:53:46.714Z,0.170744159583,,,5,,,7358044,,44110.5319459,False,True,False,736,2,604e79733b22d64d,91f88c4,False,0.555544104709,"[0.4192929155037647, 0.44664009187167464, 0.8006993067504773]",590,7358044,ffb0266c7913352c,"[[""u1"",""u2"",""u1^2"",""u2^2"",""u3^2"",""u2*u3""],[""u1"",""u2"",""u3"",""u2*u3""],[""u2"",""u2^2""]]",pretune_off,False,30,,"[3,3,5]","[3,3,5]","[""Success"",""Unstable"",""MaxIters""]","[""Success"",""Failure"",""MaxLossEvals""]",296108,302749,0,296108,6641,550,221,,cell_000736.heartbeat.jsonl,29,18,18,6,11,0.379310344828,23,0,0.01,18,11,0.379310344828,-1,-0.767654142723
737_evogrow_v2_2_stage_capped_pretune_off_60_2_123,paper1_phaseB_v1,B,,campaign_cell,,60,Aizawa attractor (chaotic),3,surrogate,,evogrow_v2_2_stage_capped_pretune_off,evogrow_v2_2_stage_capped_pretune_off,123,finished,finished,True,,,2026-08-31T04:32:06.955Z,0.15677366289,,,5,,,6617106,,221689.033293,False,True,False,737,2,604e79733b22d64d,91f88c4,False,0.637341531922,"[0.666278334187742, 0.7287383309506479, 0.5170079306280447]",610,6617106,ffb0266c7913352c,"[[""u1"",""u2"",""u1*u3""],[""u1"",""u2"",""u3"",""u3^2"",""u2*u3""],[""u1"",""u2"",""u3"",""u1^3""]]",pretune_off,False,30,,"[3,3,5]","[3,3,5]","[""Success"",""Unstable"",""MaxIters""]","[""Success"",""Failure"",""MaxLossEvals""]",182006,220067,0,182006,38061,564,174,,cell_000737.heartbeat.jsonl,30,24,24,13,6,0.2,17,0,0.01,24,6,0.2,0,-0.8047268946
738_evogrow_v2_2_stage_capped_pretune_off_60_2_7,paper1_phaseB_v1,B,,campaign_cell,,60,Aizawa attractor (chaotic),3,surrogate,,evogrow_v2_2_stage_capped_pretune_off,evogrow_v2_2_stage_capped_pretune_off,7,finished,finished,True,,,2026-08-31T08:01:26.934Z,0.115690416428,,,4,,,7157271,,182851.448371,False,True,False,738,2,604e79733b22d64d,91f88c4,False,0.739838514836,"[0.7553082206501318, 0.8708368867746079, 0.5933704370827706]",610,7157271,ffb0266c7913352c,"[[""u1"",""u2"",""u1*u2"",""u2*u3""],[""u1"",""u2"",""u3"",""u2^2"",""u3^2"",""u1*u2""],[""u1"",""u2"",""u3"",""u1*u2"",""u1*u3"",""u2*u3""]]",pretune_off,False,30,,"[3,3,4]","[3,3,5]","[""Success"",""Unstable"",""MaxIters""]","[""Success"",""Failure"",""MaxLossEvals""]",232949,256243,0,232949,23294,567,210,,cell_000738.heartbeat.jsonl,30,24,24,13,6,0.2,17,0,0.01,24,6,0.2,0,-0.936702615678
739_evogrow_v2_2_stage_capped_pretune_off_61_1_42,paper1_phaseB_v1,B,,campaign_cell,,61,Chen-Lee attractor; system for gyro motion with feedback control of rigid body (chaotic),3,exact,3,evogrow_v2_2_stage_capped_pretune_off,evogrow_v2_2_stage_capped_pretune_off,42,finished,finished,True,,,2026-08-31T09:56:39.428Z,100.758714191,,False,3,0,0,2206537,,52803.94144,False,True,False,739,1,604e79733b22d64d,91f88c4,False,0.05405663234,"[0.13080879169173698, 0.07537571639932206, -0.04401461107093341]",490,2206537,ffb0266c7913352c,"[[""u1"",""u2"",""u3"",""u2^2"",""u1*u3""],[""u1"",""u2"",""u2^2""],[""u2"",""u2^2""]]",pretune_off,False,30,"[0,0,0]","[3,3,3]","[3,3,3]","[""Success"",""Unstable"",""MaxIters""]","[""Success"",""Failure"",""MaxLossEvals""]",133867,145838,0,133867,11971,169,67,0,cell_000739.heartbeat.jsonl,24,21,21,10,3,0.125,14,0,0.01,16,8,0.333333333333,-6,2.00328261671
740_evogrow_v2_2_stage_capped_pretune_off_61_1_123,paper1_phaseB_v1,B,,campaign_cell,,61,Chen-Lee attractor; system for gyro motion with feedback control of rigid body (chaotic),3,exact,3,evogrow_v2_2_stage_capped_pretune_off,evogrow_v2_2_stage_capped_pretune_off,123,finished,finished,True,,,2026-08-31T11:58:59.983Z,96.0518897327,,False,3,0,0,1390830,,33233.5716872,False,True,False,740,1,604e79733b22d64d,91f88c4,False,-0.0328907352632,"[0.21923778264991456, 0.09055759159711818, -0.4084675800366053]",330,1390830,ffb0266c7913352c,"[[""u2""],[""u1"",""u2"",""u3"",""u1^2""],[""u2"",""u3""]]",pretune_off,False,30,"[0,0,0]","[3,3,3]","[3,3,3]","[""Success"",""MaxIters"",""Unstable""]","[""Success"",""Failure"",""MaxLossEvals""]",53992,61621,0,53992,7629,113,38,0,cell_000740.heartbeat.jsonl,16,9,9,5,7,0.4375,11,0,0.01,9,7,0.4375,-14,1.98250591363
741_evogrow_v2_2_stage_capped_pretune_off_61_1_7,paper1_phaseB_v1,B,,campaign_cell,,61,Chen-Lee attractor; system for gyro motion with feedback control of rigid body (chaotic),3,exact,3,evogrow_v2_2_stage_capped_pretune_off,evogrow_v2_2_stage_capped_pretune_off,7,finished,finished,True,,,2026-08-31T13:18:24.719Z,82.0749893352,,False,3,0,0,2154809,,82848.7246436,False,True,False,741,1,604e79733b22d64d,91f88c4,False,0.0936466762577,"[0.3096930168236126, 0.28585986481447767, -0.31461285286500873]",430,2154809,ffb0266c7913352c,"[[""u1"",""u2"",""u3""],[""u1"",""u2"",""u3"",""u1*u3""],[""u1"",""u1^2""]]",pretune_off,False,30,"[0,0,0]","[3,3,3]","[3,3,3]","[""Success"",""MaxIters"",""Unstable""]","[""Success"",""Failure"",""MaxLossEvals""]",90076,107147,0,90076,17071,167,65,0,cell_000741.heartbeat.jsonl,21,18,18,7,3,0.142857142857,14,0,0.01,18,3,0.142857142857,-9,1.91421083497
742_evogrow_v2_2_stage_capped_pretune_off_61_2_42,paper1_phaseB_v1,B,,campaign_cell,,61,Chen-Lee attractor; system for gyro motion with feedback control of rigid body (chaotic),3,exact,3,evogrow_v2_2_stage_capped_pretune_off,evogrow_v2_2_stage_capped_pretune_off,42,finished,finished,True,,,2026-08-31T16:09:45.169Z,85.3126254795,,False,3,0,0,2484280,,56256.5604427,False,True,False,742,2,604e79733b22d64d,91f88c4,False,0.164329838849,"[0.3585669101514396, 0.2585650054237921, -0.12414239902723123]",430,2484280,ffb0266c7913352c,"[[""u1"",""u2"",""u3"",""u1*u3""],[""u1"",""u2""],[""u2"",""u3""]]",pretune_off,False,30,"[0,0,0]","[3,3,3]","[3,3,3]","[""Success"",""MaxIters"",""Unstable""]","[""Success"",""Failure"",""MaxLossEvals""]",120217,132386,0,120217,12169,194,79,0,cell_000742.heartbeat.jsonl,21,18,18,8,3,0.142857142857,13,0,0.01,18,3,0.142857142857,-9,1.93101330749
743_evogrow_v2_2_stage_capped_pretune_off_61_2_123,paper1_phaseB_v1,B,,campaign_cell,,61,Chen-Lee attractor; system for gyro motion with feedback control of rigid body (chaotic),3,exact,3,evogrow_v2_2_stage_capped_pretune_off,evogrow_v2_2_stage_capped_pretune_off,123,finished,finished,True,,,2026-08-31T20:55:19.600Z,87.759674065,,False,3,0,0,2087022,,21340.1889053,False,True,False,743,2,604e79733b22d64d,91f88c4,False,-0.00495665753191,"[0.40604230901563354, 0.17800071935316664, -0.5989130009645407]",330,2087022,ffb0266c7913352c,"[[""u1"",""u2"",""u3^2""],[""u1"",""u2""],[""u1"",""u2""]]",pretune_off,False,30,"[0,0,0]","[3,3,3]","[3,3,3]","[""Success"",""Unstable"",""MaxIters""]","[""Success"",""Failure"",""MaxLossEvals""]",72351,77982,0,72351,5631,176,69,0,cell_000743.heartbeat.jsonl,16,9,9,5,7,0.4375,11,0,0.01,9,7,0.4375,-14,1.94329500162
744_evogrow_v2_2_stage_capped_pretune_off_61_2_7,paper1_phaseB_v1,B,,campaign_cell,,61,Chen-Lee attractor; system for gyro motion with feedback control of rigid body (chaotic),3,exact,3,evogrow_v2_2_stage_capped_pretune_off,evogrow_v2_2_stage_capped_pretune_off,7,finished,finished,True,,,2026-08-31T21:13:35.998Z,88.1007518633,,False,3,0,0,3485156,,199405.973667,False,True,False,744,2,604e79733b22d64d,91f88c4,False,0.104915515782,"[0.29266827398933426, 0.3505777530516354, -0.32849947969625193]",590,3485156,ffb0266c7913352c,"[[""u1"",""u2"",""u3""],[""u1"",""u1*u2"",""u1*u3""],[""u1"",""u2""]]",pretune_off,False,30,"[0,0,0]","[3,3,3]","[3,3,3]","[""Success"",""MaxIters"",""Unstable""]","[""Success"",""Failure"",""MaxLossEvals""]",144756,186819,0,144756,42063,284,102,0,cell_000744.heartbeat.jsonl,29,26,26,10,3,0.103448275862,19,0,0.01,26,3,0.103448275862,-1,1.94497961475
745_evogrow_v2_2_stage_capped_pretune_off_62_1_42,paper1_phaseB_v1,B,,campaign_cell,,62,Binocular rivalry model with adaptation (oscillations),4,surrogate,,evogrow_v2_2_stage_capped_pretune_off,evogrow_v2_2_stage_capped_pretune_off,42,finished,finished,True,,,2026-09-04T16:33:44.450Z,1.37592767944e-06,,,5,,,4005667,,49515.1095891,False,True,False,745,1,604e79733b22d64d,91f88c4,False,0.999985051983,"[0.9999742917677458, 0.9999772877588784, 0.9999934877680612, 0.9999951406363558]",530,4005667,ffb0266c7913352c,"[[""u2"",""u3"",""u1^2""],[""u1"",""u2""],[""u1"",""u2"",""u3""],[""u1"",""u3"",""u4""]]",pretune_off,False,30,,"[5,5,5,5]","[null,null,null,null]","[""Success"",""Unstable"",""MaxIters""]","[""Success"",""Failure"",""MaxLossEvals""]",92338,100431,0,92338,8093,214,101,,cell_000745.heartbeat.jsonl,26,11,11,7,15,0.576923076923,19,0,0.01,11,15,0.576923076923,-4,-5.86140439259
746_evogrow_v2_2_stage_capped_pretune_off_62_1_123,paper1_phaseB_v1,B,,campaign_cell,,62,Binocular rivalry model with adaptation (oscillations),4,surrogate,,evogrow_v2_2_stage_capped_pretune_off,evogrow_v2_2_stage_capped_pretune_off,123,finished,finished,True,,,2026-09-04T16:35:21.226Z,1.96115071651e-05,,,5,,,3813681,,48483.8422607,False,True,False,746,1,604e79733b22d64d,91f88c4,False,0.999830886249,"[0.9999142973803197, 0.9999441559695382, 0.9996356732290334, 0.9998294184152933]",530,3813681,ffb0266c7913352c,"[[""u1"",""u2"",""u3""],[""u1"",""u2"",""u4""],[""u1"",""u3""],[""u3"",""u4""]]",pretune_off,False,30,,"[5,5,5,5]","[null,null,null,null]","[""Success"",""Unstable"",""MaxIters""]","[""Failure"",""Success"",""MaxLossEvals""]",77738,86230,0,77738,8492,202,96,,cell_000746.heartbeat.jsonl,26,7,7,7,19,0.730769230769,19,0,0.01,7,19,0.730769230769,-4,-4.70748902906
747_evogrow_v2_2_stage_capped_pretune_off_62_1_7,paper1_phaseB_v1,B,,campaign_cell,,62,Binocular rivalry model with adaptation (oscillations),4,surrogate,,evogrow_v2_2_stage_capped_pretune_off,evogrow_v2_2_stage_capped_pretune_off,7,finished,finished,True,,,2026-09-04T16:35:39.424Z,2.0866699905e-06,,,5,,,4082517,,50938.0733259,False,True,False,747,1,604e79733b22d64d,91f88c4,False,0.999979117701,"[0.9999437526242627, 0.999975104671611, 0.999998719354485, 0.999998894155589]",570,4082517,ffb0266c7913352c,"[[""u1"",""u3"",""u4""],[""u1"",""u2""],[""u2"",""u3"",""u4""],[""u3"",""u4""]]",pretune_off,False,30,,"[5,5,5,5]","[null,null,null,null]","[""Success"",""Unstable"",""MaxIters""]","[""Failure"",""Success"",""MaxLossEvals""]",81674,90971,0,81674,9297,235,96,,cell_000747.heartbeat.jsonl,28,9,9,7,19,0.678571428571,21,0,0.01,9,19,0.678571428571,-2,-5.68054622973
748_evogrow_v2_2_stage_capped_pretune_off_62_2_42,paper1_phaseB_v1,B,,campaign_cell,,62,Binocular rivalry model with adaptation (oscillations),4,surrogate,,evogrow_v2_2_stage_capped_pretune_off,evogrow_v2_2_stage_capped_pretune_off,42,finished,finished,True,,,2026-09-04T16:57:30.679Z,0.000623237004886,,,5,,,4947088,,75979.5547524,False,True,False,748,2,604e79733b22d64d,91f88c4,False,0.877082235597,"[0.5276966082968759, 0.9965648083521701, 0.9988728185216061, 0.9851947072162408]",550,4947088,ffb0266c7913352c,"[[""u1"",""u3""],[""u1"",""u2"",""u3""],[""u2"",""u3""],[""u1"",""u4^2"",""u1*u2""]]",pretune_off,False,30,,"[5,5,5,5]","[null,null,null,null]","[""Success"",""Unstable"",""MaxIters""]","[""Success"",""Failure"",""MaxLossEvals""]",116266,129398,0,116266,13132,285,121,,cell_000748.heartbeat.jsonl,27,11,11,7,16,0.592592592593,18,1,0.01,11,16,0.592592592593,-3,-3.2053467682
749_evogrow_v2_2_stage_capped_pretune_off_62_2_123,paper1_phaseB_v1,B,,campaign_cell,,62,Binocular rivalry model with adaptation (oscillations),4,surrogate,,evogrow_v2_2_stage_capped_pretune_off,evogrow_v2_2_stage_capped_pretune_off,123,finished,finished,True,,,2026-09-04T17:32:59.948Z,0.000249061560281,,,5,,,5437558,,45730.6227216,False,True,False,749,2,604e79733b22d64d,91f88c4,False,0.987667988188,"[0.9641858883653831, 0.9918801092576599, 0.9948956089475967, 0.9997103461826766]",550,5437558,ffb0266c7913352c,"[[""u2"",""u3"",""u4""],[""u1"",""u2""],[""u1"",""u2""],[""u1"",""u3"",""u4""]]",pretune_off,False,30,,"[5,5,5,5]","[null,null,null,null]","[""Success"",""Unstable"",""MaxIters""]","[""Failure"",""Success"",""MaxLossEvals""]",48971,57154,0,48971,8183,295,162,,cell_000749.heartbeat.jsonl,27,9,9,6,18,0.666666666667,21,0,0.01,9,18,0.666666666667,-3,-3.60369329553
750_evogrow_v2_2_stage_capped_pretune_off_62_2_7,paper1_phaseB_v1,B,,campaign_cell,,62,Binocular rivalry model with adaptation (oscillations),4,surrogate,,evogrow_v2_2_stage_capped_pretune_off,evogrow_v2_2_stage_capped_pretune_off,7,finished,finished,True,,,2026-09-04T18:20:18.356Z,0.000585944089702,,,5,,,4181874,,46636.6601471,False,True,False,750,2,604e79733b22d64d,91f88c4,False,0.920625177069,"[0.7024986315108264, 0.9970058443800163, 0.983825951703141, 0.9991702806814776]",530,4181874,ffb0266c7913352c,"[[""u2"",""u3""],[""u1"",""u2""],[""u2"",""u3""],[""u1"",""u3"",""u4""]]",pretune_off,False,30,,"[5,5,5,5]","[null,null,null,null]","[""Success"",""Unstable"",""MaxIters""]","[""MaxLossEvals"",""Success"",""Failure""]",45154,53559,0,45154,8405,242,92,,cell_000750.heartbeat.jsonl,26,7,7,7,19,0.730769230769,19,0,0.01,7,19,0.730769230769,-4,-3.23214382202
751_evogrow_v2_2_stage_capped_pretune_off_63_1_42,paper1_phaseB_v1,B,,campaign_cell,,63,SEIR infection model (proportions),4,exact,3,evogrow_v2_2_stage_capped_pretune_off,evogrow_v2_2_stage_capped_pretune_off,42,finished,finished,True,,,2026-09-04T18:21:10.781Z,0.000788737193891,,False,5,2,8,317252,,524.770808697,False,True,False,751,1,604e79733b22d64d,91f88c4,False,0.468886564656,"[0.9367449825334272, 0.9402346800580519, -0.9742581724035335, 0.9728247684341873]",410,317252,ffb0266c7913352c,"[[""u3""],[""u2""],[""u2""],[""u3""]]",pretune_off,False,30,"[2,2,2,2]","[5,5,5,5]","[null,null,null,null]","[""Success"",""Unstable"",""MaxIters""]","[""Success"",""Failure"",""MaxLossEvals""]",1051,1203,0,1051,152,7,1,0,cell_000751.heartbeat.jsonl,20,1,1,1,19,0.95,19,0,0.01,1,19,0.95,-10,-3.10306767899
752_evogrow_v2_2_stage_capped_pretune_off_63_1_123,paper1_phaseB_v1,B,,campaign_cell,,63,SEIR infection model (proportions),4,exact,3,evogrow_v2_2_stage_capped_pretune_off,evogrow_v2_2_stage_capped_pretune_off,123,finished,finished,True,,,2026-09-04T18:30:36.080Z,0.000602168722791,,False,5,2,8,510251,,2004.53705422,False,True,False,752,1,604e79733b22d64d,91f88c4,False,0.492116999093,"[0.9939662963283624, 0.9461061658631851, -0.9667944604001817, 0.9951899945820353]",410,510251,ffb0266c7913352c,"[[""u1""],[""u2""],[""u2""],[""u1""]]",pretune_off,False,30,"[2,2,2,2]","[5,5,5,5]","[null,null,null,null]","[""Success"",""Unstable"",""MaxIters""]","[""Success"",""Failure"",""MaxLossEvals""]",1719,2374,0,1719,655,25,3,0,cell_000752.heartbeat.jsonl,20,1,1,1,19,0.95,19,0,0.01,1,19,0.95,-10,-3.2202818059
753_evogrow_v2_2_stage_capped_pretune_off_63_1_7,paper1_phaseB_v1,B,,campaign_cell,,63,SEIR infection model (proportions),4,exact,3,evogrow_v2_2_stage_capped_pretune_off,evogrow_v2_2_stage_capped_pretune_off,7,finished,finished,True,,,2026-09-04T18:58:05.070Z,0.00146885637009,,False,5,2,8,749504,,1727.02112895,False,True,False,753,1,604e79733b22d64d,91f88c4,False,0.136248105922,"[0.9897026766458189, 0.5099714805588866, -1.9206276874536834, 0.9659459539357789]",410,749504,ffb0266c7913352c,"[[""u1""],[""u1""],[""u1""],[""u3""]]",pretune_off,False,30,"[2,2,2,2]","[5,5,5,5]","[null,null,null,null]","[""Success"",""Unstable"",""MaxIters""]","[""Failure"",""Success"",""MaxLossEvals""]",2675,3217,0,2675,542,63,6,0,cell_000753.heartbeat.jsonl,20,1,1,1,19,0.95,19,0,0.01,1,19,0.95,-10,-2.83302066897
754_evogrow_v2_2_stage_capped_pretune_off_63_2_42,paper1_phaseB_v1,B,,campaign_cell,,63,SEIR infection model (proportions),4,exact,3,evogrow_v2_2_stage_capped_pretune_off,evogrow_v2_2_stage_capped_pretune_off,42,finished,finished,True,,,2026-09-04T19:04:41.193Z,0.000466119302898,,False,5,2,8,427549,,1121.67434764,False,True,False,754,2,604e79733b22d64d,91f88c4,False,0.89814100346,"[0.9572558406809659, 0.9895989048876035, 0.6508640054643768, 0.9948452628073821]",410,427549,ffb0266c7913352c,"[[""u3""],[""u2""],[""u3""],[""u1""]]",pretune_off,False,30,"[2,2,2,2]","[5,5,5,5]","[null,null,null,null]","[""Success"",""Unstable"",""MaxIters""]","[""Success"",""Failure"",""MaxLossEvals""]",1829,2235,0,1829,366,31,1,0,cell_000754.heartbeat.jsonl,20,1,1,1,19,0.95,19,0,0.01,1,19,0.95,-10,-3.33150291172
755_evogrow_v2_2_stage_capped_pretune_off_63_2_123,paper1_phaseB_v1,B,,campaign_cell,,63,SEIR infection model (proportions),4,exact,3,evogrow_v2_2_stage_capped_pretune_off,evogrow_v2_2_stage_capped_pretune_off,123,finished,finished,True,,,2026-09-04T19:24:02.669Z,0.000474181749109,,False,5,2,8,629784,,568.677800081,False,True,False,755,2,604e79733b22d64d,91f88c4,False,0.897299047723,"[0.9617061032569256, 0.9895989048877846, 0.6433735725791376, 0.9945176101669843]",410,629784,ffb0266c7913352c,"[[""u3""],[""u2""],[""u1""],[""u1""]]",pretune_off,False,30,"[2,2,2,2]","[5,5,5,5]","[null,null,null,null]","[""Success"",""Unstable"",""MaxIters""]","[""Success"",""Failure"",""MaxLossEvals""]",471,628,0,471,157,56,4,0,cell_000755.heartbeat.jsonl,20,1,1,1,19,0.95,19,0,0.01,1,19,0.95,-10,-3.3240551657
756_evogrow_v2_2_stage_capped_pretune_off_63_2_7,paper1_phaseB_v1,B,,campaign_cell,,63,SEIR infection model (proportions),4,exact,3,evogrow_v2_2_stage_capped_pretune_off,evogrow_v2_2_stage_capped_pretune_off,7,finished,finished,True,,,2026-09-04T19:27:31.219Z,0.000599996190923,,False,5,2,8,813377,,320.614555626,False,True,False,756,2,604e79733b22d64d,91f88c4,False,0.87443162063,"[0.959468816349837, 0.6734872126555176, 0.8667708638064793, 0.9979995897087169]",410,813377,ffb0266c7913352c,"[[""u2""],[""u1""],[""u4""],[""u3""]]",pretune_off,False,30,"[2,2,2,2]","[5,5,5,5]","[null,null,null,null]","[""Success"",""Unstable"",""MaxIters""]","[""Failure"",""Success"",""MaxLossEvals""]",815,886,0,815,71,97,2,0,cell_000756.heartbeat.jsonl,20,1,1,1,19,0.95,19,0,0.01,1,19,0.95,-10,-3.22185150673
