run_id,experiment_id,system_id,variant_slug,seed,initial_condition_set,equation_index,n_found_terms,n_true_terms,n_true_positive_terms,n_missing_true_terms,n_extra_found_terms,term_precision,term_recall,structural_f1,exact_support_match,missing_true_terms,extra_found_terms,coefficient_relative_error_mean,coefficient_relative_error_max,n_coefficient_terms
1_evogrow_v2_2_stage_capped_pretune_on_1_1_42,paper1_phaseB_v1,1,evogrow_v2_2_stage_capped_pretune_on,42,1,1,4,1,1,0,3,0.25,1.0,0.4,False,,cos(u1)|u1^2|u1^3,,,0
2_evogrow_v2_2_stage_capped_pretune_on_1_1_123,paper1_phaseB_v1,1,evogrow_v2_2_stage_capped_pretune_on,123,1,1,4,1,1,0,3,0.25,1.0,0.4,False,,cos(u1)|u1^2|u1^3,,,0
3_evogrow_v2_2_stage_capped_pretune_on_1_1_7,paper1_phaseB_v1,1,evogrow_v2_2_stage_capped_pretune_on,7,1,1,4,1,1,0,3,0.25,1.0,0.4,False,,cos(u1)|u1^2|u1^3,,,0
4_evogrow_v2_2_stage_capped_pretune_on_1_2_42,paper1_phaseB_v1,1,evogrow_v2_2_stage_capped_pretune_on,42,2,1,3,1,1,0,2,0.3333333333333333,1.0,0.5,False,,u1^2|u1^3,,,0
5_evogrow_v2_2_stage_capped_pretune_on_1_2_123,paper1_phaseB_v1,1,evogrow_v2_2_stage_capped_pretune_on,123,2,1,3,1,1,0,2,0.3333333333333333,1.0,0.5,False,,u1^2|u1^3,,,0
6_evogrow_v2_2_stage_capped_pretune_on_1_2_7,paper1_phaseB_v1,1,evogrow_v2_2_stage_capped_pretune_on,7,2,1,3,1,1,0,2,0.3333333333333333,1.0,0.5,False,,u1^2|u1^3,,,0
7_evogrow_v2_2_stage_capped_pretune_on_2_1_42,paper1_phaseB_v1,2,evogrow_v2_2_stage_capped_pretune_on,42,1,1,1,1,1,0,0,1.0,1.0,1.0,True,,,,,0
8_evogrow_v2_2_stage_capped_pretune_on_2_1_123,paper1_phaseB_v1,2,evogrow_v2_2_stage_capped_pretune_on,123,1,1,1,1,1,0,0,1.0,1.0,1.0,True,,,,,0
9_evogrow_v2_2_stage_capped_pretune_on_2_1_7,paper1_phaseB_v1,2,evogrow_v2_2_stage_capped_pretune_on,7,1,1,1,1,1,0,0,1.0,1.0,1.0,True,,,,,0
10_evogrow_v2_2_stage_capped_pretune_on_2_2_42,paper1_phaseB_v1,2,evogrow_v2_2_stage_capped_pretune_on,42,2,1,1,1,1,0,0,1.0,1.0,1.0,True,,,,,0
11_evogrow_v2_2_stage_capped_pretune_on_2_2_123,paper1_phaseB_v1,2,evogrow_v2_2_stage_capped_pretune_on,123,2,1,1,1,1,0,0,1.0,1.0,1.0,True,,,,,0
12_evogrow_v2_2_stage_capped_pretune_on_2_2_7,paper1_phaseB_v1,2,evogrow_v2_2_stage_capped_pretune_on,7,2,1,1,1,1,0,0,1.0,1.0,1.0,True,,,,,0
13_evogrow_v2_2_stage_capped_pretune_on_3_1_42,paper1_phaseB_v1,3,evogrow_v2_2_stage_capped_pretune_on,42,1,1,2,2,2,0,0,1.0,1.0,1.0,True,,,,,0
14_evogrow_v2_2_stage_capped_pretune_on_3_1_123,paper1_phaseB_v1,3,evogrow_v2_2_stage_capped_pretune_on,123,1,1,2,2,2,0,0,1.0,1.0,1.0,True,,,,,0
15_evogrow_v2_2_stage_capped_pretune_on_3_1_7,paper1_phaseB_v1,3,evogrow_v2_2_stage_capped_pretune_on,7,1,1,2,2,2,0,0,1.0,1.0,1.0,True,,,,,0
16_evogrow_v2_2_stage_capped_pretune_on_3_2_42,paper1_phaseB_v1,3,evogrow_v2_2_stage_capped_pretune_on,42,2,1,2,2,2,0,0,1.0,1.0,1.0,True,,,,,0
17_evogrow_v2_2_stage_capped_pretune_on_3_2_123,paper1_phaseB_v1,3,evogrow_v2_2_stage_capped_pretune_on,123,2,1,2,2,2,0,0,1.0,1.0,1.0,True,,,,,0
18_evogrow_v2_2_stage_capped_pretune_on_3_2_7,paper1_phaseB_v1,3,evogrow_v2_2_stage_capped_pretune_on,7,2,1,2,2,2,0,0,1.0,1.0,1.0,True,,,,,0
19_evogrow_v2_2_stage_capped_pretune_on_4_1_42,paper1_phaseB_v1,4,evogrow_v2_2_stage_capped_pretune_on,42,1,1,3,0,0,0,3,0.0,0.0,0.0,False,,u1|u1^2|u1^3,,,0
20_evogrow_v2_2_stage_capped_pretune_on_4_1_123,paper1_phaseB_v1,4,evogrow_v2_2_stage_capped_pretune_on,123,1,1,3,0,0,0,3,0.0,0.0,0.0,False,,u1|u1^2|u1^3,,,0
21_evogrow_v2_2_stage_capped_pretune_on_4_1_7,paper1_phaseB_v1,4,evogrow_v2_2_stage_capped_pretune_on,7,1,1,3,0,0,0,3,0.0,0.0,0.0,False,,u1|u1^2|u1^3,,,0
22_evogrow_v2_2_stage_capped_pretune_on_4_2_42,paper1_phaseB_v1,4,evogrow_v2_2_stage_capped_pretune_on,42,2,1,2,0,0,0,2,0.0,0.0,0.0,False,,cos(u1)|u1,,,0
23_evogrow_v2_2_stage_capped_pretune_on_4_2_123,paper1_phaseB_v1,4,evogrow_v2_2_stage_capped_pretune_on,123,2,1,2,0,0,0,2,0.0,0.0,0.0,False,,cos(u1)|u1,,,0
24_evogrow_v2_2_stage_capped_pretune_on_4_2_7,paper1_phaseB_v1,4,evogrow_v2_2_stage_capped_pretune_on,7,2,1,2,0,0,0,2,0.0,0.0,0.0,False,,cos(u1)|u1,,,0
25_evogrow_v2_2_stage_capped_pretune_on_5_1_42,paper1_phaseB_v1,5,evogrow_v2_2_stage_capped_pretune_on,42,1,1,5,1,1,0,4,0.2,1.0,0.33333333333333337,False,,cos(u1)|sin(u1)|u1|u1^3,,,0
26_evogrow_v2_2_stage_capped_pretune_on_5_1_123,paper1_phaseB_v1,5,evogrow_v2_2_stage_capped_pretune_on,123,1,1,5,1,1,0,4,0.2,1.0,0.33333333333333337,False,,cos(u1)|sin(u1)|u1|u1^3,,,0
27_evogrow_v2_2_stage_capped_pretune_on_5_1_7,paper1_phaseB_v1,5,evogrow_v2_2_stage_capped_pretune_on,7,1,1,5,1,1,0,4,0.2,1.0,0.33333333333333337,False,,cos(u1)|sin(u1)|u1|u1^3,,,0
28_evogrow_v2_2_stage_capped_pretune_on_5_2_42,paper1_phaseB_v1,5,evogrow_v2_2_stage_capped_pretune_on,42,2,1,2,1,1,0,1,0.5,1.0,0.6666666666666666,False,,u1,,,0
29_evogrow_v2_2_stage_capped_pretune_on_5_2_123,paper1_phaseB_v1,5,evogrow_v2_2_stage_capped_pretune_on,123,2,1,2,1,1,0,1,0.5,1.0,0.6666666666666666,False,,u1,,,0
30_evogrow_v2_2_stage_capped_pretune_on_5_2_7,paper1_phaseB_v1,5,evogrow_v2_2_stage_capped_pretune_on,7,2,1,2,1,1,0,1,0.5,1.0,0.6666666666666666,False,,u1,,,0
31_evogrow_v2_2_stage_capped_pretune_on_6_1_42,paper1_phaseB_v1,6,evogrow_v2_2_stage_capped_pretune_on,42,1,1,2,2,2,0,0,1.0,1.0,1.0,True,,,,,0
32_evogrow_v2_2_stage_capped_pretune_on_6_1_123,paper1_phaseB_v1,6,evogrow_v2_2_stage_capped_pretune_on,123,1,1,2,2,2,0,0,1.0,1.0,1.0,True,,,,,0
33_evogrow_v2_2_stage_capped_pretune_on_6_1_7,paper1_phaseB_v1,6,evogrow_v2_2_stage_capped_pretune_on,7,1,1,2,2,2,0,0,1.0,1.0,1.0,True,,,,,0
34_evogrow_v2_2_stage_capped_pretune_on_6_2_42,paper1_phaseB_v1,6,evogrow_v2_2_stage_capped_pretune_on,42,2,1,2,2,2,0,0,1.0,1.0,1.0,True,,,,,0
35_evogrow_v2_2_stage_capped_pretune_on_6_2_123,paper1_phaseB_v1,6,evogrow_v2_2_stage_capped_pretune_on,123,2,1,2,2,2,0,0,1.0,1.0,1.0,True,,,,,0
36_evogrow_v2_2_stage_capped_pretune_on_6_2_7,paper1_phaseB_v1,6,evogrow_v2_2_stage_capped_pretune_on,7,2,1,2,2,2,0,0,1.0,1.0,1.0,True,,,,,0
37_evogrow_v2_2_stage_capped_pretune_on_7_1_42,paper1_phaseB_v1,7,evogrow_v2_2_stage_capped_pretune_on,42,1,1,1,1,1,0,0,1.0,1.0,1.0,True,,,,,0
38_evogrow_v2_2_stage_capped_pretune_on_7_1_123,paper1_phaseB_v1,7,evogrow_v2_2_stage_capped_pretune_on,123,1,1,1,1,1,0,0,1.0,1.0,1.0,True,,,,,0
39_evogrow_v2_2_stage_capped_pretune_on_7_1_7,paper1_phaseB_v1,7,evogrow_v2_2_stage_capped_pretune_on,7,1,1,1,1,1,0,0,1.0,1.0,1.0,True,,,,,0
40_evogrow_v2_2_stage_capped_pretune_on_7_2_42,paper1_phaseB_v1,7,evogrow_v2_2_stage_capped_pretune_on,42,2,1,3,1,1,0,2,0.3333333333333333,1.0,0.5,False,,u1^2|u1^3,,,0
41_evogrow_v2_2_stage_capped_pretune_on_7_2_123,paper1_phaseB_v1,7,evogrow_v2_2_stage_capped_pretune_on,123,2,1,3,1,1,0,2,0.3333333333333333,1.0,0.5,False,,u1^2|u1^3,,,0
42_evogrow_v2_2_stage_capped_pretune_on_7_2_7,paper1_phaseB_v1,7,evogrow_v2_2_stage_capped_pretune_on,7,2,1,3,1,1,0,2,0.3333333333333333,1.0,0.5,False,,u1^2|u1^3,,,0
43_evogrow_v2_2_stage_capped_pretune_on_8_1_42,paper1_phaseB_v1,8,evogrow_v2_2_stage_capped_pretune_on,42,1,1,1,3,1,2,0,1.0,0.3333333333333333,0.5,False,u1^2|u1^3,,,,0
44_evogrow_v2_2_stage_capped_pretune_on_8_1_123,paper1_phaseB_v1,8,evogrow_v2_2_stage_capped_pretune_on,123,1,1,1,3,1,2,0,1.0,0.3333333333333333,0.5,False,u1^2|u1^3,,,,0
45_evogrow_v2_2_stage_capped_pretune_on_8_1_7,paper1_phaseB_v1,8,evogrow_v2_2_stage_capped_pretune_on,7,1,1,1,3,1,2,0,1.0,0.3333333333333333,0.5,False,u1^2|u1^3,,,,0
46_evogrow_v2_2_stage_capped_pretune_on_8_2_42,paper1_phaseB_v1,8,evogrow_v2_2_stage_capped_pretune_on,42,2,1,1,3,1,2,0,1.0,0.3333333333333333,0.5,False,u1^2|u1^3,,,,0
47_evogrow_v2_2_stage_capped_pretune_on_8_2_123,paper1_phaseB_v1,8,evogrow_v2_2_stage_capped_pretune_on,123,2,1,1,3,1,2,0,1.0,0.3333333333333333,0.5,False,u1^2|u1^3,,,,0
48_evogrow_v2_2_stage_capped_pretune_on_8_2_7,paper1_phaseB_v1,8,evogrow_v2_2_stage_capped_pretune_on,7,2,1,1,3,1,2,0,1.0,0.3333333333333333,0.5,False,u1^2|u1^3,,,,0
49_evogrow_v2_2_stage_capped_pretune_on_9_1_42,paper1_phaseB_v1,9,evogrow_v2_2_stage_capped_pretune_on,42,1,1,2,1,1,0,1,0.5,1.0,0.6666666666666666,False,,u1^2,,,0
50_evogrow_v2_2_stage_capped_pretune_on_9_1_123,paper1_phaseB_v1,9,evogrow_v2_2_stage_capped_pretune_on,123,1,1,2,1,1,0,1,0.5,1.0,0.6666666666666666,False,,u1^2,,,0
51_evogrow_v2_2_stage_capped_pretune_on_9_1_7,paper1_phaseB_v1,9,evogrow_v2_2_stage_capped_pretune_on,7,1,1,2,1,1,0,1,0.5,1.0,0.6666666666666666,False,,u1^2,,,0
52_evogrow_v2_2_stage_capped_pretune_on_9_2_42,paper1_phaseB_v1,9,evogrow_v2_2_stage_capped_pretune_on,42,2,1,1,1,1,0,0,1.0,1.0,1.0,True,,,,,0
53_evogrow_v2_2_stage_capped_pretune_on_9_2_123,paper1_phaseB_v1,9,evogrow_v2_2_stage_capped_pretune_on,123,2,1,1,1,1,0,0,1.0,1.0,1.0,True,,,,,0
54_evogrow_v2_2_stage_capped_pretune_on_9_2_7,paper1_phaseB_v1,9,evogrow_v2_2_stage_capped_pretune_on,7,2,1,1,1,1,0,0,1.0,1.0,1.0,True,,,,,0
55_evogrow_v2_2_stage_capped_pretune_on_10_1_42,paper1_phaseB_v1,10,evogrow_v2_2_stage_capped_pretune_on,42,1,1,2,0,0,0,2,0.0,0.0,0.0,False,,u1|u1^2,,,0
56_evogrow_v2_2_stage_capped_pretune_on_10_1_123,paper1_phaseB_v1,10,evogrow_v2_2_stage_capped_pretune_on,123,1,1,2,0,0,0,2,0.0,0.0,0.0,False,,u1|u1^2,,,0
57_evogrow_v2_2_stage_capped_pretune_on_10_1_7,paper1_phaseB_v1,10,evogrow_v2_2_stage_capped_pretune_on,7,1,1,2,0,0,0,2,0.0,0.0,0.0,False,,u1|u1^2,,,0
58_evogrow_v2_2_stage_capped_pretune_on_10_2_42,paper1_phaseB_v1,10,evogrow_v2_2_stage_capped_pretune_on,42,2,1,1,0,0,0,1,0.0,0.0,0.0,False,,u1,,,0
59_evogrow_v2_2_stage_capped_pretune_on_10_2_123,paper1_phaseB_v1,10,evogrow_v2_2_stage_capped_pretune_on,123,2,1,1,0,0,0,1,0.0,0.0,0.0,False,,u1,,,0
60_evogrow_v2_2_stage_capped_pretune_on_10_2_7,paper1_phaseB_v1,10,evogrow_v2_2_stage_capped_pretune_on,7,2,1,1,0,0,0,1,0.0,0.0,0.0,False,,u1,,,0
61_evogrow_v2_2_stage_capped_pretune_on_11_1_42,paper1_phaseB_v1,11,evogrow_v2_2_stage_capped_pretune_on,42,1,1,3,1,1,0,2,0.3333333333333333,1.0,0.5,False,,u1|u1^2,,,0
62_evogrow_v2_2_stage_capped_pretune_on_11_1_123,paper1_phaseB_v1,11,evogrow_v2_2_stage_capped_pretune_on,123,1,1,3,1,1,0,2,0.3333333333333333,1.0,0.5,False,,u1|u1^2,,,0
63_evogrow_v2_2_stage_capped_pretune_on_11_1_7,paper1_phaseB_v1,11,evogrow_v2_2_stage_capped_pretune_on,7,1,1,3,1,1,0,2,0.3333333333333333,1.0,0.5,False,,u1|u1^2,,,0
64_evogrow_v2_2_stage_capped_pretune_on_11_2_42,paper1_phaseB_v1,11,evogrow_v2_2_stage_capped_pretune_on,42,2,1,2,1,0,1,2,0.0,0.0,0.0,False,u1^3,u1|u1^2,,,0
65_evogrow_v2_2_stage_capped_pretune_on_11_2_123,paper1_phaseB_v1,11,evogrow_v2_2_stage_capped_pretune_on,123,2,1,2,1,0,1,2,0.0,0.0,0.0,False,u1^3,u1|u1^2,,,0
66_evogrow_v2_2_stage_capped_pretune_on_11_2_7,paper1_phaseB_v1,11,evogrow_v2_2_stage_capped_pretune_on,7,2,1,2,1,0,1,2,0.0,0.0,0.0,False,u1^3,u1|u1^2,,,0
67_evogrow_v2_2_stage_capped_pretune_on_12_1_42,paper1_phaseB_v1,12,evogrow_v2_2_stage_capped_pretune_on,42,1,1,2,2,2,0,0,1.0,1.0,1.0,True,,,,,0
68_evogrow_v2_2_stage_capped_pretune_on_12_1_123,paper1_phaseB_v1,12,evogrow_v2_2_stage_capped_pretune_on,123,1,1,2,2,2,0,0,1.0,1.0,1.0,True,,,,,0
69_evogrow_v2_2_stage_capped_pretune_on_12_1_7,paper1_phaseB_v1,12,evogrow_v2_2_stage_capped_pretune_on,7,1,1,2,2,2,0,0,1.0,1.0,1.0,True,,,,,0
70_evogrow_v2_2_stage_capped_pretune_on_12_2_42,paper1_phaseB_v1,12,evogrow_v2_2_stage_capped_pretune_on,42,2,1,2,2,2,0,0,1.0,1.0,1.0,True,,,,,0
71_evogrow_v2_2_stage_capped_pretune_on_12_2_123,paper1_phaseB_v1,12,evogrow_v2_2_stage_capped_pretune_on,123,2,1,2,2,2,0,0,1.0,1.0,1.0,True,,,,,0
72_evogrow_v2_2_stage_capped_pretune_on_12_2_7,paper1_phaseB_v1,12,evogrow_v2_2_stage_capped_pretune_on,7,2,1,2,2,2,0,0,1.0,1.0,1.0,True,,,,,0
73_evogrow_v2_2_stage_capped_pretune_on_13_1_42,paper1_phaseB_v1,13,evogrow_v2_2_stage_capped_pretune_on,42,1,1,3,1,0,1,3,0.0,0.0,0.0,False,sin(u1),cos(u1)|u1|u1^2,,,0
74_evogrow_v2_2_stage_capped_pretune_on_13_1_123,paper1_phaseB_v1,13,evogrow_v2_2_stage_capped_pretune_on,123,1,1,3,1,0,1,3,0.0,0.0,0.0,False,sin(u1),cos(u1)|u1|u1^2,,,0
75_evogrow_v2_2_stage_capped_pretune_on_13_1_7,paper1_phaseB_v1,13,evogrow_v2_2_stage_capped_pretune_on,7,1,1,3,1,0,1,3,0.0,0.0,0.0,False,sin(u1),cos(u1)|u1|u1^2,,,0
76_evogrow_v2_2_stage_capped_pretune_on_13_2_42,paper1_phaseB_v1,13,evogrow_v2_2_stage_capped_pretune_on,42,2,1,2,1,0,1,2,0.0,0.0,0.0,False,sin(u1),u1|u1^2,,,0
77_evogrow_v2_2_stage_capped_pretune_on_13_2_123,paper1_phaseB_v1,13,evogrow_v2_2_stage_capped_pretune_on,123,2,1,2,1,0,1,2,0.0,0.0,0.0,False,sin(u1),u1|u1^2,,,0
78_evogrow_v2_2_stage_capped_pretune_on_13_2_7,paper1_phaseB_v1,13,evogrow_v2_2_stage_capped_pretune_on,7,2,1,2,1,0,1,2,0.0,0.0,0.0,False,sin(u1),u1|u1^2,,,0
79_evogrow_v2_2_stage_capped_pretune_on_14_1_42,paper1_phaseB_v1,14,evogrow_v2_2_stage_capped_pretune_on,42,1,1,2,2,2,0,0,1.0,1.0,1.0,True,,,,,0
80_evogrow_v2_2_stage_capped_pretune_on_14_1_123,paper1_phaseB_v1,14,evogrow_v2_2_stage_capped_pretune_on,123,1,1,2,2,2,0,0,1.0,1.0,1.0,True,,,,,0
81_evogrow_v2_2_stage_capped_pretune_on_14_1_7,paper1_phaseB_v1,14,evogrow_v2_2_stage_capped_pretune_on,7,1,1,2,2,2,0,0,1.0,1.0,1.0,True,,,,,0
82_evogrow_v2_2_stage_capped_pretune_on_14_2_42,paper1_phaseB_v1,14,evogrow_v2_2_stage_capped_pretune_on,42,2,1,2,2,2,0,0,1.0,1.0,1.0,True,,,,,0
83_evogrow_v2_2_stage_capped_pretune_on_14_2_123,paper1_phaseB_v1,14,evogrow_v2_2_stage_capped_pretune_on,123,2,1,2,2,2,0,0,1.0,1.0,1.0,True,,,,,0
84_evogrow_v2_2_stage_capped_pretune_on_14_2_7,paper1_phaseB_v1,14,evogrow_v2_2_stage_capped_pretune_on,7,2,1,2,2,2,0,0,1.0,1.0,1.0,True,,,,,0
85_evogrow_v2_2_stage_capped_pretune_on_15_1_42,paper1_phaseB_v1,15,evogrow_v2_2_stage_capped_pretune_on,42,1,1,3,2,2,0,1,0.6666666666666666,1.0,0.8,False,,u1^3,,,0
86_evogrow_v2_2_stage_capped_pretune_on_15_1_123,paper1_phaseB_v1,15,evogrow_v2_2_stage_capped_pretune_on,123,1,1,3,2,2,0,1,0.6666666666666666,1.0,0.8,False,,u1^3,,,0
87_evogrow_v2_2_stage_capped_pretune_on_15_1_7,paper1_phaseB_v1,15,evogrow_v2_2_stage_capped_pretune_on,7,1,1,3,2,2,0,1,0.6666666666666666,1.0,0.8,False,,u1^3,,,0
88_evogrow_v2_2_stage_capped_pretune_on_15_2_42,paper1_phaseB_v1,15,evogrow_v2_2_stage_capped_pretune_on,42,2,1,1,2,1,1,0,1.0,0.5,0.6666666666666666,False,u1^2,,,,0
89_evogrow_v2_2_stage_capped_pretune_on_15_2_123,paper1_phaseB_v1,15,evogrow_v2_2_stage_capped_pretune_on,123,2,1,1,2,1,1,0,1.0,0.5,0.6666666666666666,False,u1^2,,,,0
90_evogrow_v2_2_stage_capped_pretune_on_15_2_7,paper1_phaseB_v1,15,evogrow_v2_2_stage_capped_pretune_on,7,2,1,1,2,1,1,0,1.0,0.5,0.6666666666666666,False,u1^2,,,,0
91_evogrow_v2_2_stage_capped_pretune_on_16_1_42,paper1_phaseB_v1,16,evogrow_v2_2_stage_capped_pretune_on,42,1,1,4,2,2,0,2,0.5,1.0,0.6666666666666666,False,,cos(u1)|u1^2,,,0
92_evogrow_v2_2_stage_capped_pretune_on_16_1_123,paper1_phaseB_v1,16,evogrow_v2_2_stage_capped_pretune_on,123,1,1,4,2,2,0,2,0.5,1.0,0.6666666666666666,False,,cos(u1)|u1^2,,,0
93_evogrow_v2_2_stage_capped_pretune_on_16_1_7,paper1_phaseB_v1,16,evogrow_v2_2_stage_capped_pretune_on,7,1,1,4,2,2,0,2,0.5,1.0,0.6666666666666666,False,,cos(u1)|u1^2,,,0
94_evogrow_v2_2_stage_capped_pretune_on_16_2_42,paper1_phaseB_v1,16,evogrow_v2_2_stage_capped_pretune_on,42,2,1,4,2,2,0,2,0.5,1.0,0.6666666666666666,False,,cos(u1)|u1^2,,,0
95_evogrow_v2_2_stage_capped_pretune_on_16_2_123,paper1_phaseB_v1,16,evogrow_v2_2_stage_capped_pretune_on,123,2,1,4,2,2,0,2,0.5,1.0,0.6666666666666666,False,,cos(u1)|u1^2,,,0
96_evogrow_v2_2_stage_capped_pretune_on_16_2_7,paper1_phaseB_v1,16,evogrow_v2_2_stage_capped_pretune_on,7,2,1,4,2,2,0,2,0.5,1.0,0.6666666666666666,False,,cos(u1)|u1^2,,,0
97_evogrow_v2_2_stage_capped_pretune_on_17_1_42,paper1_phaseB_v1,17,evogrow_v2_2_stage_capped_pretune_on,42,1,1,3,2,2,0,1,0.6666666666666666,1.0,0.8,False,,u1^3,,,0
98_evogrow_v2_2_stage_capped_pretune_on_17_1_123,paper1_phaseB_v1,17,evogrow_v2_2_stage_capped_pretune_on,123,1,1,3,2,2,0,1,0.6666666666666666,1.0,0.8,False,,u1^3,,,0
99_evogrow_v2_2_stage_capped_pretune_on_17_1_7,paper1_phaseB_v1,17,evogrow_v2_2_stage_capped_pretune_on,7,1,1,3,2,2,0,1,0.6666666666666666,1.0,0.8,False,,u1^3,,,0
100_evogrow_v2_2_stage_capped_pretune_on_17_2_42,paper1_phaseB_v1,17,evogrow_v2_2_stage_capped_pretune_on,42,2,1,2,2,2,0,0,1.0,1.0,1.0,True,,,,,0
101_evogrow_v2_2_stage_capped_pretune_on_17_2_123,paper1_phaseB_v1,17,evogrow_v2_2_stage_capped_pretune_on,123,2,1,2,2,2,0,0,1.0,1.0,1.0,True,,,,,0
102_evogrow_v2_2_stage_capped_pretune_on_17_2_7,paper1_phaseB_v1,17,evogrow_v2_2_stage_capped_pretune_on,7,2,1,2,2,2,0,0,1.0,1.0,1.0,True,,,,,0
103_evogrow_v2_2_stage_capped_pretune_on_18_1_42,paper1_phaseB_v1,18,evogrow_v2_2_stage_capped_pretune_on,42,1,1,2,2,2,0,0,1.0,1.0,1.0,True,,,,,0
104_evogrow_v2_2_stage_capped_pretune_on_18_1_123,paper1_phaseB_v1,18,evogrow_v2_2_stage_capped_pretune_on,123,1,1,2,2,2,0,0,1.0,1.0,1.0,True,,,,,0
105_evogrow_v2_2_stage_capped_pretune_on_18_1_7,paper1_phaseB_v1,18,evogrow_v2_2_stage_capped_pretune_on,7,1,1,2,2,2,0,0,1.0,1.0,1.0,True,,,,,0
106_evogrow_v2_2_stage_capped_pretune_on_18_2_42,paper1_phaseB_v1,18,evogrow_v2_2_stage_capped_pretune_on,42,2,1,2,2,2,0,0,1.0,1.0,1.0,True,,,,,0
107_evogrow_v2_2_stage_capped_pretune_on_18_2_123,paper1_phaseB_v1,18,evogrow_v2_2_stage_capped_pretune_on,123,2,1,2,2,2,0,0,1.0,1.0,1.0,True,,,,,0
108_evogrow_v2_2_stage_capped_pretune_on_18_2_7,paper1_phaseB_v1,18,evogrow_v2_2_stage_capped_pretune_on,7,2,1,2,2,2,0,0,1.0,1.0,1.0,True,,,,,0
109_evogrow_v2_2_stage_capped_pretune_on_19_1_42,paper1_phaseB_v1,19,evogrow_v2_2_stage_capped_pretune_on,42,1,1,2,2,2,0,0,1.0,1.0,1.0,True,,,,,0
110_evogrow_v2_2_stage_capped_pretune_on_19_1_123,paper1_phaseB_v1,19,evogrow_v2_2_stage_capped_pretune_on,123,1,1,2,2,2,0,0,1.0,1.0,1.0,True,,,,,0
111_evogrow_v2_2_stage_capped_pretune_on_19_1_7,paper1_phaseB_v1,19,evogrow_v2_2_stage_capped_pretune_on,7,1,1,2,2,2,0,0,1.0,1.0,1.0,True,,,,,0
112_evogrow_v2_2_stage_capped_pretune_on_19_2_42,paper1_phaseB_v1,19,evogrow_v2_2_stage_capped_pretune_on,42,2,1,2,2,2,0,0,1.0,1.0,1.0,True,,,,,0
113_evogrow_v2_2_stage_capped_pretune_on_19_2_123,paper1_phaseB_v1,19,evogrow_v2_2_stage_capped_pretune_on,123,2,1,2,2,2,0,0,1.0,1.0,1.0,True,,,,,0
114_evogrow_v2_2_stage_capped_pretune_on_19_2_7,paper1_phaseB_v1,19,evogrow_v2_2_stage_capped_pretune_on,7,2,1,2,2,2,0,0,1.0,1.0,1.0,True,,,,,0
115_evogrow_v2_2_stage_capped_pretune_on_20_1_42,paper1_phaseB_v1,20,evogrow_v2_2_stage_capped_pretune_on,42,1,1,3,1,1,0,2,0.3333333333333333,1.0,0.5,False,,cos(u1)|u1^2,,,0
116_evogrow_v2_2_stage_capped_pretune_on_20_1_123,paper1_phaseB_v1,20,evogrow_v2_2_stage_capped_pretune_on,123,1,1,3,1,1,0,2,0.3333333333333333,1.0,0.5,False,,cos(u1)|u1^2,,,0
117_evogrow_v2_2_stage_capped_pretune_on_20_1_7,paper1_phaseB_v1,20,evogrow_v2_2_stage_capped_pretune_on,7,1,1,3,1,1,0,2,0.3333333333333333,1.0,0.5,False,,cos(u1)|u1^2,,,0
118_evogrow_v2_2_stage_capped_pretune_on_20_2_42,paper1_phaseB_v1,20,evogrow_v2_2_stage_capped_pretune_on,42,2,1,1,1,1,0,0,1.0,1.0,1.0,True,,,,,0
119_evogrow_v2_2_stage_capped_pretune_on_20_2_123,paper1_phaseB_v1,20,evogrow_v2_2_stage_capped_pretune_on,123,2,1,1,1,1,0,0,1.0,1.0,1.0,True,,,,,0
120_evogrow_v2_2_stage_capped_pretune_on_20_2_7,paper1_phaseB_v1,20,evogrow_v2_2_stage_capped_pretune_on,7,2,1,1,1,1,0,0,1.0,1.0,1.0,True,,,,,0
121_evogrow_v2_2_stage_capped_pretune_on_21_1_42,paper1_phaseB_v1,21,evogrow_v2_2_stage_capped_pretune_on,42,1,1,4,1,1,0,3,0.25,1.0,0.4,False,,cos(u1)|sin(u1)|u1^2,,,0
122_evogrow_v2_2_stage_capped_pretune_on_21_1_123,paper1_phaseB_v1,21,evogrow_v2_2_stage_capped_pretune_on,123,1,1,4,1,1,0,3,0.25,1.0,0.4,False,,cos(u1)|sin(u1)|u1^2,,,0
123_evogrow_v2_2_stage_capped_pretune_on_21_1_7,paper1_phaseB_v1,21,evogrow_v2_2_stage_capped_pretune_on,7,1,1,4,1,1,0,3,0.25,1.0,0.4,False,,cos(u1)|sin(u1)|u1^2,,,0
124_evogrow_v2_2_stage_capped_pretune_on_21_2_42,paper1_phaseB_v1,21,evogrow_v2_2_stage_capped_pretune_on,42,2,1,3,1,1,0,2,0.3333333333333333,1.0,0.5,False,,u1^2|u1^3,,,0
125_evogrow_v2_2_stage_capped_pretune_on_21_2_123,paper1_phaseB_v1,21,evogrow_v2_2_stage_capped_pretune_on,123,2,1,3,1,1,0,2,0.3333333333333333,1.0,0.5,False,,u1^2|u1^3,,,0
126_evogrow_v2_2_stage_capped_pretune_on_21_2_7,paper1_phaseB_v1,21,evogrow_v2_2_stage_capped_pretune_on,7,2,1,3,1,1,0,2,0.3333333333333333,1.0,0.5,False,,u1^2|u1^3,,,0
127_evogrow_v2_2_stage_capped_pretune_on_22_1_42,paper1_phaseB_v1,22,evogrow_v2_2_stage_capped_pretune_on,42,1,1,2,1,1,0,1,0.5,1.0,0.6666666666666666,False,,u1^2,,,0
128_evogrow_v2_2_stage_capped_pretune_on_22_1_123,paper1_phaseB_v1,22,evogrow_v2_2_stage_capped_pretune_on,123,1,1,2,1,1,0,1,0.5,1.0,0.6666666666666666,False,,u1^2,,,0
129_evogrow_v2_2_stage_capped_pretune_on_22_1_7,paper1_phaseB_v1,22,evogrow_v2_2_stage_capped_pretune_on,7,1,1,2,1,1,0,1,0.5,1.0,0.6666666666666666,False,,u1^2,,,0
130_evogrow_v2_2_stage_capped_pretune_on_22_2_42,paper1_phaseB_v1,22,evogrow_v2_2_stage_capped_pretune_on,42,2,1,3,1,1,0,2,0.3333333333333333,1.0,0.5,False,,u1^2|u1^3,,,0
131_evogrow_v2_2_stage_capped_pretune_on_22_2_123,paper1_phaseB_v1,22,evogrow_v2_2_stage_capped_pretune_on,123,2,1,3,1,1,0,2,0.3333333333333333,1.0,0.5,False,,u1^2|u1^3,,,0
132_evogrow_v2_2_stage_capped_pretune_on_22_2_7,paper1_phaseB_v1,22,evogrow_v2_2_stage_capped_pretune_on,7,2,1,3,1,1,0,2,0.3333333333333333,1.0,0.5,False,,u1^2|u1^3,,,0
133_evogrow_v2_2_stage_capped_pretune_on_23_1_42,paper1_phaseB_v1,23,evogrow_v2_2_stage_capped_pretune_on,42,1,1,3,1,0,1,3,0.0,0.0,0.0,False,sin(u1),cos(u1)|u1|u1^2,,,0
134_evogrow_v2_2_stage_capped_pretune_on_23_1_123,paper1_phaseB_v1,23,evogrow_v2_2_stage_capped_pretune_on,123,1,1,3,1,0,1,3,0.0,0.0,0.0,False,sin(u1),cos(u1)|u1|u1^2,,,0
135_evogrow_v2_2_stage_capped_pretune_on_23_1_7,paper1_phaseB_v1,23,evogrow_v2_2_stage_capped_pretune_on,7,1,1,3,1,0,1,3,0.0,0.0,0.0,False,sin(u1),cos(u1)|u1|u1^2,,,0
136_evogrow_v2_2_stage_capped_pretune_on_23_2_42,paper1_phaseB_v1,23,evogrow_v2_2_stage_capped_pretune_on,42,2,1,3,1,0,1,3,0.0,0.0,0.0,False,sin(u1),u1|u1^2|u1^3,,,0
137_evogrow_v2_2_stage_capped_pretune_on_23_2_123,paper1_phaseB_v1,23,evogrow_v2_2_stage_capped_pretune_on,123,2,1,3,1,0,1,3,0.0,0.0,0.0,False,sin(u1),u1|u1^2|u1^3,,,0
138_evogrow_v2_2_stage_capped_pretune_on_23_2_7,paper1_phaseB_v1,23,evogrow_v2_2_stage_capped_pretune_on,7,2,1,3,1,0,1,3,0.0,0.0,0.0,False,sin(u1),u1|u1^2|u1^3,,,0
139_evogrow_v2_2_stage_capped_pretune_on_24_1_42,paper1_phaseB_v1,24,evogrow_v2_2_stage_capped_pretune_on,42,1,1,1,1,1,0,0,1.0,1.0,1.0,True,,,,,0
139_evogrow_v2_2_stage_capped_pretune_on_24_1_42,paper1_phaseB_v1,24,evogrow_v2_2_stage_capped_pretune_on,42,1,2,1,1,1,0,0,1.0,1.0,1.0,True,,,,,0
140_evogrow_v2_2_stage_capped_pretune_on_24_1_123,paper1_phaseB_v1,24,evogrow_v2_2_stage_capped_pretune_on,123,1,1,1,1,1,0,0,1.0,1.0,1.0,True,,,,,0
140_evogrow_v2_2_stage_capped_pretune_on_24_1_123,paper1_phaseB_v1,24,evogrow_v2_2_stage_capped_pretune_on,123,1,2,1,1,1,0,0,1.0,1.0,1.0,True,,,,,0
141_evogrow_v2_2_stage_capped_pretune_on_24_1_7,paper1_phaseB_v1,24,evogrow_v2_2_stage_capped_pretune_on,7,1,1,1,1,1,0,0,1.0,1.0,1.0,True,,,,,0
141_evogrow_v2_2_stage_capped_pretune_on_24_1_7,paper1_phaseB_v1,24,evogrow_v2_2_stage_capped_pretune_on,7,1,2,1,1,1,0,0,1.0,1.0,1.0,True,,,,,0
142_evogrow_v2_2_stage_capped_pretune_on_24_2_42,paper1_phaseB_v1,24,evogrow_v2_2_stage_capped_pretune_on,42,2,1,1,1,1,0,0,1.0,1.0,1.0,True,,,,,0
142_evogrow_v2_2_stage_capped_pretune_on_24_2_42,paper1_phaseB_v1,24,evogrow_v2_2_stage_capped_pretune_on,42,2,2,1,1,1,0,0,1.0,1.0,1.0,True,,,,,0
143_evogrow_v2_2_stage_capped_pretune_on_24_2_123,paper1_phaseB_v1,24,evogrow_v2_2_stage_capped_pretune_on,123,2,1,1,1,1,0,0,1.0,1.0,1.0,True,,,,,0
143_evogrow_v2_2_stage_capped_pretune_on_24_2_123,paper1_phaseB_v1,24,evogrow_v2_2_stage_capped_pretune_on,123,2,2,1,1,1,0,0,1.0,1.0,1.0,True,,,,,0
144_evogrow_v2_2_stage_capped_pretune_on_24_2_7,paper1_phaseB_v1,24,evogrow_v2_2_stage_capped_pretune_on,7,2,1,1,1,1,0,0,1.0,1.0,1.0,True,,,,,0
144_evogrow_v2_2_stage_capped_pretune_on_24_2_7,paper1_phaseB_v1,24,evogrow_v2_2_stage_capped_pretune_on,7,2,2,1,1,1,0,0,1.0,1.0,1.0,True,,,,,0
145_evogrow_v2_2_stage_capped_pretune_on_25_1_42,paper1_phaseB_v1,25,evogrow_v2_2_stage_capped_pretune_on,42,1,1,1,1,1,0,0,1.0,1.0,1.0,True,,,,,0
145_evogrow_v2_2_stage_capped_pretune_on_25_1_42,paper1_phaseB_v1,25,evogrow_v2_2_stage_capped_pretune_on,42,1,2,2,2,2,0,0,1.0,1.0,1.0,True,,,,,0
146_evogrow_v2_2_stage_capped_pretune_on_25_1_123,paper1_phaseB_v1,25,evogrow_v2_2_stage_capped_pretune_on,123,1,1,1,1,1,0,0,1.0,1.0,1.0,True,,,,,0
146_evogrow_v2_2_stage_capped_pretune_on_25_1_123,paper1_phaseB_v1,25,evogrow_v2_2_stage_capped_pretune_on,123,1,2,2,2,2,0,0,1.0,1.0,1.0,True,,,,,0
147_evogrow_v2_2_stage_capped_pretune_on_25_1_7,paper1_phaseB_v1,25,evogrow_v2_2_stage_capped_pretune_on,7,1,1,1,1,1,0,0,1.0,1.0,1.0,True,,,,,0
147_evogrow_v2_2_stage_capped_pretune_on_25_1_7,paper1_phaseB_v1,25,evogrow_v2_2_stage_capped_pretune_on,7,1,2,2,2,2,0,0,1.0,1.0,1.0,True,,,,,0
148_evogrow_v2_2_stage_capped_pretune_on_25_2_42,paper1_phaseB_v1,25,evogrow_v2_2_stage_capped_pretune_on,42,2,1,1,1,1,0,0,1.0,1.0,1.0,True,,,,,0
148_evogrow_v2_2_stage_capped_pretune_on_25_2_42,paper1_phaseB_v1,25,evogrow_v2_2_stage_capped_pretune_on,42,2,2,2,2,2,0,0,1.0,1.0,1.0,True,,,,,0
149_evogrow_v2_2_stage_capped_pretune_on_25_2_123,paper1_phaseB_v1,25,evogrow_v2_2_stage_capped_pretune_on,123,2,1,1,1,1,0,0,1.0,1.0,1.0,True,,,,,0
149_evogrow_v2_2_stage_capped_pretune_on_25_2_123,paper1_phaseB_v1,25,evogrow_v2_2_stage_capped_pretune_on,123,2,2,2,2,2,0,0,1.0,1.0,1.0,True,,,,,0
150_evogrow_v2_2_stage_capped_pretune_on_25_2_7,paper1_phaseB_v1,25,evogrow_v2_2_stage_capped_pretune_on,7,2,1,1,1,1,0,0,1.0,1.0,1.0,True,,,,,0
150_evogrow_v2_2_stage_capped_pretune_on_25_2_7,paper1_phaseB_v1,25,evogrow_v2_2_stage_capped_pretune_on,7,2,2,2,2,2,0,0,1.0,1.0,1.0,True,,,,,0
151_evogrow_v2_2_stage_capped_pretune_on_26_1_42,paper1_phaseB_v1,26,evogrow_v2_2_stage_capped_pretune_on,42,1,1,4,3,2,1,2,0.5,0.6666666666666666,0.5714285714285715,False,u1^2,u2|u2^2,,,0
151_evogrow_v2_2_stage_capped_pretune_on_26_1_42,paper1_phaseB_v1,26,evogrow_v2_2_stage_capped_pretune_on,42,1,2,3,3,1,2,2,0.3333333333333333,0.3333333333333333,0.3333333333333333,False,u1*u2|u2^2,u1|u1^2,,,0
152_evogrow_v2_2_stage_capped_pretune_on_26_1_123,paper1_phaseB_v1,26,evogrow_v2_2_stage_capped_pretune_on,123,1,1,4,3,2,1,2,0.5,0.6666666666666666,0.5714285714285715,False,u1^2,u2|u2^2,,,0
152_evogrow_v2_2_stage_capped_pretune_on_26_1_123,paper1_phaseB_v1,26,evogrow_v2_2_stage_capped_pretune_on,123,1,2,3,3,1,2,2,0.3333333333333333,0.3333333333333333,0.3333333333333333,False,u1*u2|u2^2,u1|u1^2,,,0
153_evogrow_v2_2_stage_capped_pretune_on_26_1_7,paper1_phaseB_v1,26,evogrow_v2_2_stage_capped_pretune_on,7,1,1,4,3,3,0,1,0.75,1.0,0.8571428571428571,False,,u2,,,0
153_evogrow_v2_2_stage_capped_pretune_on_26_1_7,paper1_phaseB_v1,26,evogrow_v2_2_stage_capped_pretune_on,7,1,2,3,3,1,2,2,0.3333333333333333,0.3333333333333333,0.3333333333333333,False,u1*u2|u2^2,u1|u1^2,,,0
154_evogrow_v2_2_stage_capped_pretune_on_26_2_42,paper1_phaseB_v1,26,evogrow_v2_2_stage_capped_pretune_on,42,2,1,3,3,2,1,1,0.6666666666666666,0.6666666666666666,0.6666666666666666,False,u1*u2,u2,,,0
154_evogrow_v2_2_stage_capped_pretune_on_26_2_42,paper1_phaseB_v1,26,evogrow_v2_2_stage_capped_pretune_on,42,2,2,3,3,2,1,1,0.6666666666666666,0.6666666666666666,0.6666666666666666,False,u1*u2,u1,,,0
155_evogrow_v2_2_stage_capped_pretune_on_26_2_123,paper1_phaseB_v1,26,evogrow_v2_2_stage_capped_pretune_on,123,2,1,3,3,2,1,1,0.6666666666666666,0.6666666666666666,0.6666666666666666,False,u1*u2,u2,,,0
155_evogrow_v2_2_stage_capped_pretune_on_26_2_123,paper1_phaseB_v1,26,evogrow_v2_2_stage_capped_pretune_on,123,2,2,3,3,2,1,1,0.6666666666666666,0.6666666666666666,0.6666666666666666,False,u1*u2,u1,,,0
156_evogrow_v2_2_stage_capped_pretune_on_26_2_7,paper1_phaseB_v1,26,evogrow_v2_2_stage_capped_pretune_on,7,2,1,3,3,2,1,1,0.6666666666666666,0.6666666666666666,0.6666666666666666,False,u1*u2,u2,,,0
156_evogrow_v2_2_stage_capped_pretune_on_26_2_7,paper1_phaseB_v1,26,evogrow_v2_2_stage_capped_pretune_on,7,2,2,3,3,2,1,1,0.6666666666666666,0.6666666666666666,0.6666666666666666,False,u1*u2,u1,,,0
157_evogrow_v2_2_stage_capped_pretune_on_27_1_42,paper1_phaseB_v1,27,evogrow_v2_2_stage_capped_pretune_on,42,1,1,4,2,2,0,2,0.5,1.0,0.6666666666666666,False,,u1^2|u2,,,0
157_evogrow_v2_2_stage_capped_pretune_on_27_1_42,paper1_phaseB_v1,27,evogrow_v2_2_stage_capped_pretune_on,42,1,2,3,2,2,0,1,0.6666666666666666,1.0,0.8,False,,u1,,,0
158_evogrow_v2_2_stage_capped_pretune_on_27_1_123,paper1_phaseB_v1,27,evogrow_v2_2_stage_capped_pretune_on,123,1,1,4,2,2,0,2,0.5,1.0,0.6666666666666666,False,,u1^2|u2,,,0
158_evogrow_v2_2_stage_capped_pretune_on_27_1_123,paper1_phaseB_v1,27,evogrow_v2_2_stage_capped_pretune_on,123,1,2,4,2,2,0,2,0.5,1.0,0.6666666666666666,False,,u1|u2^2,,,0
159_evogrow_v2_2_stage_capped_pretune_on_27_1_7,paper1_phaseB_v1,27,evogrow_v2_2_stage_capped_pretune_on,7,1,1,5,2,2,0,3,0.4,1.0,0.5714285714285715,False,,u1^2|u2|u2^2,,,0
159_evogrow_v2_2_stage_capped_pretune_on_27_1_7,paper1_phaseB_v1,27,evogrow_v2_2_stage_capped_pretune_on,7,1,2,4,2,2,0,2,0.5,1.0,0.6666666666666666,False,,u1|u2^2,,,0
160_evogrow_v2_2_stage_capped_pretune_on_27_2_42,paper1_phaseB_v1,27,evogrow_v2_2_stage_capped_pretune_on,42,2,1,5,2,2,0,3,0.4,1.0,0.5714285714285715,False,,u1^2|u2|u2^2,,,0
160_evogrow_v2_2_stage_capped_pretune_on_27_2_42,paper1_phaseB_v1,27,evogrow_v2_2_stage_capped_pretune_on,42,2,2,5,2,2,0,3,0.4,1.0,0.5714285714285715,False,,u1|u1^2|u2^2,,,0
161_evogrow_v2_2_stage_capped_pretune_on_27_2_123,paper1_phaseB_v1,27,evogrow_v2_2_stage_capped_pretune_on,123,2,1,5,2,2,0,3,0.4,1.0,0.5714285714285715,False,,u1^2|u2|u2^2,,,0
161_evogrow_v2_2_stage_capped_pretune_on_27_2_123,paper1_phaseB_v1,27,evogrow_v2_2_stage_capped_pretune_on,123,2,2,5,2,2,0,3,0.4,1.0,0.5714285714285715,False,,u1|u1^2|u2^2,,,0
162_evogrow_v2_2_stage_capped_pretune_on_27_2_7,paper1_phaseB_v1,27,evogrow_v2_2_stage_capped_pretune_on,7,2,1,5,2,2,0,3,0.4,1.0,0.5714285714285715,False,,u1^2|u2|u2^2,,,0
162_evogrow_v2_2_stage_capped_pretune_on_27_2_7,paper1_phaseB_v1,27,evogrow_v2_2_stage_capped_pretune_on,7,2,2,5,2,2,0,3,0.4,1.0,0.5714285714285715,False,,u1|u1^2|u2^2,,,0
163_evogrow_v2_2_stage_capped_pretune_on_28_1_42,paper1_phaseB_v1,28,evogrow_v2_2_stage_capped_pretune_on,42,1,1,1,1,1,0,0,1.0,1.0,1.0,True,,,,,0
163_evogrow_v2_2_stage_capped_pretune_on_28_1_42,paper1_phaseB_v1,28,evogrow_v2_2_stage_capped_pretune_on,42,1,2,2,1,0,1,2,0.0,0.0,0.0,False,sin(u1),u1|u1^3,,,0
164_evogrow_v2_2_stage_capped_pretune_on_28_1_123,paper1_phaseB_v1,28,evogrow_v2_2_stage_capped_pretune_on,123,1,1,1,1,1,0,0,1.0,1.0,1.0,True,,,,,0
164_evogrow_v2_2_stage_capped_pretune_on_28_1_123,paper1_phaseB_v1,28,evogrow_v2_2_stage_capped_pretune_on,123,1,2,2,1,0,1,2,0.0,0.0,0.0,False,sin(u1),u1|u1^3,,,0
165_evogrow_v2_2_stage_capped_pretune_on_28_1_7,paper1_phaseB_v1,28,evogrow_v2_2_stage_capped_pretune_on,7,1,1,1,1,1,0,0,1.0,1.0,1.0,True,,,,,0
165_evogrow_v2_2_stage_capped_pretune_on_28_1_7,paper1_phaseB_v1,28,evogrow_v2_2_stage_capped_pretune_on,7,1,2,2,1,0,1,2,0.0,0.0,0.0,False,sin(u1),u1|u1^3,,,0
166_evogrow_v2_2_stage_capped_pretune_on_28_2_42,paper1_phaseB_v1,28,evogrow_v2_2_stage_capped_pretune_on,42,2,1,1,1,1,0,0,1.0,1.0,1.0,True,,,,,0
166_evogrow_v2_2_stage_capped_pretune_on_28_2_42,paper1_phaseB_v1,28,evogrow_v2_2_stage_capped_pretune_on,42,2,2,1,1,0,1,1,0.0,0.0,0.0,False,sin(u1),u1,,,0
167_evogrow_v2_2_stage_capped_pretune_on_28_2_123,paper1_phaseB_v1,28,evogrow_v2_2_stage_capped_pretune_on,123,2,1,1,1,1,0,0,1.0,1.0,1.0,True,,,,,0
167_evogrow_v2_2_stage_capped_pretune_on_28_2_123,paper1_phaseB_v1,28,evogrow_v2_2_stage_capped_pretune_on,123,2,2,1,1,0,1,1,0.0,0.0,0.0,False,sin(u1),u1,,,0
168_evogrow_v2_2_stage_capped_pretune_on_28_2_7,paper1_phaseB_v1,28,evogrow_v2_2_stage_capped_pretune_on,7,2,1,1,1,1,0,0,1.0,1.0,1.0,True,,,,,0
168_evogrow_v2_2_stage_capped_pretune_on_28_2_7,paper1_phaseB_v1,28,evogrow_v2_2_stage_capped_pretune_on,7,2,2,1,1,0,1,1,0.0,0.0,0.0,False,sin(u1),u1,,,0
169_evogrow_v2_2_stage_capped_pretune_on_29_1_42,paper1_phaseB_v1,29,evogrow_v2_2_stage_capped_pretune_on,42,1,1,4,1,1,0,3,0.25,1.0,0.4,False,,u1|u2|u2^2,,,0
169_evogrow_v2_2_stage_capped_pretune_on_29_1_42,paper1_phaseB_v1,29,evogrow_v2_2_stage_capped_pretune_on,42,1,2,3,2,1,1,2,0.3333333333333333,0.5,0.4,False,u1^2,u1|u2,,,0
170_evogrow_v2_2_stage_capped_pretune_on_29_1_123,paper1_phaseB_v1,29,evogrow_v2_2_stage_capped_pretune_on,123,1,1,4,1,1,0,3,0.25,1.0,0.4,False,,u1|u2|u2^2,,,0
170_evogrow_v2_2_stage_capped_pretune_on_29_1_123,paper1_phaseB_v1,29,evogrow_v2_2_stage_capped_pretune_on,123,1,2,3,2,1,1,2,0.3333333333333333,0.5,0.4,False,u1^2,u1|u2,,,0
171_evogrow_v2_2_stage_capped_pretune_on_29_1_7,paper1_phaseB_v1,29,evogrow_v2_2_stage_capped_pretune_on,7,1,1,4,1,1,0,3,0.25,1.0,0.4,False,,u1|u2|u2^2,,,0
171_evogrow_v2_2_stage_capped_pretune_on_29_1_7,paper1_phaseB_v1,29,evogrow_v2_2_stage_capped_pretune_on,7,1,2,3,2,1,1,2,0.3333333333333333,0.5,0.4,False,u1^2,u1|u2,,,0
172_evogrow_v2_2_stage_capped_pretune_on_29_2_42,paper1_phaseB_v1,29,evogrow_v2_2_stage_capped_pretune_on,42,2,1,3,1,0,1,3,0.0,0.0,0.0,False,u1*u2,u1|u1^2|u2^2,,,0
172_evogrow_v2_2_stage_capped_pretune_on_29_2_42,paper1_phaseB_v1,29,evogrow_v2_2_stage_capped_pretune_on,42,2,2,2,2,0,2,2,0.0,0.0,0.0,False,u1^2|u2^2,u1|u2,,,0
173_evogrow_v2_2_stage_capped_pretune_on_29_2_123,paper1_phaseB_v1,29,evogrow_v2_2_stage_capped_pretune_on,123,2,1,3,1,0,1,3,0.0,0.0,0.0,False,u1*u2,u1|u1^2|u2^2,,,0
173_evogrow_v2_2_stage_capped_pretune_on_29_2_123,paper1_phaseB_v1,29,evogrow_v2_2_stage_capped_pretune_on,123,2,2,2,2,0,2,2,0.0,0.0,0.0,False,u1^2|u2^2,u1|u2,,,0
174_evogrow_v2_2_stage_capped_pretune_on_29_2_7,paper1_phaseB_v1,29,evogrow_v2_2_stage_capped_pretune_on,7,2,1,3,1,0,1,3,0.0,0.0,0.0,False,u1*u2,u1|u1^2|u2^2,,,0
174_evogrow_v2_2_stage_capped_pretune_on_29_2_7,paper1_phaseB_v1,29,evogrow_v2_2_stage_capped_pretune_on,7,2,2,2,2,0,2,2,0.0,0.0,0.0,False,u1^2|u2^2,u1|u2,,,0
175_evogrow_v2_2_stage_capped_pretune_on_30_1_42,paper1_phaseB_v1,30,evogrow_v2_2_stage_capped_pretune_on,42,1,1,1,1,0,1,1,0.0,0.0,0.0,False,u1*u2,u2,,,0
175_evogrow_v2_2_stage_capped_pretune_on_30_1_42,paper1_phaseB_v1,30,evogrow_v2_2_stage_capped_pretune_on,42,1,2,1,1,0,1,1,0.0,0.0,0.0,False,u1*u2,u2,,,0
176_evogrow_v2_2_stage_capped_pretune_on_30_1_123,paper1_phaseB_v1,30,evogrow_v2_2_stage_capped_pretune_on,123,1,1,1,1,0,1,1,0.0,0.0,0.0,False,u1*u2,u2,,,0
176_evogrow_v2_2_stage_capped_pretune_on_30_1_123,paper1_phaseB_v1,30,evogrow_v2_2_stage_capped_pretune_on,123,1,2,1,1,0,1,1,0.0,0.0,0.0,False,u1*u2,u2,,,0
177_evogrow_v2_2_stage_capped_pretune_on_30_1_7,paper1_phaseB_v1,30,evogrow_v2_2_stage_capped_pretune_on,7,1,1,1,1,0,1,1,0.0,0.0,0.0,False,u1*u2,u2,,,0
177_evogrow_v2_2_stage_capped_pretune_on_30_1_7,paper1_phaseB_v1,30,evogrow_v2_2_stage_capped_pretune_on,7,1,2,1,1,0,1,1,0.0,0.0,0.0,False,u1*u2,u2,,,0
178_evogrow_v2_2_stage_capped_pretune_on_30_2_42,paper1_phaseB_v1,30,evogrow_v2_2_stage_capped_pretune_on,42,2,1,1,1,0,1,1,0.0,0.0,0.0,False,u1*u2,u2,,,0
178_evogrow_v2_2_stage_capped_pretune_on_30_2_42,paper1_phaseB_v1,30,evogrow_v2_2_stage_capped_pretune_on,42,2,2,1,1,0,1,1,0.0,0.0,0.0,False,u1*u2,u1,,,0
179_evogrow_v2_2_stage_capped_pretune_on_30_2_123,paper1_phaseB_v1,30,evogrow_v2_2_stage_capped_pretune_on,123,2,1,1,1,0,1,1,0.0,0.0,0.0,False,u1*u2,u2,,,0
179_evogrow_v2_2_stage_capped_pretune_on_30_2_123,paper1_phaseB_v1,30,evogrow_v2_2_stage_capped_pretune_on,123,2,2,1,1,0,1,1,0.0,0.0,0.0,False,u1*u2,u1,,,0
180_evogrow_v2_2_stage_capped_pretune_on_30_2_7,paper1_phaseB_v1,30,evogrow_v2_2_stage_capped_pretune_on,7,2,1,1,1,0,1,1,0.0,0.0,0.0,False,u1*u2,u2,,,0
180_evogrow_v2_2_stage_capped_pretune_on_30_2_7,paper1_phaseB_v1,30,evogrow_v2_2_stage_capped_pretune_on,7,2,2,1,1,0,1,1,0.0,0.0,0.0,False,u1*u2,u1,,,0
181_evogrow_v2_2_stage_capped_pretune_on_31_1_42,paper1_phaseB_v1,31,evogrow_v2_2_stage_capped_pretune_on,42,1,1,3,1,0,1,3,0.0,0.0,0.0,False,u1*u2,u1|u1^2|u2,,,0
181_evogrow_v2_2_stage_capped_pretune_on_31_1_42,paper1_phaseB_v1,31,evogrow_v2_2_stage_capped_pretune_on,42,1,2,3,2,1,1,2,0.3333333333333333,0.5,0.4,False,u1*u2,u1|u1^2,,,0
182_evogrow_v2_2_stage_capped_pretune_on_31_1_123,paper1_phaseB_v1,31,evogrow_v2_2_stage_capped_pretune_on,123,1,1,3,1,0,1,3,0.0,0.0,0.0,False,u1*u2,u1|u1^2|u2,,,0
182_evogrow_v2_2_stage_capped_pretune_on_31_1_123,paper1_phaseB_v1,31,evogrow_v2_2_stage_capped_pretune_on,123,1,2,3,2,1,1,2,0.3333333333333333,0.5,0.4,False,u1*u2,u1|u1^2,,,0
183_evogrow_v2_2_stage_capped_pretune_on_31_1_7,paper1_phaseB_v1,31,evogrow_v2_2_stage_capped_pretune_on,7,1,1,3,1,0,1,3,0.0,0.0,0.0,False,u1*u2,u1|u1^2|u2,,,0
183_evogrow_v2_2_stage_capped_pretune_on_31_1_7,paper1_phaseB_v1,31,evogrow_v2_2_stage_capped_pretune_on,7,1,2,3,2,1,1,2,0.3333333333333333,0.5,0.4,False,u1*u2,u1|u1^2,,,0
184_evogrow_v2_2_stage_capped_pretune_on_31_2_42,paper1_phaseB_v1,31,evogrow_v2_2_stage_capped_pretune_on,42,2,1,3,1,1,0,2,0.3333333333333333,1.0,0.5,False,,u1|u1^2,,,0
184_evogrow_v2_2_stage_capped_pretune_on_31_2_42,paper1_phaseB_v1,31,evogrow_v2_2_stage_capped_pretune_on,42,2,2,4,2,2,0,2,0.5,1.0,0.6666666666666666,False,,u1|u1^2,,,0
185_evogrow_v2_2_stage_capped_pretune_on_31_2_123,paper1_phaseB_v1,31,evogrow_v2_2_stage_capped_pretune_on,123,2,1,3,1,1,0,2,0.3333333333333333,1.0,0.5,False,,u1|u1^2,,,0
185_evogrow_v2_2_stage_capped_pretune_on_31_2_123,paper1_phaseB_v1,31,evogrow_v2_2_stage_capped_pretune_on,123,2,2,4,2,2,0,2,0.5,1.0,0.6666666666666666,False,,u1|u1^2,,,0
186_evogrow_v2_2_stage_capped_pretune_on_31_2_7,paper1_phaseB_v1,31,evogrow_v2_2_stage_capped_pretune_on,7,2,1,3,1,1,0,2,0.3333333333333333,1.0,0.5,False,,u1|u1^2,,,0
186_evogrow_v2_2_stage_capped_pretune_on_31_2_7,paper1_phaseB_v1,31,evogrow_v2_2_stage_capped_pretune_on,7,2,2,4,2,2,0,2,0.5,1.0,0.6666666666666666,False,,u1|u1^2,,,0
187_evogrow_v2_2_stage_capped_pretune_on_32_1_42,paper1_phaseB_v1,32,evogrow_v2_2_stage_capped_pretune_on,42,1,1,4,1,1,0,3,0.25,1.0,0.4,False,,u1|u1^2|u2^2,,,0
187_evogrow_v2_2_stage_capped_pretune_on_32_1_42,paper1_phaseB_v1,32,evogrow_v2_2_stage_capped_pretune_on,42,1,2,5,3,3,0,2,0.6,1.0,0.7499999999999999,False,,u1^2|u2^2,,,0
188_evogrow_v2_2_stage_capped_pretune_on_32_1_123,paper1_phaseB_v1,32,evogrow_v2_2_stage_capped_pretune_on,123,1,1,4,1,1,0,3,0.25,1.0,0.4,False,,u1|u1^2|u2^2,,,0
188_evogrow_v2_2_stage_capped_pretune_on_32_1_123,paper1_phaseB_v1,32,evogrow_v2_2_stage_capped_pretune_on,123,1,2,5,3,3,0,2,0.6,1.0,0.7499999999999999,False,,u1^2|u2^2,,,0
189_evogrow_v2_2_stage_capped_pretune_on_32_1_7,paper1_phaseB_v1,32,evogrow_v2_2_stage_capped_pretune_on,7,1,1,4,1,1,0,3,0.25,1.0,0.4,False,,u1|u1^2|u2^2,,,0
189_evogrow_v2_2_stage_capped_pretune_on_32_1_7,paper1_phaseB_v1,32,evogrow_v2_2_stage_capped_pretune_on,7,1,2,5,3,3,0,2,0.6,1.0,0.7499999999999999,False,,u1^2|u2^2,,,0
190_evogrow_v2_2_stage_capped_pretune_on_32_2_42,paper1_phaseB_v1,32,evogrow_v2_2_stage_capped_pretune_on,42,2,1,2,1,1,0,1,0.5,1.0,0.6666666666666666,False,,u1,,,0
190_evogrow_v2_2_stage_capped_pretune_on_32_2_42,paper1_phaseB_v1,32,evogrow_v2_2_stage_capped_pretune_on,42,2,2,1,3,1,2,0,1.0,0.3333333333333333,0.5,False,u1^3|u2,,,,0
191_evogrow_v2_2_stage_capped_pretune_on_32_2_123,paper1_phaseB_v1,32,evogrow_v2_2_stage_capped_pretune_on,123,2,1,2,1,1,0,1,0.5,1.0,0.6666666666666666,False,,u1,,,0
191_evogrow_v2_2_stage_capped_pretune_on_32_2_123,paper1_phaseB_v1,32,evogrow_v2_2_stage_capped_pretune_on,123,2,2,1,3,1,2,0,1.0,0.3333333333333333,0.5,False,u1^3|u2,,,,0
192_evogrow_v2_2_stage_capped_pretune_on_32_2_7,paper1_phaseB_v1,32,evogrow_v2_2_stage_capped_pretune_on,7,2,1,2,1,1,0,1,0.5,1.0,0.6666666666666666,False,,u1,,,0
192_evogrow_v2_2_stage_capped_pretune_on_32_2_7,paper1_phaseB_v1,32,evogrow_v2_2_stage_capped_pretune_on,7,2,2,1,3,1,2,0,1.0,0.3333333333333333,0.5,False,u1^3|u2,,,,0
193_evogrow_v2_2_stage_capped_pretune_on_33_1_42,paper1_phaseB_v1,33,evogrow_v2_2_stage_capped_pretune_on,42,1,1,5,2,2,0,3,0.4,1.0,0.5714285714285715,False,,u1|u1*u2|u2,,,0
193_evogrow_v2_2_stage_capped_pretune_on_33_1_42,paper1_phaseB_v1,33,evogrow_v2_2_stage_capped_pretune_on,42,1,2,6,1,1,0,5,0.16666666666666666,1.0,0.2857142857142857,False,,cos(u2)|u1*u2|u1^2|u2|u2^2,,,0
194_evogrow_v2_2_stage_capped_pretune_on_33_1_123,paper1_phaseB_v1,33,evogrow_v2_2_stage_capped_pretune_on,123,1,1,6,2,2,0,4,0.3333333333333333,1.0,0.5,False,,u1|u1*u2|u2|u2^2,,,0
194_evogrow_v2_2_stage_capped_pretune_on_33_1_123,paper1_phaseB_v1,33,evogrow_v2_2_stage_capped_pretune_on,123,1,2,6,1,1,0,5,0.16666666666666666,1.0,0.2857142857142857,False,,cos(u1)|u1*u2|u1^2|u2|u2^2,,,0
195_evogrow_v2_2_stage_capped_pretune_on_33_1_7,paper1_phaseB_v1,33,evogrow_v2_2_stage_capped_pretune_on,7,1,1,6,2,1,1,5,0.16666666666666666,0.5,0.25,False,sin(u2),u1|u1*u2|u2|u2^2|u2^3,,,0
195_evogrow_v2_2_stage_capped_pretune_on_33_1_7,paper1_phaseB_v1,33,evogrow_v2_2_stage_capped_pretune_on,7,1,2,5,1,1,0,4,0.2,1.0,0.33333333333333337,False,,sin(u2)|u1^2|u2|u2^2,,,0
196_evogrow_v2_2_stage_capped_pretune_on_33_2_42,paper1_phaseB_v1,33,evogrow_v2_2_stage_capped_pretune_on,42,2,1,5,2,2,0,3,0.4,1.0,0.5714285714285715,False,,u1|u2|u2^2,,,0
196_evogrow_v2_2_stage_capped_pretune_on_33_2_42,paper1_phaseB_v1,33,evogrow_v2_2_stage_capped_pretune_on,42,2,2,6,1,1,0,5,0.16666666666666666,1.0,0.2857142857142857,False,,sin(u2)|u1*u2|u1^2|u2|u2^2,,,0
197_evogrow_v2_2_stage_capped_pretune_on_33_2_123,paper1_phaseB_v1,33,evogrow_v2_2_stage_capped_pretune_on,123,2,1,5,2,2,0,3,0.4,1.0,0.5714285714285715,False,,u1|u2|u2^2,,,0
197_evogrow_v2_2_stage_capped_pretune_on_33_2_123,paper1_phaseB_v1,33,evogrow_v2_2_stage_capped_pretune_on,123,2,2,6,1,1,0,5,0.16666666666666666,1.0,0.2857142857142857,False,,cos(u2)|u1*u2|u1^2|u2|u2^2,,,0
198_evogrow_v2_2_stage_capped_pretune_on_33_2_7,paper1_phaseB_v1,33,evogrow_v2_2_stage_capped_pretune_on,7,2,1,5,2,2,0,3,0.4,1.0,0.5714285714285715,False,,u1|u2|u2^2,,,0
198_evogrow_v2_2_stage_capped_pretune_on_33_2_7,paper1_phaseB_v1,33,evogrow_v2_2_stage_capped_pretune_on,7,2,2,6,1,1,0,5,0.16666666666666666,1.0,0.2857142857142857,False,,cos(u2)|u1*u2|u1^2|u2|u2^2,,,0
199_evogrow_v2_2_stage_capped_pretune_on_34_1_42,paper1_phaseB_v1,34,evogrow_v2_2_stage_capped_pretune_on,42,1,1,1,1,1,0,0,1.0,1.0,1.0,True,,,,,0
199_evogrow_v2_2_stage_capped_pretune_on_34_1_42,paper1_phaseB_v1,34,evogrow_v2_2_stage_capped_pretune_on,42,1,2,2,1,0,1,2,0.0,0.0,0.0,False,sin(u1),u1|u1^3,,,0
200_evogrow_v2_2_stage_capped_pretune_on_34_1_123,paper1_phaseB_v1,34,evogrow_v2_2_stage_capped_pretune_on,123,1,1,1,1,1,0,0,1.0,1.0,1.0,True,,,,,0
200_evogrow_v2_2_stage_capped_pretune_on_34_1_123,paper1_phaseB_v1,34,evogrow_v2_2_stage_capped_pretune_on,123,1,2,2,1,0,1,2,0.0,0.0,0.0,False,sin(u1),u1|u1^3,,,0
201_evogrow_v2_2_stage_capped_pretune_on_34_1_7,paper1_phaseB_v1,34,evogrow_v2_2_stage_capped_pretune_on,7,1,1,1,1,1,0,0,1.0,1.0,1.0,True,,,,,0
201_evogrow_v2_2_stage_capped_pretune_on_34_1_7,paper1_phaseB_v1,34,evogrow_v2_2_stage_capped_pretune_on,7,1,2,2,1,0,1,2,0.0,0.0,0.0,False,sin(u1),u1|u1^3,,,0
202_evogrow_v2_2_stage_capped_pretune_on_34_2_42,paper1_phaseB_v1,34,evogrow_v2_2_stage_capped_pretune_on,42,2,1,2,1,1,0,1,0.5,1.0,0.6666666666666666,False,,u1,,,0
202_evogrow_v2_2_stage_capped_pretune_on_34_2_42,paper1_phaseB_v1,34,evogrow_v2_2_stage_capped_pretune_on,42,2,2,2,1,0,1,2,0.0,0.0,0.0,False,sin(u1),u1|u1^3,,,0
203_evogrow_v2_2_stage_capped_pretune_on_34_2_123,paper1_phaseB_v1,34,evogrow_v2_2_stage_capped_pretune_on,123,2,1,2,1,1,0,1,0.5,1.0,0.6666666666666666,False,,u1,,,0
203_evogrow_v2_2_stage_capped_pretune_on_34_2_123,paper1_phaseB_v1,34,evogrow_v2_2_stage_capped_pretune_on,123,2,2,2,1,0,1,2,0.0,0.0,0.0,False,sin(u1),u1|u1^3,,,0
204_evogrow_v2_2_stage_capped_pretune_on_34_2_7,paper1_phaseB_v1,34,evogrow_v2_2_stage_capped_pretune_on,7,2,1,2,1,1,0,1,0.5,1.0,0.6666666666666666,False,,u1,,,0
204_evogrow_v2_2_stage_capped_pretune_on_34_2_7,paper1_phaseB_v1,34,evogrow_v2_2_stage_capped_pretune_on,7,2,2,2,1,0,1,2,0.0,0.0,0.0,False,sin(u1),u1|u1^3,,,0
205_evogrow_v2_2_stage_capped_pretune_on_35_1_42,paper1_phaseB_v1,35,evogrow_v2_2_stage_capped_pretune_on,42,1,1,6,0,0,0,6,0.0,0.0,0.0,False,,u1|u1*u2|u1^2|u2|u2^2|u2^3,,,0
205_evogrow_v2_2_stage_capped_pretune_on_35_1_42,paper1_phaseB_v1,35,evogrow_v2_2_stage_capped_pretune_on,42,1,2,3,0,0,0,3,0.0,0.0,0.0,False,,u1^2|u2|u2^2,,,0
206_evogrow_v2_2_stage_capped_pretune_on_35_1_123,paper1_phaseB_v1,35,evogrow_v2_2_stage_capped_pretune_on,123,1,1,6,0,0,0,6,0.0,0.0,0.0,False,,u1|u1*u2|u1^2|u2|u2^2|u2^3,,,0
206_evogrow_v2_2_stage_capped_pretune_on_35_1_123,paper1_phaseB_v1,35,evogrow_v2_2_stage_capped_pretune_on,123,1,2,3,0,0,0,3,0.0,0.0,0.0,False,,u1^2|u2|u2^2,,,0
207_evogrow_v2_2_stage_capped_pretune_on_35_1_7,paper1_phaseB_v1,35,evogrow_v2_2_stage_capped_pretune_on,7,1,1,6,0,0,0,6,0.0,0.0,0.0,False,,u1|u1*u2|u1^2|u2|u2^2|u2^3,,,0
207_evogrow_v2_2_stage_capped_pretune_on_35_1_7,paper1_phaseB_v1,35,evogrow_v2_2_stage_capped_pretune_on,7,1,2,3,0,0,0,3,0.0,0.0,0.0,False,,u1^2|u2|u2^2,,,0
208_evogrow_v2_2_stage_capped_pretune_on_35_2_42,paper1_phaseB_v1,35,evogrow_v2_2_stage_capped_pretune_on,42,2,1,3,0,0,0,3,0.0,0.0,0.0,False,,u1|u1^2|u2,,,0
208_evogrow_v2_2_stage_capped_pretune_on_35_2_42,paper1_phaseB_v1,35,evogrow_v2_2_stage_capped_pretune_on,42,2,2,3,0,0,0,3,0.0,0.0,0.0,False,,u1|u1^2|u1^3,,,0
209_evogrow_v2_2_stage_capped_pretune_on_35_2_123,paper1_phaseB_v1,35,evogrow_v2_2_stage_capped_pretune_on,123,2,1,3,0,0,0,3,0.0,0.0,0.0,False,,u1|u1^2|u2,,,0
209_evogrow_v2_2_stage_capped_pretune_on_35_2_123,paper1_phaseB_v1,35,evogrow_v2_2_stage_capped_pretune_on,123,2,2,3,0,0,0,3,0.0,0.0,0.0,False,,u1|u1^2|u1^3,,,0
210_evogrow_v2_2_stage_capped_pretune_on_35_2_7,paper1_phaseB_v1,35,evogrow_v2_2_stage_capped_pretune_on,7,2,1,3,0,0,0,3,0.0,0.0,0.0,False,,u1|u1^2|u2,,,0
210_evogrow_v2_2_stage_capped_pretune_on_35_2_7,paper1_phaseB_v1,35,evogrow_v2_2_stage_capped_pretune_on,7,2,2,3,0,0,0,3,0.0,0.0,0.0,False,,u1|u1^2|u1^3,,,0
211_evogrow_v2_2_stage_capped_pretune_on_36_1_42,paper1_phaseB_v1,36,evogrow_v2_2_stage_capped_pretune_on,42,1,1,1,1,1,0,0,1.0,1.0,1.0,True,,,,,0
211_evogrow_v2_2_stage_capped_pretune_on_36_1_42,paper1_phaseB_v1,36,evogrow_v2_2_stage_capped_pretune_on,42,1,2,2,2,1,1,1,0.5,0.5,0.5,False,sin(u1),u1,,,0
212_evogrow_v2_2_stage_capped_pretune_on_36_1_123,paper1_phaseB_v1,36,evogrow_v2_2_stage_capped_pretune_on,123,1,1,1,1,1,0,0,1.0,1.0,1.0,True,,,,,0
212_evogrow_v2_2_stage_capped_pretune_on_36_1_123,paper1_phaseB_v1,36,evogrow_v2_2_stage_capped_pretune_on,123,1,2,2,2,1,1,1,0.5,0.5,0.5,False,sin(u1),u1,,,0
213_evogrow_v2_2_stage_capped_pretune_on_36_1_7,paper1_phaseB_v1,36,evogrow_v2_2_stage_capped_pretune_on,7,1,1,1,1,1,0,0,1.0,1.0,1.0,True,,,,,0
213_evogrow_v2_2_stage_capped_pretune_on_36_1_7,paper1_phaseB_v1,36,evogrow_v2_2_stage_capped_pretune_on,7,1,2,2,2,1,1,1,0.5,0.5,0.5,False,sin(u1),u1,,,0
214_evogrow_v2_2_stage_capped_pretune_on_36_2_42,paper1_phaseB_v1,36,evogrow_v2_2_stage_capped_pretune_on,42,2,1,1,1,1,0,0,1.0,1.0,1.0,True,,,,,0
214_evogrow_v2_2_stage_capped_pretune_on_36_2_42,paper1_phaseB_v1,36,evogrow_v2_2_stage_capped_pretune_on,42,2,2,2,2,1,1,1,0.5,0.5,0.5,False,sin(u1),u1,,,0
215_evogrow_v2_2_stage_capped_pretune_on_36_2_123,paper1_phaseB_v1,36,evogrow_v2_2_stage_capped_pretune_on,123,2,1,1,1,1,0,0,1.0,1.0,1.0,True,,,,,0
215_evogrow_v2_2_stage_capped_pretune_on_36_2_123,paper1_phaseB_v1,36,evogrow_v2_2_stage_capped_pretune_on,123,2,2,2,2,1,1,1,0.5,0.5,0.5,False,sin(u1),u1,,,0
216_evogrow_v2_2_stage_capped_pretune_on_36_2_7,paper1_phaseB_v1,36,evogrow_v2_2_stage_capped_pretune_on,7,2,1,1,1,1,0,0,1.0,1.0,1.0,True,,,,,0
216_evogrow_v2_2_stage_capped_pretune_on_36_2_7,paper1_phaseB_v1,36,evogrow_v2_2_stage_capped_pretune_on,7,2,2,2,2,1,1,1,0.5,0.5,0.5,False,sin(u1),u1,,,0
217_evogrow_v2_2_stage_capped_pretune_on_37_1_42,paper1_phaseB_v1,37,evogrow_v2_2_stage_capped_pretune_on,42,1,1,5,1,1,0,4,0.2,1.0,0.33333333333333337,False,,sin(u1)|u1|u1^3|u2^2,,,0
217_evogrow_v2_2_stage_capped_pretune_on_37_1_42,paper1_phaseB_v1,37,evogrow_v2_2_stage_capped_pretune_on,42,1,2,6,2,2,0,4,0.3333333333333333,1.0,0.5,False,,cos(u2)|sin(u1)|u1*u2|u1^3,,,0
218_evogrow_v2_2_stage_capped_pretune_on_37_1_123,paper1_phaseB_v1,37,evogrow_v2_2_stage_capped_pretune_on,123,1,1,6,1,1,0,5,0.16666666666666666,1.0,0.2857142857142857,False,,cos(u1)|u1|u1^3|u2^2|u2^3,,,0
218_evogrow_v2_2_stage_capped_pretune_on_37_1_123,paper1_phaseB_v1,37,evogrow_v2_2_stage_capped_pretune_on,123,1,2,3,2,2,0,1,0.6666666666666666,1.0,0.8,False,,u2^3,,,0
219_evogrow_v2_2_stage_capped_pretune_on_37_1_7,paper1_phaseB_v1,37,evogrow_v2_2_stage_capped_pretune_on,7,1,1,5,1,1,0,4,0.2,1.0,0.33333333333333337,False,,sin(u1)|u1|u1^3|u2^2,,,0
219_evogrow_v2_2_stage_capped_pretune_on_37_1_7,paper1_phaseB_v1,37,evogrow_v2_2_stage_capped_pretune_on,7,1,2,6,2,2,0,4,0.3333333333333333,1.0,0.5,False,,cos(u2)|sin(u1)|u1*u2|u1^3,,,0
220_evogrow_v2_2_stage_capped_pretune_on_37_2_42,paper1_phaseB_v1,37,evogrow_v2_2_stage_capped_pretune_on,42,2,1,6,1,1,0,5,0.16666666666666666,1.0,0.2857142857142857,False,,u1*u2|u1^2|u1^3|u2^2|u2^3,,,0
220_evogrow_v2_2_stage_capped_pretune_on_37_2_42,paper1_phaseB_v1,37,evogrow_v2_2_stage_capped_pretune_on,42,2,2,4,2,2,0,2,0.5,1.0,0.6666666666666666,False,,u1*u2|u1^3,,,0
221_evogrow_v2_2_stage_capped_pretune_on_37_2_123,paper1_phaseB_v1,37,evogrow_v2_2_stage_capped_pretune_on,123,2,1,6,1,1,0,5,0.16666666666666666,1.0,0.2857142857142857,False,,u1*u2|u1^2|u1^3|u2^2|u2^3,,,0
221_evogrow_v2_2_stage_capped_pretune_on_37_2_123,paper1_phaseB_v1,37,evogrow_v2_2_stage_capped_pretune_on,123,2,2,4,2,2,0,2,0.5,1.0,0.6666666666666666,False,,u1*u2|u1^3,,,0
222_evogrow_v2_2_stage_capped_pretune_on_37_2_7,paper1_phaseB_v1,37,evogrow_v2_2_stage_capped_pretune_on,7,2,1,6,1,1,0,5,0.16666666666666666,1.0,0.2857142857142857,False,,u1*u2|u1^2|u1^3|u2^2|u2^3,,,0
222_evogrow_v2_2_stage_capped_pretune_on_37_2_7,paper1_phaseB_v1,37,evogrow_v2_2_stage_capped_pretune_on,7,2,2,4,2,2,0,2,0.5,1.0,0.6666666666666666,False,,u1*u2|u1^3,,,0
223_evogrow_v2_2_stage_capped_pretune_on_38_1_42,paper1_phaseB_v1,38,evogrow_v2_2_stage_capped_pretune_on,42,1,1,6,3,3,0,3,0.5,1.0,0.6666666666666666,False,,u1*u2|u1^2|u2^2,,,0
223_evogrow_v2_2_stage_capped_pretune_on_38_1_42,paper1_phaseB_v1,38,evogrow_v2_2_stage_capped_pretune_on,42,1,2,5,1,1,0,4,0.2,1.0,0.33333333333333337,False,,u1*u2|u1^2|u2|u2^2,,,0
224_evogrow_v2_2_stage_capped_pretune_on_38_1_123,paper1_phaseB_v1,38,evogrow_v2_2_stage_capped_pretune_on,123,1,1,6,3,3,0,3,0.5,1.0,0.6666666666666666,False,,u1*u2|u1^2|u2^2,,,0
224_evogrow_v2_2_stage_capped_pretune_on_38_1_123,paper1_phaseB_v1,38,evogrow_v2_2_stage_capped_pretune_on,123,1,2,5,1,1,0,4,0.2,1.0,0.33333333333333337,False,,u1*u2|u1^2|u2|u2^2,,,0
225_evogrow_v2_2_stage_capped_pretune_on_38_1_7,paper1_phaseB_v1,38,evogrow_v2_2_stage_capped_pretune_on,7,1,1,6,3,3,0,3,0.5,1.0,0.6666666666666666,False,,u1*u2|u1^2|u2^2,,,0
225_evogrow_v2_2_stage_capped_pretune_on_38_1_7,paper1_phaseB_v1,38,evogrow_v2_2_stage_capped_pretune_on,7,1,2,5,1,1,0,4,0.2,1.0,0.33333333333333337,False,,u1*u2|u1^2|u2|u2^2,,,0
226_evogrow_v2_2_stage_capped_pretune_on_38_2_42,paper1_phaseB_v1,38,evogrow_v2_2_stage_capped_pretune_on,42,2,1,5,3,3,0,2,0.6,1.0,0.7499999999999999,False,,u1*u2|u2^3,,,0
226_evogrow_v2_2_stage_capped_pretune_on_38_2_42,paper1_phaseB_v1,38,evogrow_v2_2_stage_capped_pretune_on,42,2,2,4,1,1,0,3,0.25,1.0,0.4,False,,u1^3|u2|u2^3,,,0
227_evogrow_v2_2_stage_capped_pretune_on_38_2_123,paper1_phaseB_v1,38,evogrow_v2_2_stage_capped_pretune_on,123,2,1,5,3,3,0,2,0.6,1.0,0.7499999999999999,False,,u1*u2|u2^3,,,0
227_evogrow_v2_2_stage_capped_pretune_on_38_2_123,paper1_phaseB_v1,38,evogrow_v2_2_stage_capped_pretune_on,123,2,2,4,1,1,0,3,0.25,1.0,0.4,False,,u1^3|u2|u2^3,,,0
228_evogrow_v2_2_stage_capped_pretune_on_38_2_7,paper1_phaseB_v1,38,evogrow_v2_2_stage_capped_pretune_on,7,2,1,5,3,3,0,2,0.6,1.0,0.7499999999999999,False,,u1*u2|u2^3,,,0
228_evogrow_v2_2_stage_capped_pretune_on_38_2_7,paper1_phaseB_v1,38,evogrow_v2_2_stage_capped_pretune_on,7,2,2,4,1,1,0,3,0.25,1.0,0.4,False,,u1^3|u2|u2^3,,,0
229_evogrow_v2_2_stage_capped_pretune_on_39_1_42,paper1_phaseB_v1,39,evogrow_v2_2_stage_capped_pretune_on,42,1,1,2,2,2,0,0,1.0,1.0,1.0,True,,,,,0
229_evogrow_v2_2_stage_capped_pretune_on_39_1_42,paper1_phaseB_v1,39,evogrow_v2_2_stage_capped_pretune_on,42,1,2,1,1,1,0,0,1.0,1.0,1.0,True,,,,,0
230_evogrow_v2_2_stage_capped_pretune_on_39_1_123,paper1_phaseB_v1,39,evogrow_v2_2_stage_capped_pretune_on,123,1,1,2,2,2,0,0,1.0,1.0,1.0,True,,,,,0
230_evogrow_v2_2_stage_capped_pretune_on_39_1_123,paper1_phaseB_v1,39,evogrow_v2_2_stage_capped_pretune_on,123,1,2,1,1,1,0,0,1.0,1.0,1.0,True,,,,,0
231_evogrow_v2_2_stage_capped_pretune_on_39_1_7,paper1_phaseB_v1,39,evogrow_v2_2_stage_capped_pretune_on,7,1,1,2,2,2,0,0,1.0,1.0,1.0,True,,,,,0
231_evogrow_v2_2_stage_capped_pretune_on_39_1_7,paper1_phaseB_v1,39,evogrow_v2_2_stage_capped_pretune_on,7,1,2,1,1,1,0,0,1.0,1.0,1.0,True,,,,,0
232_evogrow_v2_2_stage_capped_pretune_on_39_2_42,paper1_phaseB_v1,39,evogrow_v2_2_stage_capped_pretune_on,42,2,1,2,2,2,0,0,1.0,1.0,1.0,True,,,,,0
232_evogrow_v2_2_stage_capped_pretune_on_39_2_42,paper1_phaseB_v1,39,evogrow_v2_2_stage_capped_pretune_on,42,2,2,1,1,1,0,0,1.0,1.0,1.0,True,,,,,0
233_evogrow_v2_2_stage_capped_pretune_on_39_2_123,paper1_phaseB_v1,39,evogrow_v2_2_stage_capped_pretune_on,123,2,1,2,2,2,0,0,1.0,1.0,1.0,True,,,,,0
233_evogrow_v2_2_stage_capped_pretune_on_39_2_123,paper1_phaseB_v1,39,evogrow_v2_2_stage_capped_pretune_on,123,2,2,1,1,1,0,0,1.0,1.0,1.0,True,,,,,0
234_evogrow_v2_2_stage_capped_pretune_on_39_2_7,paper1_phaseB_v1,39,evogrow_v2_2_stage_capped_pretune_on,7,2,1,2,2,2,0,0,1.0,1.0,1.0,True,,,,,0
234_evogrow_v2_2_stage_capped_pretune_on_39_2_7,paper1_phaseB_v1,39,evogrow_v2_2_stage_capped_pretune_on,7,2,2,1,1,1,0,0,1.0,1.0,1.0,True,,,,,0
235_evogrow_v2_2_stage_capped_pretune_on_40_1_42,paper1_phaseB_v1,40,evogrow_v2_2_stage_capped_pretune_on,42,1,1,4,1,1,0,3,0.25,1.0,0.4,False,,u1|u1^3|u2^3,,,0
235_evogrow_v2_2_stage_capped_pretune_on_40_1_42,paper1_phaseB_v1,40,evogrow_v2_2_stage_capped_pretune_on,42,1,2,2,2,2,0,0,1.0,1.0,1.0,True,,,,,0
236_evogrow_v2_2_stage_capped_pretune_on_40_1_123,paper1_phaseB_v1,40,evogrow_v2_2_stage_capped_pretune_on,123,1,1,4,1,1,0,3,0.25,1.0,0.4,False,,u1|u1^3|u2^3,,,0
236_evogrow_v2_2_stage_capped_pretune_on_40_1_123,paper1_phaseB_v1,40,evogrow_v2_2_stage_capped_pretune_on,123,1,2,2,2,2,0,0,1.0,1.0,1.0,True,,,,,0
237_evogrow_v2_2_stage_capped_pretune_on_40_1_7,paper1_phaseB_v1,40,evogrow_v2_2_stage_capped_pretune_on,7,1,1,4,1,1,0,3,0.25,1.0,0.4,False,,u1|u1^3|u2^3,,,0
237_evogrow_v2_2_stage_capped_pretune_on_40_1_7,paper1_phaseB_v1,40,evogrow_v2_2_stage_capped_pretune_on,7,1,2,2,2,2,0,0,1.0,1.0,1.0,True,,,,,0
238_evogrow_v2_2_stage_capped_pretune_on_40_2_42,paper1_phaseB_v1,40,evogrow_v2_2_stage_capped_pretune_on,42,2,1,6,1,1,0,5,0.16666666666666666,1.0,0.2857142857142857,False,,u1|u1^2|u1^3|u2^2|u2^3,,,0
238_evogrow_v2_2_stage_capped_pretune_on_40_2_42,paper1_phaseB_v1,40,evogrow_v2_2_stage_capped_pretune_on,42,2,2,5,2,2,0,3,0.4,1.0,0.5714285714285715,False,,sin(u1)|u1^3|u2^2,,,0
239_evogrow_v2_2_stage_capped_pretune_on_40_2_123,paper1_phaseB_v1,40,evogrow_v2_2_stage_capped_pretune_on,123,2,1,6,1,1,0,5,0.16666666666666666,1.0,0.2857142857142857,False,,u1|u1^2|u1^3|u2^2|u2^3,,,0
239_evogrow_v2_2_stage_capped_pretune_on_40_2_123,paper1_phaseB_v1,40,evogrow_v2_2_stage_capped_pretune_on,123,2,2,6,2,2,0,4,0.3333333333333333,1.0,0.5,False,,cos(u1)|cos(u2)|u1^3|u2^2,,,0
240_evogrow_v2_2_stage_capped_pretune_on_40_2_7,paper1_phaseB_v1,40,evogrow_v2_2_stage_capped_pretune_on,7,2,1,6,1,1,0,5,0.16666666666666666,1.0,0.2857142857142857,False,,u1|u1^2|u1^3|u2^2|u2^3,,,0
240_evogrow_v2_2_stage_capped_pretune_on_40_2_7,paper1_phaseB_v1,40,evogrow_v2_2_stage_capped_pretune_on,7,2,2,3,2,2,0,1,0.6666666666666666,1.0,0.8,False,,u2^2,,,0
241_evogrow_v2_2_stage_capped_pretune_on_41_1_42,paper1_phaseB_v1,41,evogrow_v2_2_stage_capped_pretune_on,42,1,1,4,3,3,0,1,0.75,1.0,0.8571428571428571,False,,u1^2,,,0
241_evogrow_v2_2_stage_capped_pretune_on_41_1_42,paper1_phaseB_v1,41,evogrow_v2_2_stage_capped_pretune_on,42,1,2,4,1,1,0,3,0.25,1.0,0.4,False,,u1*u2|u1^2|u2^2,,,0
242_evogrow_v2_2_stage_capped_pretune_on_41_1_123,paper1_phaseB_v1,41,evogrow_v2_2_stage_capped_pretune_on,123,1,1,4,3,3,0,1,0.75,1.0,0.8571428571428571,False,,u1^2,,,0
242_evogrow_v2_2_stage_capped_pretune_on_41_1_123,paper1_phaseB_v1,41,evogrow_v2_2_stage_capped_pretune_on,123,1,2,4,1,1,0,3,0.25,1.0,0.4,False,,u1*u2|u1^2|u2^2,,,0
243_evogrow_v2_2_stage_capped_pretune_on_41_1_7,paper1_phaseB_v1,41,evogrow_v2_2_stage_capped_pretune_on,7,1,1,4,3,3,0,1,0.75,1.0,0.8571428571428571,False,,u1^2,,,0
243_evogrow_v2_2_stage_capped_pretune_on_41_1_7,paper1_phaseB_v1,41,evogrow_v2_2_stage_capped_pretune_on,7,1,2,4,1,1,0,3,0.25,1.0,0.4,False,,u1*u2|u1^2|u2^2,,,0
244_evogrow_v2_2_stage_capped_pretune_on_41_2_42,paper1_phaseB_v1,41,evogrow_v2_2_stage_capped_pretune_on,42,2,1,5,3,2,1,3,0.4,0.6666666666666666,0.5,False,u1^3,u1*u2|u2^2|u2^3,,,0
244_evogrow_v2_2_stage_capped_pretune_on_41_2_42,paper1_phaseB_v1,41,evogrow_v2_2_stage_capped_pretune_on,42,2,2,5,1,1,0,4,0.2,1.0,0.33333333333333337,False,,u1*u2|u1^2|u2|u2^2,,,0
245_evogrow_v2_2_stage_capped_pretune_on_41_2_123,paper1_phaseB_v1,41,evogrow_v2_2_stage_capped_pretune_on,123,2,1,5,3,2,1,3,0.4,0.6666666666666666,0.5,False,u1^3,u1*u2|u2^2|u2^3,,,0
245_evogrow_v2_2_stage_capped_pretune_on_41_2_123,paper1_phaseB_v1,41,evogrow_v2_2_stage_capped_pretune_on,123,2,2,5,1,1,0,4,0.2,1.0,0.33333333333333337,False,,u1*u2|u1^2|u2|u2^2,,,0
246_evogrow_v2_2_stage_capped_pretune_on_41_2_7,paper1_phaseB_v1,41,evogrow_v2_2_stage_capped_pretune_on,7,2,1,5,3,2,1,3,0.4,0.6666666666666666,0.5,False,u1^3,u1*u2|u2^2|u2^3,,,0
246_evogrow_v2_2_stage_capped_pretune_on_41_2_7,paper1_phaseB_v1,41,evogrow_v2_2_stage_capped_pretune_on,7,2,2,5,1,1,0,4,0.2,1.0,0.33333333333333337,False,,u1*u2|u1^2|u2|u2^2,,,0
247_evogrow_v2_2_stage_capped_pretune_on_42_1_42,paper1_phaseB_v1,42,evogrow_v2_2_stage_capped_pretune_on,42,1,1,6,1,1,0,5,0.16666666666666666,1.0,0.2857142857142857,False,,u1*u2|u1^2|u2|u2^2|u2^3,,,0
247_evogrow_v2_2_stage_capped_pretune_on_42_1_42,paper1_phaseB_v1,42,evogrow_v2_2_stage_capped_pretune_on,42,1,2,6,1,1,0,5,0.16666666666666666,1.0,0.2857142857142857,False,,u1*u2|u1^2|u2|u2^2|u2^3,,,0
248_evogrow_v2_2_stage_capped_pretune_on_42_1_123,paper1_phaseB_v1,42,evogrow_v2_2_stage_capped_pretune_on,123,1,1,6,1,1,0,5,0.16666666666666666,1.0,0.2857142857142857,False,,u1*u2|u1^2|u2|u2^2|u2^3,,,0
248_evogrow_v2_2_stage_capped_pretune_on_42_1_123,paper1_phaseB_v1,42,evogrow_v2_2_stage_capped_pretune_on,123,1,2,6,1,1,0,5,0.16666666666666666,1.0,0.2857142857142857,False,,u1*u2|u1^2|u2|u2^2|u2^3,,,0
249_evogrow_v2_2_stage_capped_pretune_on_42_1_7,paper1_phaseB_v1,42,evogrow_v2_2_stage_capped_pretune_on,7,1,1,6,1,1,0,5,0.16666666666666666,1.0,0.2857142857142857,False,,u1*u2|u1^2|u2|u2^2|u2^3,,,0
249_evogrow_v2_2_stage_capped_pretune_on_42_1_7,paper1_phaseB_v1,42,evogrow_v2_2_stage_capped_pretune_on,7,1,2,6,1,1,0,5,0.16666666666666666,1.0,0.2857142857142857,False,,u1*u2|u1^2|u2|u2^2|u2^3,,,0
250_evogrow_v2_2_stage_capped_pretune_on_42_2_42,paper1_phaseB_v1,42,evogrow_v2_2_stage_capped_pretune_on,42,2,1,6,1,1,0,5,0.16666666666666666,1.0,0.2857142857142857,False,,u1*u2|u1^2|u1^3|u2|u2^2,,,0
250_evogrow_v2_2_stage_capped_pretune_on_42_2_42,paper1_phaseB_v1,42,evogrow_v2_2_stage_capped_pretune_on,42,2,2,6,1,1,0,5,0.16666666666666666,1.0,0.2857142857142857,False,,u1*u2|u1^2|u2|u2^2|u2^3,,,0
251_evogrow_v2_2_stage_capped_pretune_on_42_2_123,paper1_phaseB_v1,42,evogrow_v2_2_stage_capped_pretune_on,123,2,1,6,1,1,0,5,0.16666666666666666,1.0,0.2857142857142857,False,,u1*u2|u1^2|u1^3|u2|u2^2,,,0
251_evogrow_v2_2_stage_capped_pretune_on_42_2_123,paper1_phaseB_v1,42,evogrow_v2_2_stage_capped_pretune_on,123,2,2,6,1,1,0,5,0.16666666666666666,1.0,0.2857142857142857,False,,u1*u2|u1^2|u2|u2^2|u2^3,,,0
252_evogrow_v2_2_stage_capped_pretune_on_42_2_7,paper1_phaseB_v1,42,evogrow_v2_2_stage_capped_pretune_on,7,2,1,6,1,1,0,5,0.16666666666666666,1.0,0.2857142857142857,False,,u1*u2|u1^2|u1^3|u2|u2^2,,,0
252_evogrow_v2_2_stage_capped_pretune_on_42_2_7,paper1_phaseB_v1,42,evogrow_v2_2_stage_capped_pretune_on,7,2,2,6,1,1,0,5,0.16666666666666666,1.0,0.2857142857142857,False,,u1*u2|u1^2|u2|u2^2|u2^3,,,0
253_evogrow_v2_2_stage_capped_pretune_on_43_1_42,paper1_phaseB_v1,43,evogrow_v2_2_stage_capped_pretune_on,42,1,1,3,1,1,0,2,0.3333333333333333,1.0,0.5,False,,u1|u1^2,,,0
253_evogrow_v2_2_stage_capped_pretune_on_43_1_42,paper1_phaseB_v1,43,evogrow_v2_2_stage_capped_pretune_on,42,1,2,6,2,0,2,6,0.0,0.0,0.0,False,sin(u1)|u2,u1|u1*u2|u1^2|u1^3|u2^2|u2^3,,,0
254_evogrow_v2_2_stage_capped_pretune_on_43_1_123,paper1_phaseB_v1,43,evogrow_v2_2_stage_capped_pretune_on,123,1,1,3,1,1,0,2,0.3333333333333333,1.0,0.5,False,,u1|u1^2,,,0
254_evogrow_v2_2_stage_capped_pretune_on_43_1_123,paper1_phaseB_v1,43,evogrow_v2_2_stage_capped_pretune_on,123,1,2,6,2,0,2,6,0.0,0.0,0.0,False,sin(u1)|u2,u1|u1*u2|u1^2|u1^3|u2^2|u2^3,,,0
255_evogrow_v2_2_stage_capped_pretune_on_43_1_7,paper1_phaseB_v1,43,evogrow_v2_2_stage_capped_pretune_on,7,1,1,3,1,1,0,2,0.3333333333333333,1.0,0.5,False,,u1|u1^2,,,0
255_evogrow_v2_2_stage_capped_pretune_on_43_1_7,paper1_phaseB_v1,43,evogrow_v2_2_stage_capped_pretune_on,7,1,2,6,2,0,2,6,0.0,0.0,0.0,False,sin(u1)|u2,u1|u1*u2|u1^2|u1^3|u2^2|u2^3,,,0
256_evogrow_v2_2_stage_capped_pretune_on_43_2_42,paper1_phaseB_v1,43,evogrow_v2_2_stage_capped_pretune_on,42,2,1,3,1,1,0,2,0.3333333333333333,1.0,0.5,False,,u1|u1*u2,,,0
256_evogrow_v2_2_stage_capped_pretune_on_43_2_42,paper1_phaseB_v1,43,evogrow_v2_2_stage_capped_pretune_on,42,2,2,6,2,2,0,4,0.3333333333333333,1.0,0.5,False,,u1|u1*u2|u1^2|u2^2,,,0
257_evogrow_v2_2_stage_capped_pretune_on_43_2_123,paper1_phaseB_v1,43,evogrow_v2_2_stage_capped_pretune_on,123,2,1,3,1,1,0,2,0.3333333333333333,1.0,0.5,False,,u1|u1*u2,,,0
257_evogrow_v2_2_stage_capped_pretune_on_43_2_123,paper1_phaseB_v1,43,evogrow_v2_2_stage_capped_pretune_on,123,2,2,6,2,2,0,4,0.3333333333333333,1.0,0.5,False,,u1|u1*u2|u1^2|u2^2,,,0
258_evogrow_v2_2_stage_capped_pretune_on_43_2_7,paper1_phaseB_v1,43,evogrow_v2_2_stage_capped_pretune_on,7,2,1,3,1,1,0,2,0.3333333333333333,1.0,0.5,False,,u1|u1*u2,,,0
258_evogrow_v2_2_stage_capped_pretune_on_43_2_7,paper1_phaseB_v1,43,evogrow_v2_2_stage_capped_pretune_on,7,2,2,6,2,2,0,4,0.3333333333333333,1.0,0.5,False,,u1|u1*u2|u1^2|u2^2,,,0
259_evogrow_v2_2_stage_capped_pretune_on_44_1_42,paper1_phaseB_v1,44,evogrow_v2_2_stage_capped_pretune_on,42,1,1,4,1,1,0,3,0.25,1.0,0.4,False,,u1|u1^2|u2^2,,,0
259_evogrow_v2_2_stage_capped_pretune_on_44_1_42,paper1_phaseB_v1,44,evogrow_v2_2_stage_capped_pretune_on,42,1,2,6,1,1,0,5,0.16666666666666666,1.0,0.2857142857142857,False,,u1|u1*u2|u1^2|u1^3|u2^2,,,0
260_evogrow_v2_2_stage_capped_pretune_on_44_1_123,paper1_phaseB_v1,44,evogrow_v2_2_stage_capped_pretune_on,123,1,1,4,1,1,0,3,0.25,1.0,0.4,False,,u1|u1^2|u2^2,,,0
260_evogrow_v2_2_stage_capped_pretune_on_44_1_123,paper1_phaseB_v1,44,evogrow_v2_2_stage_capped_pretune_on,123,1,2,6,1,1,0,5,0.16666666666666666,1.0,0.2857142857142857,False,,u1|u1*u2|u1^2|u1^3|u2^2,,,0
261_evogrow_v2_2_stage_capped_pretune_on_44_1_7,paper1_phaseB_v1,44,evogrow_v2_2_stage_capped_pretune_on,7,1,1,4,1,1,0,3,0.25,1.0,0.4,False,,u1|u1^2|u2^2,,,0
261_evogrow_v2_2_stage_capped_pretune_on_44_1_7,paper1_phaseB_v1,44,evogrow_v2_2_stage_capped_pretune_on,7,1,2,6,1,1,0,5,0.16666666666666666,1.0,0.2857142857142857,False,,u1|u1*u2|u1^2|u1^3|u2^2,,,0
262_evogrow_v2_2_stage_capped_pretune_on_44_2_42,paper1_phaseB_v1,44,evogrow_v2_2_stage_capped_pretune_on,42,2,1,5,1,1,0,4,0.2,1.0,0.33333333333333337,False,,cos(u1)|sin(u1)|u1|u1^3,,,0
262_evogrow_v2_2_stage_capped_pretune_on_44_2_42,paper1_phaseB_v1,44,evogrow_v2_2_stage_capped_pretune_on,42,2,2,6,1,0,1,6,0.0,0.0,0.0,False,sin(u1),u1|u1*u2|u1^2|u2|u2^2|u2^3,,,0
263_evogrow_v2_2_stage_capped_pretune_on_44_2_123,paper1_phaseB_v1,44,evogrow_v2_2_stage_capped_pretune_on,123,2,1,5,1,1,0,4,0.2,1.0,0.33333333333333337,False,,cos(u1)|sin(u1)|u1|u1^3,,,0
263_evogrow_v2_2_stage_capped_pretune_on_44_2_123,paper1_phaseB_v1,44,evogrow_v2_2_stage_capped_pretune_on,123,2,2,6,1,0,1,6,0.0,0.0,0.0,False,sin(u1),u1|u1*u2|u1^2|u2|u2^2|u2^3,,,0
264_evogrow_v2_2_stage_capped_pretune_on_44_2_7,paper1_phaseB_v1,44,evogrow_v2_2_stage_capped_pretune_on,7,2,1,5,1,1,0,4,0.2,1.0,0.33333333333333337,False,,cos(u1)|sin(u1)|u1|u1^3,,,0
264_evogrow_v2_2_stage_capped_pretune_on_44_2_7,paper1_phaseB_v1,44,evogrow_v2_2_stage_capped_pretune_on,7,2,2,6,1,0,1,6,0.0,0.0,0.0,False,sin(u1),u1|u1*u2|u1^2|u2|u2^2|u2^3,,,0
265_evogrow_v2_2_stage_capped_pretune_on_45_1_42,paper1_phaseB_v1,45,evogrow_v2_2_stage_capped_pretune_on,42,1,1,4,1,1,0,3,0.25,1.0,0.4,False,,u1^2|u1^3|u2,,,0
265_evogrow_v2_2_stage_capped_pretune_on_45_1_42,paper1_phaseB_v1,45,evogrow_v2_2_stage_capped_pretune_on,42,1,2,4,1,1,0,3,0.25,1.0,0.4,False,,u1|u2^2|u2^3,,,0
266_evogrow_v2_2_stage_capped_pretune_on_45_1_123,paper1_phaseB_v1,45,evogrow_v2_2_stage_capped_pretune_on,123,1,1,4,1,1,0,3,0.25,1.0,0.4,False,,u1*u2|u1^2|u2,,,0
266_evogrow_v2_2_stage_capped_pretune_on_45_1_123,paper1_phaseB_v1,45,evogrow_v2_2_stage_capped_pretune_on,123,1,2,4,1,1,0,3,0.25,1.0,0.4,False,,u1|u2^2|u2^3,,,0
267_evogrow_v2_2_stage_capped_pretune_on_45_1_7,paper1_phaseB_v1,45,evogrow_v2_2_stage_capped_pretune_on,7,1,1,4,1,1,0,3,0.25,1.0,0.4,False,,u1*u2|u1^2|u2,,,0
267_evogrow_v2_2_stage_capped_pretune_on_45_1_7,paper1_phaseB_v1,45,evogrow_v2_2_stage_capped_pretune_on,7,1,2,4,1,1,0,3,0.25,1.0,0.4,False,,u1|u2^2|u2^3,,,0
268_evogrow_v2_2_stage_capped_pretune_on_45_2_42,paper1_phaseB_v1,45,evogrow_v2_2_stage_capped_pretune_on,42,2,1,2,1,0,1,2,0.0,0.0,0.0,False,u1,u2|u2^2,,,0
268_evogrow_v2_2_stage_capped_pretune_on_45_2_42,paper1_phaseB_v1,45,evogrow_v2_2_stage_capped_pretune_on,42,2,2,4,1,1,0,3,0.25,1.0,0.4,False,,cos(u2)|u1|u2^2,,,0
269_evogrow_v2_2_stage_capped_pretune_on_45_2_123,paper1_phaseB_v1,45,evogrow_v2_2_stage_capped_pretune_on,123,2,1,2,1,0,1,2,0.0,0.0,0.0,False,u1,u2|u2^2,,,0
269_evogrow_v2_2_stage_capped_pretune_on_45_2_123,paper1_phaseB_v1,45,evogrow_v2_2_stage_capped_pretune_on,123,2,2,4,1,1,0,3,0.25,1.0,0.4,False,,cos(u2)|u1|u2^2,,,0
270_evogrow_v2_2_stage_capped_pretune_on_45_2_7,paper1_phaseB_v1,45,evogrow_v2_2_stage_capped_pretune_on,7,2,1,2,1,0,1,2,0.0,0.0,0.0,False,u1,u2|u2^2,,,0
270_evogrow_v2_2_stage_capped_pretune_on_45_2_7,paper1_phaseB_v1,45,evogrow_v2_2_stage_capped_pretune_on,7,2,2,4,1,1,0,3,0.25,1.0,0.4,False,,cos(u2)|u1|u2^2,,,0
271_evogrow_v2_2_stage_capped_pretune_on_46_1_42,paper1_phaseB_v1,46,evogrow_v2_2_stage_capped_pretune_on,42,1,1,1,1,0,1,1,0.0,0.0,0.0,False,sin(u1),u1,,,0
271_evogrow_v2_2_stage_capped_pretune_on_46_1_42,paper1_phaseB_v1,46,evogrow_v2_2_stage_capped_pretune_on,42,1,2,1,1,0,1,1,0.0,0.0,0.0,False,sin(u2),u2,,,0
272_evogrow_v2_2_stage_capped_pretune_on_46_1_123,paper1_phaseB_v1,46,evogrow_v2_2_stage_capped_pretune_on,123,1,1,1,1,0,1,1,0.0,0.0,0.0,False,sin(u1),u1,,,0
272_evogrow_v2_2_stage_capped_pretune_on_46_1_123,paper1_phaseB_v1,46,evogrow_v2_2_stage_capped_pretune_on,123,1,2,1,1,0,1,1,0.0,0.0,0.0,False,sin(u2),u2,,,0
273_evogrow_v2_2_stage_capped_pretune_on_46_1_7,paper1_phaseB_v1,46,evogrow_v2_2_stage_capped_pretune_on,7,1,1,1,1,0,1,1,0.0,0.0,0.0,False,sin(u1),u1,,,0
273_evogrow_v2_2_stage_capped_pretune_on_46_1_7,paper1_phaseB_v1,46,evogrow_v2_2_stage_capped_pretune_on,7,1,2,1,1,0,1,1,0.0,0.0,0.0,False,sin(u2),u2,,,0
274_evogrow_v2_2_stage_capped_pretune_on_46_2_42,paper1_phaseB_v1,46,evogrow_v2_2_stage_capped_pretune_on,42,2,1,2,1,0,1,2,0.0,0.0,0.0,False,sin(u1),u1|u2,,,0
274_evogrow_v2_2_stage_capped_pretune_on_46_2_42,paper1_phaseB_v1,46,evogrow_v2_2_stage_capped_pretune_on,42,2,2,1,1,0,1,1,0.0,0.0,0.0,False,sin(u2),u2,,,0
275_evogrow_v2_2_stage_capped_pretune_on_46_2_123,paper1_phaseB_v1,46,evogrow_v2_2_stage_capped_pretune_on,123,2,1,2,1,0,1,2,0.0,0.0,0.0,False,sin(u1),u1|u2,,,0
275_evogrow_v2_2_stage_capped_pretune_on_46_2_123,paper1_phaseB_v1,46,evogrow_v2_2_stage_capped_pretune_on,123,2,2,1,1,0,1,1,0.0,0.0,0.0,False,sin(u2),u2,,,0
276_evogrow_v2_2_stage_capped_pretune_on_46_2_7,paper1_phaseB_v1,46,evogrow_v2_2_stage_capped_pretune_on,7,2,1,2,1,0,1,2,0.0,0.0,0.0,False,sin(u1),u1|u2,,,0
276_evogrow_v2_2_stage_capped_pretune_on_46_2_7,paper1_phaseB_v1,46,evogrow_v2_2_stage_capped_pretune_on,7,2,2,1,1,0,1,1,0.0,0.0,0.0,False,sin(u2),u2,,,0
277_evogrow_v2_2_stage_capped_pretune_on_47_1_42,paper1_phaseB_v1,47,evogrow_v2_2_stage_capped_pretune_on,42,1,1,2,1,1,0,1,0.5,1.0,0.6666666666666666,False,,u2,,,0
277_evogrow_v2_2_stage_capped_pretune_on_47_1_42,paper1_phaseB_v1,47,evogrow_v2_2_stage_capped_pretune_on,42,1,2,2,1,1,0,1,0.5,1.0,0.6666666666666666,False,,u1,,,0
278_evogrow_v2_2_stage_capped_pretune_on_47_1_123,paper1_phaseB_v1,47,evogrow_v2_2_stage_capped_pretune_on,123,1,1,2,1,1,0,1,0.5,1.0,0.6666666666666666,False,,u2,,,0
278_evogrow_v2_2_stage_capped_pretune_on_47_1_123,paper1_phaseB_v1,47,evogrow_v2_2_stage_capped_pretune_on,123,1,2,2,1,1,0,1,0.5,1.0,0.6666666666666666,False,,u1,,,0
279_evogrow_v2_2_stage_capped_pretune_on_47_1_7,paper1_phaseB_v1,47,evogrow_v2_2_stage_capped_pretune_on,7,1,1,2,1,1,0,1,0.5,1.0,0.6666666666666666,False,,u2,,,0
279_evogrow_v2_2_stage_capped_pretune_on_47_1_7,paper1_phaseB_v1,47,evogrow_v2_2_stage_capped_pretune_on,7,1,2,2,1,1,0,1,0.5,1.0,0.6666666666666666,False,,u1,,,0
280_evogrow_v2_2_stage_capped_pretune_on_47_2_42,paper1_phaseB_v1,47,evogrow_v2_2_stage_capped_pretune_on,42,2,1,3,1,1,0,2,0.3333333333333333,1.0,0.5,False,,u1^2|u2,,,0
280_evogrow_v2_2_stage_capped_pretune_on_47_2_42,paper1_phaseB_v1,47,evogrow_v2_2_stage_capped_pretune_on,42,2,2,2,1,1,0,1,0.5,1.0,0.6666666666666666,False,,u1,,,0
281_evogrow_v2_2_stage_capped_pretune_on_47_2_123,paper1_phaseB_v1,47,evogrow_v2_2_stage_capped_pretune_on,123,2,1,3,1,1,0,2,0.3333333333333333,1.0,0.5,False,,u1^2|u2,,,0
281_evogrow_v2_2_stage_capped_pretune_on_47_2_123,paper1_phaseB_v1,47,evogrow_v2_2_stage_capped_pretune_on,123,2,2,2,1,1,0,1,0.5,1.0,0.6666666666666666,False,,u1,,,0
282_evogrow_v2_2_stage_capped_pretune_on_47_2_7,paper1_phaseB_v1,47,evogrow_v2_2_stage_capped_pretune_on,7,2,1,3,1,1,0,2,0.3333333333333333,1.0,0.5,False,,u1^2|u2,,,0
282_evogrow_v2_2_stage_capped_pretune_on_47_2_7,paper1_phaseB_v1,47,evogrow_v2_2_stage_capped_pretune_on,7,2,2,2,1,1,0,1,0.5,1.0,0.6666666666666666,False,,u1,,,0
283_evogrow_v2_2_stage_capped_pretune_on_48_1_42,paper1_phaseB_v1,48,evogrow_v2_2_stage_capped_pretune_on,42,1,1,5,1,1,0,4,0.2,1.0,0.33333333333333337,False,,u1*u2|u1^2|u2|u2^2,,,0
283_evogrow_v2_2_stage_capped_pretune_on_48_1_42,paper1_phaseB_v1,48,evogrow_v2_2_stage_capped_pretune_on,42,1,2,6,0,0,0,6,0.0,0.0,0.0,False,,u1|u1*u2|u1^2|u2|u2^2|u2^3,,,0
284_evogrow_v2_2_stage_capped_pretune_on_48_1_123,paper1_phaseB_v1,48,evogrow_v2_2_stage_capped_pretune_on,123,1,1,5,1,1,0,4,0.2,1.0,0.33333333333333337,False,,u1*u2|u1^2|u2|u2^2,,,0
284_evogrow_v2_2_stage_capped_pretune_on_48_1_123,paper1_phaseB_v1,48,evogrow_v2_2_stage_capped_pretune_on,123,1,2,6,0,0,0,6,0.0,0.0,0.0,False,,u1|u1*u2|u1^2|u2|u2^2|u2^3,,,0
285_evogrow_v2_2_stage_capped_pretune_on_48_1_7,paper1_phaseB_v1,48,evogrow_v2_2_stage_capped_pretune_on,7,1,1,5,1,1,0,4,0.2,1.0,0.33333333333333337,False,,u1*u2|u1^2|u2|u2^2,,,0
285_evogrow_v2_2_stage_capped_pretune_on_48_1_7,paper1_phaseB_v1,48,evogrow_v2_2_stage_capped_pretune_on,7,1,2,6,0,0,0,6,0.0,0.0,0.0,False,,u1|u1*u2|u1^2|u2|u2^2|u2^3,,,0
286_evogrow_v2_2_stage_capped_pretune_on_48_2_42,paper1_phaseB_v1,48,evogrow_v2_2_stage_capped_pretune_on,42,2,1,4,1,1,0,3,0.25,1.0,0.4,False,,u1^2|u2|u2^2,,,0
286_evogrow_v2_2_stage_capped_pretune_on_48_2_42,paper1_phaseB_v1,48,evogrow_v2_2_stage_capped_pretune_on,42,2,2,5,0,0,0,5,0.0,0.0,0.0,False,,u1|u1*u2|u1^2|u2|u2^2,,,0
287_evogrow_v2_2_stage_capped_pretune_on_48_2_123,paper1_phaseB_v1,48,evogrow_v2_2_stage_capped_pretune_on,123,2,1,4,1,1,0,3,0.25,1.0,0.4,False,,u1^2|u2|u2^2,,,0
287_evogrow_v2_2_stage_capped_pretune_on_48_2_123,paper1_phaseB_v1,48,evogrow_v2_2_stage_capped_pretune_on,123,2,2,5,0,0,0,5,0.0,0.0,0.0,False,,u1|u1*u2|u1^2|u2|u2^2,,,0
288_evogrow_v2_2_stage_capped_pretune_on_48_2_7,paper1_phaseB_v1,48,evogrow_v2_2_stage_capped_pretune_on,7,2,1,4,1,1,0,3,0.25,1.0,0.4,False,,u1^2|u2|u2^2,,,0
288_evogrow_v2_2_stage_capped_pretune_on_48_2_7,paper1_phaseB_v1,48,evogrow_v2_2_stage_capped_pretune_on,7,2,2,5,0,0,0,5,0.0,0.0,0.0,False,,u1|u1*u2|u1^2|u2|u2^2,,,0
289_evogrow_v2_2_stage_capped_pretune_on_49_1_42,paper1_phaseB_v1,49,evogrow_v2_2_stage_capped_pretune_on,42,1,1,5,1,1,0,4,0.2,1.0,0.33333333333333337,False,,u1*u2|u1^2|u2|u2^2,,,0
289_evogrow_v2_2_stage_capped_pretune_on_49_1_42,paper1_phaseB_v1,49,evogrow_v2_2_stage_capped_pretune_on,42,1,2,5,1,1,0,4,0.2,1.0,0.33333333333333337,False,,u1^2|u2|u2^2|u2^3,,,0
290_evogrow_v2_2_stage_capped_pretune_on_49_1_123,paper1_phaseB_v1,49,evogrow_v2_2_stage_capped_pretune_on,123,1,1,5,1,1,0,4,0.2,1.0,0.33333333333333337,False,,u1*u2|u1^2|u2|u2^2,,,0
290_evogrow_v2_2_stage_capped_pretune_on_49_1_123,paper1_phaseB_v1,49,evogrow_v2_2_stage_capped_pretune_on,123,1,2,5,1,1,0,4,0.2,1.0,0.33333333333333337,False,,u1^2|u2|u2^2|u2^3,,,0
291_evogrow_v2_2_stage_capped_pretune_on_49_1_7,paper1_phaseB_v1,49,evogrow_v2_2_stage_capped_pretune_on,7,1,1,5,1,1,0,4,0.2,1.0,0.33333333333333337,False,,u1*u2|u1^2|u2|u2^2,,,0
291_evogrow_v2_2_stage_capped_pretune_on_49_1_7,paper1_phaseB_v1,49,evogrow_v2_2_stage_capped_pretune_on,7,1,2,5,1,1,0,4,0.2,1.0,0.33333333333333337,False,,u1^2|u2|u2^2|u2^3,,,0
292_evogrow_v2_2_stage_capped_pretune_on_49_2_42,paper1_phaseB_v1,49,evogrow_v2_2_stage_capped_pretune_on,42,2,1,4,1,1,0,3,0.25,1.0,0.4,False,,cos(u1)|u1^2|u2,,,0
292_evogrow_v2_2_stage_capped_pretune_on_49_2_42,paper1_phaseB_v1,49,evogrow_v2_2_stage_capped_pretune_on,42,2,2,5,1,1,0,4,0.2,1.0,0.33333333333333337,False,,u1*u2|u1^2|u1^3|u2,,,0
293_evogrow_v2_2_stage_capped_pretune_on_49_2_123,paper1_phaseB_v1,49,evogrow_v2_2_stage_capped_pretune_on,123,2,1,4,1,1,0,3,0.25,1.0,0.4,False,,cos(u1)|u1^2|u2,,,0
293_evogrow_v2_2_stage_capped_pretune_on_49_2_123,paper1_phaseB_v1,49,evogrow_v2_2_stage_capped_pretune_on,123,2,2,5,1,1,0,4,0.2,1.0,0.33333333333333337,False,,u1*u2|u1^2|u1^3|u2,,,0
294_evogrow_v2_2_stage_capped_pretune_on_49_2_7,paper1_phaseB_v1,49,evogrow_v2_2_stage_capped_pretune_on,7,2,1,4,1,1,0,3,0.25,1.0,0.4,False,,cos(u1)|u1^2|u2,,,0
294_evogrow_v2_2_stage_capped_pretune_on_49_2_7,paper1_phaseB_v1,49,evogrow_v2_2_stage_capped_pretune_on,7,2,2,5,1,1,0,4,0.2,1.0,0.33333333333333337,False,,u1*u2|u1^2|u1^3|u2,,,0
295_evogrow_v2_2_stage_capped_pretune_on_50_1_42,paper1_phaseB_v1,50,evogrow_v2_2_stage_capped_pretune_on,42,1,1,6,1,1,0,5,0.16666666666666666,1.0,0.2857142857142857,False,,u1*u2|u1^3|u2|u2^2|u2^3,,,0
295_evogrow_v2_2_stage_capped_pretune_on_50_1_42,paper1_phaseB_v1,50,evogrow_v2_2_stage_capped_pretune_on,42,1,2,6,0,0,0,6,0.0,0.0,0.0,False,,u1|u1*u2|u1^2|u1^3|u2|u2^3,,,0
296_evogrow_v2_2_stage_capped_pretune_on_50_1_123,paper1_phaseB_v1,50,evogrow_v2_2_stage_capped_pretune_on,123,1,1,6,1,1,0,5,0.16666666666666666,1.0,0.2857142857142857,False,,sin(u1)|u1^3|u2|u2^2|u2^3,,,0
296_evogrow_v2_2_stage_capped_pretune_on_50_1_123,paper1_phaseB_v1,50,evogrow_v2_2_stage_capped_pretune_on,123,1,2,6,0,0,0,6,0.0,0.0,0.0,False,,cos(u2)|u1|u1*u2|u1^2|u2|u2^3,,,0
297_evogrow_v2_2_stage_capped_pretune_on_50_1_7,paper1_phaseB_v1,50,evogrow_v2_2_stage_capped_pretune_on,7,1,1,6,1,1,0,5,0.16666666666666666,1.0,0.2857142857142857,False,,sin(u1)|u1^3|u2|u2^2|u2^3,,,0
297_evogrow_v2_2_stage_capped_pretune_on_50_1_7,paper1_phaseB_v1,50,evogrow_v2_2_stage_capped_pretune_on,7,1,2,6,0,0,0,6,0.0,0.0,0.0,False,,cos(u2)|u1|u1*u2|u1^2|u2|u2^3,,,0
298_evogrow_v2_2_stage_capped_pretune_on_50_2_42,paper1_phaseB_v1,50,evogrow_v2_2_stage_capped_pretune_on,42,2,1,2,1,1,0,1,0.5,1.0,0.6666666666666666,False,,u2,,,0
298_evogrow_v2_2_stage_capped_pretune_on_50_2_42,paper1_phaseB_v1,50,evogrow_v2_2_stage_capped_pretune_on,42,2,2,3,0,0,0,3,0.0,0.0,0.0,False,,u1|u1^2|u2,,,0
299_evogrow_v2_2_stage_capped_pretune_on_50_2_123,paper1_phaseB_v1,50,evogrow_v2_2_stage_capped_pretune_on,123,2,1,2,1,1,0,1,0.5,1.0,0.6666666666666666,False,,u2,,,0
299_evogrow_v2_2_stage_capped_pretune_on_50_2_123,paper1_phaseB_v1,50,evogrow_v2_2_stage_capped_pretune_on,123,2,2,3,0,0,0,3,0.0,0.0,0.0,False,,u1|u1^2|u2,,,0
300_evogrow_v2_2_stage_capped_pretune_on_50_2_7,paper1_phaseB_v1,50,evogrow_v2_2_stage_capped_pretune_on,7,2,1,2,1,1,0,1,0.5,1.0,0.6666666666666666,False,,u2,,,0
300_evogrow_v2_2_stage_capped_pretune_on_50_2_7,paper1_phaseB_v1,50,evogrow_v2_2_stage_capped_pretune_on,7,2,2,3,0,0,0,3,0.0,0.0,0.0,False,,u1|u1^2|u2,,,0
301_evogrow_v2_2_stage_capped_pretune_on_51_1_42,paper1_phaseB_v1,51,evogrow_v2_2_stage_capped_pretune_on,42,1,1,4,0,0,0,4,0.0,0.0,0.0,False,,sin(u2)|u1|u2|u2^2,,,0
301_evogrow_v2_2_stage_capped_pretune_on_51_1_42,paper1_phaseB_v1,51,evogrow_v2_2_stage_capped_pretune_on,42,1,2,6,0,0,0,6,0.0,0.0,0.0,False,,cos(u2)|u1|u1^2|u1^3|u2|u2^2,,,0
302_evogrow_v2_2_stage_capped_pretune_on_51_1_123,paper1_phaseB_v1,51,evogrow_v2_2_stage_capped_pretune_on,123,1,1,4,0,0,0,4,0.0,0.0,0.0,False,,sin(u2)|u1|u2|u2^2,,,0
302_evogrow_v2_2_stage_capped_pretune_on_51_1_123,paper1_phaseB_v1,51,evogrow_v2_2_stage_capped_pretune_on,123,1,2,6,0,0,0,6,0.0,0.0,0.0,False,,cos(u2)|u1|u1^2|u1^3|u2|u2^2,,,0
303_evogrow_v2_2_stage_capped_pretune_on_51_1_7,paper1_phaseB_v1,51,evogrow_v2_2_stage_capped_pretune_on,7,1,1,4,0,0,0,4,0.0,0.0,0.0,False,,sin(u2)|u1|u2|u2^2,,,0
303_evogrow_v2_2_stage_capped_pretune_on_51_1_7,paper1_phaseB_v1,51,evogrow_v2_2_stage_capped_pretune_on,7,1,2,6,0,0,0,6,0.0,0.0,0.0,False,,cos(u2)|u1|u1^2|u1^3|u2|u2^2,,,0
304_evogrow_v2_2_stage_capped_pretune_on_51_2_42,paper1_phaseB_v1,51,evogrow_v2_2_stage_capped_pretune_on,42,2,1,3,0,0,0,3,0.0,0.0,0.0,False,,sin(u1)|u1|u2,,,0
304_evogrow_v2_2_stage_capped_pretune_on_51_2_42,paper1_phaseB_v1,51,evogrow_v2_2_stage_capped_pretune_on,42,2,2,2,0,0,0,2,0.0,0.0,0.0,False,,u1|u2,,,0
305_evogrow_v2_2_stage_capped_pretune_on_51_2_123,paper1_phaseB_v1,51,evogrow_v2_2_stage_capped_pretune_on,123,2,1,3,0,0,0,3,0.0,0.0,0.0,False,,sin(u1)|u1|u2,,,0
305_evogrow_v2_2_stage_capped_pretune_on_51_2_123,paper1_phaseB_v1,51,evogrow_v2_2_stage_capped_pretune_on,123,2,2,2,0,0,0,2,0.0,0.0,0.0,False,,u1|u2,,,0
306_evogrow_v2_2_stage_capped_pretune_on_51_2_7,paper1_phaseB_v1,51,evogrow_v2_2_stage_capped_pretune_on,7,2,1,3,0,0,0,3,0.0,0.0,0.0,False,,sin(u1)|u1|u2,,,0
306_evogrow_v2_2_stage_capped_pretune_on_51_2_7,paper1_phaseB_v1,51,evogrow_v2_2_stage_capped_pretune_on,7,2,2,2,0,0,0,2,0.0,0.0,0.0,False,,u1|u2,,,0
307_evogrow_v2_2_stage_capped_pretune_on_52_1_42,paper1_phaseB_v1,52,evogrow_v2_2_stage_capped_pretune_on,42,1,1,1,2,1,1,0,1.0,0.5,0.6666666666666666,False,u2,,,,0
307_evogrow_v2_2_stage_capped_pretune_on_52_1_42,paper1_phaseB_v1,52,evogrow_v2_2_stage_capped_pretune_on,42,1,2,2,2,1,1,1,0.5,0.5,0.5,False,u1*u3,u3,,,0
307_evogrow_v2_2_stage_capped_pretune_on_52_1_42,paper1_phaseB_v1,52,evogrow_v2_2_stage_capped_pretune_on,42,1,3,3,2,0,2,3,0.0,0.0,0.0,False,u1*u2|u3,u1|u2|u2^3,,,0
308_evogrow_v2_2_stage_capped_pretune_on_52_1_123,paper1_phaseB_v1,52,evogrow_v2_2_stage_capped_pretune_on,123,1,1,1,2,1,1,0,1.0,0.5,0.6666666666666666,False,u2,,,,0
308_evogrow_v2_2_stage_capped_pretune_on_52_1_123,paper1_phaseB_v1,52,evogrow_v2_2_stage_capped_pretune_on,123,1,2,2,2,1,1,1,0.5,0.5,0.5,False,u1*u3,u3,,,0
308_evogrow_v2_2_stage_capped_pretune_on_52_1_123,paper1_phaseB_v1,52,evogrow_v2_2_stage_capped_pretune_on,123,1,3,3,2,0,2,3,0.0,0.0,0.0,False,u1*u2|u3,u1|u2|u2^3,,,0
309_evogrow_v2_2_stage_capped_pretune_on_52_1_7,paper1_phaseB_v1,52,evogrow_v2_2_stage_capped_pretune_on,7,1,1,1,2,0,2,1,0.0,0.0,0.0,False,u1|u2,u3,,,0
309_evogrow_v2_2_stage_capped_pretune_on_52_1_7,paper1_phaseB_v1,52,evogrow_v2_2_stage_capped_pretune_on,7,1,2,2,2,1,1,1,0.5,0.5,0.5,False,u1*u3,u1,,,0
309_evogrow_v2_2_stage_capped_pretune_on_52_1_7,paper1_phaseB_v1,52,evogrow_v2_2_stage_capped_pretune_on,7,1,3,2,2,0,2,2,0.0,0.0,0.0,False,u1*u2|u3,u1|u2,,,0
310_evogrow_v2_2_stage_capped_pretune_on_52_2_42,paper1_phaseB_v1,52,evogrow_v2_2_stage_capped_pretune_on,42,2,1,1,2,1,1,0,1.0,0.5,0.6666666666666666,False,u1,,,,0
310_evogrow_v2_2_stage_capped_pretune_on_52_2_42,paper1_phaseB_v1,52,evogrow_v2_2_stage_capped_pretune_on,42,2,2,2,2,1,1,1,0.5,0.5,0.5,False,u1*u3,u3,,,0
310_evogrow_v2_2_stage_capped_pretune_on_52_2_42,paper1_phaseB_v1,52,evogrow_v2_2_stage_capped_pretune_on,42,2,3,2,2,0,2,2,0.0,0.0,0.0,False,u1*u2|u3,u1|u2,,,0
311_evogrow_v2_2_stage_capped_pretune_on_52_2_123,paper1_phaseB_v1,52,evogrow_v2_2_stage_capped_pretune_on,123,2,1,1,2,0,2,1,0.0,0.0,0.0,False,u1|u2,u3,,,0
311_evogrow_v2_2_stage_capped_pretune_on_52_2_123,paper1_phaseB_v1,52,evogrow_v2_2_stage_capped_pretune_on,123,2,2,2,2,1,1,1,0.5,0.5,0.5,False,u1*u3,u3,,,0
311_evogrow_v2_2_stage_capped_pretune_on_52_2_123,paper1_phaseB_v1,52,evogrow_v2_2_stage_capped_pretune_on,123,2,3,2,2,0,2,2,0.0,0.0,0.0,False,u1*u2|u3,u1|u2,,,0
312_evogrow_v2_2_stage_capped_pretune_on_52_2_7,paper1_phaseB_v1,52,evogrow_v2_2_stage_capped_pretune_on,7,2,1,1,2,0,2,1,0.0,0.0,0.0,False,u1|u2,u3,,,0
312_evogrow_v2_2_stage_capped_pretune_on_52_2_7,paper1_phaseB_v1,52,evogrow_v2_2_stage_capped_pretune_on,7,2,2,2,2,1,1,1,0.5,0.5,0.5,False,u1*u3,u3,,,0
312_evogrow_v2_2_stage_capped_pretune_on_52_2_7,paper1_phaseB_v1,52,evogrow_v2_2_stage_capped_pretune_on,7,2,3,2,2,0,2,2,0.0,0.0,0.0,False,u1*u2|u3,u1|u2,,,0
313_evogrow_v2_2_stage_capped_pretune_on_53_1_42,paper1_phaseB_v1,53,evogrow_v2_2_stage_capped_pretune_on,42,1,1,3,1,1,0,2,0.3333333333333333,1.0,0.5,False,,u2|u3,,,0
313_evogrow_v2_2_stage_capped_pretune_on_53_1_42,paper1_phaseB_v1,53,evogrow_v2_2_stage_capped_pretune_on,42,1,2,3,2,1,1,2,0.3333333333333333,0.5,0.4,False,u2*u3,u1|u2,,,0
313_evogrow_v2_2_stage_capped_pretune_on_53_1_42,paper1_phaseB_v1,53,evogrow_v2_2_stage_capped_pretune_on,42,1,3,1,2,0,2,1,0.0,0.0,0.0,False,u2*u3|u3,u1,,,0
314_evogrow_v2_2_stage_capped_pretune_on_53_1_123,paper1_phaseB_v1,53,evogrow_v2_2_stage_capped_pretune_on,123,1,1,3,1,1,0,2,0.3333333333333333,1.0,0.5,False,,u2|u3,,,0
314_evogrow_v2_2_stage_capped_pretune_on_53_1_123,paper1_phaseB_v1,53,evogrow_v2_2_stage_capped_pretune_on,123,1,2,2,2,1,1,1,0.5,0.5,0.5,False,u2*u3,u1,,,0
314_evogrow_v2_2_stage_capped_pretune_on_53_1_123,paper1_phaseB_v1,53,evogrow_v2_2_stage_capped_pretune_on,123,1,3,2,2,0,2,2,0.0,0.0,0.0,False,u2*u3|u3,u1|u2,,,0
315_evogrow_v2_2_stage_capped_pretune_on_53_1_7,paper1_phaseB_v1,53,evogrow_v2_2_stage_capped_pretune_on,7,1,1,3,1,1,0,2,0.3333333333333333,1.0,0.5,False,,u2|u3,,,0
315_evogrow_v2_2_stage_capped_pretune_on_53_1_7,paper1_phaseB_v1,53,evogrow_v2_2_stage_capped_pretune_on,7,1,2,1,2,0,2,1,0.0,0.0,0.0,False,u2*u3|u3,u1,,,0
315_evogrow_v2_2_stage_capped_pretune_on_53_1_7,paper1_phaseB_v1,53,evogrow_v2_2_stage_capped_pretune_on,7,1,3,1,2,0,2,1,0.0,0.0,0.0,False,u2*u3|u3,u1,,,0
316_evogrow_v2_2_stage_capped_pretune_on_53_2_42,paper1_phaseB_v1,53,evogrow_v2_2_stage_capped_pretune_on,42,2,1,2,1,1,0,1,0.5,1.0,0.6666666666666666,False,,u3,,,0
316_evogrow_v2_2_stage_capped_pretune_on_53_2_42,paper1_phaseB_v1,53,evogrow_v2_2_stage_capped_pretune_on,42,2,2,1,2,0,2,1,0.0,0.0,0.0,False,u2*u3|u3,u2,,,0
316_evogrow_v2_2_stage_capped_pretune_on_53_2_42,paper1_phaseB_v1,53,evogrow_v2_2_stage_capped_pretune_on,42,2,3,1,2,0,2,1,0.0,0.0,0.0,False,u2*u3|u3,u2,,,0
317_evogrow_v2_2_stage_capped_pretune_on_53_2_123,paper1_phaseB_v1,53,evogrow_v2_2_stage_capped_pretune_on,123,2,1,2,1,1,0,1,0.5,1.0,0.6666666666666666,False,,u3,,,0
317_evogrow_v2_2_stage_capped_pretune_on_53_2_123,paper1_phaseB_v1,53,evogrow_v2_2_stage_capped_pretune_on,123,2,2,1,2,0,2,1,0.0,0.0,0.0,False,u2*u3|u3,u2,,,0
317_evogrow_v2_2_stage_capped_pretune_on_53_2_123,paper1_phaseB_v1,53,evogrow_v2_2_stage_capped_pretune_on,123,2,3,1,2,0,2,1,0.0,0.0,0.0,False,u2*u3|u3,u2,,,0
318_evogrow_v2_2_stage_capped_pretune_on_53_2_7,paper1_phaseB_v1,53,evogrow_v2_2_stage_capped_pretune_on,7,2,1,2,1,1,0,1,0.5,1.0,0.6666666666666666,False,,u3,,,0
318_evogrow_v2_2_stage_capped_pretune_on_53_2_7,paper1_phaseB_v1,53,evogrow_v2_2_stage_capped_pretune_on,7,2,2,1,2,0,2,1,0.0,0.0,0.0,False,u2*u3|u3,u2,,,0
318_evogrow_v2_2_stage_capped_pretune_on_53_2_7,paper1_phaseB_v1,53,evogrow_v2_2_stage_capped_pretune_on,7,2,3,2,2,1,1,1,0.5,0.5,0.5,False,u2*u3,u2,,,0
319_evogrow_v2_2_stage_capped_pretune_on_54_1_42,paper1_phaseB_v1,54,evogrow_v2_2_stage_capped_pretune_on,42,1,1,4,2,1,1,3,0.25,0.5,0.3333333333333333,False,u1,u1^2|u2^2|u3,,,0
319_evogrow_v2_2_stage_capped_pretune_on_54_1_42,paper1_phaseB_v1,54,evogrow_v2_2_stage_capped_pretune_on,42,1,2,6,3,3,0,3,0.5,1.0,0.6666666666666666,False,,u1^2|u3|u3^2,,,0
319_evogrow_v2_2_stage_capped_pretune_on_54_1_42,paper1_phaseB_v1,54,evogrow_v2_2_stage_capped_pretune_on,42,1,3,4,2,1,1,3,0.25,0.5,0.3333333333333333,False,u1*u2,u1|u1^2|u2,,,0
320_evogrow_v2_2_stage_capped_pretune_on_54_1_123,paper1_phaseB_v1,54,evogrow_v2_2_stage_capped_pretune_on,123,1,1,3,2,2,0,1,0.6666666666666666,1.0,0.8,False,,u3,,,0
320_evogrow_v2_2_stage_capped_pretune_on_54_1_123,paper1_phaseB_v1,54,evogrow_v2_2_stage_capped_pretune_on,123,1,2,6,3,2,1,4,0.3333333333333333,0.6666666666666666,0.4444444444444444,False,u2,u1^2|u2^2|u3|u3^2,,,0
320_evogrow_v2_2_stage_capped_pretune_on_54_1_123,paper1_phaseB_v1,54,evogrow_v2_2_stage_capped_pretune_on,123,1,3,5,2,2,0,3,0.4,1.0,0.5714285714285715,False,,u1|u2|u2^2,,,0
321_evogrow_v2_2_stage_capped_pretune_on_54_1_7,paper1_phaseB_v1,54,evogrow_v2_2_stage_capped_pretune_on,7,1,1,3,2,2,0,1,0.6666666666666666,1.0,0.8,False,,u3,,,0
321_evogrow_v2_2_stage_capped_pretune_on_54_1_7,paper1_phaseB_v1,54,evogrow_v2_2_stage_capped_pretune_on,7,1,2,6,3,1,2,5,0.16666666666666666,0.3333333333333333,0.2222222222222222,False,u1*u3|u2,u1^2|u2*u3|u2^2|u3|u3^2,,,0
321_evogrow_v2_2_stage_capped_pretune_on_54_1_7,paper1_phaseB_v1,54,evogrow_v2_2_stage_capped_pretune_on,7,1,3,4,2,1,1,3,0.25,0.5,0.3333333333333333,False,u1*u2,u1|u1^2|u2,,,0
322_evogrow_v2_2_stage_capped_pretune_on_54_2_42,paper1_phaseB_v1,54,evogrow_v2_2_stage_capped_pretune_on,42,2,1,6,2,2,0,4,0.3333333333333333,1.0,0.5,False,,u1^2|u2^2|u3|u3^2,,,0
322_evogrow_v2_2_stage_capped_pretune_on_54_2_42,paper1_phaseB_v1,54,evogrow_v2_2_stage_capped_pretune_on,42,2,2,6,3,2,1,4,0.3333333333333333,0.6666666666666666,0.4444444444444444,False,u1*u3,u1^2|u2^2|u3|u3^2,,,0
322_evogrow_v2_2_stage_capped_pretune_on_54_2_42,paper1_phaseB_v1,54,evogrow_v2_2_stage_capped_pretune_on,42,2,3,6,2,1,1,5,0.16666666666666666,0.5,0.25,False,u1*u2,u1|u1^2|u2|u2^2|u3^2,,,0
323_evogrow_v2_2_stage_capped_pretune_on_54_2_123,paper1_phaseB_v1,54,evogrow_v2_2_stage_capped_pretune_on,123,2,1,6,2,2,0,4,0.3333333333333333,1.0,0.5,False,,u1^2|u2^2|u3|u3^2,,,0
323_evogrow_v2_2_stage_capped_pretune_on_54_2_123,paper1_phaseB_v1,54,evogrow_v2_2_stage_capped_pretune_on,123,2,2,6,3,2,1,4,0.3333333333333333,0.6666666666666666,0.4444444444444444,False,u1*u3,u1^2|u2^2|u3|u3^2,,,0
323_evogrow_v2_2_stage_capped_pretune_on_54_2_123,paper1_phaseB_v1,54,evogrow_v2_2_stage_capped_pretune_on,123,2,3,6,2,1,1,5,0.16666666666666666,0.5,0.25,False,u1*u2,u1|u1^2|u2|u2^2|u3^2,,,0
324_evogrow_v2_2_stage_capped_pretune_on_54_2_7,paper1_phaseB_v1,54,evogrow_v2_2_stage_capped_pretune_on,7,2,1,6,2,2,0,4,0.3333333333333333,1.0,0.5,False,,u1^2|u2^2|u3|u3^2,,,0
324_evogrow_v2_2_stage_capped_pretune_on_54_2_7,paper1_phaseB_v1,54,evogrow_v2_2_stage_capped_pretune_on,7,2,2,6,3,2,1,4,0.3333333333333333,0.6666666666666666,0.4444444444444444,False,u1*u3,u1^2|u2^2|u3|u3^2,,,0
324_evogrow_v2_2_stage_capped_pretune_on_54_2_7,paper1_phaseB_v1,54,evogrow_v2_2_stage_capped_pretune_on,7,2,3,6,2,1,1,5,0.16666666666666666,0.5,0.25,False,u1*u2,u1|u1^2|u2|u2^2|u3^2,,,0
325_evogrow_v2_2_stage_capped_pretune_on_55_1_42,paper1_phaseB_v1,55,evogrow_v2_2_stage_capped_pretune_on,42,1,1,6,2,2,0,4,0.3333333333333333,1.0,0.5,False,,u1^2|u2^2|u3|u3^2,,,0
325_evogrow_v2_2_stage_capped_pretune_on_55_1_42,paper1_phaseB_v1,55,evogrow_v2_2_stage_capped_pretune_on,42,1,2,6,3,2,1,4,0.3333333333333333,0.6666666666666666,0.4444444444444444,False,u1,u1^2|u2^2|u3|u3^2,,,0
325_evogrow_v2_2_stage_capped_pretune_on_55_1_42,paper1_phaseB_v1,55,evogrow_v2_2_stage_capped_pretune_on,42,1,3,6,2,1,1,5,0.16666666666666666,0.5,0.25,False,u1*u2,u1|u1^2|u2|u2^2|u3^2,,,0
326_evogrow_v2_2_stage_capped_pretune_on_55_1_123,paper1_phaseB_v1,55,evogrow_v2_2_stage_capped_pretune_on,123,1,1,5,2,2,0,3,0.4,1.0,0.5714285714285715,False,,u2^2|u3|u3^2,,,0
326_evogrow_v2_2_stage_capped_pretune_on_55_1_123,paper1_phaseB_v1,55,evogrow_v2_2_stage_capped_pretune_on,123,1,2,4,3,0,3,4,0.0,0.0,0.0,False,u1|u1*u3|u2,u1^2|u2^2|u3|u3^2,,,0
326_evogrow_v2_2_stage_capped_pretune_on_55_1_123,paper1_phaseB_v1,55,evogrow_v2_2_stage_capped_pretune_on,123,1,3,6,2,1,1,5,0.16666666666666666,0.5,0.25,False,u1*u2,u1|u1^2|u2|u2^2|u3^2,,,0
327_evogrow_v2_2_stage_capped_pretune_on_55_1_7,paper1_phaseB_v1,55,evogrow_v2_2_stage_capped_pretune_on,7,1,1,6,2,2,0,4,0.3333333333333333,1.0,0.5,False,,u1^2|u2^2|u3|u3^2,,,0
327_evogrow_v2_2_stage_capped_pretune_on_55_1_7,paper1_phaseB_v1,55,evogrow_v2_2_stage_capped_pretune_on,7,1,2,5,3,1,2,4,0.2,0.3333333333333333,0.25,False,u1|u2,u1^2|u2*u3|u2^2|u3,,,0
327_evogrow_v2_2_stage_capped_pretune_on_55_1_7,paper1_phaseB_v1,55,evogrow_v2_2_stage_capped_pretune_on,7,1,3,6,2,1,1,5,0.16666666666666666,0.5,0.25,False,u1*u2,u1|u1^2|u2|u2^2|u3^2,,,0
328_evogrow_v2_2_stage_capped_pretune_on_55_2_42,paper1_phaseB_v1,55,evogrow_v2_2_stage_capped_pretune_on,42,2,1,6,2,2,0,4,0.3333333333333333,1.0,0.5,False,,u1*u2|u2*u3|u2^3|u3^2,,,0
328_evogrow_v2_2_stage_capped_pretune_on_55_2_42,paper1_phaseB_v1,55,evogrow_v2_2_stage_capped_pretune_on,42,2,2,4,3,2,1,2,0.5,0.6666666666666666,0.5714285714285715,False,u2,u3|u3^2,,,0
328_evogrow_v2_2_stage_capped_pretune_on_55_2_42,paper1_phaseB_v1,55,evogrow_v2_2_stage_capped_pretune_on,42,2,3,5,2,1,1,4,0.2,0.5,0.28571428571428575,False,u1*u2,u1|u1^2|u2|u3^2,,,0
329_evogrow_v2_2_stage_capped_pretune_on_55_2_123,paper1_phaseB_v1,55,evogrow_v2_2_stage_capped_pretune_on,123,2,1,5,2,2,0,3,0.4,1.0,0.5714285714285715,False,,u1*u3|u2^2|u3^2,,,0
329_evogrow_v2_2_stage_capped_pretune_on_55_2_123,paper1_phaseB_v1,55,evogrow_v2_2_stage_capped_pretune_on,123,2,2,5,3,1,2,4,0.2,0.3333333333333333,0.25,False,u1*u3|u2,u1^2|u2^2|u3|u3^2,,,0
329_evogrow_v2_2_stage_capped_pretune_on_55_2_123,paper1_phaseB_v1,55,evogrow_v2_2_stage_capped_pretune_on,123,2,3,6,2,1,1,5,0.16666666666666666,0.5,0.25,False,u1*u2,u1|u1^2|u2|u2^2|u3^2,,,0
330_evogrow_v2_2_stage_capped_pretune_on_55_2_7,paper1_phaseB_v1,55,evogrow_v2_2_stage_capped_pretune_on,7,2,1,5,2,2,0,3,0.4,1.0,0.5714285714285715,False,,u1*u2|u1*u3|u2*u3,,,0
330_evogrow_v2_2_stage_capped_pretune_on_55_2_7,paper1_phaseB_v1,55,evogrow_v2_2_stage_capped_pretune_on,7,2,2,6,3,2,1,4,0.3333333333333333,0.6666666666666666,0.4444444444444444,False,u2,u1*u2|u1^2|u3|u3^2,,,0
330_evogrow_v2_2_stage_capped_pretune_on_55_2_7,paper1_phaseB_v1,55,evogrow_v2_2_stage_capped_pretune_on,7,2,3,6,2,1,1,5,0.16666666666666666,0.5,0.25,False,u1*u2,u1|u1*u3|u1^2|u2|u3^2,,,0
331_evogrow_v2_2_stage_capped_pretune_on_56_1_42,paper1_phaseB_v1,56,evogrow_v2_2_stage_capped_pretune_on,42,1,1,6,2,2,0,4,0.3333333333333333,1.0,0.5,False,,u1^2|u2^2|u3|u3^2,,,0
331_evogrow_v2_2_stage_capped_pretune_on_56_1_42,paper1_phaseB_v1,56,evogrow_v2_2_stage_capped_pretune_on,42,1,2,6,3,2,1,4,0.3333333333333333,0.6666666666666666,0.4444444444444444,False,u2,u1^2|u2*u3|u3|u3^2,,,0
331_evogrow_v2_2_stage_capped_pretune_on_56_1_42,paper1_phaseB_v1,56,evogrow_v2_2_stage_capped_pretune_on,42,1,3,6,2,1,1,5,0.16666666666666666,0.5,0.25,False,u1*u2,u1|u1*u3|u1^2|u2|u3^2,,,0
332_evogrow_v2_2_stage_capped_pretune_on_56_1_123,paper1_phaseB_v1,56,evogrow_v2_2_stage_capped_pretune_on,123,1,1,5,2,2,0,3,0.4,1.0,0.5714285714285715,False,,u1*u3|u2*u3|u3,,,0
332_evogrow_v2_2_stage_capped_pretune_on_56_1_123,paper1_phaseB_v1,56,evogrow_v2_2_stage_capped_pretune_on,123,1,2,6,3,3,0,3,0.5,1.0,0.6666666666666666,False,,u1*u2|u2*u3|u3^2,,,0
332_evogrow_v2_2_stage_capped_pretune_on_56_1_123,paper1_phaseB_v1,56,evogrow_v2_2_stage_capped_pretune_on,123,1,3,5,2,2,0,3,0.4,1.0,0.5714285714285715,False,,u1*u3|u2|u2*u3,,,0
333_evogrow_v2_2_stage_capped_pretune_on_56_1_7,paper1_phaseB_v1,56,evogrow_v2_2_stage_capped_pretune_on,7,1,1,6,2,2,0,4,0.3333333333333333,1.0,0.5,False,,u2*u3|u2^2|u3|u3^2,,,0
333_evogrow_v2_2_stage_capped_pretune_on_56_1_7,paper1_phaseB_v1,56,evogrow_v2_2_stage_capped_pretune_on,7,1,2,6,3,2,1,4,0.3333333333333333,0.6666666666666666,0.4444444444444444,False,u2,u1*u2|u2*u3|u2^2|u3,,,0
333_evogrow_v2_2_stage_capped_pretune_on_56_1_7,paper1_phaseB_v1,56,evogrow_v2_2_stage_capped_pretune_on,7,1,3,6,2,2,0,4,0.3333333333333333,1.0,0.5,False,,u1|u1*u3|u1^2|u2,,,0
334_evogrow_v2_2_stage_capped_pretune_on_56_2_42,paper1_phaseB_v1,56,evogrow_v2_2_stage_capped_pretune_on,42,2,1,6,2,2,0,4,0.3333333333333333,1.0,0.5,False,,u1^2|u2^2|u3|u3^2,,,0
334_evogrow_v2_2_stage_capped_pretune_on_56_2_42,paper1_phaseB_v1,56,evogrow_v2_2_stage_capped_pretune_on,42,2,2,6,3,2,1,4,0.3333333333333333,0.6666666666666666,0.4444444444444444,False,u2,u1*u2|u2*u3|u3|u3^2,,,0
334_evogrow_v2_2_stage_capped_pretune_on_56_2_42,paper1_phaseB_v1,56,evogrow_v2_2_stage_capped_pretune_on,42,2,3,5,2,2,0,3,0.4,1.0,0.5714285714285715,False,,u1|u1*u3|u2,,,0
335_evogrow_v2_2_stage_capped_pretune_on_56_2_123,paper1_phaseB_v1,56,evogrow_v2_2_stage_capped_pretune_on,123,2,1,6,2,2,0,4,0.3333333333333333,1.0,0.5,False,,u1*u3|u2^2|u3|u3^2,,,0
335_evogrow_v2_2_stage_capped_pretune_on_56_2_123,paper1_phaseB_v1,56,evogrow_v2_2_stage_capped_pretune_on,123,2,2,4,3,2,1,2,0.5,0.6666666666666666,0.5714285714285715,False,u1,u1^2|u2*u3,,,0
335_evogrow_v2_2_stage_capped_pretune_on_56_2_123,paper1_phaseB_v1,56,evogrow_v2_2_stage_capped_pretune_on,123,2,3,2,2,0,2,2,0.0,0.0,0.0,False,u1*u2|u3,u1*u3|u2,,,0
336_evogrow_v2_2_stage_capped_pretune_on_56_2_7,paper1_phaseB_v1,56,evogrow_v2_2_stage_capped_pretune_on,7,2,1,6,2,2,0,4,0.3333333333333333,1.0,0.5,False,,u1^2|u2^2|u3|u3^2,,,0
336_evogrow_v2_2_stage_capped_pretune_on_56_2_7,paper1_phaseB_v1,56,evogrow_v2_2_stage_capped_pretune_on,7,2,2,4,3,1,2,3,0.25,0.3333333333333333,0.28571428571428575,False,u1*u3|u2,u1^2|u3|u3^2,,,0
336_evogrow_v2_2_stage_capped_pretune_on_56_2_7,paper1_phaseB_v1,56,evogrow_v2_2_stage_capped_pretune_on,7,2,3,3,2,0,2,3,0.0,0.0,0.0,False,u1*u2|u3,u1|u2|u2*u3,,,0
337_evogrow_v2_2_stage_capped_pretune_on_57_1_42,paper1_phaseB_v1,57,evogrow_v2_2_stage_capped_pretune_on,42,1,1,1,2,1,1,0,1.0,0.5,0.6666666666666666,False,u3,,,,0
337_evogrow_v2_2_stage_capped_pretune_on_57_1_42,paper1_phaseB_v1,57,evogrow_v2_2_stage_capped_pretune_on,42,1,2,2,2,2,0,0,1.0,1.0,1.0,True,,,,,0
337_evogrow_v2_2_stage_capped_pretune_on_57_1_42,paper1_phaseB_v1,57,evogrow_v2_2_stage_capped_pretune_on,42,1,3,2,2,1,1,1,0.5,0.5,0.5,False,u1*u3,u2,,,0
338_evogrow_v2_2_stage_capped_pretune_on_57_1_123,paper1_phaseB_v1,57,evogrow_v2_2_stage_capped_pretune_on,123,1,1,1,2,1,1,0,1.0,0.5,0.6666666666666666,False,u3,,,,0
338_evogrow_v2_2_stage_capped_pretune_on_57_1_123,paper1_phaseB_v1,57,evogrow_v2_2_stage_capped_pretune_on,123,1,2,2,2,2,0,0,1.0,1.0,1.0,True,,,,,0
338_evogrow_v2_2_stage_capped_pretune_on_57_1_123,paper1_phaseB_v1,57,evogrow_v2_2_stage_capped_pretune_on,123,1,3,1,2,1,1,0,1.0,0.5,0.6666666666666666,False,u1*u3,,,,0
339_evogrow_v2_2_stage_capped_pretune_on_57_1_7,paper1_phaseB_v1,57,evogrow_v2_2_stage_capped_pretune_on,7,1,1,3,2,2,0,1,0.6666666666666666,1.0,0.8,False,,u1,,,0
339_evogrow_v2_2_stage_capped_pretune_on_57_1_7,paper1_phaseB_v1,57,evogrow_v2_2_stage_capped_pretune_on,7,1,2,2,2,2,0,0,1.0,1.0,1.0,True,,,,,0
339_evogrow_v2_2_stage_capped_pretune_on_57_1_7,paper1_phaseB_v1,57,evogrow_v2_2_stage_capped_pretune_on,7,1,3,1,2,1,1,0,1.0,0.5,0.6666666666666666,False,u1*u3,,,,0
340_evogrow_v2_2_stage_capped_pretune_on_57_2_42,paper1_phaseB_v1,57,evogrow_v2_2_stage_capped_pretune_on,42,2,1,2,2,1,1,1,0.5,0.5,0.5,False,u3,u3^3,,,0
340_evogrow_v2_2_stage_capped_pretune_on_57_2_42,paper1_phaseB_v1,57,evogrow_v2_2_stage_capped_pretune_on,42,2,2,2,2,2,0,0,1.0,1.0,1.0,True,,,,,0
340_evogrow_v2_2_stage_capped_pretune_on_57_2_42,paper1_phaseB_v1,57,evogrow_v2_2_stage_capped_pretune_on,42,2,3,3,2,1,1,2,0.3333333333333333,0.5,0.4,False,u1*u3,u1|u3^2,,,0
341_evogrow_v2_2_stage_capped_pretune_on_57_2_123,paper1_phaseB_v1,57,evogrow_v2_2_stage_capped_pretune_on,123,2,1,2,2,2,0,0,1.0,1.0,1.0,True,,,,,0
341_evogrow_v2_2_stage_capped_pretune_on_57_2_123,paper1_phaseB_v1,57,evogrow_v2_2_stage_capped_pretune_on,123,2,2,2,2,2,0,0,1.0,1.0,1.0,True,,,,,0
341_evogrow_v2_2_stage_capped_pretune_on_57_2_123,paper1_phaseB_v1,57,evogrow_v2_2_stage_capped_pretune_on,123,2,3,2,2,1,1,1,0.5,0.5,0.5,False,u1*u3,u3^2,,,0
342_evogrow_v2_2_stage_capped_pretune_on_57_2_7,paper1_phaseB_v1,57,evogrow_v2_2_stage_capped_pretune_on,7,2,1,3,2,1,1,2,0.3333333333333333,0.5,0.4,False,u3,u1|u3^2,,,0
342_evogrow_v2_2_stage_capped_pretune_on_57_2_7,paper1_phaseB_v1,57,evogrow_v2_2_stage_capped_pretune_on,7,2,2,2,2,2,0,0,1.0,1.0,1.0,True,,,,,0
342_evogrow_v2_2_stage_capped_pretune_on_57_2_7,paper1_phaseB_v1,57,evogrow_v2_2_stage_capped_pretune_on,7,2,3,3,2,1,1,2,0.3333333333333333,0.5,0.4,False,u1*u3,u1|u3^2,,,0
343_evogrow_v2_2_stage_capped_pretune_on_58_1_42,paper1_phaseB_v1,58,evogrow_v2_2_stage_capped_pretune_on,42,1,1,6,2,2,0,4,0.3333333333333333,1.0,0.5,False,,u1|u1^2|u2^2|u3^2,,,0
343_evogrow_v2_2_stage_capped_pretune_on_58_1_42,paper1_phaseB_v1,58,evogrow_v2_2_stage_capped_pretune_on,42,1,2,6,2,2,0,4,0.3333333333333333,1.0,0.5,False,,u1^2|u2^2|u3|u3^2,,,0
343_evogrow_v2_2_stage_capped_pretune_on_58_1_42,paper1_phaseB_v1,58,evogrow_v2_2_stage_capped_pretune_on,42,1,3,6,2,1,1,5,0.16666666666666666,0.5,0.25,False,u1*u3,u1|u1^2|u2|u2^2|u3^2,,,0
344_evogrow_v2_2_stage_capped_pretune_on_58_1_123,paper1_phaseB_v1,58,evogrow_v2_2_stage_capped_pretune_on,123,1,1,6,2,2,0,4,0.3333333333333333,1.0,0.5,False,,u1|u1^2|u2^2|u3^2,,,0
344_evogrow_v2_2_stage_capped_pretune_on_58_1_123,paper1_phaseB_v1,58,evogrow_v2_2_stage_capped_pretune_on,123,1,2,6,2,2,0,4,0.3333333333333333,1.0,0.5,False,,u1^2|u2^2|u3|u3^2,,,0
344_evogrow_v2_2_stage_capped_pretune_on_58_1_123,paper1_phaseB_v1,58,evogrow_v2_2_stage_capped_pretune_on,123,1,3,6,2,1,1,5,0.16666666666666666,0.5,0.25,False,u1*u3,u1|u1^2|u2|u2^2|u3^2,,,0
345_evogrow_v2_2_stage_capped_pretune_on_58_1_7,paper1_phaseB_v1,58,evogrow_v2_2_stage_capped_pretune_on,7,1,1,6,2,2,0,4,0.3333333333333333,1.0,0.5,False,,u1|u1^2|u2^2|u3^2,,,0
345_evogrow_v2_2_stage_capped_pretune_on_58_1_7,paper1_phaseB_v1,58,evogrow_v2_2_stage_capped_pretune_on,7,1,2,6,2,2,0,4,0.3333333333333333,1.0,0.5,False,,u1^2|u2^2|u3|u3^2,,,0
345_evogrow_v2_2_stage_capped_pretune_on_58_1_7,paper1_phaseB_v1,58,evogrow_v2_2_stage_capped_pretune_on,7,1,3,6,2,1,1,5,0.16666666666666666,0.5,0.25,False,u1*u3,u1|u1^2|u2|u2^2|u3^2,,,0
346_evogrow_v2_2_stage_capped_pretune_on_58_2_42,paper1_phaseB_v1,58,evogrow_v2_2_stage_capped_pretune_on,42,2,1,6,2,2,0,4,0.3333333333333333,1.0,0.5,False,,u1|u1^2|u3^2|u3^3,,,0
346_evogrow_v2_2_stage_capped_pretune_on_58_2_42,paper1_phaseB_v1,58,evogrow_v2_2_stage_capped_pretune_on,42,2,2,6,2,2,0,4,0.3333333333333333,1.0,0.5,False,,u1*u2|u2^2|u3|u3^2,,,0
346_evogrow_v2_2_stage_capped_pretune_on_58_2_42,paper1_phaseB_v1,58,evogrow_v2_2_stage_capped_pretune_on,42,2,3,6,2,1,1,5,0.16666666666666666,0.5,0.25,False,u1*u3,u1|u1^2|u2|u2^2|u3^2,,,0
347_evogrow_v2_2_stage_capped_pretune_on_58_2_123,paper1_phaseB_v1,58,evogrow_v2_2_stage_capped_pretune_on,123,2,1,6,2,2,0,4,0.3333333333333333,1.0,0.5,False,,u1^2|u2*u3|u3^2|u3^3,,,0
347_evogrow_v2_2_stage_capped_pretune_on_58_2_123,paper1_phaseB_v1,58,evogrow_v2_2_stage_capped_pretune_on,123,2,2,6,2,2,0,4,0.3333333333333333,1.0,0.5,False,,u1*u3|u2^2|u3|u3^2,,,0
347_evogrow_v2_2_stage_capped_pretune_on_58_2_123,paper1_phaseB_v1,58,evogrow_v2_2_stage_capped_pretune_on,123,2,3,6,2,1,1,5,0.16666666666666666,0.5,0.25,False,u1*u3,u1|u1^2|u2|u2^2|u3^2,,,0
348_evogrow_v2_2_stage_capped_pretune_on_58_2_7,paper1_phaseB_v1,58,evogrow_v2_2_stage_capped_pretune_on,7,2,1,6,2,2,0,4,0.3333333333333333,1.0,0.5,False,,u1^2|u1^3|u3^2|u3^3,,,0
348_evogrow_v2_2_stage_capped_pretune_on_58_2_7,paper1_phaseB_v1,58,evogrow_v2_2_stage_capped_pretune_on,7,2,2,5,2,2,0,3,0.4,1.0,0.5714285714285715,False,,u1*u2|u2^2|u3,,,0
348_evogrow_v2_2_stage_capped_pretune_on_58_2_7,paper1_phaseB_v1,58,evogrow_v2_2_stage_capped_pretune_on,7,2,3,6,2,1,1,5,0.16666666666666666,0.5,0.25,False,u1*u3,u1|u1^2|u2|u2^2|u3^2,,,0
349_evogrow_v2_2_stage_capped_pretune_on_59_1_42,paper1_phaseB_v1,59,evogrow_v2_2_stage_capped_pretune_on,42,1,1,5,2,2,0,3,0.4,1.0,0.5714285714285715,False,,u1|u1*u2|u3^2,,,0
349_evogrow_v2_2_stage_capped_pretune_on_59_1_42,paper1_phaseB_v1,59,evogrow_v2_2_stage_capped_pretune_on,42,1,2,5,2,1,1,4,0.2,0.5,0.28571428571428575,False,u2,u1*u3|u2*u3|u2^2|u3,,,0
349_evogrow_v2_2_stage_capped_pretune_on_59_1_42,paper1_phaseB_v1,59,evogrow_v2_2_stage_capped_pretune_on,42,1,3,6,2,1,1,5,0.16666666666666666,0.5,0.25,False,u1*u3,u1|u1*u2|u2|u2^2|u3^2,,,0
350_evogrow_v2_2_stage_capped_pretune_on_59_1_123,paper1_phaseB_v1,59,evogrow_v2_2_stage_capped_pretune_on,123,1,1,5,2,1,1,4,0.2,0.5,0.28571428571428575,False,u3,u1|u1*u2|u1^2|u3^2,,,0
350_evogrow_v2_2_stage_capped_pretune_on_59_1_123,paper1_phaseB_v1,59,evogrow_v2_2_stage_capped_pretune_on,123,1,2,6,2,2,0,4,0.3333333333333333,1.0,0.5,False,,u1*u2|u1*u3|u3|u3^2,,,0
350_evogrow_v2_2_stage_capped_pretune_on_59_1_123,paper1_phaseB_v1,59,evogrow_v2_2_stage_capped_pretune_on,123,1,3,6,2,1,1,5,0.16666666666666666,0.5,0.25,False,u1*u3,sin(u2)|u1|u1*u2|u2|u3^2,,,0
351_evogrow_v2_2_stage_capped_pretune_on_59_1_7,paper1_phaseB_v1,59,evogrow_v2_2_stage_capped_pretune_on,7,1,1,5,2,2,0,3,0.4,1.0,0.5714285714285715,False,,u1|u1*u3|u3^2,,,0
351_evogrow_v2_2_stage_capped_pretune_on_59_1_7,paper1_phaseB_v1,59,evogrow_v2_2_stage_capped_pretune_on,7,1,2,3,2,1,1,2,0.3333333333333333,0.5,0.4,False,u2,u2^2|u3,,,0
351_evogrow_v2_2_stage_capped_pretune_on_59_1_7,paper1_phaseB_v1,59,evogrow_v2_2_stage_capped_pretune_on,7,1,3,6,2,1,1,5,0.16666666666666666,0.5,0.25,False,u1*u3,u1|u1*u2|u2|u2^2|u3^2,,,0
352_evogrow_v2_2_stage_capped_pretune_on_59_2_42,paper1_phaseB_v1,59,evogrow_v2_2_stage_capped_pretune_on,42,2,1,6,2,1,1,5,0.16666666666666666,0.5,0.25,False,u3,u1|u1*u3|u1^2|u2^2|u3^2,,,0
352_evogrow_v2_2_stage_capped_pretune_on_59_2_42,paper1_phaseB_v1,59,evogrow_v2_2_stage_capped_pretune_on,42,2,2,6,2,2,0,4,0.3333333333333333,1.0,0.5,False,,u1*u3|u1^2|u3|u3^2,,,0
352_evogrow_v2_2_stage_capped_pretune_on_59_2_42,paper1_phaseB_v1,59,evogrow_v2_2_stage_capped_pretune_on,42,2,3,5,2,1,1,4,0.2,0.5,0.28571428571428575,False,u1*u3,u1|u1^2|u1^3|u2^2,,,0
353_evogrow_v2_2_stage_capped_pretune_on_59_2_123,paper1_phaseB_v1,59,evogrow_v2_2_stage_capped_pretune_on,123,2,1,6,2,1,1,5,0.16666666666666666,0.5,0.25,False,u3,u1|u1^2|u1^3|u2^2|u3^2,,,0
353_evogrow_v2_2_stage_capped_pretune_on_59_2_123,paper1_phaseB_v1,59,evogrow_v2_2_stage_capped_pretune_on,123,2,2,6,2,2,0,4,0.3333333333333333,1.0,0.5,False,,u1^2|u2^2|u3|u3^2,,,0
353_evogrow_v2_2_stage_capped_pretune_on_59_2_123,paper1_phaseB_v1,59,evogrow_v2_2_stage_capped_pretune_on,123,2,3,5,2,1,1,4,0.2,0.5,0.28571428571428575,False,u1*u3,u1|u1^2|u2|u3^3,,,0
354_evogrow_v2_2_stage_capped_pretune_on_59_2_7,paper1_phaseB_v1,59,evogrow_v2_2_stage_capped_pretune_on,7,2,1,6,2,1,1,5,0.16666666666666666,0.5,0.25,False,u3,u1|u1^2|u1^3|u2^2|u3^2,,,0
354_evogrow_v2_2_stage_capped_pretune_on_59_2_7,paper1_phaseB_v1,59,evogrow_v2_2_stage_capped_pretune_on,7,2,2,6,2,2,0,4,0.3333333333333333,1.0,0.5,False,,u1^2|u2^2|u3|u3^2,,,0
354_evogrow_v2_2_stage_capped_pretune_on_59_2_7,paper1_phaseB_v1,59,evogrow_v2_2_stage_capped_pretune_on,7,2,3,5,2,1,1,4,0.2,0.5,0.28571428571428575,False,u1*u3,u1|u1^2|u2|u3^3,,,0
355_evogrow_v2_2_stage_capped_pretune_on_60_1_42,paper1_phaseB_v1,60,evogrow_v2_2_stage_capped_pretune_on,42,1,1,2,3,2,1,0,1.0,0.6666666666666666,0.8,False,u1*u3,,,,0
355_evogrow_v2_2_stage_capped_pretune_on_60_1_42,paper1_phaseB_v1,60,evogrow_v2_2_stage_capped_pretune_on,42,1,2,2,3,2,1,0,1.0,0.6666666666666666,0.8,False,u2*u3,,,,0
355_evogrow_v2_2_stage_capped_pretune_on_60_1_42,paper1_phaseB_v1,60,evogrow_v2_2_stage_capped_pretune_on,42,1,3,2,4,0,4,2,0.0,0.0,0.0,False,u1^2|u2^2|u3|u3^3,u1|u2,,,0
356_evogrow_v2_2_stage_capped_pretune_on_60_1_123,paper1_phaseB_v1,60,evogrow_v2_2_stage_capped_pretune_on,123,1,1,3,3,2,1,1,0.6666666666666666,0.6666666666666666,0.6666666666666666,False,u1*u3,u3,,,0
356_evogrow_v2_2_stage_capped_pretune_on_60_1_123,paper1_phaseB_v1,60,evogrow_v2_2_stage_capped_pretune_on,123,1,2,1,3,0,3,1,0.0,0.0,0.0,False,u1|u2|u2*u3,u3,,,0
356_evogrow_v2_2_stage_capped_pretune_on_60_1_123,paper1_phaseB_v1,60,evogrow_v2_2_stage_capped_pretune_on,123,1,3,2,4,0,4,2,0.0,0.0,0.0,False,u1^2|u2^2|u3|u3^3,u1|u2,,,0
357_evogrow_v2_2_stage_capped_pretune_on_60_1_7,paper1_phaseB_v1,60,evogrow_v2_2_stage_capped_pretune_on,7,1,1,2,3,1,2,1,0.5,0.3333333333333333,0.4,False,u1|u1*u3,u3,,,0
357_evogrow_v2_2_stage_capped_pretune_on_60_1_7,paper1_phaseB_v1,60,evogrow_v2_2_stage_capped_pretune_on,7,1,2,1,3,0,3,1,0.0,0.0,0.0,False,u1|u2|u2*u3,u3,,,0
357_evogrow_v2_2_stage_capped_pretune_on_60_1_7,paper1_phaseB_v1,60,evogrow_v2_2_stage_capped_pretune_on,7,1,3,3,4,1,3,2,0.3333333333333333,0.25,0.28571428571428575,False,u1^2|u2^2|u3^3,u1|u2,,,0
358_evogrow_v2_2_stage_capped_pretune_on_60_2_42,paper1_phaseB_v1,60,evogrow_v2_2_stage_capped_pretune_on,42,2,1,4,3,2,1,2,0.5,0.6666666666666666,0.5714285714285715,False,u1*u3,u3|u3^2,,,0
358_evogrow_v2_2_stage_capped_pretune_on_60_2_42,paper1_phaseB_v1,60,evogrow_v2_2_stage_capped_pretune_on,42,2,2,5,3,1,2,4,0.2,0.3333333333333333,0.25,False,u2|u2*u3,u1*u2|u1*u3|u2^2|u3^2,,,0
358_evogrow_v2_2_stage_capped_pretune_on_60_2_42,paper1_phaseB_v1,60,evogrow_v2_2_stage_capped_pretune_on,42,2,3,5,4,2,2,3,0.4,0.5,0.4444444444444445,False,u1^2|u3^3,u2|u2*u3|u3^2,,,0
359_evogrow_v2_2_stage_capped_pretune_on_60_2_123,paper1_phaseB_v1,60,evogrow_v2_2_stage_capped_pretune_on,123,2,1,4,3,2,1,2,0.5,0.6666666666666666,0.5714285714285715,False,u1*u3,u1^2|u3^2,,,0
359_evogrow_v2_2_stage_capped_pretune_on_60_2_123,paper1_phaseB_v1,60,evogrow_v2_2_stage_capped_pretune_on,123,2,2,5,3,3,0,2,0.6,1.0,0.7499999999999999,False,,u1*u2|u1*u3,,,0
359_evogrow_v2_2_stage_capped_pretune_on_60_2_123,paper1_phaseB_v1,60,evogrow_v2_2_stage_capped_pretune_on,123,2,3,6,4,2,2,4,0.3333333333333333,0.5,0.4,False,u1^2|u3^3,u1*u2|u2|u2*u3|u3^2,,,0
360_evogrow_v2_2_stage_capped_pretune_on_60_2_7,paper1_phaseB_v1,60,evogrow_v2_2_stage_capped_pretune_on,7,2,1,5,3,2,1,3,0.4,0.6666666666666666,0.5,False,u1*u3,u2^2|u3|u3^2,,,0
360_evogrow_v2_2_stage_capped_pretune_on_60_2_7,paper1_phaseB_v1,60,evogrow_v2_2_stage_capped_pretune_on,7,2,2,2,3,1,2,1,0.5,0.3333333333333333,0.4,False,u2|u2*u3,u2^2,,,0
360_evogrow_v2_2_stage_capped_pretune_on_60_2_7,paper1_phaseB_v1,60,evogrow_v2_2_stage_capped_pretune_on,7,2,3,6,4,3,1,3,0.5,0.75,0.6,False,u3^3,u1|u2|u3^2,,,0
361_evogrow_v2_2_stage_capped_pretune_on_61_1_42,paper1_phaseB_v1,61,evogrow_v2_2_stage_capped_pretune_on,42,1,1,4,2,0,2,4,0.0,0.0,0.0,False,u1|u2*u3,u1*u2|u1*u3|u2|u3^2,,,0
361_evogrow_v2_2_stage_capped_pretune_on_61_1_42,paper1_phaseB_v1,61,evogrow_v2_2_stage_capped_pretune_on,42,1,2,4,2,1,1,3,0.25,0.5,0.3333333333333333,False,u1*u3,u1|u3|u3^2,,,0
361_evogrow_v2_2_stage_capped_pretune_on_61_1_42,paper1_phaseB_v1,61,evogrow_v2_2_stage_capped_pretune_on,42,1,3,3,2,1,1,2,0.3333333333333333,0.5,0.4,False,u1*u2,u1|u2,,,0
362_evogrow_v2_2_stage_capped_pretune_on_61_1_123,paper1_phaseB_v1,61,evogrow_v2_2_stage_capped_pretune_on,123,1,1,3,2,0,2,3,0.0,0.0,0.0,False,u1|u2*u3,u1*u3|u2|u3^2,,,0
362_evogrow_v2_2_stage_capped_pretune_on_61_1_123,paper1_phaseB_v1,61,evogrow_v2_2_stage_capped_pretune_on,123,1,2,4,2,1,1,3,0.25,0.5,0.3333333333333333,False,u1*u3,u1|u3|u3^2,,,0
362_evogrow_v2_2_stage_capped_pretune_on_61_1_123,paper1_phaseB_v1,61,evogrow_v2_2_stage_capped_pretune_on,123,1,3,3,2,1,1,2,0.3333333333333333,0.5,0.4,False,u1*u2,u1|u2,,,0
363_evogrow_v2_2_stage_capped_pretune_on_61_1_7,paper1_phaseB_v1,61,evogrow_v2_2_stage_capped_pretune_on,7,1,1,4,2,0,2,4,0.0,0.0,0.0,False,u1|u2*u3,u1*u3|u1^2|u2|u2^2,,,0
363_evogrow_v2_2_stage_capped_pretune_on_61_1_7,paper1_phaseB_v1,61,evogrow_v2_2_stage_capped_pretune_on,7,1,2,6,2,2,0,4,0.3333333333333333,1.0,0.5,False,,u1|u1^2|u3|u3^2,,,0
363_evogrow_v2_2_stage_capped_pretune_on_61_1_7,paper1_phaseB_v1,61,evogrow_v2_2_stage_capped_pretune_on,7,1,3,4,2,1,1,3,0.25,0.5,0.3333333333333333,False,u1*u2,u1|u2|u2*u3,,,0
364_evogrow_v2_2_stage_capped_pretune_on_61_2_42,paper1_phaseB_v1,61,evogrow_v2_2_stage_capped_pretune_on,42,2,1,5,2,0,2,5,0.0,0.0,0.0,False,u1|u2*u3,u1^2|u2|u2^2|u3|u3^2,,,0
364_evogrow_v2_2_stage_capped_pretune_on_61_2_42,paper1_phaseB_v1,61,evogrow_v2_2_stage_capped_pretune_on,42,2,2,6,2,2,0,4,0.3333333333333333,1.0,0.5,False,,u1|u2^2|u3|u3^2,,,0
364_evogrow_v2_2_stage_capped_pretune_on_61_2_42,paper1_phaseB_v1,61,evogrow_v2_2_stage_capped_pretune_on,42,2,3,6,2,1,1,5,0.16666666666666666,0.5,0.25,False,u3,u1|u1*u3|u1^2|u2|u3^2,,,0
365_evogrow_v2_2_stage_capped_pretune_on_61_2_123,paper1_phaseB_v1,61,evogrow_v2_2_stage_capped_pretune_on,123,2,1,5,2,0,2,5,0.0,0.0,0.0,False,u1|u2*u3,u1^2|u2|u2^2|u3|u3^2,,,0
365_evogrow_v2_2_stage_capped_pretune_on_61_2_123,paper1_phaseB_v1,61,evogrow_v2_2_stage_capped_pretune_on,123,2,2,6,2,1,1,5,0.16666666666666666,0.5,0.25,False,u1*u3,u1|u1^2|u2^2|u3|u3^2,,,0
365_evogrow_v2_2_stage_capped_pretune_on_61_2_123,paper1_phaseB_v1,61,evogrow_v2_2_stage_capped_pretune_on,123,2,3,5,2,2,0,3,0.4,1.0,0.5714285714285715,False,,u1|u1^2|u2,,,0
366_evogrow_v2_2_stage_capped_pretune_on_61_2_7,paper1_phaseB_v1,61,evogrow_v2_2_stage_capped_pretune_on,7,2,1,5,2,0,2,5,0.0,0.0,0.0,False,u1|u2*u3,u1*u2|u2|u2^2|u3|u3^2,,,0
366_evogrow_v2_2_stage_capped_pretune_on_61_2_7,paper1_phaseB_v1,61,evogrow_v2_2_stage_capped_pretune_on,7,2,2,3,2,1,1,2,0.3333333333333333,0.5,0.4,False,u1*u3,u1|u3,,,0
366_evogrow_v2_2_stage_capped_pretune_on_61_2_7,paper1_phaseB_v1,61,evogrow_v2_2_stage_capped_pretune_on,7,2,3,6,2,1,1,5,0.16666666666666666,0.5,0.25,False,u3,u1|u1^2|u2|u2^2|u3^2,,,0
367_evogrow_v2_2_stage_capped_pretune_on_62_1_42,paper1_phaseB_v1,62,evogrow_v2_2_stage_capped_pretune_on,42,1,1,2,1,1,0,1,0.5,1.0,0.6666666666666666,False,,u3,,,0
367_evogrow_v2_2_stage_capped_pretune_on_62_1_42,paper1_phaseB_v1,62,evogrow_v2_2_stage_capped_pretune_on,42,1,2,3,2,1,1,2,0.3333333333333333,0.5,0.4,False,u1,u3|u4,,,0
367_evogrow_v2_2_stage_capped_pretune_on_62_1_42,paper1_phaseB_v1,62,evogrow_v2_2_stage_capped_pretune_on,42,1,3,3,1,1,0,2,0.3333333333333333,1.0,0.5,False,,u1|u2,,,0
367_evogrow_v2_2_stage_capped_pretune_on_62_1_42,paper1_phaseB_v1,62,evogrow_v2_2_stage_capped_pretune_on,42,1,4,2,2,2,0,0,1.0,1.0,1.0,True,,,,,0
368_evogrow_v2_2_stage_capped_pretune_on_62_1_123,paper1_phaseB_v1,62,evogrow_v2_2_stage_capped_pretune_on,123,1,1,3,1,1,0,2,0.3333333333333333,1.0,0.5,False,,u2|u3,,,0
368_evogrow_v2_2_stage_capped_pretune_on_62_1_123,paper1_phaseB_v1,62,evogrow_v2_2_stage_capped_pretune_on,123,1,2,2,2,2,0,0,1.0,1.0,1.0,True,,,,,0
368_evogrow_v2_2_stage_capped_pretune_on_62_1_123,paper1_phaseB_v1,62,evogrow_v2_2_stage_capped_pretune_on,123,1,3,2,1,1,0,1,0.5,1.0,0.6666666666666666,False,,u1,,,0
368_evogrow_v2_2_stage_capped_pretune_on_62_1_123,paper1_phaseB_v1,62,evogrow_v2_2_stage_capped_pretune_on,123,1,4,2,2,2,0,0,1.0,1.0,1.0,True,,,,,0
369_evogrow_v2_2_stage_capped_pretune_on_62_1_7,paper1_phaseB_v1,62,evogrow_v2_2_stage_capped_pretune_on,7,1,1,2,1,1,0,1,0.5,1.0,0.6666666666666666,False,,u3,,,0
369_evogrow_v2_2_stage_capped_pretune_on_62_1_7,paper1_phaseB_v1,62,evogrow_v2_2_stage_capped_pretune_on,7,1,2,3,2,2,0,1,0.6666666666666666,1.0,0.8,False,,u3,,,0
369_evogrow_v2_2_stage_capped_pretune_on_62_1_7,paper1_phaseB_v1,62,evogrow_v2_2_stage_capped_pretune_on,7,1,3,2,1,1,0,1,0.5,1.0,0.6666666666666666,False,,u1,,,0
369_evogrow_v2_2_stage_capped_pretune_on_62_1_7,paper1_phaseB_v1,62,evogrow_v2_2_stage_capped_pretune_on,7,1,4,3,2,1,1,2,0.3333333333333333,0.5,0.4,False,u3,u1|u2,,,0
370_evogrow_v2_2_stage_capped_pretune_on_62_2_42,paper1_phaseB_v1,62,evogrow_v2_2_stage_capped_pretune_on,42,2,1,2,1,0,1,2,0.0,0.0,0.0,False,u1,u2|u3,,,0
370_evogrow_v2_2_stage_capped_pretune_on_62_2_42,paper1_phaseB_v1,62,evogrow_v2_2_stage_capped_pretune_on,42,2,2,3,2,1,1,2,0.3333333333333333,0.5,0.4,False,u2,u1*u2|u4,,,0
370_evogrow_v2_2_stage_capped_pretune_on_62_2_42,paper1_phaseB_v1,62,evogrow_v2_2_stage_capped_pretune_on,42,2,3,2,1,1,0,1,0.5,1.0,0.6666666666666666,False,,u2,,,0
370_evogrow_v2_2_stage_capped_pretune_on_62_2_42,paper1_phaseB_v1,62,evogrow_v2_2_stage_capped_pretune_on,42,2,4,2,2,2,0,0,1.0,1.0,1.0,True,,,,,0
371_evogrow_v2_2_stage_capped_pretune_on_62_2_123,paper1_phaseB_v1,62,evogrow_v2_2_stage_capped_pretune_on,123,2,1,2,1,0,1,2,0.0,0.0,0.0,False,u1,u2|u3,,,0
371_evogrow_v2_2_stage_capped_pretune_on_62_2_123,paper1_phaseB_v1,62,evogrow_v2_2_stage_capped_pretune_on,123,2,2,2,2,2,0,0,1.0,1.0,1.0,True,,,,,0
371_evogrow_v2_2_stage_capped_pretune_on_62_2_123,paper1_phaseB_v1,62,evogrow_v2_2_stage_capped_pretune_on,123,2,3,2,1,0,1,2,0.0,0.0,0.0,False,u3,u1|u2,,,0
371_evogrow_v2_2_stage_capped_pretune_on_62_2_123,paper1_phaseB_v1,62,evogrow_v2_2_stage_capped_pretune_on,123,2,4,2,2,1,1,1,0.5,0.5,0.5,False,u3,u2,,,0
372_evogrow_v2_2_stage_capped_pretune_on_62_2_7,paper1_phaseB_v1,62,evogrow_v2_2_stage_capped_pretune_on,7,2,1,3,1,1,0,2,0.3333333333333333,1.0,0.5,False,,u3|u4,,,0
372_evogrow_v2_2_stage_capped_pretune_on_62_2_7,paper1_phaseB_v1,62,evogrow_v2_2_stage_capped_pretune_on,7,2,2,2,2,2,0,0,1.0,1.0,1.0,True,,,,,0
372_evogrow_v2_2_stage_capped_pretune_on_62_2_7,paper1_phaseB_v1,62,evogrow_v2_2_stage_capped_pretune_on,7,2,3,3,1,1,0,2,0.3333333333333333,1.0,0.5,False,,u1|u4,,,0
372_evogrow_v2_2_stage_capped_pretune_on_62_2_7,paper1_phaseB_v1,62,evogrow_v2_2_stage_capped_pretune_on,7,2,4,2,2,2,0,0,1.0,1.0,1.0,True,,,,,0
373_evogrow_v2_2_stage_capped_pretune_on_63_1_42,paper1_phaseB_v1,63,evogrow_v2_2_stage_capped_pretune_on,42,1,1,1,1,0,1,1,0.0,0.0,0.0,False,u1*u3,u3,,,0
373_evogrow_v2_2_stage_capped_pretune_on_63_1_42,paper1_phaseB_v1,63,evogrow_v2_2_stage_capped_pretune_on,42,1,2,1,2,1,1,0,1.0,0.5,0.6666666666666666,False,u1*u3,,,,0
373_evogrow_v2_2_stage_capped_pretune_on_63_1_42,paper1_phaseB_v1,63,evogrow_v2_2_stage_capped_pretune_on,42,1,3,1,2,1,1,0,1.0,0.5,0.6666666666666666,False,u3,,,,0
373_evogrow_v2_2_stage_capped_pretune_on_63_1_42,paper1_phaseB_v1,63,evogrow_v2_2_stage_capped_pretune_on,42,1,4,1,1,1,0,0,1.0,1.0,1.0,True,,,,,0
374_evogrow_v2_2_stage_capped_pretune_on_63_1_123,paper1_phaseB_v1,63,evogrow_v2_2_stage_capped_pretune_on,123,1,1,1,1,0,1,1,0.0,0.0,0.0,False,u1*u3,u1,,,0
374_evogrow_v2_2_stage_capped_pretune_on_63_1_123,paper1_phaseB_v1,63,evogrow_v2_2_stage_capped_pretune_on,123,1,2,1,2,1,1,0,1.0,0.5,0.6666666666666666,False,u1*u3,,,,0
374_evogrow_v2_2_stage_capped_pretune_on_63_1_123,paper1_phaseB_v1,63,evogrow_v2_2_stage_capped_pretune_on,123,1,3,1,2,1,1,0,1.0,0.5,0.6666666666666666,False,u3,,,,0
374_evogrow_v2_2_stage_capped_pretune_on_63_1_123,paper1_phaseB_v1,63,evogrow_v2_2_stage_capped_pretune_on,123,1,4,1,1,0,1,1,0.0,0.0,0.0,False,u3,u1,,,0
375_evogrow_v2_2_stage_capped_pretune_on_63_1_7,paper1_phaseB_v1,63,evogrow_v2_2_stage_capped_pretune_on,7,1,1,1,1,0,1,1,0.0,0.0,0.0,False,u1*u3,u1,,,0
375_evogrow_v2_2_stage_capped_pretune_on_63_1_7,paper1_phaseB_v1,63,evogrow_v2_2_stage_capped_pretune_on,7,1,2,1,2,0,2,1,0.0,0.0,0.0,False,u1*u3|u2,u1,,,0
375_evogrow_v2_2_stage_capped_pretune_on_63_1_7,paper1_phaseB_v1,63,evogrow_v2_2_stage_capped_pretune_on,7,1,3,1,2,0,2,1,0.0,0.0,0.0,False,u2|u3,u1,,,0
375_evogrow_v2_2_stage_capped_pretune_on_63_1_7,paper1_phaseB_v1,63,evogrow_v2_2_stage_capped_pretune_on,7,1,4,1,1,1,0,0,1.0,1.0,1.0,True,,,,,0
376_evogrow_v2_2_stage_capped_pretune_on_63_2_42,paper1_phaseB_v1,63,evogrow_v2_2_stage_capped_pretune_on,42,2,1,1,1,0,1,1,0.0,0.0,0.0,False,u1*u3,u3,,,0
376_evogrow_v2_2_stage_capped_pretune_on_63_2_42,paper1_phaseB_v1,63,evogrow_v2_2_stage_capped_pretune_on,42,2,2,1,2,1,1,0,1.0,0.5,0.6666666666666666,False,u1*u3,,,,0
376_evogrow_v2_2_stage_capped_pretune_on_63_2_42,paper1_phaseB_v1,63,evogrow_v2_2_stage_capped_pretune_on,42,2,3,1,2,1,1,0,1.0,0.5,0.6666666666666666,False,u2,,,,0
376_evogrow_v2_2_stage_capped_pretune_on_63_2_42,paper1_phaseB_v1,63,evogrow_v2_2_stage_capped_pretune_on,42,2,4,1,1,0,1,1,0.0,0.0,0.0,False,u3,u1,,,0
377_evogrow_v2_2_stage_capped_pretune_on_63_2_123,paper1_phaseB_v1,63,evogrow_v2_2_stage_capped_pretune_on,123,2,1,1,1,0,1,1,0.0,0.0,0.0,False,u1*u3,u3,,,0
377_evogrow_v2_2_stage_capped_pretune_on_63_2_123,paper1_phaseB_v1,63,evogrow_v2_2_stage_capped_pretune_on,123,2,2,1,2,1,1,0,1.0,0.5,0.6666666666666666,False,u1*u3,,,,0
377_evogrow_v2_2_stage_capped_pretune_on_63_2_123,paper1_phaseB_v1,63,evogrow_v2_2_stage_capped_pretune_on,123,2,3,1,2,0,2,1,0.0,0.0,0.0,False,u2|u3,u1,,,0
377_evogrow_v2_2_stage_capped_pretune_on_63_2_123,paper1_phaseB_v1,63,evogrow_v2_2_stage_capped_pretune_on,123,2,4,1,1,0,1,1,0.0,0.0,0.0,False,u3,u1,,,0
378_evogrow_v2_2_stage_capped_pretune_on_63_2_7,paper1_phaseB_v1,63,evogrow_v2_2_stage_capped_pretune_on,7,2,1,1,1,0,1,1,0.0,0.0,0.0,False,u1*u3,u2,,,0
378_evogrow_v2_2_stage_capped_pretune_on_63_2_7,paper1_phaseB_v1,63,evogrow_v2_2_stage_capped_pretune_on,7,2,2,1,2,0,2,1,0.0,0.0,0.0,False,u1*u3|u2,u1,,,0
378_evogrow_v2_2_stage_capped_pretune_on_63_2_7,paper1_phaseB_v1,63,evogrow_v2_2_stage_capped_pretune_on,7,2,3,1,2,0,2,1,0.0,0.0,0.0,False,u2|u3,u4,,,0
378_evogrow_v2_2_stage_capped_pretune_on_63_2_7,paper1_phaseB_v1,63,evogrow_v2_2_stage_capped_pretune_on,7,2,4,1,1,1,0,0,1.0,1.0,1.0,True,,,,,0
379_evogrow_v2_2_stage_capped_pretune_off_1_1_42,paper1_phaseB_v1,1,evogrow_v2_2_stage_capped_pretune_off,42,1,1,4,1,1,0,3,0.25,1.0,0.4,False,,cos(u1)|u1^2|u1^3,,,0
380_evogrow_v2_2_stage_capped_pretune_off_1_1_123,paper1_phaseB_v1,1,evogrow_v2_2_stage_capped_pretune_off,123,1,1,4,1,1,0,3,0.25,1.0,0.4,False,,cos(u1)|u1^2|u1^3,,,0
381_evogrow_v2_2_stage_capped_pretune_off_1_1_7,paper1_phaseB_v1,1,evogrow_v2_2_stage_capped_pretune_off,7,1,1,4,1,1,0,3,0.25,1.0,0.4,False,,cos(u1)|u1^2|u1^3,,,0
382_evogrow_v2_2_stage_capped_pretune_off_1_2_42,paper1_phaseB_v1,1,evogrow_v2_2_stage_capped_pretune_off,42,2,1,3,1,1,0,2,0.3333333333333333,1.0,0.5,False,,u1^2|u1^3,,,0
383_evogrow_v2_2_stage_capped_pretune_off_1_2_123,paper1_phaseB_v1,1,evogrow_v2_2_stage_capped_pretune_off,123,2,1,3,1,1,0,2,0.3333333333333333,1.0,0.5,False,,u1^2|u1^3,,,0
384_evogrow_v2_2_stage_capped_pretune_off_1_2_7,paper1_phaseB_v1,1,evogrow_v2_2_stage_capped_pretune_off,7,2,1,3,1,1,0,2,0.3333333333333333,1.0,0.5,False,,u1^2|u1^3,,,0
385_evogrow_v2_2_stage_capped_pretune_off_2_1_42,paper1_phaseB_v1,2,evogrow_v2_2_stage_capped_pretune_off,42,1,1,1,1,1,0,0,1.0,1.0,1.0,True,,,,,0
386_evogrow_v2_2_stage_capped_pretune_off_2_1_123,paper1_phaseB_v1,2,evogrow_v2_2_stage_capped_pretune_off,123,1,1,1,1,1,0,0,1.0,1.0,1.0,True,,,,,0
387_evogrow_v2_2_stage_capped_pretune_off_2_1_7,paper1_phaseB_v1,2,evogrow_v2_2_stage_capped_pretune_off,7,1,1,1,1,1,0,0,1.0,1.0,1.0,True,,,,,0
388_evogrow_v2_2_stage_capped_pretune_off_2_2_42,paper1_phaseB_v1,2,evogrow_v2_2_stage_capped_pretune_off,42,2,1,1,1,1,0,0,1.0,1.0,1.0,True,,,,,0
389_evogrow_v2_2_stage_capped_pretune_off_2_2_123,paper1_phaseB_v1,2,evogrow_v2_2_stage_capped_pretune_off,123,2,1,1,1,1,0,0,1.0,1.0,1.0,True,,,,,0
390_evogrow_v2_2_stage_capped_pretune_off_2_2_7,paper1_phaseB_v1,2,evogrow_v2_2_stage_capped_pretune_off,7,2,1,1,1,1,0,0,1.0,1.0,1.0,True,,,,,0
391_evogrow_v2_2_stage_capped_pretune_off_3_1_42,paper1_phaseB_v1,3,evogrow_v2_2_stage_capped_pretune_off,42,1,1,2,2,2,0,0,1.0,1.0,1.0,True,,,,,0
392_evogrow_v2_2_stage_capped_pretune_off_3_1_123,paper1_phaseB_v1,3,evogrow_v2_2_stage_capped_pretune_off,123,1,1,2,2,2,0,0,1.0,1.0,1.0,True,,,,,0
393_evogrow_v2_2_stage_capped_pretune_off_3_1_7,paper1_phaseB_v1,3,evogrow_v2_2_stage_capped_pretune_off,7,1,1,2,2,2,0,0,1.0,1.0,1.0,True,,,,,0
394_evogrow_v2_2_stage_capped_pretune_off_3_2_42,paper1_phaseB_v1,3,evogrow_v2_2_stage_capped_pretune_off,42,2,1,2,2,2,0,0,1.0,1.0,1.0,True,,,,,0
395_evogrow_v2_2_stage_capped_pretune_off_3_2_123,paper1_phaseB_v1,3,evogrow_v2_2_stage_capped_pretune_off,123,2,1,2,2,2,0,0,1.0,1.0,1.0,True,,,,,0
396_evogrow_v2_2_stage_capped_pretune_off_3_2_7,paper1_phaseB_v1,3,evogrow_v2_2_stage_capped_pretune_off,7,2,1,2,2,2,0,0,1.0,1.0,1.0,True,,,,,0
397_evogrow_v2_2_stage_capped_pretune_off_4_1_42,paper1_phaseB_v1,4,evogrow_v2_2_stage_capped_pretune_off,42,1,1,3,0,0,0,3,0.0,0.0,0.0,False,,u1|u1^2|u1^3,,,0
398_evogrow_v2_2_stage_capped_pretune_off_4_1_123,paper1_phaseB_v1,4,evogrow_v2_2_stage_capped_pretune_off,123,1,1,3,0,0,0,3,0.0,0.0,0.0,False,,u1|u1^2|u1^3,,,0
399_evogrow_v2_2_stage_capped_pretune_off_4_1_7,paper1_phaseB_v1,4,evogrow_v2_2_stage_capped_pretune_off,7,1,1,3,0,0,0,3,0.0,0.0,0.0,False,,u1|u1^2|u1^3,,,0
400_evogrow_v2_2_stage_capped_pretune_off_4_2_42,paper1_phaseB_v1,4,evogrow_v2_2_stage_capped_pretune_off,42,2,1,2,0,0,0,2,0.0,0.0,0.0,False,,cos(u1)|u1,,,0
401_evogrow_v2_2_stage_capped_pretune_off_4_2_123,paper1_phaseB_v1,4,evogrow_v2_2_stage_capped_pretune_off,123,2,1,2,0,0,0,2,0.0,0.0,0.0,False,,cos(u1)|u1,,,0
402_evogrow_v2_2_stage_capped_pretune_off_4_2_7,paper1_phaseB_v1,4,evogrow_v2_2_stage_capped_pretune_off,7,2,1,2,0,0,0,2,0.0,0.0,0.0,False,,cos(u1)|u1,,,0
403_evogrow_v2_2_stage_capped_pretune_off_5_1_42,paper1_phaseB_v1,5,evogrow_v2_2_stage_capped_pretune_off,42,1,1,5,1,1,0,4,0.2,1.0,0.33333333333333337,False,,cos(u1)|sin(u1)|u1|u1^3,,,0
404_evogrow_v2_2_stage_capped_pretune_off_5_1_123,paper1_phaseB_v1,5,evogrow_v2_2_stage_capped_pretune_off,123,1,1,4,1,1,0,3,0.25,1.0,0.4,False,,sin(u1)|u1|u1^3,,,0
405_evogrow_v2_2_stage_capped_pretune_off_5_1_7,paper1_phaseB_v1,5,evogrow_v2_2_stage_capped_pretune_off,7,1,1,5,1,1,0,4,0.2,1.0,0.33333333333333337,False,,cos(u1)|sin(u1)|u1|u1^3,,,0
406_evogrow_v2_2_stage_capped_pretune_off_5_2_42,paper1_phaseB_v1,5,evogrow_v2_2_stage_capped_pretune_off,42,2,1,2,1,1,0,1,0.5,1.0,0.6666666666666666,False,,u1,,,0
407_evogrow_v2_2_stage_capped_pretune_off_5_2_123,paper1_phaseB_v1,5,evogrow_v2_2_stage_capped_pretune_off,123,2,1,2,1,1,0,1,0.5,1.0,0.6666666666666666,False,,u1,,,0
408_evogrow_v2_2_stage_capped_pretune_off_5_2_7,paper1_phaseB_v1,5,evogrow_v2_2_stage_capped_pretune_off,7,2,1,2,1,1,0,1,0.5,1.0,0.6666666666666666,False,,u1,,,0
409_evogrow_v2_2_stage_capped_pretune_off_6_1_42,paper1_phaseB_v1,6,evogrow_v2_2_stage_capped_pretune_off,42,1,1,2,2,2,0,0,1.0,1.0,1.0,True,,,,,0
410_evogrow_v2_2_stage_capped_pretune_off_6_1_123,paper1_phaseB_v1,6,evogrow_v2_2_stage_capped_pretune_off,123,1,1,2,2,2,0,0,1.0,1.0,1.0,True,,,,,0
411_evogrow_v2_2_stage_capped_pretune_off_6_1_7,paper1_phaseB_v1,6,evogrow_v2_2_stage_capped_pretune_off,7,1,1,2,2,2,0,0,1.0,1.0,1.0,True,,,,,0
412_evogrow_v2_2_stage_capped_pretune_off_6_2_42,paper1_phaseB_v1,6,evogrow_v2_2_stage_capped_pretune_off,42,2,1,2,2,2,0,0,1.0,1.0,1.0,True,,,,,0
413_evogrow_v2_2_stage_capped_pretune_off_6_2_123,paper1_phaseB_v1,6,evogrow_v2_2_stage_capped_pretune_off,123,2,1,2,2,2,0,0,1.0,1.0,1.0,True,,,,,0
414_evogrow_v2_2_stage_capped_pretune_off_6_2_7,paper1_phaseB_v1,6,evogrow_v2_2_stage_capped_pretune_off,7,2,1,2,2,2,0,0,1.0,1.0,1.0,True,,,,,0
415_evogrow_v2_2_stage_capped_pretune_off_7_1_42,paper1_phaseB_v1,7,evogrow_v2_2_stage_capped_pretune_off,42,1,1,1,1,1,0,0,1.0,1.0,1.0,True,,,,,0
416_evogrow_v2_2_stage_capped_pretune_off_7_1_123,paper1_phaseB_v1,7,evogrow_v2_2_stage_capped_pretune_off,123,1,1,1,1,1,0,0,1.0,1.0,1.0,True,,,,,0
417_evogrow_v2_2_stage_capped_pretune_off_7_1_7,paper1_phaseB_v1,7,evogrow_v2_2_stage_capped_pretune_off,7,1,1,1,1,1,0,0,1.0,1.0,1.0,True,,,,,0
418_evogrow_v2_2_stage_capped_pretune_off_7_2_42,paper1_phaseB_v1,7,evogrow_v2_2_stage_capped_pretune_off,42,2,1,3,1,1,0,2,0.3333333333333333,1.0,0.5,False,,u1^2|u1^3,,,0
419_evogrow_v2_2_stage_capped_pretune_off_7_2_123,paper1_phaseB_v1,7,evogrow_v2_2_stage_capped_pretune_off,123,2,1,3,1,1,0,2,0.3333333333333333,1.0,0.5,False,,u1^2|u1^3,,,0
420_evogrow_v2_2_stage_capped_pretune_off_7_2_7,paper1_phaseB_v1,7,evogrow_v2_2_stage_capped_pretune_off,7,2,1,3,1,1,0,2,0.3333333333333333,1.0,0.5,False,,u1^2|u1^3,,,0
421_evogrow_v2_2_stage_capped_pretune_off_8_1_42,paper1_phaseB_v1,8,evogrow_v2_2_stage_capped_pretune_off,42,1,1,3,3,3,0,0,1.0,1.0,1.0,True,,,,,0
422_evogrow_v2_2_stage_capped_pretune_off_8_1_123,paper1_phaseB_v1,8,evogrow_v2_2_stage_capped_pretune_off,123,1,1,3,3,3,0,0,1.0,1.0,1.0,True,,,,,0
423_evogrow_v2_2_stage_capped_pretune_off_8_1_7,paper1_phaseB_v1,8,evogrow_v2_2_stage_capped_pretune_off,7,1,1,3,3,3,0,0,1.0,1.0,1.0,True,,,,,0
424_evogrow_v2_2_stage_capped_pretune_off_8_2_42,paper1_phaseB_v1,8,evogrow_v2_2_stage_capped_pretune_off,42,2,1,1,3,1,2,0,1.0,0.3333333333333333,0.5,False,u1^2|u1^3,,,,0
425_evogrow_v2_2_stage_capped_pretune_off_8_2_123,paper1_phaseB_v1,8,evogrow_v2_2_stage_capped_pretune_off,123,2,1,1,3,1,2,0,1.0,0.3333333333333333,0.5,False,u1^2|u1^3,,,,0
426_evogrow_v2_2_stage_capped_pretune_off_8_2_7,paper1_phaseB_v1,8,evogrow_v2_2_stage_capped_pretune_off,7,2,1,1,3,1,2,0,1.0,0.3333333333333333,0.5,False,u1^2|u1^3,,,,0
427_evogrow_v2_2_stage_capped_pretune_off_9_1_42,paper1_phaseB_v1,9,evogrow_v2_2_stage_capped_pretune_off,42,1,1,2,1,1,0,1,0.5,1.0,0.6666666666666666,False,,u1^2,,,0
428_evogrow_v2_2_stage_capped_pretune_off_9_1_123,paper1_phaseB_v1,9,evogrow_v2_2_stage_capped_pretune_off,123,1,1,2,1,1,0,1,0.5,1.0,0.6666666666666666,False,,u1^2,,,0
429_evogrow_v2_2_stage_capped_pretune_off_9_1_7,paper1_phaseB_v1,9,evogrow_v2_2_stage_capped_pretune_off,7,1,1,2,1,1,0,1,0.5,1.0,0.6666666666666666,False,,u1^2,,,0
430_evogrow_v2_2_stage_capped_pretune_off_9_2_42,paper1_phaseB_v1,9,evogrow_v2_2_stage_capped_pretune_off,42,2,1,1,1,1,0,0,1.0,1.0,1.0,True,,,,,0
431_evogrow_v2_2_stage_capped_pretune_off_9_2_123,paper1_phaseB_v1,9,evogrow_v2_2_stage_capped_pretune_off,123,2,1,1,1,1,0,0,1.0,1.0,1.0,True,,,,,0
432_evogrow_v2_2_stage_capped_pretune_off_9_2_7,paper1_phaseB_v1,9,evogrow_v2_2_stage_capped_pretune_off,7,2,1,1,1,1,0,0,1.0,1.0,1.0,True,,,,,0
433_evogrow_v2_2_stage_capped_pretune_off_10_1_42,paper1_phaseB_v1,10,evogrow_v2_2_stage_capped_pretune_off,42,1,1,2,0,0,0,2,0.0,0.0,0.0,False,,u1|u1^2,,,0
434_evogrow_v2_2_stage_capped_pretune_off_10_1_123,paper1_phaseB_v1,10,evogrow_v2_2_stage_capped_pretune_off,123,1,1,2,0,0,0,2,0.0,0.0,0.0,False,,u1|u1^2,,,0
435_evogrow_v2_2_stage_capped_pretune_off_10_1_7,paper1_phaseB_v1,10,evogrow_v2_2_stage_capped_pretune_off,7,1,1,2,0,0,0,2,0.0,0.0,0.0,False,,u1|u1^2,,,0
436_evogrow_v2_2_stage_capped_pretune_off_10_2_42,paper1_phaseB_v1,10,evogrow_v2_2_stage_capped_pretune_off,42,2,1,1,0,0,0,1,0.0,0.0,0.0,False,,u1,,,0
437_evogrow_v2_2_stage_capped_pretune_off_10_2_123,paper1_phaseB_v1,10,evogrow_v2_2_stage_capped_pretune_off,123,2,1,1,0,0,0,1,0.0,0.0,0.0,False,,u1,,,0
438_evogrow_v2_2_stage_capped_pretune_off_10_2_7,paper1_phaseB_v1,10,evogrow_v2_2_stage_capped_pretune_off,7,2,1,1,0,0,0,1,0.0,0.0,0.0,False,,u1,,,0
439_evogrow_v2_2_stage_capped_pretune_off_11_1_42,paper1_phaseB_v1,11,evogrow_v2_2_stage_capped_pretune_off,42,1,1,3,1,1,0,2,0.3333333333333333,1.0,0.5,False,,u1|u1^2,,,0
440_evogrow_v2_2_stage_capped_pretune_off_11_1_123,paper1_phaseB_v1,11,evogrow_v2_2_stage_capped_pretune_off,123,1,1,3,1,1,0,2,0.3333333333333333,1.0,0.5,False,,u1|u1^2,,,0
441_evogrow_v2_2_stage_capped_pretune_off_11_1_7,paper1_phaseB_v1,11,evogrow_v2_2_stage_capped_pretune_off,7,1,1,3,1,1,0,2,0.3333333333333333,1.0,0.5,False,,u1|u1^2,,,0
442_evogrow_v2_2_stage_capped_pretune_off_11_2_42,paper1_phaseB_v1,11,evogrow_v2_2_stage_capped_pretune_off,42,2,1,2,1,0,1,2,0.0,0.0,0.0,False,u1^3,u1|u1^2,,,0
443_evogrow_v2_2_stage_capped_pretune_off_11_2_123,paper1_phaseB_v1,11,evogrow_v2_2_stage_capped_pretune_off,123,2,1,2,1,0,1,2,0.0,0.0,0.0,False,u1^3,u1|u1^2,,,0
444_evogrow_v2_2_stage_capped_pretune_off_11_2_7,paper1_phaseB_v1,11,evogrow_v2_2_stage_capped_pretune_off,7,2,1,2,1,0,1,2,0.0,0.0,0.0,False,u1^3,u1|u1^2,,,0
445_evogrow_v2_2_stage_capped_pretune_off_12_1_42,paper1_phaseB_v1,12,evogrow_v2_2_stage_capped_pretune_off,42,1,1,2,2,2,0,0,1.0,1.0,1.0,True,,,,,0
446_evogrow_v2_2_stage_capped_pretune_off_12_1_123,paper1_phaseB_v1,12,evogrow_v2_2_stage_capped_pretune_off,123,1,1,2,2,2,0,0,1.0,1.0,1.0,True,,,,,0
447_evogrow_v2_2_stage_capped_pretune_off_12_1_7,paper1_phaseB_v1,12,evogrow_v2_2_stage_capped_pretune_off,7,1,1,2,2,2,0,0,1.0,1.0,1.0,True,,,,,0
448_evogrow_v2_2_stage_capped_pretune_off_12_2_42,paper1_phaseB_v1,12,evogrow_v2_2_stage_capped_pretune_off,42,2,1,2,2,2,0,0,1.0,1.0,1.0,True,,,,,0
449_evogrow_v2_2_stage_capped_pretune_off_12_2_123,paper1_phaseB_v1,12,evogrow_v2_2_stage_capped_pretune_off,123,2,1,2,2,2,0,0,1.0,1.0,1.0,True,,,,,0
450_evogrow_v2_2_stage_capped_pretune_off_12_2_7,paper1_phaseB_v1,12,evogrow_v2_2_stage_capped_pretune_off,7,2,1,2,2,2,0,0,1.0,1.0,1.0,True,,,,,0
451_evogrow_v2_2_stage_capped_pretune_off_13_1_42,paper1_phaseB_v1,13,evogrow_v2_2_stage_capped_pretune_off,42,1,1,3,1,0,1,3,0.0,0.0,0.0,False,sin(u1),u1|u1^2|u1^3,,,0
452_evogrow_v2_2_stage_capped_pretune_off_13_1_123,paper1_phaseB_v1,13,evogrow_v2_2_stage_capped_pretune_off,123,1,1,3,1,0,1,3,0.0,0.0,0.0,False,sin(u1),u1|u1^2|u1^3,,,0
453_evogrow_v2_2_stage_capped_pretune_off_13_1_7,paper1_phaseB_v1,13,evogrow_v2_2_stage_capped_pretune_off,7,1,1,3,1,0,1,3,0.0,0.0,0.0,False,sin(u1),u1|u1^2|u1^3,,,0
454_evogrow_v2_2_stage_capped_pretune_off_13_2_42,paper1_phaseB_v1,13,evogrow_v2_2_stage_capped_pretune_off,42,2,1,2,1,0,1,2,0.0,0.0,0.0,False,sin(u1),u1|u1^2,,,0
455_evogrow_v2_2_stage_capped_pretune_off_13_2_123,paper1_phaseB_v1,13,evogrow_v2_2_stage_capped_pretune_off,123,2,1,2,1,0,1,2,0.0,0.0,0.0,False,sin(u1),u1|u1^2,,,0
456_evogrow_v2_2_stage_capped_pretune_off_13_2_7,paper1_phaseB_v1,13,evogrow_v2_2_stage_capped_pretune_off,7,2,1,2,1,0,1,2,0.0,0.0,0.0,False,sin(u1),u1|u1^2,,,0
457_evogrow_v2_2_stage_capped_pretune_off_14_1_42,paper1_phaseB_v1,14,evogrow_v2_2_stage_capped_pretune_off,42,1,1,2,2,2,0,0,1.0,1.0,1.0,True,,,,,0
458_evogrow_v2_2_stage_capped_pretune_off_14_1_123,paper1_phaseB_v1,14,evogrow_v2_2_stage_capped_pretune_off,123,1,1,2,2,2,0,0,1.0,1.0,1.0,True,,,,,0
459_evogrow_v2_2_stage_capped_pretune_off_14_1_7,paper1_phaseB_v1,14,evogrow_v2_2_stage_capped_pretune_off,7,1,1,2,2,2,0,0,1.0,1.0,1.0,True,,,,,0
460_evogrow_v2_2_stage_capped_pretune_off_14_2_42,paper1_phaseB_v1,14,evogrow_v2_2_stage_capped_pretune_off,42,2,1,2,2,2,0,0,1.0,1.0,1.0,True,,,,,0
461_evogrow_v2_2_stage_capped_pretune_off_14_2_123,paper1_phaseB_v1,14,evogrow_v2_2_stage_capped_pretune_off,123,2,1,2,2,2,0,0,1.0,1.0,1.0,True,,,,,0
462_evogrow_v2_2_stage_capped_pretune_off_14_2_7,paper1_phaseB_v1,14,evogrow_v2_2_stage_capped_pretune_off,7,2,1,2,2,2,0,0,1.0,1.0,1.0,True,,,,,0
463_evogrow_v2_2_stage_capped_pretune_off_15_1_42,paper1_phaseB_v1,15,evogrow_v2_2_stage_capped_pretune_off,42,1,1,2,2,2,0,0,1.0,1.0,1.0,True,,,,,0
464_evogrow_v2_2_stage_capped_pretune_off_15_1_123,paper1_phaseB_v1,15,evogrow_v2_2_stage_capped_pretune_off,123,1,1,2,2,2,0,0,1.0,1.0,1.0,True,,,,,0
465_evogrow_v2_2_stage_capped_pretune_off_15_1_7,paper1_phaseB_v1,15,evogrow_v2_2_stage_capped_pretune_off,7,1,1,2,2,2,0,0,1.0,1.0,1.0,True,,,,,0
466_evogrow_v2_2_stage_capped_pretune_off_15_2_42,paper1_phaseB_v1,15,evogrow_v2_2_stage_capped_pretune_off,42,2,1,1,2,1,1,0,1.0,0.5,0.6666666666666666,False,u1^2,,,,0
467_evogrow_v2_2_stage_capped_pretune_off_15_2_123,paper1_phaseB_v1,15,evogrow_v2_2_stage_capped_pretune_off,123,2,1,1,2,1,1,0,1.0,0.5,0.6666666666666666,False,u1^2,,,,0
468_evogrow_v2_2_stage_capped_pretune_off_15_2_7,paper1_phaseB_v1,15,evogrow_v2_2_stage_capped_pretune_off,7,2,1,1,2,1,1,0,1.0,0.5,0.6666666666666666,False,u1^2,,,,0
469_evogrow_v2_2_stage_capped_pretune_off_16_1_42,paper1_phaseB_v1,16,evogrow_v2_2_stage_capped_pretune_off,42,1,1,4,2,2,0,2,0.5,1.0,0.6666666666666666,False,,cos(u1)|u1^2,,,0
470_evogrow_v2_2_stage_capped_pretune_off_16_1_123,paper1_phaseB_v1,16,evogrow_v2_2_stage_capped_pretune_off,123,1,1,4,2,2,0,2,0.5,1.0,0.6666666666666666,False,,cos(u1)|u1^2,,,0
471_evogrow_v2_2_stage_capped_pretune_off_16_1_7,paper1_phaseB_v1,16,evogrow_v2_2_stage_capped_pretune_off,7,1,1,4,2,2,0,2,0.5,1.0,0.6666666666666666,False,,cos(u1)|u1^2,,,0
472_evogrow_v2_2_stage_capped_pretune_off_16_2_42,paper1_phaseB_v1,16,evogrow_v2_2_stage_capped_pretune_off,42,2,1,4,2,2,0,2,0.5,1.0,0.6666666666666666,False,,cos(u1)|u1^2,,,0
473_evogrow_v2_2_stage_capped_pretune_off_16_2_123,paper1_phaseB_v1,16,evogrow_v2_2_stage_capped_pretune_off,123,2,1,4,2,2,0,2,0.5,1.0,0.6666666666666666,False,,cos(u1)|u1^2,,,0
474_evogrow_v2_2_stage_capped_pretune_off_16_2_7,paper1_phaseB_v1,16,evogrow_v2_2_stage_capped_pretune_off,7,2,1,4,2,2,0,2,0.5,1.0,0.6666666666666666,False,,cos(u1)|u1^2,,,0
475_evogrow_v2_2_stage_capped_pretune_off_17_1_42,paper1_phaseB_v1,17,evogrow_v2_2_stage_capped_pretune_off,42,1,1,3,2,2,0,1,0.6666666666666666,1.0,0.8,False,,u1^3,,,0
476_evogrow_v2_2_stage_capped_pretune_off_17_1_123,paper1_phaseB_v1,17,evogrow_v2_2_stage_capped_pretune_off,123,1,1,3,2,2,0,1,0.6666666666666666,1.0,0.8,False,,u1^3,,,0
477_evogrow_v2_2_stage_capped_pretune_off_17_1_7,paper1_phaseB_v1,17,evogrow_v2_2_stage_capped_pretune_off,7,1,1,3,2,2,0,1,0.6666666666666666,1.0,0.8,False,,u1^3,,,0
478_evogrow_v2_2_stage_capped_pretune_off_17_2_42,paper1_phaseB_v1,17,evogrow_v2_2_stage_capped_pretune_off,42,2,1,2,2,2,0,0,1.0,1.0,1.0,True,,,,,0
479_evogrow_v2_2_stage_capped_pretune_off_17_2_123,paper1_phaseB_v1,17,evogrow_v2_2_stage_capped_pretune_off,123,2,1,2,2,2,0,0,1.0,1.0,1.0,True,,,,,0
480_evogrow_v2_2_stage_capped_pretune_off_17_2_7,paper1_phaseB_v1,17,evogrow_v2_2_stage_capped_pretune_off,7,2,1,2,2,2,0,0,1.0,1.0,1.0,True,,,,,0
481_evogrow_v2_2_stage_capped_pretune_off_18_1_42,paper1_phaseB_v1,18,evogrow_v2_2_stage_capped_pretune_off,42,1,1,2,2,2,0,0,1.0,1.0,1.0,True,,,,,0
482_evogrow_v2_2_stage_capped_pretune_off_18_1_123,paper1_phaseB_v1,18,evogrow_v2_2_stage_capped_pretune_off,123,1,1,2,2,2,0,0,1.0,1.0,1.0,True,,,,,0
483_evogrow_v2_2_stage_capped_pretune_off_18_1_7,paper1_phaseB_v1,18,evogrow_v2_2_stage_capped_pretune_off,7,1,1,2,2,2,0,0,1.0,1.0,1.0,True,,,,,0
484_evogrow_v2_2_stage_capped_pretune_off_18_2_42,paper1_phaseB_v1,18,evogrow_v2_2_stage_capped_pretune_off,42,2,1,2,2,2,0,0,1.0,1.0,1.0,True,,,,,0
485_evogrow_v2_2_stage_capped_pretune_off_18_2_123,paper1_phaseB_v1,18,evogrow_v2_2_stage_capped_pretune_off,123,2,1,2,2,2,0,0,1.0,1.0,1.0,True,,,,,0
486_evogrow_v2_2_stage_capped_pretune_off_18_2_7,paper1_phaseB_v1,18,evogrow_v2_2_stage_capped_pretune_off,7,2,1,2,2,2,0,0,1.0,1.0,1.0,True,,,,,0
487_evogrow_v2_2_stage_capped_pretune_off_19_1_42,paper1_phaseB_v1,19,evogrow_v2_2_stage_capped_pretune_off,42,1,1,2,2,2,0,0,1.0,1.0,1.0,True,,,,,0
488_evogrow_v2_2_stage_capped_pretune_off_19_1_123,paper1_phaseB_v1,19,evogrow_v2_2_stage_capped_pretune_off,123,1,1,2,2,2,0,0,1.0,1.0,1.0,True,,,,,0
489_evogrow_v2_2_stage_capped_pretune_off_19_1_7,paper1_phaseB_v1,19,evogrow_v2_2_stage_capped_pretune_off,7,1,1,2,2,2,0,0,1.0,1.0,1.0,True,,,,,0
490_evogrow_v2_2_stage_capped_pretune_off_19_2_42,paper1_phaseB_v1,19,evogrow_v2_2_stage_capped_pretune_off,42,2,1,2,2,2,0,0,1.0,1.0,1.0,True,,,,,0
491_evogrow_v2_2_stage_capped_pretune_off_19_2_123,paper1_phaseB_v1,19,evogrow_v2_2_stage_capped_pretune_off,123,2,1,2,2,2,0,0,1.0,1.0,1.0,True,,,,,0
492_evogrow_v2_2_stage_capped_pretune_off_19_2_7,paper1_phaseB_v1,19,evogrow_v2_2_stage_capped_pretune_off,7,2,1,2,2,2,0,0,1.0,1.0,1.0,True,,,,,0
493_evogrow_v2_2_stage_capped_pretune_off_20_1_42,paper1_phaseB_v1,20,evogrow_v2_2_stage_capped_pretune_off,42,1,1,3,1,1,0,2,0.3333333333333333,1.0,0.5,False,,cos(u1)|u1^2,,,0
494_evogrow_v2_2_stage_capped_pretune_off_20_1_123,paper1_phaseB_v1,20,evogrow_v2_2_stage_capped_pretune_off,123,1,1,3,1,1,0,2,0.3333333333333333,1.0,0.5,False,,cos(u1)|u1^2,,,0
495_evogrow_v2_2_stage_capped_pretune_off_20_1_7,paper1_phaseB_v1,20,evogrow_v2_2_stage_capped_pretune_off,7,1,1,3,1,1,0,2,0.3333333333333333,1.0,0.5,False,,cos(u1)|u1^2,,,0
496_evogrow_v2_2_stage_capped_pretune_off_20_2_42,paper1_phaseB_v1,20,evogrow_v2_2_stage_capped_pretune_off,42,2,1,1,1,1,0,0,1.0,1.0,1.0,True,,,,,0
497_evogrow_v2_2_stage_capped_pretune_off_20_2_123,paper1_phaseB_v1,20,evogrow_v2_2_stage_capped_pretune_off,123,2,1,1,1,1,0,0,1.0,1.0,1.0,True,,,,,0
498_evogrow_v2_2_stage_capped_pretune_off_20_2_7,paper1_phaseB_v1,20,evogrow_v2_2_stage_capped_pretune_off,7,2,1,1,1,1,0,0,1.0,1.0,1.0,True,,,,,0
499_evogrow_v2_2_stage_capped_pretune_off_21_1_42,paper1_phaseB_v1,21,evogrow_v2_2_stage_capped_pretune_off,42,1,1,4,1,1,0,3,0.25,1.0,0.4,False,,cos(u1)|sin(u1)|u1^2,,,0
500_evogrow_v2_2_stage_capped_pretune_off_21_1_123,paper1_phaseB_v1,21,evogrow_v2_2_stage_capped_pretune_off,123,1,1,4,1,1,0,3,0.25,1.0,0.4,False,,cos(u1)|sin(u1)|u1^2,,,0
501_evogrow_v2_2_stage_capped_pretune_off_21_1_7,paper1_phaseB_v1,21,evogrow_v2_2_stage_capped_pretune_off,7,1,1,4,1,1,0,3,0.25,1.0,0.4,False,,cos(u1)|sin(u1)|u1^2,,,0
502_evogrow_v2_2_stage_capped_pretune_off_21_2_42,paper1_phaseB_v1,21,evogrow_v2_2_stage_capped_pretune_off,42,2,1,3,1,1,0,2,0.3333333333333333,1.0,0.5,False,,u1^2|u1^3,,,0
503_evogrow_v2_2_stage_capped_pretune_off_21_2_123,paper1_phaseB_v1,21,evogrow_v2_2_stage_capped_pretune_off,123,2,1,3,1,1,0,2,0.3333333333333333,1.0,0.5,False,,u1^2|u1^3,,,0
504_evogrow_v2_2_stage_capped_pretune_off_21_2_7,paper1_phaseB_v1,21,evogrow_v2_2_stage_capped_pretune_off,7,2,1,3,1,1,0,2,0.3333333333333333,1.0,0.5,False,,u1^2|u1^3,,,0
505_evogrow_v2_2_stage_capped_pretune_off_22_1_42,paper1_phaseB_v1,22,evogrow_v2_2_stage_capped_pretune_off,42,1,1,2,1,1,0,1,0.5,1.0,0.6666666666666666,False,,u1^2,,,0
506_evogrow_v2_2_stage_capped_pretune_off_22_1_123,paper1_phaseB_v1,22,evogrow_v2_2_stage_capped_pretune_off,123,1,1,2,1,1,0,1,0.5,1.0,0.6666666666666666,False,,u1^2,,,0
507_evogrow_v2_2_stage_capped_pretune_off_22_1_7,paper1_phaseB_v1,22,evogrow_v2_2_stage_capped_pretune_off,7,1,1,2,1,1,0,1,0.5,1.0,0.6666666666666666,False,,u1^2,,,0
508_evogrow_v2_2_stage_capped_pretune_off_22_2_42,paper1_phaseB_v1,22,evogrow_v2_2_stage_capped_pretune_off,42,2,1,3,1,1,0,2,0.3333333333333333,1.0,0.5,False,,u1^2|u1^3,,,0
509_evogrow_v2_2_stage_capped_pretune_off_22_2_123,paper1_phaseB_v1,22,evogrow_v2_2_stage_capped_pretune_off,123,2,1,3,1,1,0,2,0.3333333333333333,1.0,0.5,False,,u1^2|u1^3,,,0
510_evogrow_v2_2_stage_capped_pretune_off_22_2_7,paper1_phaseB_v1,22,evogrow_v2_2_stage_capped_pretune_off,7,2,1,3,1,1,0,2,0.3333333333333333,1.0,0.5,False,,u1^2|u1^3,,,0
511_evogrow_v2_2_stage_capped_pretune_off_23_1_42,paper1_phaseB_v1,23,evogrow_v2_2_stage_capped_pretune_off,42,1,1,3,1,0,1,3,0.0,0.0,0.0,False,sin(u1),cos(u1)|u1|u1^2,,,0
512_evogrow_v2_2_stage_capped_pretune_off_23_1_123,paper1_phaseB_v1,23,evogrow_v2_2_stage_capped_pretune_off,123,1,1,3,1,0,1,3,0.0,0.0,0.0,False,sin(u1),cos(u1)|u1|u1^2,,,0
513_evogrow_v2_2_stage_capped_pretune_off_23_1_7,paper1_phaseB_v1,23,evogrow_v2_2_stage_capped_pretune_off,7,1,1,3,1,0,1,3,0.0,0.0,0.0,False,sin(u1),cos(u1)|u1|u1^2,,,0
514_evogrow_v2_2_stage_capped_pretune_off_23_2_42,paper1_phaseB_v1,23,evogrow_v2_2_stage_capped_pretune_off,42,2,1,3,1,0,1,3,0.0,0.0,0.0,False,sin(u1),u1|u1^2|u1^3,,,0
515_evogrow_v2_2_stage_capped_pretune_off_23_2_123,paper1_phaseB_v1,23,evogrow_v2_2_stage_capped_pretune_off,123,2,1,3,1,0,1,3,0.0,0.0,0.0,False,sin(u1),u1|u1^2|u1^3,,,0
516_evogrow_v2_2_stage_capped_pretune_off_23_2_7,paper1_phaseB_v1,23,evogrow_v2_2_stage_capped_pretune_off,7,2,1,3,1,0,1,3,0.0,0.0,0.0,False,sin(u1),u1|u1^2|u1^3,,,0
517_evogrow_v2_2_stage_capped_pretune_off_24_1_42,paper1_phaseB_v1,24,evogrow_v2_2_stage_capped_pretune_off,42,1,1,1,1,1,0,0,1.0,1.0,1.0,True,,,,,0
517_evogrow_v2_2_stage_capped_pretune_off_24_1_42,paper1_phaseB_v1,24,evogrow_v2_2_stage_capped_pretune_off,42,1,2,1,1,1,0,0,1.0,1.0,1.0,True,,,,,0
518_evogrow_v2_2_stage_capped_pretune_off_24_1_123,paper1_phaseB_v1,24,evogrow_v2_2_stage_capped_pretune_off,123,1,1,1,1,1,0,0,1.0,1.0,1.0,True,,,,,0
518_evogrow_v2_2_stage_capped_pretune_off_24_1_123,paper1_phaseB_v1,24,evogrow_v2_2_stage_capped_pretune_off,123,1,2,2,1,1,0,1,0.5,1.0,0.6666666666666666,False,,u2,,,0
519_evogrow_v2_2_stage_capped_pretune_off_24_1_7,paper1_phaseB_v1,24,evogrow_v2_2_stage_capped_pretune_off,7,1,1,1,1,1,0,0,1.0,1.0,1.0,True,,,,,0
519_evogrow_v2_2_stage_capped_pretune_off_24_1_7,paper1_phaseB_v1,24,evogrow_v2_2_stage_capped_pretune_off,7,1,2,2,1,1,0,1,0.5,1.0,0.6666666666666666,False,,u2,,,0
520_evogrow_v2_2_stage_capped_pretune_off_24_2_42,paper1_phaseB_v1,24,evogrow_v2_2_stage_capped_pretune_off,42,2,1,2,1,1,0,1,0.5,1.0,0.6666666666666666,False,,u1,,,0
520_evogrow_v2_2_stage_capped_pretune_off_24_2_42,paper1_phaseB_v1,24,evogrow_v2_2_stage_capped_pretune_off,42,2,2,1,1,1,0,0,1.0,1.0,1.0,True,,,,,0
521_evogrow_v2_2_stage_capped_pretune_off_24_2_123,paper1_phaseB_v1,24,evogrow_v2_2_stage_capped_pretune_off,123,2,1,1,1,1,0,0,1.0,1.0,1.0,True,,,,,0
521_evogrow_v2_2_stage_capped_pretune_off_24_2_123,paper1_phaseB_v1,24,evogrow_v2_2_stage_capped_pretune_off,123,2,2,2,1,1,0,1,0.5,1.0,0.6666666666666666,False,,u2,,,0
522_evogrow_v2_2_stage_capped_pretune_off_24_2_7,paper1_phaseB_v1,24,evogrow_v2_2_stage_capped_pretune_off,7,2,1,1,1,1,0,0,1.0,1.0,1.0,True,,,,,0
522_evogrow_v2_2_stage_capped_pretune_off_24_2_7,paper1_phaseB_v1,24,evogrow_v2_2_stage_capped_pretune_off,7,2,2,2,1,1,0,1,0.5,1.0,0.6666666666666666,False,,u2,,,0
523_evogrow_v2_2_stage_capped_pretune_off_25_1_42,paper1_phaseB_v1,25,evogrow_v2_2_stage_capped_pretune_off,42,1,1,1,1,1,0,0,1.0,1.0,1.0,True,,,,,0
523_evogrow_v2_2_stage_capped_pretune_off_25_1_42,paper1_phaseB_v1,25,evogrow_v2_2_stage_capped_pretune_off,42,1,2,2,2,2,0,0,1.0,1.0,1.0,True,,,,,0
524_evogrow_v2_2_stage_capped_pretune_off_25_1_123,paper1_phaseB_v1,25,evogrow_v2_2_stage_capped_pretune_off,123,1,1,1,1,1,0,0,1.0,1.0,1.0,True,,,,,0
524_evogrow_v2_2_stage_capped_pretune_off_25_1_123,paper1_phaseB_v1,25,evogrow_v2_2_stage_capped_pretune_off,123,1,2,2,2,2,0,0,1.0,1.0,1.0,True,,,,,0
525_evogrow_v2_2_stage_capped_pretune_off_25_1_7,paper1_phaseB_v1,25,evogrow_v2_2_stage_capped_pretune_off,7,1,1,1,1,1,0,0,1.0,1.0,1.0,True,,,,,0
525_evogrow_v2_2_stage_capped_pretune_off_25_1_7,paper1_phaseB_v1,25,evogrow_v2_2_stage_capped_pretune_off,7,1,2,2,2,2,0,0,1.0,1.0,1.0,True,,,,,0
526_evogrow_v2_2_stage_capped_pretune_off_25_2_42,paper1_phaseB_v1,25,evogrow_v2_2_stage_capped_pretune_off,42,2,1,1,1,1,0,0,1.0,1.0,1.0,True,,,,,0
526_evogrow_v2_2_stage_capped_pretune_off_25_2_42,paper1_phaseB_v1,25,evogrow_v2_2_stage_capped_pretune_off,42,2,2,2,2,2,0,0,1.0,1.0,1.0,True,,,,,0
527_evogrow_v2_2_stage_capped_pretune_off_25_2_123,paper1_phaseB_v1,25,evogrow_v2_2_stage_capped_pretune_off,123,2,1,1,1,1,0,0,1.0,1.0,1.0,True,,,,,0
527_evogrow_v2_2_stage_capped_pretune_off_25_2_123,paper1_phaseB_v1,25,evogrow_v2_2_stage_capped_pretune_off,123,2,2,2,2,2,0,0,1.0,1.0,1.0,True,,,,,0
528_evogrow_v2_2_stage_capped_pretune_off_25_2_7,paper1_phaseB_v1,25,evogrow_v2_2_stage_capped_pretune_off,7,2,1,1,1,1,0,0,1.0,1.0,1.0,True,,,,,0
528_evogrow_v2_2_stage_capped_pretune_off_25_2_7,paper1_phaseB_v1,25,evogrow_v2_2_stage_capped_pretune_off,7,2,2,2,2,2,0,0,1.0,1.0,1.0,True,,,,,0
529_evogrow_v2_2_stage_capped_pretune_off_26_1_42,paper1_phaseB_v1,26,evogrow_v2_2_stage_capped_pretune_off,42,1,1,5,3,3,0,2,0.6,1.0,0.7499999999999999,False,,u2|u2^2,,,0
529_evogrow_v2_2_stage_capped_pretune_off_26_1_42,paper1_phaseB_v1,26,evogrow_v2_2_stage_capped_pretune_off,42,1,2,3,3,1,2,2,0.3333333333333333,0.3333333333333333,0.3333333333333333,False,u1*u2|u2,u1|u1^2,,,0
530_evogrow_v2_2_stage_capped_pretune_off_26_1_123,paper1_phaseB_v1,26,evogrow_v2_2_stage_capped_pretune_off,123,1,1,4,3,3,0,1,0.75,1.0,0.8571428571428571,False,,u2,,,0
530_evogrow_v2_2_stage_capped_pretune_off_26_1_123,paper1_phaseB_v1,26,evogrow_v2_2_stage_capped_pretune_off,123,1,2,2,3,0,3,2,0.0,0.0,0.0,False,u1*u2|u2|u2^2,u1|u1^2,,,0
531_evogrow_v2_2_stage_capped_pretune_off_26_1_7,paper1_phaseB_v1,26,evogrow_v2_2_stage_capped_pretune_off,7,1,1,4,3,3,0,1,0.75,1.0,0.8571428571428571,False,,u2,,,0
531_evogrow_v2_2_stage_capped_pretune_off_26_1_7,paper1_phaseB_v1,26,evogrow_v2_2_stage_capped_pretune_off,7,1,2,2,3,0,3,2,0.0,0.0,0.0,False,u1*u2|u2|u2^2,u1|u1^2,,,0
532_evogrow_v2_2_stage_capped_pretune_off_26_2_42,paper1_phaseB_v1,26,evogrow_v2_2_stage_capped_pretune_off,42,2,1,3,3,2,1,1,0.6666666666666666,0.6666666666666666,0.6666666666666666,False,u1^2,u2,,,0
532_evogrow_v2_2_stage_capped_pretune_off_26_2_42,paper1_phaseB_v1,26,evogrow_v2_2_stage_capped_pretune_off,42,2,2,3,3,2,1,1,0.6666666666666666,0.6666666666666666,0.6666666666666666,False,u1*u2,u1,,,0
533_evogrow_v2_2_stage_capped_pretune_off_26_2_123,paper1_phaseB_v1,26,evogrow_v2_2_stage_capped_pretune_off,123,2,1,3,3,2,1,1,0.6666666666666666,0.6666666666666666,0.6666666666666666,False,u1*u2,u2,,,0
533_evogrow_v2_2_stage_capped_pretune_off_26_2_123,paper1_phaseB_v1,26,evogrow_v2_2_stage_capped_pretune_off,123,2,2,3,3,1,2,2,0.3333333333333333,0.3333333333333333,0.3333333333333333,False,u1*u2|u2^2,u1|u1^2,,,0
534_evogrow_v2_2_stage_capped_pretune_off_26_2_7,paper1_phaseB_v1,26,evogrow_v2_2_stage_capped_pretune_off,7,2,1,3,3,2,1,1,0.6666666666666666,0.6666666666666666,0.6666666666666666,False,u1*u2,u2,,,0
534_evogrow_v2_2_stage_capped_pretune_off_26_2_7,paper1_phaseB_v1,26,evogrow_v2_2_stage_capped_pretune_off,7,2,2,3,3,2,1,1,0.6666666666666666,0.6666666666666666,0.6666666666666666,False,u1*u2,u1,,,0
535_evogrow_v2_2_stage_capped_pretune_off_27_1_42,paper1_phaseB_v1,27,evogrow_v2_2_stage_capped_pretune_off,42,1,1,5,2,2,0,3,0.4,1.0,0.5714285714285715,False,,u1^2|u2|u2^2,,,0
535_evogrow_v2_2_stage_capped_pretune_off_27_1_42,paper1_phaseB_v1,27,evogrow_v2_2_stage_capped_pretune_off,42,1,2,4,2,1,1,3,0.25,0.5,0.3333333333333333,False,u2,u1|u1^2|u2^2,,,0
536_evogrow_v2_2_stage_capped_pretune_off_27_1_123,paper1_phaseB_v1,27,evogrow_v2_2_stage_capped_pretune_off,123,1,1,5,2,2,0,3,0.4,1.0,0.5714285714285715,False,,u1^2|u2|u2^2,,,0
536_evogrow_v2_2_stage_capped_pretune_off_27_1_123,paper1_phaseB_v1,27,evogrow_v2_2_stage_capped_pretune_off,123,1,2,4,2,1,1,3,0.25,0.5,0.3333333333333333,False,u1*u2,u1|u1^2|u2^2,,,0
537_evogrow_v2_2_stage_capped_pretune_off_27_1_7,paper1_phaseB_v1,27,evogrow_v2_2_stage_capped_pretune_off,7,1,1,3,2,1,1,2,0.3333333333333333,0.5,0.4,False,u1,u2|u2^2,,,0
537_evogrow_v2_2_stage_capped_pretune_off_27_1_7,paper1_phaseB_v1,27,evogrow_v2_2_stage_capped_pretune_off,7,1,2,3,2,2,0,1,0.6666666666666666,1.0,0.8,False,,u1,,,0
538_evogrow_v2_2_stage_capped_pretune_off_27_2_42,paper1_phaseB_v1,27,evogrow_v2_2_stage_capped_pretune_off,42,2,1,5,2,2,0,3,0.4,1.0,0.5714285714285715,False,,u1^2|u2|u2^2,,,0
538_evogrow_v2_2_stage_capped_pretune_off_27_2_42,paper1_phaseB_v1,27,evogrow_v2_2_stage_capped_pretune_off,42,2,2,5,2,2,0,3,0.4,1.0,0.5714285714285715,False,,u1|u1^2|u2^2,,,0
539_evogrow_v2_2_stage_capped_pretune_off_27_2_123,paper1_phaseB_v1,27,evogrow_v2_2_stage_capped_pretune_off,123,2,1,4,2,2,0,2,0.5,1.0,0.6666666666666666,False,,u2|u2^2,,,0
539_evogrow_v2_2_stage_capped_pretune_off_27_2_123,paper1_phaseB_v1,27,evogrow_v2_2_stage_capped_pretune_off,123,2,2,4,2,2,0,2,0.5,1.0,0.6666666666666666,False,,u1|u1^2,,,0
540_evogrow_v2_2_stage_capped_pretune_off_27_2_7,paper1_phaseB_v1,27,evogrow_v2_2_stage_capped_pretune_off,7,2,1,5,2,2,0,3,0.4,1.0,0.5714285714285715,False,,u1^2|u2|u2^2,,,0
540_evogrow_v2_2_stage_capped_pretune_off_27_2_7,paper1_phaseB_v1,27,evogrow_v2_2_stage_capped_pretune_off,7,2,2,5,2,2,0,3,0.4,1.0,0.5714285714285715,False,,u1|u1^2|u2^2,,,0
541_evogrow_v2_2_stage_capped_pretune_off_28_1_42,paper1_phaseB_v1,28,evogrow_v2_2_stage_capped_pretune_off,42,1,1,2,1,1,0,1,0.5,1.0,0.6666666666666666,False,,u1,,,0
541_evogrow_v2_2_stage_capped_pretune_off_28_1_42,paper1_phaseB_v1,28,evogrow_v2_2_stage_capped_pretune_off,42,1,2,2,1,0,1,2,0.0,0.0,0.0,False,sin(u1),u1|u1^3,,,0
542_evogrow_v2_2_stage_capped_pretune_off_28_1_123,paper1_phaseB_v1,28,evogrow_v2_2_stage_capped_pretune_off,123,1,1,2,1,1,0,1,0.5,1.0,0.6666666666666666,False,,u1,,,0
542_evogrow_v2_2_stage_capped_pretune_off_28_1_123,paper1_phaseB_v1,28,evogrow_v2_2_stage_capped_pretune_off,123,1,2,2,1,0,1,2,0.0,0.0,0.0,False,sin(u1),u1|u1^3,,,0
543_evogrow_v2_2_stage_capped_pretune_off_28_1_7,paper1_phaseB_v1,28,evogrow_v2_2_stage_capped_pretune_off,7,1,1,1,1,1,0,0,1.0,1.0,1.0,True,,,,,0
543_evogrow_v2_2_stage_capped_pretune_off_28_1_7,paper1_phaseB_v1,28,evogrow_v2_2_stage_capped_pretune_off,7,1,2,3,1,0,1,3,0.0,0.0,0.0,False,sin(u1),u1|u1^3|u2,,,0
544_evogrow_v2_2_stage_capped_pretune_off_28_2_42,paper1_phaseB_v1,28,evogrow_v2_2_stage_capped_pretune_off,42,2,1,1,1,1,0,0,1.0,1.0,1.0,True,,,,,0
544_evogrow_v2_2_stage_capped_pretune_off_28_2_42,paper1_phaseB_v1,28,evogrow_v2_2_stage_capped_pretune_off,42,2,2,1,1,0,1,1,0.0,0.0,0.0,False,sin(u1),u1,,,0
545_evogrow_v2_2_stage_capped_pretune_off_28_2_123,paper1_phaseB_v1,28,evogrow_v2_2_stage_capped_pretune_off,123,2,1,1,1,1,0,0,1.0,1.0,1.0,True,,,,,0
545_evogrow_v2_2_stage_capped_pretune_off_28_2_123,paper1_phaseB_v1,28,evogrow_v2_2_stage_capped_pretune_off,123,2,2,1,1,0,1,1,0.0,0.0,0.0,False,sin(u1),u1,,,0
546_evogrow_v2_2_stage_capped_pretune_off_28_2_7,paper1_phaseB_v1,28,evogrow_v2_2_stage_capped_pretune_off,7,2,1,1,1,1,0,0,1.0,1.0,1.0,True,,,,,0
546_evogrow_v2_2_stage_capped_pretune_off_28_2_7,paper1_phaseB_v1,28,evogrow_v2_2_stage_capped_pretune_off,7,2,2,1,1,0,1,1,0.0,0.0,0.0,False,sin(u1),u1,,,0
547_evogrow_v2_2_stage_capped_pretune_off_29_1_42,paper1_phaseB_v1,29,evogrow_v2_2_stage_capped_pretune_off,42,1,1,4,1,1,0,3,0.25,1.0,0.4,False,,u1|u2|u2^2,,,0
547_evogrow_v2_2_stage_capped_pretune_off_29_1_42,paper1_phaseB_v1,29,evogrow_v2_2_stage_capped_pretune_off,42,1,2,4,2,2,0,2,0.5,1.0,0.6666666666666666,False,,u1|u2,,,0
548_evogrow_v2_2_stage_capped_pretune_off_29_1_123,paper1_phaseB_v1,29,evogrow_v2_2_stage_capped_pretune_off,123,1,1,4,1,1,0,3,0.25,1.0,0.4,False,,u1|u2|u2^2,,,0
548_evogrow_v2_2_stage_capped_pretune_off_29_1_123,paper1_phaseB_v1,29,evogrow_v2_2_stage_capped_pretune_off,123,1,2,4,2,2,0,2,0.5,1.0,0.6666666666666666,False,,u1|u2,,,0
549_evogrow_v2_2_stage_capped_pretune_off_29_1_7,paper1_phaseB_v1,29,evogrow_v2_2_stage_capped_pretune_off,7,1,1,4,1,1,0,3,0.25,1.0,0.4,False,,u1|u2|u2^2,,,0
549_evogrow_v2_2_stage_capped_pretune_off_29_1_7,paper1_phaseB_v1,29,evogrow_v2_2_stage_capped_pretune_off,7,1,2,3,2,2,0,1,0.6666666666666666,1.0,0.8,False,,u1,,,0
550_evogrow_v2_2_stage_capped_pretune_off_29_2_42,paper1_phaseB_v1,29,evogrow_v2_2_stage_capped_pretune_off,42,2,1,3,1,0,1,3,0.0,0.0,0.0,False,u1*u2,u1|u2|u2^2,,,0
550_evogrow_v2_2_stage_capped_pretune_off_29_2_42,paper1_phaseB_v1,29,evogrow_v2_2_stage_capped_pretune_off,42,2,2,2,2,0,2,2,0.0,0.0,0.0,False,u1^2|u2^2,u1|u2,,,0
551_evogrow_v2_2_stage_capped_pretune_off_29_2_123,paper1_phaseB_v1,29,evogrow_v2_2_stage_capped_pretune_off,123,2,1,2,1,1,0,1,0.5,1.0,0.6666666666666666,False,,u1,,,0
551_evogrow_v2_2_stage_capped_pretune_off_29_2_123,paper1_phaseB_v1,29,evogrow_v2_2_stage_capped_pretune_off,123,2,2,3,2,1,1,2,0.3333333333333333,0.5,0.4,False,u1^2,u1|u2,,,0
552_evogrow_v2_2_stage_capped_pretune_off_29_2_7,paper1_phaseB_v1,29,evogrow_v2_2_stage_capped_pretune_off,7,2,1,3,1,0,1,3,0.0,0.0,0.0,False,u1*u2,u1|u2|u2^2,,,0
552_evogrow_v2_2_stage_capped_pretune_off_29_2_7,paper1_phaseB_v1,29,evogrow_v2_2_stage_capped_pretune_off,7,2,2,2,2,0,2,2,0.0,0.0,0.0,False,u1^2|u2^2,u1|u2,,,0
553_evogrow_v2_2_stage_capped_pretune_off_30_1_42,paper1_phaseB_v1,30,evogrow_v2_2_stage_capped_pretune_off,42,1,1,1,1,0,1,1,0.0,0.0,0.0,False,u1*u2,u2,,,0
553_evogrow_v2_2_stage_capped_pretune_off_30_1_42,paper1_phaseB_v1,30,evogrow_v2_2_stage_capped_pretune_off,42,1,2,1,1,0,1,1,0.0,0.0,0.0,False,u1*u2,u2,,,0
554_evogrow_v2_2_stage_capped_pretune_off_30_1_123,paper1_phaseB_v1,30,evogrow_v2_2_stage_capped_pretune_off,123,1,1,1,1,0,1,1,0.0,0.0,0.0,False,u1*u2,u2,,,0
554_evogrow_v2_2_stage_capped_pretune_off_30_1_123,paper1_phaseB_v1,30,evogrow_v2_2_stage_capped_pretune_off,123,1,2,1,1,0,1,1,0.0,0.0,0.0,False,u1*u2,u2,,,0
555_evogrow_v2_2_stage_capped_pretune_off_30_1_7,paper1_phaseB_v1,30,evogrow_v2_2_stage_capped_pretune_off,7,1,1,1,1,0,1,1,0.0,0.0,0.0,False,u1*u2,u2,,,0
555_evogrow_v2_2_stage_capped_pretune_off_30_1_7,paper1_phaseB_v1,30,evogrow_v2_2_stage_capped_pretune_off,7,1,2,1,1,0,1,1,0.0,0.0,0.0,False,u1*u2,u2,,,0
556_evogrow_v2_2_stage_capped_pretune_off_30_2_42,paper1_phaseB_v1,30,evogrow_v2_2_stage_capped_pretune_off,42,2,1,1,1,0,1,1,0.0,0.0,0.0,False,u1*u2,u2,,,0
556_evogrow_v2_2_stage_capped_pretune_off_30_2_42,paper1_phaseB_v1,30,evogrow_v2_2_stage_capped_pretune_off,42,2,2,1,1,0,1,1,0.0,0.0,0.0,False,u1*u2,u1,,,0
557_evogrow_v2_2_stage_capped_pretune_off_30_2_123,paper1_phaseB_v1,30,evogrow_v2_2_stage_capped_pretune_off,123,2,1,1,1,0,1,1,0.0,0.0,0.0,False,u1*u2,u2,,,0
557_evogrow_v2_2_stage_capped_pretune_off_30_2_123,paper1_phaseB_v1,30,evogrow_v2_2_stage_capped_pretune_off,123,2,2,1,1,0,1,1,0.0,0.0,0.0,False,u1*u2,u1,,,0
558_evogrow_v2_2_stage_capped_pretune_off_30_2_7,paper1_phaseB_v1,30,evogrow_v2_2_stage_capped_pretune_off,7,2,1,1,1,0,1,1,0.0,0.0,0.0,False,u1*u2,u2,,,0
558_evogrow_v2_2_stage_capped_pretune_off_30_2_7,paper1_phaseB_v1,30,evogrow_v2_2_stage_capped_pretune_off,7,2,2,1,1,0,1,1,0.0,0.0,0.0,False,u1*u2,u1,,,0
559_evogrow_v2_2_stage_capped_pretune_off_31_1_42,paper1_phaseB_v1,31,evogrow_v2_2_stage_capped_pretune_off,42,1,1,4,1,0,1,4,0.0,0.0,0.0,False,u1*u2,u1|u1^2|u2|u2^2,,,0
559_evogrow_v2_2_stage_capped_pretune_off_31_1_42,paper1_phaseB_v1,31,evogrow_v2_2_stage_capped_pretune_off,42,1,2,3,2,1,1,2,0.3333333333333333,0.5,0.4,False,u1*u2,u1|u1^2,,,0
560_evogrow_v2_2_stage_capped_pretune_off_31_1_123,paper1_phaseB_v1,31,evogrow_v2_2_stage_capped_pretune_off,123,1,1,3,1,0,1,3,0.0,0.0,0.0,False,u1*u2,u1|u1^2|u2,,,0
560_evogrow_v2_2_stage_capped_pretune_off_31_1_123,paper1_phaseB_v1,31,evogrow_v2_2_stage_capped_pretune_off,123,1,2,3,2,2,0,1,0.6666666666666666,1.0,0.8,False,,u1,,,0
561_evogrow_v2_2_stage_capped_pretune_off_31_1_7,paper1_phaseB_v1,31,evogrow_v2_2_stage_capped_pretune_off,7,1,1,3,1,0,1,3,0.0,0.0,0.0,False,u1*u2,u1|u1^2|u2,,,0
561_evogrow_v2_2_stage_capped_pretune_off_31_1_7,paper1_phaseB_v1,31,evogrow_v2_2_stage_capped_pretune_off,7,1,2,3,2,1,1,2,0.3333333333333333,0.5,0.4,False,u1*u2,u1|u1^2,,,0
562_evogrow_v2_2_stage_capped_pretune_off_31_2_42,paper1_phaseB_v1,31,evogrow_v2_2_stage_capped_pretune_off,42,2,1,2,1,1,0,1,0.5,1.0,0.6666666666666666,False,,u1,,,0
562_evogrow_v2_2_stage_capped_pretune_off_31_2_42,paper1_phaseB_v1,31,evogrow_v2_2_stage_capped_pretune_off,42,2,2,3,2,2,0,1,0.6666666666666666,1.0,0.8,False,,u1,,,0
563_evogrow_v2_2_stage_capped_pretune_off_31_2_123,paper1_phaseB_v1,31,evogrow_v2_2_stage_capped_pretune_off,123,2,1,3,1,1,0,2,0.3333333333333333,1.0,0.5,False,,u1|u2,,,0
563_evogrow_v2_2_stage_capped_pretune_off_31_2_123,paper1_phaseB_v1,31,evogrow_v2_2_stage_capped_pretune_off,123,2,2,3,2,2,0,1,0.6666666666666666,1.0,0.8,False,,u1,,,0
564_evogrow_v2_2_stage_capped_pretune_off_31_2_7,paper1_phaseB_v1,31,evogrow_v2_2_stage_capped_pretune_off,7,2,1,2,1,1,0,1,0.5,1.0,0.6666666666666666,False,,u1,,,0
564_evogrow_v2_2_stage_capped_pretune_off_31_2_7,paper1_phaseB_v1,31,evogrow_v2_2_stage_capped_pretune_off,7,2,2,3,2,2,0,1,0.6666666666666666,1.0,0.8,False,,u1,,,0
565_evogrow_v2_2_stage_capped_pretune_off_32_1_42,paper1_phaseB_v1,32,evogrow_v2_2_stage_capped_pretune_off,42,1,1,4,1,1,0,3,0.25,1.0,0.4,False,,u1|u1^2|u2^2,,,0
565_evogrow_v2_2_stage_capped_pretune_off_32_1_42,paper1_phaseB_v1,32,evogrow_v2_2_stage_capped_pretune_off,42,1,2,5,3,3,0,2,0.6,1.0,0.7499999999999999,False,,u1^2|u2^3,,,0
566_evogrow_v2_2_stage_capped_pretune_off_32_1_123,paper1_phaseB_v1,32,evogrow_v2_2_stage_capped_pretune_off,123,1,1,4,1,1,0,3,0.25,1.0,0.4,False,,u1|u1^2|u2^2,,,0
566_evogrow_v2_2_stage_capped_pretune_off_32_1_123,paper1_phaseB_v1,32,evogrow_v2_2_stage_capped_pretune_off,123,1,2,5,3,3,0,2,0.6,1.0,0.7499999999999999,False,,u1^2|u2^2,,,0
567_evogrow_v2_2_stage_capped_pretune_off_32_1_7,paper1_phaseB_v1,32,evogrow_v2_2_stage_capped_pretune_off,7,1,1,6,1,1,0,5,0.16666666666666666,1.0,0.2857142857142857,False,,cos(u1)|cos(u2)|u1|u1^2|u2^2,,,0
567_evogrow_v2_2_stage_capped_pretune_off_32_1_7,paper1_phaseB_v1,32,evogrow_v2_2_stage_capped_pretune_off,7,1,2,6,3,3,0,3,0.5,1.0,0.6666666666666666,False,,u1^2|u2^2|u2^3,,,0
568_evogrow_v2_2_stage_capped_pretune_off_32_2_42,paper1_phaseB_v1,32,evogrow_v2_2_stage_capped_pretune_off,42,2,1,2,1,1,0,1,0.5,1.0,0.6666666666666666,False,,u1,,,0
568_evogrow_v2_2_stage_capped_pretune_off_32_2_42,paper1_phaseB_v1,32,evogrow_v2_2_stage_capped_pretune_off,42,2,2,5,3,2,1,3,0.4,0.6666666666666666,0.5,False,u2,u1*u2|u1^2|u2^2,,,0
569_evogrow_v2_2_stage_capped_pretune_off_32_2_123,paper1_phaseB_v1,32,evogrow_v2_2_stage_capped_pretune_off,123,2,1,4,1,1,0,3,0.25,1.0,0.4,False,,u1|u1*u2|u2^3,,,0
569_evogrow_v2_2_stage_capped_pretune_off_32_2_123,paper1_phaseB_v1,32,evogrow_v2_2_stage_capped_pretune_off,123,2,2,4,3,2,1,2,0.5,0.6666666666666666,0.5714285714285715,False,u1^3,u2^2|u2^3,,,0
570_evogrow_v2_2_stage_capped_pretune_off_32_2_7,paper1_phaseB_v1,32,evogrow_v2_2_stage_capped_pretune_off,7,2,1,2,1,1,0,1,0.5,1.0,0.6666666666666666,False,,u1^3,,,0
570_evogrow_v2_2_stage_capped_pretune_off_32_2_7,paper1_phaseB_v1,32,evogrow_v2_2_stage_capped_pretune_off,7,2,2,4,3,3,0,1,0.75,1.0,0.8571428571428571,False,,u2^2,,,0
571_evogrow_v2_2_stage_capped_pretune_off_33_1_42,paper1_phaseB_v1,33,evogrow_v2_2_stage_capped_pretune_off,42,1,1,5,2,1,1,4,0.2,0.5,0.28571428571428575,False,u1^2,u1|u1*u2|u2|u2^2,,,0
571_evogrow_v2_2_stage_capped_pretune_off_33_1_42,paper1_phaseB_v1,33,evogrow_v2_2_stage_capped_pretune_off,42,1,2,6,1,1,0,5,0.16666666666666666,1.0,0.2857142857142857,False,,cos(u2)|u1*u2|u1^2|u2|u2^2,,,0
572_evogrow_v2_2_stage_capped_pretune_off_33_1_123,paper1_phaseB_v1,33,evogrow_v2_2_stage_capped_pretune_off,123,1,1,5,2,2,0,3,0.4,1.0,0.5714285714285715,False,,u1|u1*u2|u2,,,0
572_evogrow_v2_2_stage_capped_pretune_off_33_1_123,paper1_phaseB_v1,33,evogrow_v2_2_stage_capped_pretune_off,123,1,2,6,1,1,0,5,0.16666666666666666,1.0,0.2857142857142857,False,,cos(u2)|u1*u2|u1^2|u2|u2^2,,,0
573_evogrow_v2_2_stage_capped_pretune_off_33_1_7,paper1_phaseB_v1,33,evogrow_v2_2_stage_capped_pretune_off,7,1,1,6,2,1,1,5,0.16666666666666666,0.5,0.25,False,u1^2,cos(u2)|u1|u1*u2|u2|u2^2,,,0
573_evogrow_v2_2_stage_capped_pretune_off_33_1_7,paper1_phaseB_v1,33,evogrow_v2_2_stage_capped_pretune_off,7,1,2,6,1,1,0,5,0.16666666666666666,1.0,0.2857142857142857,False,,cos(u2)|u1*u2|u1^2|u2|u2^2,,,0
574_evogrow_v2_2_stage_capped_pretune_off_33_2_42,paper1_phaseB_v1,33,evogrow_v2_2_stage_capped_pretune_off,42,2,1,5,2,2,0,3,0.4,1.0,0.5714285714285715,False,,u1|u2|u2^2,,,0
574_evogrow_v2_2_stage_capped_pretune_off_33_2_42,paper1_phaseB_v1,33,evogrow_v2_2_stage_capped_pretune_off,42,2,2,6,1,1,0,5,0.16666666666666666,1.0,0.2857142857142857,False,,cos(u1)|u1*u2|u1^2|u2|u2^2,,,0
575_evogrow_v2_2_stage_capped_pretune_off_33_2_123,paper1_phaseB_v1,33,evogrow_v2_2_stage_capped_pretune_off,123,2,1,4,2,1,1,3,0.25,0.5,0.3333333333333333,False,sin(u2),u1|u2|u2^2,,,0
575_evogrow_v2_2_stage_capped_pretune_off_33_2_123,paper1_phaseB_v1,33,evogrow_v2_2_stage_capped_pretune_off,123,2,2,4,1,1,0,3,0.25,1.0,0.4,False,,u1*u2|u2|u2^2,,,0
576_evogrow_v2_2_stage_capped_pretune_off_33_2_7,paper1_phaseB_v1,33,evogrow_v2_2_stage_capped_pretune_off,7,2,1,5,2,1,1,4,0.2,0.5,0.28571428571428575,False,sin(u2),cos(u2)|u1|u2|u2^2,,,0
576_evogrow_v2_2_stage_capped_pretune_off_33_2_7,paper1_phaseB_v1,33,evogrow_v2_2_stage_capped_pretune_off,7,2,2,4,1,1,0,3,0.25,1.0,0.4,False,,u1^2|u2|u2^2,,,0
577_evogrow_v2_2_stage_capped_pretune_off_34_1_42,paper1_phaseB_v1,34,evogrow_v2_2_stage_capped_pretune_off,42,1,1,1,1,1,0,0,1.0,1.0,1.0,True,,,,,0
577_evogrow_v2_2_stage_capped_pretune_off_34_1_42,paper1_phaseB_v1,34,evogrow_v2_2_stage_capped_pretune_off,42,1,2,3,1,0,1,3,0.0,0.0,0.0,False,sin(u1),u1|u1^3|u2,,,0
578_evogrow_v2_2_stage_capped_pretune_off_34_1_123,paper1_phaseB_v1,34,evogrow_v2_2_stage_capped_pretune_off,123,1,1,1,1,1,0,0,1.0,1.0,1.0,True,,,,,0
578_evogrow_v2_2_stage_capped_pretune_off_34_1_123,paper1_phaseB_v1,34,evogrow_v2_2_stage_capped_pretune_off,123,1,2,3,1,1,0,2,0.3333333333333333,1.0,0.5,False,,u1|u2,,,0
579_evogrow_v2_2_stage_capped_pretune_off_34_1_7,paper1_phaseB_v1,34,evogrow_v2_2_stage_capped_pretune_off,7,1,1,2,1,1,0,1,0.5,1.0,0.6666666666666666,False,,u1,,,0
579_evogrow_v2_2_stage_capped_pretune_off_34_1_7,paper1_phaseB_v1,34,evogrow_v2_2_stage_capped_pretune_off,7,1,2,2,1,0,1,2,0.0,0.0,0.0,False,sin(u1),u1|u1^3,,,0
580_evogrow_v2_2_stage_capped_pretune_off_34_2_42,paper1_phaseB_v1,34,evogrow_v2_2_stage_capped_pretune_off,42,2,1,2,1,1,0,1,0.5,1.0,0.6666666666666666,False,,u1,,,0
580_evogrow_v2_2_stage_capped_pretune_off_34_2_42,paper1_phaseB_v1,34,evogrow_v2_2_stage_capped_pretune_off,42,2,2,2,1,0,1,2,0.0,0.0,0.0,False,sin(u1),u1|u1^3,,,0
581_evogrow_v2_2_stage_capped_pretune_off_34_2_123,paper1_phaseB_v1,34,evogrow_v2_2_stage_capped_pretune_off,123,2,1,2,1,1,0,1,0.5,1.0,0.6666666666666666,False,,u1,,,0
581_evogrow_v2_2_stage_capped_pretune_off_34_2_123,paper1_phaseB_v1,34,evogrow_v2_2_stage_capped_pretune_off,123,2,2,2,1,0,1,2,0.0,0.0,0.0,False,sin(u1),u1|u1^3,,,0
582_evogrow_v2_2_stage_capped_pretune_off_34_2_7,paper1_phaseB_v1,34,evogrow_v2_2_stage_capped_pretune_off,7,2,1,1,1,1,0,0,1.0,1.0,1.0,True,,,,,0
582_evogrow_v2_2_stage_capped_pretune_off_34_2_7,paper1_phaseB_v1,34,evogrow_v2_2_stage_capped_pretune_off,7,2,2,3,1,0,1,3,0.0,0.0,0.0,False,sin(u1),u1|u1^3|u2,,,0
583_evogrow_v2_2_stage_capped_pretune_off_35_1_42,paper1_phaseB_v1,35,evogrow_v2_2_stage_capped_pretune_off,42,1,1,5,0,0,0,5,0.0,0.0,0.0,False,,cos(u1)|sin(u1)|u1|u2|u2^2,,,0
583_evogrow_v2_2_stage_capped_pretune_off_35_1_42,paper1_phaseB_v1,35,evogrow_v2_2_stage_capped_pretune_off,42,1,2,4,0,0,0,4,0.0,0.0,0.0,False,,u1|u1^2|u2|u2^2,,,0
584_evogrow_v2_2_stage_capped_pretune_off_35_1_123,paper1_phaseB_v1,35,evogrow_v2_2_stage_capped_pretune_off,123,1,1,6,0,0,0,6,0.0,0.0,0.0,False,,u1|u1*u2|u1^2|u2|u2^2|u2^3,,,0
584_evogrow_v2_2_stage_capped_pretune_off_35_1_123,paper1_phaseB_v1,35,evogrow_v2_2_stage_capped_pretune_off,123,1,2,6,0,0,0,6,0.0,0.0,0.0,False,,cos(u2)|u1|u1^2|u1^3|u2|u2^2,,,0
585_evogrow_v2_2_stage_capped_pretune_off_35_1_7,paper1_phaseB_v1,35,evogrow_v2_2_stage_capped_pretune_off,7,1,1,6,0,0,0,6,0.0,0.0,0.0,False,,cos(u1)|cos(u2)|u1|u1*u2|u2|u2^2,,,0
585_evogrow_v2_2_stage_capped_pretune_off_35_1_7,paper1_phaseB_v1,35,evogrow_v2_2_stage_capped_pretune_off,7,1,2,6,0,0,0,6,0.0,0.0,0.0,False,,cos(u1)|u1|u1*u2|u1^2|u2|u2^2,,,0
586_evogrow_v2_2_stage_capped_pretune_off_35_2_42,paper1_phaseB_v1,35,evogrow_v2_2_stage_capped_pretune_off,42,2,1,3,0,0,0,3,0.0,0.0,0.0,False,,u1|u1^2|u2,,,0
586_evogrow_v2_2_stage_capped_pretune_off_35_2_42,paper1_phaseB_v1,35,evogrow_v2_2_stage_capped_pretune_off,42,2,2,3,0,0,0,3,0.0,0.0,0.0,False,,cos(u1)|u1|u1^2,,,0
587_evogrow_v2_2_stage_capped_pretune_off_35_2_123,paper1_phaseB_v1,35,evogrow_v2_2_stage_capped_pretune_off,123,2,1,3,0,0,0,3,0.0,0.0,0.0,False,,u1|u1^2|u2,,,0
587_evogrow_v2_2_stage_capped_pretune_off_35_2_123,paper1_phaseB_v1,35,evogrow_v2_2_stage_capped_pretune_off,123,2,2,3,0,0,0,3,0.0,0.0,0.0,False,,u1|u1^2|u1^3,,,0
588_evogrow_v2_2_stage_capped_pretune_off_35_2_7,paper1_phaseB_v1,35,evogrow_v2_2_stage_capped_pretune_off,7,2,1,3,0,0,0,3,0.0,0.0,0.0,False,,u1|u1^2|u2,,,0
588_evogrow_v2_2_stage_capped_pretune_off_35_2_7,paper1_phaseB_v1,35,evogrow_v2_2_stage_capped_pretune_off,7,2,2,3,0,0,0,3,0.0,0.0,0.0,False,,sin(u1)|u1|u1^2,,,0
589_evogrow_v2_2_stage_capped_pretune_off_36_1_42,paper1_phaseB_v1,36,evogrow_v2_2_stage_capped_pretune_off,42,1,1,1,1,1,0,0,1.0,1.0,1.0,True,,,,,0
589_evogrow_v2_2_stage_capped_pretune_off_36_1_42,paper1_phaseB_v1,36,evogrow_v2_2_stage_capped_pretune_off,42,1,2,2,2,1,1,1,0.5,0.5,0.5,False,sin(u1),u1,,,0
590_evogrow_v2_2_stage_capped_pretune_off_36_1_123,paper1_phaseB_v1,36,evogrow_v2_2_stage_capped_pretune_off,123,1,1,1,1,1,0,0,1.0,1.0,1.0,True,,,,,0
590_evogrow_v2_2_stage_capped_pretune_off_36_1_123,paper1_phaseB_v1,36,evogrow_v2_2_stage_capped_pretune_off,123,1,2,2,2,1,1,1,0.5,0.5,0.5,False,sin(u1),u1,,,0
591_evogrow_v2_2_stage_capped_pretune_off_36_1_7,paper1_phaseB_v1,36,evogrow_v2_2_stage_capped_pretune_off,7,1,1,2,1,1,0,1,0.5,1.0,0.6666666666666666,False,,u1,,,0
591_evogrow_v2_2_stage_capped_pretune_off_36_1_7,paper1_phaseB_v1,36,evogrow_v2_2_stage_capped_pretune_off,7,1,2,2,2,1,1,1,0.5,0.5,0.5,False,sin(u1),u1,,,0
592_evogrow_v2_2_stage_capped_pretune_off_36_2_42,paper1_phaseB_v1,36,evogrow_v2_2_stage_capped_pretune_off,42,2,1,1,1,1,0,0,1.0,1.0,1.0,True,,,,,0
592_evogrow_v2_2_stage_capped_pretune_off_36_2_42,paper1_phaseB_v1,36,evogrow_v2_2_stage_capped_pretune_off,42,2,2,2,2,1,1,1,0.5,0.5,0.5,False,sin(u1),u1,,,0
593_evogrow_v2_2_stage_capped_pretune_off_36_2_123,paper1_phaseB_v1,36,evogrow_v2_2_stage_capped_pretune_off,123,2,1,1,1,1,0,0,1.0,1.0,1.0,True,,,,,0
593_evogrow_v2_2_stage_capped_pretune_off_36_2_123,paper1_phaseB_v1,36,evogrow_v2_2_stage_capped_pretune_off,123,2,2,2,2,1,1,1,0.5,0.5,0.5,False,sin(u1),u1,,,0
594_evogrow_v2_2_stage_capped_pretune_off_36_2_7,paper1_phaseB_v1,36,evogrow_v2_2_stage_capped_pretune_off,7,2,1,1,1,1,0,0,1.0,1.0,1.0,True,,,,,0
594_evogrow_v2_2_stage_capped_pretune_off_36_2_7,paper1_phaseB_v1,36,evogrow_v2_2_stage_capped_pretune_off,7,2,2,2,2,1,1,1,0.5,0.5,0.5,False,sin(u1),u1,,,0
595_evogrow_v2_2_stage_capped_pretune_off_37_1_42,paper1_phaseB_v1,37,evogrow_v2_2_stage_capped_pretune_off,42,1,1,4,1,1,0,3,0.25,1.0,0.4,False,,u1|u1*u2|u1^2,,,0
595_evogrow_v2_2_stage_capped_pretune_off_37_1_42,paper1_phaseB_v1,37,evogrow_v2_2_stage_capped_pretune_off,42,1,2,6,2,2,0,4,0.3333333333333333,1.0,0.5,False,,u1*u2|u1^2|u2^2|u2^3,,,0
596_evogrow_v2_2_stage_capped_pretune_off_37_1_123,paper1_phaseB_v1,37,evogrow_v2_2_stage_capped_pretune_off,123,1,1,5,1,1,0,4,0.2,1.0,0.33333333333333337,False,,u1|u1*u2|u1^2|u1^3,,,0
596_evogrow_v2_2_stage_capped_pretune_off_37_1_123,paper1_phaseB_v1,37,evogrow_v2_2_stage_capped_pretune_off,123,1,2,5,2,2,0,3,0.4,1.0,0.5714285714285715,False,,u1*u2|u1^2|u2^3,,,0
597_evogrow_v2_2_stage_capped_pretune_off_37_1_7,paper1_phaseB_v1,37,evogrow_v2_2_stage_capped_pretune_off,7,1,1,4,1,1,0,3,0.25,1.0,0.4,False,,u1|u1*u2|u2^2,,,0
597_evogrow_v2_2_stage_capped_pretune_off_37_1_7,paper1_phaseB_v1,37,evogrow_v2_2_stage_capped_pretune_off,7,1,2,3,2,2,0,1,0.6666666666666666,1.0,0.8,False,,u2^3,,,0
598_evogrow_v2_2_stage_capped_pretune_off_37_2_42,paper1_phaseB_v1,37,evogrow_v2_2_stage_capped_pretune_off,42,2,1,6,1,1,0,5,0.16666666666666666,1.0,0.2857142857142857,False,,cos(u1)|u1*u2|u1^2|u2^2|u2^3,,,0
598_evogrow_v2_2_stage_capped_pretune_off_37_2_42,paper1_phaseB_v1,37,evogrow_v2_2_stage_capped_pretune_off,42,2,2,6,2,2,0,4,0.3333333333333333,1.0,0.5,False,,sin(u1)|sin(u2)|u1*u2|u2^2,,,0
599_evogrow_v2_2_stage_capped_pretune_off_37_2_123,paper1_phaseB_v1,37,evogrow_v2_2_stage_capped_pretune_off,123,2,1,3,1,1,0,2,0.3333333333333333,1.0,0.5,False,,u1*u2|u1^2,,,0
599_evogrow_v2_2_stage_capped_pretune_off_37_2_123,paper1_phaseB_v1,37,evogrow_v2_2_stage_capped_pretune_off,123,2,2,5,2,2,0,3,0.4,1.0,0.5714285714285715,False,,sin(u1)|u1*u2|u2^2,,,0
600_evogrow_v2_2_stage_capped_pretune_off_37_2_7,paper1_phaseB_v1,37,evogrow_v2_2_stage_capped_pretune_off,7,2,1,6,1,1,0,5,0.16666666666666666,1.0,0.2857142857142857,False,,sin(u1)|u1|u1*u2|u1^2|u2^2,,,0
600_evogrow_v2_2_stage_capped_pretune_off_37_2_7,paper1_phaseB_v1,37,evogrow_v2_2_stage_capped_pretune_off,7,2,2,5,2,2,0,3,0.4,1.0,0.5714285714285715,False,,u1*u2|u1^2|u2^2,,,0
601_evogrow_v2_2_stage_capped_pretune_off_38_1_42,paper1_phaseB_v1,38,evogrow_v2_2_stage_capped_pretune_off,42,1,1,6,3,3,0,3,0.5,1.0,0.6666666666666666,False,,u1*u2|u1^2|u2^2,,,0
601_evogrow_v2_2_stage_capped_pretune_off_38_1_42,paper1_phaseB_v1,38,evogrow_v2_2_stage_capped_pretune_off,42,1,2,5,1,1,0,4,0.2,1.0,0.33333333333333337,False,,u1*u2|u1^2|u2|u2^2,,,0
602_evogrow_v2_2_stage_capped_pretune_off_38_1_123,paper1_phaseB_v1,38,evogrow_v2_2_stage_capped_pretune_off,123,1,1,6,3,3,0,3,0.5,1.0,0.6666666666666666,False,,u1*u2|u1^2|u2^2,,,0
602_evogrow_v2_2_stage_capped_pretune_off_38_1_123,paper1_phaseB_v1,38,evogrow_v2_2_stage_capped_pretune_off,123,1,2,5,1,1,0,4,0.2,1.0,0.33333333333333337,False,,u1*u2|u1^2|u2|u2^2,,,0
603_evogrow_v2_2_stage_capped_pretune_off_38_1_7,paper1_phaseB_v1,38,evogrow_v2_2_stage_capped_pretune_off,7,1,1,6,3,3,0,3,0.5,1.0,0.6666666666666666,False,,u1*u2|u1^2|u2^2,,,0
603_evogrow_v2_2_stage_capped_pretune_off_38_1_7,paper1_phaseB_v1,38,evogrow_v2_2_stage_capped_pretune_off,7,1,2,5,1,1,0,4,0.2,1.0,0.33333333333333337,False,,u1*u2|u1^2|u2|u2^2,,,0
604_evogrow_v2_2_stage_capped_pretune_off_38_2_42,paper1_phaseB_v1,38,evogrow_v2_2_stage_capped_pretune_off,42,2,1,4,3,3,0,1,0.75,1.0,0.8571428571428571,False,,u1*u2,,,0
604_evogrow_v2_2_stage_capped_pretune_off_38_2_42,paper1_phaseB_v1,38,evogrow_v2_2_stage_capped_pretune_off,42,2,2,2,1,1,0,1,0.5,1.0,0.6666666666666666,False,,u2^3,,,0
605_evogrow_v2_2_stage_capped_pretune_off_38_2_123,paper1_phaseB_v1,38,evogrow_v2_2_stage_capped_pretune_off,123,2,1,3,3,3,0,0,1.0,1.0,1.0,True,,,,,0
605_evogrow_v2_2_stage_capped_pretune_off_38_2_123,paper1_phaseB_v1,38,evogrow_v2_2_stage_capped_pretune_off,123,2,2,2,1,1,0,1,0.5,1.0,0.6666666666666666,False,,u2^3,,,0
606_evogrow_v2_2_stage_capped_pretune_off_38_2_7,paper1_phaseB_v1,38,evogrow_v2_2_stage_capped_pretune_off,7,2,1,4,3,3,0,1,0.75,1.0,0.8571428571428571,False,,u1*u2,,,0
606_evogrow_v2_2_stage_capped_pretune_off_38_2_7,paper1_phaseB_v1,38,evogrow_v2_2_stage_capped_pretune_off,7,2,2,1,1,1,0,0,1.0,1.0,1.0,True,,,,,0
607_evogrow_v2_2_stage_capped_pretune_off_39_1_42,paper1_phaseB_v1,39,evogrow_v2_2_stage_capped_pretune_off,42,1,1,2,2,2,0,0,1.0,1.0,1.0,True,,,,,0
607_evogrow_v2_2_stage_capped_pretune_off_39_1_42,paper1_phaseB_v1,39,evogrow_v2_2_stage_capped_pretune_off,42,1,2,1,1,1,0,0,1.0,1.0,1.0,True,,,,,0
608_evogrow_v2_2_stage_capped_pretune_off_39_1_123,paper1_phaseB_v1,39,evogrow_v2_2_stage_capped_pretune_off,123,1,1,2,2,2,0,0,1.0,1.0,1.0,True,,,,,0
608_evogrow_v2_2_stage_capped_pretune_off_39_1_123,paper1_phaseB_v1,39,evogrow_v2_2_stage_capped_pretune_off,123,1,2,1,1,1,0,0,1.0,1.0,1.0,True,,,,,0
609_evogrow_v2_2_stage_capped_pretune_off_39_1_7,paper1_phaseB_v1,39,evogrow_v2_2_stage_capped_pretune_off,7,1,1,2,2,2,0,0,1.0,1.0,1.0,True,,,,,0
609_evogrow_v2_2_stage_capped_pretune_off_39_1_7,paper1_phaseB_v1,39,evogrow_v2_2_stage_capped_pretune_off,7,1,2,1,1,1,0,0,1.0,1.0,1.0,True,,,,,0
610_evogrow_v2_2_stage_capped_pretune_off_39_2_42,paper1_phaseB_v1,39,evogrow_v2_2_stage_capped_pretune_off,42,2,1,2,2,2,0,0,1.0,1.0,1.0,True,,,,,0
610_evogrow_v2_2_stage_capped_pretune_off_39_2_42,paper1_phaseB_v1,39,evogrow_v2_2_stage_capped_pretune_off,42,2,2,2,1,1,0,1,0.5,1.0,0.6666666666666666,False,,u2,,,0
611_evogrow_v2_2_stage_capped_pretune_off_39_2_123,paper1_phaseB_v1,39,evogrow_v2_2_stage_capped_pretune_off,123,2,1,2,2,2,0,0,1.0,1.0,1.0,True,,,,,0
611_evogrow_v2_2_stage_capped_pretune_off_39_2_123,paper1_phaseB_v1,39,evogrow_v2_2_stage_capped_pretune_off,123,2,2,2,1,1,0,1,0.5,1.0,0.6666666666666666,False,,u2,,,0
612_evogrow_v2_2_stage_capped_pretune_off_39_2_7,paper1_phaseB_v1,39,evogrow_v2_2_stage_capped_pretune_off,7,2,1,2,2,2,0,0,1.0,1.0,1.0,True,,,,,0
612_evogrow_v2_2_stage_capped_pretune_off_39_2_7,paper1_phaseB_v1,39,evogrow_v2_2_stage_capped_pretune_off,7,2,2,2,1,1,0,1,0.5,1.0,0.6666666666666666,False,,u2,,,0
613_evogrow_v2_2_stage_capped_pretune_off_40_1_42,paper1_phaseB_v1,40,evogrow_v2_2_stage_capped_pretune_off,42,1,1,4,1,1,0,3,0.25,1.0,0.4,False,,u1|u1^3|u2^3,,,0
613_evogrow_v2_2_stage_capped_pretune_off_40_1_42,paper1_phaseB_v1,40,evogrow_v2_2_stage_capped_pretune_off,42,1,2,2,2,2,0,0,1.0,1.0,1.0,True,,,,,0
614_evogrow_v2_2_stage_capped_pretune_off_40_1_123,paper1_phaseB_v1,40,evogrow_v2_2_stage_capped_pretune_off,123,1,1,4,1,1,0,3,0.25,1.0,0.4,False,,u1|u1^3|u2^3,,,0
614_evogrow_v2_2_stage_capped_pretune_off_40_1_123,paper1_phaseB_v1,40,evogrow_v2_2_stage_capped_pretune_off,123,1,2,2,2,2,0,0,1.0,1.0,1.0,True,,,,,0
615_evogrow_v2_2_stage_capped_pretune_off_40_1_7,paper1_phaseB_v1,40,evogrow_v2_2_stage_capped_pretune_off,7,1,1,4,1,1,0,3,0.25,1.0,0.4,False,,u1|u1^3|u2^3,,,0
615_evogrow_v2_2_stage_capped_pretune_off_40_1_7,paper1_phaseB_v1,40,evogrow_v2_2_stage_capped_pretune_off,7,1,2,2,2,2,0,0,1.0,1.0,1.0,True,,,,,0
616_evogrow_v2_2_stage_capped_pretune_off_40_2_42,paper1_phaseB_v1,40,evogrow_v2_2_stage_capped_pretune_off,42,2,1,5,1,1,0,4,0.2,1.0,0.33333333333333337,False,,cos(u1)|u1|u1*u2|u1^2,,,0
616_evogrow_v2_2_stage_capped_pretune_off_40_2_42,paper1_phaseB_v1,40,evogrow_v2_2_stage_capped_pretune_off,42,2,2,6,2,2,0,4,0.3333333333333333,1.0,0.5,False,,cos(u2)|sin(u1)|u1*u2|u1^2,,,0
617_evogrow_v2_2_stage_capped_pretune_off_40_2_123,paper1_phaseB_v1,40,evogrow_v2_2_stage_capped_pretune_off,123,2,1,6,1,1,0,5,0.16666666666666666,1.0,0.2857142857142857,False,,u1|u1*u2|u1^2|u1^3|u2^2,,,0
617_evogrow_v2_2_stage_capped_pretune_off_40_2_123,paper1_phaseB_v1,40,evogrow_v2_2_stage_capped_pretune_off,123,2,2,5,2,2,0,3,0.4,1.0,0.5714285714285715,False,,u1*u2|u1^3|u2^2,,,0
618_evogrow_v2_2_stage_capped_pretune_off_40_2_7,paper1_phaseB_v1,40,evogrow_v2_2_stage_capped_pretune_off,7,2,1,6,1,1,0,5,0.16666666666666666,1.0,0.2857142857142857,False,,u1|u1^2|u1^3|u2^2|u2^3,,,0
618_evogrow_v2_2_stage_capped_pretune_off_40_2_7,paper1_phaseB_v1,40,evogrow_v2_2_stage_capped_pretune_off,7,2,2,4,2,2,0,2,0.5,1.0,0.6666666666666666,False,,u1^2|u2^2,,,0
619_evogrow_v2_2_stage_capped_pretune_off_41_1_42,paper1_phaseB_v1,41,evogrow_v2_2_stage_capped_pretune_off,42,1,1,5,3,2,1,3,0.4,0.6666666666666666,0.5,False,u1^3,u1*u2|u1^2|u2^2,,,0
619_evogrow_v2_2_stage_capped_pretune_off_41_1_42,paper1_phaseB_v1,41,evogrow_v2_2_stage_capped_pretune_off,42,1,2,5,1,1,0,4,0.2,1.0,0.33333333333333337,False,,u1*u2|u1^2|u2|u2^2,,,0
620_evogrow_v2_2_stage_capped_pretune_off_41_1_123,paper1_phaseB_v1,41,evogrow_v2_2_stage_capped_pretune_off,123,1,1,5,3,2,1,3,0.4,0.6666666666666666,0.5,False,u1^3,u1*u2|u1^2|u2^2,,,0
620_evogrow_v2_2_stage_capped_pretune_off_41_1_123,paper1_phaseB_v1,41,evogrow_v2_2_stage_capped_pretune_off,123,1,2,5,1,1,0,4,0.2,1.0,0.33333333333333337,False,,u1*u2|u1^2|u2|u2^2,,,0
621_evogrow_v2_2_stage_capped_pretune_off_41_1_7,paper1_phaseB_v1,41,evogrow_v2_2_stage_capped_pretune_off,7,1,1,5,3,2,1,3,0.4,0.6666666666666666,0.5,False,u1^3,u1*u2|u1^2|u2^2,,,0
621_evogrow_v2_2_stage_capped_pretune_off_41_1_7,paper1_phaseB_v1,41,evogrow_v2_2_stage_capped_pretune_off,7,1,2,5,1,1,0,4,0.2,1.0,0.33333333333333337,False,,u1*u2|u1^2|u2|u2^2,,,0
622_evogrow_v2_2_stage_capped_pretune_off_41_2_42,paper1_phaseB_v1,41,evogrow_v2_2_stage_capped_pretune_off,42,2,1,5,3,2,1,3,0.4,0.6666666666666666,0.5,False,u1^3,u1*u2|u1^2|u2^2,,,0
622_evogrow_v2_2_stage_capped_pretune_off_41_2_42,paper1_phaseB_v1,41,evogrow_v2_2_stage_capped_pretune_off,42,2,2,4,1,1,0,3,0.25,1.0,0.4,False,,sin(u1)|u1^2|u2,,,0
623_evogrow_v2_2_stage_capped_pretune_off_41_2_123,paper1_phaseB_v1,41,evogrow_v2_2_stage_capped_pretune_off,123,2,1,5,3,2,1,3,0.4,0.6666666666666666,0.5,False,u1^3,u1*u2|u1^2|u2^2,,,0
623_evogrow_v2_2_stage_capped_pretune_off_41_2_123,paper1_phaseB_v1,41,evogrow_v2_2_stage_capped_pretune_off,123,2,2,4,1,1,0,3,0.25,1.0,0.4,False,,u1^2|u2|u2^2,,,0
624_evogrow_v2_2_stage_capped_pretune_off_41_2_7,paper1_phaseB_v1,41,evogrow_v2_2_stage_capped_pretune_off,7,2,1,5,3,2,1,3,0.4,0.6666666666666666,0.5,False,u1^3,u1*u2|u1^2|u2^2,,,0
624_evogrow_v2_2_stage_capped_pretune_off_41_2_7,paper1_phaseB_v1,41,evogrow_v2_2_stage_capped_pretune_off,7,2,2,5,1,1,0,4,0.2,1.0,0.33333333333333337,False,,u1*u2|u1^2|u2|u2^2,,,0
625_evogrow_v2_2_stage_capped_pretune_off_42_1_42,paper1_phaseB_v1,42,evogrow_v2_2_stage_capped_pretune_off,42,1,1,6,1,1,0,5,0.16666666666666666,1.0,0.2857142857142857,False,,cos(u1)|u1*u2|u1^2|u2|u2^2,,,0
625_evogrow_v2_2_stage_capped_pretune_off_42_1_42,paper1_phaseB_v1,42,evogrow_v2_2_stage_capped_pretune_off,42,1,2,6,1,1,0,5,0.16666666666666666,1.0,0.2857142857142857,False,,u1*u2|u1^2|u1^3|u2|u2^2,,,0
626_evogrow_v2_2_stage_capped_pretune_off_42_1_123,paper1_phaseB_v1,42,evogrow_v2_2_stage_capped_pretune_off,123,1,1,6,1,1,0,5,0.16666666666666666,1.0,0.2857142857142857,False,,sin(u2)|u1*u2|u1^2|u2|u2^2,,,0
626_evogrow_v2_2_stage_capped_pretune_off_42_1_123,paper1_phaseB_v1,42,evogrow_v2_2_stage_capped_pretune_off,123,1,2,6,1,1,0,5,0.16666666666666666,1.0,0.2857142857142857,False,,sin(u2)|u1*u2|u1^2|u2|u2^2,,,0
627_evogrow_v2_2_stage_capped_pretune_off_42_1_7,paper1_phaseB_v1,42,evogrow_v2_2_stage_capped_pretune_off,7,1,1,6,1,1,0,5,0.16666666666666666,1.0,0.2857142857142857,False,,sin(u2)|u1*u2|u1^2|u2|u2^2,,,0
627_evogrow_v2_2_stage_capped_pretune_off_42_1_7,paper1_phaseB_v1,42,evogrow_v2_2_stage_capped_pretune_off,7,1,2,6,1,1,0,5,0.16666666666666666,1.0,0.2857142857142857,False,,cos(u1)|cos(u2)|u1^2|u2|u2^2,,,0
628_evogrow_v2_2_stage_capped_pretune_off_42_2_42,paper1_phaseB_v1,42,evogrow_v2_2_stage_capped_pretune_off,42,2,1,6,1,1,0,5,0.16666666666666666,1.0,0.2857142857142857,False,,u1*u2|u1^2|u2|u2^2|u2^3,,,0
628_evogrow_v2_2_stage_capped_pretune_off_42_2_42,paper1_phaseB_v1,42,evogrow_v2_2_stage_capped_pretune_off,42,2,2,5,1,1,0,4,0.2,1.0,0.33333333333333337,False,,u1*u2|u1^2|u2|u2^2,,,0
629_evogrow_v2_2_stage_capped_pretune_off_42_2_123,paper1_phaseB_v1,42,evogrow_v2_2_stage_capped_pretune_off,123,2,1,6,1,1,0,5,0.16666666666666666,1.0,0.2857142857142857,False,,u1*u2|u1^2|u2|u2^2|u2^3,,,0
629_evogrow_v2_2_stage_capped_pretune_off_42_2_123,paper1_phaseB_v1,42,evogrow_v2_2_stage_capped_pretune_off,123,2,2,6,1,1,0,5,0.16666666666666666,1.0,0.2857142857142857,False,,u1*u2|u1^2|u2|u2^2|u2^3,,,0
630_evogrow_v2_2_stage_capped_pretune_off_42_2_7,paper1_phaseB_v1,42,evogrow_v2_2_stage_capped_pretune_off,7,2,1,6,1,1,0,5,0.16666666666666666,1.0,0.2857142857142857,False,,u1*u2|u1^2|u2|u2^2|u2^3,,,0
630_evogrow_v2_2_stage_capped_pretune_off_42_2_7,paper1_phaseB_v1,42,evogrow_v2_2_stage_capped_pretune_off,7,2,2,6,1,1,0,5,0.16666666666666666,1.0,0.2857142857142857,False,,cos(u2)|u1*u2|u1^2|u2|u2^2,,,0
631_evogrow_v2_2_stage_capped_pretune_off_43_1_42,paper1_phaseB_v1,43,evogrow_v2_2_stage_capped_pretune_off,42,1,1,5,1,1,0,4,0.2,1.0,0.33333333333333337,False,,cos(u1)|u1|u1^2|u2^2,,,0
631_evogrow_v2_2_stage_capped_pretune_off_43_1_42,paper1_phaseB_v1,43,evogrow_v2_2_stage_capped_pretune_off,42,1,2,6,2,1,1,5,0.16666666666666666,0.5,0.25,False,sin(u1),u1|u1*u2|u1^2|u1^3|u2^2,,,0
632_evogrow_v2_2_stage_capped_pretune_off_43_1_123,paper1_phaseB_v1,43,evogrow_v2_2_stage_capped_pretune_off,123,1,1,4,1,1,0,3,0.25,1.0,0.4,False,,cos(u1)|u1|u1^2,,,0
632_evogrow_v2_2_stage_capped_pretune_off_43_1_123,paper1_phaseB_v1,43,evogrow_v2_2_stage_capped_pretune_off,123,1,2,6,2,1,1,5,0.16666666666666666,0.5,0.25,False,sin(u1),u1|u1*u2|u1^2|u1^3|u2^2,,,0
633_evogrow_v2_2_stage_capped_pretune_off_43_1_7,paper1_phaseB_v1,43,evogrow_v2_2_stage_capped_pretune_off,7,1,1,6,1,1,0,5,0.16666666666666666,1.0,0.2857142857142857,False,,cos(u1)|u1|u1*u2|u1^2|u2^2,,,0
633_evogrow_v2_2_stage_capped_pretune_off_43_1_7,paper1_phaseB_v1,43,evogrow_v2_2_stage_capped_pretune_off,7,1,2,6,2,1,1,5,0.16666666666666666,0.5,0.25,False,sin(u1),u1|u1*u2|u1^2|u1^3|u2^2,,,0
634_evogrow_v2_2_stage_capped_pretune_off_43_2_42,paper1_phaseB_v1,43,evogrow_v2_2_stage_capped_pretune_off,42,2,1,1,1,1,0,0,1.0,1.0,1.0,True,,,,,0
634_evogrow_v2_2_stage_capped_pretune_off_43_2_42,paper1_phaseB_v1,43,evogrow_v2_2_stage_capped_pretune_off,42,2,2,5,2,1,1,4,0.2,0.5,0.28571428571428575,False,sin(u1),u1|u1*u2|u1^2|u2^2,,,0
635_evogrow_v2_2_stage_capped_pretune_off_43_2_123,paper1_phaseB_v1,43,evogrow_v2_2_stage_capped_pretune_off,123,2,1,3,1,1,0,2,0.3333333333333333,1.0,0.5,False,,u1|u1*u2,,,0
635_evogrow_v2_2_stage_capped_pretune_off_43_2_123,paper1_phaseB_v1,43,evogrow_v2_2_stage_capped_pretune_off,123,2,2,5,2,1,1,4,0.2,0.5,0.28571428571428575,False,sin(u1),u1|u1*u2|u1^2|u2^2,,,0
636_evogrow_v2_2_stage_capped_pretune_off_43_2_7,paper1_phaseB_v1,43,evogrow_v2_2_stage_capped_pretune_off,7,2,1,3,1,1,0,2,0.3333333333333333,1.0,0.5,False,,u1|u2^2,,,0
636_evogrow_v2_2_stage_capped_pretune_off_43_2_7,paper1_phaseB_v1,43,evogrow_v2_2_stage_capped_pretune_off,7,2,2,5,2,2,0,3,0.4,1.0,0.5714285714285715,False,,u1|u1^2|u2^2,,,0
637_evogrow_v2_2_stage_capped_pretune_off_44_1_42,paper1_phaseB_v1,44,evogrow_v2_2_stage_capped_pretune_off,42,1,1,6,1,1,0,5,0.16666666666666666,1.0,0.2857142857142857,False,,cos(u1)|cos(u2)|sin(u1)|u1|u2^2,,,0
637_evogrow_v2_2_stage_capped_pretune_off_44_1_42,paper1_phaseB_v1,44,evogrow_v2_2_stage_capped_pretune_off,42,1,2,6,1,1,0,5,0.16666666666666666,1.0,0.2857142857142857,False,,u1|u1*u2|u1^2|u2|u2^2,,,0
638_evogrow_v2_2_stage_capped_pretune_off_44_1_123,paper1_phaseB_v1,44,evogrow_v2_2_stage_capped_pretune_off,123,1,1,6,1,1,0,5,0.16666666666666666,1.0,0.2857142857142857,False,,cos(u1)|cos(u2)|sin(u1)|u1|u2^2,,,0
638_evogrow_v2_2_stage_capped_pretune_off_44_1_123,paper1_phaseB_v1,44,evogrow_v2_2_stage_capped_pretune_off,123,1,2,6,1,1,0,5,0.16666666666666666,1.0,0.2857142857142857,False,,u1|u1*u2|u1^2|u2|u2^2,,,0
639_evogrow_v2_2_stage_capped_pretune_off_44_1_7,paper1_phaseB_v1,44,evogrow_v2_2_stage_capped_pretune_off,7,1,1,5,1,1,0,4,0.2,1.0,0.33333333333333337,False,,cos(u1)|sin(u1)|u1|u2^2,,,0
639_evogrow_v2_2_stage_capped_pretune_off_44_1_7,paper1_phaseB_v1,44,evogrow_v2_2_stage_capped_pretune_off,7,1,2,6,1,1,0,5,0.16666666666666666,1.0,0.2857142857142857,False,,u1|u1*u2|u1^2|u2|u2^2,,,0
640_evogrow_v2_2_stage_capped_pretune_off_44_2_42,paper1_phaseB_v1,44,evogrow_v2_2_stage_capped_pretune_off,42,2,1,3,1,1,0,2,0.3333333333333333,1.0,0.5,False,,u1|u2^2,,,0
640_evogrow_v2_2_stage_capped_pretune_off_44_2_42,paper1_phaseB_v1,44,evogrow_v2_2_stage_capped_pretune_off,42,2,2,5,1,1,0,4,0.2,1.0,0.33333333333333337,False,,u1|u1^2|u2|u2^2,,,0
641_evogrow_v2_2_stage_capped_pretune_off_44_2_123,paper1_phaseB_v1,44,evogrow_v2_2_stage_capped_pretune_off,123,2,1,5,1,1,0,4,0.2,1.0,0.33333333333333337,False,,sin(u1)|u1|u1*u2|u2^2,,,0
641_evogrow_v2_2_stage_capped_pretune_off_44_2_123,paper1_phaseB_v1,44,evogrow_v2_2_stage_capped_pretune_off,123,2,2,4,1,0,1,4,0.0,0.0,0.0,False,sin(u1),u1|u1^2|u2|u2^2,,,0
642_evogrow_v2_2_stage_capped_pretune_off_44_2_7,paper1_phaseB_v1,44,evogrow_v2_2_stage_capped_pretune_off,7,2,1,2,1,1,0,1,0.5,1.0,0.6666666666666666,False,,u1,,,0
642_evogrow_v2_2_stage_capped_pretune_off_44_2_7,paper1_phaseB_v1,44,evogrow_v2_2_stage_capped_pretune_off,7,2,2,5,1,1,0,4,0.2,1.0,0.33333333333333337,False,,u1|u1^2|u2|u2^2,,,0
643_evogrow_v2_2_stage_capped_pretune_off_45_1_42,paper1_phaseB_v1,45,evogrow_v2_2_stage_capped_pretune_off,42,1,1,4,1,1,0,3,0.25,1.0,0.4,False,,u1^2|u1^3|u2,,,0
643_evogrow_v2_2_stage_capped_pretune_off_45_1_42,paper1_phaseB_v1,45,evogrow_v2_2_stage_capped_pretune_off,42,1,2,4,1,1,0,3,0.25,1.0,0.4,False,,u1|u1*u2|u2^2,,,0
644_evogrow_v2_2_stage_capped_pretune_off_45_1_123,paper1_phaseB_v1,45,evogrow_v2_2_stage_capped_pretune_off,123,1,1,3,1,1,0,2,0.3333333333333333,1.0,0.5,False,,u2|u2^2,,,0
644_evogrow_v2_2_stage_capped_pretune_off_45_1_123,paper1_phaseB_v1,45,evogrow_v2_2_stage_capped_pretune_off,123,1,2,4,1,1,0,3,0.25,1.0,0.4,False,,u1|u1*u2|u2^2,,,0
645_evogrow_v2_2_stage_capped_pretune_off_45_1_7,paper1_phaseB_v1,45,evogrow_v2_2_stage_capped_pretune_off,7,1,1,4,1,1,0,3,0.25,1.0,0.4,False,,u1^2|u1^3|u2,,,0
645_evogrow_v2_2_stage_capped_pretune_off_45_1_7,paper1_phaseB_v1,45,evogrow_v2_2_stage_capped_pretune_off,7,1,2,4,1,1,0,3,0.25,1.0,0.4,False,,u1|u1*u2|u2^2,,,0
646_evogrow_v2_2_stage_capped_pretune_off_45_2_42,paper1_phaseB_v1,45,evogrow_v2_2_stage_capped_pretune_off,42,2,1,2,1,0,1,2,0.0,0.0,0.0,False,u1,u2|u2^2,,,0
646_evogrow_v2_2_stage_capped_pretune_off_45_2_42,paper1_phaseB_v1,45,evogrow_v2_2_stage_capped_pretune_off,42,2,2,4,1,1,0,3,0.25,1.0,0.4,False,,cos(u2)|u1|u2^2,,,0
647_evogrow_v2_2_stage_capped_pretune_off_45_2_123,paper1_phaseB_v1,45,evogrow_v2_2_stage_capped_pretune_off,123,2,1,2,1,0,1,2,0.0,0.0,0.0,False,u1,u2|u2^2,,,0
647_evogrow_v2_2_stage_capped_pretune_off_45_2_123,paper1_phaseB_v1,45,evogrow_v2_2_stage_capped_pretune_off,123,2,2,4,1,1,0,3,0.25,1.0,0.4,False,,cos(u2)|u1|u2^2,,,0
648_evogrow_v2_2_stage_capped_pretune_off_45_2_7,paper1_phaseB_v1,45,evogrow_v2_2_stage_capped_pretune_off,7,2,1,2,1,0,1,2,0.0,0.0,0.0,False,u1,u2|u2^2,,,0
648_evogrow_v2_2_stage_capped_pretune_off_45_2_7,paper1_phaseB_v1,45,evogrow_v2_2_stage_capped_pretune_off,7,2,2,4,1,1,0,3,0.25,1.0,0.4,False,,cos(u2)|u1|u2^2,,,0
649_evogrow_v2_2_stage_capped_pretune_off_46_1_42,paper1_phaseB_v1,46,evogrow_v2_2_stage_capped_pretune_off,42,1,1,1,1,0,1,1,0.0,0.0,0.0,False,sin(u1),u1,,,0
649_evogrow_v2_2_stage_capped_pretune_off_46_1_42,paper1_phaseB_v1,46,evogrow_v2_2_stage_capped_pretune_off,42,1,2,1,1,0,1,1,0.0,0.0,0.0,False,sin(u2),u2,,,0
650_evogrow_v2_2_stage_capped_pretune_off_46_1_123,paper1_phaseB_v1,46,evogrow_v2_2_stage_capped_pretune_off,123,1,1,1,1,0,1,1,0.0,0.0,0.0,False,sin(u1),u1,,,0
650_evogrow_v2_2_stage_capped_pretune_off_46_1_123,paper1_phaseB_v1,46,evogrow_v2_2_stage_capped_pretune_off,123,1,2,1,1,0,1,1,0.0,0.0,0.0,False,sin(u2),u2,,,0
651_evogrow_v2_2_stage_capped_pretune_off_46_1_7,paper1_phaseB_v1,46,evogrow_v2_2_stage_capped_pretune_off,7,1,1,1,1,0,1,1,0.0,0.0,0.0,False,sin(u1),u1,,,0
651_evogrow_v2_2_stage_capped_pretune_off_46_1_7,paper1_phaseB_v1,46,evogrow_v2_2_stage_capped_pretune_off,7,1,2,1,1,0,1,1,0.0,0.0,0.0,False,sin(u2),u2,,,0
652_evogrow_v2_2_stage_capped_pretune_off_46_2_42,paper1_phaseB_v1,46,evogrow_v2_2_stage_capped_pretune_off,42,2,1,2,1,0,1,2,0.0,0.0,0.0,False,sin(u1),u1|u2,,,0
652_evogrow_v2_2_stage_capped_pretune_off_46_2_42,paper1_phaseB_v1,46,evogrow_v2_2_stage_capped_pretune_off,42,2,2,1,1,0,1,1,0.0,0.0,0.0,False,sin(u2),u2,,,0
653_evogrow_v2_2_stage_capped_pretune_off_46_2_123,paper1_phaseB_v1,46,evogrow_v2_2_stage_capped_pretune_off,123,2,1,2,1,0,1,2,0.0,0.0,0.0,False,sin(u1),u1|u2,,,0
653_evogrow_v2_2_stage_capped_pretune_off_46_2_123,paper1_phaseB_v1,46,evogrow_v2_2_stage_capped_pretune_off,123,2,2,1,1,0,1,1,0.0,0.0,0.0,False,sin(u2),u2,,,0
654_evogrow_v2_2_stage_capped_pretune_off_46_2_7,paper1_phaseB_v1,46,evogrow_v2_2_stage_capped_pretune_off,7,2,1,2,1,0,1,2,0.0,0.0,0.0,False,sin(u1),u1|u2,,,0
654_evogrow_v2_2_stage_capped_pretune_off_46_2_7,paper1_phaseB_v1,46,evogrow_v2_2_stage_capped_pretune_off,7,2,2,1,1,0,1,1,0.0,0.0,0.0,False,sin(u2),u2,,,0
655_evogrow_v2_2_stage_capped_pretune_off_47_1_42,paper1_phaseB_v1,47,evogrow_v2_2_stage_capped_pretune_off,42,1,1,2,1,1,0,1,0.5,1.0,0.6666666666666666,False,,u2,,,0
655_evogrow_v2_2_stage_capped_pretune_off_47_1_42,paper1_phaseB_v1,47,evogrow_v2_2_stage_capped_pretune_off,42,1,2,2,1,1,0,1,0.5,1.0,0.6666666666666666,False,,u1,,,0
656_evogrow_v2_2_stage_capped_pretune_off_47_1_123,paper1_phaseB_v1,47,evogrow_v2_2_stage_capped_pretune_off,123,1,1,2,1,1,0,1,0.5,1.0,0.6666666666666666,False,,u2,,,0
656_evogrow_v2_2_stage_capped_pretune_off_47_1_123,paper1_phaseB_v1,47,evogrow_v2_2_stage_capped_pretune_off,123,1,2,2,1,1,0,1,0.5,1.0,0.6666666666666666,False,,u1,,,0
657_evogrow_v2_2_stage_capped_pretune_off_47_1_7,paper1_phaseB_v1,47,evogrow_v2_2_stage_capped_pretune_off,7,1,1,2,1,1,0,1,0.5,1.0,0.6666666666666666,False,,u2,,,0
657_evogrow_v2_2_stage_capped_pretune_off_47_1_7,paper1_phaseB_v1,47,evogrow_v2_2_stage_capped_pretune_off,7,1,2,2,1,1,0,1,0.5,1.0,0.6666666666666666,False,,u1,,,0
658_evogrow_v2_2_stage_capped_pretune_off_47_2_42,paper1_phaseB_v1,47,evogrow_v2_2_stage_capped_pretune_off,42,2,1,4,1,1,0,3,0.25,1.0,0.4,False,,u1*u2|u2|u2^2,,,0
658_evogrow_v2_2_stage_capped_pretune_off_47_2_42,paper1_phaseB_v1,47,evogrow_v2_2_stage_capped_pretune_off,42,2,2,3,1,0,1,3,0.0,0.0,0.0,False,u2,u1|u1^2|u2^2,,,0
659_evogrow_v2_2_stage_capped_pretune_off_47_2_123,paper1_phaseB_v1,47,evogrow_v2_2_stage_capped_pretune_off,123,2,1,3,1,1,0,2,0.3333333333333333,1.0,0.5,False,,u1^2|u2,,,0
659_evogrow_v2_2_stage_capped_pretune_off_47_2_123,paper1_phaseB_v1,47,evogrow_v2_2_stage_capped_pretune_off,123,2,2,2,1,1,0,1,0.5,1.0,0.6666666666666666,False,,u1,,,0
660_evogrow_v2_2_stage_capped_pretune_off_47_2_7,paper1_phaseB_v1,47,evogrow_v2_2_stage_capped_pretune_off,7,2,1,3,1,1,0,2,0.3333333333333333,1.0,0.5,False,,u2|u2^3,,,0
660_evogrow_v2_2_stage_capped_pretune_off_47_2_7,paper1_phaseB_v1,47,evogrow_v2_2_stage_capped_pretune_off,7,2,2,2,1,1,0,1,0.5,1.0,0.6666666666666666,False,,u1,,,0
661_evogrow_v2_2_stage_capped_pretune_off_48_1_42,paper1_phaseB_v1,48,evogrow_v2_2_stage_capped_pretune_off,42,1,1,5,1,1,0,4,0.2,1.0,0.33333333333333337,False,,u1*u2|u1^2|u2|u2^2,,,0
661_evogrow_v2_2_stage_capped_pretune_off_48_1_42,paper1_phaseB_v1,48,evogrow_v2_2_stage_capped_pretune_off,42,1,2,6,0,0,0,6,0.0,0.0,0.0,False,,cos(u1)|u1|u1*u2|u1^2|u2|u2^2,,,0
662_evogrow_v2_2_stage_capped_pretune_off_48_1_123,paper1_phaseB_v1,48,evogrow_v2_2_stage_capped_pretune_off,123,1,1,5,1,1,0,4,0.2,1.0,0.33333333333333337,False,,u1*u2|u1^2|u2|u2^2,,,0
662_evogrow_v2_2_stage_capped_pretune_off_48_1_123,paper1_phaseB_v1,48,evogrow_v2_2_stage_capped_pretune_off,123,1,2,5,0,0,0,5,0.0,0.0,0.0,False,,u1|u1*u2|u1^2|u2|u2^2,,,0
663_evogrow_v2_2_stage_capped_pretune_off_48_1_7,paper1_phaseB_v1,48,evogrow_v2_2_stage_capped_pretune_off,7,1,1,4,1,1,0,3,0.25,1.0,0.4,False,,u1^2|u2|u2^2,,,0
663_evogrow_v2_2_stage_capped_pretune_off_48_1_7,paper1_phaseB_v1,48,evogrow_v2_2_stage_capped_pretune_off,7,1,2,5,0,0,0,5,0.0,0.0,0.0,False,,u1|u1^2|u2|u2^2|u2^3,,,0
664_evogrow_v2_2_stage_capped_pretune_off_48_2_42,paper1_phaseB_v1,48,evogrow_v2_2_stage_capped_pretune_off,42,2,1,5,1,1,0,4,0.2,1.0,0.33333333333333337,False,,u1*u2|u1^2|u1^3|u2,,,0
664_evogrow_v2_2_stage_capped_pretune_off_48_2_42,paper1_phaseB_v1,48,evogrow_v2_2_stage_capped_pretune_off,42,2,2,4,0,0,0,4,0.0,0.0,0.0,False,,u1|u1*u2|u2|u2^2,,,0
665_evogrow_v2_2_stage_capped_pretune_off_48_2_123,paper1_phaseB_v1,48,evogrow_v2_2_stage_capped_pretune_off,123,2,1,3,1,1,0,2,0.3333333333333333,1.0,0.5,False,,u2|u2^2,,,0
665_evogrow_v2_2_stage_capped_pretune_off_48_2_123,paper1_phaseB_v1,48,evogrow_v2_2_stage_capped_pretune_off,123,2,2,4,0,0,0,4,0.0,0.0,0.0,False,,u1|u1*u2|u2|u2^2,,,0
666_evogrow_v2_2_stage_capped_pretune_off_48_2_7,paper1_phaseB_v1,48,evogrow_v2_2_stage_capped_pretune_off,7,2,1,5,1,1,0,4,0.2,1.0,0.33333333333333337,False,,u1*u2|u1^2|u1^3|u2,,,0
666_evogrow_v2_2_stage_capped_pretune_off_48_2_7,paper1_phaseB_v1,48,evogrow_v2_2_stage_capped_pretune_off,7,2,2,4,0,0,0,4,0.0,0.0,0.0,False,,u1|u1*u2|u2|u2^2,,,0
667_evogrow_v2_2_stage_capped_pretune_off_49_1_42,paper1_phaseB_v1,49,evogrow_v2_2_stage_capped_pretune_off,42,1,1,6,1,1,0,5,0.16666666666666666,1.0,0.2857142857142857,False,,cos(u1)|u1*u2|u1^2|u2|u2^2,,,0
667_evogrow_v2_2_stage_capped_pretune_off_49_1_42,paper1_phaseB_v1,49,evogrow_v2_2_stage_capped_pretune_off,42,1,2,5,1,1,0,4,0.2,1.0,0.33333333333333337,False,,u1*u2|u1^2|u2|u2^2,,,0
668_evogrow_v2_2_stage_capped_pretune_off_49_1_123,paper1_phaseB_v1,49,evogrow_v2_2_stage_capped_pretune_off,123,1,1,6,1,1,0,5,0.16666666666666666,1.0,0.2857142857142857,False,,u1*u2|u1^2|u1^3|u2|u2^2,,,0
668_evogrow_v2_2_stage_capped_pretune_off_49_1_123,paper1_phaseB_v1,49,evogrow_v2_2_stage_capped_pretune_off,123,1,2,4,1,1,0,3,0.25,1.0,0.4,False,,u1*u2|u1^2|u2,,,0
669_evogrow_v2_2_stage_capped_pretune_off_49_1_7,paper1_phaseB_v1,49,evogrow_v2_2_stage_capped_pretune_off,7,1,1,6,1,1,0,5,0.16666666666666666,1.0,0.2857142857142857,False,,cos(u2)|u1*u2|u1^2|u2|u2^2,,,0
669_evogrow_v2_2_stage_capped_pretune_off_49_1_7,paper1_phaseB_v1,49,evogrow_v2_2_stage_capped_pretune_off,7,1,2,5,1,1,0,4,0.2,1.0,0.33333333333333337,False,,u1*u2|u1^2|u2|u2^2,,,0
670_evogrow_v2_2_stage_capped_pretune_off_49_2_42,paper1_phaseB_v1,49,evogrow_v2_2_stage_capped_pretune_off,42,2,1,4,1,1,0,3,0.25,1.0,0.4,False,,u1*u2|u1^2|u2,,,0
670_evogrow_v2_2_stage_capped_pretune_off_49_2_42,paper1_phaseB_v1,49,evogrow_v2_2_stage_capped_pretune_off,42,2,2,5,1,1,0,4,0.2,1.0,0.33333333333333337,False,,u1*u2|u1^2|u2|u2^2,,,0
671_evogrow_v2_2_stage_capped_pretune_off_49_2_123,paper1_phaseB_v1,49,evogrow_v2_2_stage_capped_pretune_off,123,2,1,4,1,1,0,3,0.25,1.0,0.4,False,,u1*u2|u2|u2^2,,,0
671_evogrow_v2_2_stage_capped_pretune_off_49_2_123,paper1_phaseB_v1,49,evogrow_v2_2_stage_capped_pretune_off,123,2,2,4,1,1,0,3,0.25,1.0,0.4,False,,u1*u2|u2|u2^2,,,0
672_evogrow_v2_2_stage_capped_pretune_off_49_2_7,paper1_phaseB_v1,49,evogrow_v2_2_stage_capped_pretune_off,7,2,1,4,1,1,0,3,0.25,1.0,0.4,False,,u1*u2|u2|u2^2,,,0
672_evogrow_v2_2_stage_capped_pretune_off_49_2_7,paper1_phaseB_v1,49,evogrow_v2_2_stage_capped_pretune_off,7,2,2,4,1,1,0,3,0.25,1.0,0.4,False,,u1*u2|u2|u2^2,,,0
673_evogrow_v2_2_stage_capped_pretune_off_50_1_42,paper1_phaseB_v1,50,evogrow_v2_2_stage_capped_pretune_off,42,1,1,5,1,1,0,4,0.2,1.0,0.33333333333333337,False,,u1*u2|u1^2|u2|u2^2,,,0
673_evogrow_v2_2_stage_capped_pretune_off_50_1_42,paper1_phaseB_v1,50,evogrow_v2_2_stage_capped_pretune_off,42,1,2,5,0,0,0,5,0.0,0.0,0.0,False,,u1|u1*u2|u1^2|u2|u2^2,,,0
674_evogrow_v2_2_stage_capped_pretune_off_50_1_123,paper1_phaseB_v1,50,evogrow_v2_2_stage_capped_pretune_off,123,1,1,6,1,1,0,5,0.16666666666666666,1.0,0.2857142857142857,False,,u1*u2|u1^2|u1^3|u2|u2^2,,,0
674_evogrow_v2_2_stage_capped_pretune_off_50_1_123,paper1_phaseB_v1,50,evogrow_v2_2_stage_capped_pretune_off,123,1,2,6,0,0,0,6,0.0,0.0,0.0,False,,u1|u1*u2|u1^2|u1^3|u2|u2^2,,,0
675_evogrow_v2_2_stage_capped_pretune_off_50_1_7,paper1_phaseB_v1,50,evogrow_v2_2_stage_capped_pretune_off,7,1,1,6,1,1,0,5,0.16666666666666666,1.0,0.2857142857142857,False,,u1*u2|u1^2|u1^3|u2|u2^2,,,0
675_evogrow_v2_2_stage_capped_pretune_off_50_1_7,paper1_phaseB_v1,50,evogrow_v2_2_stage_capped_pretune_off,7,1,2,5,0,0,0,5,0.0,0.0,0.0,False,,u1|u1*u2|u1^2|u2|u2^2,,,0
676_evogrow_v2_2_stage_capped_pretune_off_50_2_42,paper1_phaseB_v1,50,evogrow_v2_2_stage_capped_pretune_off,42,2,1,2,1,1,0,1,0.5,1.0,0.6666666666666666,False,,u2,,,0
676_evogrow_v2_2_stage_capped_pretune_off_50_2_42,paper1_phaseB_v1,50,evogrow_v2_2_stage_capped_pretune_off,42,2,2,3,0,0,0,3,0.0,0.0,0.0,False,,u1|u1^2|u2,,,0
677_evogrow_v2_2_stage_capped_pretune_off_50_2_123,paper1_phaseB_v1,50,evogrow_v2_2_stage_capped_pretune_off,123,2,1,2,1,1,0,1,0.5,1.0,0.6666666666666666,False,,u2,,,0
677_evogrow_v2_2_stage_capped_pretune_off_50_2_123,paper1_phaseB_v1,50,evogrow_v2_2_stage_capped_pretune_off,123,2,2,3,0,0,0,3,0.0,0.0,0.0,False,,u1|u1^2|u2,,,0
678_evogrow_v2_2_stage_capped_pretune_off_50_2_7,paper1_phaseB_v1,50,evogrow_v2_2_stage_capped_pretune_off,7,2,1,2,1,1,0,1,0.5,1.0,0.6666666666666666,False,,u2,,,0
678_evogrow_v2_2_stage_capped_pretune_off_50_2_7,paper1_phaseB_v1,50,evogrow_v2_2_stage_capped_pretune_off,7,2,2,3,0,0,0,3,0.0,0.0,0.0,False,,u1|u1^2|u2,,,0
679_evogrow_v2_2_stage_capped_pretune_off_51_1_42,paper1_phaseB_v1,51,evogrow_v2_2_stage_capped_pretune_off,42,1,1,3,0,0,0,3,0.0,0.0,0.0,False,,u1|u2|u2^2,,,0
679_evogrow_v2_2_stage_capped_pretune_off_51_1_42,paper1_phaseB_v1,51,evogrow_v2_2_stage_capped_pretune_off,42,1,2,6,0,0,0,6,0.0,0.0,0.0,False,,cos(u1)|u1|u1*u2|u1^2|u2|u2^2,,,0
680_evogrow_v2_2_stage_capped_pretune_off_51_1_123,paper1_phaseB_v1,51,evogrow_v2_2_stage_capped_pretune_off,123,1,1,3,0,0,0,3,0.0,0.0,0.0,False,,u1|u2|u2^2,,,0
680_evogrow_v2_2_stage_capped_pretune_off_51_1_123,paper1_phaseB_v1,51,evogrow_v2_2_stage_capped_pretune_off,123,1,2,6,0,0,0,6,0.0,0.0,0.0,False,,u1|u1*u2|u1^2|u1^3|u2|u2^2,,,0
681_evogrow_v2_2_stage_capped_pretune_off_51_1_7,paper1_phaseB_v1,51,evogrow_v2_2_stage_capped_pretune_off,7,1,1,3,0,0,0,3,0.0,0.0,0.0,False,,u1|u2|u2^2,,,0
681_evogrow_v2_2_stage_capped_pretune_off_51_1_7,paper1_phaseB_v1,51,evogrow_v2_2_stage_capped_pretune_off,7,1,2,6,0,0,0,6,0.0,0.0,0.0,False,,u1|u1*u2|u1^2|u1^3|u2|u2^2,,,0
682_evogrow_v2_2_stage_capped_pretune_off_51_2_42,paper1_phaseB_v1,51,evogrow_v2_2_stage_capped_pretune_off,42,2,1,4,0,0,0,4,0.0,0.0,0.0,False,,sin(u1)|sin(u2)|u1|u2,,,0
682_evogrow_v2_2_stage_capped_pretune_off_51_2_42,paper1_phaseB_v1,51,evogrow_v2_2_stage_capped_pretune_off,42,2,2,2,0,0,0,2,0.0,0.0,0.0,False,,u1|u2,,,0
683_evogrow_v2_2_stage_capped_pretune_off_51_2_123,paper1_phaseB_v1,51,evogrow_v2_2_stage_capped_pretune_off,123,2,1,6,0,0,0,6,0.0,0.0,0.0,False,,cos(u1)|cos(u2)|sin(u1)|sin(u2)|u1|u2,,,0
683_evogrow_v2_2_stage_capped_pretune_off_51_2_123,paper1_phaseB_v1,51,evogrow_v2_2_stage_capped_pretune_off,123,2,2,2,0,0,0,2,0.0,0.0,0.0,False,,u1|u2,,,0
684_evogrow_v2_2_stage_capped_pretune_off_51_2_7,paper1_phaseB_v1,51,evogrow_v2_2_stage_capped_pretune_off,7,2,1,3,0,0,0,3,0.0,0.0,0.0,False,,sin(u1)|u1|u2,,,0
684_evogrow_v2_2_stage_capped_pretune_off_51_2_7,paper1_phaseB_v1,51,evogrow_v2_2_stage_capped_pretune_off,7,2,2,2,0,0,0,2,0.0,0.0,0.0,False,,u1|u2,,,0
685_evogrow_v2_2_stage_capped_pretune_off_52_1_42,paper1_phaseB_v1,52,evogrow_v2_2_stage_capped_pretune_off,42,1,1,1,2,1,1,0,1.0,0.5,0.6666666666666666,False,u1,,,,0
685_evogrow_v2_2_stage_capped_pretune_off_52_1_42,paper1_phaseB_v1,52,evogrow_v2_2_stage_capped_pretune_off,42,1,2,3,2,1,1,2,0.3333333333333333,0.5,0.4,False,u1*u3,sin(u3)|u1,,,0
685_evogrow_v2_2_stage_capped_pretune_off_52_1_42,paper1_phaseB_v1,52,evogrow_v2_2_stage_capped_pretune_off,42,1,3,2,2,0,2,2,0.0,0.0,0.0,False,u1*u2|u3,u1|u2,,,0
686_evogrow_v2_2_stage_capped_pretune_off_52_1_123,paper1_phaseB_v1,52,evogrow_v2_2_stage_capped_pretune_off,123,1,1,1,2,1,1,0,1.0,0.5,0.6666666666666666,False,u2,,,,0
686_evogrow_v2_2_stage_capped_pretune_off_52_1_123,paper1_phaseB_v1,52,evogrow_v2_2_stage_capped_pretune_off,123,1,2,2,2,1,1,1,0.5,0.5,0.5,False,u1*u3,u3,,,0
686_evogrow_v2_2_stage_capped_pretune_off_52_1_123,paper1_phaseB_v1,52,evogrow_v2_2_stage_capped_pretune_off,123,1,3,3,2,0,2,3,0.0,0.0,0.0,False,u1*u2|u3,u1|u2|u2^2,,,0
687_evogrow_v2_2_stage_capped_pretune_off_52_1_7,paper1_phaseB_v1,52,evogrow_v2_2_stage_capped_pretune_off,7,1,1,1,2,0,2,1,0.0,0.0,0.0,False,u1|u2,u3,,,0
687_evogrow_v2_2_stage_capped_pretune_off_52_1_7,paper1_phaseB_v1,52,evogrow_v2_2_stage_capped_pretune_off,7,1,2,2,2,1,1,1,0.5,0.5,0.5,False,u1*u3,u3,,,0
687_evogrow_v2_2_stage_capped_pretune_off_52_1_7,paper1_phaseB_v1,52,evogrow_v2_2_stage_capped_pretune_off,7,1,3,3,2,0,2,3,0.0,0.0,0.0,False,u1*u2|u3,sin(u2)|u1|u2,,,0
688_evogrow_v2_2_stage_capped_pretune_off_52_2_42,paper1_phaseB_v1,52,evogrow_v2_2_stage_capped_pretune_off,42,2,1,1,2,1,1,0,1.0,0.5,0.6666666666666666,False,u1,,,,0
688_evogrow_v2_2_stage_capped_pretune_off_52_2_42,paper1_phaseB_v1,52,evogrow_v2_2_stage_capped_pretune_off,42,2,2,2,2,1,1,1,0.5,0.5,0.5,False,u1*u3,u1^2,,,0
688_evogrow_v2_2_stage_capped_pretune_off_52_2_42,paper1_phaseB_v1,52,evogrow_v2_2_stage_capped_pretune_off,42,2,3,2,2,0,2,2,0.0,0.0,0.0,False,u1*u2|u3,u1|u2,,,0
689_evogrow_v2_2_stage_capped_pretune_off_52_2_123,paper1_phaseB_v1,52,evogrow_v2_2_stage_capped_pretune_off,123,2,1,1,2,1,1,0,1.0,0.5,0.6666666666666666,False,u2,,,,0
689_evogrow_v2_2_stage_capped_pretune_off_52_2_123,paper1_phaseB_v1,52,evogrow_v2_2_stage_capped_pretune_off,123,2,2,2,2,1,1,1,0.5,0.5,0.5,False,u1*u3,u3,,,0
689_evogrow_v2_2_stage_capped_pretune_off_52_2_123,paper1_phaseB_v1,52,evogrow_v2_2_stage_capped_pretune_off,123,2,3,2,2,0,2,2,0.0,0.0,0.0,False,u1*u2|u3,u1|u2,,,0
690_evogrow_v2_2_stage_capped_pretune_off_52_2_7,paper1_phaseB_v1,52,evogrow_v2_2_stage_capped_pretune_off,7,2,1,1,2,0,2,1,0.0,0.0,0.0,False,u1|u2,u3,,,0
690_evogrow_v2_2_stage_capped_pretune_off_52_2_7,paper1_phaseB_v1,52,evogrow_v2_2_stage_capped_pretune_off,7,2,2,2,2,1,1,1,0.5,0.5,0.5,False,u1*u3,u3^2,,,0
690_evogrow_v2_2_stage_capped_pretune_off_52_2_7,paper1_phaseB_v1,52,evogrow_v2_2_stage_capped_pretune_off,7,2,3,2,2,1,1,1,0.5,0.5,0.5,False,u1*u2,u1,,,0
691_evogrow_v2_2_stage_capped_pretune_off_53_1_42,paper1_phaseB_v1,53,evogrow_v2_2_stage_capped_pretune_off,42,1,1,3,1,1,0,2,0.3333333333333333,1.0,0.5,False,,u2|u3,,,0
691_evogrow_v2_2_stage_capped_pretune_off_53_1_42,paper1_phaseB_v1,53,evogrow_v2_2_stage_capped_pretune_off,42,1,2,2,2,1,1,1,0.5,0.5,0.5,False,u2*u3,u1,,,0
691_evogrow_v2_2_stage_capped_pretune_off_53_1_42,paper1_phaseB_v1,53,evogrow_v2_2_stage_capped_pretune_off,42,1,3,1,2,0,2,1,0.0,0.0,0.0,False,u2*u3|u3,u1,,,0
692_evogrow_v2_2_stage_capped_pretune_off_53_1_123,paper1_phaseB_v1,53,evogrow_v2_2_stage_capped_pretune_off,123,1,1,3,1,1,0,2,0.3333333333333333,1.0,0.5,False,,u2|u3,,,0
692_evogrow_v2_2_stage_capped_pretune_off_53_1_123,paper1_phaseB_v1,53,evogrow_v2_2_stage_capped_pretune_off,123,1,2,2,2,1,1,1,0.5,0.5,0.5,False,u2*u3,u1,,,0
692_evogrow_v2_2_stage_capped_pretune_off_53_1_123,paper1_phaseB_v1,53,evogrow_v2_2_stage_capped_pretune_off,123,1,3,2,2,0,2,2,0.0,0.0,0.0,False,u2*u3|u3,u1|u2,,,0
693_evogrow_v2_2_stage_capped_pretune_off_53_1_7,paper1_phaseB_v1,53,evogrow_v2_2_stage_capped_pretune_off,7,1,1,4,1,1,0,3,0.25,1.0,0.4,False,,u2|u2^3|u3,,,0
693_evogrow_v2_2_stage_capped_pretune_off_53_1_7,paper1_phaseB_v1,53,evogrow_v2_2_stage_capped_pretune_off,7,1,2,1,2,0,2,1,0.0,0.0,0.0,False,u2*u3|u3,u1,,,0
693_evogrow_v2_2_stage_capped_pretune_off_53_1_7,paper1_phaseB_v1,53,evogrow_v2_2_stage_capped_pretune_off,7,1,3,1,2,0,2,1,0.0,0.0,0.0,False,u2*u3|u3,u1,,,0
694_evogrow_v2_2_stage_capped_pretune_off_53_2_42,paper1_phaseB_v1,53,evogrow_v2_2_stage_capped_pretune_off,42,2,1,2,1,0,1,2,0.0,0.0,0.0,False,u1,u2|u3,,,0
694_evogrow_v2_2_stage_capped_pretune_off_53_2_42,paper1_phaseB_v1,53,evogrow_v2_2_stage_capped_pretune_off,42,2,2,1,2,0,2,1,0.0,0.0,0.0,False,u2*u3|u3,u2,,,0
694_evogrow_v2_2_stage_capped_pretune_off_53_2_42,paper1_phaseB_v1,53,evogrow_v2_2_stage_capped_pretune_off,42,2,3,1,2,0,2,1,0.0,0.0,0.0,False,u2*u3|u3,u2,,,0
695_evogrow_v2_2_stage_capped_pretune_off_53_2_123,paper1_phaseB_v1,53,evogrow_v2_2_stage_capped_pretune_off,123,2,1,2,1,1,0,1,0.5,1.0,0.6666666666666666,False,,u3,,,0
695_evogrow_v2_2_stage_capped_pretune_off_53_2_123,paper1_phaseB_v1,53,evogrow_v2_2_stage_capped_pretune_off,123,2,2,1,2,0,2,1,0.0,0.0,0.0,False,u2*u3|u3,u2,,,0
695_evogrow_v2_2_stage_capped_pretune_off_53_2_123,paper1_phaseB_v1,53,evogrow_v2_2_stage_capped_pretune_off,123,2,3,1,2,0,2,1,0.0,0.0,0.0,False,u2*u3|u3,u2,,,0
696_evogrow_v2_2_stage_capped_pretune_off_53_2_7,paper1_phaseB_v1,53,evogrow_v2_2_stage_capped_pretune_off,7,2,1,1,1,0,1,1,0.0,0.0,0.0,False,u1,u3,,,0
696_evogrow_v2_2_stage_capped_pretune_off_53_2_7,paper1_phaseB_v1,53,evogrow_v2_2_stage_capped_pretune_off,7,2,2,1,2,0,2,1,0.0,0.0,0.0,False,u2*u3|u3,u2,,,0
696_evogrow_v2_2_stage_capped_pretune_off_53_2_7,paper1_phaseB_v1,53,evogrow_v2_2_stage_capped_pretune_off,7,2,3,2,2,1,1,1,0.5,0.5,0.5,False,u2*u3,u2,,,0
697_evogrow_v2_2_stage_capped_pretune_off_54_1_42,paper1_phaseB_v1,54,evogrow_v2_2_stage_capped_pretune_off,42,1,1,4,2,2,0,2,0.5,1.0,0.6666666666666666,False,,u1^3|u3,,,0
697_evogrow_v2_2_stage_capped_pretune_off_54_1_42,paper1_phaseB_v1,54,evogrow_v2_2_stage_capped_pretune_off,42,1,2,6,3,2,1,4,0.3333333333333333,0.6666666666666666,0.4444444444444444,False,u1*u3,u1*u2|u2^2|u3|u3^2,,,0
697_evogrow_v2_2_stage_capped_pretune_off_54_1_42,paper1_phaseB_v1,54,evogrow_v2_2_stage_capped_pretune_off,42,1,3,3,2,1,1,2,0.3333333333333333,0.5,0.4,False,u1*u2,u1|u2,,,0
698_evogrow_v2_2_stage_capped_pretune_off_54_1_123,paper1_phaseB_v1,54,evogrow_v2_2_stage_capped_pretune_off,123,1,1,3,2,2,0,1,0.6666666666666666,1.0,0.8,False,,u3,,,0
698_evogrow_v2_2_stage_capped_pretune_off_54_1_123,paper1_phaseB_v1,54,evogrow_v2_2_stage_capped_pretune_off,123,1,2,5,3,3,0,2,0.6,1.0,0.7499999999999999,False,,u3|u3^2,,,0
698_evogrow_v2_2_stage_capped_pretune_off_54_1_123,paper1_phaseB_v1,54,evogrow_v2_2_stage_capped_pretune_off,123,1,3,4,2,1,1,3,0.25,0.5,0.3333333333333333,False,u1*u2,u1|u1*u3|u2,,,0
699_evogrow_v2_2_stage_capped_pretune_off_54_1_7,paper1_phaseB_v1,54,evogrow_v2_2_stage_capped_pretune_off,7,1,1,3,2,2,0,1,0.6666666666666666,1.0,0.8,False,,u3,,,0
699_evogrow_v2_2_stage_capped_pretune_off_54_1_7,paper1_phaseB_v1,54,evogrow_v2_2_stage_capped_pretune_off,7,1,2,4,3,2,1,2,0.5,0.6666666666666666,0.5714285714285715,False,u1*u3,u3|u3^2,,,0
699_evogrow_v2_2_stage_capped_pretune_off_54_1_7,paper1_phaseB_v1,54,evogrow_v2_2_stage_capped_pretune_off,7,1,3,4,2,2,0,2,0.5,1.0,0.6666666666666666,False,,u1|u2,,,0
700_evogrow_v2_2_stage_capped_pretune_off_54_2_42,paper1_phaseB_v1,54,evogrow_v2_2_stage_capped_pretune_off,42,2,1,4,2,1,1,3,0.25,0.5,0.3333333333333333,False,u1,u1^2|u2^2|u3,,,0
700_evogrow_v2_2_stage_capped_pretune_off_54_2_42,paper1_phaseB_v1,54,evogrow_v2_2_stage_capped_pretune_off,42,2,2,4,3,2,1,2,0.5,0.6666666666666666,0.5714285714285715,False,u1*u3,u2*u3|u3,,,0
700_evogrow_v2_2_stage_capped_pretune_off_54_2_42,paper1_phaseB_v1,54,evogrow_v2_2_stage_capped_pretune_off,42,2,3,4,2,0,2,4,0.0,0.0,0.0,False,u1*u2|u3,u1|u1*u3|u1^2|u2,,,0
701_evogrow_v2_2_stage_capped_pretune_off_54_2_123,paper1_phaseB_v1,54,evogrow_v2_2_stage_capped_pretune_off,123,2,1,3,2,2,0,1,0.6666666666666666,1.0,0.8,False,,u3,,,0
701_evogrow_v2_2_stage_capped_pretune_off_54_2_123,paper1_phaseB_v1,54,evogrow_v2_2_stage_capped_pretune_off,123,2,2,4,3,2,1,2,0.5,0.6666666666666666,0.5714285714285715,False,u1*u3,u2*u3|u3,,,0
701_evogrow_v2_2_stage_capped_pretune_off_54_2_123,paper1_phaseB_v1,54,evogrow_v2_2_stage_capped_pretune_off,123,2,3,5,2,0,2,5,0.0,0.0,0.0,False,u1*u2|u3,u1|u2|u2*u3|u2^2|u3^2,,,0
702_evogrow_v2_2_stage_capped_pretune_off_54_2_7,paper1_phaseB_v1,54,evogrow_v2_2_stage_capped_pretune_off,7,2,1,4,2,2,0,2,0.5,1.0,0.6666666666666666,False,,u1^2|u3,,,0
702_evogrow_v2_2_stage_capped_pretune_off_54_2_7,paper1_phaseB_v1,54,evogrow_v2_2_stage_capped_pretune_off,7,2,2,4,3,1,2,3,0.25,0.3333333333333333,0.28571428571428575,False,u1*u3|u2,u1*u2|u2*u3|u3,,,0
702_evogrow_v2_2_stage_capped_pretune_off_54_2_7,paper1_phaseB_v1,54,evogrow_v2_2_stage_capped_pretune_off,7,2,3,5,2,2,0,3,0.4,1.0,0.5714285714285715,False,,u1|u1*u3|u2,,,0
703_evogrow_v2_2_stage_capped_pretune_off_55_1_42,paper1_phaseB_v1,55,evogrow_v2_2_stage_capped_pretune_off,42,1,1,4,2,2,0,2,0.5,1.0,0.6666666666666666,False,,u2*u3|u3,,,0
703_evogrow_v2_2_stage_capped_pretune_off_55_1_42,paper1_phaseB_v1,55,evogrow_v2_2_stage_capped_pretune_off,42,1,2,4,3,3,0,1,0.75,1.0,0.8571428571428571,False,,u3,,,0
703_evogrow_v2_2_stage_capped_pretune_off_55_1_42,paper1_phaseB_v1,55,evogrow_v2_2_stage_capped_pretune_off,42,1,3,6,2,1,1,5,0.16666666666666666,0.5,0.25,False,u1*u2,u1|u1^2|u2|u2*u3|u2^2,,,0
704_evogrow_v2_2_stage_capped_pretune_off_55_1_123,paper1_phaseB_v1,55,evogrow_v2_2_stage_capped_pretune_off,123,1,1,4,2,2,0,2,0.5,1.0,0.6666666666666666,False,,u1*u2|u3,,,0
704_evogrow_v2_2_stage_capped_pretune_off_55_1_123,paper1_phaseB_v1,55,evogrow_v2_2_stage_capped_pretune_off,123,1,2,6,3,3,0,3,0.5,1.0,0.6666666666666666,False,,u1*u2|u2*u3|u3,,,0
704_evogrow_v2_2_stage_capped_pretune_off_55_1_123,paper1_phaseB_v1,55,evogrow_v2_2_stage_capped_pretune_off,123,1,3,5,2,0,2,5,0.0,0.0,0.0,False,u1*u2|u3,u1|u1*u3|u2|u2*u3|u2^2,,,0
705_evogrow_v2_2_stage_capped_pretune_off_55_1_7,paper1_phaseB_v1,55,evogrow_v2_2_stage_capped_pretune_off,7,1,1,4,2,2,0,2,0.5,1.0,0.6666666666666666,False,,u2*u3|u3,,,0
705_evogrow_v2_2_stage_capped_pretune_off_55_1_7,paper1_phaseB_v1,55,evogrow_v2_2_stage_capped_pretune_off,7,1,2,2,3,2,1,0,1.0,0.6666666666666666,0.8,False,u1*u3,,,,0
705_evogrow_v2_2_stage_capped_pretune_off_55_1_7,paper1_phaseB_v1,55,evogrow_v2_2_stage_capped_pretune_off,7,1,3,6,2,1,1,5,0.16666666666666666,0.5,0.25,False,u1*u2,u1|u1^2|u2|u2^2|u3^2,,,0
706_evogrow_v2_2_stage_capped_pretune_off_55_2_42,paper1_phaseB_v1,55,evogrow_v2_2_stage_capped_pretune_off,42,2,1,3,2,2,0,1,0.6666666666666666,1.0,0.8,False,,u3,,,0
706_evogrow_v2_2_stage_capped_pretune_off_55_2_42,paper1_phaseB_v1,55,evogrow_v2_2_stage_capped_pretune_off,42,2,2,5,3,3,0,2,0.6,1.0,0.7499999999999999,False,,u2*u3|u3,,,0
706_evogrow_v2_2_stage_capped_pretune_off_55_2_42,paper1_phaseB_v1,55,evogrow_v2_2_stage_capped_pretune_off,42,2,3,6,2,1,1,5,0.16666666666666666,0.5,0.25,False,u1*u2,u1|u2|u2*u3|u2^2|u3^2,,,0
707_evogrow_v2_2_stage_capped_pretune_off_55_2_123,paper1_phaseB_v1,55,evogrow_v2_2_stage_capped_pretune_off,123,2,1,4,2,2,0,2,0.5,1.0,0.6666666666666666,False,,u1*u2|u3,,,0
707_evogrow_v2_2_stage_capped_pretune_off_55_2_123,paper1_phaseB_v1,55,evogrow_v2_2_stage_capped_pretune_off,123,2,2,3,3,2,1,1,0.6666666666666666,0.6666666666666666,0.6666666666666666,False,u1*u3,u3,,,0
707_evogrow_v2_2_stage_capped_pretune_off_55_2_123,paper1_phaseB_v1,55,evogrow_v2_2_stage_capped_pretune_off,123,2,3,6,2,1,1,5,0.16666666666666666,0.5,0.25,False,u1*u2,u1|u1^2|u2|u2^2|u3^2,,,0
708_evogrow_v2_2_stage_capped_pretune_off_55_2_7,paper1_phaseB_v1,55,evogrow_v2_2_stage_capped_pretune_off,7,2,1,4,2,2,0,2,0.5,1.0,0.6666666666666666,False,,u3|u3^2,,,0
708_evogrow_v2_2_stage_capped_pretune_off_55_2_7,paper1_phaseB_v1,55,evogrow_v2_2_stage_capped_pretune_off,7,2,2,2,3,1,2,1,0.5,0.3333333333333333,0.4,False,u1*u3|u2,u3,,,0
708_evogrow_v2_2_stage_capped_pretune_off_55_2_7,paper1_phaseB_v1,55,evogrow_v2_2_stage_capped_pretune_off,7,2,3,3,2,1,1,2,0.3333333333333333,0.5,0.4,False,u1*u2,u1|u2,,,0
709_evogrow_v2_2_stage_capped_pretune_off_56_1_42,paper1_phaseB_v1,56,evogrow_v2_2_stage_capped_pretune_off,42,1,1,3,2,2,0,1,0.6666666666666666,1.0,0.8,False,,u3,,,0
709_evogrow_v2_2_stage_capped_pretune_off_56_1_42,paper1_phaseB_v1,56,evogrow_v2_2_stage_capped_pretune_off,42,1,2,3,3,2,1,1,0.6666666666666666,0.6666666666666666,0.6666666666666666,False,u1*u3,u3,,,0
709_evogrow_v2_2_stage_capped_pretune_off_56_1_42,paper1_phaseB_v1,56,evogrow_v2_2_stage_capped_pretune_off,42,1,3,5,2,2,0,3,0.4,1.0,0.5714285714285715,False,,u1|u2|u3^2,,,0
710_evogrow_v2_2_stage_capped_pretune_off_56_1_123,paper1_phaseB_v1,56,evogrow_v2_2_stage_capped_pretune_off,123,1,1,3,2,2,0,1,0.6666666666666666,1.0,0.8,False,,u3,,,0
710_evogrow_v2_2_stage_capped_pretune_off_56_1_123,paper1_phaseB_v1,56,evogrow_v2_2_stage_capped_pretune_off,123,1,2,3,3,2,1,1,0.6666666666666666,0.6666666666666666,0.6666666666666666,False,u1*u3,u3,,,0
710_evogrow_v2_2_stage_capped_pretune_off_56_1_123,paper1_phaseB_v1,56,evogrow_v2_2_stage_capped_pretune_off,123,1,3,5,2,2,0,3,0.4,1.0,0.5714285714285715,False,,u1|u1^2|u2,,,0
711_evogrow_v2_2_stage_capped_pretune_off_56_1_7,paper1_phaseB_v1,56,evogrow_v2_2_stage_capped_pretune_off,7,1,1,4,2,2,0,2,0.5,1.0,0.6666666666666666,False,,u1*u3|u3,,,0
711_evogrow_v2_2_stage_capped_pretune_off_56_1_7,paper1_phaseB_v1,56,evogrow_v2_2_stage_capped_pretune_off,7,1,2,3,3,2,1,1,0.6666666666666666,0.6666666666666666,0.6666666666666666,False,u1*u3,u3,,,0
711_evogrow_v2_2_stage_capped_pretune_off_56_1_7,paper1_phaseB_v1,56,evogrow_v2_2_stage_capped_pretune_off,7,1,3,6,2,1,1,5,0.16666666666666666,0.5,0.25,False,u1*u2,u1|u1^2|u2|u2^2|u3^2,,,0
712_evogrow_v2_2_stage_capped_pretune_off_56_2_42,paper1_phaseB_v1,56,evogrow_v2_2_stage_capped_pretune_off,42,2,1,3,2,2,0,1,0.6666666666666666,1.0,0.8,False,,u1*u3,,,0
712_evogrow_v2_2_stage_capped_pretune_off_56_2_42,paper1_phaseB_v1,56,evogrow_v2_2_stage_capped_pretune_off,42,2,2,3,3,2,1,1,0.6666666666666666,0.6666666666666666,0.6666666666666666,False,u1*u3,u2^2,,,0
712_evogrow_v2_2_stage_capped_pretune_off_56_2_42,paper1_phaseB_v1,56,evogrow_v2_2_stage_capped_pretune_off,42,2,3,4,2,1,1,3,0.25,0.5,0.3333333333333333,False,u1*u2,u1|u2|u2^2,,,0
713_evogrow_v2_2_stage_capped_pretune_off_56_2_123,paper1_phaseB_v1,56,evogrow_v2_2_stage_capped_pretune_off,123,2,1,5,2,2,0,3,0.4,1.0,0.5714285714285715,False,,u3|u3^2|u3^3,,,0
713_evogrow_v2_2_stage_capped_pretune_off_56_2_123,paper1_phaseB_v1,56,evogrow_v2_2_stage_capped_pretune_off,123,2,2,4,3,3,0,1,0.75,1.0,0.8571428571428571,False,,u3,,,0
713_evogrow_v2_2_stage_capped_pretune_off_56_2_123,paper1_phaseB_v1,56,evogrow_v2_2_stage_capped_pretune_off,123,2,3,3,2,0,2,3,0.0,0.0,0.0,False,u1*u2|u3,u1|u2|u2*u3,,,0
714_evogrow_v2_2_stage_capped_pretune_off_56_2_7,paper1_phaseB_v1,56,evogrow_v2_2_stage_capped_pretune_off,7,2,1,4,2,2,0,2,0.5,1.0,0.6666666666666666,False,,u2*u3|u3,,,0
714_evogrow_v2_2_stage_capped_pretune_off_56_2_7,paper1_phaseB_v1,56,evogrow_v2_2_stage_capped_pretune_off,7,2,2,4,3,3,0,1,0.75,1.0,0.8571428571428571,False,,u3,,,0
714_evogrow_v2_2_stage_capped_pretune_off_56_2_7,paper1_phaseB_v1,56,evogrow_v2_2_stage_capped_pretune_off,7,2,3,3,2,1,1,2,0.3333333333333333,0.5,0.4,False,u1*u2,u1|u2,,,0
715_evogrow_v2_2_stage_capped_pretune_off_57_1_42,paper1_phaseB_v1,57,evogrow_v2_2_stage_capped_pretune_off,42,1,1,2,2,2,0,0,1.0,1.0,1.0,True,,,,,0
715_evogrow_v2_2_stage_capped_pretune_off_57_1_42,paper1_phaseB_v1,57,evogrow_v2_2_stage_capped_pretune_off,42,1,2,3,2,2,0,1,0.6666666666666666,1.0,0.8,False,,u3,,,0
715_evogrow_v2_2_stage_capped_pretune_off_57_1_42,paper1_phaseB_v1,57,evogrow_v2_2_stage_capped_pretune_off,42,1,3,2,2,1,1,1,0.5,0.5,0.5,False,u1*u3,u2,,,0
716_evogrow_v2_2_stage_capped_pretune_off_57_1_123,paper1_phaseB_v1,57,evogrow_v2_2_stage_capped_pretune_off,123,1,1,4,2,1,1,3,0.25,0.5,0.3333333333333333,False,u3,u1|u1*u3|u2^3,,,0
716_evogrow_v2_2_stage_capped_pretune_off_57_1_123,paper1_phaseB_v1,57,evogrow_v2_2_stage_capped_pretune_off,123,1,2,4,2,1,1,3,0.25,0.5,0.3333333333333333,False,u1,sin(u1)|u2^2|u3,,,0
716_evogrow_v2_2_stage_capped_pretune_off_57_1_123,paper1_phaseB_v1,57,evogrow_v2_2_stage_capped_pretune_off,123,1,3,3,2,0,2,3,0.0,0.0,0.0,False,u1*u3|u3,u2|u2^3|u3^3,,,0
717_evogrow_v2_2_stage_capped_pretune_off_57_1_7,paper1_phaseB_v1,57,evogrow_v2_2_stage_capped_pretune_off,7,1,1,2,2,1,1,1,0.5,0.5,0.5,False,u3,u1,,,0
717_evogrow_v2_2_stage_capped_pretune_off_57_1_7,paper1_phaseB_v1,57,evogrow_v2_2_stage_capped_pretune_off,7,1,2,3,2,2,0,1,0.6666666666666666,1.0,0.8,False,,u3,,,0
717_evogrow_v2_2_stage_capped_pretune_off_57_1_7,paper1_phaseB_v1,57,evogrow_v2_2_stage_capped_pretune_off,7,1,3,2,2,1,1,1,0.5,0.5,0.5,False,u1*u3,u2,,,0
718_evogrow_v2_2_stage_capped_pretune_off_57_2_42,paper1_phaseB_v1,57,evogrow_v2_2_stage_capped_pretune_off,42,2,1,3,2,2,0,1,0.6666666666666666,1.0,0.8,False,,u1,,,0
718_evogrow_v2_2_stage_capped_pretune_off_57_2_42,paper1_phaseB_v1,57,evogrow_v2_2_stage_capped_pretune_off,42,2,2,2,2,1,1,1,0.5,0.5,0.5,False,u2,u3,,,0
718_evogrow_v2_2_stage_capped_pretune_off_57_2_42,paper1_phaseB_v1,57,evogrow_v2_2_stage_capped_pretune_off,42,2,3,2,2,0,2,2,0.0,0.0,0.0,False,u1*u3|u3,u1|u3^2,,,0
719_evogrow_v2_2_stage_capped_pretune_off_57_2_123,paper1_phaseB_v1,57,evogrow_v2_2_stage_capped_pretune_off,123,2,1,2,2,1,1,1,0.5,0.5,0.5,False,u3,u1,,,0
719_evogrow_v2_2_stage_capped_pretune_off_57_2_123,paper1_phaseB_v1,57,evogrow_v2_2_stage_capped_pretune_off,123,2,2,4,2,2,0,2,0.5,1.0,0.6666666666666666,False,,u2*u3|u3,,,0
719_evogrow_v2_2_stage_capped_pretune_off_57_2_123,paper1_phaseB_v1,57,evogrow_v2_2_stage_capped_pretune_off,123,2,3,3,2,1,1,2,0.3333333333333333,0.5,0.4,False,u1*u3,u2|u3^3,,,0
720_evogrow_v2_2_stage_capped_pretune_off_57_2_7,paper1_phaseB_v1,57,evogrow_v2_2_stage_capped_pretune_off,7,2,1,3,2,1,1,2,0.3333333333333333,0.5,0.4,False,u3,u1|u2^2,,,0
720_evogrow_v2_2_stage_capped_pretune_off_57_2_7,paper1_phaseB_v1,57,evogrow_v2_2_stage_capped_pretune_off,7,2,2,2,2,1,1,1,0.5,0.5,0.5,False,u2,u3,,,0
720_evogrow_v2_2_stage_capped_pretune_off_57_2_7,paper1_phaseB_v1,57,evogrow_v2_2_stage_capped_pretune_off,7,2,3,2,2,1,1,1,0.5,0.5,0.5,False,u1*u3,u2*u3,,,0
721_evogrow_v2_2_stage_capped_pretune_off_58_1_42,paper1_phaseB_v1,58,evogrow_v2_2_stage_capped_pretune_off,42,1,1,3,2,1,1,2,0.3333333333333333,0.5,0.4,False,u3,u2^3|u3^3,,,0
721_evogrow_v2_2_stage_capped_pretune_off_58_1_42,paper1_phaseB_v1,58,evogrow_v2_2_stage_capped_pretune_off,42,1,2,3,2,2,0,1,0.6666666666666666,1.0,0.8,False,,u3^2,,,0
721_evogrow_v2_2_stage_capped_pretune_off_58_1_42,paper1_phaseB_v1,58,evogrow_v2_2_stage_capped_pretune_off,42,1,3,2,2,1,1,1,0.5,0.5,0.5,False,u1*u3,u2,,,0
722_evogrow_v2_2_stage_capped_pretune_off_58_1_123,paper1_phaseB_v1,58,evogrow_v2_2_stage_capped_pretune_off,123,1,1,3,2,2,0,1,0.6666666666666666,1.0,0.8,False,,u3^2,,,0
722_evogrow_v2_2_stage_capped_pretune_off_58_1_123,paper1_phaseB_v1,58,evogrow_v2_2_stage_capped_pretune_off,123,1,2,4,2,2,0,2,0.5,1.0,0.6666666666666666,False,,sin(u2)|u3,,,0
722_evogrow_v2_2_stage_capped_pretune_off_58_1_123,paper1_phaseB_v1,58,evogrow_v2_2_stage_capped_pretune_off,123,1,3,4,2,2,0,2,0.5,1.0,0.6666666666666666,False,,u1|u2,,,0
723_evogrow_v2_2_stage_capped_pretune_off_58_1_7,paper1_phaseB_v1,58,evogrow_v2_2_stage_capped_pretune_off,7,1,1,3,2,2,0,1,0.6666666666666666,1.0,0.8,False,,u1,,,0
723_evogrow_v2_2_stage_capped_pretune_off_58_1_7,paper1_phaseB_v1,58,evogrow_v2_2_stage_capped_pretune_off,7,1,2,2,2,1,1,1,0.5,0.5,0.5,False,u2,u3,,,0
723_evogrow_v2_2_stage_capped_pretune_off_58_1_7,paper1_phaseB_v1,58,evogrow_v2_2_stage_capped_pretune_off,7,1,3,5,2,1,1,4,0.2,0.5,0.28571428571428575,False,u1*u3,u1|u1^2|u1^3|u2,,,0
724_evogrow_v2_2_stage_capped_pretune_off_58_2_42,paper1_phaseB_v1,58,evogrow_v2_2_stage_capped_pretune_off,42,2,1,1,2,1,1,0,1.0,0.5,0.6666666666666666,False,u3,,,,0
724_evogrow_v2_2_stage_capped_pretune_off_58_2_42,paper1_phaseB_v1,58,evogrow_v2_2_stage_capped_pretune_off,42,2,2,3,2,2,0,1,0.6666666666666666,1.0,0.8,False,,u3,,,0
724_evogrow_v2_2_stage_capped_pretune_off_58_2_42,paper1_phaseB_v1,58,evogrow_v2_2_stage_capped_pretune_off,42,2,3,5,2,2,0,3,0.4,1.0,0.5714285714285715,False,,u1|u2|u2^3,,,0
725_evogrow_v2_2_stage_capped_pretune_off_58_2_123,paper1_phaseB_v1,58,evogrow_v2_2_stage_capped_pretune_off,123,2,1,4,2,2,0,2,0.5,1.0,0.6666666666666666,False,,u1|u2^2,,,0
725_evogrow_v2_2_stage_capped_pretune_off_58_2_123,paper1_phaseB_v1,58,evogrow_v2_2_stage_capped_pretune_off,123,2,2,4,2,2,0,2,0.5,1.0,0.6666666666666666,False,,u1^2|u3,,,0
725_evogrow_v2_2_stage_capped_pretune_off_58_2_123,paper1_phaseB_v1,58,evogrow_v2_2_stage_capped_pretune_off,123,2,3,4,2,0,2,4,0.0,0.0,0.0,False,u1*u3|u3,u1|u2|u2*u3|u3^3,,,0
726_evogrow_v2_2_stage_capped_pretune_off_58_2_7,paper1_phaseB_v1,58,evogrow_v2_2_stage_capped_pretune_off,7,2,1,1,2,1,1,0,1.0,0.5,0.6666666666666666,False,u3,,,,0
726_evogrow_v2_2_stage_capped_pretune_off_58_2_7,paper1_phaseB_v1,58,evogrow_v2_2_stage_capped_pretune_off,7,2,2,3,2,1,1,2,0.3333333333333333,0.5,0.4,False,u2,u1*u3|u3,,,0
726_evogrow_v2_2_stage_capped_pretune_off_58_2_7,paper1_phaseB_v1,58,evogrow_v2_2_stage_capped_pretune_off,7,2,3,4,2,2,0,2,0.5,1.0,0.6666666666666666,False,,u1|u2,,,0
727_evogrow_v2_2_stage_capped_pretune_off_59_1_42,paper1_phaseB_v1,59,evogrow_v2_2_stage_capped_pretune_off,42,1,1,5,2,2,0,3,0.4,1.0,0.5714285714285715,False,,u1|u1*u3|u3^2,,,0
727_evogrow_v2_2_stage_capped_pretune_off_59_1_42,paper1_phaseB_v1,59,evogrow_v2_2_stage_capped_pretune_off,42,1,2,3,2,2,0,1,0.6666666666666666,1.0,0.8,False,,u3,,,0
727_evogrow_v2_2_stage_capped_pretune_off_59_1_42,paper1_phaseB_v1,59,evogrow_v2_2_stage_capped_pretune_off,42,1,3,2,2,0,2,2,0.0,0.0,0.0,False,u1*u3|u3,u1|u2,,,0
728_evogrow_v2_2_stage_capped_pretune_off_59_1_123,paper1_phaseB_v1,59,evogrow_v2_2_stage_capped_pretune_off,123,1,1,4,2,2,0,2,0.5,1.0,0.6666666666666666,False,,sin(u3)|u3^2,,,0
728_evogrow_v2_2_stage_capped_pretune_off_59_1_123,paper1_phaseB_v1,59,evogrow_v2_2_stage_capped_pretune_off,123,1,2,4,2,2,0,2,0.5,1.0,0.6666666666666666,False,,u3|u3^2,,,0
728_evogrow_v2_2_stage_capped_pretune_off_59_1_123,paper1_phaseB_v1,59,evogrow_v2_2_stage_capped_pretune_off,123,1,3,4,2,1,1,3,0.25,0.5,0.3333333333333333,False,u1*u3,u1|u2|u2^2,,,0
729_evogrow_v2_2_stage_capped_pretune_off_59_1_7,paper1_phaseB_v1,59,evogrow_v2_2_stage_capped_pretune_off,7,1,1,3,2,2,0,1,0.6666666666666666,1.0,0.8,False,,u1,,,0
729_evogrow_v2_2_stage_capped_pretune_off_59_1_7,paper1_phaseB_v1,59,evogrow_v2_2_stage_capped_pretune_off,7,1,2,3,2,2,0,1,0.6666666666666666,1.0,0.8,False,,u3,,,0
729_evogrow_v2_2_stage_capped_pretune_off_59_1_7,paper1_phaseB_v1,59,evogrow_v2_2_stage_capped_pretune_off,7,1,3,4,2,0,2,4,0.0,0.0,0.0,False,u1*u3|u3,u1|u1^2|u2|u3^2,,,0
730_evogrow_v2_2_stage_capped_pretune_off_59_2_42,paper1_phaseB_v1,59,evogrow_v2_2_stage_capped_pretune_off,42,2,1,4,2,2,0,2,0.5,1.0,0.6666666666666666,False,,u1|u1*u3,,,0
730_evogrow_v2_2_stage_capped_pretune_off_59_2_42,paper1_phaseB_v1,59,evogrow_v2_2_stage_capped_pretune_off,42,2,2,3,2,2,0,1,0.6666666666666666,1.0,0.8,False,,u3,,,0
730_evogrow_v2_2_stage_capped_pretune_off_59_2_42,paper1_phaseB_v1,59,evogrow_v2_2_stage_capped_pretune_off,42,2,3,3,2,1,1,2,0.3333333333333333,0.5,0.4,False,u1*u3,u1|u2,,,0
731_evogrow_v2_2_stage_capped_pretune_off_59_2_123,paper1_phaseB_v1,59,evogrow_v2_2_stage_capped_pretune_off,123,2,1,3,2,2,0,1,0.6666666666666666,1.0,0.8,False,,u1,,,0
731_evogrow_v2_2_stage_capped_pretune_off_59_2_123,paper1_phaseB_v1,59,evogrow_v2_2_stage_capped_pretune_off,123,2,2,5,2,2,0,3,0.4,1.0,0.5714285714285715,False,,sin(u3)|u1*u3|u3,,,0
731_evogrow_v2_2_stage_capped_pretune_off_59_2_123,paper1_phaseB_v1,59,evogrow_v2_2_stage_capped_pretune_off,123,2,3,3,2,0,2,3,0.0,0.0,0.0,False,u1*u3|u3,u2|u2^2|u3^2,,,0
732_evogrow_v2_2_stage_capped_pretune_off_59_2_7,paper1_phaseB_v1,59,evogrow_v2_2_stage_capped_pretune_off,7,2,1,2,2,1,1,1,0.5,0.5,0.5,False,u3,u1^2,,,0
732_evogrow_v2_2_stage_capped_pretune_off_59_2_7,paper1_phaseB_v1,59,evogrow_v2_2_stage_capped_pretune_off,7,2,2,3,2,2,0,1,0.6666666666666666,1.0,0.8,False,,u3,,,0
732_evogrow_v2_2_stage_capped_pretune_off_59_2_7,paper1_phaseB_v1,59,evogrow_v2_2_stage_capped_pretune_off,7,2,3,4,2,1,1,3,0.25,0.5,0.3333333333333333,False,u1*u3,u1|u2|u3^2,,,0
733_evogrow_v2_2_stage_capped_pretune_off_60_1_42,paper1_phaseB_v1,60,evogrow_v2_2_stage_capped_pretune_off,42,1,1,5,3,2,1,3,0.4,0.6666666666666666,0.5,False,u1*u3,u1^2|u2^2|u3,,,0
733_evogrow_v2_2_stage_capped_pretune_off_60_1_42,paper1_phaseB_v1,60,evogrow_v2_2_stage_capped_pretune_off,42,1,2,2,3,1,2,1,0.5,0.3333333333333333,0.4,False,u2|u2*u3,u1*u2,,,0
733_evogrow_v2_2_stage_capped_pretune_off_60_1_42,paper1_phaseB_v1,60,evogrow_v2_2_stage_capped_pretune_off,42,1,3,3,4,0,4,3,0.0,0.0,0.0,False,u1^2|u2^2|u3|u3^3,sin(u2)|u1|u2,,,0
734_evogrow_v2_2_stage_capped_pretune_off_60_1_123,paper1_phaseB_v1,60,evogrow_v2_2_stage_capped_pretune_off,123,1,1,5,3,3,0,2,0.6,1.0,0.7499999999999999,False,,u1^2|u3,,,0
734_evogrow_v2_2_stage_capped_pretune_off_60_1_123,paper1_phaseB_v1,60,evogrow_v2_2_stage_capped_pretune_off,123,1,2,2,3,1,2,1,0.5,0.3333333333333333,0.4,False,u2|u2*u3,u1*u2,,,0
734_evogrow_v2_2_stage_capped_pretune_off_60_1_123,paper1_phaseB_v1,60,evogrow_v2_2_stage_capped_pretune_off,123,1,3,2,4,0,4,2,0.0,0.0,0.0,False,u1^2|u2^2|u3|u3^3,u1|u2,,,0
735_evogrow_v2_2_stage_capped_pretune_off_60_1_7,paper1_phaseB_v1,60,evogrow_v2_2_stage_capped_pretune_off,7,1,1,3,3,2,1,1,0.6666666666666666,0.6666666666666666,0.6666666666666666,False,u1*u3,u3,,,0
735_evogrow_v2_2_stage_capped_pretune_off_60_1_7,paper1_phaseB_v1,60,evogrow_v2_2_stage_capped_pretune_off,7,1,2,2,3,1,2,1,0.5,0.3333333333333333,0.4,False,u1|u2,u3,,,0
735_evogrow_v2_2_stage_capped_pretune_off_60_1_7,paper1_phaseB_v1,60,evogrow_v2_2_stage_capped_pretune_off,7,1,3,1,4,0,4,1,0.0,0.0,0.0,False,u1^2|u2^2|u3|u3^3,u1,,,0
736_evogrow_v2_2_stage_capped_pretune_off_60_2_42,paper1_phaseB_v1,60,evogrow_v2_2_stage_capped_pretune_off,42,2,1,6,3,2,1,4,0.3333333333333333,0.6666666666666666,0.4444444444444444,False,u1*u3,u1^2|u2*u3|u2^2|u3^2,,,0
736_evogrow_v2_2_stage_capped_pretune_off_60_2_42,paper1_phaseB_v1,60,evogrow_v2_2_stage_capped_pretune_off,42,2,2,4,3,3,0,1,0.75,1.0,0.8571428571428571,False,,u3,,,0
736_evogrow_v2_2_stage_capped_pretune_off_60_2_42,paper1_phaseB_v1,60,evogrow_v2_2_stage_capped_pretune_off,42,2,3,2,4,1,3,1,0.5,0.25,0.3333333333333333,False,u1^2|u3|u3^3,u2,,,0
737_evogrow_v2_2_stage_capped_pretune_off_60_2_123,paper1_phaseB_v1,60,evogrow_v2_2_stage_capped_pretune_off,123,2,1,3,3,3,0,0,1.0,1.0,1.0,True,,,,,0
737_evogrow_v2_2_stage_capped_pretune_off_60_2_123,paper1_phaseB_v1,60,evogrow_v2_2_stage_capped_pretune_off,123,2,2,5,3,3,0,2,0.6,1.0,0.7499999999999999,False,,u3|u3^2,,,0
737_evogrow_v2_2_stage_capped_pretune_off_60_2_123,paper1_phaseB_v1,60,evogrow_v2_2_stage_capped_pretune_off,123,2,3,4,4,1,3,3,0.25,0.25,0.25,False,u1^2|u2^2|u3^3,u1|u1^3|u2,,,0
738_evogrow_v2_2_stage_capped_pretune_off_60_2_7,paper1_phaseB_v1,60,evogrow_v2_2_stage_capped_pretune_off,7,2,1,4,3,2,1,2,0.5,0.6666666666666666,0.5714285714285715,False,u1*u3,u1*u2|u2*u3,,,0
738_evogrow_v2_2_stage_capped_pretune_off_60_2_7,paper1_phaseB_v1,60,evogrow_v2_2_stage_capped_pretune_off,7,2,2,6,3,2,1,4,0.3333333333333333,0.6666666666666666,0.4444444444444444,False,u2*u3,u1*u2|u2^2|u3|u3^2,,,0
738_evogrow_v2_2_stage_capped_pretune_off_60_2_7,paper1_phaseB_v1,60,evogrow_v2_2_stage_capped_pretune_off,7,2,3,6,4,1,3,5,0.16666666666666666,0.25,0.2,False,u1^2|u2^2|u3^3,u1|u1*u2|u1*u3|u2|u2*u3,,,0
739_evogrow_v2_2_stage_capped_pretune_off_61_1_42,paper1_phaseB_v1,61,evogrow_v2_2_stage_capped_pretune_off,42,1,1,5,2,1,1,4,0.2,0.5,0.28571428571428575,False,u2*u3,u1*u3|u2|u2^2|u3,,,0
739_evogrow_v2_2_stage_capped_pretune_off_61_1_42,paper1_phaseB_v1,61,evogrow_v2_2_stage_capped_pretune_off,42,1,2,3,2,1,1,2,0.3333333333333333,0.5,0.4,False,u1*u3,u1|u2^2,,,0
739_evogrow_v2_2_stage_capped_pretune_off_61_1_42,paper1_phaseB_v1,61,evogrow_v2_2_stage_capped_pretune_off,42,1,3,2,2,0,2,2,0.0,0.0,0.0,False,u1*u2|u3,u2|u2^2,,,0
740_evogrow_v2_2_stage_capped_pretune_off_61_1_123,paper1_phaseB_v1,61,evogrow_v2_2_stage_capped_pretune_off,123,1,1,1,2,0,2,1,0.0,0.0,0.0,False,u1|u2*u3,u2,,,0
740_evogrow_v2_2_stage_capped_pretune_off_61_1_123,paper1_phaseB_v1,61,evogrow_v2_2_stage_capped_pretune_off,123,1,2,4,2,1,1,3,0.25,0.5,0.3333333333333333,False,u1*u3,u1|u1^2|u3,,,0
740_evogrow_v2_2_stage_capped_pretune_off_61_1_123,paper1_phaseB_v1,61,evogrow_v2_2_stage_capped_pretune_off,123,1,3,2,2,1,1,1,0.5,0.5,0.5,False,u1*u2,u2,,,0
741_evogrow_v2_2_stage_capped_pretune_off_61_1_7,paper1_phaseB_v1,61,evogrow_v2_2_stage_capped_pretune_off,7,1,1,3,2,1,1,2,0.3333333333333333,0.5,0.4,False,u2*u3,u2|u3,,,0
741_evogrow_v2_2_stage_capped_pretune_off_61_1_7,paper1_phaseB_v1,61,evogrow_v2_2_stage_capped_pretune_off,7,1,2,4,2,2,0,2,0.5,1.0,0.6666666666666666,False,,u1|u3,,,0
741_evogrow_v2_2_stage_capped_pretune_off_61_1_7,paper1_phaseB_v1,61,evogrow_v2_2_stage_capped_pretune_off,7,1,3,2,2,0,2,2,0.0,0.0,0.0,False,u1*u2|u3,u1|u1^2,,,0
742_evogrow_v2_2_stage_capped_pretune_off_61_2_42,paper1_phaseB_v1,61,evogrow_v2_2_stage_capped_pretune_off,42,2,1,4,2,1,1,3,0.25,0.5,0.3333333333333333,False,u2*u3,u1*u3|u2|u3,,,0
742_evogrow_v2_2_stage_capped_pretune_off_61_2_42,paper1_phaseB_v1,61,evogrow_v2_2_stage_capped_pretune_off,42,2,2,2,2,1,1,1,0.5,0.5,0.5,False,u1*u3,u1,,,0
742_evogrow_v2_2_stage_capped_pretune_off_61_2_42,paper1_phaseB_v1,61,evogrow_v2_2_stage_capped_pretune_off,42,2,3,2,2,1,1,1,0.5,0.5,0.5,False,u1*u2,u2,,,0
743_evogrow_v2_2_stage_capped_pretune_off_61_2_123,paper1_phaseB_v1,61,evogrow_v2_2_stage_capped_pretune_off,123,2,1,3,2,1,1,2,0.3333333333333333,0.5,0.4,False,u2*u3,u2|u3^2,,,0
743_evogrow_v2_2_stage_capped_pretune_off_61_2_123,paper1_phaseB_v1,61,evogrow_v2_2_stage_capped_pretune_off,123,2,2,2,2,1,1,1,0.5,0.5,0.5,False,u1*u3,u1,,,0
743_evogrow_v2_2_stage_capped_pretune_off_61_2_123,paper1_phaseB_v1,61,evogrow_v2_2_stage_capped_pretune_off,123,2,3,2,2,0,2,2,0.0,0.0,0.0,False,u1*u2|u3,u1|u2,,,0
744_evogrow_v2_2_stage_capped_pretune_off_61_2_7,paper1_phaseB_v1,61,evogrow_v2_2_stage_capped_pretune_off,7,2,1,3,2,1,1,2,0.3333333333333333,0.5,0.4,False,u2*u3,u2|u3,,,0
744_evogrow_v2_2_stage_capped_pretune_off_61_2_7,paper1_phaseB_v1,61,evogrow_v2_2_stage_capped_pretune_off,7,2,2,3,2,1,1,2,0.3333333333333333,0.5,0.4,False,u2,u1|u1*u2,,,0
744_evogrow_v2_2_stage_capped_pretune_off_61_2_7,paper1_phaseB_v1,61,evogrow_v2_2_stage_capped_pretune_off,7,2,3,2,2,0,2,2,0.0,0.0,0.0,False,u1*u2|u3,u1|u2,,,0
745_evogrow_v2_2_stage_capped_pretune_off_62_1_42,paper1_phaseB_v1,62,evogrow_v2_2_stage_capped_pretune_off,42,1,1,3,1,0,1,3,0.0,0.0,0.0,False,u1,u1^2|u2|u3,,,0
745_evogrow_v2_2_stage_capped_pretune_off_62_1_42,paper1_phaseB_v1,62,evogrow_v2_2_stage_capped_pretune_off,42,1,2,2,2,2,0,0,1.0,1.0,1.0,True,,,,,0
745_evogrow_v2_2_stage_capped_pretune_off_62_1_42,paper1_phaseB_v1,62,evogrow_v2_2_stage_capped_pretune_off,42,1,3,3,1,1,0,2,0.3333333333333333,1.0,0.5,False,,u1|u2,,,0
745_evogrow_v2_2_stage_capped_pretune_off_62_1_42,paper1_phaseB_v1,62,evogrow_v2_2_stage_capped_pretune_off,42,1,4,3,2,2,0,1,0.6666666666666666,1.0,0.8,False,,u1,,,0
746_evogrow_v2_2_stage_capped_pretune_off_62_1_123,paper1_phaseB_v1,62,evogrow_v2_2_stage_capped_pretune_off,123,1,1,3,1,1,0,2,0.3333333333333333,1.0,0.5,False,,u2|u3,,,0
746_evogrow_v2_2_stage_capped_pretune_off_62_1_123,paper1_phaseB_v1,62,evogrow_v2_2_stage_capped_pretune_off,123,1,2,3,2,2,0,1,0.6666666666666666,1.0,0.8,False,,u4,,,0
746_evogrow_v2_2_stage_capped_pretune_off_62_1_123,paper1_phaseB_v1,62,evogrow_v2_2_stage_capped_pretune_off,123,1,3,2,1,1,0,1,0.5,1.0,0.6666666666666666,False,,u1,,,0
746_evogrow_v2_2_stage_capped_pretune_off_62_1_123,paper1_phaseB_v1,62,evogrow_v2_2_stage_capped_pretune_off,123,1,4,2,2,2,0,0,1.0,1.0,1.0,True,,,,,0
747_evogrow_v2_2_stage_capped_pretune_off_62_1_7,paper1_phaseB_v1,62,evogrow_v2_2_stage_capped_pretune_off,7,1,1,3,1,1,0,2,0.3333333333333333,1.0,0.5,False,,u3|u4,,,0
747_evogrow_v2_2_stage_capped_pretune_off_62_1_7,paper1_phaseB_v1,62,evogrow_v2_2_stage_capped_pretune_off,7,1,2,2,2,2,0,0,1.0,1.0,1.0,True,,,,,0
747_evogrow_v2_2_stage_capped_pretune_off_62_1_7,paper1_phaseB_v1,62,evogrow_v2_2_stage_capped_pretune_off,7,1,3,3,1,1,0,2,0.3333333333333333,1.0,0.5,False,,u2|u4,,,0
747_evogrow_v2_2_stage_capped_pretune_off_62_1_7,paper1_phaseB_v1,62,evogrow_v2_2_stage_capped_pretune_off,7,1,4,2,2,2,0,0,1.0,1.0,1.0,True,,,,,0
748_evogrow_v2_2_stage_capped_pretune_off_62_2_42,paper1_phaseB_v1,62,evogrow_v2_2_stage_capped_pretune_off,42,2,1,2,1,1,0,1,0.5,1.0,0.6666666666666666,False,,u3,,,0
748_evogrow_v2_2_stage_capped_pretune_off_62_2_42,paper1_phaseB_v1,62,evogrow_v2_2_stage_capped_pretune_off,42,2,2,3,2,2,0,1,0.6666666666666666,1.0,0.8,False,,u3,,,0
748_evogrow_v2_2_stage_capped_pretune_off_62_2_42,paper1_phaseB_v1,62,evogrow_v2_2_stage_capped_pretune_off,42,2,3,2,1,1,0,1,0.5,1.0,0.6666666666666666,False,,u2,,,0
748_evogrow_v2_2_stage_capped_pretune_off_62_2_42,paper1_phaseB_v1,62,evogrow_v2_2_stage_capped_pretune_off,42,2,4,3,2,0,2,3,0.0,0.0,0.0,False,u3|u4,u1|u1*u2|u4^2,,,0
749_evogrow_v2_2_stage_capped_pretune_off_62_2_123,paper1_phaseB_v1,62,evogrow_v2_2_stage_capped_pretune_off,123,2,1,3,1,0,1,3,0.0,0.0,0.0,False,u1,u2|u3|u4,,,0
749_evogrow_v2_2_stage_capped_pretune_off_62_2_123,paper1_phaseB_v1,62,evogrow_v2_2_stage_capped_pretune_off,123,2,2,2,2,2,0,0,1.0,1.0,1.0,True,,,,,0
749_evogrow_v2_2_stage_capped_pretune_off_62_2_123,paper1_phaseB_v1,62,evogrow_v2_2_stage_capped_pretune_off,123,2,3,2,1,0,1,2,0.0,0.0,0.0,False,u3,u1|u2,,,0
749_evogrow_v2_2_stage_capped_pretune_off_62_2_123,paper1_phaseB_v1,62,evogrow_v2_2_stage_capped_pretune_off,123,2,4,3,2,2,0,1,0.6666666666666666,1.0,0.8,False,,u1,,,0
750_evogrow_v2_2_stage_capped_pretune_off_62_2_7,paper1_phaseB_v1,62,evogrow_v2_2_stage_capped_pretune_off,7,2,1,2,1,0,1,2,0.0,0.0,0.0,False,u1,u2|u3,,,0
750_evogrow_v2_2_stage_capped_pretune_off_62_2_7,paper1_phaseB_v1,62,evogrow_v2_2_stage_capped_pretune_off,7,2,2,2,2,2,0,0,1.0,1.0,1.0,True,,,,,0
750_evogrow_v2_2_stage_capped_pretune_off_62_2_7,paper1_phaseB_v1,62,evogrow_v2_2_stage_capped_pretune_off,7,2,3,2,1,1,0,1,0.5,1.0,0.6666666666666666,False,,u2,,,0
750_evogrow_v2_2_stage_capped_pretune_off_62_2_7,paper1_phaseB_v1,62,evogrow_v2_2_stage_capped_pretune_off,7,2,4,3,2,2,0,1,0.6666666666666666,1.0,0.8,False,,u1,,,0
751_evogrow_v2_2_stage_capped_pretune_off_63_1_42,paper1_phaseB_v1,63,evogrow_v2_2_stage_capped_pretune_off,42,1,1,1,1,0,1,1,0.0,0.0,0.0,False,u1*u3,u3,,,0
751_evogrow_v2_2_stage_capped_pretune_off_63_1_42,paper1_phaseB_v1,63,evogrow_v2_2_stage_capped_pretune_off,42,1,2,1,2,1,1,0,1.0,0.5,0.6666666666666666,False,u1*u3,,,,0
751_evogrow_v2_2_stage_capped_pretune_off_63_1_42,paper1_phaseB_v1,63,evogrow_v2_2_stage_capped_pretune_off,42,1,3,1,2,1,1,0,1.0,0.5,0.6666666666666666,False,u3,,,,0
751_evogrow_v2_2_stage_capped_pretune_off_63_1_42,paper1_phaseB_v1,63,evogrow_v2_2_stage_capped_pretune_off,42,1,4,1,1,1,0,0,1.0,1.0,1.0,True,,,,,0
752_evogrow_v2_2_stage_capped_pretune_off_63_1_123,paper1_phaseB_v1,63,evogrow_v2_2_stage_capped_pretune_off,123,1,1,1,1,0,1,1,0.0,0.0,0.0,False,u1*u3,u1,,,0
752_evogrow_v2_2_stage_capped_pretune_off_63_1_123,paper1_phaseB_v1,63,evogrow_v2_2_stage_capped_pretune_off,123,1,2,1,2,1,1,0,1.0,0.5,0.6666666666666666,False,u1*u3,,,,0
752_evogrow_v2_2_stage_capped_pretune_off_63_1_123,paper1_phaseB_v1,63,evogrow_v2_2_stage_capped_pretune_off,123,1,3,1,2,1,1,0,1.0,0.5,0.6666666666666666,False,u3,,,,0
752_evogrow_v2_2_stage_capped_pretune_off_63_1_123,paper1_phaseB_v1,63,evogrow_v2_2_stage_capped_pretune_off,123,1,4,1,1,0,1,1,0.0,0.0,0.0,False,u3,u1,,,0
753_evogrow_v2_2_stage_capped_pretune_off_63_1_7,paper1_phaseB_v1,63,evogrow_v2_2_stage_capped_pretune_off,7,1,1,1,1,0,1,1,0.0,0.0,0.0,False,u1*u3,u1,,,0
753_evogrow_v2_2_stage_capped_pretune_off_63_1_7,paper1_phaseB_v1,63,evogrow_v2_2_stage_capped_pretune_off,7,1,2,1,2,0,2,1,0.0,0.0,0.0,False,u1*u3|u2,u1,,,0
753_evogrow_v2_2_stage_capped_pretune_off_63_1_7,paper1_phaseB_v1,63,evogrow_v2_2_stage_capped_pretune_off,7,1,3,1,2,0,2,1,0.0,0.0,0.0,False,u2|u3,u1,,,0
753_evogrow_v2_2_stage_capped_pretune_off_63_1_7,paper1_phaseB_v1,63,evogrow_v2_2_stage_capped_pretune_off,7,1,4,1,1,1,0,0,1.0,1.0,1.0,True,,,,,0
754_evogrow_v2_2_stage_capped_pretune_off_63_2_42,paper1_phaseB_v1,63,evogrow_v2_2_stage_capped_pretune_off,42,2,1,1,1,0,1,1,0.0,0.0,0.0,False,u1*u3,u3,,,0
754_evogrow_v2_2_stage_capped_pretune_off_63_2_42,paper1_phaseB_v1,63,evogrow_v2_2_stage_capped_pretune_off,42,2,2,1,2,1,1,0,1.0,0.5,0.6666666666666666,False,u1*u3,,,,0
754_evogrow_v2_2_stage_capped_pretune_off_63_2_42,paper1_phaseB_v1,63,evogrow_v2_2_stage_capped_pretune_off,42,2,3,1,2,1,1,0,1.0,0.5,0.6666666666666666,False,u2,,,,0
754_evogrow_v2_2_stage_capped_pretune_off_63_2_42,paper1_phaseB_v1,63,evogrow_v2_2_stage_capped_pretune_off,42,2,4,1,1,0,1,1,0.0,0.0,0.0,False,u3,u1,,,0
755_evogrow_v2_2_stage_capped_pretune_off_63_2_123,paper1_phaseB_v1,63,evogrow_v2_2_stage_capped_pretune_off,123,2,1,1,1,0,1,1,0.0,0.0,0.0,False,u1*u3,u3,,,0
755_evogrow_v2_2_stage_capped_pretune_off_63_2_123,paper1_phaseB_v1,63,evogrow_v2_2_stage_capped_pretune_off,123,2,2,1,2,1,1,0,1.0,0.5,0.6666666666666666,False,u1*u3,,,,0
755_evogrow_v2_2_stage_capped_pretune_off_63_2_123,paper1_phaseB_v1,63,evogrow_v2_2_stage_capped_pretune_off,123,2,3,1,2,0,2,1,0.0,0.0,0.0,False,u2|u3,u1,,,0
755_evogrow_v2_2_stage_capped_pretune_off_63_2_123,paper1_phaseB_v1,63,evogrow_v2_2_stage_capped_pretune_off,123,2,4,1,1,0,1,1,0.0,0.0,0.0,False,u3,u1,,,0
756_evogrow_v2_2_stage_capped_pretune_off_63_2_7,paper1_phaseB_v1,63,evogrow_v2_2_stage_capped_pretune_off,7,2,1,1,1,0,1,1,0.0,0.0,0.0,False,u1*u3,u2,,,0
756_evogrow_v2_2_stage_capped_pretune_off_63_2_7,paper1_phaseB_v1,63,evogrow_v2_2_stage_capped_pretune_off,7,2,2,1,2,0,2,1,0.0,0.0,0.0,False,u1*u3|u2,u1,,,0
756_evogrow_v2_2_stage_capped_pretune_off_63_2_7,paper1_phaseB_v1,63,evogrow_v2_2_stage_capped_pretune_off,7,2,3,1,2,0,2,1,0.0,0.0,0.0,False,u2|u3,u4,,,0
756_evogrow_v2_2_stage_capped_pretune_off_63_2_7,paper1_phaseB_v1,63,evogrow_v2_2_stage_capped_pretune_off,7,2,4,1,1,1,0,0,1.0,1.0,1.0,True,,,,,0
