run_id,experiment_id,system_id,variant_slug,seed,initial_condition_set,n_equations,n_found_terms_micro,n_true_terms_micro,n_true_positive_terms_micro,n_missing_true_terms,n_extra_found_terms,term_precision_macro,term_recall_macro,structural_f1_macro,term_precision_micro,term_recall_micro,structural_f1_micro,exact_support_match,structural_exact_support_match,derived_registry_exact_support_match,registry_exact_support_match,registry_exact_support_match_agrees,coefficient_relative_error_mean,coefficient_relative_error_max,n_coefficient_terms
1_evogrow_v2_2_stage_capped_pretune_on_1_1_42,paper1_phaseB_v1,1,evogrow_v2_2_stage_capped_pretune_on,42,1,1,4,1,1,0,3,0.25,1.0,0.4,0.25,1.0,0.4,False,False,,,True,,,0
2_evogrow_v2_2_stage_capped_pretune_on_1_1_123,paper1_phaseB_v1,1,evogrow_v2_2_stage_capped_pretune_on,123,1,1,4,1,1,0,3,0.25,1.0,0.4,0.25,1.0,0.4,False,False,,,True,,,0
3_evogrow_v2_2_stage_capped_pretune_on_1_1_7,paper1_phaseB_v1,1,evogrow_v2_2_stage_capped_pretune_on,7,1,1,4,1,1,0,3,0.25,1.0,0.4,0.25,1.0,0.4,False,False,,,True,,,0
4_evogrow_v2_2_stage_capped_pretune_on_1_2_42,paper1_phaseB_v1,1,evogrow_v2_2_stage_capped_pretune_on,42,2,1,3,1,1,0,2,0.3333333333333333,1.0,0.5,0.3333333333333333,1.0,0.5,False,False,,,True,,,0
5_evogrow_v2_2_stage_capped_pretune_on_1_2_123,paper1_phaseB_v1,1,evogrow_v2_2_stage_capped_pretune_on,123,2,1,3,1,1,0,2,0.3333333333333333,1.0,0.5,0.3333333333333333,1.0,0.5,False,False,,,True,,,0
6_evogrow_v2_2_stage_capped_pretune_on_1_2_7,paper1_phaseB_v1,1,evogrow_v2_2_stage_capped_pretune_on,7,2,1,3,1,1,0,2,0.3333333333333333,1.0,0.5,0.3333333333333333,1.0,0.5,False,False,,,True,,,0
7_evogrow_v2_2_stage_capped_pretune_on_2_1_42,paper1_phaseB_v1,2,evogrow_v2_2_stage_capped_pretune_on,42,1,1,1,1,1,0,0,1.0,1.0,1.0,1.0,1.0,1.0,True,True,True,True,True,,,0
8_evogrow_v2_2_stage_capped_pretune_on_2_1_123,paper1_phaseB_v1,2,evogrow_v2_2_stage_capped_pretune_on,123,1,1,1,1,1,0,0,1.0,1.0,1.0,1.0,1.0,1.0,True,True,True,True,True,,,0
9_evogrow_v2_2_stage_capped_pretune_on_2_1_7,paper1_phaseB_v1,2,evogrow_v2_2_stage_capped_pretune_on,7,1,1,1,1,1,0,0,1.0,1.0,1.0,1.0,1.0,1.0,True,True,True,True,True,,,0
10_evogrow_v2_2_stage_capped_pretune_on_2_2_42,paper1_phaseB_v1,2,evogrow_v2_2_stage_capped_pretune_on,42,2,1,1,1,1,0,0,1.0,1.0,1.0,1.0,1.0,1.0,True,True,True,True,True,,,0
11_evogrow_v2_2_stage_capped_pretune_on_2_2_123,paper1_phaseB_v1,2,evogrow_v2_2_stage_capped_pretune_on,123,2,1,1,1,1,0,0,1.0,1.0,1.0,1.0,1.0,1.0,True,True,True,True,True,,,0
12_evogrow_v2_2_stage_capped_pretune_on_2_2_7,paper1_phaseB_v1,2,evogrow_v2_2_stage_capped_pretune_on,7,2,1,1,1,1,0,0,1.0,1.0,1.0,1.0,1.0,1.0,True,True,True,True,True,,,0
13_evogrow_v2_2_stage_capped_pretune_on_3_1_42,paper1_phaseB_v1,3,evogrow_v2_2_stage_capped_pretune_on,42,1,1,2,2,2,0,0,1.0,1.0,1.0,1.0,1.0,1.0,True,True,True,True,True,,,0
14_evogrow_v2_2_stage_capped_pretune_on_3_1_123,paper1_phaseB_v1,3,evogrow_v2_2_stage_capped_pretune_on,123,1,1,2,2,2,0,0,1.0,1.0,1.0,1.0,1.0,1.0,True,True,True,True,True,,,0
15_evogrow_v2_2_stage_capped_pretune_on_3_1_7,paper1_phaseB_v1,3,evogrow_v2_2_stage_capped_pretune_on,7,1,1,2,2,2,0,0,1.0,1.0,1.0,1.0,1.0,1.0,True,True,True,True,True,,,0
16_evogrow_v2_2_stage_capped_pretune_on_3_2_42,paper1_phaseB_v1,3,evogrow_v2_2_stage_capped_pretune_on,42,2,1,2,2,2,0,0,1.0,1.0,1.0,1.0,1.0,1.0,True,True,True,True,True,,,0
17_evogrow_v2_2_stage_capped_pretune_on_3_2_123,paper1_phaseB_v1,3,evogrow_v2_2_stage_capped_pretune_on,123,2,1,2,2,2,0,0,1.0,1.0,1.0,1.0,1.0,1.0,True,True,True,True,True,,,0
18_evogrow_v2_2_stage_capped_pretune_on_3_2_7,paper1_phaseB_v1,3,evogrow_v2_2_stage_capped_pretune_on,7,2,1,2,2,2,0,0,1.0,1.0,1.0,1.0,1.0,1.0,True,True,True,True,True,,,0
19_evogrow_v2_2_stage_capped_pretune_on_4_1_42,paper1_phaseB_v1,4,evogrow_v2_2_stage_capped_pretune_on,42,1,1,3,0,0,0,3,0.0,0.0,0.0,0.0,0.0,0.0,False,False,,,True,,,0
20_evogrow_v2_2_stage_capped_pretune_on_4_1_123,paper1_phaseB_v1,4,evogrow_v2_2_stage_capped_pretune_on,123,1,1,3,0,0,0,3,0.0,0.0,0.0,0.0,0.0,0.0,False,False,,,True,,,0
21_evogrow_v2_2_stage_capped_pretune_on_4_1_7,paper1_phaseB_v1,4,evogrow_v2_2_stage_capped_pretune_on,7,1,1,3,0,0,0,3,0.0,0.0,0.0,0.0,0.0,0.0,False,False,,,True,,,0
22_evogrow_v2_2_stage_capped_pretune_on_4_2_42,paper1_phaseB_v1,4,evogrow_v2_2_stage_capped_pretune_on,42,2,1,2,0,0,0,2,0.0,0.0,0.0,0.0,0.0,0.0,False,False,,,True,,,0
23_evogrow_v2_2_stage_capped_pretune_on_4_2_123,paper1_phaseB_v1,4,evogrow_v2_2_stage_capped_pretune_on,123,2,1,2,0,0,0,2,0.0,0.0,0.0,0.0,0.0,0.0,False,False,,,True,,,0
24_evogrow_v2_2_stage_capped_pretune_on_4_2_7,paper1_phaseB_v1,4,evogrow_v2_2_stage_capped_pretune_on,7,2,1,2,0,0,0,2,0.0,0.0,0.0,0.0,0.0,0.0,False,False,,,True,,,0
25_evogrow_v2_2_stage_capped_pretune_on_5_1_42,paper1_phaseB_v1,5,evogrow_v2_2_stage_capped_pretune_on,42,1,1,5,1,1,0,4,0.2,1.0,0.33333333333333337,0.2,1.0,0.33333333333333337,False,False,,,True,,,0
26_evogrow_v2_2_stage_capped_pretune_on_5_1_123,paper1_phaseB_v1,5,evogrow_v2_2_stage_capped_pretune_on,123,1,1,5,1,1,0,4,0.2,1.0,0.33333333333333337,0.2,1.0,0.33333333333333337,False,False,,,True,,,0
27_evogrow_v2_2_stage_capped_pretune_on_5_1_7,paper1_phaseB_v1,5,evogrow_v2_2_stage_capped_pretune_on,7,1,1,5,1,1,0,4,0.2,1.0,0.33333333333333337,0.2,1.0,0.33333333333333337,False,False,,,True,,,0
28_evogrow_v2_2_stage_capped_pretune_on_5_2_42,paper1_phaseB_v1,5,evogrow_v2_2_stage_capped_pretune_on,42,2,1,2,1,1,0,1,0.5,1.0,0.6666666666666666,0.5,1.0,0.6666666666666666,False,False,,,True,,,0
29_evogrow_v2_2_stage_capped_pretune_on_5_2_123,paper1_phaseB_v1,5,evogrow_v2_2_stage_capped_pretune_on,123,2,1,2,1,1,0,1,0.5,1.0,0.6666666666666666,0.5,1.0,0.6666666666666666,False,False,,,True,,,0
30_evogrow_v2_2_stage_capped_pretune_on_5_2_7,paper1_phaseB_v1,5,evogrow_v2_2_stage_capped_pretune_on,7,2,1,2,1,1,0,1,0.5,1.0,0.6666666666666666,0.5,1.0,0.6666666666666666,False,False,,,True,,,0
31_evogrow_v2_2_stage_capped_pretune_on_6_1_42,paper1_phaseB_v1,6,evogrow_v2_2_stage_capped_pretune_on,42,1,1,2,2,2,0,0,1.0,1.0,1.0,1.0,1.0,1.0,True,True,True,True,True,,,0
32_evogrow_v2_2_stage_capped_pretune_on_6_1_123,paper1_phaseB_v1,6,evogrow_v2_2_stage_capped_pretune_on,123,1,1,2,2,2,0,0,1.0,1.0,1.0,1.0,1.0,1.0,True,True,True,True,True,,,0
33_evogrow_v2_2_stage_capped_pretune_on_6_1_7,paper1_phaseB_v1,6,evogrow_v2_2_stage_capped_pretune_on,7,1,1,2,2,2,0,0,1.0,1.0,1.0,1.0,1.0,1.0,True,True,True,True,True,,,0
34_evogrow_v2_2_stage_capped_pretune_on_6_2_42,paper1_phaseB_v1,6,evogrow_v2_2_stage_capped_pretune_on,42,2,1,2,2,2,0,0,1.0,1.0,1.0,1.0,1.0,1.0,True,True,True,True,True,,,0
35_evogrow_v2_2_stage_capped_pretune_on_6_2_123,paper1_phaseB_v1,6,evogrow_v2_2_stage_capped_pretune_on,123,2,1,2,2,2,0,0,1.0,1.0,1.0,1.0,1.0,1.0,True,True,True,True,True,,,0
36_evogrow_v2_2_stage_capped_pretune_on_6_2_7,paper1_phaseB_v1,6,evogrow_v2_2_stage_capped_pretune_on,7,2,1,2,2,2,0,0,1.0,1.0,1.0,1.0,1.0,1.0,True,True,True,True,True,,,0
37_evogrow_v2_2_stage_capped_pretune_on_7_1_42,paper1_phaseB_v1,7,evogrow_v2_2_stage_capped_pretune_on,42,1,1,1,1,1,0,0,1.0,1.0,1.0,1.0,1.0,1.0,True,True,,,True,,,0
38_evogrow_v2_2_stage_capped_pretune_on_7_1_123,paper1_phaseB_v1,7,evogrow_v2_2_stage_capped_pretune_on,123,1,1,1,1,1,0,0,1.0,1.0,1.0,1.0,1.0,1.0,True,True,,,True,,,0
39_evogrow_v2_2_stage_capped_pretune_on_7_1_7,paper1_phaseB_v1,7,evogrow_v2_2_stage_capped_pretune_on,7,1,1,1,1,1,0,0,1.0,1.0,1.0,1.0,1.0,1.0,True,True,,,True,,,0
40_evogrow_v2_2_stage_capped_pretune_on_7_2_42,paper1_phaseB_v1,7,evogrow_v2_2_stage_capped_pretune_on,42,2,1,3,1,1,0,2,0.3333333333333333,1.0,0.5,0.3333333333333333,1.0,0.5,False,False,,,True,,,0
41_evogrow_v2_2_stage_capped_pretune_on_7_2_123,paper1_phaseB_v1,7,evogrow_v2_2_stage_capped_pretune_on,123,2,1,3,1,1,0,2,0.3333333333333333,1.0,0.5,0.3333333333333333,1.0,0.5,False,False,,,True,,,0
42_evogrow_v2_2_stage_capped_pretune_on_7_2_7,paper1_phaseB_v1,7,evogrow_v2_2_stage_capped_pretune_on,7,2,1,3,1,1,0,2,0.3333333333333333,1.0,0.5,0.3333333333333333,1.0,0.5,False,False,,,True,,,0
43_evogrow_v2_2_stage_capped_pretune_on_8_1_42,paper1_phaseB_v1,8,evogrow_v2_2_stage_capped_pretune_on,42,1,1,1,3,1,2,0,1.0,0.3333333333333333,0.5,1.0,0.3333333333333333,0.5,False,False,False,False,True,,,0
44_evogrow_v2_2_stage_capped_pretune_on_8_1_123,paper1_phaseB_v1,8,evogrow_v2_2_stage_capped_pretune_on,123,1,1,1,3,1,2,0,1.0,0.3333333333333333,0.5,1.0,0.3333333333333333,0.5,False,False,False,False,True,,,0
45_evogrow_v2_2_stage_capped_pretune_on_8_1_7,paper1_phaseB_v1,8,evogrow_v2_2_stage_capped_pretune_on,7,1,1,1,3,1,2,0,1.0,0.3333333333333333,0.5,1.0,0.3333333333333333,0.5,False,False,False,False,True,,,0
46_evogrow_v2_2_stage_capped_pretune_on_8_2_42,paper1_phaseB_v1,8,evogrow_v2_2_stage_capped_pretune_on,42,2,1,1,3,1,2,0,1.0,0.3333333333333333,0.5,1.0,0.3333333333333333,0.5,False,False,False,False,True,,,0
47_evogrow_v2_2_stage_capped_pretune_on_8_2_123,paper1_phaseB_v1,8,evogrow_v2_2_stage_capped_pretune_on,123,2,1,1,3,1,2,0,1.0,0.3333333333333333,0.5,1.0,0.3333333333333333,0.5,False,False,False,False,True,,,0
48_evogrow_v2_2_stage_capped_pretune_on_8_2_7,paper1_phaseB_v1,8,evogrow_v2_2_stage_capped_pretune_on,7,2,1,1,3,1,2,0,1.0,0.3333333333333333,0.5,1.0,0.3333333333333333,0.5,False,False,False,False,True,,,0
49_evogrow_v2_2_stage_capped_pretune_on_9_1_42,paper1_phaseB_v1,9,evogrow_v2_2_stage_capped_pretune_on,42,1,1,2,1,1,0,1,0.5,1.0,0.6666666666666666,0.5,1.0,0.6666666666666666,False,False,,,True,,,0
50_evogrow_v2_2_stage_capped_pretune_on_9_1_123,paper1_phaseB_v1,9,evogrow_v2_2_stage_capped_pretune_on,123,1,1,2,1,1,0,1,0.5,1.0,0.6666666666666666,0.5,1.0,0.6666666666666666,False,False,,,True,,,0
51_evogrow_v2_2_stage_capped_pretune_on_9_1_7,paper1_phaseB_v1,9,evogrow_v2_2_stage_capped_pretune_on,7,1,1,2,1,1,0,1,0.5,1.0,0.6666666666666666,0.5,1.0,0.6666666666666666,False,False,,,True,,,0
52_evogrow_v2_2_stage_capped_pretune_on_9_2_42,paper1_phaseB_v1,9,evogrow_v2_2_stage_capped_pretune_on,42,2,1,1,1,1,0,0,1.0,1.0,1.0,1.0,1.0,1.0,True,True,,,True,,,0
53_evogrow_v2_2_stage_capped_pretune_on_9_2_123,paper1_phaseB_v1,9,evogrow_v2_2_stage_capped_pretune_on,123,2,1,1,1,1,0,0,1.0,1.0,1.0,1.0,1.0,1.0,True,True,,,True,,,0
54_evogrow_v2_2_stage_capped_pretune_on_9_2_7,paper1_phaseB_v1,9,evogrow_v2_2_stage_capped_pretune_on,7,2,1,1,1,1,0,0,1.0,1.0,1.0,1.0,1.0,1.0,True,True,,,True,,,0
55_evogrow_v2_2_stage_capped_pretune_on_10_1_42,paper1_phaseB_v1,10,evogrow_v2_2_stage_capped_pretune_on,42,1,1,2,0,0,0,2,0.0,0.0,0.0,0.0,0.0,0.0,False,False,,,True,,,0
56_evogrow_v2_2_stage_capped_pretune_on_10_1_123,paper1_phaseB_v1,10,evogrow_v2_2_stage_capped_pretune_on,123,1,1,2,0,0,0,2,0.0,0.0,0.0,0.0,0.0,0.0,False,False,,,True,,,0
57_evogrow_v2_2_stage_capped_pretune_on_10_1_7,paper1_phaseB_v1,10,evogrow_v2_2_stage_capped_pretune_on,7,1,1,2,0,0,0,2,0.0,0.0,0.0,0.0,0.0,0.0,False,False,,,True,,,0
58_evogrow_v2_2_stage_capped_pretune_on_10_2_42,paper1_phaseB_v1,10,evogrow_v2_2_stage_capped_pretune_on,42,2,1,1,0,0,0,1,0.0,0.0,0.0,0.0,0.0,0.0,False,False,,,True,,,0
59_evogrow_v2_2_stage_capped_pretune_on_10_2_123,paper1_phaseB_v1,10,evogrow_v2_2_stage_capped_pretune_on,123,2,1,1,0,0,0,1,0.0,0.0,0.0,0.0,0.0,0.0,False,False,,,True,,,0
60_evogrow_v2_2_stage_capped_pretune_on_10_2_7,paper1_phaseB_v1,10,evogrow_v2_2_stage_capped_pretune_on,7,2,1,1,0,0,0,1,0.0,0.0,0.0,0.0,0.0,0.0,False,False,,,True,,,0
61_evogrow_v2_2_stage_capped_pretune_on_11_1_42,paper1_phaseB_v1,11,evogrow_v2_2_stage_capped_pretune_on,42,1,1,3,1,1,0,2,0.3333333333333333,1.0,0.5,0.3333333333333333,1.0,0.5,False,False,False,True,False,,,0
62_evogrow_v2_2_stage_capped_pretune_on_11_1_123,paper1_phaseB_v1,11,evogrow_v2_2_stage_capped_pretune_on,123,1,1,3,1,1,0,2,0.3333333333333333,1.0,0.5,0.3333333333333333,1.0,0.5,False,False,False,True,False,,,0
63_evogrow_v2_2_stage_capped_pretune_on_11_1_7,paper1_phaseB_v1,11,evogrow_v2_2_stage_capped_pretune_on,7,1,1,3,1,1,0,2,0.3333333333333333,1.0,0.5,0.3333333333333333,1.0,0.5,False,False,False,True,False,,,0
64_evogrow_v2_2_stage_capped_pretune_on_11_2_42,paper1_phaseB_v1,11,evogrow_v2_2_stage_capped_pretune_on,42,2,1,2,1,0,1,2,0.0,0.0,0.0,0.0,0.0,0.0,False,False,False,False,True,,,0
65_evogrow_v2_2_stage_capped_pretune_on_11_2_123,paper1_phaseB_v1,11,evogrow_v2_2_stage_capped_pretune_on,123,2,1,2,1,0,1,2,0.0,0.0,0.0,0.0,0.0,0.0,False,False,False,False,True,,,0
66_evogrow_v2_2_stage_capped_pretune_on_11_2_7,paper1_phaseB_v1,11,evogrow_v2_2_stage_capped_pretune_on,7,2,1,2,1,0,1,2,0.0,0.0,0.0,0.0,0.0,0.0,False,False,False,False,True,,,0
67_evogrow_v2_2_stage_capped_pretune_on_12_1_42,paper1_phaseB_v1,12,evogrow_v2_2_stage_capped_pretune_on,42,1,1,2,2,2,0,0,1.0,1.0,1.0,1.0,1.0,1.0,True,True,True,True,True,,,0
68_evogrow_v2_2_stage_capped_pretune_on_12_1_123,paper1_phaseB_v1,12,evogrow_v2_2_stage_capped_pretune_on,123,1,1,2,2,2,0,0,1.0,1.0,1.0,1.0,1.0,1.0,True,True,True,True,True,,,0
69_evogrow_v2_2_stage_capped_pretune_on_12_1_7,paper1_phaseB_v1,12,evogrow_v2_2_stage_capped_pretune_on,7,1,1,2,2,2,0,0,1.0,1.0,1.0,1.0,1.0,1.0,True,True,True,True,True,,,0
70_evogrow_v2_2_stage_capped_pretune_on_12_2_42,paper1_phaseB_v1,12,evogrow_v2_2_stage_capped_pretune_on,42,2,1,2,2,2,0,0,1.0,1.0,1.0,1.0,1.0,1.0,True,True,True,True,True,,,0
71_evogrow_v2_2_stage_capped_pretune_on_12_2_123,paper1_phaseB_v1,12,evogrow_v2_2_stage_capped_pretune_on,123,2,1,2,2,2,0,0,1.0,1.0,1.0,1.0,1.0,1.0,True,True,True,True,True,,,0
72_evogrow_v2_2_stage_capped_pretune_on_12_2_7,paper1_phaseB_v1,12,evogrow_v2_2_stage_capped_pretune_on,7,2,1,2,2,2,0,0,1.0,1.0,1.0,1.0,1.0,1.0,True,True,True,True,True,,,0
73_evogrow_v2_2_stage_capped_pretune_on_13_1_42,paper1_phaseB_v1,13,evogrow_v2_2_stage_capped_pretune_on,42,1,1,3,1,0,1,3,0.0,0.0,0.0,0.0,0.0,0.0,False,False,,,True,,,0
74_evogrow_v2_2_stage_capped_pretune_on_13_1_123,paper1_phaseB_v1,13,evogrow_v2_2_stage_capped_pretune_on,123,1,1,3,1,0,1,3,0.0,0.0,0.0,0.0,0.0,0.0,False,False,,,True,,,0
75_evogrow_v2_2_stage_capped_pretune_on_13_1_7,paper1_phaseB_v1,13,evogrow_v2_2_stage_capped_pretune_on,7,1,1,3,1,0,1,3,0.0,0.0,0.0,0.0,0.0,0.0,False,False,,,True,,,0
76_evogrow_v2_2_stage_capped_pretune_on_13_2_42,paper1_phaseB_v1,13,evogrow_v2_2_stage_capped_pretune_on,42,2,1,2,1,0,1,2,0.0,0.0,0.0,0.0,0.0,0.0,False,False,,,True,,,0
77_evogrow_v2_2_stage_capped_pretune_on_13_2_123,paper1_phaseB_v1,13,evogrow_v2_2_stage_capped_pretune_on,123,2,1,2,1,0,1,2,0.0,0.0,0.0,0.0,0.0,0.0,False,False,,,True,,,0
78_evogrow_v2_2_stage_capped_pretune_on_13_2_7,paper1_phaseB_v1,13,evogrow_v2_2_stage_capped_pretune_on,7,2,1,2,1,0,1,2,0.0,0.0,0.0,0.0,0.0,0.0,False,False,,,True,,,0
79_evogrow_v2_2_stage_capped_pretune_on_14_1_42,paper1_phaseB_v1,14,evogrow_v2_2_stage_capped_pretune_on,42,1,1,2,2,2,0,0,1.0,1.0,1.0,1.0,1.0,1.0,True,True,,,True,,,0
80_evogrow_v2_2_stage_capped_pretune_on_14_1_123,paper1_phaseB_v1,14,evogrow_v2_2_stage_capped_pretune_on,123,1,1,2,2,2,0,0,1.0,1.0,1.0,1.0,1.0,1.0,True,True,,,True,,,0
81_evogrow_v2_2_stage_capped_pretune_on_14_1_7,paper1_phaseB_v1,14,evogrow_v2_2_stage_capped_pretune_on,7,1,1,2,2,2,0,0,1.0,1.0,1.0,1.0,1.0,1.0,True,True,,,True,,,0
82_evogrow_v2_2_stage_capped_pretune_on_14_2_42,paper1_phaseB_v1,14,evogrow_v2_2_stage_capped_pretune_on,42,2,1,2,2,2,0,0,1.0,1.0,1.0,1.0,1.0,1.0,True,True,,,True,,,0
83_evogrow_v2_2_stage_capped_pretune_on_14_2_123,paper1_phaseB_v1,14,evogrow_v2_2_stage_capped_pretune_on,123,2,1,2,2,2,0,0,1.0,1.0,1.0,1.0,1.0,1.0,True,True,,,True,,,0
84_evogrow_v2_2_stage_capped_pretune_on_14_2_7,paper1_phaseB_v1,14,evogrow_v2_2_stage_capped_pretune_on,7,2,1,2,2,2,0,0,1.0,1.0,1.0,1.0,1.0,1.0,True,True,,,True,,,0
85_evogrow_v2_2_stage_capped_pretune_on_15_1_42,paper1_phaseB_v1,15,evogrow_v2_2_stage_capped_pretune_on,42,1,1,3,2,2,0,1,0.6666666666666666,1.0,0.8,0.6666666666666666,1.0,0.8,False,False,,,True,,,0
86_evogrow_v2_2_stage_capped_pretune_on_15_1_123,paper1_phaseB_v1,15,evogrow_v2_2_stage_capped_pretune_on,123,1,1,3,2,2,0,1,0.6666666666666666,1.0,0.8,0.6666666666666666,1.0,0.8,False,False,,,True,,,0
87_evogrow_v2_2_stage_capped_pretune_on_15_1_7,paper1_phaseB_v1,15,evogrow_v2_2_stage_capped_pretune_on,7,1,1,3,2,2,0,1,0.6666666666666666,1.0,0.8,0.6666666666666666,1.0,0.8,False,False,,,True,,,0
88_evogrow_v2_2_stage_capped_pretune_on_15_2_42,paper1_phaseB_v1,15,evogrow_v2_2_stage_capped_pretune_on,42,2,1,1,2,1,1,0,1.0,0.5,0.6666666666666666,1.0,0.5,0.6666666666666666,False,False,,,True,,,0
89_evogrow_v2_2_stage_capped_pretune_on_15_2_123,paper1_phaseB_v1,15,evogrow_v2_2_stage_capped_pretune_on,123,2,1,1,2,1,1,0,1.0,0.5,0.6666666666666666,1.0,0.5,0.6666666666666666,False,False,,,True,,,0
90_evogrow_v2_2_stage_capped_pretune_on_15_2_7,paper1_phaseB_v1,15,evogrow_v2_2_stage_capped_pretune_on,7,2,1,1,2,1,1,0,1.0,0.5,0.6666666666666666,1.0,0.5,0.6666666666666666,False,False,,,True,,,0
91_evogrow_v2_2_stage_capped_pretune_on_16_1_42,paper1_phaseB_v1,16,evogrow_v2_2_stage_capped_pretune_on,42,1,1,4,2,2,0,2,0.5,1.0,0.6666666666666666,0.5,1.0,0.6666666666666666,False,False,,,True,,,0
92_evogrow_v2_2_stage_capped_pretune_on_16_1_123,paper1_phaseB_v1,16,evogrow_v2_2_stage_capped_pretune_on,123,1,1,4,2,2,0,2,0.5,1.0,0.6666666666666666,0.5,1.0,0.6666666666666666,False,False,,,True,,,0
93_evogrow_v2_2_stage_capped_pretune_on_16_1_7,paper1_phaseB_v1,16,evogrow_v2_2_stage_capped_pretune_on,7,1,1,4,2,2,0,2,0.5,1.0,0.6666666666666666,0.5,1.0,0.6666666666666666,False,False,,,True,,,0
94_evogrow_v2_2_stage_capped_pretune_on_16_2_42,paper1_phaseB_v1,16,evogrow_v2_2_stage_capped_pretune_on,42,2,1,4,2,2,0,2,0.5,1.0,0.6666666666666666,0.5,1.0,0.6666666666666666,False,False,,,True,,,0
95_evogrow_v2_2_stage_capped_pretune_on_16_2_123,paper1_phaseB_v1,16,evogrow_v2_2_stage_capped_pretune_on,123,2,1,4,2,2,0,2,0.5,1.0,0.6666666666666666,0.5,1.0,0.6666666666666666,False,False,,,True,,,0
96_evogrow_v2_2_stage_capped_pretune_on_16_2_7,paper1_phaseB_v1,16,evogrow_v2_2_stage_capped_pretune_on,7,2,1,4,2,2,0,2,0.5,1.0,0.6666666666666666,0.5,1.0,0.6666666666666666,False,False,,,True,,,0
97_evogrow_v2_2_stage_capped_pretune_on_17_1_42,paper1_phaseB_v1,17,evogrow_v2_2_stage_capped_pretune_on,42,1,1,3,2,2,0,1,0.6666666666666666,1.0,0.8,0.6666666666666666,1.0,0.8,False,False,,,True,,,0
98_evogrow_v2_2_stage_capped_pretune_on_17_1_123,paper1_phaseB_v1,17,evogrow_v2_2_stage_capped_pretune_on,123,1,1,3,2,2,0,1,0.6666666666666666,1.0,0.8,0.6666666666666666,1.0,0.8,False,False,,,True,,,0
99_evogrow_v2_2_stage_capped_pretune_on_17_1_7,paper1_phaseB_v1,17,evogrow_v2_2_stage_capped_pretune_on,7,1,1,3,2,2,0,1,0.6666666666666666,1.0,0.8,0.6666666666666666,1.0,0.8,False,False,,,True,,,0
100_evogrow_v2_2_stage_capped_pretune_on_17_2_42,paper1_phaseB_v1,17,evogrow_v2_2_stage_capped_pretune_on,42,2,1,2,2,2,0,0,1.0,1.0,1.0,1.0,1.0,1.0,True,True,,,True,,,0
101_evogrow_v2_2_stage_capped_pretune_on_17_2_123,paper1_phaseB_v1,17,evogrow_v2_2_stage_capped_pretune_on,123,2,1,2,2,2,0,0,1.0,1.0,1.0,1.0,1.0,1.0,True,True,,,True,,,0
102_evogrow_v2_2_stage_capped_pretune_on_17_2_7,paper1_phaseB_v1,17,evogrow_v2_2_stage_capped_pretune_on,7,2,1,2,2,2,0,0,1.0,1.0,1.0,1.0,1.0,1.0,True,True,,,True,,,0
103_evogrow_v2_2_stage_capped_pretune_on_18_1_42,paper1_phaseB_v1,18,evogrow_v2_2_stage_capped_pretune_on,42,1,1,2,2,2,0,0,1.0,1.0,1.0,1.0,1.0,1.0,True,True,,,True,,,0
104_evogrow_v2_2_stage_capped_pretune_on_18_1_123,paper1_phaseB_v1,18,evogrow_v2_2_stage_capped_pretune_on,123,1,1,2,2,2,0,0,1.0,1.0,1.0,1.0,1.0,1.0,True,True,,,True,,,0
105_evogrow_v2_2_stage_capped_pretune_on_18_1_7,paper1_phaseB_v1,18,evogrow_v2_2_stage_capped_pretune_on,7,1,1,2,2,2,0,0,1.0,1.0,1.0,1.0,1.0,1.0,True,True,,,True,,,0
106_evogrow_v2_2_stage_capped_pretune_on_18_2_42,paper1_phaseB_v1,18,evogrow_v2_2_stage_capped_pretune_on,42,2,1,2,2,2,0,0,1.0,1.0,1.0,1.0,1.0,1.0,True,True,,,True,,,0
107_evogrow_v2_2_stage_capped_pretune_on_18_2_123,paper1_phaseB_v1,18,evogrow_v2_2_stage_capped_pretune_on,123,2,1,2,2,2,0,0,1.0,1.0,1.0,1.0,1.0,1.0,True,True,,,True,,,0
108_evogrow_v2_2_stage_capped_pretune_on_18_2_7,paper1_phaseB_v1,18,evogrow_v2_2_stage_capped_pretune_on,7,2,1,2,2,2,0,0,1.0,1.0,1.0,1.0,1.0,1.0,True,True,,,True,,,0
109_evogrow_v2_2_stage_capped_pretune_on_19_1_42,paper1_phaseB_v1,19,evogrow_v2_2_stage_capped_pretune_on,42,1,1,2,2,2,0,0,1.0,1.0,1.0,1.0,1.0,1.0,True,True,,,True,,,0
110_evogrow_v2_2_stage_capped_pretune_on_19_1_123,paper1_phaseB_v1,19,evogrow_v2_2_stage_capped_pretune_on,123,1,1,2,2,2,0,0,1.0,1.0,1.0,1.0,1.0,1.0,True,True,,,True,,,0
111_evogrow_v2_2_stage_capped_pretune_on_19_1_7,paper1_phaseB_v1,19,evogrow_v2_2_stage_capped_pretune_on,7,1,1,2,2,2,0,0,1.0,1.0,1.0,1.0,1.0,1.0,True,True,,,True,,,0
112_evogrow_v2_2_stage_capped_pretune_on_19_2_42,paper1_phaseB_v1,19,evogrow_v2_2_stage_capped_pretune_on,42,2,1,2,2,2,0,0,1.0,1.0,1.0,1.0,1.0,1.0,True,True,,,True,,,0
113_evogrow_v2_2_stage_capped_pretune_on_19_2_123,paper1_phaseB_v1,19,evogrow_v2_2_stage_capped_pretune_on,123,2,1,2,2,2,0,0,1.0,1.0,1.0,1.0,1.0,1.0,True,True,,,True,,,0
114_evogrow_v2_2_stage_capped_pretune_on_19_2_7,paper1_phaseB_v1,19,evogrow_v2_2_stage_capped_pretune_on,7,2,1,2,2,2,0,0,1.0,1.0,1.0,1.0,1.0,1.0,True,True,,,True,,,0
115_evogrow_v2_2_stage_capped_pretune_on_20_1_42,paper1_phaseB_v1,20,evogrow_v2_2_stage_capped_pretune_on,42,1,1,3,1,1,0,2,0.3333333333333333,1.0,0.5,0.3333333333333333,1.0,0.5,False,False,,,True,,,0
116_evogrow_v2_2_stage_capped_pretune_on_20_1_123,paper1_phaseB_v1,20,evogrow_v2_2_stage_capped_pretune_on,123,1,1,3,1,1,0,2,0.3333333333333333,1.0,0.5,0.3333333333333333,1.0,0.5,False,False,,,True,,,0
117_evogrow_v2_2_stage_capped_pretune_on_20_1_7,paper1_phaseB_v1,20,evogrow_v2_2_stage_capped_pretune_on,7,1,1,3,1,1,0,2,0.3333333333333333,1.0,0.5,0.3333333333333333,1.0,0.5,False,False,,,True,,,0
118_evogrow_v2_2_stage_capped_pretune_on_20_2_42,paper1_phaseB_v1,20,evogrow_v2_2_stage_capped_pretune_on,42,2,1,1,1,1,0,0,1.0,1.0,1.0,1.0,1.0,1.0,True,True,,,True,,,0
119_evogrow_v2_2_stage_capped_pretune_on_20_2_123,paper1_phaseB_v1,20,evogrow_v2_2_stage_capped_pretune_on,123,2,1,1,1,1,0,0,1.0,1.0,1.0,1.0,1.0,1.0,True,True,,,True,,,0
120_evogrow_v2_2_stage_capped_pretune_on_20_2_7,paper1_phaseB_v1,20,evogrow_v2_2_stage_capped_pretune_on,7,2,1,1,1,1,0,0,1.0,1.0,1.0,1.0,1.0,1.0,True,True,,,True,,,0
121_evogrow_v2_2_stage_capped_pretune_on_21_1_42,paper1_phaseB_v1,21,evogrow_v2_2_stage_capped_pretune_on,42,1,1,4,1,1,0,3,0.25,1.0,0.4,0.25,1.0,0.4,False,False,,,True,,,0
122_evogrow_v2_2_stage_capped_pretune_on_21_1_123,paper1_phaseB_v1,21,evogrow_v2_2_stage_capped_pretune_on,123,1,1,4,1,1,0,3,0.25,1.0,0.4,0.25,1.0,0.4,False,False,,,True,,,0
123_evogrow_v2_2_stage_capped_pretune_on_21_1_7,paper1_phaseB_v1,21,evogrow_v2_2_stage_capped_pretune_on,7,1,1,4,1,1,0,3,0.25,1.0,0.4,0.25,1.0,0.4,False,False,,,True,,,0
124_evogrow_v2_2_stage_capped_pretune_on_21_2_42,paper1_phaseB_v1,21,evogrow_v2_2_stage_capped_pretune_on,42,2,1,3,1,1,0,2,0.3333333333333333,1.0,0.5,0.3333333333333333,1.0,0.5,False,False,,,True,,,0
125_evogrow_v2_2_stage_capped_pretune_on_21_2_123,paper1_phaseB_v1,21,evogrow_v2_2_stage_capped_pretune_on,123,2,1,3,1,1,0,2,0.3333333333333333,1.0,0.5,0.3333333333333333,1.0,0.5,False,False,,,True,,,0
126_evogrow_v2_2_stage_capped_pretune_on_21_2_7,paper1_phaseB_v1,21,evogrow_v2_2_stage_capped_pretune_on,7,2,1,3,1,1,0,2,0.3333333333333333,1.0,0.5,0.3333333333333333,1.0,0.5,False,False,,,True,,,0
127_evogrow_v2_2_stage_capped_pretune_on_22_1_42,paper1_phaseB_v1,22,evogrow_v2_2_stage_capped_pretune_on,42,1,1,2,1,1,0,1,0.5,1.0,0.6666666666666666,0.5,1.0,0.6666666666666666,False,False,,,True,,,0
128_evogrow_v2_2_stage_capped_pretune_on_22_1_123,paper1_phaseB_v1,22,evogrow_v2_2_stage_capped_pretune_on,123,1,1,2,1,1,0,1,0.5,1.0,0.6666666666666666,0.5,1.0,0.6666666666666666,False,False,,,True,,,0
129_evogrow_v2_2_stage_capped_pretune_on_22_1_7,paper1_phaseB_v1,22,evogrow_v2_2_stage_capped_pretune_on,7,1,1,2,1,1,0,1,0.5,1.0,0.6666666666666666,0.5,1.0,0.6666666666666666,False,False,,,True,,,0
130_evogrow_v2_2_stage_capped_pretune_on_22_2_42,paper1_phaseB_v1,22,evogrow_v2_2_stage_capped_pretune_on,42,2,1,3,1,1,0,2,0.3333333333333333,1.0,0.5,0.3333333333333333,1.0,0.5,False,False,,,True,,,0
131_evogrow_v2_2_stage_capped_pretune_on_22_2_123,paper1_phaseB_v1,22,evogrow_v2_2_stage_capped_pretune_on,123,2,1,3,1,1,0,2,0.3333333333333333,1.0,0.5,0.3333333333333333,1.0,0.5,False,False,,,True,,,0
132_evogrow_v2_2_stage_capped_pretune_on_22_2_7,paper1_phaseB_v1,22,evogrow_v2_2_stage_capped_pretune_on,7,2,1,3,1,1,0,2,0.3333333333333333,1.0,0.5,0.3333333333333333,1.0,0.5,False,False,,,True,,,0
133_evogrow_v2_2_stage_capped_pretune_on_23_1_42,paper1_phaseB_v1,23,evogrow_v2_2_stage_capped_pretune_on,42,1,1,3,1,0,1,3,0.0,0.0,0.0,0.0,0.0,0.0,False,False,,,True,,,0
134_evogrow_v2_2_stage_capped_pretune_on_23_1_123,paper1_phaseB_v1,23,evogrow_v2_2_stage_capped_pretune_on,123,1,1,3,1,0,1,3,0.0,0.0,0.0,0.0,0.0,0.0,False,False,,,True,,,0
135_evogrow_v2_2_stage_capped_pretune_on_23_1_7,paper1_phaseB_v1,23,evogrow_v2_2_stage_capped_pretune_on,7,1,1,3,1,0,1,3,0.0,0.0,0.0,0.0,0.0,0.0,False,False,,,True,,,0
136_evogrow_v2_2_stage_capped_pretune_on_23_2_42,paper1_phaseB_v1,23,evogrow_v2_2_stage_capped_pretune_on,42,2,1,3,1,0,1,3,0.0,0.0,0.0,0.0,0.0,0.0,False,False,,,True,,,0
137_evogrow_v2_2_stage_capped_pretune_on_23_2_123,paper1_phaseB_v1,23,evogrow_v2_2_stage_capped_pretune_on,123,2,1,3,1,0,1,3,0.0,0.0,0.0,0.0,0.0,0.0,False,False,,,True,,,0
138_evogrow_v2_2_stage_capped_pretune_on_23_2_7,paper1_phaseB_v1,23,evogrow_v2_2_stage_capped_pretune_on,7,2,1,3,1,0,1,3,0.0,0.0,0.0,0.0,0.0,0.0,False,False,,,True,,,0
139_evogrow_v2_2_stage_capped_pretune_on_24_1_42,paper1_phaseB_v1,24,evogrow_v2_2_stage_capped_pretune_on,42,1,2,2,2,2,0,0,1.0,1.0,1.0,1.0,1.0,1.0,True,True,True,True,True,,,0
140_evogrow_v2_2_stage_capped_pretune_on_24_1_123,paper1_phaseB_v1,24,evogrow_v2_2_stage_capped_pretune_on,123,1,2,2,2,2,0,0,1.0,1.0,1.0,1.0,1.0,1.0,True,True,True,True,True,,,0
141_evogrow_v2_2_stage_capped_pretune_on_24_1_7,paper1_phaseB_v1,24,evogrow_v2_2_stage_capped_pretune_on,7,1,2,2,2,2,0,0,1.0,1.0,1.0,1.0,1.0,1.0,True,True,True,True,True,,,0
142_evogrow_v2_2_stage_capped_pretune_on_24_2_42,paper1_phaseB_v1,24,evogrow_v2_2_stage_capped_pretune_on,42,2,2,2,2,2,0,0,1.0,1.0,1.0,1.0,1.0,1.0,True,True,True,True,True,,,0
143_evogrow_v2_2_stage_capped_pretune_on_24_2_123,paper1_phaseB_v1,24,evogrow_v2_2_stage_capped_pretune_on,123,2,2,2,2,2,0,0,1.0,1.0,1.0,1.0,1.0,1.0,True,True,True,True,True,,,0
144_evogrow_v2_2_stage_capped_pretune_on_24_2_7,paper1_phaseB_v1,24,evogrow_v2_2_stage_capped_pretune_on,7,2,2,2,2,2,0,0,1.0,1.0,1.0,1.0,1.0,1.0,True,True,True,True,True,,,0
145_evogrow_v2_2_stage_capped_pretune_on_25_1_42,paper1_phaseB_v1,25,evogrow_v2_2_stage_capped_pretune_on,42,1,2,3,3,3,0,0,1.0,1.0,1.0,1.0,1.0,1.0,True,True,True,True,True,,,0
146_evogrow_v2_2_stage_capped_pretune_on_25_1_123,paper1_phaseB_v1,25,evogrow_v2_2_stage_capped_pretune_on,123,1,2,3,3,3,0,0,1.0,1.0,1.0,1.0,1.0,1.0,True,True,True,True,True,,,0
147_evogrow_v2_2_stage_capped_pretune_on_25_1_7,paper1_phaseB_v1,25,evogrow_v2_2_stage_capped_pretune_on,7,1,2,3,3,3,0,0,1.0,1.0,1.0,1.0,1.0,1.0,True,True,True,True,True,,,0
148_evogrow_v2_2_stage_capped_pretune_on_25_2_42,paper1_phaseB_v1,25,evogrow_v2_2_stage_capped_pretune_on,42,2,2,3,3,3,0,0,1.0,1.0,1.0,1.0,1.0,1.0,True,True,True,True,True,,,0
149_evogrow_v2_2_stage_capped_pretune_on_25_2_123,paper1_phaseB_v1,25,evogrow_v2_2_stage_capped_pretune_on,123,2,2,3,3,3,0,0,1.0,1.0,1.0,1.0,1.0,1.0,True,True,True,True,True,,,0
150_evogrow_v2_2_stage_capped_pretune_on_25_2_7,paper1_phaseB_v1,25,evogrow_v2_2_stage_capped_pretune_on,7,2,2,3,3,3,0,0,1.0,1.0,1.0,1.0,1.0,1.0,True,True,True,True,True,,,0
151_evogrow_v2_2_stage_capped_pretune_on_26_1_42,paper1_phaseB_v1,26,evogrow_v2_2_stage_capped_pretune_on,42,1,2,7,6,3,3,4,0.41666666666666663,0.5,0.45238095238095244,0.42857142857142855,0.5,0.4615384615384615,False,False,False,False,True,,,0
152_evogrow_v2_2_stage_capped_pretune_on_26_1_123,paper1_phaseB_v1,26,evogrow_v2_2_stage_capped_pretune_on,123,1,2,7,6,3,3,4,0.41666666666666663,0.5,0.45238095238095244,0.42857142857142855,0.5,0.4615384615384615,False,False,False,False,True,,,0
153_evogrow_v2_2_stage_capped_pretune_on_26_1_7,paper1_phaseB_v1,26,evogrow_v2_2_stage_capped_pretune_on,7,1,2,7,6,4,2,3,0.5416666666666666,0.6666666666666666,0.5952380952380952,0.5714285714285714,0.6666666666666666,0.6153846153846153,False,False,False,False,True,,,0
154_evogrow_v2_2_stage_capped_pretune_on_26_2_42,paper1_phaseB_v1,26,evogrow_v2_2_stage_capped_pretune_on,42,2,2,6,6,4,2,2,0.6666666666666666,0.6666666666666666,0.6666666666666666,0.6666666666666666,0.6666666666666666,0.6666666666666666,False,False,False,False,True,,,0
155_evogrow_v2_2_stage_capped_pretune_on_26_2_123,paper1_phaseB_v1,26,evogrow_v2_2_stage_capped_pretune_on,123,2,2,6,6,4,2,2,0.6666666666666666,0.6666666666666666,0.6666666666666666,0.6666666666666666,0.6666666666666666,0.6666666666666666,False,False,False,False,True,,,0
156_evogrow_v2_2_stage_capped_pretune_on_26_2_7,paper1_phaseB_v1,26,evogrow_v2_2_stage_capped_pretune_on,7,2,2,6,6,4,2,2,0.6666666666666666,0.6666666666666666,0.6666666666666666,0.6666666666666666,0.6666666666666666,0.6666666666666666,False,False,False,False,True,,,0
157_evogrow_v2_2_stage_capped_pretune_on_27_1_42,paper1_phaseB_v1,27,evogrow_v2_2_stage_capped_pretune_on,42,1,2,7,4,4,0,3,0.5833333333333333,1.0,0.7333333333333334,0.5714285714285714,1.0,0.7272727272727273,False,False,False,True,False,,,0
158_evogrow_v2_2_stage_capped_pretune_on_27_1_123,paper1_phaseB_v1,27,evogrow_v2_2_stage_capped_pretune_on,123,1,2,8,4,4,0,4,0.5,1.0,0.6666666666666666,0.5,1.0,0.6666666666666666,False,False,False,True,False,,,0
159_evogrow_v2_2_stage_capped_pretune_on_27_1_7,paper1_phaseB_v1,27,evogrow_v2_2_stage_capped_pretune_on,7,1,2,9,4,4,0,5,0.45,1.0,0.6190476190476191,0.4444444444444444,1.0,0.6153846153846153,False,False,False,False,True,,,0
160_evogrow_v2_2_stage_capped_pretune_on_27_2_42,paper1_phaseB_v1,27,evogrow_v2_2_stage_capped_pretune_on,42,2,2,10,4,4,0,6,0.4,1.0,0.5714285714285715,0.4,1.0,0.5714285714285715,False,False,False,True,False,,,0
161_evogrow_v2_2_stage_capped_pretune_on_27_2_123,paper1_phaseB_v1,27,evogrow_v2_2_stage_capped_pretune_on,123,2,2,10,4,4,0,6,0.4,1.0,0.5714285714285715,0.4,1.0,0.5714285714285715,False,False,False,True,False,,,0
162_evogrow_v2_2_stage_capped_pretune_on_27_2_7,paper1_phaseB_v1,27,evogrow_v2_2_stage_capped_pretune_on,7,2,2,10,4,4,0,6,0.4,1.0,0.5714285714285715,0.4,1.0,0.5714285714285715,False,False,False,True,False,,,0
163_evogrow_v2_2_stage_capped_pretune_on_28_1_42,paper1_phaseB_v1,28,evogrow_v2_2_stage_capped_pretune_on,42,1,2,3,2,1,1,2,0.5,0.5,0.5,0.3333333333333333,0.5,0.4,False,False,False,False,True,,,0
164_evogrow_v2_2_stage_capped_pretune_on_28_1_123,paper1_phaseB_v1,28,evogrow_v2_2_stage_capped_pretune_on,123,1,2,3,2,1,1,2,0.5,0.5,0.5,0.3333333333333333,0.5,0.4,False,False,False,False,True,,,0
165_evogrow_v2_2_stage_capped_pretune_on_28_1_7,paper1_phaseB_v1,28,evogrow_v2_2_stage_capped_pretune_on,7,1,2,3,2,1,1,2,0.5,0.5,0.5,0.3333333333333333,0.5,0.4,False,False,False,False,True,,,0
166_evogrow_v2_2_stage_capped_pretune_on_28_2_42,paper1_phaseB_v1,28,evogrow_v2_2_stage_capped_pretune_on,42,2,2,2,2,1,1,1,0.5,0.5,0.5,0.5,0.5,0.5,False,False,False,False,True,,,0
167_evogrow_v2_2_stage_capped_pretune_on_28_2_123,paper1_phaseB_v1,28,evogrow_v2_2_stage_capped_pretune_on,123,2,2,2,2,1,1,1,0.5,0.5,0.5,0.5,0.5,0.5,False,False,False,False,True,,,0
168_evogrow_v2_2_stage_capped_pretune_on_28_2_7,paper1_phaseB_v1,28,evogrow_v2_2_stage_capped_pretune_on,7,2,2,2,2,1,1,1,0.5,0.5,0.5,0.5,0.5,0.5,False,False,False,False,True,,,0
169_evogrow_v2_2_stage_capped_pretune_on_29_1_42,paper1_phaseB_v1,29,evogrow_v2_2_stage_capped_pretune_on,42,1,2,7,3,2,1,5,0.29166666666666663,0.75,0.4,0.2857142857142857,0.6666666666666666,0.4,False,False,False,False,True,,,0
170_evogrow_v2_2_stage_capped_pretune_on_29_1_123,paper1_phaseB_v1,29,evogrow_v2_2_stage_capped_pretune_on,123,1,2,7,3,2,1,5,0.29166666666666663,0.75,0.4,0.2857142857142857,0.6666666666666666,0.4,False,False,False,False,True,,,0
171_evogrow_v2_2_stage_capped_pretune_on_29_1_7,paper1_phaseB_v1,29,evogrow_v2_2_stage_capped_pretune_on,7,1,2,7,3,2,1,5,0.29166666666666663,0.75,0.4,0.2857142857142857,0.6666666666666666,0.4,False,False,False,False,True,,,0
172_evogrow_v2_2_stage_capped_pretune_on_29_2_42,paper1_phaseB_v1,29,evogrow_v2_2_stage_capped_pretune_on,42,2,2,5,3,0,3,5,0.0,0.0,0.0,0.0,0.0,0.0,False,False,False,False,True,,,0
173_evogrow_v2_2_stage_capped_pretune_on_29_2_123,paper1_phaseB_v1,29,evogrow_v2_2_stage_capped_pretune_on,123,2,2,5,3,0,3,5,0.0,0.0,0.0,0.0,0.0,0.0,False,False,False,False,True,,,0
174_evogrow_v2_2_stage_capped_pretune_on_29_2_7,paper1_phaseB_v1,29,evogrow_v2_2_stage_capped_pretune_on,7,2,2,5,3,0,3,5,0.0,0.0,0.0,0.0,0.0,0.0,False,False,False,False,True,,,0
175_evogrow_v2_2_stage_capped_pretune_on_30_1_42,paper1_phaseB_v1,30,evogrow_v2_2_stage_capped_pretune_on,42,1,2,2,2,0,2,2,0.0,0.0,0.0,0.0,0.0,0.0,False,False,,,True,,,0
176_evogrow_v2_2_stage_capped_pretune_on_30_1_123,paper1_phaseB_v1,30,evogrow_v2_2_stage_capped_pretune_on,123,1,2,2,2,0,2,2,0.0,0.0,0.0,0.0,0.0,0.0,False,False,,,True,,,0
177_evogrow_v2_2_stage_capped_pretune_on_30_1_7,paper1_phaseB_v1,30,evogrow_v2_2_stage_capped_pretune_on,7,1,2,2,2,0,2,2,0.0,0.0,0.0,0.0,0.0,0.0,False,False,,,True,,,0
178_evogrow_v2_2_stage_capped_pretune_on_30_2_42,paper1_phaseB_v1,30,evogrow_v2_2_stage_capped_pretune_on,42,2,2,2,2,0,2,2,0.0,0.0,0.0,0.0,0.0,0.0,False,False,,,True,,,0
179_evogrow_v2_2_stage_capped_pretune_on_30_2_123,paper1_phaseB_v1,30,evogrow_v2_2_stage_capped_pretune_on,123,2,2,2,2,0,2,2,0.0,0.0,0.0,0.0,0.0,0.0,False,False,,,True,,,0
180_evogrow_v2_2_stage_capped_pretune_on_30_2_7,paper1_phaseB_v1,30,evogrow_v2_2_stage_capped_pretune_on,7,2,2,2,2,0,2,2,0.0,0.0,0.0,0.0,0.0,0.0,False,False,,,True,,,0
181_evogrow_v2_2_stage_capped_pretune_on_31_1_42,paper1_phaseB_v1,31,evogrow_v2_2_stage_capped_pretune_on,42,1,2,6,3,1,2,5,0.16666666666666666,0.25,0.2,0.16666666666666666,0.3333333333333333,0.2222222222222222,False,False,False,False,True,,,0
182_evogrow_v2_2_stage_capped_pretune_on_31_1_123,paper1_phaseB_v1,31,evogrow_v2_2_stage_capped_pretune_on,123,1,2,6,3,1,2,5,0.16666666666666666,0.25,0.2,0.16666666666666666,0.3333333333333333,0.2222222222222222,False,False,False,False,True,,,0
183_evogrow_v2_2_stage_capped_pretune_on_31_1_7,paper1_phaseB_v1,31,evogrow_v2_2_stage_capped_pretune_on,7,1,2,6,3,1,2,5,0.16666666666666666,0.25,0.2,0.16666666666666666,0.3333333333333333,0.2222222222222222,False,False,False,False,True,,,0
184_evogrow_v2_2_stage_capped_pretune_on_31_2_42,paper1_phaseB_v1,31,evogrow_v2_2_stage_capped_pretune_on,42,2,2,7,3,3,0,4,0.41666666666666663,1.0,0.5833333333333333,0.42857142857142855,1.0,0.6,False,False,False,False,True,,,0
185_evogrow_v2_2_stage_capped_pretune_on_31_2_123,paper1_phaseB_v1,31,evogrow_v2_2_stage_capped_pretune_on,123,2,2,7,3,3,0,4,0.41666666666666663,1.0,0.5833333333333333,0.42857142857142855,1.0,0.6,False,False,False,False,True,,,0
186_evogrow_v2_2_stage_capped_pretune_on_31_2_7,paper1_phaseB_v1,31,evogrow_v2_2_stage_capped_pretune_on,7,2,2,7,3,3,0,4,0.41666666666666663,1.0,0.5833333333333333,0.42857142857142855,1.0,0.6,False,False,False,False,True,,,0
187_evogrow_v2_2_stage_capped_pretune_on_32_1_42,paper1_phaseB_v1,32,evogrow_v2_2_stage_capped_pretune_on,42,1,2,9,4,4,0,5,0.425,1.0,0.575,0.4444444444444444,1.0,0.6153846153846153,False,False,False,True,False,,,0
188_evogrow_v2_2_stage_capped_pretune_on_32_1_123,paper1_phaseB_v1,32,evogrow_v2_2_stage_capped_pretune_on,123,1,2,9,4,4,0,5,0.425,1.0,0.575,0.4444444444444444,1.0,0.6153846153846153,False,False,False,True,False,,,0
189_evogrow_v2_2_stage_capped_pretune_on_32_1_7,paper1_phaseB_v1,32,evogrow_v2_2_stage_capped_pretune_on,7,1,2,9,4,4,0,5,0.425,1.0,0.575,0.4444444444444444,1.0,0.6153846153846153,False,False,False,True,False,,,0
190_evogrow_v2_2_stage_capped_pretune_on_32_2_42,paper1_phaseB_v1,32,evogrow_v2_2_stage_capped_pretune_on,42,2,2,3,4,2,2,1,0.75,0.6666666666666666,0.5833333333333333,0.6666666666666666,0.5,0.5714285714285715,False,False,False,False,True,,,0
191_evogrow_v2_2_stage_capped_pretune_on_32_2_123,paper1_phaseB_v1,32,evogrow_v2_2_stage_capped_pretune_on,123,2,2,3,4,2,2,1,0.75,0.6666666666666666,0.5833333333333333,0.6666666666666666,0.5,0.5714285714285715,False,False,False,False,True,,,0
192_evogrow_v2_2_stage_capped_pretune_on_32_2_7,paper1_phaseB_v1,32,evogrow_v2_2_stage_capped_pretune_on,7,2,2,3,4,2,2,1,0.75,0.6666666666666666,0.5833333333333333,0.6666666666666666,0.5,0.5714285714285715,False,False,False,False,True,,,0
193_evogrow_v2_2_stage_capped_pretune_on_33_1_42,paper1_phaseB_v1,33,evogrow_v2_2_stage_capped_pretune_on,42,1,2,11,3,3,0,8,0.2833333333333333,1.0,0.4285714285714286,0.2727272727272727,1.0,0.42857142857142855,False,False,,,True,,,0
194_evogrow_v2_2_stage_capped_pretune_on_33_1_123,paper1_phaseB_v1,33,evogrow_v2_2_stage_capped_pretune_on,123,1,2,12,3,3,0,9,0.25,1.0,0.39285714285714285,0.25,1.0,0.4,False,False,,,True,,,0
195_evogrow_v2_2_stage_capped_pretune_on_33_1_7,paper1_phaseB_v1,33,evogrow_v2_2_stage_capped_pretune_on,7,1,2,11,3,2,1,9,0.18333333333333335,0.75,0.2916666666666667,0.18181818181818182,0.6666666666666666,0.28571428571428575,False,False,,,True,,,0
196_evogrow_v2_2_stage_capped_pretune_on_33_2_42,paper1_phaseB_v1,33,evogrow_v2_2_stage_capped_pretune_on,42,2,2,11,3,3,0,8,0.2833333333333333,1.0,0.4285714285714286,0.2727272727272727,1.0,0.42857142857142855,False,False,,,True,,,0
197_evogrow_v2_2_stage_capped_pretune_on_33_2_123,paper1_phaseB_v1,33,evogrow_v2_2_stage_capped_pretune_on,123,2,2,11,3,3,0,8,0.2833333333333333,1.0,0.4285714285714286,0.2727272727272727,1.0,0.42857142857142855,False,False,,,True,,,0
198_evogrow_v2_2_stage_capped_pretune_on_33_2_7,paper1_phaseB_v1,33,evogrow_v2_2_stage_capped_pretune_on,7,2,2,11,3,3,0,8,0.2833333333333333,1.0,0.4285714285714286,0.2727272727272727,1.0,0.42857142857142855,False,False,,,True,,,0
199_evogrow_v2_2_stage_capped_pretune_on_34_1_42,paper1_phaseB_v1,34,evogrow_v2_2_stage_capped_pretune_on,42,1,2,3,2,1,1,2,0.5,0.5,0.5,0.3333333333333333,0.5,0.4,False,False,,,True,,,0
200_evogrow_v2_2_stage_capped_pretune_on_34_1_123,paper1_phaseB_v1,34,evogrow_v2_2_stage_capped_pretune_on,123,1,2,3,2,1,1,2,0.5,0.5,0.5,0.3333333333333333,0.5,0.4,False,False,,,True,,,0
201_evogrow_v2_2_stage_capped_pretune_on_34_1_7,paper1_phaseB_v1,34,evogrow_v2_2_stage_capped_pretune_on,7,1,2,3,2,1,1,2,0.5,0.5,0.5,0.3333333333333333,0.5,0.4,False,False,,,True,,,0
202_evogrow_v2_2_stage_capped_pretune_on_34_2_42,paper1_phaseB_v1,34,evogrow_v2_2_stage_capped_pretune_on,42,2,2,4,2,1,1,3,0.25,0.5,0.3333333333333333,0.25,0.5,0.3333333333333333,False,False,,,True,,,0
203_evogrow_v2_2_stage_capped_pretune_on_34_2_123,paper1_phaseB_v1,34,evogrow_v2_2_stage_capped_pretune_on,123,2,2,4,2,1,1,3,0.25,0.5,0.3333333333333333,0.25,0.5,0.3333333333333333,False,False,,,True,,,0
204_evogrow_v2_2_stage_capped_pretune_on_34_2_7,paper1_phaseB_v1,34,evogrow_v2_2_stage_capped_pretune_on,7,2,2,4,2,1,1,3,0.25,0.5,0.3333333333333333,0.25,0.5,0.3333333333333333,False,False,,,True,,,0
205_evogrow_v2_2_stage_capped_pretune_on_35_1_42,paper1_phaseB_v1,35,evogrow_v2_2_stage_capped_pretune_on,42,1,2,9,0,0,0,9,0.0,0.0,0.0,0.0,0.0,0.0,False,False,,,True,,,0
206_evogrow_v2_2_stage_capped_pretune_on_35_1_123,paper1_phaseB_v1,35,evogrow_v2_2_stage_capped_pretune_on,123,1,2,9,0,0,0,9,0.0,0.0,0.0,0.0,0.0,0.0,False,False,,,True,,,0
207_evogrow_v2_2_stage_capped_pretune_on_35_1_7,paper1_phaseB_v1,35,evogrow_v2_2_stage_capped_pretune_on,7,1,2,9,0,0,0,9,0.0,0.0,0.0,0.0,0.0,0.0,False,False,,,True,,,0
208_evogrow_v2_2_stage_capped_pretune_on_35_2_42,paper1_phaseB_v1,35,evogrow_v2_2_stage_capped_pretune_on,42,2,2,6,0,0,0,6,0.0,0.0,0.0,0.0,0.0,0.0,False,False,,,True,,,0
209_evogrow_v2_2_stage_capped_pretune_on_35_2_123,paper1_phaseB_v1,35,evogrow_v2_2_stage_capped_pretune_on,123,2,2,6,0,0,0,6,0.0,0.0,0.0,0.0,0.0,0.0,False,False,,,True,,,0
210_evogrow_v2_2_stage_capped_pretune_on_35_2_7,paper1_phaseB_v1,35,evogrow_v2_2_stage_capped_pretune_on,7,2,2,6,0,0,0,6,0.0,0.0,0.0,0.0,0.0,0.0,False,False,,,True,,,0
211_evogrow_v2_2_stage_capped_pretune_on_36_1_42,paper1_phaseB_v1,36,evogrow_v2_2_stage_capped_pretune_on,42,1,2,3,3,2,1,1,0.75,0.75,0.75,0.6666666666666666,0.6666666666666666,0.6666666666666666,False,False,,,True,,,0
212_evogrow_v2_2_stage_capped_pretune_on_36_1_123,paper1_phaseB_v1,36,evogrow_v2_2_stage_capped_pretune_on,123,1,2,3,3,2,1,1,0.75,0.75,0.75,0.6666666666666666,0.6666666666666666,0.6666666666666666,False,False,,,True,,,0
213_evogrow_v2_2_stage_capped_pretune_on_36_1_7,paper1_phaseB_v1,36,evogrow_v2_2_stage_capped_pretune_on,7,1,2,3,3,2,1,1,0.75,0.75,0.75,0.6666666666666666,0.6666666666666666,0.6666666666666666,False,False,,,True,,,0
214_evogrow_v2_2_stage_capped_pretune_on_36_2_42,paper1_phaseB_v1,36,evogrow_v2_2_stage_capped_pretune_on,42,2,2,3,3,2,1,1,0.75,0.75,0.75,0.6666666666666666,0.6666666666666666,0.6666666666666666,False,False,,,True,,,0
215_evogrow_v2_2_stage_capped_pretune_on_36_2_123,paper1_phaseB_v1,36,evogrow_v2_2_stage_capped_pretune_on,123,2,2,3,3,2,1,1,0.75,0.75,0.75,0.6666666666666666,0.6666666666666666,0.6666666666666666,False,False,,,True,,,0
216_evogrow_v2_2_stage_capped_pretune_on_36_2_7,paper1_phaseB_v1,36,evogrow_v2_2_stage_capped_pretune_on,7,2,2,3,3,2,1,1,0.75,0.75,0.75,0.6666666666666666,0.6666666666666666,0.6666666666666666,False,False,,,True,,,0
217_evogrow_v2_2_stage_capped_pretune_on_37_1_42,paper1_phaseB_v1,37,evogrow_v2_2_stage_capped_pretune_on,42,1,2,11,3,3,0,8,0.26666666666666666,1.0,0.4166666666666667,0.2727272727272727,1.0,0.42857142857142855,False,False,,,True,,,0
218_evogrow_v2_2_stage_capped_pretune_on_37_1_123,paper1_phaseB_v1,37,evogrow_v2_2_stage_capped_pretune_on,123,1,2,9,3,3,0,6,0.41666666666666663,1.0,0.5428571428571429,0.3333333333333333,1.0,0.5,False,False,,,True,,,0
219_evogrow_v2_2_stage_capped_pretune_on_37_1_7,paper1_phaseB_v1,37,evogrow_v2_2_stage_capped_pretune_on,7,1,2,11,3,3,0,8,0.26666666666666666,1.0,0.4166666666666667,0.2727272727272727,1.0,0.42857142857142855,False,False,,,True,,,0
220_evogrow_v2_2_stage_capped_pretune_on_37_2_42,paper1_phaseB_v1,37,evogrow_v2_2_stage_capped_pretune_on,42,2,2,10,3,3,0,7,0.3333333333333333,1.0,0.47619047619047616,0.3,1.0,0.4615384615384615,False,False,,,True,,,0
221_evogrow_v2_2_stage_capped_pretune_on_37_2_123,paper1_phaseB_v1,37,evogrow_v2_2_stage_capped_pretune_on,123,2,2,10,3,3,0,7,0.3333333333333333,1.0,0.47619047619047616,0.3,1.0,0.4615384615384615,False,False,,,True,,,0
222_evogrow_v2_2_stage_capped_pretune_on_37_2_7,paper1_phaseB_v1,37,evogrow_v2_2_stage_capped_pretune_on,7,2,2,10,3,3,0,7,0.3333333333333333,1.0,0.47619047619047616,0.3,1.0,0.4615384615384615,False,False,,,True,,,0
223_evogrow_v2_2_stage_capped_pretune_on_38_1_42,paper1_phaseB_v1,38,evogrow_v2_2_stage_capped_pretune_on,42,1,2,11,4,4,0,7,0.35,1.0,0.5,0.36363636363636365,1.0,0.5333333333333333,False,False,False,True,False,,,0
224_evogrow_v2_2_stage_capped_pretune_on_38_1_123,paper1_phaseB_v1,38,evogrow_v2_2_stage_capped_pretune_on,123,1,2,11,4,4,0,7,0.35,1.0,0.5,0.36363636363636365,1.0,0.5333333333333333,False,False,False,True,False,,,0
225_evogrow_v2_2_stage_capped_pretune_on_38_1_7,paper1_phaseB_v1,38,evogrow_v2_2_stage_capped_pretune_on,7,1,2,11,4,4,0,7,0.35,1.0,0.5,0.36363636363636365,1.0,0.5333333333333333,False,False,False,True,False,,,0
226_evogrow_v2_2_stage_capped_pretune_on_38_2_42,paper1_phaseB_v1,38,evogrow_v2_2_stage_capped_pretune_on,42,2,2,9,4,4,0,5,0.425,1.0,0.575,0.4444444444444444,1.0,0.6153846153846153,False,False,False,False,True,,,0
227_evogrow_v2_2_stage_capped_pretune_on_38_2_123,paper1_phaseB_v1,38,evogrow_v2_2_stage_capped_pretune_on,123,2,2,9,4,4,0,5,0.425,1.0,0.575,0.4444444444444444,1.0,0.6153846153846153,False,False,False,False,True,,,0
228_evogrow_v2_2_stage_capped_pretune_on_38_2_7,paper1_phaseB_v1,38,evogrow_v2_2_stage_capped_pretune_on,7,2,2,9,4,4,0,5,0.425,1.0,0.575,0.4444444444444444,1.0,0.6153846153846153,False,False,False,False,True,,,0
229_evogrow_v2_2_stage_capped_pretune_on_39_1_42,paper1_phaseB_v1,39,evogrow_v2_2_stage_capped_pretune_on,42,1,2,3,3,3,0,0,1.0,1.0,1.0,1.0,1.0,1.0,True,True,,,True,,,0
230_evogrow_v2_2_stage_capped_pretune_on_39_1_123,paper1_phaseB_v1,39,evogrow_v2_2_stage_capped_pretune_on,123,1,2,3,3,3,0,0,1.0,1.0,1.0,1.0,1.0,1.0,True,True,,,True,,,0
231_evogrow_v2_2_stage_capped_pretune_on_39_1_7,paper1_phaseB_v1,39,evogrow_v2_2_stage_capped_pretune_on,7,1,2,3,3,3,0,0,1.0,1.0,1.0,1.0,1.0,1.0,True,True,,,True,,,0
232_evogrow_v2_2_stage_capped_pretune_on_39_2_42,paper1_phaseB_v1,39,evogrow_v2_2_stage_capped_pretune_on,42,2,2,3,3,3,0,0,1.0,1.0,1.0,1.0,1.0,1.0,True,True,,,True,,,0
233_evogrow_v2_2_stage_capped_pretune_on_39_2_123,paper1_phaseB_v1,39,evogrow_v2_2_stage_capped_pretune_on,123,2,2,3,3,3,0,0,1.0,1.0,1.0,1.0,1.0,1.0,True,True,,,True,,,0
234_evogrow_v2_2_stage_capped_pretune_on_39_2_7,paper1_phaseB_v1,39,evogrow_v2_2_stage_capped_pretune_on,7,2,2,3,3,3,0,0,1.0,1.0,1.0,1.0,1.0,1.0,True,True,,,True,,,0
235_evogrow_v2_2_stage_capped_pretune_on_40_1_42,paper1_phaseB_v1,40,evogrow_v2_2_stage_capped_pretune_on,42,1,2,6,3,3,0,3,0.625,1.0,0.7,0.5,1.0,0.6666666666666666,False,False,,,True,,,0
236_evogrow_v2_2_stage_capped_pretune_on_40_1_123,paper1_phaseB_v1,40,evogrow_v2_2_stage_capped_pretune_on,123,1,2,6,3,3,0,3,0.625,1.0,0.7,0.5,1.0,0.6666666666666666,False,False,,,True,,,0
237_evogrow_v2_2_stage_capped_pretune_on_40_1_7,paper1_phaseB_v1,40,evogrow_v2_2_stage_capped_pretune_on,7,1,2,6,3,3,0,3,0.625,1.0,0.7,0.5,1.0,0.6666666666666666,False,False,,,True,,,0
238_evogrow_v2_2_stage_capped_pretune_on_40_2_42,paper1_phaseB_v1,40,evogrow_v2_2_stage_capped_pretune_on,42,2,2,11,3,3,0,8,0.2833333333333333,1.0,0.4285714285714286,0.2727272727272727,1.0,0.42857142857142855,False,False,,,True,,,0
239_evogrow_v2_2_stage_capped_pretune_on_40_2_123,paper1_phaseB_v1,40,evogrow_v2_2_stage_capped_pretune_on,123,2,2,12,3,3,0,9,0.25,1.0,0.39285714285714285,0.25,1.0,0.4,False,False,,,True,,,0
240_evogrow_v2_2_stage_capped_pretune_on_40_2_7,paper1_phaseB_v1,40,evogrow_v2_2_stage_capped_pretune_on,7,2,2,9,3,3,0,6,0.41666666666666663,1.0,0.5428571428571429,0.3333333333333333,1.0,0.5,False,False,,,True,,,0
241_evogrow_v2_2_stage_capped_pretune_on_41_1_42,paper1_phaseB_v1,41,evogrow_v2_2_stage_capped_pretune_on,42,1,2,8,4,4,0,4,0.5,1.0,0.6285714285714286,0.5,1.0,0.6666666666666666,False,False,,,True,,,0
242_evogrow_v2_2_stage_capped_pretune_on_41_1_123,paper1_phaseB_v1,41,evogrow_v2_2_stage_capped_pretune_on,123,1,2,8,4,4,0,4,0.5,1.0,0.6285714285714286,0.5,1.0,0.6666666666666666,False,False,,,True,,,0
243_evogrow_v2_2_stage_capped_pretune_on_41_1_7,paper1_phaseB_v1,41,evogrow_v2_2_stage_capped_pretune_on,7,1,2,8,4,4,0,4,0.5,1.0,0.6285714285714286,0.5,1.0,0.6666666666666666,False,False,,,True,,,0
244_evogrow_v2_2_stage_capped_pretune_on_41_2_42,paper1_phaseB_v1,41,evogrow_v2_2_stage_capped_pretune_on,42,2,2,10,4,3,1,7,0.30000000000000004,0.8333333333333333,0.4166666666666667,0.3,0.75,0.4285714285714285,False,False,,,True,,,0
245_evogrow_v2_2_stage_capped_pretune_on_41_2_123,paper1_phaseB_v1,41,evogrow_v2_2_stage_capped_pretune_on,123,2,2,10,4,3,1,7,0.30000000000000004,0.8333333333333333,0.4166666666666667,0.3,0.75,0.4285714285714285,False,False,,,True,,,0
246_evogrow_v2_2_stage_capped_pretune_on_41_2_7,paper1_phaseB_v1,41,evogrow_v2_2_stage_capped_pretune_on,7,2,2,10,4,3,1,7,0.30000000000000004,0.8333333333333333,0.4166666666666667,0.3,0.75,0.4285714285714285,False,False,,,True,,,0
247_evogrow_v2_2_stage_capped_pretune_on_42_1_42,paper1_phaseB_v1,42,evogrow_v2_2_stage_capped_pretune_on,42,1,2,12,2,2,0,10,0.16666666666666666,1.0,0.2857142857142857,0.16666666666666666,1.0,0.2857142857142857,False,False,,,True,,,0
248_evogrow_v2_2_stage_capped_pretune_on_42_1_123,paper1_phaseB_v1,42,evogrow_v2_2_stage_capped_pretune_on,123,1,2,12,2,2,0,10,0.16666666666666666,1.0,0.2857142857142857,0.16666666666666666,1.0,0.2857142857142857,False,False,,,True,,,0
249_evogrow_v2_2_stage_capped_pretune_on_42_1_7,paper1_phaseB_v1,42,evogrow_v2_2_stage_capped_pretune_on,7,1,2,12,2,2,0,10,0.16666666666666666,1.0,0.2857142857142857,0.16666666666666666,1.0,0.2857142857142857,False,False,,,True,,,0
250_evogrow_v2_2_stage_capped_pretune_on_42_2_42,paper1_phaseB_v1,42,evogrow_v2_2_stage_capped_pretune_on,42,2,2,12,2,2,0,10,0.16666666666666666,1.0,0.2857142857142857,0.16666666666666666,1.0,0.2857142857142857,False,False,,,True,,,0
251_evogrow_v2_2_stage_capped_pretune_on_42_2_123,paper1_phaseB_v1,42,evogrow_v2_2_stage_capped_pretune_on,123,2,2,12,2,2,0,10,0.16666666666666666,1.0,0.2857142857142857,0.16666666666666666,1.0,0.2857142857142857,False,False,,,True,,,0
252_evogrow_v2_2_stage_capped_pretune_on_42_2_7,paper1_phaseB_v1,42,evogrow_v2_2_stage_capped_pretune_on,7,2,2,12,2,2,0,10,0.16666666666666666,1.0,0.2857142857142857,0.16666666666666666,1.0,0.2857142857142857,False,False,,,True,,,0
253_evogrow_v2_2_stage_capped_pretune_on_43_1_42,paper1_phaseB_v1,43,evogrow_v2_2_stage_capped_pretune_on,42,1,2,9,3,1,2,8,0.16666666666666666,0.5,0.25,0.1111111111111111,0.3333333333333333,0.16666666666666666,False,False,,,True,,,0
254_evogrow_v2_2_stage_capped_pretune_on_43_1_123,paper1_phaseB_v1,43,evogrow_v2_2_stage_capped_pretune_on,123,1,2,9,3,1,2,8,0.16666666666666666,0.5,0.25,0.1111111111111111,0.3333333333333333,0.16666666666666666,False,False,,,True,,,0
255_evogrow_v2_2_stage_capped_pretune_on_43_1_7,paper1_phaseB_v1,43,evogrow_v2_2_stage_capped_pretune_on,7,1,2,9,3,1,2,8,0.16666666666666666,0.5,0.25,0.1111111111111111,0.3333333333333333,0.16666666666666666,False,False,,,True,,,0
256_evogrow_v2_2_stage_capped_pretune_on_43_2_42,paper1_phaseB_v1,43,evogrow_v2_2_stage_capped_pretune_on,42,2,2,9,3,3,0,6,0.3333333333333333,1.0,0.5,0.3333333333333333,1.0,0.5,False,False,,,True,,,0
257_evogrow_v2_2_stage_capped_pretune_on_43_2_123,paper1_phaseB_v1,43,evogrow_v2_2_stage_capped_pretune_on,123,2,2,9,3,3,0,6,0.3333333333333333,1.0,0.5,0.3333333333333333,1.0,0.5,False,False,,,True,,,0
258_evogrow_v2_2_stage_capped_pretune_on_43_2_7,paper1_phaseB_v1,43,evogrow_v2_2_stage_capped_pretune_on,7,2,2,9,3,3,0,6,0.3333333333333333,1.0,0.5,0.3333333333333333,1.0,0.5,False,False,,,True,,,0
259_evogrow_v2_2_stage_capped_pretune_on_44_1_42,paper1_phaseB_v1,44,evogrow_v2_2_stage_capped_pretune_on,42,1,2,10,2,2,0,8,0.20833333333333331,1.0,0.34285714285714286,0.2,1.0,0.33333333333333337,False,False,,,True,,,0
260_evogrow_v2_2_stage_capped_pretune_on_44_1_123,paper1_phaseB_v1,44,evogrow_v2_2_stage_capped_pretune_on,123,1,2,10,2,2,0,8,0.20833333333333331,1.0,0.34285714285714286,0.2,1.0,0.33333333333333337,False,False,,,True,,,0
261_evogrow_v2_2_stage_capped_pretune_on_44_1_7,paper1_phaseB_v1,44,evogrow_v2_2_stage_capped_pretune_on,7,1,2,10,2,2,0,8,0.20833333333333331,1.0,0.34285714285714286,0.2,1.0,0.33333333333333337,False,False,,,True,,,0
262_evogrow_v2_2_stage_capped_pretune_on_44_2_42,paper1_phaseB_v1,44,evogrow_v2_2_stage_capped_pretune_on,42,2,2,11,2,1,1,10,0.1,0.5,0.16666666666666669,0.09090909090909091,0.5,0.15384615384615385,False,False,,,True,,,0
263_evogrow_v2_2_stage_capped_pretune_on_44_2_123,paper1_phaseB_v1,44,evogrow_v2_2_stage_capped_pretune_on,123,2,2,11,2,1,1,10,0.1,0.5,0.16666666666666669,0.09090909090909091,0.5,0.15384615384615385,False,False,,,True,,,0
264_evogrow_v2_2_stage_capped_pretune_on_44_2_7,paper1_phaseB_v1,44,evogrow_v2_2_stage_capped_pretune_on,7,2,2,11,2,1,1,10,0.1,0.5,0.16666666666666669,0.09090909090909091,0.5,0.15384615384615385,False,False,,,True,,,0
265_evogrow_v2_2_stage_capped_pretune_on_45_1_42,paper1_phaseB_v1,45,evogrow_v2_2_stage_capped_pretune_on,42,1,2,8,2,2,0,6,0.25,1.0,0.4,0.25,1.0,0.4,False,False,,,True,,,0
266_evogrow_v2_2_stage_capped_pretune_on_45_1_123,paper1_phaseB_v1,45,evogrow_v2_2_stage_capped_pretune_on,123,1,2,8,2,2,0,6,0.25,1.0,0.4,0.25,1.0,0.4,False,False,,,True,,,0
267_evogrow_v2_2_stage_capped_pretune_on_45_1_7,paper1_phaseB_v1,45,evogrow_v2_2_stage_capped_pretune_on,7,1,2,8,2,2,0,6,0.25,1.0,0.4,0.25,1.0,0.4,False,False,,,True,,,0
268_evogrow_v2_2_stage_capped_pretune_on_45_2_42,paper1_phaseB_v1,45,evogrow_v2_2_stage_capped_pretune_on,42,2,2,6,2,1,1,5,0.125,0.5,0.2,0.16666666666666666,0.5,0.25,False,False,,,True,,,0
269_evogrow_v2_2_stage_capped_pretune_on_45_2_123,paper1_phaseB_v1,45,evogrow_v2_2_stage_capped_pretune_on,123,2,2,6,2,1,1,5,0.125,0.5,0.2,0.16666666666666666,0.5,0.25,False,False,,,True,,,0
270_evogrow_v2_2_stage_capped_pretune_on_45_2_7,paper1_phaseB_v1,45,evogrow_v2_2_stage_capped_pretune_on,7,2,2,6,2,1,1,5,0.125,0.5,0.2,0.16666666666666666,0.5,0.25,False,False,,,True,,,0
271_evogrow_v2_2_stage_capped_pretune_on_46_1_42,paper1_phaseB_v1,46,evogrow_v2_2_stage_capped_pretune_on,42,1,2,2,2,0,2,2,0.0,0.0,0.0,0.0,0.0,0.0,False,False,,,True,,,0
272_evogrow_v2_2_stage_capped_pretune_on_46_1_123,paper1_phaseB_v1,46,evogrow_v2_2_stage_capped_pretune_on,123,1,2,2,2,0,2,2,0.0,0.0,0.0,0.0,0.0,0.0,False,False,,,True,,,0
273_evogrow_v2_2_stage_capped_pretune_on_46_1_7,paper1_phaseB_v1,46,evogrow_v2_2_stage_capped_pretune_on,7,1,2,2,2,0,2,2,0.0,0.0,0.0,0.0,0.0,0.0,False,False,,,True,,,0
274_evogrow_v2_2_stage_capped_pretune_on_46_2_42,paper1_phaseB_v1,46,evogrow_v2_2_stage_capped_pretune_on,42,2,2,3,2,0,2,3,0.0,0.0,0.0,0.0,0.0,0.0,False,False,,,True,,,0
275_evogrow_v2_2_stage_capped_pretune_on_46_2_123,paper1_phaseB_v1,46,evogrow_v2_2_stage_capped_pretune_on,123,2,2,3,2,0,2,3,0.0,0.0,0.0,0.0,0.0,0.0,False,False,,,True,,,0
276_evogrow_v2_2_stage_capped_pretune_on_46_2_7,paper1_phaseB_v1,46,evogrow_v2_2_stage_capped_pretune_on,7,2,2,3,2,0,2,3,0.0,0.0,0.0,0.0,0.0,0.0,False,False,,,True,,,0
277_evogrow_v2_2_stage_capped_pretune_on_47_1_42,paper1_phaseB_v1,47,evogrow_v2_2_stage_capped_pretune_on,42,1,2,4,2,2,0,2,0.5,1.0,0.6666666666666666,0.5,1.0,0.6666666666666666,False,False,,,True,,,0
278_evogrow_v2_2_stage_capped_pretune_on_47_1_123,paper1_phaseB_v1,47,evogrow_v2_2_stage_capped_pretune_on,123,1,2,4,2,2,0,2,0.5,1.0,0.6666666666666666,0.5,1.0,0.6666666666666666,False,False,,,True,,,0
279_evogrow_v2_2_stage_capped_pretune_on_47_1_7,paper1_phaseB_v1,47,evogrow_v2_2_stage_capped_pretune_on,7,1,2,4,2,2,0,2,0.5,1.0,0.6666666666666666,0.5,1.0,0.6666666666666666,False,False,,,True,,,0
280_evogrow_v2_2_stage_capped_pretune_on_47_2_42,paper1_phaseB_v1,47,evogrow_v2_2_stage_capped_pretune_on,42,2,2,5,2,2,0,3,0.41666666666666663,1.0,0.5833333333333333,0.4,1.0,0.5714285714285715,False,False,,,True,,,0
281_evogrow_v2_2_stage_capped_pretune_on_47_2_123,paper1_phaseB_v1,47,evogrow_v2_2_stage_capped_pretune_on,123,2,2,5,2,2,0,3,0.41666666666666663,1.0,0.5833333333333333,0.4,1.0,0.5714285714285715,False,False,,,True,,,0
282_evogrow_v2_2_stage_capped_pretune_on_47_2_7,paper1_phaseB_v1,47,evogrow_v2_2_stage_capped_pretune_on,7,2,2,5,2,2,0,3,0.41666666666666663,1.0,0.5833333333333333,0.4,1.0,0.5714285714285715,False,False,,,True,,,0
283_evogrow_v2_2_stage_capped_pretune_on_48_1_42,paper1_phaseB_v1,48,evogrow_v2_2_stage_capped_pretune_on,42,1,2,11,1,1,0,10,0.1,0.5,0.16666666666666669,0.09090909090909091,1.0,0.16666666666666669,False,False,,,True,,,0
284_evogrow_v2_2_stage_capped_pretune_on_48_1_123,paper1_phaseB_v1,48,evogrow_v2_2_stage_capped_pretune_on,123,1,2,11,1,1,0,10,0.1,0.5,0.16666666666666669,0.09090909090909091,1.0,0.16666666666666669,False,False,,,True,,,0
285_evogrow_v2_2_stage_capped_pretune_on_48_1_7,paper1_phaseB_v1,48,evogrow_v2_2_stage_capped_pretune_on,7,1,2,11,1,1,0,10,0.1,0.5,0.16666666666666669,0.09090909090909091,1.0,0.16666666666666669,False,False,,,True,,,0
286_evogrow_v2_2_stage_capped_pretune_on_48_2_42,paper1_phaseB_v1,48,evogrow_v2_2_stage_capped_pretune_on,42,2,2,9,1,1,0,8,0.125,0.5,0.2,0.1111111111111111,1.0,0.19999999999999998,False,False,,,True,,,0
287_evogrow_v2_2_stage_capped_pretune_on_48_2_123,paper1_phaseB_v1,48,evogrow_v2_2_stage_capped_pretune_on,123,2,2,9,1,1,0,8,0.125,0.5,0.2,0.1111111111111111,1.0,0.19999999999999998,False,False,,,True,,,0
288_evogrow_v2_2_stage_capped_pretune_on_48_2_7,paper1_phaseB_v1,48,evogrow_v2_2_stage_capped_pretune_on,7,2,2,9,1,1,0,8,0.125,0.5,0.2,0.1111111111111111,1.0,0.19999999999999998,False,False,,,True,,,0
289_evogrow_v2_2_stage_capped_pretune_on_49_1_42,paper1_phaseB_v1,49,evogrow_v2_2_stage_capped_pretune_on,42,1,2,10,2,2,0,8,0.2,1.0,0.33333333333333337,0.2,1.0,0.33333333333333337,False,False,,,True,,,0
290_evogrow_v2_2_stage_capped_pretune_on_49_1_123,paper1_phaseB_v1,49,evogrow_v2_2_stage_capped_pretune_on,123,1,2,10,2,2,0,8,0.2,1.0,0.33333333333333337,0.2,1.0,0.33333333333333337,False,False,,,True,,,0
291_evogrow_v2_2_stage_capped_pretune_on_49_1_7,paper1_phaseB_v1,49,evogrow_v2_2_stage_capped_pretune_on,7,1,2,10,2,2,0,8,0.2,1.0,0.33333333333333337,0.2,1.0,0.33333333333333337,False,False,,,True,,,0
292_evogrow_v2_2_stage_capped_pretune_on_49_2_42,paper1_phaseB_v1,49,evogrow_v2_2_stage_capped_pretune_on,42,2,2,9,2,2,0,7,0.225,1.0,0.3666666666666667,0.2222222222222222,1.0,0.3636363636363636,False,False,,,True,,,0
293_evogrow_v2_2_stage_capped_pretune_on_49_2_123,paper1_phaseB_v1,49,evogrow_v2_2_stage_capped_pretune_on,123,2,2,9,2,2,0,7,0.225,1.0,0.3666666666666667,0.2222222222222222,1.0,0.3636363636363636,False,False,,,True,,,0
294_evogrow_v2_2_stage_capped_pretune_on_49_2_7,paper1_phaseB_v1,49,evogrow_v2_2_stage_capped_pretune_on,7,2,2,9,2,2,0,7,0.225,1.0,0.3666666666666667,0.2222222222222222,1.0,0.3636363636363636,False,False,,,True,,,0
295_evogrow_v2_2_stage_capped_pretune_on_50_1_42,paper1_phaseB_v1,50,evogrow_v2_2_stage_capped_pretune_on,42,1,2,12,1,1,0,11,0.08333333333333333,0.5,0.14285714285714285,0.08333333333333333,1.0,0.15384615384615385,False,False,,,True,,,0
296_evogrow_v2_2_stage_capped_pretune_on_50_1_123,paper1_phaseB_v1,50,evogrow_v2_2_stage_capped_pretune_on,123,1,2,12,1,1,0,11,0.08333333333333333,0.5,0.14285714285714285,0.08333333333333333,1.0,0.15384615384615385,False,False,,,True,,,0
297_evogrow_v2_2_stage_capped_pretune_on_50_1_7,paper1_phaseB_v1,50,evogrow_v2_2_stage_capped_pretune_on,7,1,2,12,1,1,0,11,0.08333333333333333,0.5,0.14285714285714285,0.08333333333333333,1.0,0.15384615384615385,False,False,,,True,,,0
298_evogrow_v2_2_stage_capped_pretune_on_50_2_42,paper1_phaseB_v1,50,evogrow_v2_2_stage_capped_pretune_on,42,2,2,5,1,1,0,4,0.25,0.5,0.3333333333333333,0.2,1.0,0.33333333333333337,False,False,,,True,,,0
299_evogrow_v2_2_stage_capped_pretune_on_50_2_123,paper1_phaseB_v1,50,evogrow_v2_2_stage_capped_pretune_on,123,2,2,5,1,1,0,4,0.25,0.5,0.3333333333333333,0.2,1.0,0.33333333333333337,False,False,,,True,,,0
300_evogrow_v2_2_stage_capped_pretune_on_50_2_7,paper1_phaseB_v1,50,evogrow_v2_2_stage_capped_pretune_on,7,2,2,5,1,1,0,4,0.25,0.5,0.3333333333333333,0.2,1.0,0.33333333333333337,False,False,,,True,,,0
301_evogrow_v2_2_stage_capped_pretune_on_51_1_42,paper1_phaseB_v1,51,evogrow_v2_2_stage_capped_pretune_on,42,1,2,10,0,0,0,10,0.0,0.0,0.0,0.0,0.0,0.0,False,False,,,True,,,0
302_evogrow_v2_2_stage_capped_pretune_on_51_1_123,paper1_phaseB_v1,51,evogrow_v2_2_stage_capped_pretune_on,123,1,2,10,0,0,0,10,0.0,0.0,0.0,0.0,0.0,0.0,False,False,,,True,,,0
303_evogrow_v2_2_stage_capped_pretune_on_51_1_7,paper1_phaseB_v1,51,evogrow_v2_2_stage_capped_pretune_on,7,1,2,10,0,0,0,10,0.0,0.0,0.0,0.0,0.0,0.0,False,False,,,True,,,0
304_evogrow_v2_2_stage_capped_pretune_on_51_2_42,paper1_phaseB_v1,51,evogrow_v2_2_stage_capped_pretune_on,42,2,2,5,0,0,0,5,0.0,0.0,0.0,0.0,0.0,0.0,False,False,,,True,,,0
305_evogrow_v2_2_stage_capped_pretune_on_51_2_123,paper1_phaseB_v1,51,evogrow_v2_2_stage_capped_pretune_on,123,2,2,5,0,0,0,5,0.0,0.0,0.0,0.0,0.0,0.0,False,False,,,True,,,0
306_evogrow_v2_2_stage_capped_pretune_on_51_2_7,paper1_phaseB_v1,51,evogrow_v2_2_stage_capped_pretune_on,7,2,2,5,0,0,0,5,0.0,0.0,0.0,0.0,0.0,0.0,False,False,,,True,,,0
307_evogrow_v2_2_stage_capped_pretune_on_52_1_42,paper1_phaseB_v1,52,evogrow_v2_2_stage_capped_pretune_on,42,1,3,6,6,2,4,4,0.5,0.3333333333333333,0.38888888888888884,0.3333333333333333,0.3333333333333333,0.3333333333333333,False,False,,,True,,,0
308_evogrow_v2_2_stage_capped_pretune_on_52_1_123,paper1_phaseB_v1,52,evogrow_v2_2_stage_capped_pretune_on,123,1,3,6,6,2,4,4,0.5,0.3333333333333333,0.38888888888888884,0.3333333333333333,0.3333333333333333,0.3333333333333333,False,False,,,True,,,0
309_evogrow_v2_2_stage_capped_pretune_on_52_1_7,paper1_phaseB_v1,52,evogrow_v2_2_stage_capped_pretune_on,7,1,3,5,6,1,5,4,0.16666666666666666,0.16666666666666666,0.16666666666666666,0.2,0.16666666666666666,0.1818181818181818,False,False,,,True,,,0
310_evogrow_v2_2_stage_capped_pretune_on_52_2_42,paper1_phaseB_v1,52,evogrow_v2_2_stage_capped_pretune_on,42,2,3,5,6,2,4,3,0.5,0.3333333333333333,0.38888888888888884,0.4,0.3333333333333333,0.3636363636363636,False,False,,,True,,,0
311_evogrow_v2_2_stage_capped_pretune_on_52_2_123,paper1_phaseB_v1,52,evogrow_v2_2_stage_capped_pretune_on,123,2,3,5,6,1,5,4,0.16666666666666666,0.16666666666666666,0.16666666666666666,0.2,0.16666666666666666,0.1818181818181818,False,False,,,True,,,0
312_evogrow_v2_2_stage_capped_pretune_on_52_2_7,paper1_phaseB_v1,52,evogrow_v2_2_stage_capped_pretune_on,7,2,3,5,6,1,5,4,0.16666666666666666,0.16666666666666666,0.16666666666666666,0.2,0.16666666666666666,0.1818181818181818,False,False,,,True,,,0
313_evogrow_v2_2_stage_capped_pretune_on_53_1_42,paper1_phaseB_v1,53,evogrow_v2_2_stage_capped_pretune_on,42,1,3,7,5,2,3,5,0.2222222222222222,0.5,0.3,0.2857142857142857,0.4,0.3333333333333333,False,False,,,True,,,0
314_evogrow_v2_2_stage_capped_pretune_on_53_1_123,paper1_phaseB_v1,53,evogrow_v2_2_stage_capped_pretune_on,123,1,3,7,5,2,3,5,0.27777777777777773,0.5,0.3333333333333333,0.2857142857142857,0.4,0.3333333333333333,False,False,,,True,,,0
315_evogrow_v2_2_stage_capped_pretune_on_53_1_7,paper1_phaseB_v1,53,evogrow_v2_2_stage_capped_pretune_on,7,1,3,5,5,1,4,4,0.1111111111111111,0.3333333333333333,0.16666666666666666,0.2,0.2,0.20000000000000004,False,False,,,True,,,0
316_evogrow_v2_2_stage_capped_pretune_on_53_2_42,paper1_phaseB_v1,53,evogrow_v2_2_stage_capped_pretune_on,42,2,3,4,5,1,4,3,0.16666666666666666,0.3333333333333333,0.2222222222222222,0.25,0.2,0.22222222222222224,False,False,,,True,,,0
317_evogrow_v2_2_stage_capped_pretune_on_53_2_123,paper1_phaseB_v1,53,evogrow_v2_2_stage_capped_pretune_on,123,2,3,4,5,1,4,3,0.16666666666666666,0.3333333333333333,0.2222222222222222,0.25,0.2,0.22222222222222224,False,False,,,True,,,0
318_evogrow_v2_2_stage_capped_pretune_on_53_2_7,paper1_phaseB_v1,53,evogrow_v2_2_stage_capped_pretune_on,7,2,3,5,5,2,3,3,0.3333333333333333,0.5,0.38888888888888884,0.4,0.4,0.4000000000000001,False,False,,,True,,,0
319_evogrow_v2_2_stage_capped_pretune_on_54_1_42,paper1_phaseB_v1,54,evogrow_v2_2_stage_capped_pretune_on,42,1,3,14,7,5,2,9,0.3333333333333333,0.6666666666666666,0.4444444444444444,0.35714285714285715,0.7142857142857143,0.4761904761904762,False,False,False,False,True,,,0
320_evogrow_v2_2_stage_capped_pretune_on_54_1_123,paper1_phaseB_v1,54,evogrow_v2_2_stage_capped_pretune_on,123,1,3,14,7,6,1,8,0.4666666666666666,0.8888888888888888,0.6052910052910053,0.42857142857142855,0.8571428571428571,0.5714285714285714,False,False,False,False,True,,,0
321_evogrow_v2_2_stage_capped_pretune_on_54_1_7,paper1_phaseB_v1,54,evogrow_v2_2_stage_capped_pretune_on,7,1,3,13,7,4,3,9,0.3611111111111111,0.611111111111111,0.4518518518518519,0.3076923076923077,0.5714285714285714,0.4,False,False,False,False,True,,,0
322_evogrow_v2_2_stage_capped_pretune_on_54_2_42,paper1_phaseB_v1,54,evogrow_v2_2_stage_capped_pretune_on,42,2,3,18,7,5,2,13,0.27777777777777773,0.7222222222222222,0.39814814814814814,0.2777777777777778,0.7142857142857143,0.4,False,False,False,False,True,,,0
323_evogrow_v2_2_stage_capped_pretune_on_54_2_123,paper1_phaseB_v1,54,evogrow_v2_2_stage_capped_pretune_on,123,2,3,18,7,5,2,13,0.27777777777777773,0.7222222222222222,0.39814814814814814,0.2777777777777778,0.7142857142857143,0.4,False,False,False,False,True,,,0
324_evogrow_v2_2_stage_capped_pretune_on_54_2_7,paper1_phaseB_v1,54,evogrow_v2_2_stage_capped_pretune_on,7,2,3,18,7,5,2,13,0.27777777777777773,0.7222222222222222,0.39814814814814814,0.2777777777777778,0.7142857142857143,0.4,False,False,False,False,True,,,0
325_evogrow_v2_2_stage_capped_pretune_on_55_1_42,paper1_phaseB_v1,55,evogrow_v2_2_stage_capped_pretune_on,42,1,3,18,7,5,2,13,0.27777777777777773,0.7222222222222222,0.39814814814814814,0.2777777777777778,0.7142857142857143,0.4,False,False,False,False,True,,,0
326_evogrow_v2_2_stage_capped_pretune_on_55_1_123,paper1_phaseB_v1,55,evogrow_v2_2_stage_capped_pretune_on,123,1,3,15,7,3,4,12,0.18888888888888888,0.5,0.27380952380952384,0.2,0.42857142857142855,0.27272727272727276,False,False,False,False,True,,,0
327_evogrow_v2_2_stage_capped_pretune_on_55_1_7,paper1_phaseB_v1,55,evogrow_v2_2_stage_capped_pretune_on,7,1,3,17,7,4,3,13,0.2333333333333333,0.611111111111111,0.3333333333333333,0.23529411764705882,0.5714285714285714,0.3333333333333333,False,False,False,False,True,,,0
328_evogrow_v2_2_stage_capped_pretune_on_55_2_42,paper1_phaseB_v1,55,evogrow_v2_2_stage_capped_pretune_on,42,2,3,15,7,5,2,10,0.3444444444444444,0.7222222222222222,0.4523809523809524,0.3333333333333333,0.7142857142857143,0.4545454545454545,False,False,False,False,True,,,0
329_evogrow_v2_2_stage_capped_pretune_on_55_2_123,paper1_phaseB_v1,55,evogrow_v2_2_stage_capped_pretune_on,123,2,3,16,7,4,3,12,0.2555555555555556,0.611111111111111,0.3571428571428572,0.25,0.5714285714285714,0.34782608695652173,False,False,False,False,True,,,0
330_evogrow_v2_2_stage_capped_pretune_on_55_2_7,paper1_phaseB_v1,55,evogrow_v2_2_stage_capped_pretune_on,7,2,3,17,7,5,2,12,0.3,0.7222222222222222,0.4219576719576719,0.29411764705882354,0.7142857142857143,0.4166666666666667,False,False,False,False,True,,,0
331_evogrow_v2_2_stage_capped_pretune_on_56_1_42,paper1_phaseB_v1,56,evogrow_v2_2_stage_capped_pretune_on,42,1,3,18,7,5,2,13,0.27777777777777773,0.7222222222222222,0.39814814814814814,0.2777777777777778,0.7142857142857143,0.4,False,False,False,False,True,,,0
332_evogrow_v2_2_stage_capped_pretune_on_56_1_123,paper1_phaseB_v1,56,evogrow_v2_2_stage_capped_pretune_on,123,1,3,16,7,7,0,9,0.43333333333333335,1.0,0.6031746031746033,0.4375,1.0,0.6086956521739131,False,False,False,False,True,,,0
333_evogrow_v2_2_stage_capped_pretune_on_56_1_7,paper1_phaseB_v1,56,evogrow_v2_2_stage_capped_pretune_on,7,1,3,18,7,6,1,12,0.3333333333333333,0.8888888888888888,0.48148148148148145,0.3333333333333333,0.8571428571428571,0.48,False,False,False,False,True,,,0
334_evogrow_v2_2_stage_capped_pretune_on_56_2_42,paper1_phaseB_v1,56,evogrow_v2_2_stage_capped_pretune_on,42,2,3,17,7,6,1,11,0.35555555555555557,0.8888888888888888,0.5052910052910052,0.35294117647058826,0.8571428571428571,0.5,False,False,False,False,True,,,0
335_evogrow_v2_2_stage_capped_pretune_on_56_2_123,paper1_phaseB_v1,56,evogrow_v2_2_stage_capped_pretune_on,123,2,3,12,7,4,3,8,0.27777777777777773,0.5555555555555555,0.3571428571428572,0.3333333333333333,0.5714285714285714,0.4210526315789474,False,False,False,False,True,,,0
336_evogrow_v2_2_stage_capped_pretune_on_56_2_7,paper1_phaseB_v1,56,evogrow_v2_2_stage_capped_pretune_on,7,2,3,13,7,3,4,10,0.19444444444444442,0.4444444444444444,0.2619047619047619,0.23076923076923078,0.42857142857142855,0.3,False,False,False,False,True,,,0
337_evogrow_v2_2_stage_capped_pretune_on_57_1_42,paper1_phaseB_v1,57,evogrow_v2_2_stage_capped_pretune_on,42,1,3,5,6,4,2,1,0.8333333333333334,0.6666666666666666,0.7222222222222222,0.8,0.6666666666666666,0.7272727272727272,False,False,,,True,,,0
338_evogrow_v2_2_stage_capped_pretune_on_57_1_123,paper1_phaseB_v1,57,evogrow_v2_2_stage_capped_pretune_on,123,1,3,4,6,4,2,0,1.0,0.6666666666666666,0.7777777777777777,1.0,0.6666666666666666,0.8,False,False,,,True,,,0
339_evogrow_v2_2_stage_capped_pretune_on_57_1_7,paper1_phaseB_v1,57,evogrow_v2_2_stage_capped_pretune_on,7,1,3,6,6,5,1,1,0.8888888888888888,0.8333333333333334,0.8222222222222223,0.8333333333333334,0.8333333333333334,0.8333333333333334,False,False,,,True,,,0
340_evogrow_v2_2_stage_capped_pretune_on_57_2_42,paper1_phaseB_v1,57,evogrow_v2_2_stage_capped_pretune_on,42,2,3,7,6,4,2,3,0.611111111111111,0.6666666666666666,0.6333333333333333,0.5714285714285714,0.6666666666666666,0.6153846153846153,False,False,,,True,,,0
341_evogrow_v2_2_stage_capped_pretune_on_57_2_123,paper1_phaseB_v1,57,evogrow_v2_2_stage_capped_pretune_on,123,2,3,6,6,5,1,1,0.8333333333333334,0.8333333333333334,0.8333333333333334,0.8333333333333334,0.8333333333333334,0.8333333333333334,False,False,,,True,,,0
342_evogrow_v2_2_stage_capped_pretune_on_57_2_7,paper1_phaseB_v1,57,evogrow_v2_2_stage_capped_pretune_on,7,2,3,8,6,4,2,4,0.5555555555555555,0.6666666666666666,0.6,0.5,0.6666666666666666,0.5714285714285715,False,False,,,True,,,0
343_evogrow_v2_2_stage_capped_pretune_on_58_1_42,paper1_phaseB_v1,58,evogrow_v2_2_stage_capped_pretune_on,42,1,3,18,6,5,1,13,0.27777777777777773,0.8333333333333334,0.4166666666666667,0.2777777777777778,0.8333333333333334,0.4166666666666667,False,False,,,True,,,0
344_evogrow_v2_2_stage_capped_pretune_on_58_1_123,paper1_phaseB_v1,58,evogrow_v2_2_stage_capped_pretune_on,123,1,3,18,6,5,1,13,0.27777777777777773,0.8333333333333334,0.4166666666666667,0.2777777777777778,0.8333333333333334,0.4166666666666667,False,False,,,True,,,0
345_evogrow_v2_2_stage_capped_pretune_on_58_1_7,paper1_phaseB_v1,58,evogrow_v2_2_stage_capped_pretune_on,7,1,3,18,6,5,1,13,0.27777777777777773,0.8333333333333334,0.4166666666666667,0.2777777777777778,0.8333333333333334,0.4166666666666667,False,False,,,True,,,0
346_evogrow_v2_2_stage_capped_pretune_on_58_2_42,paper1_phaseB_v1,58,evogrow_v2_2_stage_capped_pretune_on,42,2,3,18,6,5,1,13,0.27777777777777773,0.8333333333333334,0.4166666666666667,0.2777777777777778,0.8333333333333334,0.4166666666666667,False,False,,,True,,,0
347_evogrow_v2_2_stage_capped_pretune_on_58_2_123,paper1_phaseB_v1,58,evogrow_v2_2_stage_capped_pretune_on,123,2,3,18,6,5,1,13,0.27777777777777773,0.8333333333333334,0.4166666666666667,0.2777777777777778,0.8333333333333334,0.4166666666666667,False,False,,,True,,,0
348_evogrow_v2_2_stage_capped_pretune_on_58_2_7,paper1_phaseB_v1,58,evogrow_v2_2_stage_capped_pretune_on,7,2,3,17,6,5,1,12,0.3,0.8333333333333334,0.4404761904761905,0.29411764705882354,0.8333333333333334,0.4347826086956522,False,False,,,True,,,0
349_evogrow_v2_2_stage_capped_pretune_on_59_1_42,paper1_phaseB_v1,59,evogrow_v2_2_stage_capped_pretune_on,42,1,3,16,6,4,2,12,0.2555555555555556,0.6666666666666666,0.36904761904761907,0.25,0.6666666666666666,0.36363636363636365,False,False,,,True,,,0
350_evogrow_v2_2_stage_capped_pretune_on_59_1_123,paper1_phaseB_v1,59,evogrow_v2_2_stage_capped_pretune_on,123,1,3,17,6,4,2,13,0.2333333333333333,0.6666666666666666,0.3452380952380953,0.23529411764705882,0.6666666666666666,0.3478260869565218,False,False,,,True,,,0
351_evogrow_v2_2_stage_capped_pretune_on_59_1_7,paper1_phaseB_v1,59,evogrow_v2_2_stage_capped_pretune_on,7,1,3,14,6,4,2,10,0.3,0.6666666666666666,0.4071428571428572,0.2857142857142857,0.6666666666666666,0.4,False,False,,,True,,,0
352_evogrow_v2_2_stage_capped_pretune_on_59_2_42,paper1_phaseB_v1,59,evogrow_v2_2_stage_capped_pretune_on,42,2,3,17,6,4,2,13,0.2333333333333333,0.6666666666666666,0.3452380952380953,0.23529411764705882,0.6666666666666666,0.3478260869565218,False,False,,,True,,,0
353_evogrow_v2_2_stage_capped_pretune_on_59_2_123,paper1_phaseB_v1,59,evogrow_v2_2_stage_capped_pretune_on,123,2,3,17,6,4,2,13,0.2333333333333333,0.6666666666666666,0.3452380952380953,0.23529411764705882,0.6666666666666666,0.3478260869565218,False,False,,,True,,,0
354_evogrow_v2_2_stage_capped_pretune_on_59_2_7,paper1_phaseB_v1,59,evogrow_v2_2_stage_capped_pretune_on,7,2,3,17,6,4,2,13,0.2333333333333333,0.6666666666666666,0.3452380952380953,0.23529411764705882,0.6666666666666666,0.3478260869565218,False,False,,,True,,,0
355_evogrow_v2_2_stage_capped_pretune_on_60_1_42,paper1_phaseB_v1,60,evogrow_v2_2_stage_capped_pretune_on,42,1,3,6,10,4,6,2,0.6666666666666666,0.4444444444444444,0.5333333333333333,0.6666666666666666,0.4,0.5,False,False,,,True,,,0
356_evogrow_v2_2_stage_capped_pretune_on_60_1_123,paper1_phaseB_v1,60,evogrow_v2_2_stage_capped_pretune_on,123,1,3,6,10,2,8,4,0.2222222222222222,0.2222222222222222,0.2222222222222222,0.3333333333333333,0.2,0.25,False,False,,,True,,,0
357_evogrow_v2_2_stage_capped_pretune_on_60_1_7,paper1_phaseB_v1,60,evogrow_v2_2_stage_capped_pretune_on,7,1,3,6,10,2,8,4,0.27777777777777773,0.19444444444444442,0.22857142857142856,0.3333333333333333,0.2,0.25,False,False,,,True,,,0
358_evogrow_v2_2_stage_capped_pretune_on_60_2_42,paper1_phaseB_v1,60,evogrow_v2_2_stage_capped_pretune_on,42,2,3,14,10,5,5,9,0.3666666666666667,0.5,0.42195767195767203,0.35714285714285715,0.5,0.41666666666666663,False,False,,,True,,,0
359_evogrow_v2_2_stage_capped_pretune_on_60_2_123,paper1_phaseB_v1,60,evogrow_v2_2_stage_capped_pretune_on,123,2,3,15,10,7,3,8,0.4777777777777778,0.7222222222222222,0.5738095238095239,0.4666666666666667,0.7,0.56,False,False,,,True,,,0
360_evogrow_v2_2_stage_capped_pretune_on_60_2_7,paper1_phaseB_v1,60,evogrow_v2_2_stage_capped_pretune_on,7,2,3,13,10,6,4,7,0.4666666666666666,0.5833333333333334,0.5,0.46153846153846156,0.6,0.5217391304347826,False,False,,,True,,,0
361_evogrow_v2_2_stage_capped_pretune_on_61_1_42,paper1_phaseB_v1,61,evogrow_v2_2_stage_capped_pretune_on,42,1,3,11,6,2,4,9,0.19444444444444442,0.3333333333333333,0.24444444444444446,0.18181818181818182,0.3333333333333333,0.23529411764705885,False,False,False,False,True,,,0
362_evogrow_v2_2_stage_capped_pretune_on_61_1_123,paper1_phaseB_v1,61,evogrow_v2_2_stage_capped_pretune_on,123,1,3,10,6,2,4,8,0.19444444444444442,0.3333333333333333,0.24444444444444446,0.2,0.3333333333333333,0.25,False,False,False,False,True,,,0
363_evogrow_v2_2_stage_capped_pretune_on_61_1_7,paper1_phaseB_v1,61,evogrow_v2_2_stage_capped_pretune_on,7,1,3,14,6,3,3,11,0.19444444444444442,0.5,0.27777777777777773,0.21428571428571427,0.5,0.3,False,False,False,False,True,,,0
364_evogrow_v2_2_stage_capped_pretune_on_61_2_42,paper1_phaseB_v1,61,evogrow_v2_2_stage_capped_pretune_on,42,2,3,17,6,3,3,14,0.16666666666666666,0.5,0.25,0.17647058823529413,0.5,0.2608695652173913,False,False,False,False,True,,,0
365_evogrow_v2_2_stage_capped_pretune_on_61_2_123,paper1_phaseB_v1,61,evogrow_v2_2_stage_capped_pretune_on,123,2,3,16,6,3,3,13,0.18888888888888888,0.5,0.27380952380952384,0.1875,0.5,0.2727272727272727,False,False,False,False,True,,,0
366_evogrow_v2_2_stage_capped_pretune_on_61_2_7,paper1_phaseB_v1,61,evogrow_v2_2_stage_capped_pretune_on,7,2,3,14,6,2,4,12,0.16666666666666666,0.3333333333333333,0.21666666666666667,0.14285714285714285,0.3333333333333333,0.2,False,False,False,False,True,,,0
367_evogrow_v2_2_stage_capped_pretune_on_62_1_42,paper1_phaseB_v1,62,evogrow_v2_2_stage_capped_pretune_on,42,1,4,10,6,5,1,5,0.5416666666666666,0.875,0.6416666666666666,0.5,0.8333333333333334,0.625,False,False,,,True,,,0
368_evogrow_v2_2_stage_capped_pretune_on_62_1_123,paper1_phaseB_v1,62,evogrow_v2_2_stage_capped_pretune_on,123,1,4,9,6,6,0,3,0.7083333333333334,1.0,0.7916666666666666,0.6666666666666666,1.0,0.8,False,False,,,True,,,0
369_evogrow_v2_2_stage_capped_pretune_on_62_1_7,paper1_phaseB_v1,62,evogrow_v2_2_stage_capped_pretune_on,7,1,4,10,6,5,1,5,0.5,0.875,0.6333333333333333,0.5,0.8333333333333334,0.625,False,False,,,True,,,0
370_evogrow_v2_2_stage_capped_pretune_on_62_2_42,paper1_phaseB_v1,62,evogrow_v2_2_stage_capped_pretune_on,42,2,4,9,6,4,2,5,0.4583333333333333,0.625,0.5166666666666666,0.4444444444444444,0.6666666666666666,0.5333333333333333,False,False,,,True,,,0
371_evogrow_v2_2_stage_capped_pretune_on_62_2_123,paper1_phaseB_v1,62,evogrow_v2_2_stage_capped_pretune_on,123,2,4,8,6,3,3,5,0.375,0.375,0.375,0.375,0.5,0.42857142857142855,False,False,,,True,,,0
372_evogrow_v2_2_stage_capped_pretune_on_62_2_7,paper1_phaseB_v1,62,evogrow_v2_2_stage_capped_pretune_on,7,2,4,10,6,6,0,4,0.6666666666666666,1.0,0.75,0.6,1.0,0.7499999999999999,False,False,,,True,,,0
373_evogrow_v2_2_stage_capped_pretune_on_63_1_42,paper1_phaseB_v1,63,evogrow_v2_2_stage_capped_pretune_on,42,1,4,4,6,3,3,1,0.75,0.5,0.5833333333333333,0.75,0.5,0.6,False,False,False,False,True,,,0
374_evogrow_v2_2_stage_capped_pretune_on_63_1_123,paper1_phaseB_v1,63,evogrow_v2_2_stage_capped_pretune_on,123,1,4,4,6,2,4,2,0.5,0.25,0.3333333333333333,0.5,0.3333333333333333,0.4,False,False,False,False,True,,,0
375_evogrow_v2_2_stage_capped_pretune_on_63_1_7,paper1_phaseB_v1,63,evogrow_v2_2_stage_capped_pretune_on,7,1,4,4,6,1,5,3,0.25,0.25,0.25,0.25,0.16666666666666666,0.2,False,False,False,False,True,,,0
376_evogrow_v2_2_stage_capped_pretune_on_63_2_42,paper1_phaseB_v1,63,evogrow_v2_2_stage_capped_pretune_on,42,2,4,4,6,2,4,2,0.5,0.25,0.3333333333333333,0.5,0.3333333333333333,0.4,False,False,False,False,True,,,0
377_evogrow_v2_2_stage_capped_pretune_on_63_2_123,paper1_phaseB_v1,63,evogrow_v2_2_stage_capped_pretune_on,123,2,4,4,6,1,5,3,0.25,0.125,0.16666666666666666,0.25,0.16666666666666666,0.2,False,False,False,False,True,,,0
378_evogrow_v2_2_stage_capped_pretune_on_63_2_7,paper1_phaseB_v1,63,evogrow_v2_2_stage_capped_pretune_on,7,2,4,4,6,1,5,3,0.25,0.25,0.25,0.25,0.16666666666666666,0.2,False,False,False,False,True,,,0
379_evogrow_v2_2_stage_capped_pretune_off_1_1_42,paper1_phaseB_v1,1,evogrow_v2_2_stage_capped_pretune_off,42,1,1,4,1,1,0,3,0.25,1.0,0.4,0.25,1.0,0.4,False,False,,,True,,,0
380_evogrow_v2_2_stage_capped_pretune_off_1_1_123,paper1_phaseB_v1,1,evogrow_v2_2_stage_capped_pretune_off,123,1,1,4,1,1,0,3,0.25,1.0,0.4,0.25,1.0,0.4,False,False,,,True,,,0
381_evogrow_v2_2_stage_capped_pretune_off_1_1_7,paper1_phaseB_v1,1,evogrow_v2_2_stage_capped_pretune_off,7,1,1,4,1,1,0,3,0.25,1.0,0.4,0.25,1.0,0.4,False,False,,,True,,,0
382_evogrow_v2_2_stage_capped_pretune_off_1_2_42,paper1_phaseB_v1,1,evogrow_v2_2_stage_capped_pretune_off,42,2,1,3,1,1,0,2,0.3333333333333333,1.0,0.5,0.3333333333333333,1.0,0.5,False,False,,,True,,,0
383_evogrow_v2_2_stage_capped_pretune_off_1_2_123,paper1_phaseB_v1,1,evogrow_v2_2_stage_capped_pretune_off,123,2,1,3,1,1,0,2,0.3333333333333333,1.0,0.5,0.3333333333333333,1.0,0.5,False,False,,,True,,,0
384_evogrow_v2_2_stage_capped_pretune_off_1_2_7,paper1_phaseB_v1,1,evogrow_v2_2_stage_capped_pretune_off,7,2,1,3,1,1,0,2,0.3333333333333333,1.0,0.5,0.3333333333333333,1.0,0.5,False,False,,,True,,,0
385_evogrow_v2_2_stage_capped_pretune_off_2_1_42,paper1_phaseB_v1,2,evogrow_v2_2_stage_capped_pretune_off,42,1,1,1,1,1,0,0,1.0,1.0,1.0,1.0,1.0,1.0,True,True,True,True,True,,,0
386_evogrow_v2_2_stage_capped_pretune_off_2_1_123,paper1_phaseB_v1,2,evogrow_v2_2_stage_capped_pretune_off,123,1,1,1,1,1,0,0,1.0,1.0,1.0,1.0,1.0,1.0,True,True,True,True,True,,,0
387_evogrow_v2_2_stage_capped_pretune_off_2_1_7,paper1_phaseB_v1,2,evogrow_v2_2_stage_capped_pretune_off,7,1,1,1,1,1,0,0,1.0,1.0,1.0,1.0,1.0,1.0,True,True,True,True,True,,,0
388_evogrow_v2_2_stage_capped_pretune_off_2_2_42,paper1_phaseB_v1,2,evogrow_v2_2_stage_capped_pretune_off,42,2,1,1,1,1,0,0,1.0,1.0,1.0,1.0,1.0,1.0,True,True,True,True,True,,,0
389_evogrow_v2_2_stage_capped_pretune_off_2_2_123,paper1_phaseB_v1,2,evogrow_v2_2_stage_capped_pretune_off,123,2,1,1,1,1,0,0,1.0,1.0,1.0,1.0,1.0,1.0,True,True,True,True,True,,,0
390_evogrow_v2_2_stage_capped_pretune_off_2_2_7,paper1_phaseB_v1,2,evogrow_v2_2_stage_capped_pretune_off,7,2,1,1,1,1,0,0,1.0,1.0,1.0,1.0,1.0,1.0,True,True,True,True,True,,,0
391_evogrow_v2_2_stage_capped_pretune_off_3_1_42,paper1_phaseB_v1,3,evogrow_v2_2_stage_capped_pretune_off,42,1,1,2,2,2,0,0,1.0,1.0,1.0,1.0,1.0,1.0,True,True,True,True,True,,,0
392_evogrow_v2_2_stage_capped_pretune_off_3_1_123,paper1_phaseB_v1,3,evogrow_v2_2_stage_capped_pretune_off,123,1,1,2,2,2,0,0,1.0,1.0,1.0,1.0,1.0,1.0,True,True,True,True,True,,,0
393_evogrow_v2_2_stage_capped_pretune_off_3_1_7,paper1_phaseB_v1,3,evogrow_v2_2_stage_capped_pretune_off,7,1,1,2,2,2,0,0,1.0,1.0,1.0,1.0,1.0,1.0,True,True,True,True,True,,,0
394_evogrow_v2_2_stage_capped_pretune_off_3_2_42,paper1_phaseB_v1,3,evogrow_v2_2_stage_capped_pretune_off,42,2,1,2,2,2,0,0,1.0,1.0,1.0,1.0,1.0,1.0,True,True,True,True,True,,,0
395_evogrow_v2_2_stage_capped_pretune_off_3_2_123,paper1_phaseB_v1,3,evogrow_v2_2_stage_capped_pretune_off,123,2,1,2,2,2,0,0,1.0,1.0,1.0,1.0,1.0,1.0,True,True,True,True,True,,,0
396_evogrow_v2_2_stage_capped_pretune_off_3_2_7,paper1_phaseB_v1,3,evogrow_v2_2_stage_capped_pretune_off,7,2,1,2,2,2,0,0,1.0,1.0,1.0,1.0,1.0,1.0,True,True,True,True,True,,,0
397_evogrow_v2_2_stage_capped_pretune_off_4_1_42,paper1_phaseB_v1,4,evogrow_v2_2_stage_capped_pretune_off,42,1,1,3,0,0,0,3,0.0,0.0,0.0,0.0,0.0,0.0,False,False,,,True,,,0
398_evogrow_v2_2_stage_capped_pretune_off_4_1_123,paper1_phaseB_v1,4,evogrow_v2_2_stage_capped_pretune_off,123,1,1,3,0,0,0,3,0.0,0.0,0.0,0.0,0.0,0.0,False,False,,,True,,,0
399_evogrow_v2_2_stage_capped_pretune_off_4_1_7,paper1_phaseB_v1,4,evogrow_v2_2_stage_capped_pretune_off,7,1,1,3,0,0,0,3,0.0,0.0,0.0,0.0,0.0,0.0,False,False,,,True,,,0
400_evogrow_v2_2_stage_capped_pretune_off_4_2_42,paper1_phaseB_v1,4,evogrow_v2_2_stage_capped_pretune_off,42,2,1,2,0,0,0,2,0.0,0.0,0.0,0.0,0.0,0.0,False,False,,,True,,,0
401_evogrow_v2_2_stage_capped_pretune_off_4_2_123,paper1_phaseB_v1,4,evogrow_v2_2_stage_capped_pretune_off,123,2,1,2,0,0,0,2,0.0,0.0,0.0,0.0,0.0,0.0,False,False,,,True,,,0
402_evogrow_v2_2_stage_capped_pretune_off_4_2_7,paper1_phaseB_v1,4,evogrow_v2_2_stage_capped_pretune_off,7,2,1,2,0,0,0,2,0.0,0.0,0.0,0.0,0.0,0.0,False,False,,,True,,,0
403_evogrow_v2_2_stage_capped_pretune_off_5_1_42,paper1_phaseB_v1,5,evogrow_v2_2_stage_capped_pretune_off,42,1,1,5,1,1,0,4,0.2,1.0,0.33333333333333337,0.2,1.0,0.33333333333333337,False,False,,,True,,,0
404_evogrow_v2_2_stage_capped_pretune_off_5_1_123,paper1_phaseB_v1,5,evogrow_v2_2_stage_capped_pretune_off,123,1,1,4,1,1,0,3,0.25,1.0,0.4,0.25,1.0,0.4,False,False,,,True,,,0
405_evogrow_v2_2_stage_capped_pretune_off_5_1_7,paper1_phaseB_v1,5,evogrow_v2_2_stage_capped_pretune_off,7,1,1,5,1,1,0,4,0.2,1.0,0.33333333333333337,0.2,1.0,0.33333333333333337,False,False,,,True,,,0
406_evogrow_v2_2_stage_capped_pretune_off_5_2_42,paper1_phaseB_v1,5,evogrow_v2_2_stage_capped_pretune_off,42,2,1,2,1,1,0,1,0.5,1.0,0.6666666666666666,0.5,1.0,0.6666666666666666,False,False,,,True,,,0
407_evogrow_v2_2_stage_capped_pretune_off_5_2_123,paper1_phaseB_v1,5,evogrow_v2_2_stage_capped_pretune_off,123,2,1,2,1,1,0,1,0.5,1.0,0.6666666666666666,0.5,1.0,0.6666666666666666,False,False,,,True,,,0
408_evogrow_v2_2_stage_capped_pretune_off_5_2_7,paper1_phaseB_v1,5,evogrow_v2_2_stage_capped_pretune_off,7,2,1,2,1,1,0,1,0.5,1.0,0.6666666666666666,0.5,1.0,0.6666666666666666,False,False,,,True,,,0
409_evogrow_v2_2_stage_capped_pretune_off_6_1_42,paper1_phaseB_v1,6,evogrow_v2_2_stage_capped_pretune_off,42,1,1,2,2,2,0,0,1.0,1.0,1.0,1.0,1.0,1.0,True,True,True,True,True,,,0
410_evogrow_v2_2_stage_capped_pretune_off_6_1_123,paper1_phaseB_v1,6,evogrow_v2_2_stage_capped_pretune_off,123,1,1,2,2,2,0,0,1.0,1.0,1.0,1.0,1.0,1.0,True,True,True,True,True,,,0
411_evogrow_v2_2_stage_capped_pretune_off_6_1_7,paper1_phaseB_v1,6,evogrow_v2_2_stage_capped_pretune_off,7,1,1,2,2,2,0,0,1.0,1.0,1.0,1.0,1.0,1.0,True,True,True,True,True,,,0
412_evogrow_v2_2_stage_capped_pretune_off_6_2_42,paper1_phaseB_v1,6,evogrow_v2_2_stage_capped_pretune_off,42,2,1,2,2,2,0,0,1.0,1.0,1.0,1.0,1.0,1.0,True,True,True,True,True,,,0
413_evogrow_v2_2_stage_capped_pretune_off_6_2_123,paper1_phaseB_v1,6,evogrow_v2_2_stage_capped_pretune_off,123,2,1,2,2,2,0,0,1.0,1.0,1.0,1.0,1.0,1.0,True,True,True,True,True,,,0
414_evogrow_v2_2_stage_capped_pretune_off_6_2_7,paper1_phaseB_v1,6,evogrow_v2_2_stage_capped_pretune_off,7,2,1,2,2,2,0,0,1.0,1.0,1.0,1.0,1.0,1.0,True,True,True,True,True,,,0
415_evogrow_v2_2_stage_capped_pretune_off_7_1_42,paper1_phaseB_v1,7,evogrow_v2_2_stage_capped_pretune_off,42,1,1,1,1,1,0,0,1.0,1.0,1.0,1.0,1.0,1.0,True,True,,,True,,,0
416_evogrow_v2_2_stage_capped_pretune_off_7_1_123,paper1_phaseB_v1,7,evogrow_v2_2_stage_capped_pretune_off,123,1,1,1,1,1,0,0,1.0,1.0,1.0,1.0,1.0,1.0,True,True,,,True,,,0
417_evogrow_v2_2_stage_capped_pretune_off_7_1_7,paper1_phaseB_v1,7,evogrow_v2_2_stage_capped_pretune_off,7,1,1,1,1,1,0,0,1.0,1.0,1.0,1.0,1.0,1.0,True,True,,,True,,,0
418_evogrow_v2_2_stage_capped_pretune_off_7_2_42,paper1_phaseB_v1,7,evogrow_v2_2_stage_capped_pretune_off,42,2,1,3,1,1,0,2,0.3333333333333333,1.0,0.5,0.3333333333333333,1.0,0.5,False,False,,,True,,,0
419_evogrow_v2_2_stage_capped_pretune_off_7_2_123,paper1_phaseB_v1,7,evogrow_v2_2_stage_capped_pretune_off,123,2,1,3,1,1,0,2,0.3333333333333333,1.0,0.5,0.3333333333333333,1.0,0.5,False,False,,,True,,,0
420_evogrow_v2_2_stage_capped_pretune_off_7_2_7,paper1_phaseB_v1,7,evogrow_v2_2_stage_capped_pretune_off,7,2,1,3,1,1,0,2,0.3333333333333333,1.0,0.5,0.3333333333333333,1.0,0.5,False,False,,,True,,,0
421_evogrow_v2_2_stage_capped_pretune_off_8_1_42,paper1_phaseB_v1,8,evogrow_v2_2_stage_capped_pretune_off,42,1,1,3,3,3,0,0,1.0,1.0,1.0,1.0,1.0,1.0,True,True,True,True,True,,,0
422_evogrow_v2_2_stage_capped_pretune_off_8_1_123,paper1_phaseB_v1,8,evogrow_v2_2_stage_capped_pretune_off,123,1,1,3,3,3,0,0,1.0,1.0,1.0,1.0,1.0,1.0,True,True,True,True,True,,,0
423_evogrow_v2_2_stage_capped_pretune_off_8_1_7,paper1_phaseB_v1,8,evogrow_v2_2_stage_capped_pretune_off,7,1,1,3,3,3,0,0,1.0,1.0,1.0,1.0,1.0,1.0,True,True,True,True,True,,,0
424_evogrow_v2_2_stage_capped_pretune_off_8_2_42,paper1_phaseB_v1,8,evogrow_v2_2_stage_capped_pretune_off,42,2,1,1,3,1,2,0,1.0,0.3333333333333333,0.5,1.0,0.3333333333333333,0.5,False,False,False,False,True,,,0
425_evogrow_v2_2_stage_capped_pretune_off_8_2_123,paper1_phaseB_v1,8,evogrow_v2_2_stage_capped_pretune_off,123,2,1,1,3,1,2,0,1.0,0.3333333333333333,0.5,1.0,0.3333333333333333,0.5,False,False,False,False,True,,,0
426_evogrow_v2_2_stage_capped_pretune_off_8_2_7,paper1_phaseB_v1,8,evogrow_v2_2_stage_capped_pretune_off,7,2,1,1,3,1,2,0,1.0,0.3333333333333333,0.5,1.0,0.3333333333333333,0.5,False,False,False,False,True,,,0
427_evogrow_v2_2_stage_capped_pretune_off_9_1_42,paper1_phaseB_v1,9,evogrow_v2_2_stage_capped_pretune_off,42,1,1,2,1,1,0,1,0.5,1.0,0.6666666666666666,0.5,1.0,0.6666666666666666,False,False,,,True,,,0
428_evogrow_v2_2_stage_capped_pretune_off_9_1_123,paper1_phaseB_v1,9,evogrow_v2_2_stage_capped_pretune_off,123,1,1,2,1,1,0,1,0.5,1.0,0.6666666666666666,0.5,1.0,0.6666666666666666,False,False,,,True,,,0
429_evogrow_v2_2_stage_capped_pretune_off_9_1_7,paper1_phaseB_v1,9,evogrow_v2_2_stage_capped_pretune_off,7,1,1,2,1,1,0,1,0.5,1.0,0.6666666666666666,0.5,1.0,0.6666666666666666,False,False,,,True,,,0
430_evogrow_v2_2_stage_capped_pretune_off_9_2_42,paper1_phaseB_v1,9,evogrow_v2_2_stage_capped_pretune_off,42,2,1,1,1,1,0,0,1.0,1.0,1.0,1.0,1.0,1.0,True,True,,,True,,,0
431_evogrow_v2_2_stage_capped_pretune_off_9_2_123,paper1_phaseB_v1,9,evogrow_v2_2_stage_capped_pretune_off,123,2,1,1,1,1,0,0,1.0,1.0,1.0,1.0,1.0,1.0,True,True,,,True,,,0
432_evogrow_v2_2_stage_capped_pretune_off_9_2_7,paper1_phaseB_v1,9,evogrow_v2_2_stage_capped_pretune_off,7,2,1,1,1,1,0,0,1.0,1.0,1.0,1.0,1.0,1.0,True,True,,,True,,,0
433_evogrow_v2_2_stage_capped_pretune_off_10_1_42,paper1_phaseB_v1,10,evogrow_v2_2_stage_capped_pretune_off,42,1,1,2,0,0,0,2,0.0,0.0,0.0,0.0,0.0,0.0,False,False,,,True,,,0
434_evogrow_v2_2_stage_capped_pretune_off_10_1_123,paper1_phaseB_v1,10,evogrow_v2_2_stage_capped_pretune_off,123,1,1,2,0,0,0,2,0.0,0.0,0.0,0.0,0.0,0.0,False,False,,,True,,,0
435_evogrow_v2_2_stage_capped_pretune_off_10_1_7,paper1_phaseB_v1,10,evogrow_v2_2_stage_capped_pretune_off,7,1,1,2,0,0,0,2,0.0,0.0,0.0,0.0,0.0,0.0,False,False,,,True,,,0
436_evogrow_v2_2_stage_capped_pretune_off_10_2_42,paper1_phaseB_v1,10,evogrow_v2_2_stage_capped_pretune_off,42,2,1,1,0,0,0,1,0.0,0.0,0.0,0.0,0.0,0.0,False,False,,,True,,,0
437_evogrow_v2_2_stage_capped_pretune_off_10_2_123,paper1_phaseB_v1,10,evogrow_v2_2_stage_capped_pretune_off,123,2,1,1,0,0,0,1,0.0,0.0,0.0,0.0,0.0,0.0,False,False,,,True,,,0
438_evogrow_v2_2_stage_capped_pretune_off_10_2_7,paper1_phaseB_v1,10,evogrow_v2_2_stage_capped_pretune_off,7,2,1,1,0,0,0,1,0.0,0.0,0.0,0.0,0.0,0.0,False,False,,,True,,,0
439_evogrow_v2_2_stage_capped_pretune_off_11_1_42,paper1_phaseB_v1,11,evogrow_v2_2_stage_capped_pretune_off,42,1,1,3,1,1,0,2,0.3333333333333333,1.0,0.5,0.3333333333333333,1.0,0.5,False,False,False,True,False,,,0
440_evogrow_v2_2_stage_capped_pretune_off_11_1_123,paper1_phaseB_v1,11,evogrow_v2_2_stage_capped_pretune_off,123,1,1,3,1,1,0,2,0.3333333333333333,1.0,0.5,0.3333333333333333,1.0,0.5,False,False,False,True,False,,,0
441_evogrow_v2_2_stage_capped_pretune_off_11_1_7,paper1_phaseB_v1,11,evogrow_v2_2_stage_capped_pretune_off,7,1,1,3,1,1,0,2,0.3333333333333333,1.0,0.5,0.3333333333333333,1.0,0.5,False,False,False,True,False,,,0
442_evogrow_v2_2_stage_capped_pretune_off_11_2_42,paper1_phaseB_v1,11,evogrow_v2_2_stage_capped_pretune_off,42,2,1,2,1,0,1,2,0.0,0.0,0.0,0.0,0.0,0.0,False,False,False,False,True,,,0
443_evogrow_v2_2_stage_capped_pretune_off_11_2_123,paper1_phaseB_v1,11,evogrow_v2_2_stage_capped_pretune_off,123,2,1,2,1,0,1,2,0.0,0.0,0.0,0.0,0.0,0.0,False,False,False,False,True,,,0
444_evogrow_v2_2_stage_capped_pretune_off_11_2_7,paper1_phaseB_v1,11,evogrow_v2_2_stage_capped_pretune_off,7,2,1,2,1,0,1,2,0.0,0.0,0.0,0.0,0.0,0.0,False,False,False,False,True,,,0
445_evogrow_v2_2_stage_capped_pretune_off_12_1_42,paper1_phaseB_v1,12,evogrow_v2_2_stage_capped_pretune_off,42,1,1,2,2,2,0,0,1.0,1.0,1.0,1.0,1.0,1.0,True,True,True,True,True,,,0
446_evogrow_v2_2_stage_capped_pretune_off_12_1_123,paper1_phaseB_v1,12,evogrow_v2_2_stage_capped_pretune_off,123,1,1,2,2,2,0,0,1.0,1.0,1.0,1.0,1.0,1.0,True,True,True,True,True,,,0
447_evogrow_v2_2_stage_capped_pretune_off_12_1_7,paper1_phaseB_v1,12,evogrow_v2_2_stage_capped_pretune_off,7,1,1,2,2,2,0,0,1.0,1.0,1.0,1.0,1.0,1.0,True,True,True,True,True,,,0
448_evogrow_v2_2_stage_capped_pretune_off_12_2_42,paper1_phaseB_v1,12,evogrow_v2_2_stage_capped_pretune_off,42,2,1,2,2,2,0,0,1.0,1.0,1.0,1.0,1.0,1.0,True,True,True,True,True,,,0
449_evogrow_v2_2_stage_capped_pretune_off_12_2_123,paper1_phaseB_v1,12,evogrow_v2_2_stage_capped_pretune_off,123,2,1,2,2,2,0,0,1.0,1.0,1.0,1.0,1.0,1.0,True,True,True,True,True,,,0
450_evogrow_v2_2_stage_capped_pretune_off_12_2_7,paper1_phaseB_v1,12,evogrow_v2_2_stage_capped_pretune_off,7,2,1,2,2,2,0,0,1.0,1.0,1.0,1.0,1.0,1.0,True,True,True,True,True,,,0
451_evogrow_v2_2_stage_capped_pretune_off_13_1_42,paper1_phaseB_v1,13,evogrow_v2_2_stage_capped_pretune_off,42,1,1,3,1,0,1,3,0.0,0.0,0.0,0.0,0.0,0.0,False,False,,,True,,,0
452_evogrow_v2_2_stage_capped_pretune_off_13_1_123,paper1_phaseB_v1,13,evogrow_v2_2_stage_capped_pretune_off,123,1,1,3,1,0,1,3,0.0,0.0,0.0,0.0,0.0,0.0,False,False,,,True,,,0
453_evogrow_v2_2_stage_capped_pretune_off_13_1_7,paper1_phaseB_v1,13,evogrow_v2_2_stage_capped_pretune_off,7,1,1,3,1,0,1,3,0.0,0.0,0.0,0.0,0.0,0.0,False,False,,,True,,,0
454_evogrow_v2_2_stage_capped_pretune_off_13_2_42,paper1_phaseB_v1,13,evogrow_v2_2_stage_capped_pretune_off,42,2,1,2,1,0,1,2,0.0,0.0,0.0,0.0,0.0,0.0,False,False,,,True,,,0
455_evogrow_v2_2_stage_capped_pretune_off_13_2_123,paper1_phaseB_v1,13,evogrow_v2_2_stage_capped_pretune_off,123,2,1,2,1,0,1,2,0.0,0.0,0.0,0.0,0.0,0.0,False,False,,,True,,,0
456_evogrow_v2_2_stage_capped_pretune_off_13_2_7,paper1_phaseB_v1,13,evogrow_v2_2_stage_capped_pretune_off,7,2,1,2,1,0,1,2,0.0,0.0,0.0,0.0,0.0,0.0,False,False,,,True,,,0
457_evogrow_v2_2_stage_capped_pretune_off_14_1_42,paper1_phaseB_v1,14,evogrow_v2_2_stage_capped_pretune_off,42,1,1,2,2,2,0,0,1.0,1.0,1.0,1.0,1.0,1.0,True,True,,,True,,,0
458_evogrow_v2_2_stage_capped_pretune_off_14_1_123,paper1_phaseB_v1,14,evogrow_v2_2_stage_capped_pretune_off,123,1,1,2,2,2,0,0,1.0,1.0,1.0,1.0,1.0,1.0,True,True,,,True,,,0
459_evogrow_v2_2_stage_capped_pretune_off_14_1_7,paper1_phaseB_v1,14,evogrow_v2_2_stage_capped_pretune_off,7,1,1,2,2,2,0,0,1.0,1.0,1.0,1.0,1.0,1.0,True,True,,,True,,,0
460_evogrow_v2_2_stage_capped_pretune_off_14_2_42,paper1_phaseB_v1,14,evogrow_v2_2_stage_capped_pretune_off,42,2,1,2,2,2,0,0,1.0,1.0,1.0,1.0,1.0,1.0,True,True,,,True,,,0
461_evogrow_v2_2_stage_capped_pretune_off_14_2_123,paper1_phaseB_v1,14,evogrow_v2_2_stage_capped_pretune_off,123,2,1,2,2,2,0,0,1.0,1.0,1.0,1.0,1.0,1.0,True,True,,,True,,,0
462_evogrow_v2_2_stage_capped_pretune_off_14_2_7,paper1_phaseB_v1,14,evogrow_v2_2_stage_capped_pretune_off,7,2,1,2,2,2,0,0,1.0,1.0,1.0,1.0,1.0,1.0,True,True,,,True,,,0
463_evogrow_v2_2_stage_capped_pretune_off_15_1_42,paper1_phaseB_v1,15,evogrow_v2_2_stage_capped_pretune_off,42,1,1,2,2,2,0,0,1.0,1.0,1.0,1.0,1.0,1.0,True,True,,,True,,,0
464_evogrow_v2_2_stage_capped_pretune_off_15_1_123,paper1_phaseB_v1,15,evogrow_v2_2_stage_capped_pretune_off,123,1,1,2,2,2,0,0,1.0,1.0,1.0,1.0,1.0,1.0,True,True,,,True,,,0
465_evogrow_v2_2_stage_capped_pretune_off_15_1_7,paper1_phaseB_v1,15,evogrow_v2_2_stage_capped_pretune_off,7,1,1,2,2,2,0,0,1.0,1.0,1.0,1.0,1.0,1.0,True,True,,,True,,,0
466_evogrow_v2_2_stage_capped_pretune_off_15_2_42,paper1_phaseB_v1,15,evogrow_v2_2_stage_capped_pretune_off,42,2,1,1,2,1,1,0,1.0,0.5,0.6666666666666666,1.0,0.5,0.6666666666666666,False,False,,,True,,,0
467_evogrow_v2_2_stage_capped_pretune_off_15_2_123,paper1_phaseB_v1,15,evogrow_v2_2_stage_capped_pretune_off,123,2,1,1,2,1,1,0,1.0,0.5,0.6666666666666666,1.0,0.5,0.6666666666666666,False,False,,,True,,,0
468_evogrow_v2_2_stage_capped_pretune_off_15_2_7,paper1_phaseB_v1,15,evogrow_v2_2_stage_capped_pretune_off,7,2,1,1,2,1,1,0,1.0,0.5,0.6666666666666666,1.0,0.5,0.6666666666666666,False,False,,,True,,,0
469_evogrow_v2_2_stage_capped_pretune_off_16_1_42,paper1_phaseB_v1,16,evogrow_v2_2_stage_capped_pretune_off,42,1,1,4,2,2,0,2,0.5,1.0,0.6666666666666666,0.5,1.0,0.6666666666666666,False,False,,,True,,,0
470_evogrow_v2_2_stage_capped_pretune_off_16_1_123,paper1_phaseB_v1,16,evogrow_v2_2_stage_capped_pretune_off,123,1,1,4,2,2,0,2,0.5,1.0,0.6666666666666666,0.5,1.0,0.6666666666666666,False,False,,,True,,,0
471_evogrow_v2_2_stage_capped_pretune_off_16_1_7,paper1_phaseB_v1,16,evogrow_v2_2_stage_capped_pretune_off,7,1,1,4,2,2,0,2,0.5,1.0,0.6666666666666666,0.5,1.0,0.6666666666666666,False,False,,,True,,,0
472_evogrow_v2_2_stage_capped_pretune_off_16_2_42,paper1_phaseB_v1,16,evogrow_v2_2_stage_capped_pretune_off,42,2,1,4,2,2,0,2,0.5,1.0,0.6666666666666666,0.5,1.0,0.6666666666666666,False,False,,,True,,,0
473_evogrow_v2_2_stage_capped_pretune_off_16_2_123,paper1_phaseB_v1,16,evogrow_v2_2_stage_capped_pretune_off,123,2,1,4,2,2,0,2,0.5,1.0,0.6666666666666666,0.5,1.0,0.6666666666666666,False,False,,,True,,,0
474_evogrow_v2_2_stage_capped_pretune_off_16_2_7,paper1_phaseB_v1,16,evogrow_v2_2_stage_capped_pretune_off,7,2,1,4,2,2,0,2,0.5,1.0,0.6666666666666666,0.5,1.0,0.6666666666666666,False,False,,,True,,,0
475_evogrow_v2_2_stage_capped_pretune_off_17_1_42,paper1_phaseB_v1,17,evogrow_v2_2_stage_capped_pretune_off,42,1,1,3,2,2,0,1,0.6666666666666666,1.0,0.8,0.6666666666666666,1.0,0.8,False,False,,,True,,,0
476_evogrow_v2_2_stage_capped_pretune_off_17_1_123,paper1_phaseB_v1,17,evogrow_v2_2_stage_capped_pretune_off,123,1,1,3,2,2,0,1,0.6666666666666666,1.0,0.8,0.6666666666666666,1.0,0.8,False,False,,,True,,,0
477_evogrow_v2_2_stage_capped_pretune_off_17_1_7,paper1_phaseB_v1,17,evogrow_v2_2_stage_capped_pretune_off,7,1,1,3,2,2,0,1,0.6666666666666666,1.0,0.8,0.6666666666666666,1.0,0.8,False,False,,,True,,,0
478_evogrow_v2_2_stage_capped_pretune_off_17_2_42,paper1_phaseB_v1,17,evogrow_v2_2_stage_capped_pretune_off,42,2,1,2,2,2,0,0,1.0,1.0,1.0,1.0,1.0,1.0,True,True,,,True,,,0
479_evogrow_v2_2_stage_capped_pretune_off_17_2_123,paper1_phaseB_v1,17,evogrow_v2_2_stage_capped_pretune_off,123,2,1,2,2,2,0,0,1.0,1.0,1.0,1.0,1.0,1.0,True,True,,,True,,,0
480_evogrow_v2_2_stage_capped_pretune_off_17_2_7,paper1_phaseB_v1,17,evogrow_v2_2_stage_capped_pretune_off,7,2,1,2,2,2,0,0,1.0,1.0,1.0,1.0,1.0,1.0,True,True,,,True,,,0
481_evogrow_v2_2_stage_capped_pretune_off_18_1_42,paper1_phaseB_v1,18,evogrow_v2_2_stage_capped_pretune_off,42,1,1,2,2,2,0,0,1.0,1.0,1.0,1.0,1.0,1.0,True,True,,,True,,,0
482_evogrow_v2_2_stage_capped_pretune_off_18_1_123,paper1_phaseB_v1,18,evogrow_v2_2_stage_capped_pretune_off,123,1,1,2,2,2,0,0,1.0,1.0,1.0,1.0,1.0,1.0,True,True,,,True,,,0
483_evogrow_v2_2_stage_capped_pretune_off_18_1_7,paper1_phaseB_v1,18,evogrow_v2_2_stage_capped_pretune_off,7,1,1,2,2,2,0,0,1.0,1.0,1.0,1.0,1.0,1.0,True,True,,,True,,,0
484_evogrow_v2_2_stage_capped_pretune_off_18_2_42,paper1_phaseB_v1,18,evogrow_v2_2_stage_capped_pretune_off,42,2,1,2,2,2,0,0,1.0,1.0,1.0,1.0,1.0,1.0,True,True,,,True,,,0
485_evogrow_v2_2_stage_capped_pretune_off_18_2_123,paper1_phaseB_v1,18,evogrow_v2_2_stage_capped_pretune_off,123,2,1,2,2,2,0,0,1.0,1.0,1.0,1.0,1.0,1.0,True,True,,,True,,,0
486_evogrow_v2_2_stage_capped_pretune_off_18_2_7,paper1_phaseB_v1,18,evogrow_v2_2_stage_capped_pretune_off,7,2,1,2,2,2,0,0,1.0,1.0,1.0,1.0,1.0,1.0,True,True,,,True,,,0
487_evogrow_v2_2_stage_capped_pretune_off_19_1_42,paper1_phaseB_v1,19,evogrow_v2_2_stage_capped_pretune_off,42,1,1,2,2,2,0,0,1.0,1.0,1.0,1.0,1.0,1.0,True,True,,,True,,,0
488_evogrow_v2_2_stage_capped_pretune_off_19_1_123,paper1_phaseB_v1,19,evogrow_v2_2_stage_capped_pretune_off,123,1,1,2,2,2,0,0,1.0,1.0,1.0,1.0,1.0,1.0,True,True,,,True,,,0
489_evogrow_v2_2_stage_capped_pretune_off_19_1_7,paper1_phaseB_v1,19,evogrow_v2_2_stage_capped_pretune_off,7,1,1,2,2,2,0,0,1.0,1.0,1.0,1.0,1.0,1.0,True,True,,,True,,,0
490_evogrow_v2_2_stage_capped_pretune_off_19_2_42,paper1_phaseB_v1,19,evogrow_v2_2_stage_capped_pretune_off,42,2,1,2,2,2,0,0,1.0,1.0,1.0,1.0,1.0,1.0,True,True,,,True,,,0
491_evogrow_v2_2_stage_capped_pretune_off_19_2_123,paper1_phaseB_v1,19,evogrow_v2_2_stage_capped_pretune_off,123,2,1,2,2,2,0,0,1.0,1.0,1.0,1.0,1.0,1.0,True,True,,,True,,,0
492_evogrow_v2_2_stage_capped_pretune_off_19_2_7,paper1_phaseB_v1,19,evogrow_v2_2_stage_capped_pretune_off,7,2,1,2,2,2,0,0,1.0,1.0,1.0,1.0,1.0,1.0,True,True,,,True,,,0
493_evogrow_v2_2_stage_capped_pretune_off_20_1_42,paper1_phaseB_v1,20,evogrow_v2_2_stage_capped_pretune_off,42,1,1,3,1,1,0,2,0.3333333333333333,1.0,0.5,0.3333333333333333,1.0,0.5,False,False,,,True,,,0
494_evogrow_v2_2_stage_capped_pretune_off_20_1_123,paper1_phaseB_v1,20,evogrow_v2_2_stage_capped_pretune_off,123,1,1,3,1,1,0,2,0.3333333333333333,1.0,0.5,0.3333333333333333,1.0,0.5,False,False,,,True,,,0
495_evogrow_v2_2_stage_capped_pretune_off_20_1_7,paper1_phaseB_v1,20,evogrow_v2_2_stage_capped_pretune_off,7,1,1,3,1,1,0,2,0.3333333333333333,1.0,0.5,0.3333333333333333,1.0,0.5,False,False,,,True,,,0
496_evogrow_v2_2_stage_capped_pretune_off_20_2_42,paper1_phaseB_v1,20,evogrow_v2_2_stage_capped_pretune_off,42,2,1,1,1,1,0,0,1.0,1.0,1.0,1.0,1.0,1.0,True,True,,,True,,,0
497_evogrow_v2_2_stage_capped_pretune_off_20_2_123,paper1_phaseB_v1,20,evogrow_v2_2_stage_capped_pretune_off,123,2,1,1,1,1,0,0,1.0,1.0,1.0,1.0,1.0,1.0,True,True,,,True,,,0
498_evogrow_v2_2_stage_capped_pretune_off_20_2_7,paper1_phaseB_v1,20,evogrow_v2_2_stage_capped_pretune_off,7,2,1,1,1,1,0,0,1.0,1.0,1.0,1.0,1.0,1.0,True,True,,,True,,,0
499_evogrow_v2_2_stage_capped_pretune_off_21_1_42,paper1_phaseB_v1,21,evogrow_v2_2_stage_capped_pretune_off,42,1,1,4,1,1,0,3,0.25,1.0,0.4,0.25,1.0,0.4,False,False,,,True,,,0
500_evogrow_v2_2_stage_capped_pretune_off_21_1_123,paper1_phaseB_v1,21,evogrow_v2_2_stage_capped_pretune_off,123,1,1,4,1,1,0,3,0.25,1.0,0.4,0.25,1.0,0.4,False,False,,,True,,,0
501_evogrow_v2_2_stage_capped_pretune_off_21_1_7,paper1_phaseB_v1,21,evogrow_v2_2_stage_capped_pretune_off,7,1,1,4,1,1,0,3,0.25,1.0,0.4,0.25,1.0,0.4,False,False,,,True,,,0
502_evogrow_v2_2_stage_capped_pretune_off_21_2_42,paper1_phaseB_v1,21,evogrow_v2_2_stage_capped_pretune_off,42,2,1,3,1,1,0,2,0.3333333333333333,1.0,0.5,0.3333333333333333,1.0,0.5,False,False,,,True,,,0
503_evogrow_v2_2_stage_capped_pretune_off_21_2_123,paper1_phaseB_v1,21,evogrow_v2_2_stage_capped_pretune_off,123,2,1,3,1,1,0,2,0.3333333333333333,1.0,0.5,0.3333333333333333,1.0,0.5,False,False,,,True,,,0
504_evogrow_v2_2_stage_capped_pretune_off_21_2_7,paper1_phaseB_v1,21,evogrow_v2_2_stage_capped_pretune_off,7,2,1,3,1,1,0,2,0.3333333333333333,1.0,0.5,0.3333333333333333,1.0,0.5,False,False,,,True,,,0
505_evogrow_v2_2_stage_capped_pretune_off_22_1_42,paper1_phaseB_v1,22,evogrow_v2_2_stage_capped_pretune_off,42,1,1,2,1,1,0,1,0.5,1.0,0.6666666666666666,0.5,1.0,0.6666666666666666,False,False,,,True,,,0
506_evogrow_v2_2_stage_capped_pretune_off_22_1_123,paper1_phaseB_v1,22,evogrow_v2_2_stage_capped_pretune_off,123,1,1,2,1,1,0,1,0.5,1.0,0.6666666666666666,0.5,1.0,0.6666666666666666,False,False,,,True,,,0
507_evogrow_v2_2_stage_capped_pretune_off_22_1_7,paper1_phaseB_v1,22,evogrow_v2_2_stage_capped_pretune_off,7,1,1,2,1,1,0,1,0.5,1.0,0.6666666666666666,0.5,1.0,0.6666666666666666,False,False,,,True,,,0
508_evogrow_v2_2_stage_capped_pretune_off_22_2_42,paper1_phaseB_v1,22,evogrow_v2_2_stage_capped_pretune_off,42,2,1,3,1,1,0,2,0.3333333333333333,1.0,0.5,0.3333333333333333,1.0,0.5,False,False,,,True,,,0
509_evogrow_v2_2_stage_capped_pretune_off_22_2_123,paper1_phaseB_v1,22,evogrow_v2_2_stage_capped_pretune_off,123,2,1,3,1,1,0,2,0.3333333333333333,1.0,0.5,0.3333333333333333,1.0,0.5,False,False,,,True,,,0
510_evogrow_v2_2_stage_capped_pretune_off_22_2_7,paper1_phaseB_v1,22,evogrow_v2_2_stage_capped_pretune_off,7,2,1,3,1,1,0,2,0.3333333333333333,1.0,0.5,0.3333333333333333,1.0,0.5,False,False,,,True,,,0
511_evogrow_v2_2_stage_capped_pretune_off_23_1_42,paper1_phaseB_v1,23,evogrow_v2_2_stage_capped_pretune_off,42,1,1,3,1,0,1,3,0.0,0.0,0.0,0.0,0.0,0.0,False,False,,,True,,,0
512_evogrow_v2_2_stage_capped_pretune_off_23_1_123,paper1_phaseB_v1,23,evogrow_v2_2_stage_capped_pretune_off,123,1,1,3,1,0,1,3,0.0,0.0,0.0,0.0,0.0,0.0,False,False,,,True,,,0
513_evogrow_v2_2_stage_capped_pretune_off_23_1_7,paper1_phaseB_v1,23,evogrow_v2_2_stage_capped_pretune_off,7,1,1,3,1,0,1,3,0.0,0.0,0.0,0.0,0.0,0.0,False,False,,,True,,,0
514_evogrow_v2_2_stage_capped_pretune_off_23_2_42,paper1_phaseB_v1,23,evogrow_v2_2_stage_capped_pretune_off,42,2,1,3,1,0,1,3,0.0,0.0,0.0,0.0,0.0,0.0,False,False,,,True,,,0
515_evogrow_v2_2_stage_capped_pretune_off_23_2_123,paper1_phaseB_v1,23,evogrow_v2_2_stage_capped_pretune_off,123,2,1,3,1,0,1,3,0.0,0.0,0.0,0.0,0.0,0.0,False,False,,,True,,,0
516_evogrow_v2_2_stage_capped_pretune_off_23_2_7,paper1_phaseB_v1,23,evogrow_v2_2_stage_capped_pretune_off,7,2,1,3,1,0,1,3,0.0,0.0,0.0,0.0,0.0,0.0,False,False,,,True,,,0
517_evogrow_v2_2_stage_capped_pretune_off_24_1_42,paper1_phaseB_v1,24,evogrow_v2_2_stage_capped_pretune_off,42,1,2,2,2,2,0,0,1.0,1.0,1.0,1.0,1.0,1.0,True,True,True,True,True,,,0
518_evogrow_v2_2_stage_capped_pretune_off_24_1_123,paper1_phaseB_v1,24,evogrow_v2_2_stage_capped_pretune_off,123,1,2,3,2,2,0,1,0.75,1.0,0.8333333333333333,0.6666666666666666,1.0,0.8,False,False,False,True,False,,,0
519_evogrow_v2_2_stage_capped_pretune_off_24_1_7,paper1_phaseB_v1,24,evogrow_v2_2_stage_capped_pretune_off,7,1,2,3,2,2,0,1,0.75,1.0,0.8333333333333333,0.6666666666666666,1.0,0.8,False,False,False,True,False,,,0
520_evogrow_v2_2_stage_capped_pretune_off_24_2_42,paper1_phaseB_v1,24,evogrow_v2_2_stage_capped_pretune_off,42,2,2,3,2,2,0,1,0.75,1.0,0.8333333333333333,0.6666666666666666,1.0,0.8,False,False,False,True,False,,,0
521_evogrow_v2_2_stage_capped_pretune_off_24_2_123,paper1_phaseB_v1,24,evogrow_v2_2_stage_capped_pretune_off,123,2,2,3,2,2,0,1,0.75,1.0,0.8333333333333333,0.6666666666666666,1.0,0.8,False,False,False,True,False,,,0
522_evogrow_v2_2_stage_capped_pretune_off_24_2_7,paper1_phaseB_v1,24,evogrow_v2_2_stage_capped_pretune_off,7,2,2,3,2,2,0,1,0.75,1.0,0.8333333333333333,0.6666666666666666,1.0,0.8,False,False,False,True,False,,,0
523_evogrow_v2_2_stage_capped_pretune_off_25_1_42,paper1_phaseB_v1,25,evogrow_v2_2_stage_capped_pretune_off,42,1,2,3,3,3,0,0,1.0,1.0,1.0,1.0,1.0,1.0,True,True,True,True,True,,,0
524_evogrow_v2_2_stage_capped_pretune_off_25_1_123,paper1_phaseB_v1,25,evogrow_v2_2_stage_capped_pretune_off,123,1,2,3,3,3,0,0,1.0,1.0,1.0,1.0,1.0,1.0,True,True,True,True,True,,,0
525_evogrow_v2_2_stage_capped_pretune_off_25_1_7,paper1_phaseB_v1,25,evogrow_v2_2_stage_capped_pretune_off,7,1,2,3,3,3,0,0,1.0,1.0,1.0,1.0,1.0,1.0,True,True,True,True,True,,,0
526_evogrow_v2_2_stage_capped_pretune_off_25_2_42,paper1_phaseB_v1,25,evogrow_v2_2_stage_capped_pretune_off,42,2,2,3,3,3,0,0,1.0,1.0,1.0,1.0,1.0,1.0,True,True,True,True,True,,,0
527_evogrow_v2_2_stage_capped_pretune_off_25_2_123,paper1_phaseB_v1,25,evogrow_v2_2_stage_capped_pretune_off,123,2,2,3,3,3,0,0,1.0,1.0,1.0,1.0,1.0,1.0,True,True,True,True,True,,,0
528_evogrow_v2_2_stage_capped_pretune_off_25_2_7,paper1_phaseB_v1,25,evogrow_v2_2_stage_capped_pretune_off,7,2,2,3,3,3,0,0,1.0,1.0,1.0,1.0,1.0,1.0,True,True,True,True,True,,,0
529_evogrow_v2_2_stage_capped_pretune_off_26_1_42,paper1_phaseB_v1,26,evogrow_v2_2_stage_capped_pretune_off,42,1,2,8,6,4,2,4,0.4666666666666667,0.6666666666666666,0.5416666666666666,0.5,0.6666666666666666,0.5714285714285715,False,False,False,False,True,,,0
530_evogrow_v2_2_stage_capped_pretune_off_26_1_123,paper1_phaseB_v1,26,evogrow_v2_2_stage_capped_pretune_off,123,1,2,6,6,3,3,3,0.375,0.5,0.42857142857142855,0.5,0.5,0.5,False,False,False,False,True,,,0
531_evogrow_v2_2_stage_capped_pretune_off_26_1_7,paper1_phaseB_v1,26,evogrow_v2_2_stage_capped_pretune_off,7,1,2,6,6,3,3,3,0.375,0.5,0.42857142857142855,0.5,0.5,0.5,False,False,False,False,True,,,0
532_evogrow_v2_2_stage_capped_pretune_off_26_2_42,paper1_phaseB_v1,26,evogrow_v2_2_stage_capped_pretune_off,42,2,2,6,6,4,2,2,0.6666666666666666,0.6666666666666666,0.6666666666666666,0.6666666666666666,0.6666666666666666,0.6666666666666666,False,False,False,False,True,,,0
533_evogrow_v2_2_stage_capped_pretune_off_26_2_123,paper1_phaseB_v1,26,evogrow_v2_2_stage_capped_pretune_off,123,2,2,6,6,3,3,3,0.5,0.5,0.5,0.5,0.5,0.5,False,False,False,False,True,,,0
534_evogrow_v2_2_stage_capped_pretune_off_26_2_7,paper1_phaseB_v1,26,evogrow_v2_2_stage_capped_pretune_off,7,2,2,6,6,4,2,2,0.6666666666666666,0.6666666666666666,0.6666666666666666,0.6666666666666666,0.6666666666666666,0.6666666666666666,False,False,False,False,True,,,0
535_evogrow_v2_2_stage_capped_pretune_off_27_1_42,paper1_phaseB_v1,27,evogrow_v2_2_stage_capped_pretune_off,42,1,2,9,4,3,1,6,0.325,0.75,0.45238095238095244,0.3333333333333333,0.75,0.46153846153846156,False,False,False,False,True,,,0
536_evogrow_v2_2_stage_capped_pretune_off_27_1_123,paper1_phaseB_v1,27,evogrow_v2_2_stage_capped_pretune_off,123,1,2,9,4,3,1,6,0.325,0.75,0.45238095238095244,0.3333333333333333,0.75,0.46153846153846156,False,False,False,False,True,,,0
537_evogrow_v2_2_stage_capped_pretune_off_27_1_7,paper1_phaseB_v1,27,evogrow_v2_2_stage_capped_pretune_off,7,1,2,6,4,3,1,3,0.5,0.75,0.6000000000000001,0.5,0.75,0.6,False,False,False,False,True,,,0
538_evogrow_v2_2_stage_capped_pretune_off_27_2_42,paper1_phaseB_v1,27,evogrow_v2_2_stage_capped_pretune_off,42,2,2,10,4,4,0,6,0.4,1.0,0.5714285714285715,0.4,1.0,0.5714285714285715,False,False,False,False,True,,,0
539_evogrow_v2_2_stage_capped_pretune_off_27_2_123,paper1_phaseB_v1,27,evogrow_v2_2_stage_capped_pretune_off,123,2,2,8,4,4,0,4,0.5,1.0,0.6666666666666666,0.5,1.0,0.6666666666666666,False,False,False,True,False,,,0
540_evogrow_v2_2_stage_capped_pretune_off_27_2_7,paper1_phaseB_v1,27,evogrow_v2_2_stage_capped_pretune_off,7,2,2,10,4,4,0,6,0.4,1.0,0.5714285714285715,0.4,1.0,0.5714285714285715,False,False,False,True,False,,,0
541_evogrow_v2_2_stage_capped_pretune_off_28_1_42,paper1_phaseB_v1,28,evogrow_v2_2_stage_capped_pretune_off,42,1,2,4,2,1,1,3,0.25,0.5,0.3333333333333333,0.25,0.5,0.3333333333333333,False,False,False,False,True,,,0
542_evogrow_v2_2_stage_capped_pretune_off_28_1_123,paper1_phaseB_v1,28,evogrow_v2_2_stage_capped_pretune_off,123,1,2,4,2,1,1,3,0.25,0.5,0.3333333333333333,0.25,0.5,0.3333333333333333,False,False,False,False,True,,,0
543_evogrow_v2_2_stage_capped_pretune_off_28_1_7,paper1_phaseB_v1,28,evogrow_v2_2_stage_capped_pretune_off,7,1,2,4,2,1,1,3,0.5,0.5,0.5,0.25,0.5,0.3333333333333333,False,False,False,False,True,,,0
544_evogrow_v2_2_stage_capped_pretune_off_28_2_42,paper1_phaseB_v1,28,evogrow_v2_2_stage_capped_pretune_off,42,2,2,2,2,1,1,1,0.5,0.5,0.5,0.5,0.5,0.5,False,False,False,False,True,,,0
545_evogrow_v2_2_stage_capped_pretune_off_28_2_123,paper1_phaseB_v1,28,evogrow_v2_2_stage_capped_pretune_off,123,2,2,2,2,1,1,1,0.5,0.5,0.5,0.5,0.5,0.5,False,False,False,False,True,,,0
546_evogrow_v2_2_stage_capped_pretune_off_28_2_7,paper1_phaseB_v1,28,evogrow_v2_2_stage_capped_pretune_off,7,2,2,2,2,1,1,1,0.5,0.5,0.5,0.5,0.5,0.5,False,False,False,False,True,,,0
547_evogrow_v2_2_stage_capped_pretune_off_29_1_42,paper1_phaseB_v1,29,evogrow_v2_2_stage_capped_pretune_off,42,1,2,8,3,3,0,5,0.375,1.0,0.5333333333333333,0.375,1.0,0.5454545454545454,False,False,False,True,False,,,0
548_evogrow_v2_2_stage_capped_pretune_off_29_1_123,paper1_phaseB_v1,29,evogrow_v2_2_stage_capped_pretune_off,123,1,2,8,3,3,0,5,0.375,1.0,0.5333333333333333,0.375,1.0,0.5454545454545454,False,False,False,True,False,,,0
549_evogrow_v2_2_stage_capped_pretune_off_29_1_7,paper1_phaseB_v1,29,evogrow_v2_2_stage_capped_pretune_off,7,1,2,7,3,3,0,4,0.4583333333333333,1.0,0.6000000000000001,0.42857142857142855,1.0,0.6,False,False,False,True,False,,,0
550_evogrow_v2_2_stage_capped_pretune_off_29_2_42,paper1_phaseB_v1,29,evogrow_v2_2_stage_capped_pretune_off,42,2,2,5,3,0,3,5,0.0,0.0,0.0,0.0,0.0,0.0,False,False,False,False,True,,,0
551_evogrow_v2_2_stage_capped_pretune_off_29_2_123,paper1_phaseB_v1,29,evogrow_v2_2_stage_capped_pretune_off,123,2,2,5,3,2,1,3,0.41666666666666663,0.75,0.5333333333333333,0.4,0.6666666666666666,0.5,False,False,False,False,True,,,0
552_evogrow_v2_2_stage_capped_pretune_off_29_2_7,paper1_phaseB_v1,29,evogrow_v2_2_stage_capped_pretune_off,7,2,2,5,3,0,3,5,0.0,0.0,0.0,0.0,0.0,0.0,False,False,False,False,True,,,0
553_evogrow_v2_2_stage_capped_pretune_off_30_1_42,paper1_phaseB_v1,30,evogrow_v2_2_stage_capped_pretune_off,42,1,2,2,2,0,2,2,0.0,0.0,0.0,0.0,0.0,0.0,False,False,,,True,,,0
554_evogrow_v2_2_stage_capped_pretune_off_30_1_123,paper1_phaseB_v1,30,evogrow_v2_2_stage_capped_pretune_off,123,1,2,2,2,0,2,2,0.0,0.0,0.0,0.0,0.0,0.0,False,False,,,True,,,0
555_evogrow_v2_2_stage_capped_pretune_off_30_1_7,paper1_phaseB_v1,30,evogrow_v2_2_stage_capped_pretune_off,7,1,2,2,2,0,2,2,0.0,0.0,0.0,0.0,0.0,0.0,False,False,,,True,,,0
556_evogrow_v2_2_stage_capped_pretune_off_30_2_42,paper1_phaseB_v1,30,evogrow_v2_2_stage_capped_pretune_off,42,2,2,2,2,0,2,2,0.0,0.0,0.0,0.0,0.0,0.0,False,False,,,True,,,0
557_evogrow_v2_2_stage_capped_pretune_off_30_2_123,paper1_phaseB_v1,30,evogrow_v2_2_stage_capped_pretune_off,123,2,2,2,2,0,2,2,0.0,0.0,0.0,0.0,0.0,0.0,False,False,,,True,,,0
558_evogrow_v2_2_stage_capped_pretune_off_30_2_7,paper1_phaseB_v1,30,evogrow_v2_2_stage_capped_pretune_off,7,2,2,2,2,0,2,2,0.0,0.0,0.0,0.0,0.0,0.0,False,False,,,True,,,0
559_evogrow_v2_2_stage_capped_pretune_off_31_1_42,paper1_phaseB_v1,31,evogrow_v2_2_stage_capped_pretune_off,42,1,2,7,3,1,2,6,0.16666666666666666,0.25,0.2,0.14285714285714285,0.3333333333333333,0.2,False,False,False,False,True,,,0
560_evogrow_v2_2_stage_capped_pretune_off_31_1_123,paper1_phaseB_v1,31,evogrow_v2_2_stage_capped_pretune_off,123,1,2,6,3,2,1,4,0.3333333333333333,0.5,0.4,0.3333333333333333,0.6666666666666666,0.4444444444444444,False,False,False,False,True,,,0
561_evogrow_v2_2_stage_capped_pretune_off_31_1_7,paper1_phaseB_v1,31,evogrow_v2_2_stage_capped_pretune_off,7,1,2,6,3,1,2,5,0.16666666666666666,0.25,0.2,0.16666666666666666,0.3333333333333333,0.2222222222222222,False,False,False,False,True,,,0
562_evogrow_v2_2_stage_capped_pretune_off_31_2_42,paper1_phaseB_v1,31,evogrow_v2_2_stage_capped_pretune_off,42,2,2,5,3,3,0,2,0.5833333333333333,1.0,0.7333333333333334,0.6,1.0,0.7499999999999999,False,False,False,True,False,,,0
563_evogrow_v2_2_stage_capped_pretune_off_31_2_123,paper1_phaseB_v1,31,evogrow_v2_2_stage_capped_pretune_off,123,2,2,6,3,3,0,3,0.5,1.0,0.65,0.5,1.0,0.6666666666666666,False,False,False,True,False,,,0
564_evogrow_v2_2_stage_capped_pretune_off_31_2_7,paper1_phaseB_v1,31,evogrow_v2_2_stage_capped_pretune_off,7,2,2,5,3,3,0,2,0.5833333333333333,1.0,0.7333333333333334,0.6,1.0,0.7499999999999999,False,False,False,True,False,,,0
565_evogrow_v2_2_stage_capped_pretune_off_32_1_42,paper1_phaseB_v1,32,evogrow_v2_2_stage_capped_pretune_off,42,1,2,9,4,4,0,5,0.425,1.0,0.575,0.4444444444444444,1.0,0.6153846153846153,False,False,False,True,False,,,0
566_evogrow_v2_2_stage_capped_pretune_off_32_1_123,paper1_phaseB_v1,32,evogrow_v2_2_stage_capped_pretune_off,123,1,2,9,4,4,0,5,0.425,1.0,0.575,0.4444444444444444,1.0,0.6153846153846153,False,False,False,True,False,,,0
567_evogrow_v2_2_stage_capped_pretune_off_32_1_7,paper1_phaseB_v1,32,evogrow_v2_2_stage_capped_pretune_off,7,1,2,12,4,4,0,8,0.3333333333333333,1.0,0.47619047619047616,0.3333333333333333,1.0,0.5,False,False,False,True,False,,,0
568_evogrow_v2_2_stage_capped_pretune_off_32_2_42,paper1_phaseB_v1,32,evogrow_v2_2_stage_capped_pretune_off,42,2,2,7,4,3,1,4,0.45,0.8333333333333333,0.5833333333333333,0.42857142857142855,0.75,0.5454545454545454,False,False,False,False,True,,,0
569_evogrow_v2_2_stage_capped_pretune_off_32_2_123,paper1_phaseB_v1,32,evogrow_v2_2_stage_capped_pretune_off,123,2,2,8,4,3,1,5,0.375,0.8333333333333333,0.48571428571428577,0.375,0.75,0.5,False,False,False,False,True,,,0
570_evogrow_v2_2_stage_capped_pretune_off_32_2_7,paper1_phaseB_v1,32,evogrow_v2_2_stage_capped_pretune_off,7,2,2,6,4,4,0,2,0.625,1.0,0.7619047619047619,0.6666666666666666,1.0,0.8,False,False,False,True,False,,,0
571_evogrow_v2_2_stage_capped_pretune_off_33_1_42,paper1_phaseB_v1,33,evogrow_v2_2_stage_capped_pretune_off,42,1,2,11,3,2,1,9,0.18333333333333335,0.75,0.2857142857142857,0.18181818181818182,0.6666666666666666,0.28571428571428575,False,False,,,True,,,0
572_evogrow_v2_2_stage_capped_pretune_off_33_1_123,paper1_phaseB_v1,33,evogrow_v2_2_stage_capped_pretune_off,123,1,2,11,3,3,0,8,0.2833333333333333,1.0,0.4285714285714286,0.2727272727272727,1.0,0.42857142857142855,False,False,,,True,,,0
573_evogrow_v2_2_stage_capped_pretune_off_33_1_7,paper1_phaseB_v1,33,evogrow_v2_2_stage_capped_pretune_off,7,1,2,12,3,2,1,10,0.16666666666666666,0.75,0.26785714285714285,0.16666666666666666,0.6666666666666666,0.26666666666666666,False,False,,,True,,,0
574_evogrow_v2_2_stage_capped_pretune_off_33_2_42,paper1_phaseB_v1,33,evogrow_v2_2_stage_capped_pretune_off,42,2,2,11,3,3,0,8,0.2833333333333333,1.0,0.4285714285714286,0.2727272727272727,1.0,0.42857142857142855,False,False,,,True,,,0
575_evogrow_v2_2_stage_capped_pretune_off_33_2_123,paper1_phaseB_v1,33,evogrow_v2_2_stage_capped_pretune_off,123,2,2,8,3,2,1,6,0.25,0.75,0.3666666666666667,0.25,0.6666666666666666,0.36363636363636365,False,False,,,True,,,0
576_evogrow_v2_2_stage_capped_pretune_off_33_2_7,paper1_phaseB_v1,33,evogrow_v2_2_stage_capped_pretune_off,7,2,2,9,3,2,1,7,0.225,0.75,0.34285714285714286,0.2222222222222222,0.6666666666666666,0.3333333333333333,False,False,,,True,,,0
577_evogrow_v2_2_stage_capped_pretune_off_34_1_42,paper1_phaseB_v1,34,evogrow_v2_2_stage_capped_pretune_off,42,1,2,4,2,1,1,3,0.5,0.5,0.5,0.25,0.5,0.3333333333333333,False,False,,,True,,,0
578_evogrow_v2_2_stage_capped_pretune_off_34_1_123,paper1_phaseB_v1,34,evogrow_v2_2_stage_capped_pretune_off,123,1,2,4,2,2,0,2,0.6666666666666666,1.0,0.75,0.5,1.0,0.6666666666666666,False,False,,,True,,,0
579_evogrow_v2_2_stage_capped_pretune_off_34_1_7,paper1_phaseB_v1,34,evogrow_v2_2_stage_capped_pretune_off,7,1,2,4,2,1,1,3,0.25,0.5,0.3333333333333333,0.25,0.5,0.3333333333333333,False,False,,,True,,,0
580_evogrow_v2_2_stage_capped_pretune_off_34_2_42,paper1_phaseB_v1,34,evogrow_v2_2_stage_capped_pretune_off,42,2,2,4,2,1,1,3,0.25,0.5,0.3333333333333333,0.25,0.5,0.3333333333333333,False,False,,,True,,,0
581_evogrow_v2_2_stage_capped_pretune_off_34_2_123,paper1_phaseB_v1,34,evogrow_v2_2_stage_capped_pretune_off,123,2,2,4,2,1,1,3,0.25,0.5,0.3333333333333333,0.25,0.5,0.3333333333333333,False,False,,,True,,,0
582_evogrow_v2_2_stage_capped_pretune_off_34_2_7,paper1_phaseB_v1,34,evogrow_v2_2_stage_capped_pretune_off,7,2,2,4,2,1,1,3,0.5,0.5,0.5,0.25,0.5,0.3333333333333333,False,False,,,True,,,0
583_evogrow_v2_2_stage_capped_pretune_off_35_1_42,paper1_phaseB_v1,35,evogrow_v2_2_stage_capped_pretune_off,42,1,2,9,0,0,0,9,0.0,0.0,0.0,0.0,0.0,0.0,False,False,,,True,,,0
584_evogrow_v2_2_stage_capped_pretune_off_35_1_123,paper1_phaseB_v1,35,evogrow_v2_2_stage_capped_pretune_off,123,1,2,12,0,0,0,12,0.0,0.0,0.0,0.0,0.0,0.0,False,False,,,True,,,0
585_evogrow_v2_2_stage_capped_pretune_off_35_1_7,paper1_phaseB_v1,35,evogrow_v2_2_stage_capped_pretune_off,7,1,2,12,0,0,0,12,0.0,0.0,0.0,0.0,0.0,0.0,False,False,,,True,,,0
586_evogrow_v2_2_stage_capped_pretune_off_35_2_42,paper1_phaseB_v1,35,evogrow_v2_2_stage_capped_pretune_off,42,2,2,6,0,0,0,6,0.0,0.0,0.0,0.0,0.0,0.0,False,False,,,True,,,0
587_evogrow_v2_2_stage_capped_pretune_off_35_2_123,paper1_phaseB_v1,35,evogrow_v2_2_stage_capped_pretune_off,123,2,2,6,0,0,0,6,0.0,0.0,0.0,0.0,0.0,0.0,False,False,,,True,,,0
588_evogrow_v2_2_stage_capped_pretune_off_35_2_7,paper1_phaseB_v1,35,evogrow_v2_2_stage_capped_pretune_off,7,2,2,6,0,0,0,6,0.0,0.0,0.0,0.0,0.0,0.0,False,False,,,True,,,0
589_evogrow_v2_2_stage_capped_pretune_off_36_1_42,paper1_phaseB_v1,36,evogrow_v2_2_stage_capped_pretune_off,42,1,2,3,3,2,1,1,0.75,0.75,0.75,0.6666666666666666,0.6666666666666666,0.6666666666666666,False,False,,,True,,,0
590_evogrow_v2_2_stage_capped_pretune_off_36_1_123,paper1_phaseB_v1,36,evogrow_v2_2_stage_capped_pretune_off,123,1,2,3,3,2,1,1,0.75,0.75,0.75,0.6666666666666666,0.6666666666666666,0.6666666666666666,False,False,,,True,,,0
591_evogrow_v2_2_stage_capped_pretune_off_36_1_7,paper1_phaseB_v1,36,evogrow_v2_2_stage_capped_pretune_off,7,1,2,4,3,2,1,2,0.5,0.75,0.5833333333333333,0.5,0.6666666666666666,0.5714285714285715,False,False,,,True,,,0
592_evogrow_v2_2_stage_capped_pretune_off_36_2_42,paper1_phaseB_v1,36,evogrow_v2_2_stage_capped_pretune_off,42,2,2,3,3,2,1,1,0.75,0.75,0.75,0.6666666666666666,0.6666666666666666,0.6666666666666666,False,False,,,True,,,0
593_evogrow_v2_2_stage_capped_pretune_off_36_2_123,paper1_phaseB_v1,36,evogrow_v2_2_stage_capped_pretune_off,123,2,2,3,3,2,1,1,0.75,0.75,0.75,0.6666666666666666,0.6666666666666666,0.6666666666666666,False,False,,,True,,,0
594_evogrow_v2_2_stage_capped_pretune_off_36_2_7,paper1_phaseB_v1,36,evogrow_v2_2_stage_capped_pretune_off,7,2,2,3,3,2,1,1,0.75,0.75,0.75,0.6666666666666666,0.6666666666666666,0.6666666666666666,False,False,,,True,,,0
595_evogrow_v2_2_stage_capped_pretune_off_37_1_42,paper1_phaseB_v1,37,evogrow_v2_2_stage_capped_pretune_off,42,1,2,10,3,3,0,7,0.29166666666666663,1.0,0.45,0.3,1.0,0.4615384615384615,False,False,,,True,,,0
596_evogrow_v2_2_stage_capped_pretune_off_37_1_123,paper1_phaseB_v1,37,evogrow_v2_2_stage_capped_pretune_off,123,1,2,10,3,3,0,7,0.30000000000000004,1.0,0.45238095238095244,0.3,1.0,0.4615384615384615,False,False,,,True,,,0
597_evogrow_v2_2_stage_capped_pretune_off_37_1_7,paper1_phaseB_v1,37,evogrow_v2_2_stage_capped_pretune_off,7,1,2,7,3,3,0,4,0.4583333333333333,1.0,0.6000000000000001,0.42857142857142855,1.0,0.6,False,False,,,True,,,0
598_evogrow_v2_2_stage_capped_pretune_off_37_2_42,paper1_phaseB_v1,37,evogrow_v2_2_stage_capped_pretune_off,42,2,2,12,3,3,0,9,0.25,1.0,0.39285714285714285,0.25,1.0,0.4,False,False,,,True,,,0
599_evogrow_v2_2_stage_capped_pretune_off_37_2_123,paper1_phaseB_v1,37,evogrow_v2_2_stage_capped_pretune_off,123,2,2,8,3,3,0,5,0.3666666666666667,1.0,0.5357142857142858,0.375,1.0,0.5454545454545454,False,False,,,True,,,0
600_evogrow_v2_2_stage_capped_pretune_off_37_2_7,paper1_phaseB_v1,37,evogrow_v2_2_stage_capped_pretune_off,7,2,2,11,3,3,0,8,0.2833333333333333,1.0,0.4285714285714286,0.2727272727272727,1.0,0.42857142857142855,False,False,,,True,,,0
601_evogrow_v2_2_stage_capped_pretune_off_38_1_42,paper1_phaseB_v1,38,evogrow_v2_2_stage_capped_pretune_off,42,1,2,11,4,4,0,7,0.35,1.0,0.5,0.36363636363636365,1.0,0.5333333333333333,False,False,False,True,False,,,0
602_evogrow_v2_2_stage_capped_pretune_off_38_1_123,paper1_phaseB_v1,38,evogrow_v2_2_stage_capped_pretune_off,123,1,2,11,4,4,0,7,0.35,1.0,0.5,0.36363636363636365,1.0,0.5333333333333333,False,False,False,True,False,,,0
603_evogrow_v2_2_stage_capped_pretune_off_38_1_7,paper1_phaseB_v1,38,evogrow_v2_2_stage_capped_pretune_off,7,1,2,11,4,4,0,7,0.35,1.0,0.5,0.36363636363636365,1.0,0.5333333333333333,False,False,False,True,False,,,0
604_evogrow_v2_2_stage_capped_pretune_off_38_2_42,paper1_phaseB_v1,38,evogrow_v2_2_stage_capped_pretune_off,42,2,2,6,4,4,0,2,0.625,1.0,0.7619047619047619,0.6666666666666666,1.0,0.8,False,False,False,True,False,,,0
605_evogrow_v2_2_stage_capped_pretune_off_38_2_123,paper1_phaseB_v1,38,evogrow_v2_2_stage_capped_pretune_off,123,2,2,5,4,4,0,1,0.75,1.0,0.8333333333333333,0.8,1.0,0.888888888888889,False,False,False,True,False,,,0
606_evogrow_v2_2_stage_capped_pretune_off_38_2_7,paper1_phaseB_v1,38,evogrow_v2_2_stage_capped_pretune_off,7,2,2,5,4,4,0,1,0.875,1.0,0.9285714285714286,0.8,1.0,0.888888888888889,False,False,False,True,False,,,0
607_evogrow_v2_2_stage_capped_pretune_off_39_1_42,paper1_phaseB_v1,39,evogrow_v2_2_stage_capped_pretune_off,42,1,2,3,3,3,0,0,1.0,1.0,1.0,1.0,1.0,1.0,True,True,,,True,,,0
608_evogrow_v2_2_stage_capped_pretune_off_39_1_123,paper1_phaseB_v1,39,evogrow_v2_2_stage_capped_pretune_off,123,1,2,3,3,3,0,0,1.0,1.0,1.0,1.0,1.0,1.0,True,True,,,True,,,0
609_evogrow_v2_2_stage_capped_pretune_off_39_1_7,paper1_phaseB_v1,39,evogrow_v2_2_stage_capped_pretune_off,7,1,2,3,3,3,0,0,1.0,1.0,1.0,1.0,1.0,1.0,True,True,,,True,,,0
610_evogrow_v2_2_stage_capped_pretune_off_39_2_42,paper1_phaseB_v1,39,evogrow_v2_2_stage_capped_pretune_off,42,2,2,4,3,3,0,1,0.75,1.0,0.8333333333333333,0.75,1.0,0.8571428571428571,False,False,,,True,,,0
611_evogrow_v2_2_stage_capped_pretune_off_39_2_123,paper1_phaseB_v1,39,evogrow_v2_2_stage_capped_pretune_off,123,2,2,4,3,3,0,1,0.75,1.0,0.8333333333333333,0.75,1.0,0.8571428571428571,False,False,,,True,,,0
612_evogrow_v2_2_stage_capped_pretune_off_39_2_7,paper1_phaseB_v1,39,evogrow_v2_2_stage_capped_pretune_off,7,2,2,4,3,3,0,1,0.75,1.0,0.8333333333333333,0.75,1.0,0.8571428571428571,False,False,,,True,,,0
613_evogrow_v2_2_stage_capped_pretune_off_40_1_42,paper1_phaseB_v1,40,evogrow_v2_2_stage_capped_pretune_off,42,1,2,6,3,3,0,3,0.625,1.0,0.7,0.5,1.0,0.6666666666666666,False,False,,,True,,,0
614_evogrow_v2_2_stage_capped_pretune_off_40_1_123,paper1_phaseB_v1,40,evogrow_v2_2_stage_capped_pretune_off,123,1,2,6,3,3,0,3,0.625,1.0,0.7,0.5,1.0,0.6666666666666666,False,False,,,True,,,0
615_evogrow_v2_2_stage_capped_pretune_off_40_1_7,paper1_phaseB_v1,40,evogrow_v2_2_stage_capped_pretune_off,7,1,2,6,3,3,0,3,0.625,1.0,0.7,0.5,1.0,0.6666666666666666,False,False,,,True,,,0
616_evogrow_v2_2_stage_capped_pretune_off_40_2_42,paper1_phaseB_v1,40,evogrow_v2_2_stage_capped_pretune_off,42,2,2,11,3,3,0,8,0.26666666666666666,1.0,0.4166666666666667,0.2727272727272727,1.0,0.42857142857142855,False,False,,,True,,,0
617_evogrow_v2_2_stage_capped_pretune_off_40_2_123,paper1_phaseB_v1,40,evogrow_v2_2_stage_capped_pretune_off,123,2,2,11,3,3,0,8,0.2833333333333333,1.0,0.4285714285714286,0.2727272727272727,1.0,0.42857142857142855,False,False,,,True,,,0
618_evogrow_v2_2_stage_capped_pretune_off_40_2_7,paper1_phaseB_v1,40,evogrow_v2_2_stage_capped_pretune_off,7,2,2,10,3,3,0,7,0.3333333333333333,1.0,0.47619047619047616,0.3,1.0,0.4615384615384615,False,False,,,True,,,0
619_evogrow_v2_2_stage_capped_pretune_off_41_1_42,paper1_phaseB_v1,41,evogrow_v2_2_stage_capped_pretune_off,42,1,2,10,4,3,1,7,0.30000000000000004,0.8333333333333333,0.4166666666666667,0.3,0.75,0.4285714285714285,False,False,,,True,,,0
620_evogrow_v2_2_stage_capped_pretune_off_41_1_123,paper1_phaseB_v1,41,evogrow_v2_2_stage_capped_pretune_off,123,1,2,10,4,3,1,7,0.30000000000000004,0.8333333333333333,0.4166666666666667,0.3,0.75,0.4285714285714285,False,False,,,True,,,0
621_evogrow_v2_2_stage_capped_pretune_off_41_1_7,paper1_phaseB_v1,41,evogrow_v2_2_stage_capped_pretune_off,7,1,2,10,4,3,1,7,0.30000000000000004,0.8333333333333333,0.4166666666666667,0.3,0.75,0.4285714285714285,False,False,,,True,,,0
622_evogrow_v2_2_stage_capped_pretune_off_41_2_42,paper1_phaseB_v1,41,evogrow_v2_2_stage_capped_pretune_off,42,2,2,9,4,3,1,6,0.325,0.8333333333333333,0.45,0.3333333333333333,0.75,0.46153846153846156,False,False,,,True,,,0
623_evogrow_v2_2_stage_capped_pretune_off_41_2_123,paper1_phaseB_v1,41,evogrow_v2_2_stage_capped_pretune_off,123,2,2,9,4,3,1,6,0.325,0.8333333333333333,0.45,0.3333333333333333,0.75,0.46153846153846156,False,False,,,True,,,0
624_evogrow_v2_2_stage_capped_pretune_off_41_2_7,paper1_phaseB_v1,41,evogrow_v2_2_stage_capped_pretune_off,7,2,2,10,4,3,1,7,0.30000000000000004,0.8333333333333333,0.4166666666666667,0.3,0.75,0.4285714285714285,False,False,,,True,,,0
625_evogrow_v2_2_stage_capped_pretune_off_42_1_42,paper1_phaseB_v1,42,evogrow_v2_2_stage_capped_pretune_off,42,1,2,12,2,2,0,10,0.16666666666666666,1.0,0.2857142857142857,0.16666666666666666,1.0,0.2857142857142857,False,False,,,True,,,0
626_evogrow_v2_2_stage_capped_pretune_off_42_1_123,paper1_phaseB_v1,42,evogrow_v2_2_stage_capped_pretune_off,123,1,2,12,2,2,0,10,0.16666666666666666,1.0,0.2857142857142857,0.16666666666666666,1.0,0.2857142857142857,False,False,,,True,,,0
627_evogrow_v2_2_stage_capped_pretune_off_42_1_7,paper1_phaseB_v1,42,evogrow_v2_2_stage_capped_pretune_off,7,1,2,12,2,2,0,10,0.16666666666666666,1.0,0.2857142857142857,0.16666666666666666,1.0,0.2857142857142857,False,False,,,True,,,0
628_evogrow_v2_2_stage_capped_pretune_off_42_2_42,paper1_phaseB_v1,42,evogrow_v2_2_stage_capped_pretune_off,42,2,2,11,2,2,0,9,0.18333333333333335,1.0,0.30952380952380953,0.18181818181818182,1.0,0.3076923076923077,False,False,,,True,,,0
629_evogrow_v2_2_stage_capped_pretune_off_42_2_123,paper1_phaseB_v1,42,evogrow_v2_2_stage_capped_pretune_off,123,2,2,12,2,2,0,10,0.16666666666666666,1.0,0.2857142857142857,0.16666666666666666,1.0,0.2857142857142857,False,False,,,True,,,0
630_evogrow_v2_2_stage_capped_pretune_off_42_2_7,paper1_phaseB_v1,42,evogrow_v2_2_stage_capped_pretune_off,7,2,2,12,2,2,0,10,0.16666666666666666,1.0,0.2857142857142857,0.16666666666666666,1.0,0.2857142857142857,False,False,,,True,,,0
631_evogrow_v2_2_stage_capped_pretune_off_43_1_42,paper1_phaseB_v1,43,evogrow_v2_2_stage_capped_pretune_off,42,1,2,11,3,2,1,9,0.18333333333333335,0.75,0.2916666666666667,0.18181818181818182,0.6666666666666666,0.28571428571428575,False,False,,,True,,,0
632_evogrow_v2_2_stage_capped_pretune_off_43_1_123,paper1_phaseB_v1,43,evogrow_v2_2_stage_capped_pretune_off,123,1,2,10,3,2,1,8,0.20833333333333331,0.75,0.325,0.2,0.6666666666666666,0.30769230769230765,False,False,,,True,,,0
633_evogrow_v2_2_stage_capped_pretune_off_43_1_7,paper1_phaseB_v1,43,evogrow_v2_2_stage_capped_pretune_off,7,1,2,12,3,2,1,10,0.16666666666666666,0.75,0.26785714285714285,0.16666666666666666,0.6666666666666666,0.26666666666666666,False,False,,,True,,,0
634_evogrow_v2_2_stage_capped_pretune_off_43_2_42,paper1_phaseB_v1,43,evogrow_v2_2_stage_capped_pretune_off,42,2,2,6,3,2,1,4,0.6,0.75,0.6428571428571429,0.3333333333333333,0.6666666666666666,0.4444444444444444,False,False,,,True,,,0
635_evogrow_v2_2_stage_capped_pretune_off_43_2_123,paper1_phaseB_v1,43,evogrow_v2_2_stage_capped_pretune_off,123,2,2,8,3,2,1,6,0.26666666666666666,0.75,0.3928571428571429,0.25,0.6666666666666666,0.36363636363636365,False,False,,,True,,,0
636_evogrow_v2_2_stage_capped_pretune_off_43_2_7,paper1_phaseB_v1,43,evogrow_v2_2_stage_capped_pretune_off,7,2,2,8,3,3,0,5,0.3666666666666667,1.0,0.5357142857142858,0.375,1.0,0.5454545454545454,False,False,,,True,,,0
637_evogrow_v2_2_stage_capped_pretune_off_44_1_42,paper1_phaseB_v1,44,evogrow_v2_2_stage_capped_pretune_off,42,1,2,12,2,2,0,10,0.16666666666666666,1.0,0.2857142857142857,0.16666666666666666,1.0,0.2857142857142857,False,False,,,True,,,0
638_evogrow_v2_2_stage_capped_pretune_off_44_1_123,paper1_phaseB_v1,44,evogrow_v2_2_stage_capped_pretune_off,123,1,2,12,2,2,0,10,0.16666666666666666,1.0,0.2857142857142857,0.16666666666666666,1.0,0.2857142857142857,False,False,,,True,,,0
639_evogrow_v2_2_stage_capped_pretune_off_44_1_7,paper1_phaseB_v1,44,evogrow_v2_2_stage_capped_pretune_off,7,1,2,11,2,2,0,9,0.18333333333333335,1.0,0.30952380952380953,0.18181818181818182,1.0,0.3076923076923077,False,False,,,True,,,0
640_evogrow_v2_2_stage_capped_pretune_off_44_2_42,paper1_phaseB_v1,44,evogrow_v2_2_stage_capped_pretune_off,42,2,2,8,2,2,0,6,0.26666666666666666,1.0,0.4166666666666667,0.25,1.0,0.4,False,False,,,True,,,0
641_evogrow_v2_2_stage_capped_pretune_off_44_2_123,paper1_phaseB_v1,44,evogrow_v2_2_stage_capped_pretune_off,123,2,2,9,2,1,1,8,0.1,0.5,0.16666666666666669,0.1111111111111111,0.5,0.1818181818181818,False,False,,,True,,,0
642_evogrow_v2_2_stage_capped_pretune_off_44_2_7,paper1_phaseB_v1,44,evogrow_v2_2_stage_capped_pretune_off,7,2,2,7,2,2,0,5,0.35,1.0,0.5,0.2857142857142857,1.0,0.4444444444444445,False,False,,,True,,,0
643_evogrow_v2_2_stage_capped_pretune_off_45_1_42,paper1_phaseB_v1,45,evogrow_v2_2_stage_capped_pretune_off,42,1,2,8,2,2,0,6,0.25,1.0,0.4,0.25,1.0,0.4,False,False,,,True,,,0
644_evogrow_v2_2_stage_capped_pretune_off_45_1_123,paper1_phaseB_v1,45,evogrow_v2_2_stage_capped_pretune_off,123,1,2,7,2,2,0,5,0.29166666666666663,1.0,0.45,0.2857142857142857,1.0,0.4444444444444445,False,False,,,True,,,0
645_evogrow_v2_2_stage_capped_pretune_off_45_1_7,paper1_phaseB_v1,45,evogrow_v2_2_stage_capped_pretune_off,7,1,2,8,2,2,0,6,0.25,1.0,0.4,0.25,1.0,0.4,False,False,,,True,,,0
646_evogrow_v2_2_stage_capped_pretune_off_45_2_42,paper1_phaseB_v1,45,evogrow_v2_2_stage_capped_pretune_off,42,2,2,6,2,1,1,5,0.125,0.5,0.2,0.16666666666666666,0.5,0.25,False,False,,,True,,,0
647_evogrow_v2_2_stage_capped_pretune_off_45_2_123,paper1_phaseB_v1,45,evogrow_v2_2_stage_capped_pretune_off,123,2,2,6,2,1,1,5,0.125,0.5,0.2,0.16666666666666666,0.5,0.25,False,False,,,True,,,0
648_evogrow_v2_2_stage_capped_pretune_off_45_2_7,paper1_phaseB_v1,45,evogrow_v2_2_stage_capped_pretune_off,7,2,2,6,2,1,1,5,0.125,0.5,0.2,0.16666666666666666,0.5,0.25,False,False,,,True,,,0
649_evogrow_v2_2_stage_capped_pretune_off_46_1_42,paper1_phaseB_v1,46,evogrow_v2_2_stage_capped_pretune_off,42,1,2,2,2,0,2,2,0.0,0.0,0.0,0.0,0.0,0.0,False,False,,,True,,,0
650_evogrow_v2_2_stage_capped_pretune_off_46_1_123,paper1_phaseB_v1,46,evogrow_v2_2_stage_capped_pretune_off,123,1,2,2,2,0,2,2,0.0,0.0,0.0,0.0,0.0,0.0,False,False,,,True,,,0
651_evogrow_v2_2_stage_capped_pretune_off_46_1_7,paper1_phaseB_v1,46,evogrow_v2_2_stage_capped_pretune_off,7,1,2,2,2,0,2,2,0.0,0.0,0.0,0.0,0.0,0.0,False,False,,,True,,,0
652_evogrow_v2_2_stage_capped_pretune_off_46_2_42,paper1_phaseB_v1,46,evogrow_v2_2_stage_capped_pretune_off,42,2,2,3,2,0,2,3,0.0,0.0,0.0,0.0,0.0,0.0,False,False,,,True,,,0
653_evogrow_v2_2_stage_capped_pretune_off_46_2_123,paper1_phaseB_v1,46,evogrow_v2_2_stage_capped_pretune_off,123,2,2,3,2,0,2,3,0.0,0.0,0.0,0.0,0.0,0.0,False,False,,,True,,,0
654_evogrow_v2_2_stage_capped_pretune_off_46_2_7,paper1_phaseB_v1,46,evogrow_v2_2_stage_capped_pretune_off,7,2,2,3,2,0,2,3,0.0,0.0,0.0,0.0,0.0,0.0,False,False,,,True,,,0
655_evogrow_v2_2_stage_capped_pretune_off_47_1_42,paper1_phaseB_v1,47,evogrow_v2_2_stage_capped_pretune_off,42,1,2,4,2,2,0,2,0.5,1.0,0.6666666666666666,0.5,1.0,0.6666666666666666,False,False,,,True,,,0
656_evogrow_v2_2_stage_capped_pretune_off_47_1_123,paper1_phaseB_v1,47,evogrow_v2_2_stage_capped_pretune_off,123,1,2,4,2,2,0,2,0.5,1.0,0.6666666666666666,0.5,1.0,0.6666666666666666,False,False,,,True,,,0
657_evogrow_v2_2_stage_capped_pretune_off_47_1_7,paper1_phaseB_v1,47,evogrow_v2_2_stage_capped_pretune_off,7,1,2,4,2,2,0,2,0.5,1.0,0.6666666666666666,0.5,1.0,0.6666666666666666,False,False,,,True,,,0
658_evogrow_v2_2_stage_capped_pretune_off_47_2_42,paper1_phaseB_v1,47,evogrow_v2_2_stage_capped_pretune_off,42,2,2,7,2,1,1,6,0.125,0.5,0.2,0.14285714285714285,0.5,0.22222222222222224,False,False,,,True,,,0
659_evogrow_v2_2_stage_capped_pretune_off_47_2_123,paper1_phaseB_v1,47,evogrow_v2_2_stage_capped_pretune_off,123,2,2,5,2,2,0,3,0.41666666666666663,1.0,0.5833333333333333,0.4,1.0,0.5714285714285715,False,False,,,True,,,0
660_evogrow_v2_2_stage_capped_pretune_off_47_2_7,paper1_phaseB_v1,47,evogrow_v2_2_stage_capped_pretune_off,7,2,2,5,2,2,0,3,0.41666666666666663,1.0,0.5833333333333333,0.4,1.0,0.5714285714285715,False,False,,,True,,,0
661_evogrow_v2_2_stage_capped_pretune_off_48_1_42,paper1_phaseB_v1,48,evogrow_v2_2_stage_capped_pretune_off,42,1,2,11,1,1,0,10,0.1,0.5,0.16666666666666669,0.09090909090909091,1.0,0.16666666666666669,False,False,,,True,,,0
662_evogrow_v2_2_stage_capped_pretune_off_48_1_123,paper1_phaseB_v1,48,evogrow_v2_2_stage_capped_pretune_off,123,1,2,10,1,1,0,9,0.1,0.5,0.16666666666666669,0.1,1.0,0.18181818181818182,False,False,,,True,,,0
663_evogrow_v2_2_stage_capped_pretune_off_48_1_7,paper1_phaseB_v1,48,evogrow_v2_2_stage_capped_pretune_off,7,1,2,9,1,1,0,8,0.125,0.5,0.2,0.1111111111111111,1.0,0.19999999999999998,False,False,,,True,,,0
664_evogrow_v2_2_stage_capped_pretune_off_48_2_42,paper1_phaseB_v1,48,evogrow_v2_2_stage_capped_pretune_off,42,2,2,9,1,1,0,8,0.1,0.5,0.16666666666666669,0.1111111111111111,1.0,0.19999999999999998,False,False,,,True,,,0
665_evogrow_v2_2_stage_capped_pretune_off_48_2_123,paper1_phaseB_v1,48,evogrow_v2_2_stage_capped_pretune_off,123,2,2,7,1,1,0,6,0.16666666666666666,0.5,0.25,0.14285714285714285,1.0,0.25,False,False,,,True,,,0
666_evogrow_v2_2_stage_capped_pretune_off_48_2_7,paper1_phaseB_v1,48,evogrow_v2_2_stage_capped_pretune_off,7,2,2,9,1,1,0,8,0.1,0.5,0.16666666666666669,0.1111111111111111,1.0,0.19999999999999998,False,False,,,True,,,0
667_evogrow_v2_2_stage_capped_pretune_off_49_1_42,paper1_phaseB_v1,49,evogrow_v2_2_stage_capped_pretune_off,42,1,2,11,2,2,0,9,0.18333333333333335,1.0,0.30952380952380953,0.18181818181818182,1.0,0.3076923076923077,False,False,,,True,,,0
668_evogrow_v2_2_stage_capped_pretune_off_49_1_123,paper1_phaseB_v1,49,evogrow_v2_2_stage_capped_pretune_off,123,1,2,10,2,2,0,8,0.20833333333333331,1.0,0.34285714285714286,0.2,1.0,0.33333333333333337,False,False,,,True,,,0
669_evogrow_v2_2_stage_capped_pretune_off_49_1_7,paper1_phaseB_v1,49,evogrow_v2_2_stage_capped_pretune_off,7,1,2,11,2,2,0,9,0.18333333333333335,1.0,0.30952380952380953,0.18181818181818182,1.0,0.3076923076923077,False,False,,,True,,,0
670_evogrow_v2_2_stage_capped_pretune_off_49_2_42,paper1_phaseB_v1,49,evogrow_v2_2_stage_capped_pretune_off,42,2,2,9,2,2,0,7,0.225,1.0,0.3666666666666667,0.2222222222222222,1.0,0.3636363636363636,False,False,,,True,,,0
671_evogrow_v2_2_stage_capped_pretune_off_49_2_123,paper1_phaseB_v1,49,evogrow_v2_2_stage_capped_pretune_off,123,2,2,8,2,2,0,6,0.25,1.0,0.4,0.25,1.0,0.4,False,False,,,True,,,0
672_evogrow_v2_2_stage_capped_pretune_off_49_2_7,paper1_phaseB_v1,49,evogrow_v2_2_stage_capped_pretune_off,7,2,2,8,2,2,0,6,0.25,1.0,0.4,0.25,1.0,0.4,False,False,,,True,,,0
673_evogrow_v2_2_stage_capped_pretune_off_50_1_42,paper1_phaseB_v1,50,evogrow_v2_2_stage_capped_pretune_off,42,1,2,10,1,1,0,9,0.1,0.5,0.16666666666666669,0.1,1.0,0.18181818181818182,False,False,,,True,,,0
674_evogrow_v2_2_stage_capped_pretune_off_50_1_123,paper1_phaseB_v1,50,evogrow_v2_2_stage_capped_pretune_off,123,1,2,12,1,1,0,11,0.08333333333333333,0.5,0.14285714285714285,0.08333333333333333,1.0,0.15384615384615385,False,False,,,True,,,0
675_evogrow_v2_2_stage_capped_pretune_off_50_1_7,paper1_phaseB_v1,50,evogrow_v2_2_stage_capped_pretune_off,7,1,2,11,1,1,0,10,0.08333333333333333,0.5,0.14285714285714285,0.09090909090909091,1.0,0.16666666666666669,False,False,,,True,,,0
676_evogrow_v2_2_stage_capped_pretune_off_50_2_42,paper1_phaseB_v1,50,evogrow_v2_2_stage_capped_pretune_off,42,2,2,5,1,1,0,4,0.25,0.5,0.3333333333333333,0.2,1.0,0.33333333333333337,False,False,,,True,,,0
677_evogrow_v2_2_stage_capped_pretune_off_50_2_123,paper1_phaseB_v1,50,evogrow_v2_2_stage_capped_pretune_off,123,2,2,5,1,1,0,4,0.25,0.5,0.3333333333333333,0.2,1.0,0.33333333333333337,False,False,,,True,,,0
678_evogrow_v2_2_stage_capped_pretune_off_50_2_7,paper1_phaseB_v1,50,evogrow_v2_2_stage_capped_pretune_off,7,2,2,5,1,1,0,4,0.25,0.5,0.3333333333333333,0.2,1.0,0.33333333333333337,False,False,,,True,,,0
679_evogrow_v2_2_stage_capped_pretune_off_51_1_42,paper1_phaseB_v1,51,evogrow_v2_2_stage_capped_pretune_off,42,1,2,9,0,0,0,9,0.0,0.0,0.0,0.0,0.0,0.0,False,False,,,True,,,0
680_evogrow_v2_2_stage_capped_pretune_off_51_1_123,paper1_phaseB_v1,51,evogrow_v2_2_stage_capped_pretune_off,123,1,2,9,0,0,0,9,0.0,0.0,0.0,0.0,0.0,0.0,False,False,,,True,,,0
681_evogrow_v2_2_stage_capped_pretune_off_51_1_7,paper1_phaseB_v1,51,evogrow_v2_2_stage_capped_pretune_off,7,1,2,9,0,0,0,9,0.0,0.0,0.0,0.0,0.0,0.0,False,False,,,True,,,0
682_evogrow_v2_2_stage_capped_pretune_off_51_2_42,paper1_phaseB_v1,51,evogrow_v2_2_stage_capped_pretune_off,42,2,2,6,0,0,0,6,0.0,0.0,0.0,0.0,0.0,0.0,False,False,,,True,,,0
683_evogrow_v2_2_stage_capped_pretune_off_51_2_123,paper1_phaseB_v1,51,evogrow_v2_2_stage_capped_pretune_off,123,2,2,8,0,0,0,8,0.0,0.0,0.0,0.0,0.0,0.0,False,False,,,True,,,0
684_evogrow_v2_2_stage_capped_pretune_off_51_2_7,paper1_phaseB_v1,51,evogrow_v2_2_stage_capped_pretune_off,7,2,2,5,0,0,0,5,0.0,0.0,0.0,0.0,0.0,0.0,False,False,,,True,,,0
685_evogrow_v2_2_stage_capped_pretune_off_52_1_42,paper1_phaseB_v1,52,evogrow_v2_2_stage_capped_pretune_off,42,1,3,6,6,2,4,4,0.4444444444444444,0.3333333333333333,0.35555555555555557,0.3333333333333333,0.3333333333333333,0.3333333333333333,False,False,,,True,,,0
686_evogrow_v2_2_stage_capped_pretune_off_52_1_123,paper1_phaseB_v1,52,evogrow_v2_2_stage_capped_pretune_off,123,1,3,6,6,2,4,4,0.5,0.3333333333333333,0.38888888888888884,0.3333333333333333,0.3333333333333333,0.3333333333333333,False,False,,,True,,,0
687_evogrow_v2_2_stage_capped_pretune_off_52_1_7,paper1_phaseB_v1,52,evogrow_v2_2_stage_capped_pretune_off,7,1,3,6,6,1,5,5,0.16666666666666666,0.16666666666666666,0.16666666666666666,0.16666666666666666,0.16666666666666666,0.16666666666666666,False,False,,,True,,,0
688_evogrow_v2_2_stage_capped_pretune_off_52_2_42,paper1_phaseB_v1,52,evogrow_v2_2_stage_capped_pretune_off,42,2,3,5,6,2,4,3,0.5,0.3333333333333333,0.38888888888888884,0.4,0.3333333333333333,0.3636363636363636,False,False,,,True,,,0
689_evogrow_v2_2_stage_capped_pretune_off_52_2_123,paper1_phaseB_v1,52,evogrow_v2_2_stage_capped_pretune_off,123,2,3,5,6,2,4,3,0.5,0.3333333333333333,0.38888888888888884,0.4,0.3333333333333333,0.3636363636363636,False,False,,,True,,,0
690_evogrow_v2_2_stage_capped_pretune_off_52_2_7,paper1_phaseB_v1,52,evogrow_v2_2_stage_capped_pretune_off,7,2,3,5,6,2,4,3,0.3333333333333333,0.3333333333333333,0.3333333333333333,0.4,0.3333333333333333,0.3636363636363636,False,False,,,True,,,0
691_evogrow_v2_2_stage_capped_pretune_off_53_1_42,paper1_phaseB_v1,53,evogrow_v2_2_stage_capped_pretune_off,42,1,3,6,5,2,3,4,0.27777777777777773,0.5,0.3333333333333333,0.3333333333333333,0.4,0.3636363636363636,False,False,,,True,,,0
692_evogrow_v2_2_stage_capped_pretune_off_53_1_123,paper1_phaseB_v1,53,evogrow_v2_2_stage_capped_pretune_off,123,1,3,7,5,2,3,5,0.27777777777777773,0.5,0.3333333333333333,0.2857142857142857,0.4,0.3333333333333333,False,False,,,True,,,0
693_evogrow_v2_2_stage_capped_pretune_off_53_1_7,paper1_phaseB_v1,53,evogrow_v2_2_stage_capped_pretune_off,7,1,3,6,5,1,4,5,0.08333333333333333,0.3333333333333333,0.13333333333333333,0.16666666666666666,0.2,0.1818181818181818,False,False,,,True,,,0
694_evogrow_v2_2_stage_capped_pretune_off_53_2_42,paper1_phaseB_v1,53,evogrow_v2_2_stage_capped_pretune_off,42,2,3,4,5,0,5,4,0.0,0.0,0.0,0.0,0.0,0.0,False,False,,,True,,,0
695_evogrow_v2_2_stage_capped_pretune_off_53_2_123,paper1_phaseB_v1,53,evogrow_v2_2_stage_capped_pretune_off,123,2,3,4,5,1,4,3,0.16666666666666666,0.3333333333333333,0.2222222222222222,0.25,0.2,0.22222222222222224,False,False,,,True,,,0
696_evogrow_v2_2_stage_capped_pretune_off_53_2_7,paper1_phaseB_v1,53,evogrow_v2_2_stage_capped_pretune_off,7,2,3,4,5,1,4,3,0.16666666666666666,0.16666666666666666,0.16666666666666666,0.25,0.2,0.22222222222222224,False,False,,,True,,,0
697_evogrow_v2_2_stage_capped_pretune_off_54_1_42,paper1_phaseB_v1,54,evogrow_v2_2_stage_capped_pretune_off,42,1,3,13,7,5,2,8,0.38888888888888884,0.7222222222222222,0.5037037037037037,0.38461538461538464,0.7142857142857143,0.5,False,False,False,False,True,,,0
698_evogrow_v2_2_stage_capped_pretune_off_54_1_123,paper1_phaseB_v1,54,evogrow_v2_2_stage_capped_pretune_off,123,1,3,12,7,6,1,6,0.5055555555555555,0.8333333333333334,0.6277777777777778,0.5,0.8571428571428571,0.631578947368421,False,False,False,False,True,,,0
699_evogrow_v2_2_stage_capped_pretune_off_54_1_7,paper1_phaseB_v1,54,evogrow_v2_2_stage_capped_pretune_off,7,1,3,11,7,6,1,5,0.5555555555555555,0.8888888888888888,0.6793650793650793,0.5454545454545454,0.8571428571428571,0.6666666666666665,False,False,False,False,True,,,0
700_evogrow_v2_2_stage_capped_pretune_off_54_2_42,paper1_phaseB_v1,54,evogrow_v2_2_stage_capped_pretune_off,42,2,3,12,7,3,4,9,0.25,0.38888888888888884,0.3015873015873016,0.25,0.42857142857142855,0.3157894736842105,False,False,False,False,True,,,0
701_evogrow_v2_2_stage_capped_pretune_off_54_2_123,paper1_phaseB_v1,54,evogrow_v2_2_stage_capped_pretune_off,123,2,3,12,7,4,3,8,0.38888888888888884,0.5555555555555555,0.45714285714285713,0.3333333333333333,0.5714285714285714,0.4210526315789474,False,False,False,False,True,,,0
702_evogrow_v2_2_stage_capped_pretune_off_54_2_7,paper1_phaseB_v1,54,evogrow_v2_2_stage_capped_pretune_off,7,2,3,13,7,5,2,8,0.3833333333333333,0.7777777777777778,0.507936507936508,0.38461538461538464,0.7142857142857143,0.5,False,False,False,False,True,,,0
703_evogrow_v2_2_stage_capped_pretune_off_55_1_42,paper1_phaseB_v1,55,evogrow_v2_2_stage_capped_pretune_off,42,1,3,14,7,6,1,8,0.47222222222222227,0.8333333333333334,0.5912698412698413,0.42857142857142855,0.8571428571428571,0.5714285714285714,False,False,False,False,True,,,0
704_evogrow_v2_2_stage_capped_pretune_off_55_1_123,paper1_phaseB_v1,55,evogrow_v2_2_stage_capped_pretune_off,123,1,3,15,7,5,2,10,0.3333333333333333,0.6666666666666666,0.4444444444444444,0.3333333333333333,0.7142857142857143,0.4545454545454545,False,False,False,False,True,,,0
705_evogrow_v2_2_stage_capped_pretune_off_55_1_7,paper1_phaseB_v1,55,evogrow_v2_2_stage_capped_pretune_off,7,1,3,12,7,5,2,7,0.5555555555555556,0.7222222222222222,0.5722222222222223,0.4166666666666667,0.7142857142857143,0.5263157894736842,False,False,False,False,True,,,0
706_evogrow_v2_2_stage_capped_pretune_off_55_2_42,paper1_phaseB_v1,55,evogrow_v2_2_stage_capped_pretune_off,42,2,3,14,7,6,1,8,0.4777777777777778,0.8333333333333334,0.6,0.42857142857142855,0.8571428571428571,0.5714285714285714,False,False,False,False,True,,,0
707_evogrow_v2_2_stage_capped_pretune_off_55_2_123,paper1_phaseB_v1,55,evogrow_v2_2_stage_capped_pretune_off,123,2,3,13,7,5,2,8,0.4444444444444444,0.7222222222222222,0.5277777777777778,0.38461538461538464,0.7142857142857143,0.5,False,False,False,False,True,,,0
708_evogrow_v2_2_stage_capped_pretune_off_55_2_7,paper1_phaseB_v1,55,evogrow_v2_2_stage_capped_pretune_off,7,2,3,9,7,4,3,5,0.4444444444444444,0.611111111111111,0.48888888888888893,0.4444444444444444,0.5714285714285714,0.5,False,False,False,False,True,,,0
709_evogrow_v2_2_stage_capped_pretune_off_56_1_42,paper1_phaseB_v1,56,evogrow_v2_2_stage_capped_pretune_off,42,1,3,11,7,6,1,5,0.5777777777777778,0.8888888888888888,0.6793650793650793,0.5454545454545454,0.8571428571428571,0.6666666666666665,False,False,False,False,True,,,0
710_evogrow_v2_2_stage_capped_pretune_off_56_1_123,paper1_phaseB_v1,56,evogrow_v2_2_stage_capped_pretune_off,123,1,3,11,7,6,1,5,0.5777777777777778,0.8888888888888888,0.6793650793650793,0.5454545454545454,0.8571428571428571,0.6666666666666665,False,False,False,False,True,,,0
711_evogrow_v2_2_stage_capped_pretune_off_56_1_7,paper1_phaseB_v1,56,evogrow_v2_2_stage_capped_pretune_off,7,1,3,13,7,5,2,8,0.4444444444444444,0.7222222222222222,0.5277777777777778,0.38461538461538464,0.7142857142857143,0.5,False,False,False,False,True,,,0
712_evogrow_v2_2_stage_capped_pretune_off_56_2_42,paper1_phaseB_v1,56,evogrow_v2_2_stage_capped_pretune_off,42,2,3,10,7,5,2,5,0.5277777777777778,0.7222222222222222,0.6,0.5,0.7142857142857143,0.588235294117647,False,False,False,False,True,,,0
713_evogrow_v2_2_stage_capped_pretune_off_56_2_123,paper1_phaseB_v1,56,evogrow_v2_2_stage_capped_pretune_off,123,2,3,12,7,5,2,7,0.3833333333333333,0.6666666666666666,0.4761904761904762,0.4166666666666667,0.7142857142857143,0.5263157894736842,False,False,False,False,True,,,0
714_evogrow_v2_2_stage_capped_pretune_off_56_2_7,paper1_phaseB_v1,56,evogrow_v2_2_stage_capped_pretune_off,7,2,3,11,7,6,1,5,0.5277777777777778,0.8333333333333334,0.6412698412698412,0.5454545454545454,0.8571428571428571,0.6666666666666665,False,False,False,False,True,,,0
715_evogrow_v2_2_stage_capped_pretune_off_57_1_42,paper1_phaseB_v1,57,evogrow_v2_2_stage_capped_pretune_off,42,1,3,7,6,5,1,2,0.7222222222222222,0.8333333333333334,0.7666666666666666,0.7142857142857143,0.8333333333333334,0.7692307692307692,False,False,,,True,,,0
716_evogrow_v2_2_stage_capped_pretune_off_57_1_123,paper1_phaseB_v1,57,evogrow_v2_2_stage_capped_pretune_off,123,1,3,11,6,2,4,9,0.16666666666666666,0.3333333333333333,0.2222222222222222,0.18181818181818182,0.3333333333333333,0.23529411764705885,False,False,,,True,,,0
717_evogrow_v2_2_stage_capped_pretune_off_57_1_7,paper1_phaseB_v1,57,evogrow_v2_2_stage_capped_pretune_off,7,1,3,7,6,4,2,3,0.5555555555555555,0.6666666666666666,0.6,0.5714285714285714,0.6666666666666666,0.6153846153846153,False,False,,,True,,,0
718_evogrow_v2_2_stage_capped_pretune_off_57_2_42,paper1_phaseB_v1,57,evogrow_v2_2_stage_capped_pretune_off,42,2,3,7,6,3,3,4,0.38888888888888884,0.5,0.43333333333333335,0.42857142857142855,0.5,0.4615384615384615,False,False,,,True,,,0
719_evogrow_v2_2_stage_capped_pretune_off_57_2_123,paper1_phaseB_v1,57,evogrow_v2_2_stage_capped_pretune_off,123,2,3,9,6,4,2,5,0.4444444444444444,0.6666666666666666,0.5222222222222223,0.4444444444444444,0.6666666666666666,0.5333333333333333,False,False,,,True,,,0
720_evogrow_v2_2_stage_capped_pretune_off_57_2_7,paper1_phaseB_v1,57,evogrow_v2_2_stage_capped_pretune_off,7,2,3,7,6,3,3,4,0.4444444444444444,0.5,0.4666666666666666,0.42857142857142855,0.5,0.4615384615384615,False,False,,,True,,,0
721_evogrow_v2_2_stage_capped_pretune_off_58_1_42,paper1_phaseB_v1,58,evogrow_v2_2_stage_capped_pretune_off,42,1,3,8,6,4,2,4,0.5,0.6666666666666666,0.5666666666666668,0.5,0.6666666666666666,0.5714285714285715,False,False,,,True,,,0
722_evogrow_v2_2_stage_capped_pretune_off_58_1_123,paper1_phaseB_v1,58,evogrow_v2_2_stage_capped_pretune_off,123,1,3,11,6,6,0,5,0.5555555555555555,1.0,0.7111111111111111,0.5454545454545454,1.0,0.7058823529411764,False,False,,,True,,,0
723_evogrow_v2_2_stage_capped_pretune_off_58_1_7,paper1_phaseB_v1,58,evogrow_v2_2_stage_capped_pretune_off,7,1,3,10,6,4,2,6,0.45555555555555555,0.6666666666666666,0.5285714285714286,0.4,0.6666666666666666,0.5,False,False,,,True,,,0
724_evogrow_v2_2_stage_capped_pretune_off_58_2_42,paper1_phaseB_v1,58,evogrow_v2_2_stage_capped_pretune_off,42,2,3,9,6,5,1,4,0.6888888888888888,0.8333333333333334,0.6793650793650793,0.5555555555555556,0.8333333333333334,0.6666666666666667,False,False,,,True,,,0
725_evogrow_v2_2_stage_capped_pretune_off_58_2_123,paper1_phaseB_v1,58,evogrow_v2_2_stage_capped_pretune_off,123,2,3,12,6,4,2,8,0.3333333333333333,0.6666666666666666,0.4444444444444444,0.3333333333333333,0.6666666666666666,0.4444444444444444,False,False,,,True,,,0
726_evogrow_v2_2_stage_capped_pretune_off_58_2_7,paper1_phaseB_v1,58,evogrow_v2_2_stage_capped_pretune_off,7,2,3,8,6,4,2,4,0.611111111111111,0.6666666666666666,0.5777777777777778,0.5,0.6666666666666666,0.5714285714285715,False,False,,,True,,,0
727_evogrow_v2_2_stage_capped_pretune_off_59_1_42,paper1_phaseB_v1,59,evogrow_v2_2_stage_capped_pretune_off,42,1,3,10,6,4,2,6,0.35555555555555557,0.6666666666666666,0.45714285714285713,0.4,0.6666666666666666,0.5,False,False,,,True,,,0
728_evogrow_v2_2_stage_capped_pretune_off_59_1_123,paper1_phaseB_v1,59,evogrow_v2_2_stage_capped_pretune_off,123,1,3,12,6,5,1,7,0.4166666666666667,0.8333333333333334,0.5555555555555555,0.4166666666666667,0.8333333333333334,0.5555555555555556,False,False,,,True,,,0
729_evogrow_v2_2_stage_capped_pretune_off_59_1_7,paper1_phaseB_v1,59,evogrow_v2_2_stage_capped_pretune_off,7,1,3,10,6,4,2,6,0.4444444444444444,0.6666666666666666,0.5333333333333333,0.4,0.6666666666666666,0.5,False,False,,,True,,,0
730_evogrow_v2_2_stage_capped_pretune_off_59_2_42,paper1_phaseB_v1,59,evogrow_v2_2_stage_capped_pretune_off,42,2,3,10,6,5,1,5,0.5,0.8333333333333334,0.6222222222222222,0.5,0.8333333333333334,0.625,False,False,,,True,,,0
731_evogrow_v2_2_stage_capped_pretune_off_59_2_123,paper1_phaseB_v1,59,evogrow_v2_2_stage_capped_pretune_off,123,2,3,11,6,4,2,7,0.35555555555555557,0.6666666666666666,0.45714285714285713,0.36363636363636365,0.6666666666666666,0.4705882352941177,False,False,,,True,,,0
732_evogrow_v2_2_stage_capped_pretune_off_59_2_7,paper1_phaseB_v1,59,evogrow_v2_2_stage_capped_pretune_off,7,2,3,9,6,4,2,5,0.47222222222222215,0.6666666666666666,0.5444444444444444,0.4444444444444444,0.6666666666666666,0.5333333333333333,False,False,,,True,,,0
733_evogrow_v2_2_stage_capped_pretune_off_60_1_42,paper1_phaseB_v1,60,evogrow_v2_2_stage_capped_pretune_off,42,1,3,10,10,3,7,7,0.3,0.3333333333333333,0.3,0.3,0.3,0.3,False,False,,,True,,,0
734_evogrow_v2_2_stage_capped_pretune_off_60_1_123,paper1_phaseB_v1,60,evogrow_v2_2_stage_capped_pretune_off,123,1,3,9,10,4,6,5,0.3666666666666667,0.4444444444444444,0.3833333333333333,0.4444444444444444,0.4,0.4210526315789474,False,False,,,True,,,0
735_evogrow_v2_2_stage_capped_pretune_off_60_1_7,paper1_phaseB_v1,60,evogrow_v2_2_stage_capped_pretune_off,7,1,3,6,10,3,7,3,0.38888888888888884,0.3333333333333333,0.35555555555555557,0.5,0.3,0.37499999999999994,False,False,,,True,,,0
736_evogrow_v2_2_stage_capped_pretune_off_60_2_42,paper1_phaseB_v1,60,evogrow_v2_2_stage_capped_pretune_off,42,2,3,12,10,6,4,6,0.5277777777777778,0.6388888888888888,0.544973544973545,0.5,0.6,0.5454545454545454,False,False,,,True,,,0
737_evogrow_v2_2_stage_capped_pretune_off_60_2_123,paper1_phaseB_v1,60,evogrow_v2_2_stage_capped_pretune_off,123,2,3,12,10,7,3,5,0.6166666666666667,0.75,0.6666666666666666,0.5833333333333334,0.7,0.6363636363636365,False,False,,,True,,,0
738_evogrow_v2_2_stage_capped_pretune_off_60_2_7,paper1_phaseB_v1,60,evogrow_v2_2_stage_capped_pretune_off,7,2,3,16,10,5,5,11,0.3333333333333333,0.5277777777777778,0.4052910052910053,0.3125,0.5,0.38461538461538464,False,False,,,True,,,0
739_evogrow_v2_2_stage_capped_pretune_off_61_1_42,paper1_phaseB_v1,61,evogrow_v2_2_stage_capped_pretune_off,42,1,3,10,6,2,4,8,0.17777777777777778,0.3333333333333333,0.22857142857142856,0.2,0.3333333333333333,0.25,False,False,False,False,True,,,0
740_evogrow_v2_2_stage_capped_pretune_off_61_1_123,paper1_phaseB_v1,61,evogrow_v2_2_stage_capped_pretune_off,123,1,3,7,6,2,4,5,0.25,0.3333333333333333,0.27777777777777773,0.2857142857142857,0.3333333333333333,0.30769230769230765,False,False,False,False,True,,,0
741_evogrow_v2_2_stage_capped_pretune_off_61_1_7,paper1_phaseB_v1,61,evogrow_v2_2_stage_capped_pretune_off,7,1,3,9,6,3,3,6,0.27777777777777773,0.5,0.35555555555555557,0.3333333333333333,0.5,0.4,False,False,False,False,True,,,0
742_evogrow_v2_2_stage_capped_pretune_off_61_2_42,paper1_phaseB_v1,61,evogrow_v2_2_stage_capped_pretune_off,42,2,3,8,6,3,3,5,0.4166666666666667,0.5,0.4444444444444444,0.375,0.5,0.42857142857142855,False,False,False,False,True,,,0
743_evogrow_v2_2_stage_capped_pretune_off_61_2_123,paper1_phaseB_v1,61,evogrow_v2_2_stage_capped_pretune_off,123,2,3,7,6,2,4,5,0.27777777777777773,0.3333333333333333,0.3,0.2857142857142857,0.3333333333333333,0.30769230769230765,False,False,False,False,True,,,0
744_evogrow_v2_2_stage_capped_pretune_off_61_2_7,paper1_phaseB_v1,61,evogrow_v2_2_stage_capped_pretune_off,7,2,3,8,6,2,4,6,0.2222222222222222,0.3333333333333333,0.26666666666666666,0.25,0.3333333333333333,0.28571428571428575,False,False,False,False,True,,,0
745_evogrow_v2_2_stage_capped_pretune_off_62_1_42,paper1_phaseB_v1,62,evogrow_v2_2_stage_capped_pretune_off,42,1,4,11,6,5,1,6,0.5,0.75,0.575,0.45454545454545453,0.8333333333333334,0.5882352941176471,False,False,,,True,,,0
746_evogrow_v2_2_stage_capped_pretune_off_62_1_123,paper1_phaseB_v1,62,evogrow_v2_2_stage_capped_pretune_off,123,1,4,10,6,6,0,4,0.625,1.0,0.7416666666666667,0.6,1.0,0.7499999999999999,False,False,,,True,,,0
747_evogrow_v2_2_stage_capped_pretune_off_62_1_7,paper1_phaseB_v1,62,evogrow_v2_2_stage_capped_pretune_off,7,1,4,10,6,6,0,4,0.6666666666666666,1.0,0.75,0.6,1.0,0.7499999999999999,False,False,,,True,,,0
748_evogrow_v2_2_stage_capped_pretune_off_62_2_42,paper1_phaseB_v1,62,evogrow_v2_2_stage_capped_pretune_off,42,2,4,10,6,4,2,6,0.41666666666666663,0.75,0.5333333333333333,0.4,0.6666666666666666,0.5,False,False,,,True,,,0
749_evogrow_v2_2_stage_capped_pretune_off_62_2_123,paper1_phaseB_v1,62,evogrow_v2_2_stage_capped_pretune_off,123,2,4,10,6,4,2,6,0.41666666666666663,0.5,0.45,0.4,0.6666666666666666,0.5,False,False,,,True,,,0
750_evogrow_v2_2_stage_capped_pretune_off_62_2_7,paper1_phaseB_v1,62,evogrow_v2_2_stage_capped_pretune_off,7,2,4,9,6,5,1,4,0.5416666666666666,0.75,0.6166666666666667,0.5555555555555556,0.8333333333333334,0.6666666666666667,False,False,,,True,,,0
751_evogrow_v2_2_stage_capped_pretune_off_63_1_42,paper1_phaseB_v1,63,evogrow_v2_2_stage_capped_pretune_off,42,1,4,4,6,3,3,1,0.75,0.5,0.5833333333333333,0.75,0.5,0.6,False,False,False,False,True,,,0
752_evogrow_v2_2_stage_capped_pretune_off_63_1_123,paper1_phaseB_v1,63,evogrow_v2_2_stage_capped_pretune_off,123,1,4,4,6,2,4,2,0.5,0.25,0.3333333333333333,0.5,0.3333333333333333,0.4,False,False,False,False,True,,,0
753_evogrow_v2_2_stage_capped_pretune_off_63_1_7,paper1_phaseB_v1,63,evogrow_v2_2_stage_capped_pretune_off,7,1,4,4,6,1,5,3,0.25,0.25,0.25,0.25,0.16666666666666666,0.2,False,False,False,False,True,,,0
754_evogrow_v2_2_stage_capped_pretune_off_63_2_42,paper1_phaseB_v1,63,evogrow_v2_2_stage_capped_pretune_off,42,2,4,4,6,2,4,2,0.5,0.25,0.3333333333333333,0.5,0.3333333333333333,0.4,False,False,False,False,True,,,0
755_evogrow_v2_2_stage_capped_pretune_off_63_2_123,paper1_phaseB_v1,63,evogrow_v2_2_stage_capped_pretune_off,123,2,4,4,6,1,5,3,0.25,0.125,0.16666666666666666,0.25,0.16666666666666666,0.2,False,False,False,False,True,,,0
756_evogrow_v2_2_stage_capped_pretune_off_63_2_7,paper1_phaseB_v1,63,evogrow_v2_2_stage_capped_pretune_off,7,2,4,4,6,1,5,3,0.25,0.25,0.25,0.25,0.16666666666666666,0.2,False,False,False,False,True,,,0
