index,campaign,config_fingerprint,variant,condition,use_pretuning,basis_name,max_fit_attempts,system_id,system_dim,initial_condition_set,seed,representability
1,paper1_phaseC_v1,0c9672de35c75a9d,evogrow_v2_2_stage_capped,capped,false,staged_polynomial_basis_with_constant,3,1,1,1,42,exact
2,paper1_phaseC_v1,0c9672de35c75a9d,evogrow_v2_2_stage_local,uncapped,false,staged_polynomial_basis_with_constant,3,1,1,1,42,exact
3,paper1_phaseC_v1,0c9672de35c75a9d,evogrow_v2_2_stage_capped,capped,false,staged_polynomial_basis_with_constant,3,1,1,1,123,exact
4,paper1_phaseC_v1,0c9672de35c75a9d,evogrow_v2_2_stage_local,uncapped,false,staged_polynomial_basis_with_constant,3,1,1,1,123,exact
5,paper1_phaseC_v1,0c9672de35c75a9d,evogrow_v2_2_stage_capped,capped,false,staged_polynomial_basis_with_constant,3,1,1,1,7,exact
6,paper1_phaseC_v1,0c9672de35c75a9d,evogrow_v2_2_stage_local,uncapped,false,staged_polynomial_basis_with_constant,3,1,1,1,7,exact
7,paper1_phaseC_v1,0c9672de35c75a9d,evogrow_v2_2_stage_capped,capped,false,staged_polynomial_basis_with_constant,3,1,1,2,42,exact
8,paper1_phaseC_v1,0c9672de35c75a9d,evogrow_v2_2_stage_local,uncapped,false,staged_polynomial_basis_with_constant,3,1,1,2,42,exact
9,paper1_phaseC_v1,0c9672de35c75a9d,evogrow_v2_2_stage_capped,capped,false,staged_polynomial_basis_with_constant,3,1,1,2,123,exact
10,paper1_phaseC_v1,0c9672de35c75a9d,evogrow_v2_2_stage_local,uncapped,false,staged_polynomial_basis_with_constant,3,1,1,2,123,exact
11,paper1_phaseC_v1,0c9672de35c75a9d,evogrow_v2_2_stage_capped,capped,false,staged_polynomial_basis_with_constant,3,1,1,2,7,exact
12,paper1_phaseC_v1,0c9672de35c75a9d,evogrow_v2_2_stage_local,uncapped,false,staged_polynomial_basis_with_constant,3,1,1,2,7,exact
13,paper1_phaseC_v1,0c9672de35c75a9d,evogrow_v2_2_stage_capped,capped,false,staged_polynomial_basis_with_constant,3,2,1,1,42,exact
14,paper1_phaseC_v1,0c9672de35c75a9d,evogrow_v2_2_stage_local,uncapped,false,staged_polynomial_basis_with_constant,3,2,1,1,42,exact
15,paper1_phaseC_v1,0c9672de35c75a9d,evogrow_v2_2_stage_capped,capped,false,staged_polynomial_basis_with_constant,3,2,1,1,123,exact
16,paper1_phaseC_v1,0c9672de35c75a9d,evogrow_v2_2_stage_local,uncapped,false,staged_polynomial_basis_with_constant,3,2,1,1,123,exact
17,paper1_phaseC_v1,0c9672de35c75a9d,evogrow_v2_2_stage_capped,capped,false,staged_polynomial_basis_with_constant,3,2,1,1,7,exact
18,paper1_phaseC_v1,0c9672de35c75a9d,evogrow_v2_2_stage_local,uncapped,false,staged_polynomial_basis_with_constant,3,2,1,1,7,exact
19,paper1_phaseC_v1,0c9672de35c75a9d,evogrow_v2_2_stage_capped,capped,false,staged_polynomial_basis_with_constant,3,2,1,2,42,exact
20,paper1_phaseC_v1,0c9672de35c75a9d,evogrow_v2_2_stage_local,uncapped,false,staged_polynomial_basis_with_constant,3,2,1,2,42,exact
21,paper1_phaseC_v1,0c9672de35c75a9d,evogrow_v2_2_stage_capped,capped,false,staged_polynomial_basis_with_constant,3,2,1,2,123,exact
22,paper1_phaseC_v1,0c9672de35c75a9d,evogrow_v2_2_stage_local,uncapped,false,staged_polynomial_basis_with_constant,3,2,1,2,123,exact
23,paper1_phaseC_v1,0c9672de35c75a9d,evogrow_v2_2_stage_capped,capped,false,staged_polynomial_basis_with_constant,3,2,1,2,7,exact
24,paper1_phaseC_v1,0c9672de35c75a9d,evogrow_v2_2_stage_local,uncapped,false,staged_polynomial_basis_with_constant,3,2,1,2,7,exact
25,paper1_phaseC_v1,0c9672de35c75a9d,evogrow_v2_2_stage_capped,capped,false,staged_polynomial_basis_with_constant,3,3,1,1,42,exact
26,paper1_phaseC_v1,0c9672de35c75a9d,evogrow_v2_2_stage_local,uncapped,false,staged_polynomial_basis_with_constant,3,3,1,1,42,exact
27,paper1_phaseC_v1,0c9672de35c75a9d,evogrow_v2_2_stage_capped,capped,false,staged_polynomial_basis_with_constant,3,3,1,1,123,exact
28,paper1_phaseC_v1,0c9672de35c75a9d,evogrow_v2_2_stage_local,uncapped,false,staged_polynomial_basis_with_constant,3,3,1,1,123,exact
29,paper1_phaseC_v1,0c9672de35c75a9d,evogrow_v2_2_stage_capped,capped,false,staged_polynomial_basis_with_constant,3,3,1,1,7,exact
30,paper1_phaseC_v1,0c9672de35c75a9d,evogrow_v2_2_stage_local,uncapped,false,staged_polynomial_basis_with_constant,3,3,1,1,7,exact
31,paper1_phaseC_v1,0c9672de35c75a9d,evogrow_v2_2_stage_capped,capped,false,staged_polynomial_basis_with_constant,3,3,1,2,42,exact
32,paper1_phaseC_v1,0c9672de35c75a9d,evogrow_v2_2_stage_local,uncapped,false,staged_polynomial_basis_with_constant,3,3,1,2,42,exact
33,paper1_phaseC_v1,0c9672de35c75a9d,evogrow_v2_2_stage_capped,capped,false,staged_polynomial_basis_with_constant,3,3,1,2,123,exact
34,paper1_phaseC_v1,0c9672de35c75a9d,evogrow_v2_2_stage_local,uncapped,false,staged_polynomial_basis_with_constant,3,3,1,2,123,exact
35,paper1_phaseC_v1,0c9672de35c75a9d,evogrow_v2_2_stage_capped,capped,false,staged_polynomial_basis_with_constant,3,3,1,2,7,exact
36,paper1_phaseC_v1,0c9672de35c75a9d,evogrow_v2_2_stage_local,uncapped,false,staged_polynomial_basis_with_constant,3,3,1,2,7,exact
37,paper1_phaseC_v1,0c9672de35c75a9d,evogrow_v2_2_stage_capped,capped,false,staged_polynomial_basis_with_constant,3,4,1,1,42,surrogate
38,paper1_phaseC_v1,0c9672de35c75a9d,evogrow_v2_2_stage_local,uncapped,false,staged_polynomial_basis_with_constant,3,4,1,1,42,surrogate
39,paper1_phaseC_v1,0c9672de35c75a9d,evogrow_v2_2_stage_capped,capped,false,staged_polynomial_basis_with_constant,3,4,1,1,123,surrogate
40,paper1_phaseC_v1,0c9672de35c75a9d,evogrow_v2_2_stage_local,uncapped,false,staged_polynomial_basis_with_constant,3,4,1,1,123,surrogate
41,paper1_phaseC_v1,0c9672de35c75a9d,evogrow_v2_2_stage_capped,capped,false,staged_polynomial_basis_with_constant,3,4,1,1,7,surrogate
42,paper1_phaseC_v1,0c9672de35c75a9d,evogrow_v2_2_stage_local,uncapped,false,staged_polynomial_basis_with_constant,3,4,1,1,7,surrogate
43,paper1_phaseC_v1,0c9672de35c75a9d,evogrow_v2_2_stage_capped,capped,false,staged_polynomial_basis_with_constant,3,4,1,2,42,surrogate
44,paper1_phaseC_v1,0c9672de35c75a9d,evogrow_v2_2_stage_local,uncapped,false,staged_polynomial_basis_with_constant,3,4,1,2,42,surrogate
45,paper1_phaseC_v1,0c9672de35c75a9d,evogrow_v2_2_stage_capped,capped,false,staged_polynomial_basis_with_constant,3,4,1,2,123,surrogate
46,paper1_phaseC_v1,0c9672de35c75a9d,evogrow_v2_2_stage_local,uncapped,false,staged_polynomial_basis_with_constant,3,4,1,2,123,surrogate
47,paper1_phaseC_v1,0c9672de35c75a9d,evogrow_v2_2_stage_capped,capped,false,staged_polynomial_basis_with_constant,3,4,1,2,7,surrogate
48,paper1_phaseC_v1,0c9672de35c75a9d,evogrow_v2_2_stage_local,uncapped,false,staged_polynomial_basis_with_constant,3,4,1,2,7,surrogate
49,paper1_phaseC_v1,0c9672de35c75a9d,evogrow_v2_2_stage_capped,capped,false,staged_polynomial_basis_with_constant,3,5,1,1,42,exact
50,paper1_phaseC_v1,0c9672de35c75a9d,evogrow_v2_2_stage_local,uncapped,false,staged_polynomial_basis_with_constant,3,5,1,1,42,exact
51,paper1_phaseC_v1,0c9672de35c75a9d,evogrow_v2_2_stage_capped,capped,false,staged_polynomial_basis_with_constant,3,5,1,1,123,exact
52,paper1_phaseC_v1,0c9672de35c75a9d,evogrow_v2_2_stage_local,uncapped,false,staged_polynomial_basis_with_constant,3,5,1,1,123,exact
53,paper1_phaseC_v1,0c9672de35c75a9d,evogrow_v2_2_stage_capped,capped,false,staged_polynomial_basis_with_constant,3,5,1,1,7,exact
54,paper1_phaseC_v1,0c9672de35c75a9d,evogrow_v2_2_stage_local,uncapped,false,staged_polynomial_basis_with_constant,3,5,1,1,7,exact
55,paper1_phaseC_v1,0c9672de35c75a9d,evogrow_v2_2_stage_capped,capped,false,staged_polynomial_basis_with_constant,3,5,1,2,42,exact
56,paper1_phaseC_v1,0c9672de35c75a9d,evogrow_v2_2_stage_local,uncapped,false,staged_polynomial_basis_with_constant,3,5,1,2,42,exact
57,paper1_phaseC_v1,0c9672de35c75a9d,evogrow_v2_2_stage_capped,capped,false,staged_polynomial_basis_with_constant,3,5,1,2,123,exact
58,paper1_phaseC_v1,0c9672de35c75a9d,evogrow_v2_2_stage_local,uncapped,false,staged_polynomial_basis_with_constant,3,5,1,2,123,exact
59,paper1_phaseC_v1,0c9672de35c75a9d,evogrow_v2_2_stage_capped,capped,false,staged_polynomial_basis_with_constant,3,5,1,2,7,exact
60,paper1_phaseC_v1,0c9672de35c75a9d,evogrow_v2_2_stage_local,uncapped,false,staged_polynomial_basis_with_constant,3,5,1,2,7,exact
61,paper1_phaseC_v1,0c9672de35c75a9d,evogrow_v2_2_stage_capped,capped,false,staged_polynomial_basis_with_constant,3,6,1,1,42,exact
62,paper1_phaseC_v1,0c9672de35c75a9d,evogrow_v2_2_stage_local,uncapped,false,staged_polynomial_basis_with_constant,3,6,1,1,42,exact
63,paper1_phaseC_v1,0c9672de35c75a9d,evogrow_v2_2_stage_capped,capped,false,staged_polynomial_basis_with_constant,3,6,1,1,123,exact
64,paper1_phaseC_v1,0c9672de35c75a9d,evogrow_v2_2_stage_local,uncapped,false,staged_polynomial_basis_with_constant,3,6,1,1,123,exact
65,paper1_phaseC_v1,0c9672de35c75a9d,evogrow_v2_2_stage_capped,capped,false,staged_polynomial_basis_with_constant,3,6,1,1,7,exact
66,paper1_phaseC_v1,0c9672de35c75a9d,evogrow_v2_2_stage_local,uncapped,false,staged_polynomial_basis_with_constant,3,6,1,1,7,exact
67,paper1_phaseC_v1,0c9672de35c75a9d,evogrow_v2_2_stage_capped,capped,false,staged_polynomial_basis_with_constant,3,6,1,2,42,exact
68,paper1_phaseC_v1,0c9672de35c75a9d,evogrow_v2_2_stage_local,uncapped,false,staged_polynomial_basis_with_constant,3,6,1,2,42,exact
69,paper1_phaseC_v1,0c9672de35c75a9d,evogrow_v2_2_stage_capped,capped,false,staged_polynomial_basis_with_constant,3,6,1,2,123,exact
70,paper1_phaseC_v1,0c9672de35c75a9d,evogrow_v2_2_stage_local,uncapped,false,staged_polynomial_basis_with_constant,3,6,1,2,123,exact
71,paper1_phaseC_v1,0c9672de35c75a9d,evogrow_v2_2_stage_capped,capped,false,staged_polynomial_basis_with_constant,3,6,1,2,7,exact
72,paper1_phaseC_v1,0c9672de35c75a9d,evogrow_v2_2_stage_local,uncapped,false,staged_polynomial_basis_with_constant,3,6,1,2,7,exact
73,paper1_phaseC_v1,0c9672de35c75a9d,evogrow_v2_2_stage_capped,capped,false,staged_polynomial_basis_with_constant,3,7,1,1,42,surrogate
74,paper1_phaseC_v1,0c9672de35c75a9d,evogrow_v2_2_stage_local,uncapped,false,staged_polynomial_basis_with_constant,3,7,1,1,42,surrogate
75,paper1_phaseC_v1,0c9672de35c75a9d,evogrow_v2_2_stage_capped,capped,false,staged_polynomial_basis_with_constant,3,7,1,1,123,surrogate
76,paper1_phaseC_v1,0c9672de35c75a9d,evogrow_v2_2_stage_local,uncapped,false,staged_polynomial_basis_with_constant,3,7,1,1,123,surrogate
77,paper1_phaseC_v1,0c9672de35c75a9d,evogrow_v2_2_stage_capped,capped,false,staged_polynomial_basis_with_constant,3,7,1,1,7,surrogate
78,paper1_phaseC_v1,0c9672de35c75a9d,evogrow_v2_2_stage_local,uncapped,false,staged_polynomial_basis_with_constant,3,7,1,1,7,surrogate
79,paper1_phaseC_v1,0c9672de35c75a9d,evogrow_v2_2_stage_capped,capped,false,staged_polynomial_basis_with_constant,3,7,1,2,42,surrogate
80,paper1_phaseC_v1,0c9672de35c75a9d,evogrow_v2_2_stage_local,uncapped,false,staged_polynomial_basis_with_constant,3,7,1,2,42,surrogate
81,paper1_phaseC_v1,0c9672de35c75a9d,evogrow_v2_2_stage_capped,capped,false,staged_polynomial_basis_with_constant,3,7,1,2,123,surrogate
82,paper1_phaseC_v1,0c9672de35c75a9d,evogrow_v2_2_stage_local,uncapped,false,staged_polynomial_basis_with_constant,3,7,1,2,123,surrogate
83,paper1_phaseC_v1,0c9672de35c75a9d,evogrow_v2_2_stage_capped,capped,false,staged_polynomial_basis_with_constant,3,7,1,2,7,surrogate
84,paper1_phaseC_v1,0c9672de35c75a9d,evogrow_v2_2_stage_local,uncapped,false,staged_polynomial_basis_with_constant,3,7,1,2,7,surrogate
85,paper1_phaseC_v1,0c9672de35c75a9d,evogrow_v2_2_stage_capped,capped,false,staged_polynomial_basis_with_constant,3,8,1,1,42,exact
86,paper1_phaseC_v1,0c9672de35c75a9d,evogrow_v2_2_stage_local,uncapped,false,staged_polynomial_basis_with_constant,3,8,1,1,42,exact
87,paper1_phaseC_v1,0c9672de35c75a9d,evogrow_v2_2_stage_capped,capped,false,staged_polynomial_basis_with_constant,3,8,1,1,123,exact
88,paper1_phaseC_v1,0c9672de35c75a9d,evogrow_v2_2_stage_local,uncapped,false,staged_polynomial_basis_with_constant,3,8,1,1,123,exact
89,paper1_phaseC_v1,0c9672de35c75a9d,evogrow_v2_2_stage_capped,capped,false,staged_polynomial_basis_with_constant,3,8,1,1,7,exact
90,paper1_phaseC_v1,0c9672de35c75a9d,evogrow_v2_2_stage_local,uncapped,false,staged_polynomial_basis_with_constant,3,8,1,1,7,exact
91,paper1_phaseC_v1,0c9672de35c75a9d,evogrow_v2_2_stage_capped,capped,false,staged_polynomial_basis_with_constant,3,8,1,2,42,exact
92,paper1_phaseC_v1,0c9672de35c75a9d,evogrow_v2_2_stage_local,uncapped,false,staged_polynomial_basis_with_constant,3,8,1,2,42,exact
93,paper1_phaseC_v1,0c9672de35c75a9d,evogrow_v2_2_stage_capped,capped,false,staged_polynomial_basis_with_constant,3,8,1,2,123,exact
94,paper1_phaseC_v1,0c9672de35c75a9d,evogrow_v2_2_stage_local,uncapped,false,staged_polynomial_basis_with_constant,3,8,1,2,123,exact
95,paper1_phaseC_v1,0c9672de35c75a9d,evogrow_v2_2_stage_capped,capped,false,staged_polynomial_basis_with_constant,3,8,1,2,7,exact
96,paper1_phaseC_v1,0c9672de35c75a9d,evogrow_v2_2_stage_local,uncapped,false,staged_polynomial_basis_with_constant,3,8,1,2,7,exact
97,paper1_phaseC_v1,0c9672de35c75a9d,evogrow_v2_2_stage_capped,capped,false,staged_polynomial_basis_with_constant,3,9,1,1,42,exact
98,paper1_phaseC_v1,0c9672de35c75a9d,evogrow_v2_2_stage_local,uncapped,false,staged_polynomial_basis_with_constant,3,9,1,1,42,exact
99,paper1_phaseC_v1,0c9672de35c75a9d,evogrow_v2_2_stage_capped,capped,false,staged_polynomial_basis_with_constant,3,9,1,1,123,exact
100,paper1_phaseC_v1,0c9672de35c75a9d,evogrow_v2_2_stage_local,uncapped,false,staged_polynomial_basis_with_constant,3,9,1,1,123,exact
101,paper1_phaseC_v1,0c9672de35c75a9d,evogrow_v2_2_stage_capped,capped,false,staged_polynomial_basis_with_constant,3,9,1,1,7,exact
102,paper1_phaseC_v1,0c9672de35c75a9d,evogrow_v2_2_stage_local,uncapped,false,staged_polynomial_basis_with_constant,3,9,1,1,7,exact
103,paper1_phaseC_v1,0c9672de35c75a9d,evogrow_v2_2_stage_capped,capped,false,staged_polynomial_basis_with_constant,3,9,1,2,42,exact
104,paper1_phaseC_v1,0c9672de35c75a9d,evogrow_v2_2_stage_local,uncapped,false,staged_polynomial_basis_with_constant,3,9,1,2,42,exact
105,paper1_phaseC_v1,0c9672de35c75a9d,evogrow_v2_2_stage_capped,capped,false,staged_polynomial_basis_with_constant,3,9,1,2,123,exact
106,paper1_phaseC_v1,0c9672de35c75a9d,evogrow_v2_2_stage_local,uncapped,false,staged_polynomial_basis_with_constant,3,9,1,2,123,exact
107,paper1_phaseC_v1,0c9672de35c75a9d,evogrow_v2_2_stage_capped,capped,false,staged_polynomial_basis_with_constant,3,9,1,2,7,exact
108,paper1_phaseC_v1,0c9672de35c75a9d,evogrow_v2_2_stage_local,uncapped,false,staged_polynomial_basis_with_constant,3,9,1,2,7,exact
109,paper1_phaseC_v1,0c9672de35c75a9d,evogrow_v2_2_stage_capped,capped,false,staged_polynomial_basis_with_constant,3,10,1,1,42,surrogate
110,paper1_phaseC_v1,0c9672de35c75a9d,evogrow_v2_2_stage_local,uncapped,false,staged_polynomial_basis_with_constant,3,10,1,1,42,surrogate
111,paper1_phaseC_v1,0c9672de35c75a9d,evogrow_v2_2_stage_capped,capped,false,staged_polynomial_basis_with_constant,3,10,1,1,123,surrogate
112,paper1_phaseC_v1,0c9672de35c75a9d,evogrow_v2_2_stage_local,uncapped,false,staged_polynomial_basis_with_constant,3,10,1,1,123,surrogate
113,paper1_phaseC_v1,0c9672de35c75a9d,evogrow_v2_2_stage_capped,capped,false,staged_polynomial_basis_with_constant,3,10,1,1,7,surrogate
114,paper1_phaseC_v1,0c9672de35c75a9d,evogrow_v2_2_stage_local,uncapped,false,staged_polynomial_basis_with_constant,3,10,1,1,7,surrogate
115,paper1_phaseC_v1,0c9672de35c75a9d,evogrow_v2_2_stage_capped,capped,false,staged_polynomial_basis_with_constant,3,10,1,2,42,surrogate
116,paper1_phaseC_v1,0c9672de35c75a9d,evogrow_v2_2_stage_local,uncapped,false,staged_polynomial_basis_with_constant,3,10,1,2,42,surrogate
117,paper1_phaseC_v1,0c9672de35c75a9d,evogrow_v2_2_stage_capped,capped,false,staged_polynomial_basis_with_constant,3,10,1,2,123,surrogate
118,paper1_phaseC_v1,0c9672de35c75a9d,evogrow_v2_2_stage_local,uncapped,false,staged_polynomial_basis_with_constant,3,10,1,2,123,surrogate
119,paper1_phaseC_v1,0c9672de35c75a9d,evogrow_v2_2_stage_capped,capped,false,staged_polynomial_basis_with_constant,3,10,1,2,7,surrogate
120,paper1_phaseC_v1,0c9672de35c75a9d,evogrow_v2_2_stage_local,uncapped,false,staged_polynomial_basis_with_constant,3,10,1,2,7,surrogate
121,paper1_phaseC_v1,0c9672de35c75a9d,evogrow_v2_2_stage_capped,capped,false,staged_polynomial_basis_with_constant,3,11,1,1,42,exact
122,paper1_phaseC_v1,0c9672de35c75a9d,evogrow_v2_2_stage_local,uncapped,false,staged_polynomial_basis_with_constant,3,11,1,1,42,exact
123,paper1_phaseC_v1,0c9672de35c75a9d,evogrow_v2_2_stage_capped,capped,false,staged_polynomial_basis_with_constant,3,11,1,1,123,exact
124,paper1_phaseC_v1,0c9672de35c75a9d,evogrow_v2_2_stage_local,uncapped,false,staged_polynomial_basis_with_constant,3,11,1,1,123,exact
125,paper1_phaseC_v1,0c9672de35c75a9d,evogrow_v2_2_stage_capped,capped,false,staged_polynomial_basis_with_constant,3,11,1,1,7,exact
126,paper1_phaseC_v1,0c9672de35c75a9d,evogrow_v2_2_stage_local,uncapped,false,staged_polynomial_basis_with_constant,3,11,1,1,7,exact
127,paper1_phaseC_v1,0c9672de35c75a9d,evogrow_v2_2_stage_capped,capped,false,staged_polynomial_basis_with_constant,3,11,1,2,42,exact
128,paper1_phaseC_v1,0c9672de35c75a9d,evogrow_v2_2_stage_local,uncapped,false,staged_polynomial_basis_with_constant,3,11,1,2,42,exact
129,paper1_phaseC_v1,0c9672de35c75a9d,evogrow_v2_2_stage_capped,capped,false,staged_polynomial_basis_with_constant,3,11,1,2,123,exact
130,paper1_phaseC_v1,0c9672de35c75a9d,evogrow_v2_2_stage_local,uncapped,false,staged_polynomial_basis_with_constant,3,11,1,2,123,exact
131,paper1_phaseC_v1,0c9672de35c75a9d,evogrow_v2_2_stage_capped,capped,false,staged_polynomial_basis_with_constant,3,11,1,2,7,exact
132,paper1_phaseC_v1,0c9672de35c75a9d,evogrow_v2_2_stage_local,uncapped,false,staged_polynomial_basis_with_constant,3,11,1,2,7,exact
133,paper1_phaseC_v1,0c9672de35c75a9d,evogrow_v2_2_stage_capped,capped,false,staged_polynomial_basis_with_constant,3,12,1,1,42,exact
134,paper1_phaseC_v1,0c9672de35c75a9d,evogrow_v2_2_stage_local,uncapped,false,staged_polynomial_basis_with_constant,3,12,1,1,42,exact
135,paper1_phaseC_v1,0c9672de35c75a9d,evogrow_v2_2_stage_capped,capped,false,staged_polynomial_basis_with_constant,3,12,1,1,123,exact
136,paper1_phaseC_v1,0c9672de35c75a9d,evogrow_v2_2_stage_local,uncapped,false,staged_polynomial_basis_with_constant,3,12,1,1,123,exact
137,paper1_phaseC_v1,0c9672de35c75a9d,evogrow_v2_2_stage_capped,capped,false,staged_polynomial_basis_with_constant,3,12,1,1,7,exact
138,paper1_phaseC_v1,0c9672de35c75a9d,evogrow_v2_2_stage_local,uncapped,false,staged_polynomial_basis_with_constant,3,12,1,1,7,exact
139,paper1_phaseC_v1,0c9672de35c75a9d,evogrow_v2_2_stage_capped,capped,false,staged_polynomial_basis_with_constant,3,12,1,2,42,exact
140,paper1_phaseC_v1,0c9672de35c75a9d,evogrow_v2_2_stage_local,uncapped,false,staged_polynomial_basis_with_constant,3,12,1,2,42,exact
141,paper1_phaseC_v1,0c9672de35c75a9d,evogrow_v2_2_stage_capped,capped,false,staged_polynomial_basis_with_constant,3,12,1,2,123,exact
142,paper1_phaseC_v1,0c9672de35c75a9d,evogrow_v2_2_stage_local,uncapped,false,staged_polynomial_basis_with_constant,3,12,1,2,123,exact
143,paper1_phaseC_v1,0c9672de35c75a9d,evogrow_v2_2_stage_capped,capped,false,staged_polynomial_basis_with_constant,3,12,1,2,7,exact
144,paper1_phaseC_v1,0c9672de35c75a9d,evogrow_v2_2_stage_local,uncapped,false,staged_polynomial_basis_with_constant,3,12,1,2,7,exact
145,paper1_phaseC_v1,0c9672de35c75a9d,evogrow_v2_2_stage_capped,capped,false,staged_polynomial_basis_with_constant,3,13,1,1,42,surrogate
146,paper1_phaseC_v1,0c9672de35c75a9d,evogrow_v2_2_stage_local,uncapped,false,staged_polynomial_basis_with_constant,3,13,1,1,42,surrogate
147,paper1_phaseC_v1,0c9672de35c75a9d,evogrow_v2_2_stage_capped,capped,false,staged_polynomial_basis_with_constant,3,13,1,1,123,surrogate
148,paper1_phaseC_v1,0c9672de35c75a9d,evogrow_v2_2_stage_local,uncapped,false,staged_polynomial_basis_with_constant,3,13,1,1,123,surrogate
149,paper1_phaseC_v1,0c9672de35c75a9d,evogrow_v2_2_stage_capped,capped,false,staged_polynomial_basis_with_constant,3,13,1,1,7,surrogate
150,paper1_phaseC_v1,0c9672de35c75a9d,evogrow_v2_2_stage_local,uncapped,false,staged_polynomial_basis_with_constant,3,13,1,1,7,surrogate
151,paper1_phaseC_v1,0c9672de35c75a9d,evogrow_v2_2_stage_capped,capped,false,staged_polynomial_basis_with_constant,3,13,1,2,42,surrogate
152,paper1_phaseC_v1,0c9672de35c75a9d,evogrow_v2_2_stage_local,uncapped,false,staged_polynomial_basis_with_constant,3,13,1,2,42,surrogate
153,paper1_phaseC_v1,0c9672de35c75a9d,evogrow_v2_2_stage_capped,capped,false,staged_polynomial_basis_with_constant,3,13,1,2,123,surrogate
154,paper1_phaseC_v1,0c9672de35c75a9d,evogrow_v2_2_stage_local,uncapped,false,staged_polynomial_basis_with_constant,3,13,1,2,123,surrogate
155,paper1_phaseC_v1,0c9672de35c75a9d,evogrow_v2_2_stage_capped,capped,false,staged_polynomial_basis_with_constant,3,13,1,2,7,surrogate
156,paper1_phaseC_v1,0c9672de35c75a9d,evogrow_v2_2_stage_local,uncapped,false,staged_polynomial_basis_with_constant,3,13,1,2,7,surrogate
157,paper1_phaseC_v1,0c9672de35c75a9d,evogrow_v2_2_stage_capped,capped,false,staged_polynomial_basis_with_constant,3,14,1,1,42,surrogate
158,paper1_phaseC_v1,0c9672de35c75a9d,evogrow_v2_2_stage_local,uncapped,false,staged_polynomial_basis_with_constant,3,14,1,1,42,surrogate
159,paper1_phaseC_v1,0c9672de35c75a9d,evogrow_v2_2_stage_capped,capped,false,staged_polynomial_basis_with_constant,3,14,1,1,123,surrogate
160,paper1_phaseC_v1,0c9672de35c75a9d,evogrow_v2_2_stage_local,uncapped,false,staged_polynomial_basis_with_constant,3,14,1,1,123,surrogate
161,paper1_phaseC_v1,0c9672de35c75a9d,evogrow_v2_2_stage_capped,capped,false,staged_polynomial_basis_with_constant,3,14,1,1,7,surrogate
162,paper1_phaseC_v1,0c9672de35c75a9d,evogrow_v2_2_stage_local,uncapped,false,staged_polynomial_basis_with_constant,3,14,1,1,7,surrogate
163,paper1_phaseC_v1,0c9672de35c75a9d,evogrow_v2_2_stage_capped,capped,false,staged_polynomial_basis_with_constant,3,14,1,2,42,surrogate
164,paper1_phaseC_v1,0c9672de35c75a9d,evogrow_v2_2_stage_local,uncapped,false,staged_polynomial_basis_with_constant,3,14,1,2,42,surrogate
165,paper1_phaseC_v1,0c9672de35c75a9d,evogrow_v2_2_stage_capped,capped,false,staged_polynomial_basis_with_constant,3,14,1,2,123,surrogate
166,paper1_phaseC_v1,0c9672de35c75a9d,evogrow_v2_2_stage_local,uncapped,false,staged_polynomial_basis_with_constant,3,14,1,2,123,surrogate
167,paper1_phaseC_v1,0c9672de35c75a9d,evogrow_v2_2_stage_capped,capped,false,staged_polynomial_basis_with_constant,3,14,1,2,7,surrogate
168,paper1_phaseC_v1,0c9672de35c75a9d,evogrow_v2_2_stage_local,uncapped,false,staged_polynomial_basis_with_constant,3,14,1,2,7,surrogate
169,paper1_phaseC_v1,0c9672de35c75a9d,evogrow_v2_2_stage_capped,capped,false,staged_polynomial_basis_with_constant,3,15,1,1,42,surrogate
170,paper1_phaseC_v1,0c9672de35c75a9d,evogrow_v2_2_stage_local,uncapped,false,staged_polynomial_basis_with_constant,3,15,1,1,42,surrogate
171,paper1_phaseC_v1,0c9672de35c75a9d,evogrow_v2_2_stage_capped,capped,false,staged_polynomial_basis_with_constant,3,15,1,1,123,surrogate
172,paper1_phaseC_v1,0c9672de35c75a9d,evogrow_v2_2_stage_local,uncapped,false,staged_polynomial_basis_with_constant,3,15,1,1,123,surrogate
173,paper1_phaseC_v1,0c9672de35c75a9d,evogrow_v2_2_stage_capped,capped,false,staged_polynomial_basis_with_constant,3,15,1,1,7,surrogate
174,paper1_phaseC_v1,0c9672de35c75a9d,evogrow_v2_2_stage_local,uncapped,false,staged_polynomial_basis_with_constant,3,15,1,1,7,surrogate
175,paper1_phaseC_v1,0c9672de35c75a9d,evogrow_v2_2_stage_capped,capped,false,staged_polynomial_basis_with_constant,3,15,1,2,42,surrogate
176,paper1_phaseC_v1,0c9672de35c75a9d,evogrow_v2_2_stage_local,uncapped,false,staged_polynomial_basis_with_constant,3,15,1,2,42,surrogate
177,paper1_phaseC_v1,0c9672de35c75a9d,evogrow_v2_2_stage_capped,capped,false,staged_polynomial_basis_with_constant,3,15,1,2,123,surrogate
178,paper1_phaseC_v1,0c9672de35c75a9d,evogrow_v2_2_stage_local,uncapped,false,staged_polynomial_basis_with_constant,3,15,1,2,123,surrogate
179,paper1_phaseC_v1,0c9672de35c75a9d,evogrow_v2_2_stage_capped,capped,false,staged_polynomial_basis_with_constant,3,15,1,2,7,surrogate
180,paper1_phaseC_v1,0c9672de35c75a9d,evogrow_v2_2_stage_local,uncapped,false,staged_polynomial_basis_with_constant,3,15,1,2,7,surrogate
181,paper1_phaseC_v1,0c9672de35c75a9d,evogrow_v2_2_stage_capped,capped,false,staged_polynomial_basis_with_constant,3,16,1,1,42,surrogate
182,paper1_phaseC_v1,0c9672de35c75a9d,evogrow_v2_2_stage_local,uncapped,false,staged_polynomial_basis_with_constant,3,16,1,1,42,surrogate
183,paper1_phaseC_v1,0c9672de35c75a9d,evogrow_v2_2_stage_capped,capped,false,staged_polynomial_basis_with_constant,3,16,1,1,123,surrogate
184,paper1_phaseC_v1,0c9672de35c75a9d,evogrow_v2_2_stage_local,uncapped,false,staged_polynomial_basis_with_constant,3,16,1,1,123,surrogate
185,paper1_phaseC_v1,0c9672de35c75a9d,evogrow_v2_2_stage_capped,capped,false,staged_polynomial_basis_with_constant,3,16,1,1,7,surrogate
186,paper1_phaseC_v1,0c9672de35c75a9d,evogrow_v2_2_stage_local,uncapped,false,staged_polynomial_basis_with_constant,3,16,1,1,7,surrogate
187,paper1_phaseC_v1,0c9672de35c75a9d,evogrow_v2_2_stage_capped,capped,false,staged_polynomial_basis_with_constant,3,16,1,2,42,surrogate
188,paper1_phaseC_v1,0c9672de35c75a9d,evogrow_v2_2_stage_local,uncapped,false,staged_polynomial_basis_with_constant,3,16,1,2,42,surrogate
189,paper1_phaseC_v1,0c9672de35c75a9d,evogrow_v2_2_stage_capped,capped,false,staged_polynomial_basis_with_constant,3,16,1,2,123,surrogate
190,paper1_phaseC_v1,0c9672de35c75a9d,evogrow_v2_2_stage_local,uncapped,false,staged_polynomial_basis_with_constant,3,16,1,2,123,surrogate
191,paper1_phaseC_v1,0c9672de35c75a9d,evogrow_v2_2_stage_capped,capped,false,staged_polynomial_basis_with_constant,3,16,1,2,7,surrogate
192,paper1_phaseC_v1,0c9672de35c75a9d,evogrow_v2_2_stage_local,uncapped,false,staged_polynomial_basis_with_constant,3,16,1,2,7,surrogate
193,paper1_phaseC_v1,0c9672de35c75a9d,evogrow_v2_2_stage_capped,capped,false,staged_polynomial_basis_with_constant,3,17,1,1,42,exact
194,paper1_phaseC_v1,0c9672de35c75a9d,evogrow_v2_2_stage_local,uncapped,false,staged_polynomial_basis_with_constant,3,17,1,1,42,exact
195,paper1_phaseC_v1,0c9672de35c75a9d,evogrow_v2_2_stage_capped,capped,false,staged_polynomial_basis_with_constant,3,17,1,1,123,exact
196,paper1_phaseC_v1,0c9672de35c75a9d,evogrow_v2_2_stage_local,uncapped,false,staged_polynomial_basis_with_constant,3,17,1,1,123,exact
197,paper1_phaseC_v1,0c9672de35c75a9d,evogrow_v2_2_stage_capped,capped,false,staged_polynomial_basis_with_constant,3,17,1,1,7,exact
198,paper1_phaseC_v1,0c9672de35c75a9d,evogrow_v2_2_stage_local,uncapped,false,staged_polynomial_basis_with_constant,3,17,1,1,7,exact
199,paper1_phaseC_v1,0c9672de35c75a9d,evogrow_v2_2_stage_capped,capped,false,staged_polynomial_basis_with_constant,3,17,1,2,42,exact
200,paper1_phaseC_v1,0c9672de35c75a9d,evogrow_v2_2_stage_local,uncapped,false,staged_polynomial_basis_with_constant,3,17,1,2,42,exact
201,paper1_phaseC_v1,0c9672de35c75a9d,evogrow_v2_2_stage_capped,capped,false,staged_polynomial_basis_with_constant,3,17,1,2,123,exact
202,paper1_phaseC_v1,0c9672de35c75a9d,evogrow_v2_2_stage_local,uncapped,false,staged_polynomial_basis_with_constant,3,17,1,2,123,exact
203,paper1_phaseC_v1,0c9672de35c75a9d,evogrow_v2_2_stage_capped,capped,false,staged_polynomial_basis_with_constant,3,17,1,2,7,exact
204,paper1_phaseC_v1,0c9672de35c75a9d,evogrow_v2_2_stage_local,uncapped,false,staged_polynomial_basis_with_constant,3,17,1,2,7,exact
205,paper1_phaseC_v1,0c9672de35c75a9d,evogrow_v2_2_stage_capped,capped,false,staged_polynomial_basis_with_constant,3,18,1,1,42,surrogate
206,paper1_phaseC_v1,0c9672de35c75a9d,evogrow_v2_2_stage_local,uncapped,false,staged_polynomial_basis_with_constant,3,18,1,1,42,surrogate
207,paper1_phaseC_v1,0c9672de35c75a9d,evogrow_v2_2_stage_capped,capped,false,staged_polynomial_basis_with_constant,3,18,1,1,123,surrogate
208,paper1_phaseC_v1,0c9672de35c75a9d,evogrow_v2_2_stage_local,uncapped,false,staged_polynomial_basis_with_constant,3,18,1,1,123,surrogate
209,paper1_phaseC_v1,0c9672de35c75a9d,evogrow_v2_2_stage_capped,capped,false,staged_polynomial_basis_with_constant,3,18,1,1,7,surrogate
210,paper1_phaseC_v1,0c9672de35c75a9d,evogrow_v2_2_stage_local,uncapped,false,staged_polynomial_basis_with_constant,3,18,1,1,7,surrogate
211,paper1_phaseC_v1,0c9672de35c75a9d,evogrow_v2_2_stage_capped,capped,false,staged_polynomial_basis_with_constant,3,18,1,2,42,surrogate
212,paper1_phaseC_v1,0c9672de35c75a9d,evogrow_v2_2_stage_local,uncapped,false,staged_polynomial_basis_with_constant,3,18,1,2,42,surrogate
213,paper1_phaseC_v1,0c9672de35c75a9d,evogrow_v2_2_stage_capped,capped,false,staged_polynomial_basis_with_constant,3,18,1,2,123,surrogate
214,paper1_phaseC_v1,0c9672de35c75a9d,evogrow_v2_2_stage_local,uncapped,false,staged_polynomial_basis_with_constant,3,18,1,2,123,surrogate
215,paper1_phaseC_v1,0c9672de35c75a9d,evogrow_v2_2_stage_capped,capped,false,staged_polynomial_basis_with_constant,3,18,1,2,7,surrogate
216,paper1_phaseC_v1,0c9672de35c75a9d,evogrow_v2_2_stage_local,uncapped,false,staged_polynomial_basis_with_constant,3,18,1,2,7,surrogate
217,paper1_phaseC_v1,0c9672de35c75a9d,evogrow_v2_2_stage_capped,capped,false,staged_polynomial_basis_with_constant,3,19,1,1,42,surrogate
218,paper1_phaseC_v1,0c9672de35c75a9d,evogrow_v2_2_stage_local,uncapped,false,staged_polynomial_basis_with_constant,3,19,1,1,42,surrogate
219,paper1_phaseC_v1,0c9672de35c75a9d,evogrow_v2_2_stage_capped,capped,false,staged_polynomial_basis_with_constant,3,19,1,1,123,surrogate
220,paper1_phaseC_v1,0c9672de35c75a9d,evogrow_v2_2_stage_local,uncapped,false,staged_polynomial_basis_with_constant,3,19,1,1,123,surrogate
221,paper1_phaseC_v1,0c9672de35c75a9d,evogrow_v2_2_stage_capped,capped,false,staged_polynomial_basis_with_constant,3,19,1,1,7,surrogate
222,paper1_phaseC_v1,0c9672de35c75a9d,evogrow_v2_2_stage_local,uncapped,false,staged_polynomial_basis_with_constant,3,19,1,1,7,surrogate
223,paper1_phaseC_v1,0c9672de35c75a9d,evogrow_v2_2_stage_capped,capped,false,staged_polynomial_basis_with_constant,3,19,1,2,42,surrogate
224,paper1_phaseC_v1,0c9672de35c75a9d,evogrow_v2_2_stage_local,uncapped,false,staged_polynomial_basis_with_constant,3,19,1,2,42,surrogate
225,paper1_phaseC_v1,0c9672de35c75a9d,evogrow_v2_2_stage_capped,capped,false,staged_polynomial_basis_with_constant,3,19,1,2,123,surrogate
226,paper1_phaseC_v1,0c9672de35c75a9d,evogrow_v2_2_stage_local,uncapped,false,staged_polynomial_basis_with_constant,3,19,1,2,123,surrogate
227,paper1_phaseC_v1,0c9672de35c75a9d,evogrow_v2_2_stage_capped,capped,false,staged_polynomial_basis_with_constant,3,19,1,2,7,surrogate
228,paper1_phaseC_v1,0c9672de35c75a9d,evogrow_v2_2_stage_local,uncapped,false,staged_polynomial_basis_with_constant,3,19,1,2,7,surrogate
229,paper1_phaseC_v1,0c9672de35c75a9d,evogrow_v2_2_stage_capped,capped,false,staged_polynomial_basis_with_constant,3,20,1,1,42,surrogate
230,paper1_phaseC_v1,0c9672de35c75a9d,evogrow_v2_2_stage_local,uncapped,false,staged_polynomial_basis_with_constant,3,20,1,1,42,surrogate
231,paper1_phaseC_v1,0c9672de35c75a9d,evogrow_v2_2_stage_capped,capped,false,staged_polynomial_basis_with_constant,3,20,1,1,123,surrogate
232,paper1_phaseC_v1,0c9672de35c75a9d,evogrow_v2_2_stage_local,uncapped,false,staged_polynomial_basis_with_constant,3,20,1,1,123,surrogate
233,paper1_phaseC_v1,0c9672de35c75a9d,evogrow_v2_2_stage_capped,capped,false,staged_polynomial_basis_with_constant,3,20,1,1,7,surrogate
234,paper1_phaseC_v1,0c9672de35c75a9d,evogrow_v2_2_stage_local,uncapped,false,staged_polynomial_basis_with_constant,3,20,1,1,7,surrogate
235,paper1_phaseC_v1,0c9672de35c75a9d,evogrow_v2_2_stage_capped,capped,false,staged_polynomial_basis_with_constant,3,20,1,2,42,surrogate
236,paper1_phaseC_v1,0c9672de35c75a9d,evogrow_v2_2_stage_local,uncapped,false,staged_polynomial_basis_with_constant,3,20,1,2,42,surrogate
237,paper1_phaseC_v1,0c9672de35c75a9d,evogrow_v2_2_stage_capped,capped,false,staged_polynomial_basis_with_constant,3,20,1,2,123,surrogate
238,paper1_phaseC_v1,0c9672de35c75a9d,evogrow_v2_2_stage_local,uncapped,false,staged_polynomial_basis_with_constant,3,20,1,2,123,surrogate
239,paper1_phaseC_v1,0c9672de35c75a9d,evogrow_v2_2_stage_capped,capped,false,staged_polynomial_basis_with_constant,3,20,1,2,7,surrogate
240,paper1_phaseC_v1,0c9672de35c75a9d,evogrow_v2_2_stage_local,uncapped,false,staged_polynomial_basis_with_constant,3,20,1,2,7,surrogate
241,paper1_phaseC_v1,0c9672de35c75a9d,evogrow_v2_2_stage_capped,capped,false,staged_polynomial_basis_with_constant,3,21,1,1,42,surrogate
242,paper1_phaseC_v1,0c9672de35c75a9d,evogrow_v2_2_stage_local,uncapped,false,staged_polynomial_basis_with_constant,3,21,1,1,42,surrogate
243,paper1_phaseC_v1,0c9672de35c75a9d,evogrow_v2_2_stage_capped,capped,false,staged_polynomial_basis_with_constant,3,21,1,1,123,surrogate
244,paper1_phaseC_v1,0c9672de35c75a9d,evogrow_v2_2_stage_local,uncapped,false,staged_polynomial_basis_with_constant,3,21,1,1,123,surrogate
245,paper1_phaseC_v1,0c9672de35c75a9d,evogrow_v2_2_stage_capped,capped,false,staged_polynomial_basis_with_constant,3,21,1,1,7,surrogate
246,paper1_phaseC_v1,0c9672de35c75a9d,evogrow_v2_2_stage_local,uncapped,false,staged_polynomial_basis_with_constant,3,21,1,1,7,surrogate
247,paper1_phaseC_v1,0c9672de35c75a9d,evogrow_v2_2_stage_capped,capped,false,staged_polynomial_basis_with_constant,3,21,1,2,42,surrogate
248,paper1_phaseC_v1,0c9672de35c75a9d,evogrow_v2_2_stage_local,uncapped,false,staged_polynomial_basis_with_constant,3,21,1,2,42,surrogate
249,paper1_phaseC_v1,0c9672de35c75a9d,evogrow_v2_2_stage_capped,capped,false,staged_polynomial_basis_with_constant,3,21,1,2,123,surrogate
250,paper1_phaseC_v1,0c9672de35c75a9d,evogrow_v2_2_stage_local,uncapped,false,staged_polynomial_basis_with_constant,3,21,1,2,123,surrogate
251,paper1_phaseC_v1,0c9672de35c75a9d,evogrow_v2_2_stage_capped,capped,false,staged_polynomial_basis_with_constant,3,21,1,2,7,surrogate
252,paper1_phaseC_v1,0c9672de35c75a9d,evogrow_v2_2_stage_local,uncapped,false,staged_polynomial_basis_with_constant,3,21,1,2,7,surrogate
253,paper1_phaseC_v1,0c9672de35c75a9d,evogrow_v2_2_stage_capped,capped,false,staged_polynomial_basis_with_constant,3,22,1,1,42,surrogate
254,paper1_phaseC_v1,0c9672de35c75a9d,evogrow_v2_2_stage_local,uncapped,false,staged_polynomial_basis_with_constant,3,22,1,1,42,surrogate
255,paper1_phaseC_v1,0c9672de35c75a9d,evogrow_v2_2_stage_capped,capped,false,staged_polynomial_basis_with_constant,3,22,1,1,123,surrogate
256,paper1_phaseC_v1,0c9672de35c75a9d,evogrow_v2_2_stage_local,uncapped,false,staged_polynomial_basis_with_constant,3,22,1,1,123,surrogate
257,paper1_phaseC_v1,0c9672de35c75a9d,evogrow_v2_2_stage_capped,capped,false,staged_polynomial_basis_with_constant,3,22,1,1,7,surrogate
258,paper1_phaseC_v1,0c9672de35c75a9d,evogrow_v2_2_stage_local,uncapped,false,staged_polynomial_basis_with_constant,3,22,1,1,7,surrogate
259,paper1_phaseC_v1,0c9672de35c75a9d,evogrow_v2_2_stage_capped,capped,false,staged_polynomial_basis_with_constant,3,22,1,2,42,surrogate
260,paper1_phaseC_v1,0c9672de35c75a9d,evogrow_v2_2_stage_local,uncapped,false,staged_polynomial_basis_with_constant,3,22,1,2,42,surrogate
261,paper1_phaseC_v1,0c9672de35c75a9d,evogrow_v2_2_stage_capped,capped,false,staged_polynomial_basis_with_constant,3,22,1,2,123,surrogate
262,paper1_phaseC_v1,0c9672de35c75a9d,evogrow_v2_2_stage_local,uncapped,false,staged_polynomial_basis_with_constant,3,22,1,2,123,surrogate
263,paper1_phaseC_v1,0c9672de35c75a9d,evogrow_v2_2_stage_capped,capped,false,staged_polynomial_basis_with_constant,3,22,1,2,7,surrogate
264,paper1_phaseC_v1,0c9672de35c75a9d,evogrow_v2_2_stage_local,uncapped,false,staged_polynomial_basis_with_constant,3,22,1,2,7,surrogate
265,paper1_phaseC_v1,0c9672de35c75a9d,evogrow_v2_2_stage_capped,capped,false,staged_polynomial_basis_with_constant,3,23,1,1,42,exact
266,paper1_phaseC_v1,0c9672de35c75a9d,evogrow_v2_2_stage_local,uncapped,false,staged_polynomial_basis_with_constant,3,23,1,1,42,exact
267,paper1_phaseC_v1,0c9672de35c75a9d,evogrow_v2_2_stage_capped,capped,false,staged_polynomial_basis_with_constant,3,23,1,1,123,exact
268,paper1_phaseC_v1,0c9672de35c75a9d,evogrow_v2_2_stage_local,uncapped,false,staged_polynomial_basis_with_constant,3,23,1,1,123,exact
269,paper1_phaseC_v1,0c9672de35c75a9d,evogrow_v2_2_stage_capped,capped,false,staged_polynomial_basis_with_constant,3,23,1,1,7,exact
270,paper1_phaseC_v1,0c9672de35c75a9d,evogrow_v2_2_stage_local,uncapped,false,staged_polynomial_basis_with_constant,3,23,1,1,7,exact
271,paper1_phaseC_v1,0c9672de35c75a9d,evogrow_v2_2_stage_capped,capped,false,staged_polynomial_basis_with_constant,3,23,1,2,42,exact
272,paper1_phaseC_v1,0c9672de35c75a9d,evogrow_v2_2_stage_local,uncapped,false,staged_polynomial_basis_with_constant,3,23,1,2,42,exact
273,paper1_phaseC_v1,0c9672de35c75a9d,evogrow_v2_2_stage_capped,capped,false,staged_polynomial_basis_with_constant,3,23,1,2,123,exact
274,paper1_phaseC_v1,0c9672de35c75a9d,evogrow_v2_2_stage_local,uncapped,false,staged_polynomial_basis_with_constant,3,23,1,2,123,exact
275,paper1_phaseC_v1,0c9672de35c75a9d,evogrow_v2_2_stage_capped,capped,false,staged_polynomial_basis_with_constant,3,23,1,2,7,exact
276,paper1_phaseC_v1,0c9672de35c75a9d,evogrow_v2_2_stage_local,uncapped,false,staged_polynomial_basis_with_constant,3,23,1,2,7,exact
277,paper1_phaseC_v1,0c9672de35c75a9d,evogrow_v2_2_stage_capped,capped,false,staged_polynomial_basis_with_constant,3,24,2,1,42,exact
278,paper1_phaseC_v1,0c9672de35c75a9d,evogrow_v2_2_stage_local,uncapped,false,staged_polynomial_basis_with_constant,3,24,2,1,42,exact
279,paper1_phaseC_v1,0c9672de35c75a9d,evogrow_v2_2_stage_capped,capped,false,staged_polynomial_basis_with_constant,3,24,2,1,123,exact
280,paper1_phaseC_v1,0c9672de35c75a9d,evogrow_v2_2_stage_local,uncapped,false,staged_polynomial_basis_with_constant,3,24,2,1,123,exact
281,paper1_phaseC_v1,0c9672de35c75a9d,evogrow_v2_2_stage_capped,capped,false,staged_polynomial_basis_with_constant,3,24,2,1,7,exact
282,paper1_phaseC_v1,0c9672de35c75a9d,evogrow_v2_2_stage_local,uncapped,false,staged_polynomial_basis_with_constant,3,24,2,1,7,exact
283,paper1_phaseC_v1,0c9672de35c75a9d,evogrow_v2_2_stage_capped,capped,false,staged_polynomial_basis_with_constant,3,24,2,2,42,exact
284,paper1_phaseC_v1,0c9672de35c75a9d,evogrow_v2_2_stage_local,uncapped,false,staged_polynomial_basis_with_constant,3,24,2,2,42,exact
285,paper1_phaseC_v1,0c9672de35c75a9d,evogrow_v2_2_stage_capped,capped,false,staged_polynomial_basis_with_constant,3,24,2,2,123,exact
286,paper1_phaseC_v1,0c9672de35c75a9d,evogrow_v2_2_stage_local,uncapped,false,staged_polynomial_basis_with_constant,3,24,2,2,123,exact
287,paper1_phaseC_v1,0c9672de35c75a9d,evogrow_v2_2_stage_capped,capped,false,staged_polynomial_basis_with_constant,3,24,2,2,7,exact
288,paper1_phaseC_v1,0c9672de35c75a9d,evogrow_v2_2_stage_local,uncapped,false,staged_polynomial_basis_with_constant,3,24,2,2,7,exact
289,paper1_phaseC_v1,0c9672de35c75a9d,evogrow_v2_2_stage_capped,capped,false,staged_polynomial_basis_with_constant,3,25,2,1,42,exact
290,paper1_phaseC_v1,0c9672de35c75a9d,evogrow_v2_2_stage_local,uncapped,false,staged_polynomial_basis_with_constant,3,25,2,1,42,exact
291,paper1_phaseC_v1,0c9672de35c75a9d,evogrow_v2_2_stage_capped,capped,false,staged_polynomial_basis_with_constant,3,25,2,1,123,exact
292,paper1_phaseC_v1,0c9672de35c75a9d,evogrow_v2_2_stage_local,uncapped,false,staged_polynomial_basis_with_constant,3,25,2,1,123,exact
293,paper1_phaseC_v1,0c9672de35c75a9d,evogrow_v2_2_stage_capped,capped,false,staged_polynomial_basis_with_constant,3,25,2,1,7,exact
294,paper1_phaseC_v1,0c9672de35c75a9d,evogrow_v2_2_stage_local,uncapped,false,staged_polynomial_basis_with_constant,3,25,2,1,7,exact
295,paper1_phaseC_v1,0c9672de35c75a9d,evogrow_v2_2_stage_capped,capped,false,staged_polynomial_basis_with_constant,3,25,2,2,42,exact
296,paper1_phaseC_v1,0c9672de35c75a9d,evogrow_v2_2_stage_local,uncapped,false,staged_polynomial_basis_with_constant,3,25,2,2,42,exact
297,paper1_phaseC_v1,0c9672de35c75a9d,evogrow_v2_2_stage_capped,capped,false,staged_polynomial_basis_with_constant,3,25,2,2,123,exact
298,paper1_phaseC_v1,0c9672de35c75a9d,evogrow_v2_2_stage_local,uncapped,false,staged_polynomial_basis_with_constant,3,25,2,2,123,exact
299,paper1_phaseC_v1,0c9672de35c75a9d,evogrow_v2_2_stage_capped,capped,false,staged_polynomial_basis_with_constant,3,25,2,2,7,exact
300,paper1_phaseC_v1,0c9672de35c75a9d,evogrow_v2_2_stage_local,uncapped,false,staged_polynomial_basis_with_constant,3,25,2,2,7,exact
301,paper1_phaseC_v1,0c9672de35c75a9d,evogrow_v2_2_stage_capped,capped,false,staged_polynomial_basis_with_constant,3,26,2,1,42,exact
302,paper1_phaseC_v1,0c9672de35c75a9d,evogrow_v2_2_stage_local,uncapped,false,staged_polynomial_basis_with_constant,3,26,2,1,42,exact
303,paper1_phaseC_v1,0c9672de35c75a9d,evogrow_v2_2_stage_capped,capped,false,staged_polynomial_basis_with_constant,3,26,2,1,123,exact
304,paper1_phaseC_v1,0c9672de35c75a9d,evogrow_v2_2_stage_local,uncapped,false,staged_polynomial_basis_with_constant,3,26,2,1,123,exact
305,paper1_phaseC_v1,0c9672de35c75a9d,evogrow_v2_2_stage_capped,capped,false,staged_polynomial_basis_with_constant,3,26,2,1,7,exact
306,paper1_phaseC_v1,0c9672de35c75a9d,evogrow_v2_2_stage_local,uncapped,false,staged_polynomial_basis_with_constant,3,26,2,1,7,exact
307,paper1_phaseC_v1,0c9672de35c75a9d,evogrow_v2_2_stage_capped,capped,false,staged_polynomial_basis_with_constant,3,26,2,2,42,exact
308,paper1_phaseC_v1,0c9672de35c75a9d,evogrow_v2_2_stage_local,uncapped,false,staged_polynomial_basis_with_constant,3,26,2,2,42,exact
309,paper1_phaseC_v1,0c9672de35c75a9d,evogrow_v2_2_stage_capped,capped,false,staged_polynomial_basis_with_constant,3,26,2,2,123,exact
310,paper1_phaseC_v1,0c9672de35c75a9d,evogrow_v2_2_stage_local,uncapped,false,staged_polynomial_basis_with_constant,3,26,2,2,123,exact
311,paper1_phaseC_v1,0c9672de35c75a9d,evogrow_v2_2_stage_capped,capped,false,staged_polynomial_basis_with_constant,3,26,2,2,7,exact
312,paper1_phaseC_v1,0c9672de35c75a9d,evogrow_v2_2_stage_local,uncapped,false,staged_polynomial_basis_with_constant,3,26,2,2,7,exact
313,paper1_phaseC_v1,0c9672de35c75a9d,evogrow_v2_2_stage_capped,capped,false,staged_polynomial_basis_with_constant,3,27,2,1,42,exact
314,paper1_phaseC_v1,0c9672de35c75a9d,evogrow_v2_2_stage_local,uncapped,false,staged_polynomial_basis_with_constant,3,27,2,1,42,exact
315,paper1_phaseC_v1,0c9672de35c75a9d,evogrow_v2_2_stage_capped,capped,false,staged_polynomial_basis_with_constant,3,27,2,1,123,exact
316,paper1_phaseC_v1,0c9672de35c75a9d,evogrow_v2_2_stage_local,uncapped,false,staged_polynomial_basis_with_constant,3,27,2,1,123,exact
317,paper1_phaseC_v1,0c9672de35c75a9d,evogrow_v2_2_stage_capped,capped,false,staged_polynomial_basis_with_constant,3,27,2,1,7,exact
318,paper1_phaseC_v1,0c9672de35c75a9d,evogrow_v2_2_stage_local,uncapped,false,staged_polynomial_basis_with_constant,3,27,2,1,7,exact
319,paper1_phaseC_v1,0c9672de35c75a9d,evogrow_v2_2_stage_capped,capped,false,staged_polynomial_basis_with_constant,3,27,2,2,42,exact
320,paper1_phaseC_v1,0c9672de35c75a9d,evogrow_v2_2_stage_local,uncapped,false,staged_polynomial_basis_with_constant,3,27,2,2,42,exact
321,paper1_phaseC_v1,0c9672de35c75a9d,evogrow_v2_2_stage_capped,capped,false,staged_polynomial_basis_with_constant,3,27,2,2,123,exact
322,paper1_phaseC_v1,0c9672de35c75a9d,evogrow_v2_2_stage_local,uncapped,false,staged_polynomial_basis_with_constant,3,27,2,2,123,exact
323,paper1_phaseC_v1,0c9672de35c75a9d,evogrow_v2_2_stage_capped,capped,false,staged_polynomial_basis_with_constant,3,27,2,2,7,exact
324,paper1_phaseC_v1,0c9672de35c75a9d,evogrow_v2_2_stage_local,uncapped,false,staged_polynomial_basis_with_constant,3,27,2,2,7,exact
325,paper1_phaseC_v1,0c9672de35c75a9d,evogrow_v2_2_stage_capped,capped,false,staged_polynomial_basis_with_constant,3,28,2,1,42,exact
326,paper1_phaseC_v1,0c9672de35c75a9d,evogrow_v2_2_stage_local,uncapped,false,staged_polynomial_basis_with_constant,3,28,2,1,42,exact
327,paper1_phaseC_v1,0c9672de35c75a9d,evogrow_v2_2_stage_capped,capped,false,staged_polynomial_basis_with_constant,3,28,2,1,123,exact
328,paper1_phaseC_v1,0c9672de35c75a9d,evogrow_v2_2_stage_local,uncapped,false,staged_polynomial_basis_with_constant,3,28,2,1,123,exact
329,paper1_phaseC_v1,0c9672de35c75a9d,evogrow_v2_2_stage_capped,capped,false,staged_polynomial_basis_with_constant,3,28,2,1,7,exact
330,paper1_phaseC_v1,0c9672de35c75a9d,evogrow_v2_2_stage_local,uncapped,false,staged_polynomial_basis_with_constant,3,28,2,1,7,exact
331,paper1_phaseC_v1,0c9672de35c75a9d,evogrow_v2_2_stage_capped,capped,false,staged_polynomial_basis_with_constant,3,28,2,2,42,exact
332,paper1_phaseC_v1,0c9672de35c75a9d,evogrow_v2_2_stage_local,uncapped,false,staged_polynomial_basis_with_constant,3,28,2,2,42,exact
333,paper1_phaseC_v1,0c9672de35c75a9d,evogrow_v2_2_stage_capped,capped,false,staged_polynomial_basis_with_constant,3,28,2,2,123,exact
334,paper1_phaseC_v1,0c9672de35c75a9d,evogrow_v2_2_stage_local,uncapped,false,staged_polynomial_basis_with_constant,3,28,2,2,123,exact
335,paper1_phaseC_v1,0c9672de35c75a9d,evogrow_v2_2_stage_capped,capped,false,staged_polynomial_basis_with_constant,3,28,2,2,7,exact
336,paper1_phaseC_v1,0c9672de35c75a9d,evogrow_v2_2_stage_local,uncapped,false,staged_polynomial_basis_with_constant,3,28,2,2,7,exact
337,paper1_phaseC_v1,0c9672de35c75a9d,evogrow_v2_2_stage_capped,capped,false,staged_polynomial_basis_with_constant,3,29,2,1,42,exact
338,paper1_phaseC_v1,0c9672de35c75a9d,evogrow_v2_2_stage_local,uncapped,false,staged_polynomial_basis_with_constant,3,29,2,1,42,exact
339,paper1_phaseC_v1,0c9672de35c75a9d,evogrow_v2_2_stage_capped,capped,false,staged_polynomial_basis_with_constant,3,29,2,1,123,exact
340,paper1_phaseC_v1,0c9672de35c75a9d,evogrow_v2_2_stage_local,uncapped,false,staged_polynomial_basis_with_constant,3,29,2,1,123,exact
341,paper1_phaseC_v1,0c9672de35c75a9d,evogrow_v2_2_stage_capped,capped,false,staged_polynomial_basis_with_constant,3,29,2,1,7,exact
342,paper1_phaseC_v1,0c9672de35c75a9d,evogrow_v2_2_stage_local,uncapped,false,staged_polynomial_basis_with_constant,3,29,2,1,7,exact
343,paper1_phaseC_v1,0c9672de35c75a9d,evogrow_v2_2_stage_capped,capped,false,staged_polynomial_basis_with_constant,3,29,2,2,42,exact
344,paper1_phaseC_v1,0c9672de35c75a9d,evogrow_v2_2_stage_local,uncapped,false,staged_polynomial_basis_with_constant,3,29,2,2,42,exact
345,paper1_phaseC_v1,0c9672de35c75a9d,evogrow_v2_2_stage_capped,capped,false,staged_polynomial_basis_with_constant,3,29,2,2,123,exact
346,paper1_phaseC_v1,0c9672de35c75a9d,evogrow_v2_2_stage_local,uncapped,false,staged_polynomial_basis_with_constant,3,29,2,2,123,exact
347,paper1_phaseC_v1,0c9672de35c75a9d,evogrow_v2_2_stage_capped,capped,false,staged_polynomial_basis_with_constant,3,29,2,2,7,exact
348,paper1_phaseC_v1,0c9672de35c75a9d,evogrow_v2_2_stage_local,uncapped,false,staged_polynomial_basis_with_constant,3,29,2,2,7,exact
349,paper1_phaseC_v1,0c9672de35c75a9d,evogrow_v2_2_stage_capped,capped,false,staged_polynomial_basis_with_constant,3,30,2,1,42,surrogate
350,paper1_phaseC_v1,0c9672de35c75a9d,evogrow_v2_2_stage_local,uncapped,false,staged_polynomial_basis_with_constant,3,30,2,1,42,surrogate
351,paper1_phaseC_v1,0c9672de35c75a9d,evogrow_v2_2_stage_capped,capped,false,staged_polynomial_basis_with_constant,3,30,2,1,123,surrogate
352,paper1_phaseC_v1,0c9672de35c75a9d,evogrow_v2_2_stage_local,uncapped,false,staged_polynomial_basis_with_constant,3,30,2,1,123,surrogate
353,paper1_phaseC_v1,0c9672de35c75a9d,evogrow_v2_2_stage_capped,capped,false,staged_polynomial_basis_with_constant,3,30,2,1,7,surrogate
354,paper1_phaseC_v1,0c9672de35c75a9d,evogrow_v2_2_stage_local,uncapped,false,staged_polynomial_basis_with_constant,3,30,2,1,7,surrogate
355,paper1_phaseC_v1,0c9672de35c75a9d,evogrow_v2_2_stage_capped,capped,false,staged_polynomial_basis_with_constant,3,30,2,2,42,surrogate
356,paper1_phaseC_v1,0c9672de35c75a9d,evogrow_v2_2_stage_local,uncapped,false,staged_polynomial_basis_with_constant,3,30,2,2,42,surrogate
357,paper1_phaseC_v1,0c9672de35c75a9d,evogrow_v2_2_stage_capped,capped,false,staged_polynomial_basis_with_constant,3,30,2,2,123,surrogate
358,paper1_phaseC_v1,0c9672de35c75a9d,evogrow_v2_2_stage_local,uncapped,false,staged_polynomial_basis_with_constant,3,30,2,2,123,surrogate
359,paper1_phaseC_v1,0c9672de35c75a9d,evogrow_v2_2_stage_capped,capped,false,staged_polynomial_basis_with_constant,3,30,2,2,7,surrogate
360,paper1_phaseC_v1,0c9672de35c75a9d,evogrow_v2_2_stage_local,uncapped,false,staged_polynomial_basis_with_constant,3,30,2,2,7,surrogate
361,paper1_phaseC_v1,0c9672de35c75a9d,evogrow_v2_2_stage_capped,capped,false,staged_polynomial_basis_with_constant,3,31,2,1,42,exact
362,paper1_phaseC_v1,0c9672de35c75a9d,evogrow_v2_2_stage_local,uncapped,false,staged_polynomial_basis_with_constant,3,31,2,1,42,exact
363,paper1_phaseC_v1,0c9672de35c75a9d,evogrow_v2_2_stage_capped,capped,false,staged_polynomial_basis_with_constant,3,31,2,1,123,exact
364,paper1_phaseC_v1,0c9672de35c75a9d,evogrow_v2_2_stage_local,uncapped,false,staged_polynomial_basis_with_constant,3,31,2,1,123,exact
365,paper1_phaseC_v1,0c9672de35c75a9d,evogrow_v2_2_stage_capped,capped,false,staged_polynomial_basis_with_constant,3,31,2,1,7,exact
366,paper1_phaseC_v1,0c9672de35c75a9d,evogrow_v2_2_stage_local,uncapped,false,staged_polynomial_basis_with_constant,3,31,2,1,7,exact
367,paper1_phaseC_v1,0c9672de35c75a9d,evogrow_v2_2_stage_capped,capped,false,staged_polynomial_basis_with_constant,3,31,2,2,42,exact
368,paper1_phaseC_v1,0c9672de35c75a9d,evogrow_v2_2_stage_local,uncapped,false,staged_polynomial_basis_with_constant,3,31,2,2,42,exact
369,paper1_phaseC_v1,0c9672de35c75a9d,evogrow_v2_2_stage_capped,capped,false,staged_polynomial_basis_with_constant,3,31,2,2,123,exact
370,paper1_phaseC_v1,0c9672de35c75a9d,evogrow_v2_2_stage_local,uncapped,false,staged_polynomial_basis_with_constant,3,31,2,2,123,exact
371,paper1_phaseC_v1,0c9672de35c75a9d,evogrow_v2_2_stage_capped,capped,false,staged_polynomial_basis_with_constant,3,31,2,2,7,exact
372,paper1_phaseC_v1,0c9672de35c75a9d,evogrow_v2_2_stage_local,uncapped,false,staged_polynomial_basis_with_constant,3,31,2,2,7,exact
373,paper1_phaseC_v1,0c9672de35c75a9d,evogrow_v2_2_stage_capped,capped,false,staged_polynomial_basis_with_constant,3,32,2,1,42,exact
374,paper1_phaseC_v1,0c9672de35c75a9d,evogrow_v2_2_stage_local,uncapped,false,staged_polynomial_basis_with_constant,3,32,2,1,42,exact
375,paper1_phaseC_v1,0c9672de35c75a9d,evogrow_v2_2_stage_capped,capped,false,staged_polynomial_basis_with_constant,3,32,2,1,123,exact
376,paper1_phaseC_v1,0c9672de35c75a9d,evogrow_v2_2_stage_local,uncapped,false,staged_polynomial_basis_with_constant,3,32,2,1,123,exact
377,paper1_phaseC_v1,0c9672de35c75a9d,evogrow_v2_2_stage_capped,capped,false,staged_polynomial_basis_with_constant,3,32,2,1,7,exact
378,paper1_phaseC_v1,0c9672de35c75a9d,evogrow_v2_2_stage_local,uncapped,false,staged_polynomial_basis_with_constant,3,32,2,1,7,exact
379,paper1_phaseC_v1,0c9672de35c75a9d,evogrow_v2_2_stage_capped,capped,false,staged_polynomial_basis_with_constant,3,32,2,2,42,exact
380,paper1_phaseC_v1,0c9672de35c75a9d,evogrow_v2_2_stage_local,uncapped,false,staged_polynomial_basis_with_constant,3,32,2,2,42,exact
381,paper1_phaseC_v1,0c9672de35c75a9d,evogrow_v2_2_stage_capped,capped,false,staged_polynomial_basis_with_constant,3,32,2,2,123,exact
382,paper1_phaseC_v1,0c9672de35c75a9d,evogrow_v2_2_stage_local,uncapped,false,staged_polynomial_basis_with_constant,3,32,2,2,123,exact
383,paper1_phaseC_v1,0c9672de35c75a9d,evogrow_v2_2_stage_capped,capped,false,staged_polynomial_basis_with_constant,3,32,2,2,7,exact
384,paper1_phaseC_v1,0c9672de35c75a9d,evogrow_v2_2_stage_local,uncapped,false,staged_polynomial_basis_with_constant,3,32,2,2,7,exact
385,paper1_phaseC_v1,0c9672de35c75a9d,evogrow_v2_2_stage_capped,capped,false,staged_polynomial_basis_with_constant,3,33,2,1,42,surrogate
386,paper1_phaseC_v1,0c9672de35c75a9d,evogrow_v2_2_stage_local,uncapped,false,staged_polynomial_basis_with_constant,3,33,2,1,42,surrogate
387,paper1_phaseC_v1,0c9672de35c75a9d,evogrow_v2_2_stage_capped,capped,false,staged_polynomial_basis_with_constant,3,33,2,1,123,surrogate
388,paper1_phaseC_v1,0c9672de35c75a9d,evogrow_v2_2_stage_local,uncapped,false,staged_polynomial_basis_with_constant,3,33,2,1,123,surrogate
389,paper1_phaseC_v1,0c9672de35c75a9d,evogrow_v2_2_stage_capped,capped,false,staged_polynomial_basis_with_constant,3,33,2,1,7,surrogate
390,paper1_phaseC_v1,0c9672de35c75a9d,evogrow_v2_2_stage_local,uncapped,false,staged_polynomial_basis_with_constant,3,33,2,1,7,surrogate
391,paper1_phaseC_v1,0c9672de35c75a9d,evogrow_v2_2_stage_capped,capped,false,staged_polynomial_basis_with_constant,3,33,2,2,42,surrogate
392,paper1_phaseC_v1,0c9672de35c75a9d,evogrow_v2_2_stage_local,uncapped,false,staged_polynomial_basis_with_constant,3,33,2,2,42,surrogate
393,paper1_phaseC_v1,0c9672de35c75a9d,evogrow_v2_2_stage_capped,capped,false,staged_polynomial_basis_with_constant,3,33,2,2,123,surrogate
394,paper1_phaseC_v1,0c9672de35c75a9d,evogrow_v2_2_stage_local,uncapped,false,staged_polynomial_basis_with_constant,3,33,2,2,123,surrogate
395,paper1_phaseC_v1,0c9672de35c75a9d,evogrow_v2_2_stage_capped,capped,false,staged_polynomial_basis_with_constant,3,33,2,2,7,surrogate
396,paper1_phaseC_v1,0c9672de35c75a9d,evogrow_v2_2_stage_local,uncapped,false,staged_polynomial_basis_with_constant,3,33,2,2,7,surrogate
397,paper1_phaseC_v1,0c9672de35c75a9d,evogrow_v2_2_stage_capped,capped,false,staged_polynomial_basis_with_constant,3,34,2,1,42,surrogate
398,paper1_phaseC_v1,0c9672de35c75a9d,evogrow_v2_2_stage_local,uncapped,false,staged_polynomial_basis_with_constant,3,34,2,1,42,surrogate
399,paper1_phaseC_v1,0c9672de35c75a9d,evogrow_v2_2_stage_capped,capped,false,staged_polynomial_basis_with_constant,3,34,2,1,123,surrogate
400,paper1_phaseC_v1,0c9672de35c75a9d,evogrow_v2_2_stage_local,uncapped,false,staged_polynomial_basis_with_constant,3,34,2,1,123,surrogate
401,paper1_phaseC_v1,0c9672de35c75a9d,evogrow_v2_2_stage_capped,capped,false,staged_polynomial_basis_with_constant,3,34,2,1,7,surrogate
402,paper1_phaseC_v1,0c9672de35c75a9d,evogrow_v2_2_stage_local,uncapped,false,staged_polynomial_basis_with_constant,3,34,2,1,7,surrogate
403,paper1_phaseC_v1,0c9672de35c75a9d,evogrow_v2_2_stage_capped,capped,false,staged_polynomial_basis_with_constant,3,34,2,2,42,surrogate
404,paper1_phaseC_v1,0c9672de35c75a9d,evogrow_v2_2_stage_local,uncapped,false,staged_polynomial_basis_with_constant,3,34,2,2,42,surrogate
405,paper1_phaseC_v1,0c9672de35c75a9d,evogrow_v2_2_stage_capped,capped,false,staged_polynomial_basis_with_constant,3,34,2,2,123,surrogate
406,paper1_phaseC_v1,0c9672de35c75a9d,evogrow_v2_2_stage_local,uncapped,false,staged_polynomial_basis_with_constant,3,34,2,2,123,surrogate
407,paper1_phaseC_v1,0c9672de35c75a9d,evogrow_v2_2_stage_capped,capped,false,staged_polynomial_basis_with_constant,3,34,2,2,7,surrogate
408,paper1_phaseC_v1,0c9672de35c75a9d,evogrow_v2_2_stage_local,uncapped,false,staged_polynomial_basis_with_constant,3,34,2,2,7,surrogate
409,paper1_phaseC_v1,0c9672de35c75a9d,evogrow_v2_2_stage_capped,capped,false,staged_polynomial_basis_with_constant,3,35,2,1,42,surrogate
410,paper1_phaseC_v1,0c9672de35c75a9d,evogrow_v2_2_stage_local,uncapped,false,staged_polynomial_basis_with_constant,3,35,2,1,42,surrogate
411,paper1_phaseC_v1,0c9672de35c75a9d,evogrow_v2_2_stage_capped,capped,false,staged_polynomial_basis_with_constant,3,35,2,1,123,surrogate
412,paper1_phaseC_v1,0c9672de35c75a9d,evogrow_v2_2_stage_local,uncapped,false,staged_polynomial_basis_with_constant,3,35,2,1,123,surrogate
413,paper1_phaseC_v1,0c9672de35c75a9d,evogrow_v2_2_stage_capped,capped,false,staged_polynomial_basis_with_constant,3,35,2,1,7,surrogate
414,paper1_phaseC_v1,0c9672de35c75a9d,evogrow_v2_2_stage_local,uncapped,false,staged_polynomial_basis_with_constant,3,35,2,1,7,surrogate
415,paper1_phaseC_v1,0c9672de35c75a9d,evogrow_v2_2_stage_capped,capped,false,staged_polynomial_basis_with_constant,3,35,2,2,42,surrogate
416,paper1_phaseC_v1,0c9672de35c75a9d,evogrow_v2_2_stage_local,uncapped,false,staged_polynomial_basis_with_constant,3,35,2,2,42,surrogate
417,paper1_phaseC_v1,0c9672de35c75a9d,evogrow_v2_2_stage_capped,capped,false,staged_polynomial_basis_with_constant,3,35,2,2,123,surrogate
418,paper1_phaseC_v1,0c9672de35c75a9d,evogrow_v2_2_stage_local,uncapped,false,staged_polynomial_basis_with_constant,3,35,2,2,123,surrogate
419,paper1_phaseC_v1,0c9672de35c75a9d,evogrow_v2_2_stage_capped,capped,false,staged_polynomial_basis_with_constant,3,35,2,2,7,surrogate
420,paper1_phaseC_v1,0c9672de35c75a9d,evogrow_v2_2_stage_local,uncapped,false,staged_polynomial_basis_with_constant,3,35,2,2,7,surrogate
421,paper1_phaseC_v1,0c9672de35c75a9d,evogrow_v2_2_stage_capped,capped,false,staged_polynomial_basis_with_constant,3,36,2,1,42,surrogate
422,paper1_phaseC_v1,0c9672de35c75a9d,evogrow_v2_2_stage_local,uncapped,false,staged_polynomial_basis_with_constant,3,36,2,1,42,surrogate
423,paper1_phaseC_v1,0c9672de35c75a9d,evogrow_v2_2_stage_capped,capped,false,staged_polynomial_basis_with_constant,3,36,2,1,123,surrogate
424,paper1_phaseC_v1,0c9672de35c75a9d,evogrow_v2_2_stage_local,uncapped,false,staged_polynomial_basis_with_constant,3,36,2,1,123,surrogate
425,paper1_phaseC_v1,0c9672de35c75a9d,evogrow_v2_2_stage_capped,capped,false,staged_polynomial_basis_with_constant,3,36,2,1,7,surrogate
426,paper1_phaseC_v1,0c9672de35c75a9d,evogrow_v2_2_stage_local,uncapped,false,staged_polynomial_basis_with_constant,3,36,2,1,7,surrogate
427,paper1_phaseC_v1,0c9672de35c75a9d,evogrow_v2_2_stage_capped,capped,false,staged_polynomial_basis_with_constant,3,36,2,2,42,surrogate
428,paper1_phaseC_v1,0c9672de35c75a9d,evogrow_v2_2_stage_local,uncapped,false,staged_polynomial_basis_with_constant,3,36,2,2,42,surrogate
429,paper1_phaseC_v1,0c9672de35c75a9d,evogrow_v2_2_stage_capped,capped,false,staged_polynomial_basis_with_constant,3,36,2,2,123,surrogate
430,paper1_phaseC_v1,0c9672de35c75a9d,evogrow_v2_2_stage_local,uncapped,false,staged_polynomial_basis_with_constant,3,36,2,2,123,surrogate
431,paper1_phaseC_v1,0c9672de35c75a9d,evogrow_v2_2_stage_capped,capped,false,staged_polynomial_basis_with_constant,3,36,2,2,7,surrogate
432,paper1_phaseC_v1,0c9672de35c75a9d,evogrow_v2_2_stage_local,uncapped,false,staged_polynomial_basis_with_constant,3,36,2,2,7,surrogate
433,paper1_phaseC_v1,0c9672de35c75a9d,evogrow_v2_2_stage_capped,capped,false,staged_polynomial_basis_with_constant,3,37,2,1,42,surrogate
434,paper1_phaseC_v1,0c9672de35c75a9d,evogrow_v2_2_stage_local,uncapped,false,staged_polynomial_basis_with_constant,3,37,2,1,42,surrogate
435,paper1_phaseC_v1,0c9672de35c75a9d,evogrow_v2_2_stage_capped,capped,false,staged_polynomial_basis_with_constant,3,37,2,1,123,surrogate
436,paper1_phaseC_v1,0c9672de35c75a9d,evogrow_v2_2_stage_local,uncapped,false,staged_polynomial_basis_with_constant,3,37,2,1,123,surrogate
437,paper1_phaseC_v1,0c9672de35c75a9d,evogrow_v2_2_stage_capped,capped,false,staged_polynomial_basis_with_constant,3,37,2,1,7,surrogate
438,paper1_phaseC_v1,0c9672de35c75a9d,evogrow_v2_2_stage_local,uncapped,false,staged_polynomial_basis_with_constant,3,37,2,1,7,surrogate
439,paper1_phaseC_v1,0c9672de35c75a9d,evogrow_v2_2_stage_capped,capped,false,staged_polynomial_basis_with_constant,3,37,2,2,42,surrogate
440,paper1_phaseC_v1,0c9672de35c75a9d,evogrow_v2_2_stage_local,uncapped,false,staged_polynomial_basis_with_constant,3,37,2,2,42,surrogate
441,paper1_phaseC_v1,0c9672de35c75a9d,evogrow_v2_2_stage_capped,capped,false,staged_polynomial_basis_with_constant,3,37,2,2,123,surrogate
442,paper1_phaseC_v1,0c9672de35c75a9d,evogrow_v2_2_stage_local,uncapped,false,staged_polynomial_basis_with_constant,3,37,2,2,123,surrogate
443,paper1_phaseC_v1,0c9672de35c75a9d,evogrow_v2_2_stage_capped,capped,false,staged_polynomial_basis_with_constant,3,37,2,2,7,surrogate
444,paper1_phaseC_v1,0c9672de35c75a9d,evogrow_v2_2_stage_local,uncapped,false,staged_polynomial_basis_with_constant,3,37,2,2,7,surrogate
445,paper1_phaseC_v1,0c9672de35c75a9d,evogrow_v2_2_stage_capped,capped,false,staged_polynomial_basis_with_constant,3,38,2,1,42,exact
446,paper1_phaseC_v1,0c9672de35c75a9d,evogrow_v2_2_stage_local,uncapped,false,staged_polynomial_basis_with_constant,3,38,2,1,42,exact
447,paper1_phaseC_v1,0c9672de35c75a9d,evogrow_v2_2_stage_capped,capped,false,staged_polynomial_basis_with_constant,3,38,2,1,123,exact
448,paper1_phaseC_v1,0c9672de35c75a9d,evogrow_v2_2_stage_local,uncapped,false,staged_polynomial_basis_with_constant,3,38,2,1,123,exact
449,paper1_phaseC_v1,0c9672de35c75a9d,evogrow_v2_2_stage_capped,capped,false,staged_polynomial_basis_with_constant,3,38,2,1,7,exact
450,paper1_phaseC_v1,0c9672de35c75a9d,evogrow_v2_2_stage_local,uncapped,false,staged_polynomial_basis_with_constant,3,38,2,1,7,exact
451,paper1_phaseC_v1,0c9672de35c75a9d,evogrow_v2_2_stage_capped,capped,false,staged_polynomial_basis_with_constant,3,38,2,2,42,exact
452,paper1_phaseC_v1,0c9672de35c75a9d,evogrow_v2_2_stage_local,uncapped,false,staged_polynomial_basis_with_constant,3,38,2,2,42,exact
453,paper1_phaseC_v1,0c9672de35c75a9d,evogrow_v2_2_stage_capped,capped,false,staged_polynomial_basis_with_constant,3,38,2,2,123,exact
454,paper1_phaseC_v1,0c9672de35c75a9d,evogrow_v2_2_stage_local,uncapped,false,staged_polynomial_basis_with_constant,3,38,2,2,123,exact
455,paper1_phaseC_v1,0c9672de35c75a9d,evogrow_v2_2_stage_capped,capped,false,staged_polynomial_basis_with_constant,3,38,2,2,7,exact
456,paper1_phaseC_v1,0c9672de35c75a9d,evogrow_v2_2_stage_local,uncapped,false,staged_polynomial_basis_with_constant,3,38,2,2,7,exact
457,paper1_phaseC_v1,0c9672de35c75a9d,evogrow_v2_2_stage_capped,capped,false,staged_polynomial_basis_with_constant,3,39,2,1,42,surrogate
458,paper1_phaseC_v1,0c9672de35c75a9d,evogrow_v2_2_stage_local,uncapped,false,staged_polynomial_basis_with_constant,3,39,2,1,42,surrogate
459,paper1_phaseC_v1,0c9672de35c75a9d,evogrow_v2_2_stage_capped,capped,false,staged_polynomial_basis_with_constant,3,39,2,1,123,surrogate
460,paper1_phaseC_v1,0c9672de35c75a9d,evogrow_v2_2_stage_local,uncapped,false,staged_polynomial_basis_with_constant,3,39,2,1,123,surrogate
461,paper1_phaseC_v1,0c9672de35c75a9d,evogrow_v2_2_stage_capped,capped,false,staged_polynomial_basis_with_constant,3,39,2,1,7,surrogate
462,paper1_phaseC_v1,0c9672de35c75a9d,evogrow_v2_2_stage_local,uncapped,false,staged_polynomial_basis_with_constant,3,39,2,1,7,surrogate
463,paper1_phaseC_v1,0c9672de35c75a9d,evogrow_v2_2_stage_capped,capped,false,staged_polynomial_basis_with_constant,3,39,2,2,42,surrogate
464,paper1_phaseC_v1,0c9672de35c75a9d,evogrow_v2_2_stage_local,uncapped,false,staged_polynomial_basis_with_constant,3,39,2,2,42,surrogate
465,paper1_phaseC_v1,0c9672de35c75a9d,evogrow_v2_2_stage_capped,capped,false,staged_polynomial_basis_with_constant,3,39,2,2,123,surrogate
466,paper1_phaseC_v1,0c9672de35c75a9d,evogrow_v2_2_stage_local,uncapped,false,staged_polynomial_basis_with_constant,3,39,2,2,123,surrogate
467,paper1_phaseC_v1,0c9672de35c75a9d,evogrow_v2_2_stage_capped,capped,false,staged_polynomial_basis_with_constant,3,39,2,2,7,surrogate
468,paper1_phaseC_v1,0c9672de35c75a9d,evogrow_v2_2_stage_local,uncapped,false,staged_polynomial_basis_with_constant,3,39,2,2,7,surrogate
469,paper1_phaseC_v1,0c9672de35c75a9d,evogrow_v2_2_stage_capped,capped,false,staged_polynomial_basis_with_constant,3,40,2,1,42,surrogate
470,paper1_phaseC_v1,0c9672de35c75a9d,evogrow_v2_2_stage_local,uncapped,false,staged_polynomial_basis_with_constant,3,40,2,1,42,surrogate
471,paper1_phaseC_v1,0c9672de35c75a9d,evogrow_v2_2_stage_capped,capped,false,staged_polynomial_basis_with_constant,3,40,2,1,123,surrogate
472,paper1_phaseC_v1,0c9672de35c75a9d,evogrow_v2_2_stage_local,uncapped,false,staged_polynomial_basis_with_constant,3,40,2,1,123,surrogate
473,paper1_phaseC_v1,0c9672de35c75a9d,evogrow_v2_2_stage_capped,capped,false,staged_polynomial_basis_with_constant,3,40,2,1,7,surrogate
474,paper1_phaseC_v1,0c9672de35c75a9d,evogrow_v2_2_stage_local,uncapped,false,staged_polynomial_basis_with_constant,3,40,2,1,7,surrogate
475,paper1_phaseC_v1,0c9672de35c75a9d,evogrow_v2_2_stage_capped,capped,false,staged_polynomial_basis_with_constant,3,40,2,2,42,surrogate
476,paper1_phaseC_v1,0c9672de35c75a9d,evogrow_v2_2_stage_local,uncapped,false,staged_polynomial_basis_with_constant,3,40,2,2,42,surrogate
477,paper1_phaseC_v1,0c9672de35c75a9d,evogrow_v2_2_stage_capped,capped,false,staged_polynomial_basis_with_constant,3,40,2,2,123,surrogate
478,paper1_phaseC_v1,0c9672de35c75a9d,evogrow_v2_2_stage_local,uncapped,false,staged_polynomial_basis_with_constant,3,40,2,2,123,surrogate
479,paper1_phaseC_v1,0c9672de35c75a9d,evogrow_v2_2_stage_capped,capped,false,staged_polynomial_basis_with_constant,3,40,2,2,7,surrogate
480,paper1_phaseC_v1,0c9672de35c75a9d,evogrow_v2_2_stage_local,uncapped,false,staged_polynomial_basis_with_constant,3,40,2,2,7,surrogate
481,paper1_phaseC_v1,0c9672de35c75a9d,evogrow_v2_2_stage_capped,capped,false,staged_polynomial_basis_with_constant,3,41,2,1,42,surrogate
482,paper1_phaseC_v1,0c9672de35c75a9d,evogrow_v2_2_stage_local,uncapped,false,staged_polynomial_basis_with_constant,3,41,2,1,42,surrogate
483,paper1_phaseC_v1,0c9672de35c75a9d,evogrow_v2_2_stage_capped,capped,false,staged_polynomial_basis_with_constant,3,41,2,1,123,surrogate
484,paper1_phaseC_v1,0c9672de35c75a9d,evogrow_v2_2_stage_local,uncapped,false,staged_polynomial_basis_with_constant,3,41,2,1,123,surrogate
485,paper1_phaseC_v1,0c9672de35c75a9d,evogrow_v2_2_stage_capped,capped,false,staged_polynomial_basis_with_constant,3,41,2,1,7,surrogate
486,paper1_phaseC_v1,0c9672de35c75a9d,evogrow_v2_2_stage_local,uncapped,false,staged_polynomial_basis_with_constant,3,41,2,1,7,surrogate
487,paper1_phaseC_v1,0c9672de35c75a9d,evogrow_v2_2_stage_capped,capped,false,staged_polynomial_basis_with_constant,3,41,2,2,42,surrogate
488,paper1_phaseC_v1,0c9672de35c75a9d,evogrow_v2_2_stage_local,uncapped,false,staged_polynomial_basis_with_constant,3,41,2,2,42,surrogate
489,paper1_phaseC_v1,0c9672de35c75a9d,evogrow_v2_2_stage_capped,capped,false,staged_polynomial_basis_with_constant,3,41,2,2,123,surrogate
490,paper1_phaseC_v1,0c9672de35c75a9d,evogrow_v2_2_stage_local,uncapped,false,staged_polynomial_basis_with_constant,3,41,2,2,123,surrogate
491,paper1_phaseC_v1,0c9672de35c75a9d,evogrow_v2_2_stage_capped,capped,false,staged_polynomial_basis_with_constant,3,41,2,2,7,surrogate
492,paper1_phaseC_v1,0c9672de35c75a9d,evogrow_v2_2_stage_local,uncapped,false,staged_polynomial_basis_with_constant,3,41,2,2,7,surrogate
493,paper1_phaseC_v1,0c9672de35c75a9d,evogrow_v2_2_stage_capped,capped,false,staged_polynomial_basis_with_constant,3,42,2,1,42,surrogate
494,paper1_phaseC_v1,0c9672de35c75a9d,evogrow_v2_2_stage_local,uncapped,false,staged_polynomial_basis_with_constant,3,42,2,1,42,surrogate
495,paper1_phaseC_v1,0c9672de35c75a9d,evogrow_v2_2_stage_capped,capped,false,staged_polynomial_basis_with_constant,3,42,2,1,123,surrogate
496,paper1_phaseC_v1,0c9672de35c75a9d,evogrow_v2_2_stage_local,uncapped,false,staged_polynomial_basis_with_constant,3,42,2,1,123,surrogate
497,paper1_phaseC_v1,0c9672de35c75a9d,evogrow_v2_2_stage_capped,capped,false,staged_polynomial_basis_with_constant,3,42,2,1,7,surrogate
498,paper1_phaseC_v1,0c9672de35c75a9d,evogrow_v2_2_stage_local,uncapped,false,staged_polynomial_basis_with_constant,3,42,2,1,7,surrogate
499,paper1_phaseC_v1,0c9672de35c75a9d,evogrow_v2_2_stage_capped,capped,false,staged_polynomial_basis_with_constant,3,42,2,2,42,surrogate
500,paper1_phaseC_v1,0c9672de35c75a9d,evogrow_v2_2_stage_local,uncapped,false,staged_polynomial_basis_with_constant,3,42,2,2,42,surrogate
501,paper1_phaseC_v1,0c9672de35c75a9d,evogrow_v2_2_stage_capped,capped,false,staged_polynomial_basis_with_constant,3,42,2,2,123,surrogate
502,paper1_phaseC_v1,0c9672de35c75a9d,evogrow_v2_2_stage_local,uncapped,false,staged_polynomial_basis_with_constant,3,42,2,2,123,surrogate
503,paper1_phaseC_v1,0c9672de35c75a9d,evogrow_v2_2_stage_capped,capped,false,staged_polynomial_basis_with_constant,3,42,2,2,7,surrogate
504,paper1_phaseC_v1,0c9672de35c75a9d,evogrow_v2_2_stage_local,uncapped,false,staged_polynomial_basis_with_constant,3,42,2,2,7,surrogate
505,paper1_phaseC_v1,0c9672de35c75a9d,evogrow_v2_2_stage_capped,capped,false,staged_polynomial_basis_with_constant,3,43,2,1,42,exact
506,paper1_phaseC_v1,0c9672de35c75a9d,evogrow_v2_2_stage_local,uncapped,false,staged_polynomial_basis_with_constant,3,43,2,1,42,exact
507,paper1_phaseC_v1,0c9672de35c75a9d,evogrow_v2_2_stage_capped,capped,false,staged_polynomial_basis_with_constant,3,43,2,1,123,exact
508,paper1_phaseC_v1,0c9672de35c75a9d,evogrow_v2_2_stage_local,uncapped,false,staged_polynomial_basis_with_constant,3,43,2,1,123,exact
509,paper1_phaseC_v1,0c9672de35c75a9d,evogrow_v2_2_stage_capped,capped,false,staged_polynomial_basis_with_constant,3,43,2,1,7,exact
510,paper1_phaseC_v1,0c9672de35c75a9d,evogrow_v2_2_stage_local,uncapped,false,staged_polynomial_basis_with_constant,3,43,2,1,7,exact
511,paper1_phaseC_v1,0c9672de35c75a9d,evogrow_v2_2_stage_capped,capped,false,staged_polynomial_basis_with_constant,3,43,2,2,42,exact
512,paper1_phaseC_v1,0c9672de35c75a9d,evogrow_v2_2_stage_local,uncapped,false,staged_polynomial_basis_with_constant,3,43,2,2,42,exact
513,paper1_phaseC_v1,0c9672de35c75a9d,evogrow_v2_2_stage_capped,capped,false,staged_polynomial_basis_with_constant,3,43,2,2,123,exact
514,paper1_phaseC_v1,0c9672de35c75a9d,evogrow_v2_2_stage_local,uncapped,false,staged_polynomial_basis_with_constant,3,43,2,2,123,exact
515,paper1_phaseC_v1,0c9672de35c75a9d,evogrow_v2_2_stage_capped,capped,false,staged_polynomial_basis_with_constant,3,43,2,2,7,exact
516,paper1_phaseC_v1,0c9672de35c75a9d,evogrow_v2_2_stage_local,uncapped,false,staged_polynomial_basis_with_constant,3,43,2,2,7,exact
517,paper1_phaseC_v1,0c9672de35c75a9d,evogrow_v2_2_stage_capped,capped,false,staged_polynomial_basis_with_constant,3,44,2,1,42,surrogate
518,paper1_phaseC_v1,0c9672de35c75a9d,evogrow_v2_2_stage_local,uncapped,false,staged_polynomial_basis_with_constant,3,44,2,1,42,surrogate
519,paper1_phaseC_v1,0c9672de35c75a9d,evogrow_v2_2_stage_capped,capped,false,staged_polynomial_basis_with_constant,3,44,2,1,123,surrogate
520,paper1_phaseC_v1,0c9672de35c75a9d,evogrow_v2_2_stage_local,uncapped,false,staged_polynomial_basis_with_constant,3,44,2,1,123,surrogate
521,paper1_phaseC_v1,0c9672de35c75a9d,evogrow_v2_2_stage_capped,capped,false,staged_polynomial_basis_with_constant,3,44,2,1,7,surrogate
522,paper1_phaseC_v1,0c9672de35c75a9d,evogrow_v2_2_stage_local,uncapped,false,staged_polynomial_basis_with_constant,3,44,2,1,7,surrogate
523,paper1_phaseC_v1,0c9672de35c75a9d,evogrow_v2_2_stage_capped,capped,false,staged_polynomial_basis_with_constant,3,44,2,2,42,surrogate
524,paper1_phaseC_v1,0c9672de35c75a9d,evogrow_v2_2_stage_local,uncapped,false,staged_polynomial_basis_with_constant,3,44,2,2,42,surrogate
525,paper1_phaseC_v1,0c9672de35c75a9d,evogrow_v2_2_stage_capped,capped,false,staged_polynomial_basis_with_constant,3,44,2,2,123,surrogate
526,paper1_phaseC_v1,0c9672de35c75a9d,evogrow_v2_2_stage_local,uncapped,false,staged_polynomial_basis_with_constant,3,44,2,2,123,surrogate
527,paper1_phaseC_v1,0c9672de35c75a9d,evogrow_v2_2_stage_capped,capped,false,staged_polynomial_basis_with_constant,3,44,2,2,7,surrogate
528,paper1_phaseC_v1,0c9672de35c75a9d,evogrow_v2_2_stage_local,uncapped,false,staged_polynomial_basis_with_constant,3,44,2,2,7,surrogate
529,paper1_phaseC_v1,0c9672de35c75a9d,evogrow_v2_2_stage_capped,capped,false,staged_polynomial_basis_with_constant,3,45,2,1,42,surrogate
530,paper1_phaseC_v1,0c9672de35c75a9d,evogrow_v2_2_stage_local,uncapped,false,staged_polynomial_basis_with_constant,3,45,2,1,42,surrogate
531,paper1_phaseC_v1,0c9672de35c75a9d,evogrow_v2_2_stage_capped,capped,false,staged_polynomial_basis_with_constant,3,45,2,1,123,surrogate
532,paper1_phaseC_v1,0c9672de35c75a9d,evogrow_v2_2_stage_local,uncapped,false,staged_polynomial_basis_with_constant,3,45,2,1,123,surrogate
533,paper1_phaseC_v1,0c9672de35c75a9d,evogrow_v2_2_stage_capped,capped,false,staged_polynomial_basis_with_constant,3,45,2,1,7,surrogate
534,paper1_phaseC_v1,0c9672de35c75a9d,evogrow_v2_2_stage_local,uncapped,false,staged_polynomial_basis_with_constant,3,45,2,1,7,surrogate
535,paper1_phaseC_v1,0c9672de35c75a9d,evogrow_v2_2_stage_capped,capped,false,staged_polynomial_basis_with_constant,3,45,2,2,42,surrogate
536,paper1_phaseC_v1,0c9672de35c75a9d,evogrow_v2_2_stage_local,uncapped,false,staged_polynomial_basis_with_constant,3,45,2,2,42,surrogate
537,paper1_phaseC_v1,0c9672de35c75a9d,evogrow_v2_2_stage_capped,capped,false,staged_polynomial_basis_with_constant,3,45,2,2,123,surrogate
538,paper1_phaseC_v1,0c9672de35c75a9d,evogrow_v2_2_stage_local,uncapped,false,staged_polynomial_basis_with_constant,3,45,2,2,123,surrogate
539,paper1_phaseC_v1,0c9672de35c75a9d,evogrow_v2_2_stage_capped,capped,false,staged_polynomial_basis_with_constant,3,45,2,2,7,surrogate
540,paper1_phaseC_v1,0c9672de35c75a9d,evogrow_v2_2_stage_local,uncapped,false,staged_polynomial_basis_with_constant,3,45,2,2,7,surrogate
541,paper1_phaseC_v1,0c9672de35c75a9d,evogrow_v2_2_stage_capped,capped,false,staged_polynomial_basis_with_constant,3,46,2,1,42,surrogate
542,paper1_phaseC_v1,0c9672de35c75a9d,evogrow_v2_2_stage_local,uncapped,false,staged_polynomial_basis_with_constant,3,46,2,1,42,surrogate
543,paper1_phaseC_v1,0c9672de35c75a9d,evogrow_v2_2_stage_capped,capped,false,staged_polynomial_basis_with_constant,3,46,2,1,123,surrogate
544,paper1_phaseC_v1,0c9672de35c75a9d,evogrow_v2_2_stage_local,uncapped,false,staged_polynomial_basis_with_constant,3,46,2,1,123,surrogate
545,paper1_phaseC_v1,0c9672de35c75a9d,evogrow_v2_2_stage_capped,capped,false,staged_polynomial_basis_with_constant,3,46,2,1,7,surrogate
546,paper1_phaseC_v1,0c9672de35c75a9d,evogrow_v2_2_stage_local,uncapped,false,staged_polynomial_basis_with_constant,3,46,2,1,7,surrogate
547,paper1_phaseC_v1,0c9672de35c75a9d,evogrow_v2_2_stage_capped,capped,false,staged_polynomial_basis_with_constant,3,46,2,2,42,surrogate
548,paper1_phaseC_v1,0c9672de35c75a9d,evogrow_v2_2_stage_local,uncapped,false,staged_polynomial_basis_with_constant,3,46,2,2,42,surrogate
549,paper1_phaseC_v1,0c9672de35c75a9d,evogrow_v2_2_stage_capped,capped,false,staged_polynomial_basis_with_constant,3,46,2,2,123,surrogate
550,paper1_phaseC_v1,0c9672de35c75a9d,evogrow_v2_2_stage_local,uncapped,false,staged_polynomial_basis_with_constant,3,46,2,2,123,surrogate
551,paper1_phaseC_v1,0c9672de35c75a9d,evogrow_v2_2_stage_capped,capped,false,staged_polynomial_basis_with_constant,3,46,2,2,7,surrogate
552,paper1_phaseC_v1,0c9672de35c75a9d,evogrow_v2_2_stage_local,uncapped,false,staged_polynomial_basis_with_constant,3,46,2,2,7,surrogate
553,paper1_phaseC_v1,0c9672de35c75a9d,evogrow_v2_2_stage_capped,capped,false,staged_polynomial_basis_with_constant,3,47,2,1,42,surrogate
554,paper1_phaseC_v1,0c9672de35c75a9d,evogrow_v2_2_stage_local,uncapped,false,staged_polynomial_basis_with_constant,3,47,2,1,42,surrogate
555,paper1_phaseC_v1,0c9672de35c75a9d,evogrow_v2_2_stage_capped,capped,false,staged_polynomial_basis_with_constant,3,47,2,1,123,surrogate
556,paper1_phaseC_v1,0c9672de35c75a9d,evogrow_v2_2_stage_local,uncapped,false,staged_polynomial_basis_with_constant,3,47,2,1,123,surrogate
557,paper1_phaseC_v1,0c9672de35c75a9d,evogrow_v2_2_stage_capped,capped,false,staged_polynomial_basis_with_constant,3,47,2,1,7,surrogate
558,paper1_phaseC_v1,0c9672de35c75a9d,evogrow_v2_2_stage_local,uncapped,false,staged_polynomial_basis_with_constant,3,47,2,1,7,surrogate
559,paper1_phaseC_v1,0c9672de35c75a9d,evogrow_v2_2_stage_capped,capped,false,staged_polynomial_basis_with_constant,3,47,2,2,42,surrogate
560,paper1_phaseC_v1,0c9672de35c75a9d,evogrow_v2_2_stage_local,uncapped,false,staged_polynomial_basis_with_constant,3,47,2,2,42,surrogate
561,paper1_phaseC_v1,0c9672de35c75a9d,evogrow_v2_2_stage_capped,capped,false,staged_polynomial_basis_with_constant,3,47,2,2,123,surrogate
562,paper1_phaseC_v1,0c9672de35c75a9d,evogrow_v2_2_stage_local,uncapped,false,staged_polynomial_basis_with_constant,3,47,2,2,123,surrogate
563,paper1_phaseC_v1,0c9672de35c75a9d,evogrow_v2_2_stage_capped,capped,false,staged_polynomial_basis_with_constant,3,47,2,2,7,surrogate
564,paper1_phaseC_v1,0c9672de35c75a9d,evogrow_v2_2_stage_local,uncapped,false,staged_polynomial_basis_with_constant,3,47,2,2,7,surrogate
565,paper1_phaseC_v1,0c9672de35c75a9d,evogrow_v2_2_stage_capped,capped,false,staged_polynomial_basis_with_constant,3,48,2,1,42,surrogate
566,paper1_phaseC_v1,0c9672de35c75a9d,evogrow_v2_2_stage_local,uncapped,false,staged_polynomial_basis_with_constant,3,48,2,1,42,surrogate
567,paper1_phaseC_v1,0c9672de35c75a9d,evogrow_v2_2_stage_capped,capped,false,staged_polynomial_basis_with_constant,3,48,2,1,123,surrogate
568,paper1_phaseC_v1,0c9672de35c75a9d,evogrow_v2_2_stage_local,uncapped,false,staged_polynomial_basis_with_constant,3,48,2,1,123,surrogate
569,paper1_phaseC_v1,0c9672de35c75a9d,evogrow_v2_2_stage_capped,capped,false,staged_polynomial_basis_with_constant,3,48,2,1,7,surrogate
570,paper1_phaseC_v1,0c9672de35c75a9d,evogrow_v2_2_stage_local,uncapped,false,staged_polynomial_basis_with_constant,3,48,2,1,7,surrogate
571,paper1_phaseC_v1,0c9672de35c75a9d,evogrow_v2_2_stage_capped,capped,false,staged_polynomial_basis_with_constant,3,48,2,2,42,surrogate
572,paper1_phaseC_v1,0c9672de35c75a9d,evogrow_v2_2_stage_local,uncapped,false,staged_polynomial_basis_with_constant,3,48,2,2,42,surrogate
573,paper1_phaseC_v1,0c9672de35c75a9d,evogrow_v2_2_stage_capped,capped,false,staged_polynomial_basis_with_constant,3,48,2,2,123,surrogate
574,paper1_phaseC_v1,0c9672de35c75a9d,evogrow_v2_2_stage_local,uncapped,false,staged_polynomial_basis_with_constant,3,48,2,2,123,surrogate
575,paper1_phaseC_v1,0c9672de35c75a9d,evogrow_v2_2_stage_capped,capped,false,staged_polynomial_basis_with_constant,3,48,2,2,7,surrogate
576,paper1_phaseC_v1,0c9672de35c75a9d,evogrow_v2_2_stage_local,uncapped,false,staged_polynomial_basis_with_constant,3,48,2,2,7,surrogate
577,paper1_phaseC_v1,0c9672de35c75a9d,evogrow_v2_2_stage_capped,capped,false,staged_polynomial_basis_with_constant,3,49,2,1,42,surrogate
578,paper1_phaseC_v1,0c9672de35c75a9d,evogrow_v2_2_stage_local,uncapped,false,staged_polynomial_basis_with_constant,3,49,2,1,42,surrogate
579,paper1_phaseC_v1,0c9672de35c75a9d,evogrow_v2_2_stage_capped,capped,false,staged_polynomial_basis_with_constant,3,49,2,1,123,surrogate
580,paper1_phaseC_v1,0c9672de35c75a9d,evogrow_v2_2_stage_local,uncapped,false,staged_polynomial_basis_with_constant,3,49,2,1,123,surrogate
581,paper1_phaseC_v1,0c9672de35c75a9d,evogrow_v2_2_stage_capped,capped,false,staged_polynomial_basis_with_constant,3,49,2,1,7,surrogate
582,paper1_phaseC_v1,0c9672de35c75a9d,evogrow_v2_2_stage_local,uncapped,false,staged_polynomial_basis_with_constant,3,49,2,1,7,surrogate
583,paper1_phaseC_v1,0c9672de35c75a9d,evogrow_v2_2_stage_capped,capped,false,staged_polynomial_basis_with_constant,3,49,2,2,42,surrogate
584,paper1_phaseC_v1,0c9672de35c75a9d,evogrow_v2_2_stage_local,uncapped,false,staged_polynomial_basis_with_constant,3,49,2,2,42,surrogate
585,paper1_phaseC_v1,0c9672de35c75a9d,evogrow_v2_2_stage_capped,capped,false,staged_polynomial_basis_with_constant,3,49,2,2,123,surrogate
586,paper1_phaseC_v1,0c9672de35c75a9d,evogrow_v2_2_stage_local,uncapped,false,staged_polynomial_basis_with_constant,3,49,2,2,123,surrogate
587,paper1_phaseC_v1,0c9672de35c75a9d,evogrow_v2_2_stage_capped,capped,false,staged_polynomial_basis_with_constant,3,49,2,2,7,surrogate
588,paper1_phaseC_v1,0c9672de35c75a9d,evogrow_v2_2_stage_local,uncapped,false,staged_polynomial_basis_with_constant,3,49,2,2,7,surrogate
589,paper1_phaseC_v1,0c9672de35c75a9d,evogrow_v2_2_stage_capped,capped,false,staged_polynomial_basis_with_constant,3,50,2,1,42,surrogate
590,paper1_phaseC_v1,0c9672de35c75a9d,evogrow_v2_2_stage_local,uncapped,false,staged_polynomial_basis_with_constant,3,50,2,1,42,surrogate
591,paper1_phaseC_v1,0c9672de35c75a9d,evogrow_v2_2_stage_capped,capped,false,staged_polynomial_basis_with_constant,3,50,2,1,123,surrogate
592,paper1_phaseC_v1,0c9672de35c75a9d,evogrow_v2_2_stage_local,uncapped,false,staged_polynomial_basis_with_constant,3,50,2,1,123,surrogate
593,paper1_phaseC_v1,0c9672de35c75a9d,evogrow_v2_2_stage_capped,capped,false,staged_polynomial_basis_with_constant,3,50,2,1,7,surrogate
594,paper1_phaseC_v1,0c9672de35c75a9d,evogrow_v2_2_stage_local,uncapped,false,staged_polynomial_basis_with_constant,3,50,2,1,7,surrogate
595,paper1_phaseC_v1,0c9672de35c75a9d,evogrow_v2_2_stage_capped,capped,false,staged_polynomial_basis_with_constant,3,50,2,2,42,surrogate
596,paper1_phaseC_v1,0c9672de35c75a9d,evogrow_v2_2_stage_local,uncapped,false,staged_polynomial_basis_with_constant,3,50,2,2,42,surrogate
597,paper1_phaseC_v1,0c9672de35c75a9d,evogrow_v2_2_stage_capped,capped,false,staged_polynomial_basis_with_constant,3,50,2,2,123,surrogate
598,paper1_phaseC_v1,0c9672de35c75a9d,evogrow_v2_2_stage_local,uncapped,false,staged_polynomial_basis_with_constant,3,50,2,2,123,surrogate
599,paper1_phaseC_v1,0c9672de35c75a9d,evogrow_v2_2_stage_capped,capped,false,staged_polynomial_basis_with_constant,3,50,2,2,7,surrogate
600,paper1_phaseC_v1,0c9672de35c75a9d,evogrow_v2_2_stage_local,uncapped,false,staged_polynomial_basis_with_constant,3,50,2,2,7,surrogate
601,paper1_phaseC_v1,0c9672de35c75a9d,evogrow_v2_2_stage_capped,capped,false,staged_polynomial_basis_with_constant,3,51,2,1,42,surrogate
602,paper1_phaseC_v1,0c9672de35c75a9d,evogrow_v2_2_stage_local,uncapped,false,staged_polynomial_basis_with_constant,3,51,2,1,42,surrogate
603,paper1_phaseC_v1,0c9672de35c75a9d,evogrow_v2_2_stage_capped,capped,false,staged_polynomial_basis_with_constant,3,51,2,1,123,surrogate
604,paper1_phaseC_v1,0c9672de35c75a9d,evogrow_v2_2_stage_local,uncapped,false,staged_polynomial_basis_with_constant,3,51,2,1,123,surrogate
605,paper1_phaseC_v1,0c9672de35c75a9d,evogrow_v2_2_stage_capped,capped,false,staged_polynomial_basis_with_constant,3,51,2,1,7,surrogate
606,paper1_phaseC_v1,0c9672de35c75a9d,evogrow_v2_2_stage_local,uncapped,false,staged_polynomial_basis_with_constant,3,51,2,1,7,surrogate
607,paper1_phaseC_v1,0c9672de35c75a9d,evogrow_v2_2_stage_capped,capped,false,staged_polynomial_basis_with_constant,3,51,2,2,42,surrogate
608,paper1_phaseC_v1,0c9672de35c75a9d,evogrow_v2_2_stage_local,uncapped,false,staged_polynomial_basis_with_constant,3,51,2,2,42,surrogate
609,paper1_phaseC_v1,0c9672de35c75a9d,evogrow_v2_2_stage_capped,capped,false,staged_polynomial_basis_with_constant,3,51,2,2,123,surrogate
610,paper1_phaseC_v1,0c9672de35c75a9d,evogrow_v2_2_stage_local,uncapped,false,staged_polynomial_basis_with_constant,3,51,2,2,123,surrogate
611,paper1_phaseC_v1,0c9672de35c75a9d,evogrow_v2_2_stage_capped,capped,false,staged_polynomial_basis_with_constant,3,51,2,2,7,surrogate
612,paper1_phaseC_v1,0c9672de35c75a9d,evogrow_v2_2_stage_local,uncapped,false,staged_polynomial_basis_with_constant,3,51,2,2,7,surrogate
613,paper1_phaseC_v1,0c9672de35c75a9d,evogrow_v2_2_stage_capped,capped,false,staged_polynomial_basis_with_constant,3,52,3,1,42,exact
614,paper1_phaseC_v1,0c9672de35c75a9d,evogrow_v2_2_stage_local,uncapped,false,staged_polynomial_basis_with_constant,3,52,3,1,42,exact
615,paper1_phaseC_v1,0c9672de35c75a9d,evogrow_v2_2_stage_capped,capped,false,staged_polynomial_basis_with_constant,3,52,3,1,123,exact
616,paper1_phaseC_v1,0c9672de35c75a9d,evogrow_v2_2_stage_local,uncapped,false,staged_polynomial_basis_with_constant,3,52,3,1,123,exact
617,paper1_phaseC_v1,0c9672de35c75a9d,evogrow_v2_2_stage_capped,capped,false,staged_polynomial_basis_with_constant,3,52,3,1,7,exact
618,paper1_phaseC_v1,0c9672de35c75a9d,evogrow_v2_2_stage_local,uncapped,false,staged_polynomial_basis_with_constant,3,52,3,1,7,exact
619,paper1_phaseC_v1,0c9672de35c75a9d,evogrow_v2_2_stage_capped,capped,false,staged_polynomial_basis_with_constant,3,52,3,2,42,exact
620,paper1_phaseC_v1,0c9672de35c75a9d,evogrow_v2_2_stage_local,uncapped,false,staged_polynomial_basis_with_constant,3,52,3,2,42,exact
621,paper1_phaseC_v1,0c9672de35c75a9d,evogrow_v2_2_stage_capped,capped,false,staged_polynomial_basis_with_constant,3,52,3,2,123,exact
622,paper1_phaseC_v1,0c9672de35c75a9d,evogrow_v2_2_stage_local,uncapped,false,staged_polynomial_basis_with_constant,3,52,3,2,123,exact
623,paper1_phaseC_v1,0c9672de35c75a9d,evogrow_v2_2_stage_capped,capped,false,staged_polynomial_basis_with_constant,3,52,3,2,7,exact
624,paper1_phaseC_v1,0c9672de35c75a9d,evogrow_v2_2_stage_local,uncapped,false,staged_polynomial_basis_with_constant,3,52,3,2,7,exact
625,paper1_phaseC_v1,0c9672de35c75a9d,evogrow_v2_2_stage_capped,capped,false,staged_polynomial_basis_with_constant,3,53,3,1,42,surrogate
626,paper1_phaseC_v1,0c9672de35c75a9d,evogrow_v2_2_stage_local,uncapped,false,staged_polynomial_basis_with_constant,3,53,3,1,42,surrogate
627,paper1_phaseC_v1,0c9672de35c75a9d,evogrow_v2_2_stage_capped,capped,false,staged_polynomial_basis_with_constant,3,53,3,1,123,surrogate
628,paper1_phaseC_v1,0c9672de35c75a9d,evogrow_v2_2_stage_local,uncapped,false,staged_polynomial_basis_with_constant,3,53,3,1,123,surrogate
629,paper1_phaseC_v1,0c9672de35c75a9d,evogrow_v2_2_stage_capped,capped,false,staged_polynomial_basis_with_constant,3,53,3,1,7,surrogate
630,paper1_phaseC_v1,0c9672de35c75a9d,evogrow_v2_2_stage_local,uncapped,false,staged_polynomial_basis_with_constant,3,53,3,1,7,surrogate
631,paper1_phaseC_v1,0c9672de35c75a9d,evogrow_v2_2_stage_capped,capped,false,staged_polynomial_basis_with_constant,3,53,3,2,42,surrogate
632,paper1_phaseC_v1,0c9672de35c75a9d,evogrow_v2_2_stage_local,uncapped,false,staged_polynomial_basis_with_constant,3,53,3,2,42,surrogate
633,paper1_phaseC_v1,0c9672de35c75a9d,evogrow_v2_2_stage_capped,capped,false,staged_polynomial_basis_with_constant,3,53,3,2,123,surrogate
634,paper1_phaseC_v1,0c9672de35c75a9d,evogrow_v2_2_stage_local,uncapped,false,staged_polynomial_basis_with_constant,3,53,3,2,123,surrogate
635,paper1_phaseC_v1,0c9672de35c75a9d,evogrow_v2_2_stage_capped,capped,false,staged_polynomial_basis_with_constant,3,53,3,2,7,surrogate
636,paper1_phaseC_v1,0c9672de35c75a9d,evogrow_v2_2_stage_local,uncapped,false,staged_polynomial_basis_with_constant,3,53,3,2,7,surrogate
637,paper1_phaseC_v1,0c9672de35c75a9d,evogrow_v2_2_stage_capped,capped,false,staged_polynomial_basis_with_constant,3,54,3,1,42,exact
638,paper1_phaseC_v1,0c9672de35c75a9d,evogrow_v2_2_stage_local,uncapped,false,staged_polynomial_basis_with_constant,3,54,3,1,42,exact
639,paper1_phaseC_v1,0c9672de35c75a9d,evogrow_v2_2_stage_capped,capped,false,staged_polynomial_basis_with_constant,3,54,3,1,123,exact
640,paper1_phaseC_v1,0c9672de35c75a9d,evogrow_v2_2_stage_local,uncapped,false,staged_polynomial_basis_with_constant,3,54,3,1,123,exact
641,paper1_phaseC_v1,0c9672de35c75a9d,evogrow_v2_2_stage_capped,capped,false,staged_polynomial_basis_with_constant,3,54,3,1,7,exact
642,paper1_phaseC_v1,0c9672de35c75a9d,evogrow_v2_2_stage_local,uncapped,false,staged_polynomial_basis_with_constant,3,54,3,1,7,exact
643,paper1_phaseC_v1,0c9672de35c75a9d,evogrow_v2_2_stage_capped,capped,false,staged_polynomial_basis_with_constant,3,54,3,2,42,exact
644,paper1_phaseC_v1,0c9672de35c75a9d,evogrow_v2_2_stage_local,uncapped,false,staged_polynomial_basis_with_constant,3,54,3,2,42,exact
645,paper1_phaseC_v1,0c9672de35c75a9d,evogrow_v2_2_stage_capped,capped,false,staged_polynomial_basis_with_constant,3,54,3,2,123,exact
646,paper1_phaseC_v1,0c9672de35c75a9d,evogrow_v2_2_stage_local,uncapped,false,staged_polynomial_basis_with_constant,3,54,3,2,123,exact
647,paper1_phaseC_v1,0c9672de35c75a9d,evogrow_v2_2_stage_capped,capped,false,staged_polynomial_basis_with_constant,3,54,3,2,7,exact
648,paper1_phaseC_v1,0c9672de35c75a9d,evogrow_v2_2_stage_local,uncapped,false,staged_polynomial_basis_with_constant,3,54,3,2,7,exact
649,paper1_phaseC_v1,0c9672de35c75a9d,evogrow_v2_2_stage_capped,capped,false,staged_polynomial_basis_with_constant,3,55,3,1,42,exact
650,paper1_phaseC_v1,0c9672de35c75a9d,evogrow_v2_2_stage_local,uncapped,false,staged_polynomial_basis_with_constant,3,55,3,1,42,exact
651,paper1_phaseC_v1,0c9672de35c75a9d,evogrow_v2_2_stage_capped,capped,false,staged_polynomial_basis_with_constant,3,55,3,1,123,exact
652,paper1_phaseC_v1,0c9672de35c75a9d,evogrow_v2_2_stage_local,uncapped,false,staged_polynomial_basis_with_constant,3,55,3,1,123,exact
653,paper1_phaseC_v1,0c9672de35c75a9d,evogrow_v2_2_stage_capped,capped,false,staged_polynomial_basis_with_constant,3,55,3,1,7,exact
654,paper1_phaseC_v1,0c9672de35c75a9d,evogrow_v2_2_stage_local,uncapped,false,staged_polynomial_basis_with_constant,3,55,3,1,7,exact
655,paper1_phaseC_v1,0c9672de35c75a9d,evogrow_v2_2_stage_capped,capped,false,staged_polynomial_basis_with_constant,3,55,3,2,42,exact
656,paper1_phaseC_v1,0c9672de35c75a9d,evogrow_v2_2_stage_local,uncapped,false,staged_polynomial_basis_with_constant,3,55,3,2,42,exact
657,paper1_phaseC_v1,0c9672de35c75a9d,evogrow_v2_2_stage_capped,capped,false,staged_polynomial_basis_with_constant,3,55,3,2,123,exact
658,paper1_phaseC_v1,0c9672de35c75a9d,evogrow_v2_2_stage_local,uncapped,false,staged_polynomial_basis_with_constant,3,55,3,2,123,exact
659,paper1_phaseC_v1,0c9672de35c75a9d,evogrow_v2_2_stage_capped,capped,false,staged_polynomial_basis_with_constant,3,55,3,2,7,exact
660,paper1_phaseC_v1,0c9672de35c75a9d,evogrow_v2_2_stage_local,uncapped,false,staged_polynomial_basis_with_constant,3,55,3,2,7,exact
661,paper1_phaseC_v1,0c9672de35c75a9d,evogrow_v2_2_stage_capped,capped,false,staged_polynomial_basis_with_constant,3,56,3,1,42,exact
662,paper1_phaseC_v1,0c9672de35c75a9d,evogrow_v2_2_stage_local,uncapped,false,staged_polynomial_basis_with_constant,3,56,3,1,42,exact
663,paper1_phaseC_v1,0c9672de35c75a9d,evogrow_v2_2_stage_capped,capped,false,staged_polynomial_basis_with_constant,3,56,3,1,123,exact
664,paper1_phaseC_v1,0c9672de35c75a9d,evogrow_v2_2_stage_local,uncapped,false,staged_polynomial_basis_with_constant,3,56,3,1,123,exact
665,paper1_phaseC_v1,0c9672de35c75a9d,evogrow_v2_2_stage_capped,capped,false,staged_polynomial_basis_with_constant,3,56,3,1,7,exact
666,paper1_phaseC_v1,0c9672de35c75a9d,evogrow_v2_2_stage_local,uncapped,false,staged_polynomial_basis_with_constant,3,56,3,1,7,exact
667,paper1_phaseC_v1,0c9672de35c75a9d,evogrow_v2_2_stage_capped,capped,false,staged_polynomial_basis_with_constant,3,56,3,2,42,exact
668,paper1_phaseC_v1,0c9672de35c75a9d,evogrow_v2_2_stage_local,uncapped,false,staged_polynomial_basis_with_constant,3,56,3,2,42,exact
669,paper1_phaseC_v1,0c9672de35c75a9d,evogrow_v2_2_stage_capped,capped,false,staged_polynomial_basis_with_constant,3,56,3,2,123,exact
670,paper1_phaseC_v1,0c9672de35c75a9d,evogrow_v2_2_stage_local,uncapped,false,staged_polynomial_basis_with_constant,3,56,3,2,123,exact
671,paper1_phaseC_v1,0c9672de35c75a9d,evogrow_v2_2_stage_capped,capped,false,staged_polynomial_basis_with_constant,3,56,3,2,7,exact
672,paper1_phaseC_v1,0c9672de35c75a9d,evogrow_v2_2_stage_local,uncapped,false,staged_polynomial_basis_with_constant,3,56,3,2,7,exact
673,paper1_phaseC_v1,0c9672de35c75a9d,evogrow_v2_2_stage_capped,capped,false,staged_polynomial_basis_with_constant,3,57,3,1,42,exact
674,paper1_phaseC_v1,0c9672de35c75a9d,evogrow_v2_2_stage_local,uncapped,false,staged_polynomial_basis_with_constant,3,57,3,1,42,exact
675,paper1_phaseC_v1,0c9672de35c75a9d,evogrow_v2_2_stage_capped,capped,false,staged_polynomial_basis_with_constant,3,57,3,1,123,exact
676,paper1_phaseC_v1,0c9672de35c75a9d,evogrow_v2_2_stage_local,uncapped,false,staged_polynomial_basis_with_constant,3,57,3,1,123,exact
677,paper1_phaseC_v1,0c9672de35c75a9d,evogrow_v2_2_stage_capped,capped,false,staged_polynomial_basis_with_constant,3,57,3,1,7,exact
678,paper1_phaseC_v1,0c9672de35c75a9d,evogrow_v2_2_stage_local,uncapped,false,staged_polynomial_basis_with_constant,3,57,3,1,7,exact
679,paper1_phaseC_v1,0c9672de35c75a9d,evogrow_v2_2_stage_capped,capped,false,staged_polynomial_basis_with_constant,3,57,3,2,42,exact
680,paper1_phaseC_v1,0c9672de35c75a9d,evogrow_v2_2_stage_local,uncapped,false,staged_polynomial_basis_with_constant,3,57,3,2,42,exact
681,paper1_phaseC_v1,0c9672de35c75a9d,evogrow_v2_2_stage_capped,capped,false,staged_polynomial_basis_with_constant,3,57,3,2,123,exact
682,paper1_phaseC_v1,0c9672de35c75a9d,evogrow_v2_2_stage_local,uncapped,false,staged_polynomial_basis_with_constant,3,57,3,2,123,exact
683,paper1_phaseC_v1,0c9672de35c75a9d,evogrow_v2_2_stage_capped,capped,false,staged_polynomial_basis_with_constant,3,57,3,2,7,exact
684,paper1_phaseC_v1,0c9672de35c75a9d,evogrow_v2_2_stage_local,uncapped,false,staged_polynomial_basis_with_constant,3,57,3,2,7,exact
685,paper1_phaseC_v1,0c9672de35c75a9d,evogrow_v2_2_stage_capped,capped,false,staged_polynomial_basis_with_constant,3,58,3,1,42,exact
686,paper1_phaseC_v1,0c9672de35c75a9d,evogrow_v2_2_stage_local,uncapped,false,staged_polynomial_basis_with_constant,3,58,3,1,42,exact
687,paper1_phaseC_v1,0c9672de35c75a9d,evogrow_v2_2_stage_capped,capped,false,staged_polynomial_basis_with_constant,3,58,3,1,123,exact
688,paper1_phaseC_v1,0c9672de35c75a9d,evogrow_v2_2_stage_local,uncapped,false,staged_polynomial_basis_with_constant,3,58,3,1,123,exact
689,paper1_phaseC_v1,0c9672de35c75a9d,evogrow_v2_2_stage_capped,capped,false,staged_polynomial_basis_with_constant,3,58,3,1,7,exact
690,paper1_phaseC_v1,0c9672de35c75a9d,evogrow_v2_2_stage_local,uncapped,false,staged_polynomial_basis_with_constant,3,58,3,1,7,exact
691,paper1_phaseC_v1,0c9672de35c75a9d,evogrow_v2_2_stage_capped,capped,false,staged_polynomial_basis_with_constant,3,58,3,2,42,exact
692,paper1_phaseC_v1,0c9672de35c75a9d,evogrow_v2_2_stage_local,uncapped,false,staged_polynomial_basis_with_constant,3,58,3,2,42,exact
693,paper1_phaseC_v1,0c9672de35c75a9d,evogrow_v2_2_stage_capped,capped,false,staged_polynomial_basis_with_constant,3,58,3,2,123,exact
694,paper1_phaseC_v1,0c9672de35c75a9d,evogrow_v2_2_stage_local,uncapped,false,staged_polynomial_basis_with_constant,3,58,3,2,123,exact
695,paper1_phaseC_v1,0c9672de35c75a9d,evogrow_v2_2_stage_capped,capped,false,staged_polynomial_basis_with_constant,3,58,3,2,7,exact
696,paper1_phaseC_v1,0c9672de35c75a9d,evogrow_v2_2_stage_local,uncapped,false,staged_polynomial_basis_with_constant,3,58,3,2,7,exact
697,paper1_phaseC_v1,0c9672de35c75a9d,evogrow_v2_2_stage_capped,capped,false,staged_polynomial_basis_with_constant,3,59,3,1,42,exact
698,paper1_phaseC_v1,0c9672de35c75a9d,evogrow_v2_2_stage_local,uncapped,false,staged_polynomial_basis_with_constant,3,59,3,1,42,exact
699,paper1_phaseC_v1,0c9672de35c75a9d,evogrow_v2_2_stage_capped,capped,false,staged_polynomial_basis_with_constant,3,59,3,1,123,exact
700,paper1_phaseC_v1,0c9672de35c75a9d,evogrow_v2_2_stage_local,uncapped,false,staged_polynomial_basis_with_constant,3,59,3,1,123,exact
701,paper1_phaseC_v1,0c9672de35c75a9d,evogrow_v2_2_stage_capped,capped,false,staged_polynomial_basis_with_constant,3,59,3,1,7,exact
702,paper1_phaseC_v1,0c9672de35c75a9d,evogrow_v2_2_stage_local,uncapped,false,staged_polynomial_basis_with_constant,3,59,3,1,7,exact
703,paper1_phaseC_v1,0c9672de35c75a9d,evogrow_v2_2_stage_capped,capped,false,staged_polynomial_basis_with_constant,3,59,3,2,42,exact
704,paper1_phaseC_v1,0c9672de35c75a9d,evogrow_v2_2_stage_local,uncapped,false,staged_polynomial_basis_with_constant,3,59,3,2,42,exact
705,paper1_phaseC_v1,0c9672de35c75a9d,evogrow_v2_2_stage_capped,capped,false,staged_polynomial_basis_with_constant,3,59,3,2,123,exact
706,paper1_phaseC_v1,0c9672de35c75a9d,evogrow_v2_2_stage_local,uncapped,false,staged_polynomial_basis_with_constant,3,59,3,2,123,exact
707,paper1_phaseC_v1,0c9672de35c75a9d,evogrow_v2_2_stage_capped,capped,false,staged_polynomial_basis_with_constant,3,59,3,2,7,exact
708,paper1_phaseC_v1,0c9672de35c75a9d,evogrow_v2_2_stage_local,uncapped,false,staged_polynomial_basis_with_constant,3,59,3,2,7,exact
709,paper1_phaseC_v1,0c9672de35c75a9d,evogrow_v2_2_stage_capped,capped,false,staged_polynomial_basis_with_constant,3,60,3,1,42,surrogate
710,paper1_phaseC_v1,0c9672de35c75a9d,evogrow_v2_2_stage_local,uncapped,false,staged_polynomial_basis_with_constant,3,60,3,1,42,surrogate
711,paper1_phaseC_v1,0c9672de35c75a9d,evogrow_v2_2_stage_capped,capped,false,staged_polynomial_basis_with_constant,3,60,3,1,123,surrogate
712,paper1_phaseC_v1,0c9672de35c75a9d,evogrow_v2_2_stage_local,uncapped,false,staged_polynomial_basis_with_constant,3,60,3,1,123,surrogate
713,paper1_phaseC_v1,0c9672de35c75a9d,evogrow_v2_2_stage_capped,capped,false,staged_polynomial_basis_with_constant,3,60,3,1,7,surrogate
714,paper1_phaseC_v1,0c9672de35c75a9d,evogrow_v2_2_stage_local,uncapped,false,staged_polynomial_basis_with_constant,3,60,3,1,7,surrogate
715,paper1_phaseC_v1,0c9672de35c75a9d,evogrow_v2_2_stage_capped,capped,false,staged_polynomial_basis_with_constant,3,60,3,2,42,surrogate
716,paper1_phaseC_v1,0c9672de35c75a9d,evogrow_v2_2_stage_local,uncapped,false,staged_polynomial_basis_with_constant,3,60,3,2,42,surrogate
717,paper1_phaseC_v1,0c9672de35c75a9d,evogrow_v2_2_stage_capped,capped,false,staged_polynomial_basis_with_constant,3,60,3,2,123,surrogate
718,paper1_phaseC_v1,0c9672de35c75a9d,evogrow_v2_2_stage_local,uncapped,false,staged_polynomial_basis_with_constant,3,60,3,2,123,surrogate
719,paper1_phaseC_v1,0c9672de35c75a9d,evogrow_v2_2_stage_capped,capped,false,staged_polynomial_basis_with_constant,3,60,3,2,7,surrogate
720,paper1_phaseC_v1,0c9672de35c75a9d,evogrow_v2_2_stage_local,uncapped,false,staged_polynomial_basis_with_constant,3,60,3,2,7,surrogate
721,paper1_phaseC_v1,0c9672de35c75a9d,evogrow_v2_2_stage_capped,capped,false,staged_polynomial_basis_with_constant,3,61,3,1,42,exact
722,paper1_phaseC_v1,0c9672de35c75a9d,evogrow_v2_2_stage_local,uncapped,false,staged_polynomial_basis_with_constant,3,61,3,1,42,exact
723,paper1_phaseC_v1,0c9672de35c75a9d,evogrow_v2_2_stage_capped,capped,false,staged_polynomial_basis_with_constant,3,61,3,1,123,exact
724,paper1_phaseC_v1,0c9672de35c75a9d,evogrow_v2_2_stage_local,uncapped,false,staged_polynomial_basis_with_constant,3,61,3,1,123,exact
725,paper1_phaseC_v1,0c9672de35c75a9d,evogrow_v2_2_stage_capped,capped,false,staged_polynomial_basis_with_constant,3,61,3,1,7,exact
726,paper1_phaseC_v1,0c9672de35c75a9d,evogrow_v2_2_stage_local,uncapped,false,staged_polynomial_basis_with_constant,3,61,3,1,7,exact
727,paper1_phaseC_v1,0c9672de35c75a9d,evogrow_v2_2_stage_capped,capped,false,staged_polynomial_basis_with_constant,3,61,3,2,42,exact
728,paper1_phaseC_v1,0c9672de35c75a9d,evogrow_v2_2_stage_local,uncapped,false,staged_polynomial_basis_with_constant,3,61,3,2,42,exact
729,paper1_phaseC_v1,0c9672de35c75a9d,evogrow_v2_2_stage_capped,capped,false,staged_polynomial_basis_with_constant,3,61,3,2,123,exact
730,paper1_phaseC_v1,0c9672de35c75a9d,evogrow_v2_2_stage_local,uncapped,false,staged_polynomial_basis_with_constant,3,61,3,2,123,exact
731,paper1_phaseC_v1,0c9672de35c75a9d,evogrow_v2_2_stage_capped,capped,false,staged_polynomial_basis_with_constant,3,61,3,2,7,exact
732,paper1_phaseC_v1,0c9672de35c75a9d,evogrow_v2_2_stage_local,uncapped,false,staged_polynomial_basis_with_constant,3,61,3,2,7,exact
733,paper1_phaseC_v1,0c9672de35c75a9d,evogrow_v2_2_stage_capped,capped,false,staged_polynomial_basis_with_constant,3,62,4,1,42,surrogate
734,paper1_phaseC_v1,0c9672de35c75a9d,evogrow_v2_2_stage_local,uncapped,false,staged_polynomial_basis_with_constant,3,62,4,1,42,surrogate
735,paper1_phaseC_v1,0c9672de35c75a9d,evogrow_v2_2_stage_capped,capped,false,staged_polynomial_basis_with_constant,3,62,4,1,123,surrogate
736,paper1_phaseC_v1,0c9672de35c75a9d,evogrow_v2_2_stage_local,uncapped,false,staged_polynomial_basis_with_constant,3,62,4,1,123,surrogate
737,paper1_phaseC_v1,0c9672de35c75a9d,evogrow_v2_2_stage_capped,capped,false,staged_polynomial_basis_with_constant,3,62,4,1,7,surrogate
738,paper1_phaseC_v1,0c9672de35c75a9d,evogrow_v2_2_stage_local,uncapped,false,staged_polynomial_basis_with_constant,3,62,4,1,7,surrogate
739,paper1_phaseC_v1,0c9672de35c75a9d,evogrow_v2_2_stage_capped,capped,false,staged_polynomial_basis_with_constant,3,62,4,2,42,surrogate
740,paper1_phaseC_v1,0c9672de35c75a9d,evogrow_v2_2_stage_local,uncapped,false,staged_polynomial_basis_with_constant,3,62,4,2,42,surrogate
741,paper1_phaseC_v1,0c9672de35c75a9d,evogrow_v2_2_stage_capped,capped,false,staged_polynomial_basis_with_constant,3,62,4,2,123,surrogate
742,paper1_phaseC_v1,0c9672de35c75a9d,evogrow_v2_2_stage_local,uncapped,false,staged_polynomial_basis_with_constant,3,62,4,2,123,surrogate
743,paper1_phaseC_v1,0c9672de35c75a9d,evogrow_v2_2_stage_capped,capped,false,staged_polynomial_basis_with_constant,3,62,4,2,7,surrogate
744,paper1_phaseC_v1,0c9672de35c75a9d,evogrow_v2_2_stage_local,uncapped,false,staged_polynomial_basis_with_constant,3,62,4,2,7,surrogate
745,paper1_phaseC_v1,0c9672de35c75a9d,evogrow_v2_2_stage_capped,capped,false,staged_polynomial_basis_with_constant,3,63,4,1,42,exact
746,paper1_phaseC_v1,0c9672de35c75a9d,evogrow_v2_2_stage_local,uncapped,false,staged_polynomial_basis_with_constant,3,63,4,1,42,exact
747,paper1_phaseC_v1,0c9672de35c75a9d,evogrow_v2_2_stage_capped,capped,false,staged_polynomial_basis_with_constant,3,63,4,1,123,exact
748,paper1_phaseC_v1,0c9672de35c75a9d,evogrow_v2_2_stage_local,uncapped,false,staged_polynomial_basis_with_constant,3,63,4,1,123,exact
749,paper1_phaseC_v1,0c9672de35c75a9d,evogrow_v2_2_stage_capped,capped,false,staged_polynomial_basis_with_constant,3,63,4,1,7,exact
750,paper1_phaseC_v1,0c9672de35c75a9d,evogrow_v2_2_stage_local,uncapped,false,staged_polynomial_basis_with_constant,3,63,4,1,7,exact
751,paper1_phaseC_v1,0c9672de35c75a9d,evogrow_v2_2_stage_capped,capped,false,staged_polynomial_basis_with_constant,3,63,4,2,42,exact
752,paper1_phaseC_v1,0c9672de35c75a9d,evogrow_v2_2_stage_local,uncapped,false,staged_polynomial_basis_with_constant,3,63,4,2,42,exact
753,paper1_phaseC_v1,0c9672de35c75a9d,evogrow_v2_2_stage_capped,capped,false,staged_polynomial_basis_with_constant,3,63,4,2,123,exact
754,paper1_phaseC_v1,0c9672de35c75a9d,evogrow_v2_2_stage_local,uncapped,false,staged_polynomial_basis_with_constant,3,63,4,2,123,exact
755,paper1_phaseC_v1,0c9672de35c75a9d,evogrow_v2_2_stage_capped,capped,false,staged_polynomial_basis_with_constant,3,63,4,2,7,exact
756,paper1_phaseC_v1,0c9672de35c75a9d,evogrow_v2_2_stage_local,uncapped,false,staged_polynomial_basis_with_constant,3,63,4,2,7,exact
757,paper1_phaseC_v1,0c9672de35c75a9d,evogrow_v2_2_stage_capped_pretune_on,pretune_on,true,staged_polynomial_basis_with_constant,3,1,1,1,42,exact
758,paper1_phaseC_v1,0c9672de35c75a9d,evogrow_v2_2_stage_capped_pretune_on,pretune_on,true,staged_polynomial_basis_with_constant,3,1,1,1,123,exact
759,paper1_phaseC_v1,0c9672de35c75a9d,evogrow_v2_2_stage_capped_pretune_on,pretune_on,true,staged_polynomial_basis_with_constant,3,1,1,1,7,exact
760,paper1_phaseC_v1,0c9672de35c75a9d,evogrow_v2_2_stage_capped_pretune_on,pretune_on,true,staged_polynomial_basis_with_constant,3,1,1,2,42,exact
761,paper1_phaseC_v1,0c9672de35c75a9d,evogrow_v2_2_stage_capped_pretune_on,pretune_on,true,staged_polynomial_basis_with_constant,3,1,1,2,123,exact
762,paper1_phaseC_v1,0c9672de35c75a9d,evogrow_v2_2_stage_capped_pretune_on,pretune_on,true,staged_polynomial_basis_with_constant,3,1,1,2,7,exact
763,paper1_phaseC_v1,0c9672de35c75a9d,evogrow_v2_2_stage_capped_pretune_on,pretune_on,true,staged_polynomial_basis_with_constant,3,2,1,1,42,exact
764,paper1_phaseC_v1,0c9672de35c75a9d,evogrow_v2_2_stage_capped_pretune_on,pretune_on,true,staged_polynomial_basis_with_constant,3,2,1,1,123,exact
765,paper1_phaseC_v1,0c9672de35c75a9d,evogrow_v2_2_stage_capped_pretune_on,pretune_on,true,staged_polynomial_basis_with_constant,3,2,1,1,7,exact
766,paper1_phaseC_v1,0c9672de35c75a9d,evogrow_v2_2_stage_capped_pretune_on,pretune_on,true,staged_polynomial_basis_with_constant,3,2,1,2,42,exact
767,paper1_phaseC_v1,0c9672de35c75a9d,evogrow_v2_2_stage_capped_pretune_on,pretune_on,true,staged_polynomial_basis_with_constant,3,2,1,2,123,exact
768,paper1_phaseC_v1,0c9672de35c75a9d,evogrow_v2_2_stage_capped_pretune_on,pretune_on,true,staged_polynomial_basis_with_constant,3,2,1,2,7,exact
769,paper1_phaseC_v1,0c9672de35c75a9d,evogrow_v2_2_stage_capped_pretune_on,pretune_on,true,staged_polynomial_basis_with_constant,3,3,1,1,42,exact
770,paper1_phaseC_v1,0c9672de35c75a9d,evogrow_v2_2_stage_capped_pretune_on,pretune_on,true,staged_polynomial_basis_with_constant,3,3,1,1,123,exact
771,paper1_phaseC_v1,0c9672de35c75a9d,evogrow_v2_2_stage_capped_pretune_on,pretune_on,true,staged_polynomial_basis_with_constant,3,3,1,1,7,exact
772,paper1_phaseC_v1,0c9672de35c75a9d,evogrow_v2_2_stage_capped_pretune_on,pretune_on,true,staged_polynomial_basis_with_constant,3,3,1,2,42,exact
773,paper1_phaseC_v1,0c9672de35c75a9d,evogrow_v2_2_stage_capped_pretune_on,pretune_on,true,staged_polynomial_basis_with_constant,3,3,1,2,123,exact
774,paper1_phaseC_v1,0c9672de35c75a9d,evogrow_v2_2_stage_capped_pretune_on,pretune_on,true,staged_polynomial_basis_with_constant,3,3,1,2,7,exact
775,paper1_phaseC_v1,0c9672de35c75a9d,evogrow_v2_2_stage_capped_pretune_on,pretune_on,true,staged_polynomial_basis_with_constant,3,5,1,1,42,exact
776,paper1_phaseC_v1,0c9672de35c75a9d,evogrow_v2_2_stage_capped_pretune_on,pretune_on,true,staged_polynomial_basis_with_constant,3,5,1,1,123,exact
777,paper1_phaseC_v1,0c9672de35c75a9d,evogrow_v2_2_stage_capped_pretune_on,pretune_on,true,staged_polynomial_basis_with_constant,3,5,1,1,7,exact
778,paper1_phaseC_v1,0c9672de35c75a9d,evogrow_v2_2_stage_capped_pretune_on,pretune_on,true,staged_polynomial_basis_with_constant,3,5,1,2,42,exact
779,paper1_phaseC_v1,0c9672de35c75a9d,evogrow_v2_2_stage_capped_pretune_on,pretune_on,true,staged_polynomial_basis_with_constant,3,5,1,2,123,exact
780,paper1_phaseC_v1,0c9672de35c75a9d,evogrow_v2_2_stage_capped_pretune_on,pretune_on,true,staged_polynomial_basis_with_constant,3,5,1,2,7,exact
781,paper1_phaseC_v1,0c9672de35c75a9d,evogrow_v2_2_stage_capped_pretune_on,pretune_on,true,staged_polynomial_basis_with_constant,3,6,1,1,42,exact
782,paper1_phaseC_v1,0c9672de35c75a9d,evogrow_v2_2_stage_capped_pretune_on,pretune_on,true,staged_polynomial_basis_with_constant,3,6,1,1,123,exact
783,paper1_phaseC_v1,0c9672de35c75a9d,evogrow_v2_2_stage_capped_pretune_on,pretune_on,true,staged_polynomial_basis_with_constant,3,6,1,1,7,exact
784,paper1_phaseC_v1,0c9672de35c75a9d,evogrow_v2_2_stage_capped_pretune_on,pretune_on,true,staged_polynomial_basis_with_constant,3,6,1,2,42,exact
785,paper1_phaseC_v1,0c9672de35c75a9d,evogrow_v2_2_stage_capped_pretune_on,pretune_on,true,staged_polynomial_basis_with_constant,3,6,1,2,123,exact
786,paper1_phaseC_v1,0c9672de35c75a9d,evogrow_v2_2_stage_capped_pretune_on,pretune_on,true,staged_polynomial_basis_with_constant,3,6,1,2,7,exact
787,paper1_phaseC_v1,0c9672de35c75a9d,evogrow_v2_2_stage_capped_pretune_on,pretune_on,true,staged_polynomial_basis_with_constant,3,8,1,1,42,exact
788,paper1_phaseC_v1,0c9672de35c75a9d,evogrow_v2_2_stage_capped_pretune_on,pretune_on,true,staged_polynomial_basis_with_constant,3,8,1,1,123,exact
789,paper1_phaseC_v1,0c9672de35c75a9d,evogrow_v2_2_stage_capped_pretune_on,pretune_on,true,staged_polynomial_basis_with_constant,3,8,1,1,7,exact
790,paper1_phaseC_v1,0c9672de35c75a9d,evogrow_v2_2_stage_capped_pretune_on,pretune_on,true,staged_polynomial_basis_with_constant,3,8,1,2,42,exact
791,paper1_phaseC_v1,0c9672de35c75a9d,evogrow_v2_2_stage_capped_pretune_on,pretune_on,true,staged_polynomial_basis_with_constant,3,8,1,2,123,exact
792,paper1_phaseC_v1,0c9672de35c75a9d,evogrow_v2_2_stage_capped_pretune_on,pretune_on,true,staged_polynomial_basis_with_constant,3,8,1,2,7,exact
793,paper1_phaseC_v1,0c9672de35c75a9d,evogrow_v2_2_stage_capped_pretune_on,pretune_on,true,staged_polynomial_basis_with_constant,3,9,1,1,42,exact
794,paper1_phaseC_v1,0c9672de35c75a9d,evogrow_v2_2_stage_capped_pretune_on,pretune_on,true,staged_polynomial_basis_with_constant,3,9,1,1,123,exact
795,paper1_phaseC_v1,0c9672de35c75a9d,evogrow_v2_2_stage_capped_pretune_on,pretune_on,true,staged_polynomial_basis_with_constant,3,9,1,1,7,exact
796,paper1_phaseC_v1,0c9672de35c75a9d,evogrow_v2_2_stage_capped_pretune_on,pretune_on,true,staged_polynomial_basis_with_constant,3,9,1,2,42,exact
797,paper1_phaseC_v1,0c9672de35c75a9d,evogrow_v2_2_stage_capped_pretune_on,pretune_on,true,staged_polynomial_basis_with_constant,3,9,1,2,123,exact
798,paper1_phaseC_v1,0c9672de35c75a9d,evogrow_v2_2_stage_capped_pretune_on,pretune_on,true,staged_polynomial_basis_with_constant,3,9,1,2,7,exact
799,paper1_phaseC_v1,0c9672de35c75a9d,evogrow_v2_2_stage_capped_pretune_on,pretune_on,true,staged_polynomial_basis_with_constant,3,11,1,1,42,exact
800,paper1_phaseC_v1,0c9672de35c75a9d,evogrow_v2_2_stage_capped_pretune_on,pretune_on,true,staged_polynomial_basis_with_constant,3,11,1,1,123,exact
801,paper1_phaseC_v1,0c9672de35c75a9d,evogrow_v2_2_stage_capped_pretune_on,pretune_on,true,staged_polynomial_basis_with_constant,3,11,1,1,7,exact
802,paper1_phaseC_v1,0c9672de35c75a9d,evogrow_v2_2_stage_capped_pretune_on,pretune_on,true,staged_polynomial_basis_with_constant,3,11,1,2,42,exact
803,paper1_phaseC_v1,0c9672de35c75a9d,evogrow_v2_2_stage_capped_pretune_on,pretune_on,true,staged_polynomial_basis_with_constant,3,11,1,2,123,exact
804,paper1_phaseC_v1,0c9672de35c75a9d,evogrow_v2_2_stage_capped_pretune_on,pretune_on,true,staged_polynomial_basis_with_constant,3,11,1,2,7,exact
805,paper1_phaseC_v1,0c9672de35c75a9d,evogrow_v2_2_stage_capped_pretune_on,pretune_on,true,staged_polynomial_basis_with_constant,3,12,1,1,42,exact
806,paper1_phaseC_v1,0c9672de35c75a9d,evogrow_v2_2_stage_capped_pretune_on,pretune_on,true,staged_polynomial_basis_with_constant,3,12,1,1,123,exact
807,paper1_phaseC_v1,0c9672de35c75a9d,evogrow_v2_2_stage_capped_pretune_on,pretune_on,true,staged_polynomial_basis_with_constant,3,12,1,1,7,exact
808,paper1_phaseC_v1,0c9672de35c75a9d,evogrow_v2_2_stage_capped_pretune_on,pretune_on,true,staged_polynomial_basis_with_constant,3,12,1,2,42,exact
809,paper1_phaseC_v1,0c9672de35c75a9d,evogrow_v2_2_stage_capped_pretune_on,pretune_on,true,staged_polynomial_basis_with_constant,3,12,1,2,123,exact
810,paper1_phaseC_v1,0c9672de35c75a9d,evogrow_v2_2_stage_capped_pretune_on,pretune_on,true,staged_polynomial_basis_with_constant,3,12,1,2,7,exact
811,paper1_phaseC_v1,0c9672de35c75a9d,evogrow_v2_2_stage_capped_pretune_on,pretune_on,true,staged_polynomial_basis_with_constant,3,17,1,1,42,exact
812,paper1_phaseC_v1,0c9672de35c75a9d,evogrow_v2_2_stage_capped_pretune_on,pretune_on,true,staged_polynomial_basis_with_constant,3,17,1,1,123,exact
813,paper1_phaseC_v1,0c9672de35c75a9d,evogrow_v2_2_stage_capped_pretune_on,pretune_on,true,staged_polynomial_basis_with_constant,3,17,1,1,7,exact
814,paper1_phaseC_v1,0c9672de35c75a9d,evogrow_v2_2_stage_capped_pretune_on,pretune_on,true,staged_polynomial_basis_with_constant,3,17,1,2,42,exact
815,paper1_phaseC_v1,0c9672de35c75a9d,evogrow_v2_2_stage_capped_pretune_on,pretune_on,true,staged_polynomial_basis_with_constant,3,17,1,2,123,exact
816,paper1_phaseC_v1,0c9672de35c75a9d,evogrow_v2_2_stage_capped_pretune_on,pretune_on,true,staged_polynomial_basis_with_constant,3,17,1,2,7,exact
817,paper1_phaseC_v1,0c9672de35c75a9d,evogrow_v2_2_stage_capped_pretune_on,pretune_on,true,staged_polynomial_basis_with_constant,3,23,1,1,42,exact
818,paper1_phaseC_v1,0c9672de35c75a9d,evogrow_v2_2_stage_capped_pretune_on,pretune_on,true,staged_polynomial_basis_with_constant,3,23,1,1,123,exact
819,paper1_phaseC_v1,0c9672de35c75a9d,evogrow_v2_2_stage_capped_pretune_on,pretune_on,true,staged_polynomial_basis_with_constant,3,23,1,1,7,exact
820,paper1_phaseC_v1,0c9672de35c75a9d,evogrow_v2_2_stage_capped_pretune_on,pretune_on,true,staged_polynomial_basis_with_constant,3,23,1,2,42,exact
821,paper1_phaseC_v1,0c9672de35c75a9d,evogrow_v2_2_stage_capped_pretune_on,pretune_on,true,staged_polynomial_basis_with_constant,3,23,1,2,123,exact
822,paper1_phaseC_v1,0c9672de35c75a9d,evogrow_v2_2_stage_capped_pretune_on,pretune_on,true,staged_polynomial_basis_with_constant,3,23,1,2,7,exact
823,paper1_phaseC_v1,0c9672de35c75a9d,evogrow_v2_2_stage_capped_pretune_on,pretune_on,true,staged_polynomial_basis_with_constant,3,24,2,1,42,exact
824,paper1_phaseC_v1,0c9672de35c75a9d,evogrow_v2_2_stage_capped_pretune_on,pretune_on,true,staged_polynomial_basis_with_constant,3,24,2,1,123,exact
825,paper1_phaseC_v1,0c9672de35c75a9d,evogrow_v2_2_stage_capped_pretune_on,pretune_on,true,staged_polynomial_basis_with_constant,3,24,2,1,7,exact
826,paper1_phaseC_v1,0c9672de35c75a9d,evogrow_v2_2_stage_capped_pretune_on,pretune_on,true,staged_polynomial_basis_with_constant,3,24,2,2,42,exact
827,paper1_phaseC_v1,0c9672de35c75a9d,evogrow_v2_2_stage_capped_pretune_on,pretune_on,true,staged_polynomial_basis_with_constant,3,24,2,2,123,exact
828,paper1_phaseC_v1,0c9672de35c75a9d,evogrow_v2_2_stage_capped_pretune_on,pretune_on,true,staged_polynomial_basis_with_constant,3,24,2,2,7,exact
829,paper1_phaseC_v1,0c9672de35c75a9d,evogrow_v2_2_stage_capped_pretune_on,pretune_on,true,staged_polynomial_basis_with_constant,3,25,2,1,42,exact
830,paper1_phaseC_v1,0c9672de35c75a9d,evogrow_v2_2_stage_capped_pretune_on,pretune_on,true,staged_polynomial_basis_with_constant,3,25,2,1,123,exact
831,paper1_phaseC_v1,0c9672de35c75a9d,evogrow_v2_2_stage_capped_pretune_on,pretune_on,true,staged_polynomial_basis_with_constant,3,25,2,1,7,exact
832,paper1_phaseC_v1,0c9672de35c75a9d,evogrow_v2_2_stage_capped_pretune_on,pretune_on,true,staged_polynomial_basis_with_constant,3,25,2,2,42,exact
833,paper1_phaseC_v1,0c9672de35c75a9d,evogrow_v2_2_stage_capped_pretune_on,pretune_on,true,staged_polynomial_basis_with_constant,3,25,2,2,123,exact
834,paper1_phaseC_v1,0c9672de35c75a9d,evogrow_v2_2_stage_capped_pretune_on,pretune_on,true,staged_polynomial_basis_with_constant,3,25,2,2,7,exact
835,paper1_phaseC_v1,0c9672de35c75a9d,evogrow_v2_2_stage_capped_pretune_on,pretune_on,true,staged_polynomial_basis_with_constant,3,26,2,1,42,exact
836,paper1_phaseC_v1,0c9672de35c75a9d,evogrow_v2_2_stage_capped_pretune_on,pretune_on,true,staged_polynomial_basis_with_constant,3,26,2,1,123,exact
837,paper1_phaseC_v1,0c9672de35c75a9d,evogrow_v2_2_stage_capped_pretune_on,pretune_on,true,staged_polynomial_basis_with_constant,3,26,2,1,7,exact
838,paper1_phaseC_v1,0c9672de35c75a9d,evogrow_v2_2_stage_capped_pretune_on,pretune_on,true,staged_polynomial_basis_with_constant,3,26,2,2,42,exact
839,paper1_phaseC_v1,0c9672de35c75a9d,evogrow_v2_2_stage_capped_pretune_on,pretune_on,true,staged_polynomial_basis_with_constant,3,26,2,2,123,exact
840,paper1_phaseC_v1,0c9672de35c75a9d,evogrow_v2_2_stage_capped_pretune_on,pretune_on,true,staged_polynomial_basis_with_constant,3,26,2,2,7,exact
841,paper1_phaseC_v1,0c9672de35c75a9d,evogrow_v2_2_stage_capped_pretune_on,pretune_on,true,staged_polynomial_basis_with_constant,3,27,2,1,42,exact
842,paper1_phaseC_v1,0c9672de35c75a9d,evogrow_v2_2_stage_capped_pretune_on,pretune_on,true,staged_polynomial_basis_with_constant,3,27,2,1,123,exact
843,paper1_phaseC_v1,0c9672de35c75a9d,evogrow_v2_2_stage_capped_pretune_on,pretune_on,true,staged_polynomial_basis_with_constant,3,27,2,1,7,exact
844,paper1_phaseC_v1,0c9672de35c75a9d,evogrow_v2_2_stage_capped_pretune_on,pretune_on,true,staged_polynomial_basis_with_constant,3,27,2,2,42,exact
845,paper1_phaseC_v1,0c9672de35c75a9d,evogrow_v2_2_stage_capped_pretune_on,pretune_on,true,staged_polynomial_basis_with_constant,3,27,2,2,123,exact
846,paper1_phaseC_v1,0c9672de35c75a9d,evogrow_v2_2_stage_capped_pretune_on,pretune_on,true,staged_polynomial_basis_with_constant,3,27,2,2,7,exact
847,paper1_phaseC_v1,0c9672de35c75a9d,evogrow_v2_2_stage_capped_pretune_on,pretune_on,true,staged_polynomial_basis_with_constant,3,28,2,1,42,exact
848,paper1_phaseC_v1,0c9672de35c75a9d,evogrow_v2_2_stage_capped_pretune_on,pretune_on,true,staged_polynomial_basis_with_constant,3,28,2,1,123,exact
849,paper1_phaseC_v1,0c9672de35c75a9d,evogrow_v2_2_stage_capped_pretune_on,pretune_on,true,staged_polynomial_basis_with_constant,3,28,2,1,7,exact
850,paper1_phaseC_v1,0c9672de35c75a9d,evogrow_v2_2_stage_capped_pretune_on,pretune_on,true,staged_polynomial_basis_with_constant,3,28,2,2,42,exact
851,paper1_phaseC_v1,0c9672de35c75a9d,evogrow_v2_2_stage_capped_pretune_on,pretune_on,true,staged_polynomial_basis_with_constant,3,28,2,2,123,exact
852,paper1_phaseC_v1,0c9672de35c75a9d,evogrow_v2_2_stage_capped_pretune_on,pretune_on,true,staged_polynomial_basis_with_constant,3,28,2,2,7,exact
853,paper1_phaseC_v1,0c9672de35c75a9d,evogrow_v2_2_stage_capped_pretune_on,pretune_on,true,staged_polynomial_basis_with_constant,3,29,2,1,42,exact
854,paper1_phaseC_v1,0c9672de35c75a9d,evogrow_v2_2_stage_capped_pretune_on,pretune_on,true,staged_polynomial_basis_with_constant,3,29,2,1,123,exact
855,paper1_phaseC_v1,0c9672de35c75a9d,evogrow_v2_2_stage_capped_pretune_on,pretune_on,true,staged_polynomial_basis_with_constant,3,29,2,1,7,exact
856,paper1_phaseC_v1,0c9672de35c75a9d,evogrow_v2_2_stage_capped_pretune_on,pretune_on,true,staged_polynomial_basis_with_constant,3,29,2,2,42,exact
857,paper1_phaseC_v1,0c9672de35c75a9d,evogrow_v2_2_stage_capped_pretune_on,pretune_on,true,staged_polynomial_basis_with_constant,3,29,2,2,123,exact
858,paper1_phaseC_v1,0c9672de35c75a9d,evogrow_v2_2_stage_capped_pretune_on,pretune_on,true,staged_polynomial_basis_with_constant,3,29,2,2,7,exact
859,paper1_phaseC_v1,0c9672de35c75a9d,evogrow_v2_2_stage_capped_pretune_on,pretune_on,true,staged_polynomial_basis_with_constant,3,31,2,1,42,exact
860,paper1_phaseC_v1,0c9672de35c75a9d,evogrow_v2_2_stage_capped_pretune_on,pretune_on,true,staged_polynomial_basis_with_constant,3,31,2,1,123,exact
861,paper1_phaseC_v1,0c9672de35c75a9d,evogrow_v2_2_stage_capped_pretune_on,pretune_on,true,staged_polynomial_basis_with_constant,3,31,2,1,7,exact
862,paper1_phaseC_v1,0c9672de35c75a9d,evogrow_v2_2_stage_capped_pretune_on,pretune_on,true,staged_polynomial_basis_with_constant,3,31,2,2,42,exact
863,paper1_phaseC_v1,0c9672de35c75a9d,evogrow_v2_2_stage_capped_pretune_on,pretune_on,true,staged_polynomial_basis_with_constant,3,31,2,2,123,exact
864,paper1_phaseC_v1,0c9672de35c75a9d,evogrow_v2_2_stage_capped_pretune_on,pretune_on,true,staged_polynomial_basis_with_constant,3,31,2,2,7,exact
865,paper1_phaseC_v1,0c9672de35c75a9d,evogrow_v2_2_stage_capped_pretune_on,pretune_on,true,staged_polynomial_basis_with_constant,3,32,2,1,42,exact
866,paper1_phaseC_v1,0c9672de35c75a9d,evogrow_v2_2_stage_capped_pretune_on,pretune_on,true,staged_polynomial_basis_with_constant,3,32,2,1,123,exact
867,paper1_phaseC_v1,0c9672de35c75a9d,evogrow_v2_2_stage_capped_pretune_on,pretune_on,true,staged_polynomial_basis_with_constant,3,32,2,1,7,exact
868,paper1_phaseC_v1,0c9672de35c75a9d,evogrow_v2_2_stage_capped_pretune_on,pretune_on,true,staged_polynomial_basis_with_constant,3,32,2,2,42,exact
869,paper1_phaseC_v1,0c9672de35c75a9d,evogrow_v2_2_stage_capped_pretune_on,pretune_on,true,staged_polynomial_basis_with_constant,3,32,2,2,123,exact
870,paper1_phaseC_v1,0c9672de35c75a9d,evogrow_v2_2_stage_capped_pretune_on,pretune_on,true,staged_polynomial_basis_with_constant,3,32,2,2,7,exact
871,paper1_phaseC_v1,0c9672de35c75a9d,evogrow_v2_2_stage_capped_pretune_on,pretune_on,true,staged_polynomial_basis_with_constant,3,38,2,1,42,exact
872,paper1_phaseC_v1,0c9672de35c75a9d,evogrow_v2_2_stage_capped_pretune_on,pretune_on,true,staged_polynomial_basis_with_constant,3,38,2,1,123,exact
873,paper1_phaseC_v1,0c9672de35c75a9d,evogrow_v2_2_stage_capped_pretune_on,pretune_on,true,staged_polynomial_basis_with_constant,3,38,2,1,7,exact
874,paper1_phaseC_v1,0c9672de35c75a9d,evogrow_v2_2_stage_capped_pretune_on,pretune_on,true,staged_polynomial_basis_with_constant,3,38,2,2,42,exact
875,paper1_phaseC_v1,0c9672de35c75a9d,evogrow_v2_2_stage_capped_pretune_on,pretune_on,true,staged_polynomial_basis_with_constant,3,38,2,2,123,exact
876,paper1_phaseC_v1,0c9672de35c75a9d,evogrow_v2_2_stage_capped_pretune_on,pretune_on,true,staged_polynomial_basis_with_constant,3,38,2,2,7,exact
877,paper1_phaseC_v1,0c9672de35c75a9d,evogrow_v2_2_stage_capped_pretune_on,pretune_on,true,staged_polynomial_basis_with_constant,3,43,2,1,42,exact
878,paper1_phaseC_v1,0c9672de35c75a9d,evogrow_v2_2_stage_capped_pretune_on,pretune_on,true,staged_polynomial_basis_with_constant,3,43,2,1,123,exact
879,paper1_phaseC_v1,0c9672de35c75a9d,evogrow_v2_2_stage_capped_pretune_on,pretune_on,true,staged_polynomial_basis_with_constant,3,43,2,1,7,exact
880,paper1_phaseC_v1,0c9672de35c75a9d,evogrow_v2_2_stage_capped_pretune_on,pretune_on,true,staged_polynomial_basis_with_constant,3,43,2,2,42,exact
881,paper1_phaseC_v1,0c9672de35c75a9d,evogrow_v2_2_stage_capped_pretune_on,pretune_on,true,staged_polynomial_basis_with_constant,3,43,2,2,123,exact
882,paper1_phaseC_v1,0c9672de35c75a9d,evogrow_v2_2_stage_capped_pretune_on,pretune_on,true,staged_polynomial_basis_with_constant,3,43,2,2,7,exact
883,paper1_phaseC_v1,0c9672de35c75a9d,evogrow_v2_2_stage_capped_pretune_on,pretune_on,true,staged_polynomial_basis_with_constant,3,52,3,1,42,exact
884,paper1_phaseC_v1,0c9672de35c75a9d,evogrow_v2_2_stage_capped_pretune_on,pretune_on,true,staged_polynomial_basis_with_constant,3,52,3,1,123,exact
885,paper1_phaseC_v1,0c9672de35c75a9d,evogrow_v2_2_stage_capped_pretune_on,pretune_on,true,staged_polynomial_basis_with_constant,3,52,3,1,7,exact
886,paper1_phaseC_v1,0c9672de35c75a9d,evogrow_v2_2_stage_capped_pretune_on,pretune_on,true,staged_polynomial_basis_with_constant,3,52,3,2,42,exact
887,paper1_phaseC_v1,0c9672de35c75a9d,evogrow_v2_2_stage_capped_pretune_on,pretune_on,true,staged_polynomial_basis_with_constant,3,52,3,2,123,exact
888,paper1_phaseC_v1,0c9672de35c75a9d,evogrow_v2_2_stage_capped_pretune_on,pretune_on,true,staged_polynomial_basis_with_constant,3,52,3,2,7,exact
889,paper1_phaseC_v1,0c9672de35c75a9d,evogrow_v2_2_stage_capped_pretune_on,pretune_on,true,staged_polynomial_basis_with_constant,3,54,3,1,42,exact
890,paper1_phaseC_v1,0c9672de35c75a9d,evogrow_v2_2_stage_capped_pretune_on,pretune_on,true,staged_polynomial_basis_with_constant,3,54,3,1,123,exact
891,paper1_phaseC_v1,0c9672de35c75a9d,evogrow_v2_2_stage_capped_pretune_on,pretune_on,true,staged_polynomial_basis_with_constant,3,54,3,1,7,exact
892,paper1_phaseC_v1,0c9672de35c75a9d,evogrow_v2_2_stage_capped_pretune_on,pretune_on,true,staged_polynomial_basis_with_constant,3,54,3,2,42,exact
893,paper1_phaseC_v1,0c9672de35c75a9d,evogrow_v2_2_stage_capped_pretune_on,pretune_on,true,staged_polynomial_basis_with_constant,3,54,3,2,123,exact
894,paper1_phaseC_v1,0c9672de35c75a9d,evogrow_v2_2_stage_capped_pretune_on,pretune_on,true,staged_polynomial_basis_with_constant,3,54,3,2,7,exact
895,paper1_phaseC_v1,0c9672de35c75a9d,evogrow_v2_2_stage_capped_pretune_on,pretune_on,true,staged_polynomial_basis_with_constant,3,55,3,1,42,exact
896,paper1_phaseC_v1,0c9672de35c75a9d,evogrow_v2_2_stage_capped_pretune_on,pretune_on,true,staged_polynomial_basis_with_constant,3,55,3,1,123,exact
897,paper1_phaseC_v1,0c9672de35c75a9d,evogrow_v2_2_stage_capped_pretune_on,pretune_on,true,staged_polynomial_basis_with_constant,3,55,3,1,7,exact
898,paper1_phaseC_v1,0c9672de35c75a9d,evogrow_v2_2_stage_capped_pretune_on,pretune_on,true,staged_polynomial_basis_with_constant,3,55,3,2,42,exact
899,paper1_phaseC_v1,0c9672de35c75a9d,evogrow_v2_2_stage_capped_pretune_on,pretune_on,true,staged_polynomial_basis_with_constant,3,55,3,2,123,exact
900,paper1_phaseC_v1,0c9672de35c75a9d,evogrow_v2_2_stage_capped_pretune_on,pretune_on,true,staged_polynomial_basis_with_constant,3,55,3,2,7,exact
901,paper1_phaseC_v1,0c9672de35c75a9d,evogrow_v2_2_stage_capped_pretune_on,pretune_on,true,staged_polynomial_basis_with_constant,3,56,3,1,42,exact
902,paper1_phaseC_v1,0c9672de35c75a9d,evogrow_v2_2_stage_capped_pretune_on,pretune_on,true,staged_polynomial_basis_with_constant,3,56,3,1,123,exact
903,paper1_phaseC_v1,0c9672de35c75a9d,evogrow_v2_2_stage_capped_pretune_on,pretune_on,true,staged_polynomial_basis_with_constant,3,56,3,1,7,exact
904,paper1_phaseC_v1,0c9672de35c75a9d,evogrow_v2_2_stage_capped_pretune_on,pretune_on,true,staged_polynomial_basis_with_constant,3,56,3,2,42,exact
905,paper1_phaseC_v1,0c9672de35c75a9d,evogrow_v2_2_stage_capped_pretune_on,pretune_on,true,staged_polynomial_basis_with_constant,3,56,3,2,123,exact
906,paper1_phaseC_v1,0c9672de35c75a9d,evogrow_v2_2_stage_capped_pretune_on,pretune_on,true,staged_polynomial_basis_with_constant,3,56,3,2,7,exact
907,paper1_phaseC_v1,0c9672de35c75a9d,evogrow_v2_2_stage_capped_pretune_on,pretune_on,true,staged_polynomial_basis_with_constant,3,57,3,1,42,exact
908,paper1_phaseC_v1,0c9672de35c75a9d,evogrow_v2_2_stage_capped_pretune_on,pretune_on,true,staged_polynomial_basis_with_constant,3,57,3,1,123,exact
909,paper1_phaseC_v1,0c9672de35c75a9d,evogrow_v2_2_stage_capped_pretune_on,pretune_on,true,staged_polynomial_basis_with_constant,3,57,3,1,7,exact
910,paper1_phaseC_v1,0c9672de35c75a9d,evogrow_v2_2_stage_capped_pretune_on,pretune_on,true,staged_polynomial_basis_with_constant,3,57,3,2,42,exact
911,paper1_phaseC_v1,0c9672de35c75a9d,evogrow_v2_2_stage_capped_pretune_on,pretune_on,true,staged_polynomial_basis_with_constant,3,57,3,2,123,exact
912,paper1_phaseC_v1,0c9672de35c75a9d,evogrow_v2_2_stage_capped_pretune_on,pretune_on,true,staged_polynomial_basis_with_constant,3,57,3,2,7,exact
913,paper1_phaseC_v1,0c9672de35c75a9d,evogrow_v2_2_stage_capped_pretune_on,pretune_on,true,staged_polynomial_basis_with_constant,3,58,3,1,42,exact
914,paper1_phaseC_v1,0c9672de35c75a9d,evogrow_v2_2_stage_capped_pretune_on,pretune_on,true,staged_polynomial_basis_with_constant,3,58,3,1,123,exact
915,paper1_phaseC_v1,0c9672de35c75a9d,evogrow_v2_2_stage_capped_pretune_on,pretune_on,true,staged_polynomial_basis_with_constant,3,58,3,1,7,exact
916,paper1_phaseC_v1,0c9672de35c75a9d,evogrow_v2_2_stage_capped_pretune_on,pretune_on,true,staged_polynomial_basis_with_constant,3,58,3,2,42,exact
917,paper1_phaseC_v1,0c9672de35c75a9d,evogrow_v2_2_stage_capped_pretune_on,pretune_on,true,staged_polynomial_basis_with_constant,3,58,3,2,123,exact
918,paper1_phaseC_v1,0c9672de35c75a9d,evogrow_v2_2_stage_capped_pretune_on,pretune_on,true,staged_polynomial_basis_with_constant,3,58,3,2,7,exact
919,paper1_phaseC_v1,0c9672de35c75a9d,evogrow_v2_2_stage_capped_pretune_on,pretune_on,true,staged_polynomial_basis_with_constant,3,59,3,1,42,exact
920,paper1_phaseC_v1,0c9672de35c75a9d,evogrow_v2_2_stage_capped_pretune_on,pretune_on,true,staged_polynomial_basis_with_constant,3,59,3,1,123,exact
921,paper1_phaseC_v1,0c9672de35c75a9d,evogrow_v2_2_stage_capped_pretune_on,pretune_on,true,staged_polynomial_basis_with_constant,3,59,3,1,7,exact
922,paper1_phaseC_v1,0c9672de35c75a9d,evogrow_v2_2_stage_capped_pretune_on,pretune_on,true,staged_polynomial_basis_with_constant,3,59,3,2,42,exact
923,paper1_phaseC_v1,0c9672de35c75a9d,evogrow_v2_2_stage_capped_pretune_on,pretune_on,true,staged_polynomial_basis_with_constant,3,59,3,2,123,exact
924,paper1_phaseC_v1,0c9672de35c75a9d,evogrow_v2_2_stage_capped_pretune_on,pretune_on,true,staged_polynomial_basis_with_constant,3,59,3,2,7,exact
925,paper1_phaseC_v1,0c9672de35c75a9d,evogrow_v2_2_stage_capped_pretune_on,pretune_on,true,staged_polynomial_basis_with_constant,3,61,3,1,42,exact
926,paper1_phaseC_v1,0c9672de35c75a9d,evogrow_v2_2_stage_capped_pretune_on,pretune_on,true,staged_polynomial_basis_with_constant,3,61,3,1,123,exact
927,paper1_phaseC_v1,0c9672de35c75a9d,evogrow_v2_2_stage_capped_pretune_on,pretune_on,true,staged_polynomial_basis_with_constant,3,61,3,1,7,exact
928,paper1_phaseC_v1,0c9672de35c75a9d,evogrow_v2_2_stage_capped_pretune_on,pretune_on,true,staged_polynomial_basis_with_constant,3,61,3,2,42,exact
929,paper1_phaseC_v1,0c9672de35c75a9d,evogrow_v2_2_stage_capped_pretune_on,pretune_on,true,staged_polynomial_basis_with_constant,3,61,3,2,123,exact
930,paper1_phaseC_v1,0c9672de35c75a9d,evogrow_v2_2_stage_capped_pretune_on,pretune_on,true,staged_polynomial_basis_with_constant,3,61,3,2,7,exact
931,paper1_phaseC_v1,0c9672de35c75a9d,evogrow_v2_2_stage_capped_pretune_on,pretune_on,true,staged_polynomial_basis_with_constant,3,63,4,1,42,exact
932,paper1_phaseC_v1,0c9672de35c75a9d,evogrow_v2_2_stage_capped_pretune_on,pretune_on,true,staged_polynomial_basis_with_constant,3,63,4,1,123,exact
933,paper1_phaseC_v1,0c9672de35c75a9d,evogrow_v2_2_stage_capped_pretune_on,pretune_on,true,staged_polynomial_basis_with_constant,3,63,4,1,7,exact
934,paper1_phaseC_v1,0c9672de35c75a9d,evogrow_v2_2_stage_capped_pretune_on,pretune_on,true,staged_polynomial_basis_with_constant,3,63,4,2,42,exact
935,paper1_phaseC_v1,0c9672de35c75a9d,evogrow_v2_2_stage_capped_pretune_on,pretune_on,true,staged_polynomial_basis_with_constant,3,63,4,2,123,exact
936,paper1_phaseC_v1,0c9672de35c75a9d,evogrow_v2_2_stage_capped_pretune_on,pretune_on,true,staged_polynomial_basis_with_constant,3,63,4,2,7,exact
