manifest_index,system_id,system_name,seed,initial_condition_set,variant,basis_name,representability,wp_n1_support_status,raw_support_match,pruned_support_match,support_equality_definition,raw_implies_pruned_violation,r2,r2_gt_0_9,loss,final_stage,eq_final_stages,total_parameter_fits,total_loss_evals,total_ode_solves,elapsed_s,elapsed_s_evidence_role,git_hash,config_fingerprint,stage_cap_behavior_fingerprint,incomplete_allowed,expected_manifest_records,observed_manifest_records,missing_manifest_indices,dim,classification_description,decision_layer
1,24,Harmonic oscillator without damping,7,1,wp_n1_old_basis,default_staged_polynomial_basis,exact,ok,False,True,normalized term-name set equality per equation index; equation order is preserved,False,0.9999999999998508,True,1.7056725203217317e-14,1,"[1,1]",30,75207,75207,23.228331843,non_evidence,ec3b6bd,0290b75a28791195,ffb0266c7913352c,False,336,336,,2,Harmonic oscillator without damping,A_paired_both_exact
2,24,Harmonic oscillator without damping,42,1,wp_n1_old_basis,default_staged_polynomial_basis,exact,ok,True,True,normalized term-name set equality per equation index; equation order is preserved,False,0.9999999999998814,True,1.7224697315148986e-14,1,"[1,1]",30,52956,52956,19.872612406,non_evidence,ec3b6bd,0290b75a28791195,ffb0266c7913352c,False,336,336,,2,Harmonic oscillator without damping,A_paired_both_exact
3,24,Harmonic oscillator without damping,123,1,wp_n1_old_basis,default_staged_polynomial_basis,exact,ok,False,True,normalized term-name set equality per equation index; equation order is preserved,False,0.9999999999998437,True,1.9994026147761678e-14,1,"[1,1]",30,46506,46506,18.239022167,non_evidence,ec3b6bd,0290b75a28791195,ffb0266c7913352c,False,336,336,,2,Harmonic oscillator without damping,A_paired_both_exact
4,24,Harmonic oscillator without damping,7,2,wp_n1_old_basis,default_staged_polynomial_basis,exact,ok,False,True,normalized term-name set equality per equation index; equation order is preserved,False,0.9999999999996438,True,4.706390516878191e-15,1,"[1,1]",30,30451,30451,15.273606267,non_evidence,ec3b6bd,0290b75a28791195,ffb0266c7913352c,False,336,336,,2,Harmonic oscillator without damping,A_paired_both_exact
5,24,Harmonic oscillator without damping,42,2,wp_n1_old_basis,default_staged_polynomial_basis,exact,ok,False,True,normalized term-name set equality per equation index; equation order is preserved,False,0.9999999999994937,True,5.919424397286578e-15,1,"[1,1]",30,11015,11015,11.920086629,non_evidence,ec3b6bd,0290b75a28791195,ffb0266c7913352c,False,336,336,,2,Harmonic oscillator without damping,A_paired_both_exact
6,24,Harmonic oscillator without damping,123,2,wp_n1_old_basis,default_staged_polynomial_basis,exact,ok,False,True,normalized term-name set equality per equation index; equation order is preserved,False,0.9999999999994927,True,6.089085306652976e-15,1,"[1,1]",30,10086,10086,11.774359024,non_evidence,ec3b6bd,0290b75a28791195,ffb0266c7913352c,False,336,336,,2,Harmonic oscillator without damping,A_paired_both_exact
7,25,Harmonic oscillator with damping,7,1,wp_n1_old_basis,default_staged_polynomial_basis,exact,ok,True,True,normalized term-name set equality per equation index; equation order is preserved,False,0.9999999999984118,True,7.469846337255516e-15,1,"[1,1]",50,215905,215905,42.357520784,non_evidence,ec3b6bd,0290b75a28791195,ffb0266c7913352c,False,336,336,,2,Harmonic oscillator with damping,A_paired_both_exact
8,25,Harmonic oscillator with damping,42,1,wp_n1_old_basis,default_staged_polynomial_basis,exact,ok,True,True,normalized term-name set equality per equation index; equation order is preserved,False,0.9999999999984172,True,7.346394004818119e-15,1,"[1,1]",30,166843,166843,31.292714256,non_evidence,ec3b6bd,0290b75a28791195,ffb0266c7913352c,False,336,336,,2,Harmonic oscillator with damping,A_paired_both_exact
9,25,Harmonic oscillator with damping,123,1,wp_n1_old_basis,default_staged_polynomial_basis,exact,ok,True,True,normalized term-name set equality per equation index; equation order is preserved,False,0.9999999999983695,True,7.859386217156575e-15,1,"[1,1]",30,223333,223333,44.868190133,non_evidence,ec3b6bd,0290b75a28791195,ffb0266c7913352c,False,336,336,,2,Harmonic oscillator with damping,A_paired_both_exact
10,25,Harmonic oscillator with damping,7,2,wp_n1_old_basis,default_staged_polynomial_basis,exact,ok,True,True,normalized term-name set equality per equation index; equation order is preserved,False,0.9999999999984407,True,9.471950580784262e-15,1,"[1,1]",30,11293,11293,12.453189175,non_evidence,ec3b6bd,0290b75a28791195,ffb0266c7913352c,False,336,336,,2,Harmonic oscillator with damping,A_paired_both_exact
11,25,Harmonic oscillator with damping,42,2,wp_n1_old_basis,default_staged_polynomial_basis,exact,ok,True,True,normalized term-name set equality per equation index; equation order is preserved,False,0.9999999999983274,True,9.672496582179255e-15,1,"[1,1]",30,8501,8501,12.037744243,non_evidence,ec3b6bd,0290b75a28791195,ffb0266c7913352c,False,336,336,,2,Harmonic oscillator with damping,A_paired_both_exact
12,25,Harmonic oscillator with damping,123,2,wp_n1_old_basis,default_staged_polynomial_basis,exact,ok,True,True,normalized term-name set equality per equation index; equation order is preserved,False,0.9999999999984656,True,9.418231060832244e-15,1,"[1,1]",30,9790,9790,11.953202456,non_evidence,ec3b6bd,0290b75a28791195,ffb0266c7913352c,False,336,336,,2,Harmonic oscillator with damping,A_paired_both_exact
13,26,Lotka-Volterra competition model (Strogatz version with sheeps and rabbits),7,1,wp_n1_old_basis,default_staged_polynomial_basis,exact,ok,False,False,normalized term-name set equality per equation index; equation order is preserved,False,0.9974957197325865,True,0.00025582531189114735,3,"[3,3]",330,977302,977302,1513.639760045,non_evidence,ec3b6bd,0290b75a28791195,ffb0266c7913352c,False,336,336,,2,Lotka-Volterra competition model (Strogatz version with sheeps and rabbits),A_paired_both_exact
14,26,Lotka-Volterra competition model (Strogatz version with sheeps and rabbits),42,1,wp_n1_old_basis,default_staged_polynomial_basis,exact,ok,False,False,normalized term-name set equality per equation index; equation order is preserved,False,0.9969495267091448,True,0.0003230491588468446,3,"[3,3]",350,817586,817586,894.851851836,non_evidence,ec3b6bd,0290b75a28791195,ffb0266c7913352c,False,336,336,,2,Lotka-Volterra competition model (Strogatz version with sheeps and rabbits),A_paired_both_exact
15,26,Lotka-Volterra competition model (Strogatz version with sheeps and rabbits),123,1,wp_n1_old_basis,default_staged_polynomial_basis,exact,ok,False,False,normalized term-name set equality per equation index; equation order is preserved,False,0.997495718705371,True,0.0002558253131208551,3,"[3,3]",330,844994,844994,1689.006524584,non_evidence,ec3b6bd,0290b75a28791195,ffb0266c7913352c,False,336,336,,2,Lotka-Volterra competition model (Strogatz version with sheeps and rabbits),A_paired_both_exact
16,26,Lotka-Volterra competition model (Strogatz version with sheeps and rabbits),7,2,wp_n1_old_basis,default_staged_polynomial_basis,exact,ok,False,False,normalized term-name set equality per equation index; equation order is preserved,False,0.9905024066553294,True,0.0005089221678008136,3,"[3,3]",310,495987,495987,642.125772104,non_evidence,ec3b6bd,0290b75a28791195,ffb0266c7913352c,False,336,336,,2,Lotka-Volterra competition model (Strogatz version with sheeps and rabbits),A_paired_both_exact
17,26,Lotka-Volterra competition model (Strogatz version with sheeps and rabbits),42,2,wp_n1_old_basis,default_staged_polynomial_basis,exact,ok,False,False,normalized term-name set equality per equation index; equation order is preserved,False,0.9947872676627587,True,0.0002210957350806746,3,"[3,3]",290,457602,457602,1367.617001986,non_evidence,ec3b6bd,0290b75a28791195,ffb0266c7913352c,False,336,336,,2,Lotka-Volterra competition model (Strogatz version with sheeps and rabbits),A_paired_both_exact
18,26,Lotka-Volterra competition model (Strogatz version with sheeps and rabbits),123,2,wp_n1_old_basis,default_staged_polynomial_basis,exact,ok,False,False,normalized term-name set equality per equation index; equation order is preserved,False,0.9898591645253243,True,0.0005433811191582528,3,"[3,3]",290,474812,474812,1127.557656569,non_evidence,ec3b6bd,0290b75a28791195,ffb0266c7913352c,False,336,336,,2,Lotka-Volterra competition model (Strogatz version with sheeps and rabbits),A_paired_both_exact
19,27,Lotka-Volterra simple (as on Wikipedia),7,1,wp_n1_old_basis,default_staged_polynomial_basis,exact,ok,False,False,normalized term-name set equality per equation index; equation order is preserved,False,0.7966538492373324,False,1.258754523351269,3,"[3,3]",310,992625,992625,16061.047418228,non_evidence,ec3b6bd,0290b75a28791195,ffb0266c7913352c,False,336,336,,2,Lotka-Volterra simple (as on Wikipedia),A_paired_both_exact
20,27,Lotka-Volterra simple (as on Wikipedia),42,1,wp_n1_old_basis,default_staged_polynomial_basis,exact,ok,False,False,normalized term-name set equality per equation index; equation order is preserved,False,0.938551919392694,True,0.3745131382672236,3,"[3,3]",490,1513480,1513480,2925.405666838,non_evidence,ec3b6bd,0290b75a28791195,ffb0266c7913352c,False,336,336,,2,Lotka-Volterra simple (as on Wikipedia),A_paired_both_exact
21,27,Lotka-Volterra simple (as on Wikipedia),123,1,wp_n1_old_basis,default_staged_polynomial_basis,exact,ok,False,False,normalized term-name set equality per equation index; equation order is preserved,False,0.891472677170247,False,0.6611338235663832,3,"[3,3]",430,1252895,1252895,2306.948257556,non_evidence,ec3b6bd,0290b75a28791195,ffb0266c7913352c,False,336,336,,2,Lotka-Volterra simple (as on Wikipedia),A_paired_both_exact
22,27,Lotka-Volterra simple (as on Wikipedia),7,2,wp_n1_old_basis,default_staged_polynomial_basis,exact,ok,False,True,normalized term-name set equality per equation index; equation order is preserved,False,0.9999999821456436,True,3.7310420143822875e-08,3,"[3,3]",430,3905508,3905508,5336.091105833,non_evidence,ec3b6bd,0290b75a28791195,ffb0266c7913352c,False,336,336,,2,Lotka-Volterra simple (as on Wikipedia),A_paired_both_exact
23,27,Lotka-Volterra simple (as on Wikipedia),42,2,wp_n1_old_basis,default_staged_polynomial_basis,exact,ok,False,False,normalized term-name set equality per equation index; equation order is preserved,False,0.9974583059163182,True,0.006113800733311085,3,"[3,3]",350,2794949,2794949,2459.242801629,non_evidence,ec3b6bd,0290b75a28791195,ffb0266c7913352c,False,336,336,,2,Lotka-Volterra simple (as on Wikipedia),A_paired_both_exact
24,27,Lotka-Volterra simple (as on Wikipedia),123,2,wp_n1_old_basis,default_staged_polynomial_basis,exact,ok,False,True,normalized term-name set equality per equation index; equation order is preserved,False,0.9999999831587939,True,3.6823941309417824e-08,3,"[3,3]",310,2568874,2568874,4495.029845923,non_evidence,ec3b6bd,0290b75a28791195,ffb0266c7913352c,False,336,336,,2,Lotka-Volterra simple (as on Wikipedia),A_paired_both_exact
25,28,Pendulum without friction,7,1,wp_n1_old_basis,default_staged_polynomial_basis,exact,ok,False,False,normalized term-name set equality per equation index; equation order is preserved,False,0.9999979250258737,True,2.070245931975574e-06,5,"[5,5]",410,799425,799425,7320.030751109,non_evidence,ec3b6bd,0290b75a28791195,ffb0266c7913352c,False,336,336,,2,Pendulum without friction,A_paired_both_exact
26,28,Pendulum without friction,42,1,wp_n1_old_basis,default_staged_polynomial_basis,exact,ok,False,False,normalized term-name set equality per equation index; equation order is preserved,False,0.9999979340161,True,2.054853869700132e-06,5,"[5,5]",410,1000554,1000554,6311.851065403,non_evidence,ec3b6bd,0290b75a28791195,ffb0266c7913352c,False,336,336,,2,Pendulum without friction,A_paired_both_exact
27,28,Pendulum without friction,123,1,wp_n1_old_basis,default_staged_polynomial_basis,exact,ok,False,False,normalized term-name set equality per equation index; equation order is preserved,False,0.99999793401585,True,2.0548538886019033e-06,5,"[5,5]",450,1310306,1310306,18736.082194869,non_evidence,ec3b6bd,0290b75a28791195,ffb0266c7913352c,False,336,336,,2,Pendulum without friction,A_paired_both_exact
28,28,Pendulum without friction,7,2,wp_n1_old_basis,default_staged_polynomial_basis,exact,ok,False,False,normalized term-name set equality per equation index; equation order is preserved,False,0.9998311122292854,True,5.724014279325815e-05,5,"[5,5]",410,2155427,2155427,3835.523084142,non_evidence,ec3b6bd,0290b75a28791195,ffb0266c7913352c,False,336,336,,2,Pendulum without friction,A_paired_both_exact
29,28,Pendulum without friction,42,2,wp_n1_old_basis,default_staged_polynomial_basis,exact,ok,False,False,normalized term-name set equality per equation index; equation order is preserved,False,0.9998311122304819,True,5.7240142792864766e-05,5,"[5,5]",410,2278264,2278264,2581.096443237,non_evidence,ec3b6bd,0290b75a28791195,ffb0266c7913352c,False,336,336,,2,Pendulum without friction,A_paired_both_exact
30,28,Pendulum without friction,123,2,wp_n1_old_basis,default_staged_polynomial_basis,exact,ok,False,False,normalized term-name set equality per equation index; equation order is preserved,False,0.9998311122316099,True,5.7240142792319995e-05,5,"[5,5]",410,1955302,1955302,3180.773722446,non_evidence,ec3b6bd,0290b75a28791195,ffb0266c7913352c,False,336,336,,2,Pendulum without friction,A_paired_both_exact
31,29,Dipole fixed point,7,1,wp_n1_old_basis,default_staged_polynomial_basis,exact,ok,False,True,normalized term-name set equality per equation index; equation order is preserved,False,0.9999999999998808,True,4.084801540501099e-14,3,"[3,2]",230,724324,724324,865.251101301,non_evidence,ec3b6bd,0290b75a28791195,ffb0266c7913352c,False,336,336,,2,Dipole fixed point,A_paired_both_exact
32,29,Dipole fixed point,42,1,wp_n1_old_basis,default_staged_polynomial_basis,exact,ok,False,True,normalized term-name set equality per equation index; equation order is preserved,False,0.9999999999998666,True,4.687979950367196e-14,3,"[3,2]",330,761580,761580,1894.821506569,non_evidence,ec3b6bd,0290b75a28791195,ffb0266c7913352c,False,336,336,,2,Dipole fixed point,A_paired_both_exact
33,29,Dipole fixed point,123,1,wp_n1_old_basis,default_staged_polynomial_basis,exact,ok,False,True,normalized term-name set equality per equation index; equation order is preserved,False,0.9999999999998728,True,4.4028985035978194e-14,3,"[3,2]",390,1309739,1309739,4946.174442414,non_evidence,ec3b6bd,0290b75a28791195,ffb0266c7913352c,False,336,336,,2,Dipole fixed point,A_paired_both_exact
34,29,Dipole fixed point,7,2,wp_n1_old_basis,default_staged_polynomial_basis,exact,ok,False,False,normalized term-name set equality per equation index; equation order is preserved,False,0.9888584763143888,True,0.0007772558621249973,3,"[3,2]",250,495249,495249,6378.202310545,non_evidence,ec3b6bd,0290b75a28791195,ffb0266c7913352c,False,336,336,,2,Dipole fixed point,A_paired_both_exact
35,29,Dipole fixed point,42,2,wp_n1_old_basis,default_staged_polynomial_basis,exact,ok,False,False,normalized term-name set equality per equation index; equation order is preserved,False,0.9888584769752544,True,0.000777255862125631,3,"[3,2]",270,608554,608554,2018.973220304,non_evidence,ec3b6bd,0290b75a28791195,ffb0266c7913352c,False,336,336,,2,Dipole fixed point,A_paired_both_exact
36,29,Dipole fixed point,123,2,wp_n1_old_basis,default_staged_polynomial_basis,exact,ok,False,False,normalized term-name set equality per equation index; equation order is preserved,False,0.9991527396131104,True,4.613786711400741e-05,3,"[3,2]",250,751444,751444,2995.440838714,non_evidence,ec3b6bd,0290b75a28791195,ffb0266c7913352c,False,336,336,,2,Dipole fixed point,A_paired_both_exact
37,30,RNA molecules catalyzing each others replication,7,1,wp_n1_old_basis,default_staged_polynomial_basis,surrogate,eq1_not_representable,,,normalized term-name set equality per equation index; equation order is preserved,False,0.9836863057829975,True,0.0001885195385566241,5,"[5,5]",410,518421,518421,279.93262138,non_evidence,ec3b6bd,0290b75a28791195,ffb0266c7913352c,False,336,336,,2,RNA molecules catalyzing each others replication,C_literature_all_cells
38,30,RNA molecules catalyzing each others replication,42,1,wp_n1_old_basis,default_staged_polynomial_basis,surrogate,eq1_not_representable,,,normalized term-name set equality per equation index; equation order is preserved,False,0.9836863057724343,True,0.00018851953855664525,5,"[5,5]",410,783865,783865,332.902014042,non_evidence,ec3b6bd,0290b75a28791195,ffb0266c7913352c,False,336,336,,2,RNA molecules catalyzing each others replication,C_literature_all_cells
39,30,RNA molecules catalyzing each others replication,123,1,wp_n1_old_basis,default_staged_polynomial_basis,surrogate,eq1_not_representable,,,normalized term-name set equality per equation index; equation order is preserved,False,0.9836863057581653,True,0.00018851953855665096,5,"[5,5]",410,672441,672441,176.365337625,non_evidence,ec3b6bd,0290b75a28791195,ffb0266c7913352c,False,336,336,,2,RNA molecules catalyzing each others replication,C_literature_all_cells
40,30,RNA molecules catalyzing each others replication,7,2,wp_n1_old_basis,default_staged_polynomial_basis,surrogate,eq1_not_representable,,,normalized term-name set equality per equation index; equation order is preserved,False,0.9923521907222514,True,0.00011759532133771067,5,"[5,5]",410,865056,865056,269.127913248,non_evidence,ec3b6bd,0290b75a28791195,ffb0266c7913352c,False,336,336,,2,RNA molecules catalyzing each others replication,C_literature_all_cells
41,30,RNA molecules catalyzing each others replication,42,2,wp_n1_old_basis,default_staged_polynomial_basis,surrogate,eq1_not_representable,,,normalized term-name set equality per equation index; equation order is preserved,False,0.9923521907749356,True,0.00011759532133766095,5,"[5,5]",410,518653,518653,118.853811459,non_evidence,ec3b6bd,0290b75a28791195,ffb0266c7913352c,False,336,336,,2,RNA molecules catalyzing each others replication,C_literature_all_cells
42,30,RNA molecules catalyzing each others replication,123,2,wp_n1_old_basis,default_staged_polynomial_basis,surrogate,eq1_not_representable,,,normalized term-name set equality per equation index; equation order is preserved,False,0.9923521906343753,True,0.00011759532133769238,5,"[5,5]",410,690938,690938,123.746906671,non_evidence,ec3b6bd,0290b75a28791195,ffb0266c7913352c,False,336,336,,2,RNA molecules catalyzing each others replication,C_literature_all_cells
43,31,SIR infection model only for healthy and sick,7,1,wp_n1_old_basis,default_staged_polynomial_basis,exact,ok,False,False,normalized term-name set equality per equation index; equation order is preserved,False,0.9999472442294092,True,0.00013429213735779449,3,"[3,3]",350,604374,604374,1988.808275439,non_evidence,ec3b6bd,0290b75a28791195,ffb0266c7913352c,False,336,336,,2,SIR infection model only for healthy and sick,A_paired_both_exact
44,31,SIR infection model only for healthy and sick,42,1,wp_n1_old_basis,default_staged_polynomial_basis,exact,ok,False,False,normalized term-name set equality per equation index; equation order is preserved,False,0.9999625244209376,True,9.469577964296977e-05,3,"[3,3]",330,640275,640275,2497.922912097,non_evidence,ec3b6bd,0290b75a28791195,ffb0266c7913352c,False,336,336,,2,SIR infection model only for healthy and sick,A_paired_both_exact
45,31,SIR infection model only for healthy and sick,123,1,wp_n1_old_basis,default_staged_polynomial_basis,exact,ok,False,False,normalized term-name set equality per equation index; equation order is preserved,False,0.9999475153209383,True,0.00013221102429316242,3,"[3,3]",290,619746,619746,6078.905937446,non_evidence,ec3b6bd,0290b75a28791195,ffb0266c7913352c,False,336,336,,2,SIR infection model only for healthy and sick,A_paired_both_exact
46,31,SIR infection model only for healthy and sick,7,2,wp_n1_old_basis,default_staged_polynomial_basis,exact,ok,False,True,normalized term-name set equality per equation index; equation order is preserved,False,0.9999999999968094,True,1.971592974394188e-11,3,"[3,3]",230,329767,329767,1231.893979036,non_evidence,ec3b6bd,0290b75a28791195,ffb0266c7913352c,False,336,336,,2,SIR infection model only for healthy and sick,A_paired_both_exact
47,31,SIR infection model only for healthy and sick,42,2,wp_n1_old_basis,default_staged_polynomial_basis,exact,ok,False,True,normalized term-name set equality per equation index; equation order is preserved,False,0.9999999999968122,True,1.9963665684764433e-11,3,"[3,3]",270,462635,462635,11803.199183529,non_evidence,ec3b6bd,0290b75a28791195,ffb0266c7913352c,False,336,336,,2,SIR infection model only for healthy and sick,A_paired_both_exact
48,31,SIR infection model only for healthy and sick,123,2,wp_n1_old_basis,default_staged_polynomial_basis,exact,ok,False,True,normalized term-name set equality per equation index; equation order is preserved,False,0.9999999999967952,True,1.999149343040642e-11,3,"[3,3]",230,296214,296214,4377.916710655,non_evidence,ec3b6bd,0290b75a28791195,ffb0266c7913352c,False,336,336,,2,SIR infection model only for healthy and sick,A_paired_both_exact
49,32,Damped double well oscillator,7,1,wp_n1_old_basis,default_staged_polynomial_basis,exact,ok,False,True,normalized term-name set equality per equation index; equation order is preserved,False,0.9999999998552096,True,1.900441930974166e-10,5,"[5,4]",550,2595435,2595435,68616.595033887,non_evidence,ec3b6bd,0290b75a28791195,ffb0266c7913352c,False,336,336,,2,Damped double well oscillator,A_paired_both_exact
50,32,Damped double well oscillator,42,1,wp_n1_old_basis,default_staged_polynomial_basis,exact,ok,False,True,normalized term-name set equality per equation index; equation order is preserved,False,0.9999999999894782,True,1.389426980034796e-11,4,"[4,4]",470,2011059,2011059,15228.449837001,non_evidence,ec3b6bd,0290b75a28791195,ffb0266c7913352c,False,336,336,,2,Damped double well oscillator,A_paired_both_exact
51,32,Damped double well oscillator,123,1,wp_n1_old_basis,default_staged_polynomial_basis,exact,ok,False,True,normalized term-name set equality per equation index; equation order is preserved,False,0.9999999999989795,True,1.3490805592488943e-12,4,"[4,4]",470,2099883,2099883,9904.848623351,non_evidence,ec3b6bd,0290b75a28791195,ffb0266c7913352c,False,336,336,,2,Damped double well oscillator,A_paired_both_exact
52,32,Damped double well oscillator,7,2,wp_n1_old_basis,default_staged_polynomial_basis,exact,ok,False,True,normalized term-name set equality per equation index; equation order is preserved,False,0.9999999869992715,True,9.232965063517954e-07,5,"[5,4]",510,1345446,1345446,17353.376179317,non_evidence,ec3b6bd,0290b75a28791195,ffb0266c7913352c,False,336,336,,2,Damped double well oscillator,A_paired_both_exact
53,32,Damped double well oscillator,42,2,wp_n1_old_basis,default_staged_polynomial_basis,exact,ok,False,False,normalized term-name set equality per equation index; equation order is preserved,False,0.9874747509571034,True,1.0649814902623111,5,"[5,4]",610,1481635,1481635,22676.700999176,non_evidence,ec3b6bd,0290b75a28791195,ffb0266c7913352c,False,336,336,,2,Damped double well oscillator,A_paired_both_exact
54,32,Damped double well oscillator,123,2,wp_n1_old_basis,default_staged_polynomial_basis,exact,ok,False,False,normalized term-name set equality per equation index; equation order is preserved,False,0.8156144333306687,False,6.496146969829265,5,"[5,4]",430,924546,924546,11832.535438303,non_evidence,ec3b6bd,0290b75a28791195,ffb0266c7913352c,False,336,336,,2,Damped double well oscillator,A_paired_both_exact
55,33,Glider (dimensionless),7,1,wp_n1_old_basis,default_staged_polynomial_basis,surrogate,eq2_not_representable,,,normalized term-name set equality per equation index; equation order is preserved,False,0.9994354847719026,True,0.0020611673869455013,5,"[5,5]",610,2842072,2842072,10340.739442338,non_evidence,ec3b6bd,0290b75a28791195,ffb0266c7913352c,False,336,336,,2,Glider (dimensionless),C_literature_all_cells
56,33,Glider (dimensionless),42,1,wp_n1_old_basis,default_staged_polynomial_basis,surrogate,eq2_not_representable,,,normalized term-name set equality per equation index; equation order is preserved,False,0.9994412811069693,True,0.0020605698269140693,5,"[5,5]",550,2601581,2601581,46414.269969129,non_evidence,ec3b6bd,0290b75a28791195,ffb0266c7913352c,False,336,336,,2,Glider (dimensionless),C_literature_all_cells
57,33,Glider (dimensionless),123,1,wp_n1_old_basis,default_staged_polynomial_basis,surrogate,eq2_not_representable,,,normalized term-name set equality per equation index; equation order is preserved,False,0.9995233228714345,True,0.002154216421284403,5,"[5,5]",610,2720349,2720349,7868.705037775,non_evidence,ec3b6bd,0290b75a28791195,ffb0266c7913352c,False,336,336,,2,Glider (dimensionless),C_literature_all_cells
58,33,Glider (dimensionless),7,2,wp_n1_old_basis,default_staged_polynomial_basis,surrogate,eq2_not_representable,,,normalized term-name set equality per equation index; equation order is preserved,False,0.986117315064232,True,0.05239705347385591,5,"[5,5]",570,1804049,1804049,14614.350526959,non_evidence,ec3b6bd,0290b75a28791195,ffb0266c7913352c,False,336,336,,2,Glider (dimensionless),C_literature_all_cells
59,33,Glider (dimensionless),42,2,wp_n1_old_basis,default_staged_polynomial_basis,surrogate,eq2_not_representable,,,normalized term-name set equality per equation index; equation order is preserved,False,0.9999383679930214,True,0.0020283555948240606,5,"[5,5]",610,2016633,2016633,22788.806348198,non_evidence,ec3b6bd,0290b75a28791195,ffb0266c7913352c,False,336,336,,2,Glider (dimensionless),C_literature_all_cells
60,33,Glider (dimensionless),123,2,wp_n1_old_basis,default_staged_polynomial_basis,surrogate,eq2_not_representable,,,normalized term-name set equality per equation index; equation order is preserved,False,0.9851095776427825,True,0.054617532793188366,5,"[5,5]",530,1716291,1716291,9252.590871015,non_evidence,ec3b6bd,0290b75a28791195,ffb0266c7913352c,False,336,336,,2,Glider (dimensionless),C_literature_all_cells
61,34,Frictionless bead on a rotating hoop (dimensionless),7,1,wp_n1_old_basis,default_staged_polynomial_basis,surrogate,eq2_not_representable,,,normalized term-name set equality per equation index; equation order is preserved,False,0.999652514835637,True,0.00041763726760539243,5,"[5,5]",410,823034,823034,5928.696612045,non_evidence,ec3b6bd,0290b75a28791195,ffb0266c7913352c,False,336,336,,2,Frictionless bead on a rotating hoop (dimensionless),C_literature_all_cells
62,34,Frictionless bead on a rotating hoop (dimensionless),42,1,wp_n1_old_basis,default_staged_polynomial_basis,surrogate,eq2_not_representable,,,normalized term-name set equality per equation index; equation order is preserved,False,0.9996522853444874,True,0.0004177615269112151,5,"[5,5]",430,868679,868679,3421.014767655,non_evidence,ec3b6bd,0290b75a28791195,ffb0266c7913352c,False,336,336,,2,Frictionless bead on a rotating hoop (dimensionless),C_literature_all_cells
63,34,Frictionless bead on a rotating hoop (dimensionless),123,1,wp_n1_old_basis,default_staged_polynomial_basis,surrogate,eq2_not_representable,,,normalized term-name set equality per equation index; equation order is preserved,False,0.9997002506074912,True,0.00036021082447722176,5,"[5,5]",410,959817,959817,5420.958536133,non_evidence,ec3b6bd,0290b75a28791195,ffb0266c7913352c,False,336,336,,2,Frictionless bead on a rotating hoop (dimensionless),C_literature_all_cells
64,34,Frictionless bead on a rotating hoop (dimensionless),7,2,wp_n1_old_basis,default_staged_polynomial_basis,surrogate,eq2_not_representable,,,normalized term-name set equality per equation index; equation order is preserved,False,0.9999490625567387,True,1.455989014700947e-05,5,"[5,5]",410,1498054,1498054,13214.737405935,non_evidence,ec3b6bd,0290b75a28791195,ffb0266c7913352c,False,336,336,,2,Frictionless bead on a rotating hoop (dimensionless),C_literature_all_cells
65,34,Frictionless bead on a rotating hoop (dimensionless),42,2,wp_n1_old_basis,default_staged_polynomial_basis,surrogate,eq2_not_representable,,,normalized term-name set equality per equation index; equation order is preserved,False,0.9999499919300142,True,1.3981970372273908e-05,5,"[5,5]",410,1269262,1269262,3759.649637154,non_evidence,ec3b6bd,0290b75a28791195,ffb0266c7913352c,False,336,336,,2,Frictionless bead on a rotating hoop (dimensionless),C_literature_all_cells
66,34,Frictionless bead on a rotating hoop (dimensionless),123,2,wp_n1_old_basis,default_staged_polynomial_basis,surrogate,eq2_not_representable,,,normalized term-name set equality per equation index; equation order is preserved,False,0.9999499919285411,True,1.3981970371988743e-05,5,"[5,5]",410,1246578,1246578,6754.241297079,non_evidence,ec3b6bd,0290b75a28791195,ffb0266c7913352c,False,336,336,,2,Frictionless bead on a rotating hoop (dimensionless),C_literature_all_cells
67,35,Rotational dynamics of an object in a shear flow,7,1,wp_n1_old_basis,default_staged_polynomial_basis,surrogate,eq1_not_representable,,,normalized term-name set equality per equation index; equation order is preserved,False,0.969326778396255,True,0.03894020842160526,5,"[5,5]",610,4949272,4949272,29775.65979786,non_evidence,ec3b6bd,0290b75a28791195,ffb0266c7913352c,False,336,336,,2,Rotational dynamics of an object in a shear flow,C_literature_all_cells
68,35,Rotational dynamics of an object in a shear flow,42,1,wp_n1_old_basis,default_staged_polynomial_basis,surrogate,eq1_not_representable,,,normalized term-name set equality per equation index; equation order is preserved,False,0.9683245876053804,True,0.040402178196652434,5,"[5,5]",610,4919970,4919970,12884.458137785,non_evidence,ec3b6bd,0290b75a28791195,ffb0266c7913352c,False,336,336,,2,Rotational dynamics of an object in a shear flow,C_literature_all_cells
69,35,Rotational dynamics of an object in a shear flow,123,1,wp_n1_old_basis,default_staged_polynomial_basis,surrogate,eq1_not_representable,,,normalized term-name set equality per equation index; equation order is preserved,False,0.9197348195473594,True,0.10230197021957116,5,"[5,5]",610,4834475,4834475,25236.228694496,non_evidence,ec3b6bd,0290b75a28791195,ffb0266c7913352c,False,336,336,,2,Rotational dynamics of an object in a shear flow,C_literature_all_cells
70,35,Rotational dynamics of an object in a shear flow,7,2,wp_n1_old_basis,default_staged_polynomial_basis,surrogate,eq1_not_representable,,,normalized term-name set equality per equation index; equation order is preserved,False,0.9960482155276438,True,0.0019453081008005179,5,"[5,5]",470,1752822,1752822,10526.340713682,non_evidence,ec3b6bd,0290b75a28791195,ffb0266c7913352c,False,336,336,,2,Rotational dynamics of an object in a shear flow,C_literature_all_cells
71,35,Rotational dynamics of an object in a shear flow,42,2,wp_n1_old_basis,default_staged_polynomial_basis,surrogate,eq1_not_representable,,,normalized term-name set equality per equation index; equation order is preserved,False,0.9963433954933233,True,0.0016797847998829341,5,"[5,5]",490,1798021,1798021,20945.985685606,non_evidence,ec3b6bd,0290b75a28791195,ffb0266c7913352c,False,336,336,,2,Rotational dynamics of an object in a shear flow,C_literature_all_cells
72,35,Rotational dynamics of an object in a shear flow,123,2,wp_n1_old_basis,default_staged_polynomial_basis,surrogate,eq1_not_representable,,,normalized term-name set equality per equation index; equation order is preserved,False,0.9961746478373534,True,0.0018378855241575926,5,"[5,5]",510,1965497,1965497,21081.386002575,non_evidence,ec3b6bd,0290b75a28791195,ffb0266c7913352c,False,336,336,,2,Rotational dynamics of an object in a shear flow,C_literature_all_cells
73,36,"Pendulum with non-linear damping, no driving (dimensionless)",7,1,wp_n1_old_basis,default_staged_polynomial_basis,surrogate,eq2_not_representable,,,normalized term-name set equality per equation index; equation order is preserved,False,0.9997978418451934,True,1.1900099458048476e-05,5,"[5,5]",430,521243,521243,2154.351645556,non_evidence,ec3b6bd,0290b75a28791195,ffb0266c7913352c,False,336,336,,2,"Pendulum with non-linear damping, no driving (dimensionless)",C_literature_all_cells
74,36,"Pendulum with non-linear damping, no driving (dimensionless)",42,1,wp_n1_old_basis,default_staged_polynomial_basis,surrogate,eq2_not_representable,,,normalized term-name set equality per equation index; equation order is preserved,False,0.999793454291912,True,1.2070436134925563e-05,5,"[5,5]",410,535228,535228,1665.895386937,non_evidence,ec3b6bd,0290b75a28791195,ffb0266c7913352c,False,336,336,,2,"Pendulum with non-linear damping, no driving (dimensionless)",C_literature_all_cells
75,36,"Pendulum with non-linear damping, no driving (dimensionless)",123,1,wp_n1_old_basis,default_staged_polynomial_basis,surrogate,eq2_not_representable,,,normalized term-name set equality per equation index; equation order is preserved,False,0.9997934543402085,True,1.207043613488534e-05,5,"[5,5]",410,563748,563748,1459.466296823,non_evidence,ec3b6bd,0290b75a28791195,ffb0266c7913352c,False,336,336,,2,"Pendulum with non-linear damping, no driving (dimensionless)",C_literature_all_cells
76,36,"Pendulum with non-linear damping, no driving (dimensionless)",7,2,wp_n1_old_basis,default_staged_polynomial_basis,surrogate,eq2_not_representable,,,normalized term-name set equality per equation index; equation order is preserved,False,0.9990767808003881,True,8.441134836497016e-05,5,"[5,4]",410,713873,713873,1517.797067309,non_evidence,ec3b6bd,0290b75a28791195,ffb0266c7913352c,False,336,336,,2,"Pendulum with non-linear damping, no driving (dimensionless)",C_literature_all_cells
77,36,"Pendulum with non-linear damping, no driving (dimensionless)",42,2,wp_n1_old_basis,default_staged_polynomial_basis,surrogate,eq2_not_representable,,,normalized term-name set equality per equation index; equation order is preserved,False,0.9990767808277615,True,8.441134836497568e-05,5,"[5,4]",410,503695,503695,1185.852661833,non_evidence,ec3b6bd,0290b75a28791195,ffb0266c7913352c,False,336,336,,2,"Pendulum with non-linear damping, no driving (dimensionless)",C_literature_all_cells
78,36,"Pendulum with non-linear damping, no driving (dimensionless)",123,2,wp_n1_old_basis,default_staged_polynomial_basis,surrogate,eq2_not_representable,,,normalized term-name set equality per equation index; equation order is preserved,False,0.9990767808437494,True,8.441134836494917e-05,5,"[5,4]",410,806603,806603,1334.173725012,non_evidence,ec3b6bd,0290b75a28791195,ffb0266c7913352c,False,336,336,,2,"Pendulum with non-linear damping, no driving (dimensionless)",C_literature_all_cells
79,37,Van der Pol oscillator (standard form),7,1,wp_n1_old_basis,default_staged_polynomial_basis,surrogate,eq2_not_representable,,,normalized term-name set equality per equation index; equation order is preserved,False,0.9895843163271717,True,0.020124589716207047,5,"[5,5]",430,2113986,2113986,43942.299089022,non_evidence,ec3b6bd,0290b75a28791195,ffb0266c7913352c,False,336,336,,2,Van der Pol oscillator (standard form),C_literature_all_cells
80,37,Van der Pol oscillator (standard form),42,1,wp_n1_old_basis,default_staged_polynomial_basis,surrogate,eq2_not_representable,,,normalized term-name set equality per equation index; equation order is preserved,False,0.99122223992825,True,0.016789129259210733,5,"[5,5]",610,3054970,3054970,30601.805509199,non_evidence,ec3b6bd,0290b75a28791195,ffb0266c7913352c,False,336,336,,2,Van der Pol oscillator (standard form),C_literature_all_cells
81,37,Van der Pol oscillator (standard form),123,1,wp_n1_old_basis,default_staged_polynomial_basis,surrogate,eq2_not_representable,,,normalized term-name set equality per equation index; equation order is preserved,False,0.9948273443120135,True,0.010023550992171929,5,"[5,5]",570,2961114,2961114,60236.575219078,non_evidence,ec3b6bd,0290b75a28791195,ffb0266c7913352c,False,336,336,,2,Van der Pol oscillator (standard form),C_literature_all_cells
82,37,Van der Pol oscillator (standard form),7,2,wp_n1_old_basis,default_staged_polynomial_basis,surrogate,eq2_not_representable,,,normalized term-name set equality per equation index; equation order is preserved,False,0.9844696513284924,True,0.03850630962732998,5,"[5,5]",530,2372494,2372494,11428.047034031,non_evidence,ec3b6bd,0290b75a28791195,ffb0266c7913352c,False,336,336,,2,Van der Pol oscillator (standard form),C_literature_all_cells
83,37,Van der Pol oscillator (standard form),42,2,wp_n1_old_basis,default_staged_polynomial_basis,surrogate,eq2_not_representable,,,normalized term-name set equality per equation index; equation order is preserved,False,0.9867525632137901,True,0.03158171637065373,5,"[5,5]",610,2528808,2528808,41556.778547684,non_evidence,ec3b6bd,0290b75a28791195,ffb0266c7913352c,False,336,336,,2,Van der Pol oscillator (standard form),C_literature_all_cells
84,37,Van der Pol oscillator (standard form),123,2,wp_n1_old_basis,default_staged_polynomial_basis,surrogate,eq2_not_representable,,,normalized term-name set equality per equation index; equation order is preserved,False,0.9754578806622366,True,0.06042145127592269,5,"[5,5]",570,2470835,2470835,10547.350163208,non_evidence,ec3b6bd,0290b75a28791195,ffb0266c7913352c,False,336,336,,2,Van der Pol oscillator (standard form),C_literature_all_cells
85,38,Van der Pol oscillator (simplified form from Strogatz),7,1,wp_n1_old_basis,default_staged_polynomial_basis,exact,ok,False,True,normalized term-name set equality per equation index; equation order is preserved,False,0.9999999999892725,True,6.875193026979932e-12,4,"[4,4]",490,4600277,4600277,8091.440363902,non_evidence,ec3b6bd,0290b75a28791195,ffb0266c7913352c,False,336,336,,2,Van der Pol oscillator (simplified form from Strogatz),A_paired_both_exact
86,38,Van der Pol oscillator (simplified form from Strogatz),42,1,wp_n1_old_basis,default_staged_polynomial_basis,exact,ok,False,True,normalized term-name set equality per equation index; equation order is preserved,False,0.9999999999910083,True,6.789503410169359e-12,4,"[4,4]",430,3514949,3514949,16200.439396485,non_evidence,ec3b6bd,0290b75a28791195,ffb0266c7913352c,False,336,336,,2,Van der Pol oscillator (simplified form from Strogatz),A_paired_both_exact
87,38,Van der Pol oscillator (simplified form from Strogatz),123,1,wp_n1_old_basis,default_staged_polynomial_basis,exact,ok,False,True,normalized term-name set equality per equation index; equation order is preserved,False,0.9999999999896569,True,6.82526620695982e-12,4,"[4,4]",550,4795677,4795677,14524.086194576,non_evidence,ec3b6bd,0290b75a28791195,ffb0266c7913352c,False,336,336,,2,Van der Pol oscillator (simplified form from Strogatz),A_paired_both_exact
88,38,Van der Pol oscillator (simplified form from Strogatz),7,2,wp_n1_old_basis,default_staged_polynomial_basis,exact,ok,False,True,normalized term-name set equality per equation index; equation order is preserved,False,0.9999999999928705,True,9.439390167665318e-12,4,"[4,4]",330,1412203,1412203,12849.999334964,non_evidence,ec3b6bd,0290b75a28791195,ffb0266c7913352c,False,336,336,,2,Van der Pol oscillator (simplified form from Strogatz),A_paired_both_exact
89,38,Van der Pol oscillator (simplified form from Strogatz),42,2,wp_n1_old_basis,default_staged_polynomial_basis,exact,ok,False,True,normalized term-name set equality per equation index; equation order is preserved,False,0.9999999999908666,True,1.0032731966273457e-11,4,"[4,4]",370,2024533,2024533,30753.969840224,non_evidence,ec3b6bd,0290b75a28791195,ffb0266c7913352c,False,336,336,,2,Van der Pol oscillator (simplified form from Strogatz),A_paired_both_exact
90,38,Van der Pol oscillator (simplified form from Strogatz),123,2,wp_n1_old_basis,default_staged_polynomial_basis,exact,ok,False,True,normalized term-name set equality per equation index; equation order is preserved,False,0.9999999999921629,True,9.597812043587234e-12,4,"[4,4]",290,1188968,1188968,6581.848668632,non_evidence,ec3b6bd,0290b75a28791195,ffb0266c7913352c,False,336,336,,2,Van der Pol oscillator (simplified form from Strogatz),A_paired_both_exact
91,39,"Glycolytic oscillator, e.g., ADP and F6P in yeast (dimensionless)",7,1,wp_n1_old_basis,default_staged_polynomial_basis,surrogate,eq1_not_representable,,,normalized term-name set equality per equation index; equation order is preserved,False,0.9535047340218543,True,0.00048443320411708574,5,"[1,5]",410,2572617,2572617,7919.303444808,non_evidence,ec3b6bd,0290b75a28791195,ffb0266c7913352c,False,336,336,,2,"Glycolytic oscillator, e.g., ADP and F6P in yeast (dimensionless)",C_literature_all_cells
92,39,"Glycolytic oscillator, e.g., ADP and F6P in yeast (dimensionless)",42,1,wp_n1_old_basis,default_staged_polynomial_basis,surrogate,eq1_not_representable,,,normalized term-name set equality per equation index; equation order is preserved,False,0.9535047313300553,True,0.0004844332041186988,5,"[1,5]",410,2638515,2638515,7559.977760211,non_evidence,ec3b6bd,0290b75a28791195,ffb0266c7913352c,False,336,336,,2,"Glycolytic oscillator, e.g., ADP and F6P in yeast (dimensionless)",C_literature_all_cells
93,39,"Glycolytic oscillator, e.g., ADP and F6P in yeast (dimensionless)",123,1,wp_n1_old_basis,default_staged_polynomial_basis,surrogate,eq1_not_representable,,,normalized term-name set equality per equation index; equation order is preserved,False,0.9535047348191364,True,0.00048443320411720354,5,"[1,5]",410,2604934,2604934,1943.467790207,non_evidence,ec3b6bd,0290b75a28791195,ffb0266c7913352c,False,336,336,,2,"Glycolytic oscillator, e.g., ADP and F6P in yeast (dimensionless)",C_literature_all_cells
94,39,"Glycolytic oscillator, e.g., ADP and F6P in yeast (dimensionless)",7,2,wp_n1_old_basis,default_staged_polynomial_basis,surrogate,eq1_not_representable,,,normalized term-name set equality per equation index; equation order is preserved,False,0.980219838509915,True,0.0005307746474773389,5,"[5,5]",410,352866,352866,5779.796801894,non_evidence,ec3b6bd,0290b75a28791195,ffb0266c7913352c,False,336,336,,2,"Glycolytic oscillator, e.g., ADP and F6P in yeast (dimensionless)",C_literature_all_cells
95,39,"Glycolytic oscillator, e.g., ADP and F6P in yeast (dimensionless)",42,2,wp_n1_old_basis,default_staged_polynomial_basis,surrogate,eq1_not_representable,,,normalized term-name set equality per equation index; equation order is preserved,False,0.9802198386222805,True,0.000530774647477379,5,"[5,5]",410,353363,353363,3943.230421202,non_evidence,ec3b6bd,0290b75a28791195,ffb0266c7913352c,False,336,336,,2,"Glycolytic oscillator, e.g., ADP and F6P in yeast (dimensionless)",C_literature_all_cells
96,39,"Glycolytic oscillator, e.g., ADP and F6P in yeast (dimensionless)",123,2,wp_n1_old_basis,default_staged_polynomial_basis,surrogate,eq1_not_representable,,,normalized term-name set equality per equation index; equation order is preserved,False,0.9802198390407495,True,0.0005307746474775246,5,"[5,5]",410,384763,384763,6283.997960337,non_evidence,ec3b6bd,0290b75a28791195,ffb0266c7913352c,False,336,336,,2,"Glycolytic oscillator, e.g., ADP and F6P in yeast (dimensionless)",C_literature_all_cells
97,40,Duffing equation (weakly non-linear oscillation),7,1,wp_n1_old_basis,default_staged_polynomial_basis,surrogate,eq2_not_representable,,,normalized term-name set equality per equation index; equation order is preserved,False,0.9559790791763875,True,0.06465105660785689,5,"[5,1]",470,3209368,3209368,47848.803295211,non_evidence,ec3b6bd,0290b75a28791195,ffb0266c7913352c,False,336,336,,2,Duffing equation (weakly non-linear oscillation),C_literature_all_cells
98,40,Duffing equation (weakly non-linear oscillation),42,1,wp_n1_old_basis,default_staged_polynomial_basis,surrogate,eq2_not_representable,,,normalized term-name set equality per equation index; equation order is preserved,False,0.9559790771313355,True,0.06465105660779502,5,"[5,1]",470,3202094,3202094,51024.797215819,non_evidence,ec3b6bd,0290b75a28791195,ffb0266c7913352c,False,336,336,,2,Duffing equation (weakly non-linear oscillation),C_literature_all_cells
99,40,Duffing equation (weakly non-linear oscillation),123,1,wp_n1_old_basis,default_staged_polynomial_basis,surrogate,eq2_not_representable,,,normalized term-name set equality per equation index; equation order is preserved,False,0.9559790775707555,True,0.06465105660764127,5,"[5,1]",450,3143676,3143676,59885.40596447,non_evidence,ec3b6bd,0290b75a28791195,ffb0266c7913352c,False,336,336,,2,Duffing equation (weakly non-linear oscillation),C_literature_all_cells
100,40,Duffing equation (weakly non-linear oscillation),7,2,wp_n1_old_basis,default_staged_polynomial_basis,surrogate,eq2_not_representable,,,normalized term-name set equality per equation index; equation order is preserved,False,0.9695380928488487,True,0.03286952770582692,5,"[5,5]",590,7969549,7969549,69229.169086842,non_evidence,ec3b6bd,0290b75a28791195,ffb0266c7913352c,False,336,336,,2,Duffing equation (weakly non-linear oscillation),C_literature_all_cells
101,40,Duffing equation (weakly non-linear oscillation),42,2,wp_n1_old_basis,default_staged_polynomial_basis,surrogate,eq2_not_representable,,,normalized term-name set equality per equation index; equation order is preserved,False,0.9775947196072639,True,0.024215997654373572,5,"[5,5]",610,8577451,8577451,139834.813445703,non_evidence,ec3b6bd,0290b75a28791195,ffb0266c7913352c,False,336,336,,2,Duffing equation (weakly non-linear oscillation),C_literature_all_cells
102,40,Duffing equation (weakly non-linear oscillation),123,2,wp_n1_old_basis,default_staged_polynomial_basis,surrogate,eq2_not_representable,,,normalized term-name set equality per equation index; equation order is preserved,False,0.9693751858841255,True,0.032880054181720075,5,"[5,5]",610,8565752,8565752,72683.801109825,non_evidence,ec3b6bd,0290b75a28791195,ffb0266c7913352c,False,336,336,,2,Duffing equation (weakly non-linear oscillation),C_literature_all_cells
103,41,Cell cycle model by Tyson for interaction between protein cdc2 and cyclin (dimensionless),7,1,wp_n1_old_basis,default_staged_polynomial_basis,surrogate,eq1_not_representable,,,normalized term-name set equality per equation index; equation order is preserved,False,0.9772423641860369,True,0.001433776961860932,5,"[5,5]",510,4499485,4499485,5424.832248437,non_evidence,ec3b6bd,0290b75a28791195,ffb0266c7913352c,False,336,336,,2,Cell cycle model by Tyson for interaction between protein cdc2 and cyclin (dimensionless),C_literature_all_cells
104,41,Cell cycle model by Tyson for interaction between protein cdc2 and cyclin (dimensionless),42,1,wp_n1_old_basis,default_staged_polynomial_basis,surrogate,eq1_not_representable,,,normalized term-name set equality per equation index; equation order is preserved,False,0.9758890365045323,True,0.0015664326291712947,5,"[5,5]",490,4046153,4046153,8851.61052395,non_evidence,ec3b6bd,0290b75a28791195,ffb0266c7913352c,False,336,336,,2,Cell cycle model by Tyson for interaction between protein cdc2 and cyclin (dimensionless),C_literature_all_cells
105,41,Cell cycle model by Tyson for interaction between protein cdc2 and cyclin (dimensionless),123,1,wp_n1_old_basis,default_staged_polynomial_basis,surrogate,eq1_not_representable,,,normalized term-name set equality per equation index; equation order is preserved,False,0.9763527709053751,True,0.001526069442294817,5,"[5,5]",510,3877206,3877206,6334.676898814,non_evidence,ec3b6bd,0290b75a28791195,ffb0266c7913352c,False,336,336,,2,Cell cycle model by Tyson for interaction between protein cdc2 and cyclin (dimensionless),C_literature_all_cells
106,41,Cell cycle model by Tyson for interaction between protein cdc2 and cyclin (dimensionless),7,2,wp_n1_old_basis,default_staged_polynomial_basis,surrogate,eq1_not_representable,,,normalized term-name set equality per equation index; equation order is preserved,False,0.9669562829050499,True,0.005242817663935723,5,"[5,5]",530,5068301,5068301,23954.963492505,non_evidence,ec3b6bd,0290b75a28791195,ffb0266c7913352c,False,336,336,,2,Cell cycle model by Tyson for interaction between protein cdc2 and cyclin (dimensionless),C_literature_all_cells
107,41,Cell cycle model by Tyson for interaction between protein cdc2 and cyclin (dimensionless),42,2,wp_n1_old_basis,default_staged_polynomial_basis,surrogate,eq1_not_representable,,,normalized term-name set equality per equation index; equation order is preserved,False,0.9698145697623737,True,0.004852750357651689,5,"[5,5]",570,5278693,5278693,15708.909714502,non_evidence,ec3b6bd,0290b75a28791195,ffb0266c7913352c,False,336,336,,2,Cell cycle model by Tyson for interaction between protein cdc2 and cyclin (dimensionless),C_literature_all_cells
108,41,Cell cycle model by Tyson for interaction between protein cdc2 and cyclin (dimensionless),123,2,wp_n1_old_basis,default_staged_polynomial_basis,surrogate,eq1_not_representable,,,normalized term-name set equality per equation index; equation order is preserved,False,0.9610195339280212,True,0.006140551985560239,5,"[5,5]",530,4445908,4445908,5058.402663824,non_evidence,ec3b6bd,0290b75a28791195,ffb0266c7913352c,False,336,336,,2,Cell cycle model by Tyson for interaction between protein cdc2 and cyclin (dimensionless),C_literature_all_cells
109,42,Reduced model for chlorine dioxide-iodine-malonic acid rection (dimensionless),7,1,wp_n1_old_basis,default_staged_polynomial_basis,surrogate,eq1_not_representable,,,normalized term-name set equality per equation index; equation order is preserved,False,0.9430080964754542,True,0.10484536116949356,5,"[5,5]",610,6030167,6030167,22261.424800726,non_evidence,ec3b6bd,0290b75a28791195,ffb0266c7913352c,False,336,336,,2,Reduced model for chlorine dioxide-iodine-malonic acid rection (dimensionless),C_literature_all_cells
110,42,Reduced model for chlorine dioxide-iodine-malonic acid rection (dimensionless),42,1,wp_n1_old_basis,default_staged_polynomial_basis,surrogate,eq1_not_representable,,,normalized term-name set equality per equation index; equation order is preserved,False,0.9122882877835075,True,0.1581171963951618,5,"[5,5]",610,5709724,5709724,178451.886037139,non_evidence,ec3b6bd,0290b75a28791195,ffb0266c7913352c,False,336,336,,2,Reduced model for chlorine dioxide-iodine-malonic acid rection (dimensionless),C_literature_all_cells
111,42,Reduced model for chlorine dioxide-iodine-malonic acid rection (dimensionless),123,1,wp_n1_old_basis,default_staged_polynomial_basis,surrogate,eq1_not_representable,,,normalized term-name set equality per equation index; equation order is preserved,False,0.9110067079453723,True,0.15616324225782105,5,"[5,5]",610,5689740,5689740,18935.779046303,non_evidence,ec3b6bd,0290b75a28791195,ffb0266c7913352c,False,336,336,,2,Reduced model for chlorine dioxide-iodine-malonic acid rection (dimensionless),C_literature_all_cells
112,42,Reduced model for chlorine dioxide-iodine-malonic acid rection (dimensionless),7,2,wp_n1_old_basis,default_staged_polynomial_basis,surrogate,eq1_not_representable,,,normalized term-name set equality per equation index; equation order is preserved,False,0.9817359526535903,True,0.01445796854381173,5,"[5,5]",610,1644914,1644914,15004.642732698,non_evidence,ec3b6bd,0290b75a28791195,ffb0266c7913352c,False,336,336,,2,Reduced model for chlorine dioxide-iodine-malonic acid rection (dimensionless),C_literature_all_cells
113,42,Reduced model for chlorine dioxide-iodine-malonic acid rection (dimensionless),42,2,wp_n1_old_basis,default_staged_polynomial_basis,surrogate,eq1_not_representable,,,normalized term-name set equality per equation index; equation order is preserved,False,0.9797229372475789,True,0.015859309133441784,5,"[5,5]",550,1227179,1227179,10902.114300583,non_evidence,ec3b6bd,0290b75a28791195,ffb0266c7913352c,False,336,336,,2,Reduced model for chlorine dioxide-iodine-malonic acid rection (dimensionless),C_literature_all_cells
114,42,Reduced model for chlorine dioxide-iodine-malonic acid rection (dimensionless),123,2,wp_n1_old_basis,default_staged_polynomial_basis,surrogate,eq1_not_representable,,,normalized term-name set equality per equation index; equation order is preserved,False,0.9799785164395557,True,0.015752319667064883,5,"[5,5]",570,1490981,1490981,11711.89548773,non_evidence,ec3b6bd,0290b75a28791195,ffb0266c7913352c,False,336,336,,2,Reduced model for chlorine dioxide-iodine-malonic acid rection (dimensionless),C_literature_all_cells
115,43,Driven pendulum with linear damping / Josephson junction (dimensionless),7,1,wp_n1_old_basis,default_staged_polynomial_basis,surrogate,eq2_not_representable,,,normalized term-name set equality per equation index; equation order is preserved,False,0.9810033426343372,True,0.0172533393350052,5,"[5,5]",570,3246400,3246400,27672.568031251,non_evidence,ec3b6bd,0290b75a28791195,ffb0266c7913352c,False,336,336,,2,Driven pendulum with linear damping / Josephson junction (dimensionless),C_literature_all_cells
116,43,Driven pendulum with linear damping / Josephson junction (dimensionless),42,1,wp_n1_old_basis,default_staged_polynomial_basis,surrogate,eq2_not_representable,,,normalized term-name set equality per equation index; equation order is preserved,False,0.9808885178824462,True,0.017663408041851264,5,"[5,5]",490,2612515,2612515,87212.049942701,non_evidence,ec3b6bd,0290b75a28791195,ffb0266c7913352c,False,336,336,,2,Driven pendulum with linear damping / Josephson junction (dimensionless),C_literature_all_cells
117,43,Driven pendulum with linear damping / Josephson junction (dimensionless),123,1,wp_n1_old_basis,default_staged_polynomial_basis,surrogate,eq2_not_representable,,,normalized term-name set equality per equation index; equation order is preserved,False,0.9811152501338255,True,0.018287515174131404,5,"[5,5]",510,3013788,3013788,47250.153819779,non_evidence,ec3b6bd,0290b75a28791195,ffb0266c7913352c,False,336,336,,2,Driven pendulum with linear damping / Josephson junction (dimensionless),C_literature_all_cells
118,43,Driven pendulum with linear damping / Josephson junction (dimensionless),7,2,wp_n1_old_basis,default_staged_polynomial_basis,surrogate,eq2_not_representable,,,normalized term-name set equality per equation index; equation order is preserved,False,0.9816772957551798,True,0.0064001981165891985,5,"[5,5]",590,2812810,2812810,61678.99955538,non_evidence,ec3b6bd,0290b75a28791195,ffb0266c7913352c,False,336,336,,2,Driven pendulum with linear damping / Josephson junction (dimensionless),C_literature_all_cells
119,43,Driven pendulum with linear damping / Josephson junction (dimensionless),42,2,wp_n1_old_basis,default_staged_polynomial_basis,surrogate,eq2_not_representable,,,normalized term-name set equality per equation index; equation order is preserved,False,0.8876635197696345,False,0.040607178526086356,5,"[5,5]",590,3265850,3265850,108246.711437188,non_evidence,ec3b6bd,0290b75a28791195,ffb0266c7913352c,False,336,336,,2,Driven pendulum with linear damping / Josephson junction (dimensionless),C_literature_all_cells
120,43,Driven pendulum with linear damping / Josephson junction (dimensionless),123,2,wp_n1_old_basis,default_staged_polynomial_basis,surrogate,eq2_not_representable,,,normalized term-name set equality per equation index; equation order is preserved,False,0.8849214005163645,False,0.04083874473709557,5,"[5,5]",510,2258440,2258440,26337.290404642,non_evidence,ec3b6bd,0290b75a28791195,ffb0266c7913352c,False,336,336,,2,Driven pendulum with linear damping / Josephson junction (dimensionless),C_literature_all_cells
121,44,Driven pendulum with quadratic damping (dimensionless),7,1,wp_n1_old_basis,default_staged_polynomial_basis,surrogate,eq2_not_representable,,,normalized term-name set equality per equation index; equation order is preserved,False,0.9648127371465642,True,0.010712248632657309,5,"[5,5]",590,3468569,3468569,38518.940657424,non_evidence,ec3b6bd,0290b75a28791195,ffb0266c7913352c,False,336,336,,2,Driven pendulum with quadratic damping (dimensionless),C_literature_all_cells
122,44,Driven pendulum with quadratic damping (dimensionless),42,1,wp_n1_old_basis,default_staged_polynomial_basis,surrogate,eq2_not_representable,,,normalized term-name set equality per equation index; equation order is preserved,False,0.9678915700941252,True,0.009719616358690078,5,"[5,5]",530,2885630,2885630,24361.251081013,non_evidence,ec3b6bd,0290b75a28791195,ffb0266c7913352c,False,336,336,,2,Driven pendulum with quadratic damping (dimensionless),C_literature_all_cells
123,44,Driven pendulum with quadratic damping (dimensionless),123,1,wp_n1_old_basis,default_staged_polynomial_basis,surrogate,eq2_not_representable,,,normalized term-name set equality per equation index; equation order is preserved,False,0.9678915843449789,True,0.009719616357640917,5,"[5,5]",570,3260164,3260164,21741.874982163,non_evidence,ec3b6bd,0290b75a28791195,ffb0266c7913352c,False,336,336,,2,Driven pendulum with quadratic damping (dimensionless),C_literature_all_cells
124,44,Driven pendulum with quadratic damping (dimensionless),7,2,wp_n1_old_basis,default_staged_polynomial_basis,surrogate,eq2_not_representable,,,normalized term-name set equality per equation index; equation order is preserved,False,0.9906318709938275,True,0.0014833484153351773,5,"[5,5]",530,1998885,1998885,50443.572575555,non_evidence,ec3b6bd,0290b75a28791195,ffb0266c7913352c,False,336,336,,2,Driven pendulum with quadratic damping (dimensionless),C_literature_all_cells
125,44,Driven pendulum with quadratic damping (dimensionless),42,2,wp_n1_old_basis,default_staged_polynomial_basis,surrogate,eq2_not_representable,,,normalized term-name set equality per equation index; equation order is preserved,False,0.9903736205159106,True,0.0014432215987218444,5,"[5,5]",510,1956849,1956849,63084.711201424,non_evidence,ec3b6bd,0290b75a28791195,ffb0266c7913352c,False,336,336,,2,Driven pendulum with quadratic damping (dimensionless),C_literature_all_cells
126,44,Driven pendulum with quadratic damping (dimensionless),123,2,wp_n1_old_basis,default_staged_polynomial_basis,surrogate,eq2_not_representable,,,normalized term-name set equality per equation index; equation order is preserved,False,0.7346260755092797,False,0.03516993713142135,5,"[5,5]",610,2844730,2844730,38197.951200592,non_evidence,ec3b6bd,0290b75a28791195,ffb0266c7913352c,False,336,336,,2,Driven pendulum with quadratic damping (dimensionless),C_literature_all_cells
127,45,Isothermal autocatalytic reaction model by Gray and Scott 1985 (dimensionless),7,1,wp_n1_old_basis,default_staged_polynomial_basis,surrogate,eq1_not_representable,,,normalized term-name set equality per equation index; equation order is preserved,False,0.9994126705709465,True,0.00030017150699822103,5,"[5,5]",470,2462725,2462725,1899.375152669,non_evidence,ec3b6bd,0290b75a28791195,ffb0266c7913352c,False,336,336,,2,Isothermal autocatalytic reaction model by Gray and Scott 1985 (dimensionless),C_literature_all_cells
128,45,Isothermal autocatalytic reaction model by Gray and Scott 1985 (dimensionless),42,1,wp_n1_old_basis,default_staged_polynomial_basis,surrogate,eq1_not_representable,,,normalized term-name set equality per equation index; equation order is preserved,False,0.9994126706958126,True,0.00030017150392601773,5,"[5,5]",470,2294185,2294185,2893.101399575,non_evidence,ec3b6bd,0290b75a28791195,ffb0266c7913352c,False,336,336,,2,Isothermal autocatalytic reaction model by Gray and Scott 1985 (dimensionless),C_literature_all_cells
129,45,Isothermal autocatalytic reaction model by Gray and Scott 1985 (dimensionless),123,1,wp_n1_old_basis,default_staged_polynomial_basis,surrogate,eq1_not_representable,,,normalized term-name set equality per equation index; equation order is preserved,False,0.9940905208419212,True,0.0015223338780607268,5,"[5,5]",450,2161239,2161239,8954.27186897,non_evidence,ec3b6bd,0290b75a28791195,ffb0266c7913352c,False,336,336,,2,Isothermal autocatalytic reaction model by Gray and Scott 1985 (dimensionless),C_literature_all_cells
130,45,Isothermal autocatalytic reaction model by Gray and Scott 1985 (dimensionless),7,2,wp_n1_old_basis,default_staged_polynomial_basis,surrogate,eq1_not_representable,,,normalized term-name set equality per equation index; equation order is preserved,False,0.9257423315938047,True,0.0015252659962374103,5,"[5,5]",430,1982183,1982183,12588.25035842,non_evidence,ec3b6bd,0290b75a28791195,ffb0266c7913352c,False,336,336,,2,Isothermal autocatalytic reaction model by Gray and Scott 1985 (dimensionless),C_literature_all_cells
131,45,Isothermal autocatalytic reaction model by Gray and Scott 1985 (dimensionless),42,2,wp_n1_old_basis,default_staged_polynomial_basis,surrogate,eq1_not_representable,,,normalized term-name set equality per equation index; equation order is preserved,False,0.9257423070104764,True,0.0015252659990787813,5,"[5,5]",450,2135066,2135066,8079.814687448,non_evidence,ec3b6bd,0290b75a28791195,ffb0266c7913352c,False,336,336,,2,Isothermal autocatalytic reaction model by Gray and Scott 1985 (dimensionless),C_literature_all_cells
132,45,Isothermal autocatalytic reaction model by Gray and Scott 1985 (dimensionless),123,2,wp_n1_old_basis,default_staged_polynomial_basis,surrogate,eq1_not_representable,,,normalized term-name set equality per equation index; equation order is preserved,False,0.925742276168206,True,0.0015252659986777905,5,"[5,5]",430,2008127,2008127,9248.138526909,non_evidence,ec3b6bd,0290b75a28791195,ffb0266c7913352c,False,336,336,,2,Isothermal autocatalytic reaction model by Gray and Scott 1985 (dimensionless),C_literature_all_cells
133,46,Interacting bar magnets,7,1,wp_n1_old_basis,default_staged_polynomial_basis,surrogate,eq1_not_representable,,,normalized term-name set equality per equation index; equation order is preserved,False,0.8088552114554013,False,0.00044743855921967223,5,"[5,5]",410,267629,267629,1439.130439083,non_evidence,ec3b6bd,0290b75a28791195,ffb0266c7913352c,False,336,336,,2,Interacting bar magnets,C_literature_all_cells
134,46,Interacting bar magnets,42,1,wp_n1_old_basis,default_staged_polynomial_basis,surrogate,eq1_not_representable,,,normalized term-name set equality per equation index; equation order is preserved,False,0.8088552114553993,False,0.00044743855921968584,5,"[5,5]",410,355891,355891,613.212156906,non_evidence,ec3b6bd,0290b75a28791195,ffb0266c7913352c,False,336,336,,2,Interacting bar magnets,C_literature_all_cells
135,46,Interacting bar magnets,123,1,wp_n1_old_basis,default_staged_polynomial_basis,surrogate,eq1_not_representable,,,normalized term-name set equality per equation index; equation order is preserved,False,0.8088552114553956,False,0.0004474385592197037,5,"[5,5]",410,291143,291143,1016.709928474,non_evidence,ec3b6bd,0290b75a28791195,ffb0266c7913352c,False,336,336,,2,Interacting bar magnets,C_literature_all_cells
136,46,Interacting bar magnets,7,2,wp_n1_old_basis,default_staged_polynomial_basis,surrogate,eq1_not_representable,,,normalized term-name set equality per equation index; equation order is preserved,False,0.9964055080966031,True,0.00017182031444605878,4,"[4,4]",330,190195,190195,1582.303864877,non_evidence,ec3b6bd,0290b75a28791195,ffb0266c7913352c,False,336,336,,2,Interacting bar magnets,C_literature_all_cells
137,46,Interacting bar magnets,42,2,wp_n1_old_basis,default_staged_polynomial_basis,surrogate,eq1_not_representable,,,normalized term-name set equality per equation index; equation order is preserved,False,0.9964055080956444,True,0.00017182031444612072,4,"[4,4]",330,336348,336348,2373.284216537,non_evidence,ec3b6bd,0290b75a28791195,ffb0266c7913352c,False,336,336,,2,Interacting bar magnets,C_literature_all_cells
138,46,Interacting bar magnets,123,2,wp_n1_old_basis,default_staged_polynomial_basis,surrogate,eq1_not_representable,,,normalized term-name set equality per equation index; equation order is preserved,False,0.9964055080961917,True,0.00017182031444613348,4,"[4,4]",330,365783,365783,3002.539930003,non_evidence,ec3b6bd,0290b75a28791195,ffb0266c7913352c,False,336,336,,2,Interacting bar magnets,C_literature_all_cells
139,47,Binocular rivalry model (no oscillations),7,1,wp_n1_old_basis,default_staged_polynomial_basis,surrogate,eq1_not_representable,,,normalized term-name set equality per equation index; equation order is preserved,False,0.7516370949015643,False,0.0004523586983967372,5,"[5,5]",430,2208382,2208382,20053.733536246,non_evidence,ec3b6bd,0290b75a28791195,ffb0266c7913352c,False,336,336,,2,Binocular rivalry model (no oscillations),C_literature_all_cells
140,47,Binocular rivalry model (no oscillations),42,1,wp_n1_old_basis,default_staged_polynomial_basis,surrogate,eq1_not_representable,,,normalized term-name set equality per equation index; equation order is preserved,False,0.7516371986730291,False,0.0004523586983997066,5,"[5,5]",430,2103455,2103455,19640.243947211,non_evidence,ec3b6bd,0290b75a28791195,ffb0266c7913352c,False,336,336,,2,Binocular rivalry model (no oscillations),C_literature_all_cells
141,47,Binocular rivalry model (no oscillations),123,1,wp_n1_old_basis,default_staged_polynomial_basis,surrogate,eq1_not_representable,,,normalized term-name set equality per equation index; equation order is preserved,False,0.7516370369982905,False,0.00045235869827611313,5,"[5,5]",430,2148950,2148950,21251.633725438,non_evidence,ec3b6bd,0290b75a28791195,ffb0266c7913352c,False,336,336,,2,Binocular rivalry model (no oscillations),C_literature_all_cells
142,47,Binocular rivalry model (no oscillations),7,2,wp_n1_old_basis,default_staged_polynomial_basis,surrogate,eq1_not_representable,,,normalized term-name set equality per equation index; equation order is preserved,False,0.9993947344329399,True,0.0006905580302291571,5,"[5,5]",430,779251,779251,7727.40700515,non_evidence,ec3b6bd,0290b75a28791195,ffb0266c7913352c,False,336,336,,2,Binocular rivalry model (no oscillations),C_literature_all_cells
143,47,Binocular rivalry model (no oscillations),42,2,wp_n1_old_basis,default_staged_polynomial_basis,surrogate,eq1_not_representable,,,normalized term-name set equality per equation index; equation order is preserved,False,0.9994850604543675,True,0.00042209440331964605,5,"[5,5]",510,1162776,1162776,5477.837657716,non_evidence,ec3b6bd,0290b75a28791195,ffb0266c7913352c,False,336,336,,2,Binocular rivalry model (no oscillations),C_literature_all_cells
144,47,Binocular rivalry model (no oscillations),123,2,wp_n1_old_basis,default_staged_polynomial_basis,surrogate,eq1_not_representable,,,normalized term-name set equality per equation index; equation order is preserved,False,0.9995612479670412,True,0.00040415980429353007,5,"[5,5]",450,798372,798372,4496.701413311,non_evidence,ec3b6bd,0290b75a28791195,ffb0266c7913352c,False,336,336,,2,Binocular rivalry model (no oscillations),C_literature_all_cells
145,48,Bacterial respiration model for nutrients and oxygen levels,7,1,wp_n1_old_basis,default_staged_polynomial_basis,surrogate,eq1_not_representable,,,normalized term-name set equality per equation index; equation order is preserved,False,0.9972085804868572,True,0.08584044868442728,5,"[3,5]",610,2040318,2040318,41098.229865485,non_evidence,ec3b6bd,0290b75a28791195,ffb0266c7913352c,False,336,336,,2,Bacterial respiration model for nutrients and oxygen levels,C_literature_all_cells
146,48,Bacterial respiration model for nutrients and oxygen levels,42,1,wp_n1_old_basis,default_staged_polynomial_basis,surrogate,eq1_not_representable,,,normalized term-name set equality per equation index; equation order is preserved,False,0.9974588505827554,True,0.07181456165325355,5,"[3,5]",530,2068738,2068738,54940.181820116,non_evidence,ec3b6bd,0290b75a28791195,ffb0266c7913352c,False,336,336,,2,Bacterial respiration model for nutrients and oxygen levels,C_literature_all_cells
147,48,Bacterial respiration model for nutrients and oxygen levels,123,1,wp_n1_old_basis,default_staged_polynomial_basis,surrogate,eq1_not_representable,,,normalized term-name set equality per equation index; equation order is preserved,False,0.9971592558388669,True,0.08474153773437217,5,"[3,5]",610,1953451,1953451,18916.884062242,non_evidence,ec3b6bd,0290b75a28791195,ffb0266c7913352c,False,336,336,,2,Bacterial respiration model for nutrients and oxygen levels,C_literature_all_cells
148,48,Bacterial respiration model for nutrients and oxygen levels,7,2,wp_n1_old_basis,default_staged_polynomial_basis,surrogate,eq1_not_representable,,,normalized term-name set equality per equation index; equation order is preserved,False,0.9991102527834879,True,0.04028113570528296,5,"[4,5]",610,2378718,2378718,22851.890859304,non_evidence,ec3b6bd,0290b75a28791195,ffb0266c7913352c,False,336,336,,2,Bacterial respiration model for nutrients and oxygen levels,C_literature_all_cells
149,48,Bacterial respiration model for nutrients and oxygen levels,42,2,wp_n1_old_basis,default_staged_polynomial_basis,surrogate,eq1_not_representable,,,normalized term-name set equality per equation index; equation order is preserved,False,0.9991233097848051,True,0.039774743274920726,5,"[4,5]",550,2209894,2209894,30550.00269152,non_evidence,ec3b6bd,0290b75a28791195,ffb0266c7913352c,False,336,336,,2,Bacterial respiration model for nutrients and oxygen levels,C_literature_all_cells
150,48,Bacterial respiration model for nutrients and oxygen levels,123,2,wp_n1_old_basis,default_staged_polynomial_basis,surrogate,eq1_not_representable,,,normalized term-name set equality per equation index; equation order is preserved,False,0.9960242123491287,True,0.09167612355518437,5,"[4,5]",570,2366785,2366785,48235.848298604,non_evidence,ec3b6bd,0290b75a28791195,ffb0266c7913352c,False,336,336,,2,Bacterial respiration model for nutrients and oxygen levels,C_literature_all_cells
151,49,Brusselator: hypothetical chemical oscillation model (dimensionless),7,1,wp_n1_old_basis,default_staged_polynomial_basis,surrogate,eq1_not_representable,,,normalized term-name set equality per equation index; equation order is preserved,False,0.9966658358763464,True,0.0007381406760483246,5,"[5,5]",490,2585728,2585728,14898.180834544,non_evidence,ec3b6bd,0290b75a28791195,ffb0266c7913352c,False,336,336,,2,Brusselator: hypothetical chemical oscillation model (dimensionless),C_literature_all_cells
152,49,Brusselator: hypothetical chemical oscillation model (dimensionless),42,1,wp_n1_old_basis,default_staged_polynomial_basis,surrogate,eq1_not_representable,,,normalized term-name set equality per equation index; equation order is preserved,False,0.9971772891911308,True,0.0006639199000387677,5,"[5,5]",570,2771616,2771616,12300.27653566,non_evidence,ec3b6bd,0290b75a28791195,ffb0266c7913352c,False,336,336,,2,Brusselator: hypothetical chemical oscillation model (dimensionless),C_literature_all_cells
153,49,Brusselator: hypothetical chemical oscillation model (dimensionless),123,1,wp_n1_old_basis,default_staged_polynomial_basis,surrogate,eq1_not_representable,,,normalized term-name set equality per equation index; equation order is preserved,False,0.9905808862109625,True,0.0020042867597900214,5,"[5,5]",470,2344138,2344138,44601.915815984,non_evidence,ec3b6bd,0290b75a28791195,ffb0266c7913352c,False,336,336,,2,Brusselator: hypothetical chemical oscillation model (dimensionless),C_literature_all_cells
154,49,Brusselator: hypothetical chemical oscillation model (dimensionless),7,2,wp_n1_old_basis,default_staged_polynomial_basis,surrogate,eq1_not_representable,,,normalized term-name set equality per equation index; equation order is preserved,False,0.9931127404298417,True,0.0002656493561893778,5,"[5,5]",490,1715877,1715877,8450.622431496,non_evidence,ec3b6bd,0290b75a28791195,ffb0266c7913352c,False,336,336,,2,Brusselator: hypothetical chemical oscillation model (dimensionless),C_literature_all_cells
155,49,Brusselator: hypothetical chemical oscillation model (dimensionless),42,2,wp_n1_old_basis,default_staged_polynomial_basis,surrogate,eq1_not_representable,,,normalized term-name set equality per equation index; equation order is preserved,False,0.9989655539867851,True,5.7157783402911466e-05,5,"[5,5]",550,2595152,2595152,19669.746860553,non_evidence,ec3b6bd,0290b75a28791195,ffb0266c7913352c,False,336,336,,2,Brusselator: hypothetical chemical oscillation model (dimensionless),C_literature_all_cells
156,49,Brusselator: hypothetical chemical oscillation model (dimensionless),123,2,wp_n1_old_basis,default_staged_polynomial_basis,surrogate,eq1_not_representable,,,normalized term-name set equality per equation index; equation order is preserved,False,0.9931127729058833,True,0.00026564935509006615,5,"[5,5]",490,1971204,1971204,9143.943276395,non_evidence,ec3b6bd,0290b75a28791195,ffb0266c7913352c,False,336,336,,2,Brusselator: hypothetical chemical oscillation model (dimensionless),C_literature_all_cells
157,50,Chemical oscillator model by Schnackenberg 1979 (dimensionless),7,1,wp_n1_old_basis,default_staged_polynomial_basis,surrogate,eq1_not_representable,,,normalized term-name set equality per equation index; equation order is preserved,False,0.9963746422747396,True,0.002795371871960358,5,"[5,5]",530,6236520,6236520,22394.985560253,non_evidence,ec3b6bd,0290b75a28791195,ffb0266c7913352c,False,336,336,,2,Chemical oscillator model by Schnackenberg 1979 (dimensionless),C_literature_all_cells
158,50,Chemical oscillator model by Schnackenberg 1979 (dimensionless),42,1,wp_n1_old_basis,default_staged_polynomial_basis,surrogate,eq1_not_representable,,,normalized term-name set equality per equation index; equation order is preserved,False,0.9952794950138922,True,0.003733719700597147,5,"[5,5]",530,6227872,6227872,12230.602448568,non_evidence,ec3b6bd,0290b75a28791195,ffb0266c7913352c,False,336,336,,2,Chemical oscillator model by Schnackenberg 1979 (dimensionless),C_literature_all_cells
159,50,Chemical oscillator model by Schnackenberg 1979 (dimensionless),123,1,wp_n1_old_basis,default_staged_polynomial_basis,surrogate,eq1_not_representable,,,normalized term-name set equality per equation index; equation order is preserved,False,0.9972485555283421,True,0.0022071632708140867,5,"[5,5]",510,5998178,5998178,23264.369129669,non_evidence,ec3b6bd,0290b75a28791195,ffb0266c7913352c,False,336,336,,2,Chemical oscillator model by Schnackenberg 1979 (dimensionless),C_literature_all_cells
160,50,Chemical oscillator model by Schnackenberg 1979 (dimensionless),7,2,wp_n1_old_basis,default_staged_polynomial_basis,surrogate,eq1_not_representable,,,normalized term-name set equality per equation index; equation order is preserved,False,0.913735517687212,True,0.00032388163485135203,5,"[5,3]",430,948768,948768,8493.385076959,non_evidence,ec3b6bd,0290b75a28791195,ffb0266c7913352c,False,336,336,,2,Chemical oscillator model by Schnackenberg 1979 (dimensionless),C_literature_all_cells
161,50,Chemical oscillator model by Schnackenberg 1979 (dimensionless),42,2,wp_n1_old_basis,default_staged_polynomial_basis,surrogate,eq1_not_representable,,,normalized term-name set equality per equation index; equation order is preserved,False,0.9137355197790573,True,0.0003238816348503469,5,"[5,3]",430,1012414,1012414,10287.529244006,non_evidence,ec3b6bd,0290b75a28791195,ffb0266c7913352c,False,336,336,,2,Chemical oscillator model by Schnackenberg 1979 (dimensionless),C_literature_all_cells
162,50,Chemical oscillator model by Schnackenberg 1979 (dimensionless),123,2,wp_n1_old_basis,default_staged_polynomial_basis,surrogate,eq1_not_representable,,,normalized term-name set equality per equation index; equation order is preserved,False,0.9137355348882271,True,0.00032388163485335097,5,"[5,3]",430,985438,985438,5398.77127874,non_evidence,ec3b6bd,0290b75a28791195,ffb0266c7913352c,False,336,336,,2,Chemical oscillator model by Schnackenberg 1979 (dimensionless),C_literature_all_cells
163,51,Oscillator death model by Ermentrout and Kopell 1990,7,1,wp_n1_old_basis,default_staged_polynomial_basis,surrogate,eq1_not_representable,,,normalized term-name set equality per equation index; equation order is preserved,False,0.999069964224734,True,0.012858640817399927,5,"[5,5]",490,3058221,3058221,45879.560312106,non_evidence,ec3b6bd,0290b75a28791195,ffb0266c7913352c,False,336,336,,2,Oscillator death model by Ermentrout and Kopell 1990,C_literature_all_cells
164,51,Oscillator death model by Ermentrout and Kopell 1990,42,1,wp_n1_old_basis,default_staged_polynomial_basis,surrogate,eq1_not_representable,,,normalized term-name set equality per equation index; equation order is preserved,False,0.9990901037286142,True,0.012670246635913597,5,"[5,5]",470,2957742,2957742,56743.319922072,non_evidence,ec3b6bd,0290b75a28791195,ffb0266c7913352c,False,336,336,,2,Oscillator death model by Ermentrout and Kopell 1990,C_literature_all_cells
165,51,Oscillator death model by Ermentrout and Kopell 1990,123,1,wp_n1_old_basis,default_staged_polynomial_basis,surrogate,eq1_not_representable,,,normalized term-name set equality per equation index; equation order is preserved,False,0.9990923283823463,True,0.01267551489023203,5,"[5,5]",530,3371573,3371573,120367.618171037,non_evidence,ec3b6bd,0290b75a28791195,ffb0266c7913352c,False,336,336,,2,Oscillator death model by Ermentrout and Kopell 1990,C_literature_all_cells
166,51,Oscillator death model by Ermentrout and Kopell 1990,7,2,wp_n1_old_basis,default_staged_polynomial_basis,surrogate,eq1_not_representable,,,normalized term-name set equality per equation index; equation order is preserved,False,0.9832681828914128,True,0.08008126383635257,5,"[5,1]",430,4311773,4311773,6137.18811241,non_evidence,ec3b6bd,0290b75a28791195,ffb0266c7913352c,False,336,336,,2,Oscillator death model by Ermentrout and Kopell 1990,C_literature_all_cells
167,51,Oscillator death model by Ermentrout and Kopell 1990,42,2,wp_n1_old_basis,default_staged_polynomial_basis,surrogate,eq1_not_representable,,,normalized term-name set equality per equation index; equation order is preserved,False,0.9838478680524657,True,0.06973148743727012,5,"[5,1]",570,5879980,5879980,6905.399855023,non_evidence,ec3b6bd,0290b75a28791195,ffb0266c7913352c,False,336,336,,2,Oscillator death model by Ermentrout and Kopell 1990,C_literature_all_cells
168,51,Oscillator death model by Ermentrout and Kopell 1990,123,2,wp_n1_old_basis,default_staged_polynomial_basis,surrogate,eq1_not_representable,,,normalized term-name set equality per equation index; equation order is preserved,False,0.9841773843103518,True,0.0685822249136505,5,"[5,1]",530,5596473,5596473,8857.583677729,non_evidence,ec3b6bd,0290b75a28791195,ffb0266c7913352c,False,336,336,,2,Oscillator death model by Ermentrout and Kopell 1990,C_literature_all_cells
169,24,Harmonic oscillator without damping,7,1,wp_n1_constant_basis,staged_polynomial_basis_with_constant,exact,ok,True,True,normalized term-name set equality per equation index; equation order is preserved,False,0.9999999999999221,True,1.0383814183968562e-14,1,"[1,1]",30,80298,80298,21.643420953,non_evidence,ec3b6bd,0290b75a28791195,ffb0266c7913352c,False,336,336,,2,Harmonic oscillator without damping,A_paired_both_exact
170,24,Harmonic oscillator without damping,42,1,wp_n1_constant_basis,staged_polynomial_basis_with_constant,exact,ok,False,True,normalized term-name set equality per equation index; equation order is preserved,False,0.999999999999789,True,2.620406139855098e-14,1,"[1,1]",50,95179,95179,26.926229113,non_evidence,ec3b6bd,0290b75a28791195,ffb0266c7913352c,False,336,336,,2,Harmonic oscillator without damping,A_paired_both_exact
171,24,Harmonic oscillator without damping,123,1,wp_n1_constant_basis,staged_polynomial_basis_with_constant,exact,ok,False,True,normalized term-name set equality per equation index; equation order is preserved,False,0.99999999999976,True,2.963328657813494e-14,1,"[1,1]",30,70292,70292,19.680280231,non_evidence,ec3b6bd,0290b75a28791195,ffb0266c7913352c,False,336,336,,2,Harmonic oscillator without damping,A_paired_both_exact
172,24,Harmonic oscillator without damping,7,2,wp_n1_constant_basis,staged_polynomial_basis_with_constant,exact,ok,False,True,normalized term-name set equality per equation index; equation order is preserved,False,0.9999999999996438,True,4.706390516878191e-15,1,"[1,1]",30,88157,88157,23.203898866,non_evidence,ec3b6bd,0290b75a28791195,ffb0266c7913352c,False,336,336,,2,Harmonic oscillator without damping,A_paired_both_exact
173,24,Harmonic oscillator without damping,42,2,wp_n1_constant_basis,staged_polynomial_basis_with_constant,exact,ok,False,True,normalized term-name set equality per equation index; equation order is preserved,False,0.9999999999994886,True,5.998752439172523e-15,1,"[1,1]",30,84324,84324,20.738662493,non_evidence,ec3b6bd,0290b75a28791195,ffb0266c7913352c,False,336,336,,2,Harmonic oscillator without damping,A_paired_both_exact
174,24,Harmonic oscillator without damping,123,2,wp_n1_constant_basis,staged_polynomial_basis_with_constant,exact,ok,False,True,normalized term-name set equality per equation index; equation order is preserved,False,0.9999999999994882,True,6.004217988776343e-15,1,"[1,1]",30,56427,56427,18.138976615,non_evidence,ec3b6bd,0290b75a28791195,ffb0266c7913352c,False,336,336,,2,Harmonic oscillator without damping,A_paired_both_exact
175,25,Harmonic oscillator with damping,7,1,wp_n1_constant_basis,staged_polynomial_basis_with_constant,exact,ok,False,True,normalized term-name set equality per equation index; equation order is preserved,False,0.9999999999984281,True,7.460186405522452e-15,1,"[1,1]",50,216466,216466,43.98112206,non_evidence,ec3b6bd,0290b75a28791195,ffb0266c7913352c,False,336,336,,2,Harmonic oscillator with damping,A_paired_both_exact
176,25,Harmonic oscillator with damping,42,1,wp_n1_constant_basis,staged_polynomial_basis_with_constant,exact,ok,False,False,normalized term-name set equality per equation index; equation order is preserved,False,0.984539746051658,True,3.160550403226933e-05,5,"[5,5]",410,2555626,2555626,11761.479606646,non_evidence,ec3b6bd,0290b75a28791195,ffb0266c7913352c,False,336,336,,2,Harmonic oscillator with damping,A_paired_both_exact
177,25,Harmonic oscillator with damping,123,1,wp_n1_constant_basis,staged_polynomial_basis_with_constant,exact,ok,False,True,normalized term-name set equality per equation index; equation order is preserved,False,0.9999999999984069,True,7.509255528721237e-15,1,"[1,1]",70,125738,125738,31.535812947,non_evidence,ec3b6bd,0290b75a28791195,ffb0266c7913352c,False,336,336,,2,Harmonic oscillator with damping,A_paired_both_exact
178,25,Harmonic oscillator with damping,7,2,wp_n1_constant_basis,staged_polynomial_basis_with_constant,exact,ok,True,True,normalized term-name set equality per equation index; equation order is preserved,False,0.9999999999984407,True,9.471950580784262e-15,1,"[1,1]",30,73573,73573,20.63924306,non_evidence,ec3b6bd,0290b75a28791195,ffb0266c7913352c,False,336,336,,2,Harmonic oscillator with damping,A_paired_both_exact
179,25,Harmonic oscillator with damping,42,2,wp_n1_constant_basis,staged_polynomial_basis_with_constant,exact,ok,False,False,normalized term-name set equality per equation index; equation order is preserved,False,0.9832307343069385,True,0.00011188657841002904,5,"[5,5]",410,555078,555078,7395.041839119,non_evidence,ec3b6bd,0290b75a28791195,ffb0266c7913352c,False,336,336,,2,Harmonic oscillator with damping,A_paired_both_exact
180,25,Harmonic oscillator with damping,123,2,wp_n1_constant_basis,staged_polynomial_basis_with_constant,exact,ok,True,True,normalized term-name set equality per equation index; equation order is preserved,False,0.9999999999975209,True,1.1526263470075842e-14,1,"[1,1]",30,50135,50135,17.043243399,non_evidence,ec3b6bd,0290b75a28791195,ffb0266c7913352c,False,336,336,,2,Harmonic oscillator with damping,A_paired_both_exact
181,26,Lotka-Volterra competition model (Strogatz version with sheeps and rabbits),7,1,wp_n1_constant_basis,staged_polynomial_basis_with_constant,exact,ok,False,False,normalized term-name set equality per equation index; equation order is preserved,False,0.9980022717525323,True,0.0001968312884577648,3,"[3,3]",370,1601246,1601246,5549.013319681,non_evidence,ec3b6bd,0290b75a28791195,ffb0266c7913352c,False,336,336,,2,Lotka-Volterra competition model (Strogatz version with sheeps and rabbits),A_paired_both_exact
182,26,Lotka-Volterra competition model (Strogatz version with sheeps and rabbits),42,1,wp_n1_constant_basis,staged_polynomial_basis_with_constant,exact,ok,False,False,normalized term-name set equality per equation index; equation order is preserved,False,0.99800227171835,True,0.00019683128826264096,3,"[3,3]",410,1223309,1223309,4611.639751439,non_evidence,ec3b6bd,0290b75a28791195,ffb0266c7913352c,False,336,336,,2,Lotka-Volterra competition model (Strogatz version with sheeps and rabbits),A_paired_both_exact
183,26,Lotka-Volterra competition model (Strogatz version with sheeps and rabbits),123,1,wp_n1_constant_basis,staged_polynomial_basis_with_constant,exact,ok,False,False,normalized term-name set equality per equation index; equation order is preserved,False,0.998008355067474,True,0.00019647311875266874,3,"[3,3]",350,1049407,1049407,3714.574387324,non_evidence,ec3b6bd,0290b75a28791195,ffb0266c7913352c,False,336,336,,2,Lotka-Volterra competition model (Strogatz version with sheeps and rabbits),A_paired_both_exact
184,26,Lotka-Volterra competition model (Strogatz version with sheeps and rabbits),7,2,wp_n1_constant_basis,staged_polynomial_basis_with_constant,exact,ok,False,False,normalized term-name set equality per equation index; equation order is preserved,False,0.9830366978718705,True,0.0008200473024177052,3,"[3,3]",370,871647,871647,4130.760715483,non_evidence,ec3b6bd,0290b75a28791195,ffb0266c7913352c,False,336,336,,2,Lotka-Volterra competition model (Strogatz version with sheeps and rabbits),A_paired_both_exact
185,26,Lotka-Volterra competition model (Strogatz version with sheeps and rabbits),42,2,wp_n1_constant_basis,staged_polynomial_basis_with_constant,exact,ok,False,False,normalized term-name set equality per equation index; equation order is preserved,False,0.9830366963774124,True,0.0008200473024171206,3,"[3,3]",350,777148,777148,1963.772913937,non_evidence,ec3b6bd,0290b75a28791195,ffb0266c7913352c,False,336,336,,2,Lotka-Volterra competition model (Strogatz version with sheeps and rabbits),A_paired_both_exact
186,26,Lotka-Volterra competition model (Strogatz version with sheeps and rabbits),123,2,wp_n1_constant_basis,staged_polynomial_basis_with_constant,exact,ok,False,False,normalized term-name set equality per equation index; equation order is preserved,False,0.9830367021795752,True,0.0008200473024226583,3,"[3,3]",310,839398,839398,4796.961888135,non_evidence,ec3b6bd,0290b75a28791195,ffb0266c7913352c,False,336,336,,2,Lotka-Volterra competition model (Strogatz version with sheeps and rabbits),A_paired_both_exact
187,27,Lotka-Volterra simple (as on Wikipedia),7,1,wp_n1_constant_basis,staged_polynomial_basis_with_constant,exact,ok,False,False,normalized term-name set equality per equation index; equation order is preserved,False,0.998194562518136,True,0.011156018921080799,3,"[3,3]",510,1895966,1895966,25552.204486548,non_evidence,ec3b6bd,0290b75a28791195,ffb0266c7913352c,False,336,336,,2,Lotka-Volterra simple (as on Wikipedia),A_paired_both_exact
188,27,Lotka-Volterra simple (as on Wikipedia),42,1,wp_n1_constant_basis,staged_polynomial_basis_with_constant,exact,ok,False,False,normalized term-name set equality per equation index; equation order is preserved,False,0.9791629654544827,True,0.1284146090393887,3,"[3,3]",570,2209786,2209786,49478.930416407,non_evidence,ec3b6bd,0290b75a28791195,ffb0266c7913352c,False,336,336,,2,Lotka-Volterra simple (as on Wikipedia),A_paired_both_exact
189,27,Lotka-Volterra simple (as on Wikipedia),123,1,wp_n1_constant_basis,staged_polynomial_basis_with_constant,exact,ok,False,False,normalized term-name set equality per equation index; equation order is preserved,False,0.7002568612853637,False,1.8404843383210834,3,"[3,3]",390,1177589,1177589,9307.931896353,non_evidence,ec3b6bd,0290b75a28791195,ffb0266c7913352c,False,336,336,,2,Lotka-Volterra simple (as on Wikipedia),A_paired_both_exact
190,27,Lotka-Volterra simple (as on Wikipedia),7,2,wp_n1_constant_basis,staged_polynomial_basis_with_constant,exact,ok,False,True,normalized term-name set equality per equation index; equation order is preserved,False,0.9999999977839633,True,4.700090422932546e-09,3,"[3,3]",390,4183944,4183944,26433.883600408,non_evidence,ec3b6bd,0290b75a28791195,ffb0266c7913352c,False,336,336,,2,Lotka-Volterra simple (as on Wikipedia),A_paired_both_exact
191,27,Lotka-Volterra simple (as on Wikipedia),42,2,wp_n1_constant_basis,staged_polynomial_basis_with_constant,exact,ok,False,False,normalized term-name set equality per equation index; equation order is preserved,False,0.9998118812864223,True,0.00043367319337838837,3,"[3,3]",430,4753478,4753478,13572.771915365,non_evidence,ec3b6bd,0290b75a28791195,ffb0266c7913352c,False,336,336,,2,Lotka-Volterra simple (as on Wikipedia),A_paired_both_exact
192,27,Lotka-Volterra simple (as on Wikipedia),123,2,wp_n1_constant_basis,staged_polynomial_basis_with_constant,exact,ok,False,True,normalized term-name set equality per equation index; equation order is preserved,False,0.999999998552706,True,2.9983453250555624e-09,3,"[3,3]",330,3228806,3228806,13115.608488542,non_evidence,ec3b6bd,0290b75a28791195,ffb0266c7913352c,False,336,336,,2,Lotka-Volterra simple (as on Wikipedia),A_paired_both_exact
193,28,Pendulum without friction,7,1,wp_n1_constant_basis,staged_polynomial_basis_with_constant,exact,ok,False,False,normalized term-name set equality per equation index; equation order is preserved,False,0.9999979388352487,True,2.048531989579024e-06,5,"[5,5]",410,1372334,1372334,14367.59906503,non_evidence,ec3b6bd,0290b75a28791195,ffb0266c7913352c,False,336,336,,2,Pendulum without friction,A_paired_both_exact
194,28,Pendulum without friction,42,1,wp_n1_constant_basis,staged_polynomial_basis_with_constant,exact,ok,False,False,normalized term-name set equality per equation index; equation order is preserved,False,0.9999979388355055,True,2.0485319684017828e-06,5,"[5,5]",430,1796298,1796298,32021.83205834,non_evidence,ec3b6bd,0290b75a28791195,ffb0266c7913352c,False,336,336,,2,Pendulum without friction,A_paired_both_exact
195,28,Pendulum without friction,123,1,wp_n1_constant_basis,staged_polynomial_basis_with_constant,exact,ok,False,False,normalized term-name set equality per equation index; equation order is preserved,False,0.9999979439406362,True,2.0390278381094094e-06,5,"[5,5]",410,1901095,1901095,17121.711489924,non_evidence,ec3b6bd,0290b75a28791195,ffb0266c7913352c,False,336,336,,2,Pendulum without friction,A_paired_both_exact
196,28,Pendulum without friction,7,2,wp_n1_constant_basis,staged_polynomial_basis_with_constant,exact,ok,False,False,normalized term-name set equality per equation index; equation order is preserved,False,0.9998631182795881,True,4.698886990584918e-05,5,"[5,5]",410,3246202,3246202,10830.908342483,non_evidence,ec3b6bd,0290b75a28791195,ffb0266c7913352c,False,336,336,,2,Pendulum without friction,A_paired_both_exact
197,28,Pendulum without friction,42,2,wp_n1_constant_basis,staged_polynomial_basis_with_constant,exact,ok,False,False,normalized term-name set equality per equation index; equation order is preserved,False,0.9998674794811324,True,4.535797644638641e-05,5,"[5,5]",430,2426624,2426624,17040.639270945,non_evidence,ec3b6bd,0290b75a28791195,ffb0266c7913352c,False,336,336,,2,Pendulum without friction,A_paired_both_exact
198,28,Pendulum without friction,123,2,wp_n1_constant_basis,staged_polynomial_basis_with_constant,exact,ok,False,False,normalized term-name set equality per equation index; equation order is preserved,False,0.9998646267276967,True,4.642748040002067e-05,5,"[5,5]",410,2345848,2345848,13423.132637075,non_evidence,ec3b6bd,0290b75a28791195,ffb0266c7913352c,False,336,336,,2,Pendulum without friction,A_paired_both_exact
199,29,Dipole fixed point,7,1,wp_n1_constant_basis,staged_polynomial_basis_with_constant,exact,ok,False,False,normalized term-name set equality per equation index; equation order is preserved,False,0.9963418089636711,True,0.001180605258060295,3,"[3,2]",350,1621763,1621763,1170.631952215,non_evidence,ec3b6bd,0290b75a28791195,ffb0266c7913352c,False,336,336,,2,Dipole fixed point,A_paired_both_exact
200,29,Dipole fixed point,42,1,wp_n1_constant_basis,staged_polynomial_basis_with_constant,exact,ok,False,False,normalized term-name set equality per equation index; equation order is preserved,False,0.9967294957940163,True,0.00113011447879062,3,"[3,2]",350,1237675,1237675,3348.647167667,non_evidence,ec3b6bd,0290b75a28791195,ffb0266c7913352c,False,336,336,,2,Dipole fixed point,A_paired_both_exact
201,29,Dipole fixed point,123,1,wp_n1_constant_basis,staged_polynomial_basis_with_constant,exact,ok,False,False,normalized term-name set equality per equation index; equation order is preserved,False,0.9953012519653543,True,0.0014869985716090882,3,"[3,2]",330,1035148,1035148,20215.2614019,non_evidence,ec3b6bd,0290b75a28791195,ffb0266c7913352c,False,336,336,,2,Dipole fixed point,A_paired_both_exact
202,29,Dipole fixed point,7,2,wp_n1_constant_basis,staged_polynomial_basis_with_constant,exact,ok,False,False,normalized term-name set equality per equation index; equation order is preserved,False,0.9979907714336995,True,0.00010702522281020155,3,"[3,2]",270,564114,564114,748.57684017,non_evidence,ec3b6bd,0290b75a28791195,ffb0266c7913352c,False,336,336,,2,Dipole fixed point,A_paired_both_exact
203,29,Dipole fixed point,42,2,wp_n1_constant_basis,staged_polynomial_basis_with_constant,exact,ok,False,False,normalized term-name set equality per equation index; equation order is preserved,False,0.9979907715810261,True,0.00010702522281061243,3,"[3,2]",270,391432,391432,968.911081712,non_evidence,ec3b6bd,0290b75a28791195,ffb0266c7913352c,False,336,336,,2,Dipole fixed point,A_paired_both_exact
204,29,Dipole fixed point,123,2,wp_n1_constant_basis,staged_polynomial_basis_with_constant,exact,ok,False,False,normalized term-name set equality per equation index; equation order is preserved,False,0.9979907715538234,True,0.00010702522281041108,3,"[3,2]",270,417020,417020,811.035761469,non_evidence,ec3b6bd,0290b75a28791195,ffb0266c7913352c,False,336,336,,2,Dipole fixed point,A_paired_both_exact
205,30,RNA molecules catalyzing each others replication,7,1,wp_n1_constant_basis,staged_polynomial_basis_with_constant,surrogate,eq1_not_representable,,,normalized term-name set equality per equation index; equation order is preserved,False,0.9836863057829975,True,0.0001885195385566241,5,"[5,5]",410,466749,466749,66.530854695,non_evidence,ec3b6bd,0290b75a28791195,ffb0266c7913352c,False,336,336,,2,RNA molecules catalyzing each others replication,C_literature_all_cells
206,30,RNA molecules catalyzing each others replication,42,1,wp_n1_constant_basis,staged_polynomial_basis_with_constant,surrogate,eq1_not_representable,,,normalized term-name set equality per equation index; equation order is preserved,False,0.9594862998518696,True,0.00031858073004370366,5,"[5,5]",410,923280,923280,328.72294434,non_evidence,ec3b6bd,0290b75a28791195,ffb0266c7913352c,False,336,336,,2,RNA molecules catalyzing each others replication,C_literature_all_cells
207,30,RNA molecules catalyzing each others replication,123,1,wp_n1_constant_basis,staged_polynomial_basis_with_constant,surrogate,eq1_not_representable,,,normalized term-name set equality per equation index; equation order is preserved,False,0.9594862998518743,True,0.0003185807300437329,5,"[5,5]",410,861324,861324,563.745439826,non_evidence,ec3b6bd,0290b75a28791195,ffb0266c7913352c,False,336,336,,2,RNA molecules catalyzing each others replication,C_literature_all_cells
208,30,RNA molecules catalyzing each others replication,7,2,wp_n1_constant_basis,staged_polynomial_basis_with_constant,surrogate,eq1_not_representable,,,normalized term-name set equality per equation index; equation order is preserved,False,0.9923521907222514,True,0.00011759532133771067,5,"[5,5]",410,888139,888139,115.572184364,non_evidence,ec3b6bd,0290b75a28791195,ffb0266c7913352c,False,336,336,,2,RNA molecules catalyzing each others replication,C_literature_all_cells
209,30,RNA molecules catalyzing each others replication,42,2,wp_n1_constant_basis,staged_polynomial_basis_with_constant,surrogate,eq1_not_representable,,,normalized term-name set equality per equation index; equation order is preserved,False,0.9891264469104233,True,0.00017788682790254064,5,"[5,5]",410,436307,436307,56.026601119,non_evidence,ec3b6bd,0290b75a28791195,ffb0266c7913352c,False,336,336,,2,RNA molecules catalyzing each others replication,C_literature_all_cells
210,30,RNA molecules catalyzing each others replication,123,2,wp_n1_constant_basis,staged_polynomial_basis_with_constant,surrogate,eq1_not_representable,,,normalized term-name set equality per equation index; equation order is preserved,False,0.9923521905771207,True,0.00011759532133792837,5,"[5,5]",410,533159,533159,67.049943166,non_evidence,ec3b6bd,0290b75a28791195,ffb0266c7913352c,False,336,336,,2,RNA molecules catalyzing each others replication,C_literature_all_cells
211,31,SIR infection model only for healthy and sick,7,1,wp_n1_constant_basis,staged_polynomial_basis_with_constant,exact,ok,False,False,normalized term-name set equality per equation index; equation order is preserved,False,0.999974402166661,True,6.504262708035461e-05,3,"[3,3]",390,1069805,1069805,2317.835543626,non_evidence,ec3b6bd,0290b75a28791195,ffb0266c7913352c,False,336,336,,2,SIR infection model only for healthy and sick,A_paired_both_exact
212,31,SIR infection model only for healthy and sick,42,1,wp_n1_constant_basis,staged_polynomial_basis_with_constant,exact,ok,False,False,normalized term-name set equality per equation index; equation order is preserved,False,0.9999506921092037,True,0.00012427225795286605,3,"[3,3]",370,805085,805085,2988.582376374,non_evidence,ec3b6bd,0290b75a28791195,ffb0266c7913352c,False,336,336,,2,SIR infection model only for healthy and sick,A_paired_both_exact
213,31,SIR infection model only for healthy and sick,123,1,wp_n1_constant_basis,staged_polynomial_basis_with_constant,exact,ok,False,False,normalized term-name set equality per equation index; equation order is preserved,False,0.9999506921091721,True,0.0001242722579558883,3,"[3,3]",370,977300,977300,3030.686366807,non_evidence,ec3b6bd,0290b75a28791195,ffb0266c7913352c,False,336,336,,2,SIR infection model only for healthy and sick,A_paired_both_exact
214,31,SIR infection model only for healthy and sick,7,2,wp_n1_constant_basis,staged_polynomial_basis_with_constant,exact,ok,False,False,normalized term-name set equality per equation index; equation order is preserved,False,0.999999998202648,True,1.1034392304031093e-08,5,"[5,5]",610,1715285,1715285,44650.975078594,non_evidence,ec3b6bd,0290b75a28791195,ffb0266c7913352c,False,336,336,,2,SIR infection model only for healthy and sick,A_paired_both_exact
215,31,SIR infection model only for healthy and sick,42,2,wp_n1_constant_basis,staged_polynomial_basis_with_constant,exact,ok,False,False,normalized term-name set equality per equation index; equation order is preserved,False,0.9999999988700801,True,7.3099099829480605e-09,3,"[3,3]",350,637111,637111,5718.608348468,non_evidence,ec3b6bd,0290b75a28791195,ffb0266c7913352c,False,336,336,,2,SIR infection model only for healthy and sick,A_paired_both_exact
216,31,SIR infection model only for healthy and sick,123,2,wp_n1_constant_basis,staged_polynomial_basis_with_constant,exact,ok,False,False,normalized term-name set equality per equation index; equation order is preserved,False,0.9999999997814883,True,1.3279978678116043e-09,3,"[3,3]",370,545181,545181,2216.48945927,non_evidence,ec3b6bd,0290b75a28791195,ffb0266c7913352c,False,336,336,,2,SIR infection model only for healthy and sick,A_paired_both_exact
217,32,Damped double well oscillator,7,1,wp_n1_constant_basis,staged_polynomial_basis_with_constant,exact,ok,False,False,normalized term-name set equality per equation index; equation order is preserved,False,0.8259906998355218,False,0.22482614271745777,5,"[5,4]",610,3945519,3945519,10019.233791506,non_evidence,ec3b6bd,0290b75a28791195,ffb0266c7913352c,False,336,336,,2,Damped double well oscillator,A_paired_both_exact
218,32,Damped double well oscillator,42,1,wp_n1_constant_basis,staged_polynomial_basis_with_constant,exact,ok,False,True,normalized term-name set equality per equation index; equation order is preserved,False,0.999999999997401,True,3.4164013907972613e-12,4,"[4,4]",410,2426101,2426101,7913.506846956,non_evidence,ec3b6bd,0290b75a28791195,ffb0266c7913352c,False,336,336,,2,Damped double well oscillator,A_paired_both_exact
219,32,Damped double well oscillator,123,1,wp_n1_constant_basis,staged_polynomial_basis_with_constant,exact,ok,False,True,normalized term-name set equality per equation index; equation order is preserved,False,0.9999999999982062,True,2.3500761799048682e-12,4,"[4,4]",410,2608709,2608709,7801.004356985,non_evidence,ec3b6bd,0290b75a28791195,ffb0266c7913352c,False,336,336,,2,Damped double well oscillator,A_paired_both_exact
220,32,Damped double well oscillator,7,2,wp_n1_constant_basis,staged_polynomial_basis_with_constant,exact,ok,False,False,normalized term-name set equality per equation index; equation order is preserved,False,0.8068983593939824,False,6.583322526694653,4,"[4,4]",610,3307587,3307587,66490.022163531,non_evidence,ec3b6bd,0290b75a28791195,ffb0266c7913352c,False,336,336,,2,Damped double well oscillator,A_paired_both_exact
221,32,Damped double well oscillator,42,2,wp_n1_constant_basis,staged_polynomial_basis_with_constant,exact,ok,False,False,normalized term-name set equality per equation index; equation order is preserved,False,0.9990815880793318,True,0.026629135536853137,5,"[5,4]",570,2037382,2037382,41239.69029883,non_evidence,ec3b6bd,0290b75a28791195,ffb0266c7913352c,False,336,336,,2,Damped double well oscillator,A_paired_both_exact
222,32,Damped double well oscillator,123,2,wp_n1_constant_basis,staged_polynomial_basis_with_constant,exact,ok,False,False,normalized term-name set equality per equation index; equation order is preserved,False,0.999999847482526,True,1.435526634693304e-05,5,"[5,4]",590,2481160,2481160,75085.568614944,non_evidence,ec3b6bd,0290b75a28791195,ffb0266c7913352c,False,336,336,,2,Damped double well oscillator,A_paired_both_exact
223,33,Glider (dimensionless),7,1,wp_n1_constant_basis,staged_polynomial_basis_with_constant,surrogate,eq2_not_representable,,,normalized term-name set equality per equation index; equation order is preserved,False,0.9785959497016938,True,0.04226790403638719,5,"[5,5]",610,3374675,3374675,15195.158712216,non_evidence,ec3b6bd,0290b75a28791195,ffb0266c7913352c,False,336,336,,2,Glider (dimensionless),C_literature_all_cells
224,33,Glider (dimensionless),42,1,wp_n1_constant_basis,staged_polynomial_basis_with_constant,surrogate,eq2_not_representable,,,normalized term-name set equality per equation index; equation order is preserved,False,0.9991119702805409,True,0.004461750951059188,5,"[5,5]",610,4063107,4063107,84325.177956792,non_evidence,ec3b6bd,0290b75a28791195,ffb0266c7913352c,False,336,336,,2,Glider (dimensionless),C_literature_all_cells
225,33,Glider (dimensionless),123,1,wp_n1_constant_basis,staged_polynomial_basis_with_constant,surrogate,eq2_not_representable,,,normalized term-name set equality per equation index; equation order is preserved,False,0.981918650536983,True,0.04003361165681021,5,"[5,5]",590,4049370,4049370,82464.907018137,non_evidence,ec3b6bd,0290b75a28791195,ffb0266c7913352c,False,336,336,,2,Glider (dimensionless),C_literature_all_cells
226,33,Glider (dimensionless),7,2,wp_n1_constant_basis,staged_polynomial_basis_with_constant,surrogate,eq2_not_representable,,,normalized term-name set equality per equation index; equation order is preserved,False,0.9998936883441221,True,0.002744820364236352,5,"[5,5]",570,2067649,2067649,52087.583266581,non_evidence,ec3b6bd,0290b75a28791195,ffb0266c7913352c,False,336,336,,2,Glider (dimensionless),C_literature_all_cells
227,33,Glider (dimensionless),42,2,wp_n1_constant_basis,staged_polynomial_basis_with_constant,surrogate,eq2_not_representable,,,normalized term-name set equality per equation index; equation order is preserved,False,0.9999202114660621,True,0.0026221260797574487,5,"[5,5]",510,1494221,1494221,37940.934975714,non_evidence,ec3b6bd,0290b75a28791195,ffb0266c7913352c,False,336,336,,2,Glider (dimensionless),C_literature_all_cells
228,33,Glider (dimensionless),123,2,wp_n1_constant_basis,staged_polynomial_basis_with_constant,surrogate,eq2_not_representable,,,normalized term-name set equality per equation index; equation order is preserved,False,0.9999772609238653,True,0.0007920486770854877,5,"[5,5]",610,2406310,2406310,45595.412821355,non_evidence,ec3b6bd,0290b75a28791195,ffb0266c7913352c,False,336,336,,2,Glider (dimensionless),C_literature_all_cells
229,34,Frictionless bead on a rotating hoop (dimensionless),7,1,wp_n1_constant_basis,staged_polynomial_basis_with_constant,surrogate,eq2_not_representable,,,normalized term-name set equality per equation index; equation order is preserved,False,0.9996525148361388,True,0.0004176372676147597,5,"[5,5]",430,1212633,1212633,11678.294286909,non_evidence,ec3b6bd,0290b75a28791195,ffb0266c7913352c,False,336,336,,2,Frictionless bead on a rotating hoop (dimensionless),C_literature_all_cells
230,34,Frictionless bead on a rotating hoop (dimensionless),42,1,wp_n1_constant_basis,staged_polynomial_basis_with_constant,surrogate,eq2_not_representable,,,normalized term-name set equality per equation index; equation order is preserved,False,0.999700472833224,True,0.00036004142700061007,5,"[5,5]",470,1628127,1628127,14660.95107703,non_evidence,ec3b6bd,0290b75a28791195,ffb0266c7913352c,False,336,336,,2,Frictionless bead on a rotating hoop (dimensionless),C_literature_all_cells
231,34,Frictionless bead on a rotating hoop (dimensionless),123,1,wp_n1_constant_basis,staged_polynomial_basis_with_constant,surrogate,eq2_not_representable,,,normalized term-name set equality per equation index; equation order is preserved,False,0.9997004728258005,True,0.000360041426949536,5,"[5,5]",510,1498424,1498424,34805.065314727,non_evidence,ec3b6bd,0290b75a28791195,ffb0266c7913352c,False,336,336,,2,Frictionless bead on a rotating hoop (dimensionless),C_literature_all_cells
232,34,Frictionless bead on a rotating hoop (dimensionless),7,2,wp_n1_constant_basis,staged_polynomial_basis_with_constant,surrogate,eq2_not_representable,,,normalized term-name set equality per equation index; equation order is preserved,False,0.9999507951788793,True,1.3613592619534554e-05,5,"[5,5]",430,1049304,1049304,4394.831776709,non_evidence,ec3b6bd,0290b75a28791195,ffb0266c7913352c,False,336,336,,2,Frictionless bead on a rotating hoop (dimensionless),C_literature_all_cells
233,34,Frictionless bead on a rotating hoop (dimensionless),42,2,wp_n1_constant_basis,staged_polynomial_basis_with_constant,surrogate,eq2_not_representable,,,normalized term-name set equality per equation index; equation order is preserved,False,0.9999507951777933,True,1.361359261994527e-05,5,"[5,5]",410,1071559,1071559,32330.383745621,non_evidence,ec3b6bd,0290b75a28791195,ffb0266c7913352c,False,336,336,,2,Frictionless bead on a rotating hoop (dimensionless),C_literature_all_cells
234,34,Frictionless bead on a rotating hoop (dimensionless),123,2,wp_n1_constant_basis,staged_polynomial_basis_with_constant,surrogate,eq2_not_representable,,,normalized term-name set equality per equation index; equation order is preserved,False,0.9999507951772368,True,1.3613592620174269e-05,5,"[5,5]",410,1113573,1113573,3800.177806109,non_evidence,ec3b6bd,0290b75a28791195,ffb0266c7913352c,False,336,336,,2,Frictionless bead on a rotating hoop (dimensionless),C_literature_all_cells
235,35,Rotational dynamics of an object in a shear flow,7,1,wp_n1_constant_basis,staged_polynomial_basis_with_constant,surrogate,eq1_not_representable,,,normalized term-name set equality per equation index; equation order is preserved,False,0.989398529277493,True,0.012879720524301723,5,"[5,5]",610,6261838,6261838,64692.345990299,non_evidence,ec3b6bd,0290b75a28791195,ffb0266c7913352c,False,336,336,,2,Rotational dynamics of an object in a shear flow,C_literature_all_cells
236,35,Rotational dynamics of an object in a shear flow,42,1,wp_n1_constant_basis,staged_polynomial_basis_with_constant,surrogate,eq1_not_representable,,,normalized term-name set equality per equation index; equation order is preserved,False,0.9778880584655156,True,0.028055188520819375,5,"[5,5]",610,5857258,5857258,124383.970504837,non_evidence,ec3b6bd,0290b75a28791195,ffb0266c7913352c,False,336,336,,2,Rotational dynamics of an object in a shear flow,C_literature_all_cells
237,35,Rotational dynamics of an object in a shear flow,123,1,wp_n1_constant_basis,staged_polynomial_basis_with_constant,surrogate,eq1_not_representable,,,normalized term-name set equality per equation index; equation order is preserved,False,0.9774690305755294,True,0.028342182974532816,5,"[5,5]",590,5653893,5653893,53058.367028339,non_evidence,ec3b6bd,0290b75a28791195,ffb0266c7913352c,False,336,336,,2,Rotational dynamics of an object in a shear flow,C_literature_all_cells
238,35,Rotational dynamics of an object in a shear flow,7,2,wp_n1_constant_basis,staged_polynomial_basis_with_constant,surrogate,eq1_not_representable,,,normalized term-name set equality per equation index; equation order is preserved,False,0.9967073816969432,True,0.0015597188629006844,5,"[5,5]",450,1877394,1877394,8863.675552754,non_evidence,ec3b6bd,0290b75a28791195,ffb0266c7913352c,False,336,336,,2,Rotational dynamics of an object in a shear flow,C_literature_all_cells
239,35,Rotational dynamics of an object in a shear flow,42,2,wp_n1_constant_basis,staged_polynomial_basis_with_constant,surrogate,eq1_not_representable,,,normalized term-name set equality per equation index; equation order is preserved,False,0.996707381698632,True,0.0015597188629201005,5,"[5,5]",470,1885071,1885071,8500.720923111,non_evidence,ec3b6bd,0290b75a28791195,ffb0266c7913352c,False,336,336,,2,Rotational dynamics of an object in a shear flow,C_literature_all_cells
240,35,Rotational dynamics of an object in a shear flow,123,2,wp_n1_constant_basis,staged_polynomial_basis_with_constant,surrogate,eq1_not_representable,,,normalized term-name set equality per equation index; equation order is preserved,False,0.996707381643787,True,0.00155971886293225,5,"[5,5]",470,2069795,2069795,9140.702889274,non_evidence,ec3b6bd,0290b75a28791195,ffb0266c7913352c,False,336,336,,2,Rotational dynamics of an object in a shear flow,C_literature_all_cells
241,36,"Pendulum with non-linear damping, no driving (dimensionless)",7,1,wp_n1_constant_basis,staged_polynomial_basis_with_constant,surrogate,eq2_not_representable,,,normalized term-name set equality per equation index; equation order is preserved,False,0.9998082866129256,True,1.0615337410465816e-05,5,"[5,5]",430,659985,659985,5254.812113785,non_evidence,ec3b6bd,0290b75a28791195,ffb0266c7913352c,False,336,336,,2,"Pendulum with non-linear damping, no driving (dimensionless)",C_literature_all_cells
242,36,"Pendulum with non-linear damping, no driving (dimensionless)",42,1,wp_n1_constant_basis,staged_polynomial_basis_with_constant,surrogate,eq2_not_representable,,,normalized term-name set equality per equation index; equation order is preserved,False,0.9997978418248383,True,1.1900099458082073e-05,5,"[5,5]",430,709131,709131,7042.082564873,non_evidence,ec3b6bd,0290b75a28791195,ffb0266c7913352c,False,336,336,,2,"Pendulum with non-linear damping, no driving (dimensionless)",C_literature_all_cells
243,36,"Pendulum with non-linear damping, no driving (dimensionless)",123,1,wp_n1_constant_basis,staged_polynomial_basis_with_constant,surrogate,eq2_not_representable,,,normalized term-name set equality per equation index; equation order is preserved,False,0.9998082865487594,True,1.0615337410618313e-05,5,"[5,5]",430,820597,820597,6538.152455918,non_evidence,ec3b6bd,0290b75a28791195,ffb0266c7913352c,False,336,336,,2,"Pendulum with non-linear damping, no driving (dimensionless)",C_literature_all_cells
244,36,"Pendulum with non-linear damping, no driving (dimensionless)",7,2,wp_n1_constant_basis,staged_polynomial_basis_with_constant,surrogate,eq2_not_representable,,,normalized term-name set equality per equation index; equation order is preserved,False,0.9990767807940927,True,8.441134836500507e-05,5,"[5,4]",410,881123,881123,5710.924065949,non_evidence,ec3b6bd,0290b75a28791195,ffb0266c7913352c,False,336,336,,2,"Pendulum with non-linear damping, no driving (dimensionless)",C_literature_all_cells
245,36,"Pendulum with non-linear damping, no driving (dimensionless)",42,2,wp_n1_constant_basis,staged_polynomial_basis_with_constant,surrogate,eq2_not_representable,,,normalized term-name set equality per equation index; equation order is preserved,False,0.999173533418404,True,7.53858676364604e-05,5,"[5,4]",430,875670,875670,8839.154935169,non_evidence,ec3b6bd,0290b75a28791195,ffb0266c7913352c,False,336,336,,2,"Pendulum with non-linear damping, no driving (dimensionless)",C_literature_all_cells
246,36,"Pendulum with non-linear damping, no driving (dimensionless)",123,2,wp_n1_constant_basis,staged_polynomial_basis_with_constant,surrogate,eq2_not_representable,,,normalized term-name set equality per equation index; equation order is preserved,False,0.9990767807829162,True,8.441134836502807e-05,5,"[5,4]",410,779729,779729,4482.066382023,non_evidence,ec3b6bd,0290b75a28791195,ffb0266c7913352c,False,336,336,,2,"Pendulum with non-linear damping, no driving (dimensionless)",C_literature_all_cells
247,37,Van der Pol oscillator (standard form),7,1,wp_n1_constant_basis,staged_polynomial_basis_with_constant,surrogate,eq2_not_representable,,,normalized term-name set equality per equation index; equation order is preserved,False,0.9965148655146043,True,0.00718139999543479,5,"[5,5]",610,4111258,4111258,105678.105533684,non_evidence,ec3b6bd,0290b75a28791195,ffb0266c7913352c,False,336,336,,2,Van der Pol oscillator (standard form),C_literature_all_cells
248,37,Van der Pol oscillator (standard form),42,1,wp_n1_constant_basis,staged_polynomial_basis_with_constant,surrogate,eq2_not_representable,,,normalized term-name set equality per equation index; equation order is preserved,False,0.9966856073251175,True,0.006806272735188761,4,"[4,4]",610,4379486,4379486,43460.267511546,non_evidence,ec3b6bd,0290b75a28791195,ffb0266c7913352c,False,336,336,,2,Van der Pol oscillator (standard form),C_literature_all_cells
249,37,Van der Pol oscillator (standard form),123,1,wp_n1_constant_basis,staged_polynomial_basis_with_constant,surrogate,eq2_not_representable,,,normalized term-name set equality per equation index; equation order is preserved,False,0.994548838936038,True,0.010766362769967001,5,"[5,5]",510,3653536,3653536,118935.071572643,non_evidence,ec3b6bd,0290b75a28791195,ffb0266c7913352c,False,336,336,,2,Van der Pol oscillator (standard form),C_literature_all_cells
250,37,Van der Pol oscillator (standard form),7,2,wp_n1_constant_basis,staged_polynomial_basis_with_constant,surrogate,eq2_not_representable,,,normalized term-name set equality per equation index; equation order is preserved,False,0.9851289682627804,True,0.03671780312544596,5,"[5,5]",610,3238605,3238605,128419.646158856,non_evidence,ec3b6bd,0290b75a28791195,ffb0266c7913352c,False,336,336,,2,Van der Pol oscillator (standard form),C_literature_all_cells
251,37,Van der Pol oscillator (standard form),42,2,wp_n1_constant_basis,staged_polynomial_basis_with_constant,surrogate,eq2_not_representable,,,normalized term-name set equality per equation index; equation order is preserved,False,0.9832676087267234,True,0.03996896323150184,5,"[5,5]",610,3247527,3247527,38303.619201966,non_evidence,ec3b6bd,0290b75a28791195,ffb0266c7913352c,False,336,336,,2,Van der Pol oscillator (standard form),C_literature_all_cells
252,37,Van der Pol oscillator (standard form),123,2,wp_n1_constant_basis,staged_polynomial_basis_with_constant,surrogate,eq2_not_representable,,,normalized term-name set equality per equation index; equation order is preserved,False,0.9799638277643336,True,0.049753216787303996,5,"[5,5]",570,3674138,3674138,73855.074244667,non_evidence,ec3b6bd,0290b75a28791195,ffb0266c7913352c,False,336,336,,2,Van der Pol oscillator (standard form),C_literature_all_cells
253,38,Van der Pol oscillator (simplified form from Strogatz),7,1,wp_n1_constant_basis,staged_polynomial_basis_with_constant,exact,ok,False,True,normalized term-name set equality per equation index; equation order is preserved,False,0.9999999999933511,True,5.187825198706236e-12,4,"[4,4]",410,4105262,4105262,3450.35085142,non_evidence,ec3b6bd,0290b75a28791195,ffb0266c7913352c,False,336,336,,2,Van der Pol oscillator (simplified form from Strogatz),A_paired_both_exact
254,38,Van der Pol oscillator (simplified form from Strogatz),42,1,wp_n1_constant_basis,staged_polynomial_basis_with_constant,exact,ok,False,True,normalized term-name set equality per equation index; equation order is preserved,False,0.9999999999720289,True,1.5694938808627566e-11,5,"[4,5]",590,6534015,6534015,12456.433031652,non_evidence,ec3b6bd,0290b75a28791195,ffb0266c7913352c,False,336,336,,2,Van der Pol oscillator (simplified form from Strogatz),A_paired_both_exact
255,38,Van der Pol oscillator (simplified form from Strogatz),123,1,wp_n1_constant_basis,staged_polynomial_basis_with_constant,exact,ok,False,False,normalized term-name set equality per equation index; equation order is preserved,False,0.9867400647622055,True,0.019815726750498038,4,"[4,4]",610,6715902,6715902,16111.37015195,non_evidence,ec3b6bd,0290b75a28791195,ffb0266c7913352c,False,336,336,,2,Van der Pol oscillator (simplified form from Strogatz),A_paired_both_exact
256,38,Van der Pol oscillator (simplified form from Strogatz),7,2,wp_n1_constant_basis,staged_polynomial_basis_with_constant,exact,ok,False,True,normalized term-name set equality per equation index; equation order is preserved,False,0.9999999996766937,True,1.5728486432031638e-10,4,"[4,4]",330,1865401,1865401,35248.459319397,non_evidence,ec3b6bd,0290b75a28791195,ffb0266c7913352c,False,336,336,,2,Van der Pol oscillator (simplified form from Strogatz),A_paired_both_exact
257,38,Van der Pol oscillator (simplified form from Strogatz),42,2,wp_n1_constant_basis,staged_polynomial_basis_with_constant,exact,ok,True,True,normalized term-name set equality per equation index; equation order is preserved,False,0.9999999999937101,True,9.35888643888759e-12,4,"[4,4]",270,1495541,1495541,13723.361767704,non_evidence,ec3b6bd,0290b75a28791195,ffb0266c7913352c,False,336,336,,2,Van der Pol oscillator (simplified form from Strogatz),A_paired_both_exact
258,38,Van der Pol oscillator (simplified form from Strogatz),123,2,wp_n1_constant_basis,staged_polynomial_basis_with_constant,exact,ok,False,True,normalized term-name set equality per equation index; equation order is preserved,False,0.9999999999913163,True,9.817478458989839e-12,4,"[4,4]",290,1362777,1362777,17450.116666758,non_evidence,ec3b6bd,0290b75a28791195,ffb0266c7913352c,False,336,336,,2,Van der Pol oscillator (simplified form from Strogatz),A_paired_both_exact
259,39,"Glycolytic oscillator, e.g., ADP and F6P in yeast (dimensionless)",7,1,wp_n1_constant_basis,staged_polynomial_basis_with_constant,surrogate,eq1_not_representable,,,normalized term-name set equality per equation index; equation order is preserved,False,0.9997985846188222,True,1.7858001337482457e-06,5,"[5,3]",470,1185349,1185349,10489.922356277,non_evidence,ec3b6bd,0290b75a28791195,ffb0266c7913352c,False,336,336,,2,"Glycolytic oscillator, e.g., ADP and F6P in yeast (dimensionless)",C_literature_all_cells
260,39,"Glycolytic oscillator, e.g., ADP and F6P in yeast (dimensionless)",42,1,wp_n1_constant_basis,staged_polynomial_basis_with_constant,surrogate,eq1_not_representable,,,normalized term-name set equality per equation index; equation order is preserved,False,0.99977648368577,True,1.938356382273826e-06,5,"[5,3]",430,1807718,1807718,22622.666667961,non_evidence,ec3b6bd,0290b75a28791195,ffb0266c7913352c,False,336,336,,2,"Glycolytic oscillator, e.g., ADP and F6P in yeast (dimensionless)",C_literature_all_cells
261,39,"Glycolytic oscillator, e.g., ADP and F6P in yeast (dimensionless)",123,1,wp_n1_constant_basis,staged_polynomial_basis_with_constant,surrogate,eq1_not_representable,,,normalized term-name set equality per equation index; equation order is preserved,False,0.953504732334783,True,0.0004844332041176796,5,"[5,3]",410,2045068,2045068,4555.778074252,non_evidence,ec3b6bd,0290b75a28791195,ffb0266c7913352c,False,336,336,,2,"Glycolytic oscillator, e.g., ADP and F6P in yeast (dimensionless)",C_literature_all_cells
262,39,"Glycolytic oscillator, e.g., ADP and F6P in yeast (dimensionless)",7,2,wp_n1_constant_basis,staged_polynomial_basis_with_constant,surrogate,eq1_not_representable,,,normalized term-name set equality per equation index; equation order is preserved,False,0.9802198387393712,True,0.0005307746474779,5,"[5,5]",410,857772,857772,5396.563624185,non_evidence,ec3b6bd,0290b75a28791195,ffb0266c7913352c,False,336,336,,2,"Glycolytic oscillator, e.g., ADP and F6P in yeast (dimensionless)",C_literature_all_cells
263,39,"Glycolytic oscillator, e.g., ADP and F6P in yeast (dimensionless)",42,2,wp_n1_constant_basis,staged_polynomial_basis_with_constant,surrogate,eq1_not_representable,,,normalized term-name set equality per equation index; equation order is preserved,False,0.9802198388364023,True,0.0005307746474787444,5,"[5,5]",430,637279,637279,5458.275046063,non_evidence,ec3b6bd,0290b75a28791195,ffb0266c7913352c,False,336,336,,2,"Glycolytic oscillator, e.g., ADP and F6P in yeast (dimensionless)",C_literature_all_cells
264,39,"Glycolytic oscillator, e.g., ADP and F6P in yeast (dimensionless)",123,2,wp_n1_constant_basis,staged_polynomial_basis_with_constant,surrogate,eq1_not_representable,,,normalized term-name set equality per equation index; equation order is preserved,False,0.9802198386649129,True,0.0005307746474773234,5,"[5,5]",430,774577,774577,5779.524081316,non_evidence,ec3b6bd,0290b75a28791195,ffb0266c7913352c,False,336,336,,2,"Glycolytic oscillator, e.g., ADP and F6P in yeast (dimensionless)",C_literature_all_cells
265,40,Duffing equation (weakly non-linear oscillation),7,1,wp_n1_constant_basis,staged_polynomial_basis_with_constant,surrogate,eq2_not_representable,,,normalized term-name set equality per equation index; equation order is preserved,False,0.9565727087477766,True,0.06374690395147893,5,"[5,1]",490,5871477,5871477,40492.752523751,non_evidence,ec3b6bd,0290b75a28791195,ffb0266c7913352c,False,336,336,,2,Duffing equation (weakly non-linear oscillation),C_literature_all_cells
266,40,Duffing equation (weakly non-linear oscillation),42,1,wp_n1_constant_basis,staged_polynomial_basis_with_constant,surrogate,eq2_not_representable,,,normalized term-name set equality per equation index; equation order is preserved,False,0.9571066967073298,True,0.06293372461084978,5,"[5,1]",490,5159721,5159721,46624.591479365,non_evidence,ec3b6bd,0290b75a28791195,ffb0266c7913352c,False,336,336,,2,Duffing equation (weakly non-linear oscillation),C_literature_all_cells
267,40,Duffing equation (weakly non-linear oscillation),123,1,wp_n1_constant_basis,staged_polynomial_basis_with_constant,surrogate,eq2_not_representable,,,normalized term-name set equality per equation index; equation order is preserved,False,0.956323089631773,True,0.06411921052589503,5,"[5,1]",510,5740515,5740515,60150.617915551,non_evidence,ec3b6bd,0290b75a28791195,ffb0266c7913352c,False,336,336,,2,Duffing equation (weakly non-linear oscillation),C_literature_all_cells
268,40,Duffing equation (weakly non-linear oscillation),7,2,wp_n1_constant_basis,staged_polynomial_basis_with_constant,surrogate,eq2_not_representable,,,normalized term-name set equality per equation index; equation order is preserved,False,0.9754608154898095,True,0.026628210600703323,5,"[5,5]",610,8615770,8615770,125909.25519397,non_evidence,ec3b6bd,0290b75a28791195,ffb0266c7913352c,False,336,336,,2,Duffing equation (weakly non-linear oscillation),C_literature_all_cells
269,40,Duffing equation (weakly non-linear oscillation),42,2,wp_n1_constant_basis,staged_polynomial_basis_with_constant,surrogate,eq2_not_representable,,,normalized term-name set equality per equation index; equation order is preserved,False,0.969809692294384,True,0.03300971225462889,5,"[5,5]",610,8857794,8857794,134237.311301716,non_evidence,ec3b6bd,0290b75a28791195,ffb0266c7913352c,False,336,336,,2,Duffing equation (weakly non-linear oscillation),C_literature_all_cells
270,40,Duffing equation (weakly non-linear oscillation),123,2,wp_n1_constant_basis,staged_polynomial_basis_with_constant,surrogate,eq2_not_representable,,,normalized term-name set equality per equation index; equation order is preserved,False,0.9665404297235288,True,0.03570498416978731,5,"[5,5]",550,7316755,7316755,32241.809741315,non_evidence,ec3b6bd,0290b75a28791195,ffb0266c7913352c,False,336,336,,2,Duffing equation (weakly non-linear oscillation),C_literature_all_cells
271,41,Cell cycle model by Tyson for interaction between protein cdc2 and cyclin (dimensionless),7,1,wp_n1_constant_basis,staged_polynomial_basis_with_constant,surrogate,eq1_not_representable,,,normalized term-name set equality per equation index; equation order is preserved,False,0.9702826552114452,True,0.0016718894852372208,5,"[5,5]",510,5918479,5918479,11577.293435334,non_evidence,ec3b6bd,0290b75a28791195,ffb0266c7913352c,False,336,336,,2,Cell cycle model by Tyson for interaction between protein cdc2 and cyclin (dimensionless),C_literature_all_cells
272,41,Cell cycle model by Tyson for interaction between protein cdc2 and cyclin (dimensionless),42,1,wp_n1_constant_basis,staged_polynomial_basis_with_constant,surrogate,eq1_not_representable,,,normalized term-name set equality per equation index; equation order is preserved,False,0.9813060039373996,True,0.0011225947698412012,5,"[5,5]",490,5456545,5456545,51780.308594515,non_evidence,ec3b6bd,0290b75a28791195,ffb0266c7913352c,False,336,336,,2,Cell cycle model by Tyson for interaction between protein cdc2 and cyclin (dimensionless),C_literature_all_cells
273,41,Cell cycle model by Tyson for interaction between protein cdc2 and cyclin (dimensionless),123,1,wp_n1_constant_basis,staged_polynomial_basis_with_constant,surrogate,eq1_not_representable,,,normalized term-name set equality per equation index; equation order is preserved,False,0.9735699662012388,True,0.0015982697903168688,5,"[5,5]",490,5344829,5344829,14594.252010279,non_evidence,ec3b6bd,0290b75a28791195,ffb0266c7913352c,False,336,336,,2,Cell cycle model by Tyson for interaction between protein cdc2 and cyclin (dimensionless),C_literature_all_cells
274,41,Cell cycle model by Tyson for interaction between protein cdc2 and cyclin (dimensionless),7,2,wp_n1_constant_basis,staged_polynomial_basis_with_constant,surrogate,eq1_not_representable,,,normalized term-name set equality per equation index; equation order is preserved,False,0.9628266722823633,True,0.0053940756524394826,5,"[5,5]",590,6500321,6500321,9869.313541764,non_evidence,ec3b6bd,0290b75a28791195,ffb0266c7913352c,False,336,336,,2,Cell cycle model by Tyson for interaction between protein cdc2 and cyclin (dimensionless),C_literature_all_cells
275,41,Cell cycle model by Tyson for interaction between protein cdc2 and cyclin (dimensionless),42,2,wp_n1_constant_basis,staged_polynomial_basis_with_constant,surrogate,eq1_not_representable,,,normalized term-name set equality per equation index; equation order is preserved,False,0.9626846387202999,True,0.005331568052793201,5,"[5,5]",490,5521062,5521062,12935.612355002,non_evidence,ec3b6bd,0290b75a28791195,ffb0266c7913352c,False,336,336,,2,Cell cycle model by Tyson for interaction between protein cdc2 and cyclin (dimensionless),C_literature_all_cells
276,41,Cell cycle model by Tyson for interaction between protein cdc2 and cyclin (dimensionless),123,2,wp_n1_constant_basis,staged_polynomial_basis_with_constant,surrogate,eq1_not_representable,,,normalized term-name set equality per equation index; equation order is preserved,False,0.9605030817081381,True,0.005670539924591676,5,"[5,5]",510,5824773,5824773,3484.475786761,non_evidence,ec3b6bd,0290b75a28791195,ffb0266c7913352c,False,336,336,,2,Cell cycle model by Tyson for interaction between protein cdc2 and cyclin (dimensionless),C_literature_all_cells
277,42,Reduced model for chlorine dioxide-iodine-malonic acid rection (dimensionless),7,1,wp_n1_constant_basis,staged_polynomial_basis_with_constant,surrogate,eq1_not_representable,,,normalized term-name set equality per equation index; equation order is preserved,False,0.9599134264253111,True,0.07160403396727247,5,"[5,5]",570,5327621,5327621,14167.669442733,non_evidence,ec3b6bd,0290b75a28791195,ffb0266c7913352c,False,336,336,,2,Reduced model for chlorine dioxide-iodine-malonic acid rection (dimensionless),C_literature_all_cells
278,42,Reduced model for chlorine dioxide-iodine-malonic acid rection (dimensionless),42,1,wp_n1_constant_basis,staged_polynomial_basis_with_constant,surrogate,eq1_not_representable,,,normalized term-name set equality per equation index; equation order is preserved,False,0.9665928253125938,True,0.06271790054742074,5,"[5,5]",610,5713160,5713160,28711.528932057,non_evidence,ec3b6bd,0290b75a28791195,ffb0266c7913352c,False,336,336,,2,Reduced model for chlorine dioxide-iodine-malonic acid rection (dimensionless),C_literature_all_cells
279,42,Reduced model for chlorine dioxide-iodine-malonic acid rection (dimensionless),123,1,wp_n1_constant_basis,staged_polynomial_basis_with_constant,surrogate,eq1_not_representable,,,normalized term-name set equality per equation index; equation order is preserved,False,0.9483865301983296,True,0.09885827943127232,5,"[5,5]",610,6030318,6030318,27598.750810819,non_evidence,ec3b6bd,0290b75a28791195,ffb0266c7913352c,False,336,336,,2,Reduced model for chlorine dioxide-iodine-malonic acid rection (dimensionless),C_literature_all_cells
280,42,Reduced model for chlorine dioxide-iodine-malonic acid rection (dimensionless),7,2,wp_n1_constant_basis,staged_polynomial_basis_with_constant,surrogate,eq1_not_representable,,,normalized term-name set equality per equation index; equation order is preserved,False,0.9843127926043036,True,0.01273690878711694,5,"[5,5]",610,2172520,2172520,5839.951062485,non_evidence,ec3b6bd,0290b75a28791195,ffb0266c7913352c,False,336,336,,2,Reduced model for chlorine dioxide-iodine-malonic acid rection (dimensionless),C_literature_all_cells
281,42,Reduced model for chlorine dioxide-iodine-malonic acid rection (dimensionless),42,2,wp_n1_constant_basis,staged_polynomial_basis_with_constant,surrogate,eq1_not_representable,,,normalized term-name set equality per equation index; equation order is preserved,False,0.9870406321946839,True,0.01066410942774006,5,"[5,5]",550,2111213,2111213,37123.527003435,non_evidence,ec3b6bd,0290b75a28791195,ffb0266c7913352c,False,336,336,,2,Reduced model for chlorine dioxide-iodine-malonic acid rection (dimensionless),C_literature_all_cells
282,42,Reduced model for chlorine dioxide-iodine-malonic acid rection (dimensionless),123,2,wp_n1_constant_basis,staged_polynomial_basis_with_constant,surrogate,eq1_not_representable,,,normalized term-name set equality per equation index; equation order is preserved,False,0.9843134702625975,True,0.012736907176746545,5,"[5,5]",550,1953394,1953394,5073.41754076,non_evidence,ec3b6bd,0290b75a28791195,ffb0266c7913352c,False,336,336,,2,Reduced model for chlorine dioxide-iodine-malonic acid rection (dimensionless),C_literature_all_cells
283,43,Driven pendulum with linear damping / Josephson junction (dimensionless),7,1,wp_n1_constant_basis,staged_polynomial_basis_with_constant,exact,ok,False,False,normalized term-name set equality per equation index; equation order is preserved,False,0.9806277780549213,True,0.018288960308936154,5,"[5,5]",490,3388436,3388436,72519.372633206,non_evidence,ec3b6bd,0290b75a28791195,ffb0266c7913352c,False,336,336,,2,Driven pendulum with linear damping / Josephson junction (dimensionless),B_constant_only_exact
284,43,Driven pendulum with linear damping / Josephson junction (dimensionless),42,1,wp_n1_constant_basis,staged_polynomial_basis_with_constant,exact,ok,False,False,normalized term-name set equality per equation index; equation order is preserved,False,0.9806277214369838,True,0.018288960586427483,5,"[5,5]",510,3290140,3290140,55687.122535799,non_evidence,ec3b6bd,0290b75a28791195,ffb0266c7913352c,False,336,336,,2,Driven pendulum with linear damping / Josephson junction (dimensionless),B_constant_only_exact
285,43,Driven pendulum with linear damping / Josephson junction (dimensionless),123,1,wp_n1_constant_basis,staged_polynomial_basis_with_constant,exact,ok,False,False,normalized term-name set equality per equation index; equation order is preserved,False,0.9805559009844015,True,0.019321045864405355,5,"[5,5]",510,3496953,3496953,66034.717358878,non_evidence,ec3b6bd,0290b75a28791195,ffb0266c7913352c,False,336,336,,2,Driven pendulum with linear damping / Josephson junction (dimensionless),B_constant_only_exact
286,43,Driven pendulum with linear damping / Josephson junction (dimensionless),7,2,wp_n1_constant_basis,staged_polynomial_basis_with_constant,exact,ok,False,True,normalized term-name set equality per equation index; equation order is preserved,False,0.9999999954150651,True,1.6875958845568459e-09,5,"[5,5]",430,2386593,2386593,56320.085655838,non_evidence,ec3b6bd,0290b75a28791195,ffb0266c7913352c,False,336,336,,2,Driven pendulum with linear damping / Josephson junction (dimensionless),B_constant_only_exact
287,43,Driven pendulum with linear damping / Josephson junction (dimensionless),42,2,wp_n1_constant_basis,staged_polynomial_basis_with_constant,exact,ok,False,True,normalized term-name set equality per equation index; equation order is preserved,False,0.9999999954082006,True,1.6408195288661274e-09,5,"[5,5]",430,2130886,2130886,82761.478403097,non_evidence,ec3b6bd,0290b75a28791195,ffb0266c7913352c,False,336,336,,2,Driven pendulum with linear damping / Josephson junction (dimensionless),B_constant_only_exact
288,43,Driven pendulum with linear damping / Josephson junction (dimensionless),123,2,wp_n1_constant_basis,staged_polynomial_basis_with_constant,exact,ok,False,True,normalized term-name set equality per equation index; equation order is preserved,False,0.999999997969407,True,1.0810219117688998e-09,5,"[5,5]",410,1808096,1808096,58284.565176855,non_evidence,ec3b6bd,0290b75a28791195,ffb0266c7913352c,False,336,336,,2,Driven pendulum with linear damping / Josephson junction (dimensionless),B_constant_only_exact
289,44,Driven pendulum with quadratic damping (dimensionless),7,1,wp_n1_constant_basis,staged_polynomial_basis_with_constant,surrogate,eq2_not_representable,,,normalized term-name set equality per equation index; equation order is preserved,False,0.9434296028990581,True,0.018551350532534233,5,"[5,5]",470,2947397,2947397,43615.214766995,non_evidence,ec3b6bd,0290b75a28791195,ffb0266c7913352c,False,336,336,,2,Driven pendulum with quadratic damping (dimensionless),C_literature_all_cells
290,44,Driven pendulum with quadratic damping (dimensionless),42,1,wp_n1_constant_basis,staged_polynomial_basis_with_constant,surrogate,eq2_not_representable,,,normalized term-name set equality per equation index; equation order is preserved,False,0.9442408519156416,True,0.017191254733002648,5,"[5,5]",530,3790307,3790307,12007.75513252,non_evidence,ec3b6bd,0290b75a28791195,ffb0266c7913352c,False,336,336,,2,Driven pendulum with quadratic damping (dimensionless),C_literature_all_cells
291,44,Driven pendulum with quadratic damping (dimensionless),123,1,wp_n1_constant_basis,staged_polynomial_basis_with_constant,surrogate,eq2_not_representable,,,normalized term-name set equality per equation index; equation order is preserved,False,0.9434276463579216,True,0.018551351587003273,5,"[5,5]",470,2578633,2578633,27854.412053529,non_evidence,ec3b6bd,0290b75a28791195,ffb0266c7913352c,False,336,336,,2,Driven pendulum with quadratic damping (dimensionless),C_literature_all_cells
292,44,Driven pendulum with quadratic damping (dimensionless),7,2,wp_n1_constant_basis,staged_polynomial_basis_with_constant,surrogate,eq2_not_representable,,,normalized term-name set equality per equation index; equation order is preserved,False,0.9983508891081877,True,0.00029596437775743564,5,"[5,5]",590,3212227,3212227,106821.747149497,non_evidence,ec3b6bd,0290b75a28791195,ffb0266c7913352c,False,336,336,,2,Driven pendulum with quadratic damping (dimensionless),C_literature_all_cells
293,44,Driven pendulum with quadratic damping (dimensionless),42,2,wp_n1_constant_basis,staged_polynomial_basis_with_constant,surrogate,eq2_not_representable,,,normalized term-name set equality per equation index; equation order is preserved,False,0.8080780661004476,False,0.023498070721203263,5,"[5,5]",610,3750026,3750026,251648.561305175,non_evidence,ec3b6bd,0290b75a28791195,ffb0266c7913352c,False,336,336,,2,Driven pendulum with quadratic damping (dimensionless),C_literature_all_cells
294,44,Driven pendulum with quadratic damping (dimensionless),123,2,wp_n1_constant_basis,staged_polynomial_basis_with_constant,surrogate,eq2_not_representable,,,normalized term-name set equality per equation index; equation order is preserved,False,0.9983508884622072,True,0.00029596437776460715,5,"[5,5]",510,2814720,2814720,94267.528183082,non_evidence,ec3b6bd,0290b75a28791195,ffb0266c7913352c,False,336,336,,2,Driven pendulum with quadratic damping (dimensionless),C_literature_all_cells
295,45,Isothermal autocatalytic reaction model by Gray and Scott 1985 (dimensionless),7,1,wp_n1_constant_basis,staged_polynomial_basis_with_constant,surrogate,eq1_not_representable,,,normalized term-name set equality per equation index; equation order is preserved,False,0.9969308133710597,True,0.00124820320272022,5,"[5,5]",470,2685340,2685340,26986.230766923,non_evidence,ec3b6bd,0290b75a28791195,ffb0266c7913352c,False,336,336,,2,Isothermal autocatalytic reaction model by Gray and Scott 1985 (dimensionless),C_literature_all_cells
296,45,Isothermal autocatalytic reaction model by Gray and Scott 1985 (dimensionless),42,1,wp_n1_constant_basis,staged_polynomial_basis_with_constant,surrogate,eq1_not_representable,,,normalized term-name set equality per equation index; equation order is preserved,False,0.9969308155073456,True,0.0012482032028174961,5,"[5,5]",470,2786600,2786600,38757.910505659,non_evidence,ec3b6bd,0290b75a28791195,ffb0266c7913352c,False,336,336,,2,Isothermal autocatalytic reaction model by Gray and Scott 1985 (dimensionless),C_literature_all_cells
297,45,Isothermal autocatalytic reaction model by Gray and Scott 1985 (dimensionless),123,1,wp_n1_constant_basis,staged_polynomial_basis_with_constant,surrogate,eq1_not_representable,,,normalized term-name set equality per equation index; equation order is preserved,False,0.996930816062869,True,0.001248203202825044,5,"[5,5]",470,2678823,2678823,38121.183540014,non_evidence,ec3b6bd,0290b75a28791195,ffb0266c7913352c,False,336,336,,2,Isothermal autocatalytic reaction model by Gray and Scott 1985 (dimensionless),C_literature_all_cells
298,45,Isothermal autocatalytic reaction model by Gray and Scott 1985 (dimensionless),7,2,wp_n1_constant_basis,staged_polynomial_basis_with_constant,surrogate,eq1_not_representable,,,normalized term-name set equality per equation index; equation order is preserved,False,0.8752689666677891,False,0.0028899359853235486,5,"[5,5]",470,1986062,1986062,20519.21017425,non_evidence,ec3b6bd,0290b75a28791195,ffb0266c7913352c,False,336,336,,2,Isothermal autocatalytic reaction model by Gray and Scott 1985 (dimensionless),C_literature_all_cells
299,45,Isothermal autocatalytic reaction model by Gray and Scott 1985 (dimensionless),42,2,wp_n1_constant_basis,staged_polynomial_basis_with_constant,surrogate,eq1_not_representable,,,normalized term-name set equality per equation index; equation order is preserved,False,0.8752689688551886,False,0.0028899359852572757,5,"[5,5]",430,1371915,1371915,5186.146570496,non_evidence,ec3b6bd,0290b75a28791195,ffb0266c7913352c,False,336,336,,2,Isothermal autocatalytic reaction model by Gray and Scott 1985 (dimensionless),C_literature_all_cells
300,45,Isothermal autocatalytic reaction model by Gray and Scott 1985 (dimensionless),123,2,wp_n1_constant_basis,staged_polynomial_basis_with_constant,surrogate,eq1_not_representable,,,normalized term-name set equality per equation index; equation order is preserved,False,0.8752689681329655,False,0.0028899359853195345,5,"[5,5]",430,1419976,1419976,9407.069115697,non_evidence,ec3b6bd,0290b75a28791195,ffb0266c7913352c,False,336,336,,2,Isothermal autocatalytic reaction model by Gray and Scott 1985 (dimensionless),C_literature_all_cells
301,46,Interacting bar magnets,7,1,wp_n1_constant_basis,staged_polynomial_basis_with_constant,surrogate,eq1_not_representable,,,normalized term-name set equality per equation index; equation order is preserved,False,0.8532276555381391,False,0.0003565797120978495,5,"[5,5]",410,202924,202924,285.370157518,non_evidence,ec3b6bd,0290b75a28791195,ffb0266c7913352c,False,336,336,,2,Interacting bar magnets,C_literature_all_cells
302,46,Interacting bar magnets,42,1,wp_n1_constant_basis,staged_polynomial_basis_with_constant,surrogate,eq1_not_representable,,,normalized term-name set equality per equation index; equation order is preserved,False,0.8532276555381075,False,0.0003565797120979056,5,"[5,5]",410,293777,293777,453.968509395,non_evidence,ec3b6bd,0290b75a28791195,ffb0266c7913352c,False,336,336,,2,Interacting bar magnets,C_literature_all_cells
303,46,Interacting bar magnets,123,1,wp_n1_constant_basis,staged_polynomial_basis_with_constant,surrogate,eq1_not_representable,,,normalized term-name set equality per equation index; equation order is preserved,False,0.8532276555381326,False,0.00035657971209787274,5,"[5,5]",410,209004,209004,794.881236098,non_evidence,ec3b6bd,0290b75a28791195,ffb0266c7913352c,False,336,336,,2,Interacting bar magnets,C_literature_all_cells
304,46,Interacting bar magnets,7,2,wp_n1_constant_basis,staged_polynomial_basis_with_constant,surrogate,eq1_not_representable,,,normalized term-name set equality per equation index; equation order is preserved,False,0.9964055080903379,True,0.00017182031444626256,5,"[5,4]",410,298530,298530,1426.222202768,non_evidence,ec3b6bd,0290b75a28791195,ffb0266c7913352c,False,336,336,,2,Interacting bar magnets,C_literature_all_cells
305,46,Interacting bar magnets,42,2,wp_n1_constant_basis,staged_polynomial_basis_with_constant,surrogate,eq1_not_representable,,,normalized term-name set equality per equation index; equation order is preserved,False,0.9964055080956444,True,0.00017182031444612072,5,"[5,4]",410,292478,292478,2836.338860872,non_evidence,ec3b6bd,0290b75a28791195,ffb0266c7913352c,False,336,336,,2,Interacting bar magnets,C_literature_all_cells
306,46,Interacting bar magnets,123,2,wp_n1_constant_basis,staged_polynomial_basis_with_constant,surrogate,eq1_not_representable,,,normalized term-name set equality per equation index; equation order is preserved,False,0.9964055080920928,True,0.0001718203144461137,5,"[5,4]",430,479175,479175,2553.994030641,non_evidence,ec3b6bd,0290b75a28791195,ffb0266c7913352c,False,336,336,,2,Interacting bar magnets,C_literature_all_cells
307,47,Binocular rivalry model (no oscillations),7,1,wp_n1_constant_basis,staged_polynomial_basis_with_constant,surrogate,eq1_not_representable,,,normalized term-name set equality per equation index; equation order is preserved,False,0.9231891919921138,True,0.00017408190307758906,5,"[5,5]",430,2177108,2177108,815.680636705,non_evidence,ec3b6bd,0290b75a28791195,ffb0266c7913352c,False,336,336,,2,Binocular rivalry model (no oscillations),C_literature_all_cells
308,47,Binocular rivalry model (no oscillations),42,1,wp_n1_constant_basis,staged_polynomial_basis_with_constant,surrogate,eq1_not_representable,,,normalized term-name set equality per equation index; equation order is preserved,False,0.9231891994947128,True,0.00017408190306223136,5,"[5,5]",430,2104342,2104342,1265.426005489,non_evidence,ec3b6bd,0290b75a28791195,ffb0266c7913352c,False,336,336,,2,Binocular rivalry model (no oscillations),C_literature_all_cells
309,47,Binocular rivalry model (no oscillations),123,1,wp_n1_constant_basis,staged_polynomial_basis_with_constant,surrogate,eq1_not_representable,,,normalized term-name set equality per equation index; equation order is preserved,False,0.7553573555470895,False,0.0003728640835891673,5,"[5,5]",430,1812924,1812924,7877.66408914,non_evidence,ec3b6bd,0290b75a28791195,ffb0266c7913352c,False,336,336,,2,Binocular rivalry model (no oscillations),C_literature_all_cells
310,47,Binocular rivalry model (no oscillations),7,2,wp_n1_constant_basis,staged_polynomial_basis_with_constant,surrogate,eq1_not_representable,,,normalized term-name set equality per equation index; equation order is preserved,False,0.9998334308898149,True,0.00016379973117935042,5,"[5,5]",550,1384927,1384927,6354.104811318,non_evidence,ec3b6bd,0290b75a28791195,ffb0266c7913352c,False,336,336,,2,Binocular rivalry model (no oscillations),C_literature_all_cells
311,47,Binocular rivalry model (no oscillations),42,2,wp_n1_constant_basis,staged_polynomial_basis_with_constant,surrogate,eq1_not_representable,,,normalized term-name set equality per equation index; equation order is preserved,False,0.9996273191890463,True,0.0004715571895960134,5,"[5,5]",530,1336632,1336632,15492.794300011,non_evidence,ec3b6bd,0290b75a28791195,ffb0266c7913352c,False,336,336,,2,Binocular rivalry model (no oscillations),C_literature_all_cells
312,47,Binocular rivalry model (no oscillations),123,2,wp_n1_constant_basis,staged_polynomial_basis_with_constant,surrogate,eq1_not_representable,,,normalized term-name set equality per equation index; equation order is preserved,False,0.9996273185501912,True,0.00047155718957573033,5,"[5,5]",470,1127548,1127548,8469.908839102,non_evidence,ec3b6bd,0290b75a28791195,ffb0266c7913352c,False,336,336,,2,Binocular rivalry model (no oscillations),C_literature_all_cells
313,48,Bacterial respiration model for nutrients and oxygen levels,7,1,wp_n1_constant_basis,staged_polynomial_basis_with_constant,surrogate,eq1_not_representable,,,normalized term-name set equality per equation index; equation order is preserved,False,0.996793131256551,True,0.06372691138931033,5,"[5,5]",610,2331082,2331082,53934.210130724,non_evidence,ec3b6bd,0290b75a28791195,ffb0266c7913352c,False,336,336,,2,Bacterial respiration model for nutrients and oxygen levels,C_literature_all_cells
314,48,Bacterial respiration model for nutrients and oxygen levels,42,1,wp_n1_constant_basis,staged_polynomial_basis_with_constant,surrogate,eq1_not_representable,,,normalized term-name set equality per equation index; equation order is preserved,False,0.9976966462013406,True,0.060774373496983905,5,"[5,5]",610,2792840,2792840,60698.965987215,non_evidence,ec3b6bd,0290b75a28791195,ffb0266c7913352c,False,336,336,,2,Bacterial respiration model for nutrients and oxygen levels,C_literature_all_cells
315,48,Bacterial respiration model for nutrients and oxygen levels,123,1,wp_n1_constant_basis,staged_polynomial_basis_with_constant,surrogate,eq1_not_representable,,,normalized term-name set equality per equation index; equation order is preserved,False,0.9970614575536311,True,0.07112942876760724,4,"[4,4]",610,2706827,2706827,31452.299653644,non_evidence,ec3b6bd,0290b75a28791195,ffb0266c7913352c,False,336,336,,2,Bacterial respiration model for nutrients and oxygen levels,C_literature_all_cells
316,48,Bacterial respiration model for nutrients and oxygen levels,7,2,wp_n1_constant_basis,staged_polynomial_basis_with_constant,surrogate,eq1_not_representable,,,normalized term-name set equality per equation index; equation order is preserved,False,0.9994471450394343,True,0.014428212160345216,5,"[5,5]",550,2395639,2395639,29219.593548827,non_evidence,ec3b6bd,0290b75a28791195,ffb0266c7913352c,False,336,336,,2,Bacterial respiration model for nutrients and oxygen levels,C_literature_all_cells
317,48,Bacterial respiration model for nutrients and oxygen levels,42,2,wp_n1_constant_basis,staged_polynomial_basis_with_constant,surrogate,eq1_not_representable,,,normalized term-name set equality per equation index; equation order is preserved,False,0.99930712635815,True,0.0228677011482006,5,"[5,5]",490,1978627,1978627,39855.985377181,non_evidence,ec3b6bd,0290b75a28791195,ffb0266c7913352c,False,336,336,,2,Bacterial respiration model for nutrients and oxygen levels,C_literature_all_cells
318,48,Bacterial respiration model for nutrients and oxygen levels,123,2,wp_n1_constant_basis,staged_polynomial_basis_with_constant,surrogate,eq1_not_representable,,,normalized term-name set equality per equation index; equation order is preserved,False,0.9995149734141262,True,0.01247795378481081,5,"[5,5]",610,2290193,2290193,31126.112391071,non_evidence,ec3b6bd,0290b75a28791195,ffb0266c7913352c,False,336,336,,2,Bacterial respiration model for nutrients and oxygen levels,C_literature_all_cells
319,49,Brusselator: hypothetical chemical oscillation model (dimensionless),7,1,wp_n1_constant_basis,staged_polynomial_basis_with_constant,surrogate,eq1_not_representable,,,normalized term-name set equality per equation index; equation order is preserved,False,0.9983617161299327,True,0.00035287265887896094,5,"[5,5]",590,3665529,3665529,4916.871038229,non_evidence,ec3b6bd,0290b75a28791195,ffb0266c7913352c,False,336,336,,2,Brusselator: hypothetical chemical oscillation model (dimensionless),C_literature_all_cells
320,49,Brusselator: hypothetical chemical oscillation model (dimensionless),42,1,wp_n1_constant_basis,staged_polynomial_basis_with_constant,surrogate,eq1_not_representable,,,normalized term-name set equality per equation index; equation order is preserved,False,0.9983616980937133,True,0.0003528726598058367,5,"[5,5]",550,2939858,2939858,4198.264381951,non_evidence,ec3b6bd,0290b75a28791195,ffb0266c7913352c,False,336,336,,2,Brusselator: hypothetical chemical oscillation model (dimensionless),C_literature_all_cells
321,49,Brusselator: hypothetical chemical oscillation model (dimensionless),123,1,wp_n1_constant_basis,staged_polynomial_basis_with_constant,surrogate,eq1_not_representable,,,normalized term-name set equality per equation index; equation order is preserved,False,0.9983616970225144,True,0.0003528726612881184,5,"[5,5]",550,2833944,2833944,3952.507366646,non_evidence,ec3b6bd,0290b75a28791195,ffb0266c7913352c,False,336,336,,2,Brusselator: hypothetical chemical oscillation model (dimensionless),C_literature_all_cells
322,49,Brusselator: hypothetical chemical oscillation model (dimensionless),7,2,wp_n1_constant_basis,staged_polynomial_basis_with_constant,surrogate,eq1_not_representable,,,normalized term-name set equality per equation index; equation order is preserved,False,0.9368127500795489,True,0.0030516303741032966,5,"[5,5]",470,1252704,1252704,3434.22555108,non_evidence,ec3b6bd,0290b75a28791195,ffb0266c7913352c,False,336,336,,2,Brusselator: hypothetical chemical oscillation model (dimensionless),C_literature_all_cells
323,49,Brusselator: hypothetical chemical oscillation model (dimensionless),42,2,wp_n1_constant_basis,staged_polynomial_basis_with_constant,surrogate,eq1_not_representable,,,normalized term-name set equality per equation index; equation order is preserved,False,0.9368127372755439,True,0.003051630374193713,5,"[5,5]",470,1259891,1259891,5663.451731265,non_evidence,ec3b6bd,0290b75a28791195,ffb0266c7913352c,False,336,336,,2,Brusselator: hypothetical chemical oscillation model (dimensionless),C_literature_all_cells
324,49,Brusselator: hypothetical chemical oscillation model (dimensionless),123,2,wp_n1_constant_basis,staged_polynomial_basis_with_constant,surrogate,eq1_not_representable,,,normalized term-name set equality per equation index; equation order is preserved,False,0.9368127524422383,True,0.003051630374023758,5,"[5,5]",470,1315568,1315568,5421.036191044,non_evidence,ec3b6bd,0290b75a28791195,ffb0266c7913352c,False,336,336,,2,Brusselator: hypothetical chemical oscillation model (dimensionless),C_literature_all_cells
325,50,Chemical oscillator model by Schnackenberg 1979 (dimensionless),7,1,wp_n1_constant_basis,staged_polynomial_basis_with_constant,surrogate,eq1_not_representable,,,normalized term-name set equality per equation index; equation order is preserved,False,0.9971458802768856,True,0.0021827148345705503,5,"[3,5]",610,7839637,7839637,15029.400959998,non_evidence,ec3b6bd,0290b75a28791195,ffb0266c7913352c,False,336,336,,2,Chemical oscillator model by Schnackenberg 1979 (dimensionless),C_literature_all_cells
326,50,Chemical oscillator model by Schnackenberg 1979 (dimensionless),42,1,wp_n1_constant_basis,staged_polynomial_basis_with_constant,surrogate,eq1_not_representable,,,normalized term-name set equality per equation index; equation order is preserved,False,0.9975019863625324,True,0.0019172812940253495,5,"[3,5]",610,7968301,7968301,11401.396046647,non_evidence,ec3b6bd,0290b75a28791195,ffb0266c7913352c,False,336,336,,2,Chemical oscillator model by Schnackenberg 1979 (dimensionless),C_literature_all_cells
327,50,Chemical oscillator model by Schnackenberg 1979 (dimensionless),123,1,wp_n1_constant_basis,staged_polynomial_basis_with_constant,surrogate,eq1_not_representable,,,normalized term-name set equality per equation index; equation order is preserved,False,0.9974990924957141,True,0.0018949347723657914,5,"[3,5]",610,7560960,7560960,7433.571202972,non_evidence,ec3b6bd,0290b75a28791195,ffb0266c7913352c,False,336,336,,2,Chemical oscillator model by Schnackenberg 1979 (dimensionless),C_literature_all_cells
328,50,Chemical oscillator model by Schnackenberg 1979 (dimensionless),7,2,wp_n1_constant_basis,staged_polynomial_basis_with_constant,surrogate,eq1_not_representable,,,normalized term-name set equality per equation index; equation order is preserved,False,0.8436937576224985,False,0.000584514341786531,5,"[3,5]",430,2680045,2680045,13655.216175027,non_evidence,ec3b6bd,0290b75a28791195,ffb0266c7913352c,False,336,336,,2,Chemical oscillator model by Schnackenberg 1979 (dimensionless),C_literature_all_cells
329,50,Chemical oscillator model by Schnackenberg 1979 (dimensionless),42,2,wp_n1_constant_basis,staged_polynomial_basis_with_constant,surrogate,eq1_not_representable,,,normalized term-name set equality per equation index; equation order is preserved,False,0.8436937577347758,False,0.0005845143417865326,5,"[3,5]",430,1313692,1313692,5912.47862563,non_evidence,ec3b6bd,0290b75a28791195,ffb0266c7913352c,False,336,336,,2,Chemical oscillator model by Schnackenberg 1979 (dimensionless),C_literature_all_cells
330,50,Chemical oscillator model by Schnackenberg 1979 (dimensionless),123,2,wp_n1_constant_basis,staged_polynomial_basis_with_constant,surrogate,eq1_not_representable,,,normalized term-name set equality per equation index; equation order is preserved,False,0.8436937577959014,False,0.0005845143417864924,5,"[3,5]",430,1625625,1625625,3836.981869146,non_evidence,ec3b6bd,0290b75a28791195,ffb0266c7913352c,False,336,336,,2,Chemical oscillator model by Schnackenberg 1979 (dimensionless),C_literature_all_cells
331,51,Oscillator death model by Ermentrout and Kopell 1990,7,1,wp_n1_constant_basis,staged_polynomial_basis_with_constant,surrogate,eq1_not_representable,,,normalized term-name set equality per equation index; equation order is preserved,False,0.9991917425522139,True,0.009589929328682996,3,"[3,3]",410,3319124,3319124,8456.097339829,non_evidence,ec3b6bd,0290b75a28791195,ffb0266c7913352c,False,336,336,,2,Oscillator death model by Ermentrout and Kopell 1990,C_literature_all_cells
332,51,Oscillator death model by Ermentrout and Kopell 1990,42,1,wp_n1_constant_basis,staged_polynomial_basis_with_constant,surrogate,eq1_not_representable,,,normalized term-name set equality per equation index; equation order is preserved,False,0.9992056856584542,True,0.009434228889452152,3,"[3,3]",430,3555406,3555406,10797.755227254,non_evidence,ec3b6bd,0290b75a28791195,ffb0266c7913352c,False,336,336,,2,Oscillator death model by Ermentrout and Kopell 1990,C_literature_all_cells
333,51,Oscillator death model by Ermentrout and Kopell 1990,123,1,wp_n1_constant_basis,staged_polynomial_basis_with_constant,surrogate,eq1_not_representable,,,normalized term-name set equality per equation index; equation order is preserved,False,0.9992324991686051,True,0.009251334427906743,3,"[3,3]",410,3340702,3340702,11207.722144588,non_evidence,ec3b6bd,0290b75a28791195,ffb0266c7913352c,False,336,336,,2,Oscillator death model by Ermentrout and Kopell 1990,C_literature_all_cells
334,51,Oscillator death model by Ermentrout and Kopell 1990,7,2,wp_n1_constant_basis,staged_polynomial_basis_with_constant,surrogate,eq1_not_representable,,,normalized term-name set equality per equation index; equation order is preserved,False,0.9986429136850176,True,0.0071547980972907635,5,"[5,5]",530,5934534,5934534,14658.40740924,non_evidence,ec3b6bd,0290b75a28791195,ffb0266c7913352c,False,336,336,,2,Oscillator death model by Ermentrout and Kopell 1990,C_literature_all_cells
335,51,Oscillator death model by Ermentrout and Kopell 1990,42,2,wp_n1_constant_basis,staged_polynomial_basis_with_constant,surrogate,eq1_not_representable,,,normalized term-name set equality per equation index; equation order is preserved,False,0.9991339124793954,True,0.004629838320829777,5,"[5,5]",590,6757797,6757797,30799.607380402,non_evidence,ec3b6bd,0290b75a28791195,ffb0266c7913352c,False,336,336,,2,Oscillator death model by Ermentrout and Kopell 1990,C_literature_all_cells
336,51,Oscillator death model by Ermentrout and Kopell 1990,123,2,wp_n1_constant_basis,staged_polynomial_basis_with_constant,surrogate,eq1_not_representable,,,normalized term-name set equality per equation index; equation order is preserved,False,0.9990481436942279,True,0.005038795751295806,5,"[5,5]",570,6436973,6436973,24953.797721326,non_evidence,ec3b6bd,0290b75a28791195,ffb0266c7913352c,False,336,336,,2,Oscillator death model by Ermentrout and Kopell 1990,C_literature_all_cells
