run_id,experiment_id,phase,hypothesis,run_type,include_in_paper,system_id,system_name,system_dim,system_representability,system_expected_stage,variant,variant_slug,seed,status,inferred_status,success,failure_reason,started_at,finished_at,loss,objective,exact_support_match,exact_support_match_raw,exact_support_match_pruned,exact_support_match_definition,final_stage,stage_overshoot,wasted_levels,total_loss_evals,total_invalid_evals,elapsed_s,partial,metrics_available,corrupted,campaign_manifest_index,initial_condition_set,config_fingerprint,git_hash,git_dirty,r2,r2_by_dim,total_parameter_fits,total_parameter_fit_attempts,total_ode_solves,stage_cap_behavior_fingerprint,basis_name,support_terms,pruned_support_terms,model_terms,condition,use_pretuning,max_fit_attempts,n_levels,executed_levels,eq_overshoot,eq_final_stages,stage_caps,solver_retcodes,optimizer_retcodes,total_diverged_solves,total_invalid_solves,total_nonfinite_solves,total_solver_unstable_solves,total_step_limit_solves,total_optimizer_limit_hits,total_optimizer_budget_stop_fits,structural_f1_micro,structural_f1_macro,term_precision_micro,term_precision_macro,term_recall_micro,term_recall_macro,coefficient_relative_error_mean,coefficient_relative_error_max,n_coefficient_terms,n_equations,n_found_terms_micro,n_true_terms_micro,n_true_positive_terms_micro,n_missing_true_terms,n_extra_found_terms,structural_f1,term_precision,term_recall
1_evogrow_v2_2_stage_capped_1_1_42,paper1_phaseC_v1,C,,campaign_cell,,1,RC-circuit (charging capacitor),1,exact,1.0,evogrow_v2_2_stage_capped,evogrow_v2_2_stage_capped,42,finished,finished,True,,,2026-09-25T07:56:53.858Z,1.503599392586554e-14,,True,True,True,pruned_support_terms_exact_match,1,0.0,0.0,1609,,15.092356005,False,True,False,1,1,0c9672de35c75a9d,221a3a7,False,0.9999999999999972,[0.9999999999999973],30,30,1609,ffb0266c7913352c,staged_polynomial_basis_with_constant,"[[""1"",""u1""]]","[[""1"",""u1""]]","[[{""term"":""1"",""term_index"":1,""coefficient"":0.30303040382569096},{""term"":""u1"",""term_index"":2,""coefficient"":-0.3607503902590188}]]",capped,False,3,30,1,[0],[1],[null],"[""Success""]","[""Success""]",0,0,0,0,0,0,0,1.0,1.0,1.0,1.0,1.0,1.0,2.0721138987189746e-07,3.3262478033591066e-07,2,1,2,2,2,0,0,1.0,1.0,1.0
2_evogrow_v2_2_stage_local_1_1_42,paper1_phaseC_v1,C,,campaign_cell,,1,RC-circuit (charging capacitor),1,exact,1.0,evogrow_v2_2_stage_local,evogrow_v2_2_stage_local,42,finished,finished,True,,,2026-09-25T07:58:06.494Z,1.503599392586554e-14,,True,True,True,pruned_support_terms_exact_match,1,0.0,0.0,1609,,12.771428162,False,True,False,2,1,0c9672de35c75a9d,221a3a7,False,0.9999999999999972,[0.9999999999999973],30,30,1609,ffb0266c7913352c,staged_polynomial_basis_with_constant,"[[""1"",""u1""]]","[[""1"",""u1""]]","[[{""term"":""1"",""term_index"":1,""coefficient"":0.30303040382569096},{""term"":""u1"",""term_index"":2,""coefficient"":-0.3607503902590188}]]",uncapped,False,3,30,1,,,,"[""Success""]","[""Success""]",0,0,0,0,0,0,0,1.0,1.0,1.0,1.0,1.0,1.0,2.0721138987189746e-07,3.3262478033591066e-07,2,1,2,2,2,0,0,1.0,1.0,1.0
3_evogrow_v2_2_stage_capped_1_1_123,paper1_phaseC_v1,C,,campaign_cell,,1,RC-circuit (charging capacitor),1,exact,1.0,evogrow_v2_2_stage_capped,evogrow_v2_2_stage_capped,123,finished,finished,True,,,2026-09-25T07:58:04.501Z,1.5058680862805687e-14,,True,True,True,pruned_support_terms_exact_match,1,0.0,0.0,3285,,12.782630406,False,True,False,3,1,0c9672de35c75a9d,221a3a7,False,0.9999999999999972,[0.9999999999999973],50,50,3285,ffb0266c7913352c,staged_polynomial_basis_with_constant,"[[""1"",""u1""]]","[[""1"",""u1""]]","[[{""term"":""1"",""term_index"":1,""coefficient"":0.3030304037925379},{""term"":""u1"",""term_index"":2,""coefficient"":-0.3607503902794716}]]",capped,False,3,30,2,[0],[1],[null],"[""Success""]","[""Success"",""Failure""]",0,0,0,0,0,2,0,1.0,1.0,1.0,1.0,1.0,1.0,2.0718503486039092e-07,3.3251537513434575e-07,2,1,2,2,2,0,0,1.0,1.0,1.0
4_evogrow_v2_2_stage_local_1_1_123,paper1_phaseC_v1,C,,campaign_cell,,1,RC-circuit (charging capacitor),1,exact,1.0,evogrow_v2_2_stage_local,evogrow_v2_2_stage_local,123,finished,finished,True,,,2026-09-25T07:58:18.955Z,1.5058680862805687e-14,,True,True,True,pruned_support_terms_exact_match,1,0.0,0.0,3285,,13.561085681,False,True,False,4,1,0c9672de35c75a9d,221a3a7,False,0.9999999999999972,[0.9999999999999973],50,50,3285,ffb0266c7913352c,staged_polynomial_basis_with_constant,"[[""1"",""u1""]]","[[""1"",""u1""]]","[[{""term"":""1"",""term_index"":1,""coefficient"":0.3030304037925379},{""term"":""u1"",""term_index"":2,""coefficient"":-0.3607503902794716}]]",uncapped,False,3,30,2,,,,"[""Success""]","[""Success"",""Failure""]",0,0,0,0,0,2,0,1.0,1.0,1.0,1.0,1.0,1.0,2.0718503486039092e-07,3.3251537513434575e-07,2,1,2,2,2,0,0,1.0,1.0,1.0
5_evogrow_v2_2_stage_capped_1_1_7,paper1_phaseC_v1,C,,campaign_cell,,1,RC-circuit (charging capacitor),1,exact,1.0,evogrow_v2_2_stage_capped,evogrow_v2_2_stage_capped,7,finished,finished,True,,,2026-09-25T07:58:26.447Z,1.1373843416878714e-14,,True,True,True,pruned_support_terms_exact_match,1,0.0,0.0,21771,,20.164038307,False,True,False,5,1,0c9672de35c75a9d,221a3a7,False,0.999999999999998,[0.999999999999998],30,30,21771,ffb0266c7913352c,staged_polynomial_basis_with_constant,"[[""1"",""u1""]]","[[""1"",""u1""]]","[[{""term"":""1"",""term_index"":1,""coefficient"":0.30303039251843994},{""term"":""u1"",""term_index"":2,""coefficient"":-0.36075037486720596}]]",capped,False,3,30,1,[0],[1],[null],"[""Success""]","[""Success"",""Failure"",""MaxLossEvals""]",0,0,0,0,0,3,1,1.0,1.0,1.0,1.0,1.0,1.0,1.67221373107207e-07,2.9531085195544377e-07,2,1,2,2,2,0,0,1.0,1.0,1.0
6_evogrow_v2_2_stage_local_1_1_7,paper1_phaseC_v1,C,,campaign_cell,,1,RC-circuit (charging capacitor),1,exact,1.0,evogrow_v2_2_stage_local,evogrow_v2_2_stage_local,7,finished,finished,True,,,2026-09-25T07:59:06.063Z,1.1373843416878714e-14,,True,True,True,pruned_support_terms_exact_match,1,0.0,0.0,21771,,13.612855848,False,True,False,6,1,0c9672de35c75a9d,221a3a7,False,0.999999999999998,[0.999999999999998],30,30,21771,ffb0266c7913352c,staged_polynomial_basis_with_constant,"[[""1"",""u1""]]","[[""1"",""u1""]]","[[{""term"":""1"",""term_index"":1,""coefficient"":0.30303039251843994},{""term"":""u1"",""term_index"":2,""coefficient"":-0.36075037486720596}]]",uncapped,False,3,30,1,,,,"[""Success""]","[""Success"",""Failure"",""MaxLossEvals""]",0,0,0,0,0,3,1,1.0,1.0,1.0,1.0,1.0,1.0,1.67221373107207e-07,2.9531085195544377e-07,2,1,2,2,2,0,0,1.0,1.0,1.0
7_evogrow_v2_2_stage_capped_1_2_42,paper1_phaseC_v1,C,,campaign_cell,,1,RC-circuit (charging capacitor),1,exact,1.0,evogrow_v2_2_stage_capped,evogrow_v2_2_stage_capped,42,finished,finished,True,,,2026-09-25T07:59:10.803Z,9.661162587327258e-16,,True,True,True,pruned_support_terms_exact_match,1,0.0,0.0,43758,,18.692565905,False,True,False,7,2,0c9672de35c75a9d,221a3a7,False,0.999999999999998,[0.999999999999998],30,30,43758,ffb0266c7913352c,staged_polynomial_basis_with_constant,"[[""1"",""u1""]]","[[""1"",""u1""]]","[[{""term"":""1"",""term_index"":1,""coefficient"":0.30303032407895025},{""term"":""u1"",""term_index"":2,""coefficient"":-0.36075037289962403}]]",capped,False,3,30,1,[0],[1],[null],"[""Success""]","[""Success"",""Failure"",""MaxLossEvals""]",0,0,0,0,0,3,2,1.0,1.0,1.0,1.0,1.0,1.0,5.15691465683421e-08,6.946053598966274e-08,2,1,2,2,2,0,0,1.0,1.0,1.0
8_evogrow_v2_2_stage_local_1_2_42,paper1_phaseC_v1,C,,campaign_cell,,1,RC-circuit (charging capacitor),1,exact,1.0,evogrow_v2_2_stage_local,evogrow_v2_2_stage_local,42,finished,finished,True,,,2026-09-25T07:59:26.190Z,9.661162587327258e-16,,True,True,True,pruned_support_terms_exact_match,1,0.0,0.0,43758,,22.013250654,False,True,False,8,2,0c9672de35c75a9d,221a3a7,False,0.999999999999998,[0.999999999999998],30,30,43758,ffb0266c7913352c,staged_polynomial_basis_with_constant,"[[""1"",""u1""]]","[[""1"",""u1""]]","[[{""term"":""1"",""term_index"":1,""coefficient"":0.30303032407895025},{""term"":""u1"",""term_index"":2,""coefficient"":-0.36075037289962403}]]",uncapped,False,3,30,1,,,,"[""Success""]","[""Success"",""Failure"",""MaxLossEvals""]",0,0,0,0,0,3,2,1.0,1.0,1.0,1.0,1.0,1.0,5.15691465683421e-08,6.946053598966274e-08,2,1,2,2,2,0,0,1.0,1.0,1.0
9_evogrow_v2_2_stage_capped_1_2_123,paper1_phaseC_v1,C,,campaign_cell,,1,RC-circuit (charging capacitor),1,exact,1.0,evogrow_v2_2_stage_capped,evogrow_v2_2_stage_capped,123,finished,finished,True,,,2026-09-25T07:59:45.880Z,1.913323052452052e-15,,True,True,True,pruned_support_terms_exact_match,1,0.0,0.0,22740,,18.662039983,False,True,False,9,2,0c9672de35c75a9d,221a3a7,False,0.999999999999996,[0.999999999999996],30,30,22740,ffb0266c7913352c,staged_polynomial_basis_with_constant,"[[""1"",""u1""]]","[[""1"",""u1""]]","[[{""term"":""1"",""term_index"":1,""coefficient"":0.30303034465731626},{""term"":""u1"",""term_index"":2,""coefficient"":-0.3607503759308305}]]",capped,False,3,30,1,[0],[1],[null],"[""Success""]","[""Success"",""MaxLossEvals""]",0,0,0,0,0,1,1,1.0,1.0,1.0,1.0,1.0,1.0,8.972470263002297e-08,1.373691438266711e-07,2,1,2,2,2,0,0,1.0,1.0,1.0
10_evogrow_v2_2_stage_local_1_2_123,paper1_phaseC_v1,C,,campaign_cell,,1,RC-circuit (charging capacitor),1,exact,1.0,evogrow_v2_2_stage_local,evogrow_v2_2_stage_local,123,finished,finished,True,,,2026-09-25T07:59:59.222Z,1.913323052452052e-15,,True,True,True,pruned_support_terms_exact_match,1,0.0,0.0,22740,,17.116570869,False,True,False,10,2,0c9672de35c75a9d,221a3a7,False,0.999999999999996,[0.999999999999996],30,30,22740,ffb0266c7913352c,staged_polynomial_basis_with_constant,"[[""1"",""u1""]]","[[""1"",""u1""]]","[[{""term"":""1"",""term_index"":1,""coefficient"":0.30303034465731626},{""term"":""u1"",""term_index"":2,""coefficient"":-0.3607503759308305}]]",uncapped,False,3,30,1,,,,"[""Success""]","[""Success"",""MaxLossEvals""]",0,0,0,0,0,1,1,1.0,1.0,1.0,1.0,1.0,1.0,8.972470263002297e-08,1.373691438266711e-07,2,1,2,2,2,0,0,1.0,1.0,1.0
11_evogrow_v2_2_stage_capped_1_2_7,paper1_phaseC_v1,C,,campaign_cell,,1,RC-circuit (charging capacitor),1,exact,1.0,evogrow_v2_2_stage_capped,evogrow_v2_2_stage_capped,7,finished,finished,True,,,2026-09-25T08:00:12.017Z,2.6347162486909057e-15,,True,True,True,pruned_support_terms_exact_match,1,0.0,0.0,4581,,13.508803268,False,True,False,11,2,0c9672de35c75a9d,221a3a7,False,0.9999999999999946,[0.9999999999999946],30,30,4581,ffb0266c7913352c,staged_polynomial_basis_with_constant,"[[""1"",""u1""]]","[[""1"",""u1""]]","[[{""term"":""1"",""term_index"":1,""coefficient"":0.3030303567000135},{""term"":""u1"",""term_index"":2,""coefficient"":-0.36075039644921014}]]",capped,False,3,30,1,[0],[1],[null],"[""Success""]","[""Success"",""Failure""]",0,0,0,0,0,1,0,1.0,1.0,1.0,1.0,1.0,1.0,1.380336272682747e-07,1.7711004468012887e-07,2,1,2,2,2,0,0,1.0,1.0,1.0
12_evogrow_v2_2_stage_local_1_2_7,paper1_phaseC_v1,C,,campaign_cell,,1,RC-circuit (charging capacitor),1,exact,1.0,evogrow_v2_2_stage_local,evogrow_v2_2_stage_local,7,finished,finished,True,,,2026-09-25T08:00:21.229Z,2.6347162486909057e-15,,True,True,True,pruned_support_terms_exact_match,1,0.0,0.0,4581,,11.300783676,False,True,False,12,2,0c9672de35c75a9d,221a3a7,False,0.9999999999999946,[0.9999999999999946],30,30,4581,ffb0266c7913352c,staged_polynomial_basis_with_constant,"[[""1"",""u1""]]","[[""1"",""u1""]]","[[{""term"":""1"",""term_index"":1,""coefficient"":0.3030303567000135},{""term"":""u1"",""term_index"":2,""coefficient"":-0.36075039644921014}]]",uncapped,False,3,30,1,,,,"[""Success""]","[""Success"",""Failure""]",0,0,0,0,0,1,0,1.0,1.0,1.0,1.0,1.0,1.0,1.380336272682747e-07,1.7711004468012887e-07,2,1,2,2,2,0,0,1.0,1.0,1.0
13_evogrow_v2_2_stage_capped_2_1_42,paper1_phaseC_v1,C,,campaign_cell,,2,Population growth (naive),1,exact,1.0,evogrow_v2_2_stage_capped,evogrow_v2_2_stage_capped,42,finished,finished,True,,,2026-09-25T08:00:46.527Z,1.955813292048086e-12,,True,True,True,pruned_support_terms_exact_match,1,0.0,0.0,206725,,38.139822027,False,True,False,13,1,0c9672de35c75a9d,221a3a7,False,0.9999999999999862,[0.9999999999999862],30,30,206725,ffb0266c7913352c,staged_polynomial_basis_with_constant,"[[""u1""]]","[[""u1""]]","[[{""term"":""u1"",""term_index"":2,""coefficient"":0.22999999246877664}]]",capped,False,3,30,1,[0],[1],[null],"[""Success""]","[""Success"",""MaxLossEvals""]",0,0,0,0,0,10,10,1.0,1.0,1.0,1.0,1.0,1.0,3.274444942244854e-08,3.274444942244854e-08,1,1,1,1,1,0,0,1.0,1.0,1.0
14_evogrow_v2_2_stage_local_2_1_42,paper1_phaseC_v1,C,,campaign_cell,,2,Population growth (naive),1,exact,1.0,evogrow_v2_2_stage_local,evogrow_v2_2_stage_local,42,finished,finished,True,,,2026-09-25T08:01:14.376Z,1.955813292048086e-12,,True,True,True,pruned_support_terms_exact_match,1,0.0,0.0,206725,,45.292532127,False,True,False,14,1,0c9672de35c75a9d,221a3a7,False,0.9999999999999862,[0.9999999999999862],30,30,206725,ffb0266c7913352c,staged_polynomial_basis_with_constant,"[[""u1""]]","[[""u1""]]","[[{""term"":""u1"",""term_index"":2,""coefficient"":0.22999999246877664}]]",uncapped,False,3,30,1,,,,"[""Success""]","[""Success"",""MaxLossEvals""]",0,0,0,0,0,10,10,1.0,1.0,1.0,1.0,1.0,1.0,3.274444942244854e-08,3.274444942244854e-08,1,1,1,1,1,0,0,1.0,1.0,1.0
15_evogrow_v2_2_stage_capped_2_1_123,paper1_phaseC_v1,C,,campaign_cell,,2,Population growth (naive),1,exact,1.0,evogrow_v2_2_stage_capped,evogrow_v2_2_stage_capped,123,finished,finished,True,,,2026-09-25T08:01:28.679Z,1.955812640245169e-12,,True,True,True,pruned_support_terms_exact_match,1,0.0,0.0,152176,,46.506811319,False,True,False,15,1,0c9672de35c75a9d,221a3a7,False,0.9999999999999862,[0.9999999999999862],30,30,152176,ffb0266c7913352c,staged_polynomial_basis_with_constant,"[[""u1""]]","[[""u1""]]","[[{""term"":""u1"",""term_index"":2,""coefficient"":0.22999999246877686}]]",capped,False,3,30,1,[0],[1],[null],"[""Success""]","[""Success"",""MaxLossEvals""]",0,0,0,0,0,7,7,1.0,1.0,1.0,1.0,1.0,1.0,3.2744448457037216e-08,3.2744448457037216e-08,1,1,1,1,1,0,0,1.0,1.0,1.0
16_evogrow_v2_2_stage_local_2_1_123,paper1_phaseC_v1,C,,campaign_cell,,2,Population growth (naive),1,exact,1.0,evogrow_v2_2_stage_local,evogrow_v2_2_stage_local,123,finished,finished,True,,,2026-09-25T08:01:39.938Z,1.955812640245169e-12,,True,True,True,pruned_support_terms_exact_match,1,0.0,0.0,152176,,41.589830474,False,True,False,16,1,0c9672de35c75a9d,221a3a7,False,0.9999999999999862,[0.9999999999999862],30,30,152176,ffb0266c7913352c,staged_polynomial_basis_with_constant,"[[""u1""]]","[[""u1""]]","[[{""term"":""u1"",""term_index"":2,""coefficient"":0.22999999246877686}]]",uncapped,False,3,30,1,,,,"[""Success""]","[""Success"",""MaxLossEvals""]",0,0,0,0,0,7,7,1.0,1.0,1.0,1.0,1.0,1.0,3.2744448457037216e-08,3.2744448457037216e-08,1,1,1,1,1,0,0,1.0,1.0,1.0
17_evogrow_v2_2_stage_capped_2_1_7,paper1_phaseC_v1,C,,campaign_cell,,2,Population growth (naive),1,exact,1.0,evogrow_v2_2_stage_capped,evogrow_v2_2_stage_capped,7,finished,finished,True,,,2026-09-25T08:01:23.441Z,1.955812640245169e-12,,True,True,True,pruned_support_terms_exact_match,1,0.0,0.0,233982,,40.398096583,False,True,False,17,1,0c9672de35c75a9d,221a3a7,False,0.9999999999999862,[0.9999999999999862],30,30,233982,ffb0266c7913352c,staged_polynomial_basis_with_constant,"[[""u1""]]","[[""u1""]]","[[{""term"":""u1"",""term_index"":2,""coefficient"":0.22999999246877686}]]",capped,False,3,30,1,[0],[1],[null],"[""Success""]","[""Success"",""Failure"",""MaxLossEvals""]",0,0,0,0,0,12,11,1.0,1.0,1.0,1.0,1.0,1.0,3.2744448457037216e-08,3.2744448457037216e-08,1,1,1,1,1,0,0,1.0,1.0,1.0
18_evogrow_v2_2_stage_local_2_1_7,paper1_phaseC_v1,C,,campaign_cell,,2,Population growth (naive),1,exact,1.0,evogrow_v2_2_stage_local,evogrow_v2_2_stage_local,7,finished,finished,True,,,2026-09-25T08:02:17.325Z,1.955812640245169e-12,,True,True,True,pruned_support_terms_exact_match,1,0.0,0.0,233982,,38.184955916,False,True,False,18,1,0c9672de35c75a9d,221a3a7,False,0.9999999999999862,[0.9999999999999862],30,30,233982,ffb0266c7913352c,staged_polynomial_basis_with_constant,"[[""u1""]]","[[""u1""]]","[[{""term"":""u1"",""term_index"":2,""coefficient"":0.22999999246877686}]]",uncapped,False,3,30,1,,,,"[""Success""]","[""Success"",""Failure"",""MaxLossEvals""]",0,0,0,0,0,12,11,1.0,1.0,1.0,1.0,1.0,1.0,3.2744448457037216e-08,3.2744448457037216e-08,1,1,1,1,1,0,0,1.0,1.0,1.0
19_evogrow_v2_2_stage_capped_2_2_42,paper1_phaseC_v1,C,,campaign_cell,,2,Population growth (naive),1,exact,1.0,evogrow_v2_2_stage_capped,evogrow_v2_2_stage_capped,42,finished,finished,True,,,2026-09-25T08:02:53.486Z,6.560455288152898e-14,,True,True,True,pruned_support_terms_exact_match,1,0.0,0.0,182061,,34.432576498,False,True,False,19,2,0c9672de35c75a9d,221a3a7,False,0.999999999999986,[0.999999999999986],30,30,182061,ffb0266c7913352c,staged_polynomial_basis_with_constant,"[[""u1""]]","[[""u1""]]","[[{""term"":""u1"",""term_index"":2,""coefficient"":0.2299999925322346}]]",capped,False,3,30,1,[0],[1],[null],"[""Success""]","[""Success"",""Failure"",""MaxLossEvals""]",0,0,0,0,0,9,8,1.0,1.0,1.0,1.0,1.0,1.0,3.24685452437178e-08,3.24685452437178e-08,1,1,1,1,1,0,0,1.0,1.0,1.0
20_evogrow_v2_2_stage_local_2_2_42,paper1_phaseC_v1,C,,campaign_cell,,2,Population growth (naive),1,exact,1.0,evogrow_v2_2_stage_local,evogrow_v2_2_stage_local,42,finished,finished,True,,,2026-09-25T08:02:55.412Z,6.560455288152898e-14,,True,True,True,pruned_support_terms_exact_match,1,0.0,0.0,182061,,32.463763075,False,True,False,20,2,0c9672de35c75a9d,221a3a7,False,0.999999999999986,[0.999999999999986],30,30,182061,ffb0266c7913352c,staged_polynomial_basis_with_constant,"[[""u1""]]","[[""u1""]]","[[{""term"":""u1"",""term_index"":2,""coefficient"":0.2299999925322346}]]",uncapped,False,3,30,1,,,,"[""Success""]","[""Success"",""Failure"",""MaxLossEvals""]",0,0,0,0,0,9,8,1.0,1.0,1.0,1.0,1.0,1.0,3.24685452437178e-08,3.24685452437178e-08,1,1,1,1,1,0,0,1.0,1.0,1.0
21_evogrow_v2_2_stage_capped_2_2_123,paper1_phaseC_v1,C,,campaign_cell,,2,Population growth (naive),1,exact,1.0,evogrow_v2_2_stage_capped,evogrow_v2_2_stage_capped,123,finished,finished,True,,,2026-09-25T08:03:23.978Z,6.560454578213373e-14,,True,True,True,pruned_support_terms_exact_match,1,0.0,0.0,143048,,37.073532336,False,True,False,21,2,0c9672de35c75a9d,221a3a7,False,0.999999999999986,[0.999999999999986],30,30,143048,ffb0266c7913352c,staged_polynomial_basis_with_constant,"[[""u1""]]","[[""u1""]]","[[{""term"":""u1"",""term_index"":2,""coefficient"":0.22999999253223433}]]",capped,False,3,30,1,[0],[1],[null],"[""Success""]","[""Success"",""MaxLossEvals""]",0,0,0,0,0,7,7,1.0,1.0,1.0,1.0,1.0,1.0,3.246854645048195e-08,3.246854645048195e-08,1,1,1,1,1,0,0,1.0,1.0,1.0
22_evogrow_v2_2_stage_local_2_2_123,paper1_phaseC_v1,C,,campaign_cell,,2,Population growth (naive),1,exact,1.0,evogrow_v2_2_stage_local,evogrow_v2_2_stage_local,123,finished,finished,True,,,2026-09-25T08:03:33.282Z,6.560454578213373e-14,,True,True,True,pruned_support_terms_exact_match,1,0.0,0.0,143048,,42.934296173,False,True,False,22,2,0c9672de35c75a9d,221a3a7,False,0.999999999999986,[0.999999999999986],30,30,143048,ffb0266c7913352c,staged_polynomial_basis_with_constant,"[[""u1""]]","[[""u1""]]","[[{""term"":""u1"",""term_index"":2,""coefficient"":0.22999999253223433}]]",uncapped,False,3,30,1,,,,"[""Success""]","[""Success"",""MaxLossEvals""]",0,0,0,0,0,7,7,1.0,1.0,1.0,1.0,1.0,1.0,3.246854645048195e-08,3.246854645048195e-08,1,1,1,1,1,0,0,1.0,1.0,1.0
23_evogrow_v2_2_stage_capped_2_2_7,paper1_phaseC_v1,C,,campaign_cell,,2,Population growth (naive),1,exact,1.0,evogrow_v2_2_stage_capped,evogrow_v2_2_stage_capped,7,finished,finished,True,,,2026-09-25T08:03:46.763Z,6.560453464164667e-14,,True,True,True,pruned_support_terms_exact_match,1,0.0,0.0,222182,,52.71251444,False,True,False,23,2,0c9672de35c75a9d,221a3a7,False,0.999999999999986,[0.999999999999986],30,30,222182,ffb0266c7913352c,staged_polynomial_basis_with_constant,"[[""u1""]]","[[""u1""]]","[[{""term"":""u1"",""term_index"":2,""coefficient"":0.2299999925322351}]]",capped,False,3,30,1,[0],[1],[null],"[""Success""]","[""Success"",""MaxLossEvals""]",0,0,0,0,0,11,11,1.0,1.0,1.0,1.0,1.0,1.0,3.246854307154232e-08,3.246854307154232e-08,1,1,1,1,1,0,0,1.0,1.0,1.0
24_evogrow_v2_2_stage_local_2_2_7,paper1_phaseC_v1,C,,campaign_cell,,2,Population growth (naive),1,exact,1.0,evogrow_v2_2_stage_local,evogrow_v2_2_stage_local,7,finished,finished,True,,,2026-09-25T08:03:46.840Z,6.560453464164667e-14,,True,True,True,pruned_support_terms_exact_match,1,0.0,0.0,222182,,36.75243274,False,True,False,24,2,0c9672de35c75a9d,221a3a7,False,0.999999999999986,[0.999999999999986],30,30,222182,ffb0266c7913352c,staged_polynomial_basis_with_constant,"[[""u1""]]","[[""u1""]]","[[{""term"":""u1"",""term_index"":2,""coefficient"":0.2299999925322351}]]",uncapped,False,3,30,1,,,,"[""Success""]","[""Success"",""MaxLossEvals""]",0,0,0,0,0,11,11,1.0,1.0,1.0,1.0,1.0,1.0,3.246854307154232e-08,3.246854307154232e-08,1,1,1,1,1,0,0,1.0,1.0,1.0
25_evogrow_v2_2_stage_capped_3_1_42,paper1_phaseC_v1,C,,campaign_cell,,3,Population growth with carrying capacity,1,exact,2.0,evogrow_v2_2_stage_capped,evogrow_v2_2_stage_capped,42,finished,finished,True,,,2026-09-25T08:04:20.008Z,4.404694735734421e-08,,True,False,True,pruned_support_terms_exact_match,2,0.0,0.0,695054,,133.403438412,False,True,False,25,1,0c9672de35c75a9d,221a3a7,False,0.9999999999149451,[0.9999999999149451],170,222,695054,ffb0266c7913352c,staged_polynomial_basis_with_constant,"[[""1"",""u1"",""u1^2""]]","[[""u1"",""u1^2""]]","[[{""term"":""1"",""term_index"":1,""coefficient"":-0.0006161310725557635},{""term"":""u1"",""term_index"":2,""coefficient"":0.7900459754780715},{""term"":""u1^2"",""term_index"":3,""coefficient"":-0.010633114059140032}]]",capped,False,3,30,8,[0],[2],[2],"[""Success"",""Unstable""]","[""Success"",""Failure"",""MaxLossEvals""]",12203,12203,0,12203,0,100,24,0.8,0.8,0.6666666666666666,0.6666666666666666,1.0,1.0,5.465194441331696e-05,5.819680768544646e-05,2,1,3,2,2,0,1,0.8,0.6666666666666666,1.0
26_evogrow_v2_2_stage_local_3_1_42,paper1_phaseC_v1,C,,campaign_cell,,3,Population growth with carrying capacity,1,exact,2.0,evogrow_v2_2_stage_local,evogrow_v2_2_stage_local,42,finished,finished,True,,,2026-09-25T08:04:19.912Z,4.404694735734421e-08,,True,False,True,pruned_support_terms_exact_match,5,3.0,12.0,2671727,,607.829718821,False,True,False,26,1,0c9672de35c75a9d,221a3a7,False,0.9999999999149451,[0.9999999999149451],410,622,2671727,ffb0266c7913352c,staged_polynomial_basis_with_constant,"[[""1"",""u1"",""u1^2""]]","[[""u1"",""u1^2""]]","[[{""term"":""1"",""term_index"":1,""coefficient"":-0.0006161310725557635},{""term"":""u1"",""term_index"":2,""coefficient"":0.7900459754780715},{""term"":""u1^2"",""term_index"":3,""coefficient"":-0.010633114059140032}]]",uncapped,False,3,30,20,,,,"[""Success"",""Unstable""]","[""Success"",""Failure"",""MaxLossEvals""]",91082,91082,0,91082,0,277,95,0.8,0.8,0.6666666666666666,0.6666666666666666,1.0,1.0,5.465194441331696e-05,5.819680768544646e-05,2,1,3,2,2,0,1,0.8,0.6666666666666666,1.0
27_evogrow_v2_2_stage_capped_3_1_123,paper1_phaseC_v1,C,,campaign_cell,,3,Population growth with carrying capacity,1,exact,2.0,evogrow_v2_2_stage_capped,evogrow_v2_2_stage_capped,123,finished,finished,True,,,2026-09-25T08:05:09.814Z,1.4668606021488556e-09,,True,False,True,pruned_support_terms_exact_match,2,0.0,0.0,353481,,87.679749557,False,True,False,27,1,0c9672de35c75a9d,221a3a7,False,0.9999999999971676,[0.9999999999971675],150,187,353481,ffb0266c7913352c,staged_polynomial_basis_with_constant,"[[""1"",""u1"",""u1^2""]]","[[""u1"",""u1^2""]]","[[{""term"":""1"",""term_index"":1,""coefficient"":-4.268039245971378e-05},{""term"":""u1"",""term_index"":2,""coefficient"":0.7900043047220544},{""term"":""u1^2"",""term_index"":3,""coefficient"":-0.010632627016215377}]]",capped,False,3,30,7,[0],[2],[2],"[""Success"",""Unstable""]","[""Failure"",""Success"",""MaxLossEvals""]",8674,8674,0,8674,0,80,8,0.8,0.8,0.6666666666666666,0.6666666666666666,1.0,1.0,5.374700540507511e-06,5.449015258697808e-06,2,1,3,2,2,0,1,0.8,0.6666666666666666,1.0
28_evogrow_v2_2_stage_local_3_1_123,paper1_phaseC_v1,C,,campaign_cell,,3,Population growth with carrying capacity,1,exact,2.0,evogrow_v2_2_stage_local,evogrow_v2_2_stage_local,123,finished,finished,True,,,2026-09-25T08:05:24.141Z,1.4668606021488556e-09,,True,False,True,pruned_support_terms_exact_match,2,0.0,0.0,353481,,88.105475775,False,True,False,28,1,0c9672de35c75a9d,221a3a7,False,0.9999999999971676,[0.9999999999971675],150,187,353481,ffb0266c7913352c,staged_polynomial_basis_with_constant,"[[""1"",""u1"",""u1^2""]]","[[""u1"",""u1^2""]]","[[{""term"":""1"",""term_index"":1,""coefficient"":-4.268039245971378e-05},{""term"":""u1"",""term_index"":2,""coefficient"":0.7900043047220544},{""term"":""u1^2"",""term_index"":3,""coefficient"":-0.010632627016215377}]]",uncapped,False,3,30,7,,,,"[""Success"",""Unstable""]","[""Failure"",""Success"",""MaxLossEvals""]",8674,8674,0,8674,0,80,8,0.8,0.8,0.6666666666666666,0.6666666666666666,1.0,1.0,5.374700540507511e-06,5.449015258697808e-06,2,1,3,2,2,0,1,0.8,0.6666666666666666,1.0
29_evogrow_v2_2_stage_capped_3_1_7,paper1_phaseC_v1,C,,campaign_cell,,3,Population growth with carrying capacity,1,exact,2.0,evogrow_v2_2_stage_capped,evogrow_v2_2_stage_capped,7,finished,finished,True,,,2026-09-25T08:05:15.265Z,4.326728769752174e-08,,True,False,True,pruned_support_terms_exact_match,2,0.0,0.0,596692,,109.981228326,False,True,False,29,1,0c9672de35c75a9d,221a3a7,False,0.9999999999164508,[0.9999999999164507],170,223,596692,ffb0266c7913352c,staged_polynomial_basis_with_constant,"[[""1"",""u1"",""u1^2""]]","[[""u1"",""u1^2""]]","[[{""term"":""1"",""term_index"":1,""coefficient"":-0.0004972252281067761},{""term"":""u1"",""term_index"":2,""coefficient"":0.7900401003017322},{""term"":""u1^2"",""term_index"":3,""coefficient"":-0.010633075075228687}]]",capped,False,3,30,8,[0],[2],[2],"[""Success"",""Unstable""]","[""Success"",""Failure"",""MaxLossEvals""]",12179,12179,0,12179,0,103,17,0.8,0.8,0.6666666666666666,0.6666666666666666,1.0,1.0,4.910024760806586e-05,5.075987561035716e-05,2,1,3,2,2,0,1,0.8,0.6666666666666666,1.0
30_evogrow_v2_2_stage_local_3_1_7,paper1_phaseC_v1,C,,campaign_cell,,3,Population growth with carrying capacity,1,exact,2.0,evogrow_v2_2_stage_local,evogrow_v2_2_stage_local,7,finished,finished,True,,,2026-09-25T08:05:33.577Z,4.326728769752174e-08,,True,False,True,pruned_support_terms_exact_match,5,3.0,12.0,2264010,,546.327243883,False,True,False,30,1,0c9672de35c75a9d,221a3a7,False,0.9999999999164508,[0.9999999999164507],410,626,2264010,ffb0266c7913352c,staged_polynomial_basis_with_constant,"[[""1"",""u1"",""u1^2""]]","[[""u1"",""u1^2""]]","[[{""term"":""1"",""term_index"":1,""coefficient"":-0.0004972252281067761},{""term"":""u1"",""term_index"":2,""coefficient"":0.7900401003017322},{""term"":""u1^2"",""term_index"":3,""coefficient"":-0.010633075075228687}]]",uncapped,False,3,30,20,,,,"[""Success"",""Unstable""]","[""Success"",""Failure"",""MaxLossEvals""]",83136,83136,0,83136,0,277,76,0.8,0.8,0.6666666666666666,0.6666666666666666,1.0,1.0,4.910024760806586e-05,5.075987561035716e-05,2,1,3,2,2,0,1,0.8,0.6666666666666666,1.0
31_evogrow_v2_2_stage_capped_3_2_42,paper1_phaseC_v1,C,,campaign_cell,,3,Population growth with carrying capacity,1,exact,2.0,evogrow_v2_2_stage_capped,evogrow_v2_2_stage_capped,42,finished,finished,True,,,2026-09-25T08:07:36.852Z,1.1480380667106174e-07,,False,False,False,pruned_support_terms_exact_match,2,0.0,0.0,440790,,113.081780479,False,True,False,31,2,0c9672de35c75a9d,221a3a7,False,0.999999999525648,[0.999999999525648],170,228,440790,ffb0266c7913352c,staged_polynomial_basis_with_constant,"[[""1"",""u1"",""u1^2""]]","[[""1"",""u1"",""u1^2""]]","[[{""term"":""1"",""term_index"":1,""coefficient"":-0.0036444354840582728},{""term"":""u1"",""term_index"":2,""coefficient"":0.7901692191163902},{""term"":""u1^2"",""term_index"":3,""coefficient"":-0.01063425766744067}]]",capped,False,3,30,8,[0],[2],[2],"[""Success"",""Unstable""]","[""Failure"",""Success"",""MaxLossEvals""]",10864,10864,0,10864,0,58,12,0.8,0.8,0.6666666666666666,0.6666666666666666,1.0,1.0,0.0001864327893854,0.000214201413152,2,1,3,2,2,0,1,0.8,0.6666666666666666,1.0
32_evogrow_v2_2_stage_local_3_2_42,paper1_phaseC_v1,C,,campaign_cell,,3,Population growth with carrying capacity,1,exact,2.0,evogrow_v2_2_stage_local,evogrow_v2_2_stage_local,42,finished,finished,True,,,2026-09-25T08:07:32.929Z,9.075671667669377e-08,,False,False,False,pruned_support_terms_exact_match,5,3.0,12.0,2147591,,537.047183455,False,True,False,32,2,0c9672de35c75a9d,221a3a7,False,0.999999999625007,[0.999999999625007],410,661,2147591,ffb0266c7913352c,staged_polynomial_basis_with_constant,"[[""1"",""u1"",""u1^2""]]","[[""1"",""u1"",""u1^2""]]","[[{""term"":""1"",""term_index"":1,""coefficient"":-0.0032577745924348735},{""term"":""u1"",""term_index"":2,""coefficient"":0.7901510612279331},{""term"":""u1^2"",""term_index"":3,""coefficient"":-0.010634075851750637}]]",uncapped,False,3,30,20,,,,"[""Success"",""Unstable""]","[""Failure"",""Success"",""MaxLossEvals""]",54572,54572,0,54572,0,231,75,0.8,0.8,0.6666666666666666,0.6666666666666666,1.0,1.0,0.0001663905145585,0.000191216744219,2,1,3,2,2,0,1,0.8,0.6666666666666666,1.0
33_evogrow_v2_2_stage_capped_3_2_123,paper1_phaseC_v1,C,,campaign_cell,,3,Population growth with carrying capacity,1,exact,2.0,evogrow_v2_2_stage_capped,evogrow_v2_2_stage_capped,123,finished,finished,True,,,2026-09-25T08:07:56.464Z,7.789997502885352e-08,,False,False,False,pruned_support_terms_exact_match,2,0.0,0.0,549687,,126.313810318,False,True,False,33,2,0c9672de35c75a9d,221a3a7,False,0.9999999996781292,[0.9999999996781291],170,225,549687,ffb0266c7913352c,staged_polynomial_basis_with_constant,"[[""1"",""u1"",""u1^2""]]","[[""1"",""u1"",""u1^2""]]","[[{""term"":""1"",""term_index"":1,""coefficient"":-0.003107457011294471},{""term"":""u1"",""term_index"":2,""coefficient"":0.7901432181448883},{""term"":""u1^2"",""term_index"":3,""coefficient"":-0.010633993095357005}]]",capped,False,3,30,8,[0],[2],[2],"[""Success"",""Unstable""]","[""Failure"",""Success"",""MaxLossEvals""]",10735,10735,0,10735,0,68,16,0.8,0.8,0.6666666666666666,0.6666666666666666,1.0,1.0,0.0001575348923486,0.0001812887909978,2,1,3,2,2,0,1,0.8,0.6666666666666666,1.0
34_evogrow_v2_2_stage_local_3_2_123,paper1_phaseC_v1,C,,campaign_cell,,3,Population growth with carrying capacity,1,exact,2.0,evogrow_v2_2_stage_local,evogrow_v2_2_stage_local,123,finished,finished,True,,,2026-09-25T08:08:00.409Z,3.9051231737382866e-08,,False,False,False,pruned_support_terms_exact_match,5,3.0,12.0,2407349,,611.844925317,False,True,False,34,2,0c9672de35c75a9d,221a3a7,False,0.9999999998386462,[0.9999999998386462],410,643,2407349,ffb0266c7913352c,staged_polynomial_basis_with_constant,"[[""1"",""u1"",""u1^2""]]","[[""1"",""u1"",""u1^2""]]","[[{""term"":""1"",""term_index"":1,""coefficient"":-0.0010799899231076018},{""term"":""u1"",""term_index"":2,""coefficient"":0.7900573860147121},{""term"":""u1^2"",""term_index"":3,""coefficient"":-0.010633185942075055}]]",uncapped,False,3,30,20,,,,"[""Success"",""Unstable"",""MaxIters""]","[""Failure"",""Success"",""MaxLossEvals""]",66511,66517,0,66511,6,253,84,0.8,0.8,0.6666666666666666,0.6666666666666666,1.0,1.0,6.525412081378916e-05,7.264052495197152e-05,2,1,3,2,2,0,1,0.8,0.6666666666666666,1.0
35_evogrow_v2_2_stage_capped_3_2_7,paper1_phaseC_v1,C,,campaign_cell,,3,Population growth with carrying capacity,1,exact,2.0,evogrow_v2_2_stage_capped,evogrow_v2_2_stage_capped,7,finished,finished,True,,,2026-09-25T08:10:42.410Z,1.614626546244886e-07,,False,False,False,pruned_support_terms_exact_match,2,0.0,0.0,639552,,140.755306529,False,True,False,35,2,0c9672de35c75a9d,221a3a7,False,0.9999999993328608,[0.9999999993328608],170,222,639552,ffb0266c7913352c,staged_polynomial_basis_with_constant,"[[""1"",""u1"",""u1^2""]]","[[""1"",""u1"",""u1^2""]]","[[{""term"":""1"",""term_index"":1,""coefficient"":-0.0045950869294039964},{""term"":""u1"",""term_index"":2,""coefficient"":0.7902107148933027},{""term"":""u1^2"",""term_index"":3,""coefficient"":-0.010634657388317169}]]",capped,False,3,30,8,[0],[2],[2],"[""Success"",""Unstable""]","[""Success"",""Failure"",""MaxLossEvals""]",11232,11232,0,11232,0,62,23,0.8,0.8,0.6666666666666666,0.6666666666666666,1.0,1.0,0.0002314929400414,0.0002667277130414,2,1,3,2,2,0,1,0.8,0.6666666666666666,1.0
36_evogrow_v2_2_stage_local_3_2_7,paper1_phaseC_v1,C,,campaign_cell,,3,Population growth with carrying capacity,1,exact,2.0,evogrow_v2_2_stage_local,evogrow_v2_2_stage_local,7,finished,finished,True,,,2026-09-25T08:11:17.023Z,1.614626546244886e-07,,False,False,False,pruned_support_terms_exact_match,5,3.0,12.0,2453814,,902.173017958,False,True,False,36,2,0c9672de35c75a9d,221a3a7,False,0.9999999993328608,[0.9999999993328608],410,633,2453814,ffb0266c7913352c,staged_polynomial_basis_with_constant,"[[""1"",""u1"",""u1^2""]]","[[""1"",""u1"",""u1^2""]]","[[{""term"":""1"",""term_index"":1,""coefficient"":-0.0045950869294039964},{""term"":""u1"",""term_index"":2,""coefficient"":0.7902107148933027},{""term"":""u1^2"",""term_index"":3,""coefficient"":-0.010634657388317169}]]",uncapped,False,3,30,20,,,,"[""Success"",""Unstable""]","[""Success"",""Failure"",""MaxLossEvals""]",70102,70102,0,70102,0,245,89,0.8,0.8,0.6666666666666666,0.6666666666666666,1.0,1.0,0.0002314929400414,0.0002667277130414,2,1,3,2,2,0,1,0.8,0.6666666666666666,1.0
37_evogrow_v2_2_stage_capped_4_1_42,paper1_phaseC_v1,C,,campaign_cell,,4,RC-circuit with non-linear resistor (charging capacitor),1,surrogate,,evogrow_v2_2_stage_capped,evogrow_v2_2_stage_capped,42,finished,finished,True,,,2026-09-25T08:13:42.963Z,0.000709245413414,,,,,pruned_support_terms_exact_match,5,,,1400027,,266.463335356,False,True,False,37,1,0c9672de35c75a9d,221a3a7,False,0.9988493399598466,[0.9988493399598466],410,457,1400027,ffb0266c7913352c,staged_polynomial_basis_with_constant,"[[""1"",""u1""]]","[[""1"",""u1""]]","[[{""term"":""1"",""term_index"":1,""coefficient"":-0.037989909685191},{""term"":""u1"",""term_index"":2,""coefficient"":0.17438494955478429}]]",capped,False,3,30,20,,[5],[5],"[""Success"",""Unstable""]","[""Success"",""Failure"",""MaxLossEvals""]",25863,25863,0,25863,0,323,7,0.0,0.0,0.0,0.0,0.0,0.0,,,0,1,2,0,0,0,2,0.0,0.0,0.0
38_evogrow_v2_2_stage_local_4_1_42,paper1_phaseC_v1,C,,campaign_cell,,4,RC-circuit with non-linear resistor (charging capacitor),1,surrogate,,evogrow_v2_2_stage_local,evogrow_v2_2_stage_local,42,finished,finished,True,,,2026-09-25T08:14:08.733Z,0.000709245413414,,,,,pruned_support_terms_exact_match,5,,,1400027,,265.135968471,False,True,False,38,1,0c9672de35c75a9d,221a3a7,False,0.9988493399598466,[0.9988493399598466],410,457,1400027,ffb0266c7913352c,staged_polynomial_basis_with_constant,"[[""1"",""u1""]]","[[""1"",""u1""]]","[[{""term"":""1"",""term_index"":1,""coefficient"":-0.037989909685191},{""term"":""u1"",""term_index"":2,""coefficient"":0.17438494955478429}]]",uncapped,False,3,30,20,,,,"[""Success"",""Unstable""]","[""Success"",""Failure"",""MaxLossEvals""]",25863,25863,0,25863,0,323,7,0.0,0.0,0.0,0.0,0.0,0.0,,,0,1,2,0,0,0,2,0.0,0.0,0.0
39_evogrow_v2_2_stage_capped_4_1_123,paper1_phaseC_v1,C,,campaign_cell,,4,RC-circuit with non-linear resistor (charging capacitor),1,surrogate,,evogrow_v2_2_stage_capped,evogrow_v2_2_stage_capped,123,finished,finished,True,,,2026-09-25T08:15:34.708Z,0.0007092454133979,,,,,pruned_support_terms_exact_match,5,,,1463485,,276.64962333,False,True,False,39,1,0c9672de35c75a9d,221a3a7,False,0.9988493399598728,[0.9988493399598727],410,451,1463485,ffb0266c7913352c,staged_polynomial_basis_with_constant,"[[""1"",""u1""]]","[[""1"",""u1""]]","[[{""term"":""1"",""term_index"":1,""coefficient"":-0.03798993069095694},{""term"":""u1"",""term_index"":2,""coefficient"":0.174384965779811}]]",capped,False,3,30,20,,[5],[5],"[""Success"",""Unstable""]","[""Success"",""Failure"",""MaxLossEvals""]",32718,32718,0,32718,0,330,9,0.0,0.0,0.0,0.0,0.0,0.0,,,0,1,2,0,0,0,2,0.0,0.0,0.0
40_evogrow_v2_2_stage_local_4_1_123,paper1_phaseC_v1,C,,campaign_cell,,4,RC-circuit with non-linear resistor (charging capacitor),1,surrogate,,evogrow_v2_2_stage_local,evogrow_v2_2_stage_local,123,finished,finished,True,,,2026-09-25T08:15:32.353Z,0.0007092454133979,,,,,pruned_support_terms_exact_match,5,,,1463485,,239.482697132,False,True,False,40,1,0c9672de35c75a9d,221a3a7,False,0.9988493399598728,[0.9988493399598727],410,451,1463485,ffb0266c7913352c,staged_polynomial_basis_with_constant,"[[""1"",""u1""]]","[[""1"",""u1""]]","[[{""term"":""1"",""term_index"":1,""coefficient"":-0.03798993069095694},{""term"":""u1"",""term_index"":2,""coefficient"":0.174384965779811}]]",uncapped,False,3,30,20,,,,"[""Success"",""Unstable""]","[""Success"",""Failure"",""MaxLossEvals""]",32718,32718,0,32718,0,330,9,0.0,0.0,0.0,0.0,0.0,0.0,,,0,1,2,0,0,0,2,0.0,0.0,0.0
41_evogrow_v2_2_stage_capped_4_1_7,paper1_phaseC_v1,C,,campaign_cell,,4,RC-circuit with non-linear resistor (charging capacitor),1,surrogate,,evogrow_v2_2_stage_capped,evogrow_v2_2_stage_capped,7,finished,finished,True,,,2026-09-25T08:17:21.845Z,0.0007092454134098,,,,,pruned_support_terms_exact_match,5,,,1398660,,219.1314777,False,True,False,41,1,0c9672de35c75a9d,221a3a7,False,0.9988493399598534,[0.9988493399598534],410,454,1398660,ffb0266c7913352c,staged_polynomial_basis_with_constant,"[[""1"",""u1""]]","[[""1"",""u1""]]","[[{""term"":""1"",""term_index"":1,""coefficient"":-0.03798991427811136},{""term"":""u1"",""term_index"":2,""coefficient"":0.17438495327115758}]]",capped,False,3,30,20,,[5],[5],"[""Success"",""Unstable""]","[""Success"",""Failure"",""MaxLossEvals""]",28788,28788,0,28788,0,337,4,0.0,0.0,0.0,0.0,0.0,0.0,,,0,1,2,0,0,0,2,0.0,0.0,0.0
42_evogrow_v2_2_stage_local_4_1_7,paper1_phaseC_v1,C,,campaign_cell,,4,RC-circuit with non-linear resistor (charging capacitor),1,surrogate,,evogrow_v2_2_stage_local,evogrow_v2_2_stage_local,7,finished,finished,True,,,2026-09-25T08:19:04.840Z,0.0007092454134098,,,,,pruned_support_terms_exact_match,5,,,1398660,,206.598095917,False,True,False,42,1,0c9672de35c75a9d,221a3a7,False,0.9988493399598534,[0.9988493399598534],410,454,1398660,ffb0266c7913352c,staged_polynomial_basis_with_constant,"[[""1"",""u1""]]","[[""1"",""u1""]]","[[{""term"":""1"",""term_index"":1,""coefficient"":-0.03798991427811136},{""term"":""u1"",""term_index"":2,""coefficient"":0.17438495327115758}]]",uncapped,False,3,30,20,,,,"[""Success"",""Unstable""]","[""Success"",""Failure"",""MaxLossEvals""]",28788,28788,0,28788,0,337,4,0.0,0.0,0.0,0.0,0.0,0.0,,,0,1,2,0,0,0,2,0.0,0.0,0.0
43_evogrow_v2_2_stage_capped_4_2_42,paper1_phaseC_v1,C,,campaign_cell,,4,RC-circuit with non-linear resistor (charging capacitor),1,surrogate,,evogrow_v2_2_stage_capped,evogrow_v2_2_stage_capped,42,finished,finished,True,,,2026-09-25T08:19:22.844Z,5.444753121314877e-06,,,,,pruned_support_terms_exact_match,5,,,1172682,,304.587067704,False,True,False,43,2,0c9672de35c75a9d,221a3a7,False,0.9999939600360576,[0.9999939600360576],410,422,1172682,ffb0266c7913352c,staged_polynomial_basis_with_constant,"[[""1"",""u1"",""u1^2""]]","[[""1"",""u1"",""u1^2""]]","[[{""term"":""1"",""term_index"":1,""coefficient"":-0.12397422055057951},{""term"":""u1"",""term_index"":2,""coefficient"":0.24081335251068356},{""term"":""u1^2"",""term_index"":3,""coefficient"":0.04298236722158353}]]",capped,False,3,30,20,,[5],[5],"[""Success"",""Unstable""]","[""Success"",""Failure"",""MaxLossEvals""]",27797,27797,0,27797,0,143,21,0.0,0.0,0.0,0.0,0.0,0.0,,,0,1,3,0,0,0,3,0.0,0.0,0.0
44_evogrow_v2_2_stage_local_4_2_42,paper1_phaseC_v1,C,,campaign_cell,,4,RC-circuit with non-linear resistor (charging capacitor),1,surrogate,,evogrow_v2_2_stage_local,evogrow_v2_2_stage_local,42,finished,finished,True,,,2026-09-25T08:19:28.652Z,5.444753121314877e-06,,,,,pruned_support_terms_exact_match,5,,,1172682,,211.837053728,False,True,False,44,2,0c9672de35c75a9d,221a3a7,False,0.9999939600360576,[0.9999939600360576],410,422,1172682,ffb0266c7913352c,staged_polynomial_basis_with_constant,"[[""1"",""u1"",""u1^2""]]","[[""1"",""u1"",""u1^2""]]","[[{""term"":""1"",""term_index"":1,""coefficient"":-0.12397422055057951},{""term"":""u1"",""term_index"":2,""coefficient"":0.24081335251068356},{""term"":""u1^2"",""term_index"":3,""coefficient"":0.04298236722158353}]]",uncapped,False,3,30,20,,,,"[""Success"",""Unstable""]","[""Success"",""Failure"",""MaxLossEvals""]",27797,27797,0,27797,0,143,21,0.0,0.0,0.0,0.0,0.0,0.0,,,0,1,3,0,0,0,3,0.0,0.0,0.0
45_evogrow_v2_2_stage_capped_4_2_123,paper1_phaseC_v1,C,,campaign_cell,,4,RC-circuit with non-linear resistor (charging capacitor),1,surrogate,,evogrow_v2_2_stage_capped,evogrow_v2_2_stage_capped,123,finished,finished,True,,,2026-09-25T08:20:26.284Z,5.444753124497457e-06,,,,,pruned_support_terms_exact_match,5,,,1056190,,203.692535584,False,True,False,45,2,0c9672de35c75a9d,221a3a7,False,0.999993960036054,[0.9999939600360541],410,425,1056190,ffb0266c7913352c,staged_polynomial_basis_with_constant,"[[""1"",""u1"",""u1^2""]]","[[""1"",""u1"",""u1^2""]]","[[{""term"":""1"",""term_index"":1,""coefficient"":-0.123974221102223},{""term"":""u1"",""term_index"":2,""coefficient"":0.24081335035396542},{""term"":""u1^2"",""term_index"":3,""coefficient"":0.04298236632412114}]]",capped,False,3,30,20,,[5],[5],"[""Success"",""Unstable""]","[""Success"",""Failure"",""MaxLossEvals""]",24828,24828,0,24828,0,128,21,0.0,0.0,0.0,0.0,0.0,0.0,,,0,1,3,0,0,0,3,0.0,0.0,0.0
46_evogrow_v2_2_stage_local_4_2_123,paper1_phaseC_v1,C,,campaign_cell,,4,RC-circuit with non-linear resistor (charging capacitor),1,surrogate,,evogrow_v2_2_stage_local,evogrow_v2_2_stage_local,123,finished,finished,True,,,2026-09-25T08:21:23.725Z,5.444753124497457e-06,,,,,pruned_support_terms_exact_match,5,,,1056190,,271.077082703,False,True,False,46,2,0c9672de35c75a9d,221a3a7,False,0.999993960036054,[0.9999939600360541],410,425,1056190,ffb0266c7913352c,staged_polynomial_basis_with_constant,"[[""1"",""u1"",""u1^2""]]","[[""1"",""u1"",""u1^2""]]","[[{""term"":""1"",""term_index"":1,""coefficient"":-0.123974221102223},{""term"":""u1"",""term_index"":2,""coefficient"":0.24081335035396542},{""term"":""u1^2"",""term_index"":3,""coefficient"":0.04298236632412114}]]",uncapped,False,3,30,20,,,,"[""Success"",""Unstable""]","[""Success"",""Failure"",""MaxLossEvals""]",24828,24828,0,24828,0,128,21,0.0,0.0,0.0,0.0,0.0,0.0,,,0,1,3,0,0,0,3,0.0,0.0,0.0
47_evogrow_v2_2_stage_capped_4_2_7,paper1_phaseC_v1,C,,campaign_cell,,4,RC-circuit with non-linear resistor (charging capacitor),1,surrogate,,evogrow_v2_2_stage_capped,evogrow_v2_2_stage_capped,7,finished,finished,True,,,2026-09-25T08:22:04.126Z,5.444753150865754e-06,,,,,pruned_support_terms_exact_match,5,,,1213101,,349.205809708,False,True,False,47,2,0c9672de35c75a9d,221a3a7,False,0.9999939600360248,[0.9999939600360248],410,427,1213101,ffb0266c7913352c,staged_polynomial_basis_with_constant,"[[""1"",""u1"",""u1^2""]]","[[""1"",""u1"",""u1^2""]]","[[{""term"":""1"",""term_index"":1,""coefficient"":-0.12397422581650698},{""term"":""u1"",""term_index"":2,""coefficient"":0.24081333325802423},{""term"":""u1^2"",""term_index"":3,""coefficient"":0.04298235906284679}]]",capped,False,3,30,20,,[5],[5],"[""Success"",""Unstable""]","[""Success"",""Failure"",""MaxLossEvals""]",34881,34881,0,34881,0,135,28,0.0,0.0,0.0,0.0,0.0,0.0,,,0,1,3,0,0,0,3,0.0,0.0,0.0
48_evogrow_v2_2_stage_local_4_2_7,paper1_phaseC_v1,C,,campaign_cell,,4,RC-circuit with non-linear resistor (charging capacitor),1,surrogate,,evogrow_v2_2_stage_local,evogrow_v2_2_stage_local,7,finished,finished,True,,,2026-09-25T08:23:23.220Z,5.444753150865754e-06,,,,,pruned_support_terms_exact_match,5,,,1213101,,240.142381869,False,True,False,48,2,0c9672de35c75a9d,221a3a7,False,0.9999939600360248,[0.9999939600360248],410,427,1213101,ffb0266c7913352c,staged_polynomial_basis_with_constant,"[[""1"",""u1"",""u1^2""]]","[[""1"",""u1"",""u1^2""]]","[[{""term"":""1"",""term_index"":1,""coefficient"":-0.12397422581650698},{""term"":""u1"",""term_index"":2,""coefficient"":0.24081333325802423},{""term"":""u1^2"",""term_index"":3,""coefficient"":0.04298235906284679}]]",uncapped,False,3,30,20,,,,"[""Success"",""Unstable""]","[""Success"",""Failure"",""MaxLossEvals""]",34881,34881,0,34881,0,135,28,0.0,0.0,0.0,0.0,0.0,0.0,,,0,1,3,0,0,0,3,0.0,0.0,0.0
49_evogrow_v2_2_stage_capped_5_1_42,paper1_phaseC_v1,C,,campaign_cell,,5,Velocity of a falling object with air resistance,1,exact,2.0,evogrow_v2_2_stage_capped,evogrow_v2_2_stage_capped,42,finished,finished,True,,,2026-09-25T08:23:53.044Z,2.029123996235811e-07,,False,False,False,pruned_support_terms_exact_match,2,0.0,0.0,508840,,97.17895503,False,True,False,49,1,0c9672de35c75a9d,221a3a7,False,0.9999999993644568,[0.9999999993644568],170,177,508840,ffb0266c7913352c,staged_polynomial_basis_with_constant,"[[""1"",""u1"",""u1^2""]]","[[""1""]]","[[{""term"":""1"",""term_index"":1,""coefficient"":9.808863457201674},{""term"":""u1"",""term_index"":2,""coefficient"":9.522462040354547e-05},{""term"":""u1^2"",""term_index"":3,""coefficient"":-0.002118955225143707}]]",capped,False,3,30,8,[0],[2],[2],"[""Success"",""Unstable""]","[""Success"",""Failure"",""MaxLossEvals""]",22642,22642,0,22642,0,72,3,0.8,0.8,0.6666666666666666,0.6666666666666666,1.0,1.0,0.0004015464555051,0.0006872373760127,2,1,3,2,2,0,1,0.8,0.6666666666666666,1.0
50_evogrow_v2_2_stage_local_5_1_42,paper1_phaseC_v1,C,,campaign_cell,,5,Velocity of a falling object with air resistance,1,exact,2.0,evogrow_v2_2_stage_local,evogrow_v2_2_stage_local,42,finished,finished,True,,,2026-09-25T08:24:42.712Z,4.864919841670117e-08,,False,False,False,pruned_support_terms_exact_match,5,3.0,12.0,2275228,,571.322434895,False,True,False,50,1,0c9672de35c75a9d,221a3a7,False,0.9999999998476256,[0.9999999998476256],410,450,2275228,ffb0266c7913352c,staged_polynomial_basis_with_constant,"[[""1"",""u1"",""u1^2""]]","[[""1""]]","[[{""term"":""1"",""term_index"":1,""coefficient"":9.809570195532018},{""term"":""u1"",""term_index"":2,""coefficient"":4.037650014593784e-05},{""term"":""u1^2"",""term_index"":3,""coefficient"":-0.002118135378712995}]]",uncapped,False,3,30,20,,,,"[""Success"",""Unstable""]","[""Success"",""Failure"",""MaxLossEvals""]",98425,98425,0,98425,0,213,46,0.8,0.8,0.6666666666666666,0.6666666666666666,1.0,1.0,0.0001719368385495,0.0003000607853577,2,1,3,2,2,0,1,0.8,0.6666666666666666,1.0
51_evogrow_v2_2_stage_capped_5_1_123,paper1_phaseC_v1,C,,campaign_cell,,5,Velocity of a falling object with air resistance,1,exact,2.0,evogrow_v2_2_stage_capped,evogrow_v2_2_stage_capped,123,finished,finished,True,,,2026-09-25T08:25:22.596Z,6.285963364003632e-08,,False,False,False,pruned_support_terms_exact_match,2,0.0,0.0,540969,,112.729552139,False,True,False,51,1,0c9672de35c75a9d,221a3a7,False,0.9999999998031168,[0.9999999998031169],170,173,540969,ffb0266c7913352c,staged_polynomial_basis_with_constant,"[[""1"",""u1"",""u1^2""]]","[[""1""]]","[[{""term"":""1"",""term_index"":1,""coefficient"":9.809411292030022},{""term"":""u1"",""term_index"":2,""coefficient"":5.135172238378553e-05},{""term"":""u1^2"",""term_index"":3,""coefficient"":-0.0021183050221274436}]]",capped,False,3,30,8,[0],[2],[2],"[""Success"",""Unstable""]","[""Success"",""Failure"",""MaxLossEvals""]",29995,29995,0,29995,0,74,5,0.8,0.8,0.6666666666666666,0.6666666666666666,1.0,1.0,0.0002200933725832,0.0003801757390524,2,1,3,2,2,0,1,0.8,0.6666666666666666,1.0
52_evogrow_v2_2_stage_local_5_1_123,paper1_phaseC_v1,C,,campaign_cell,,5,Velocity of a falling object with air resistance,1,exact,2.0,evogrow_v2_2_stage_local,evogrow_v2_2_stage_local,123,finished,finished,True,,,2026-09-25T08:25:37.237Z,5.126890486732488e-08,,False,False,False,pruned_support_terms_exact_match,5,3.0,12.0,2125693,,717.7508754,False,True,False,52,1,0c9672de35c75a9d,221a3a7,False,0.9999999998394205,[0.9999999998394203],410,448,2125693,ffb0266c7913352c,staged_polynomial_basis_with_constant,"[[""1"",""u1"",""u1^2""]]","[[""1""]]","[[{""term"":""1"",""term_index"":1,""coefficient"":9.809472350249436},{""term"":""u1"",""term_index"":2,""coefficient"":4.643852547956895e-05},{""term"":""u1^2"",""term_index"":3,""coefficient"":-0.0021182252390430987}]]",uncapped,False,3,30,20,,,,"[""Success"",""Unstable""]","[""Success"",""Failure"",""MaxLossEvals""]",82755,82755,0,82755,0,212,36,0.8,0.8,0.6666666666666666,0.6666666666666666,1.0,1.0,0.0001981423519026,0.0003424977771422,2,1,3,2,2,0,1,0.8,0.6666666666666666,1.0
53_evogrow_v2_2_stage_capped_5_1_7,paper1_phaseC_v1,C,,campaign_cell,,5,Velocity of a falling object with air resistance,1,exact,2.0,evogrow_v2_2_stage_capped,evogrow_v2_2_stage_capped,7,finished,finished,True,,,2026-09-25T08:26:41.883Z,1.1503522242483593e-07,,False,False,False,pruned_support_terms_exact_match,2,0.0,0.0,484749,,129.506310932,False,True,False,53,1,0c9672de35c75a9d,221a3a7,False,0.9999999996396974,[0.9999999996396974],170,175,484749,ffb0266c7913352c,staged_polynomial_basis_with_constant,"[[""1"",""u1"",""u1^2""]]","[[""1""]]","[[{""term"":""1"",""term_index"":1,""coefficient"":9.809189332735414},{""term"":""u1"",""term_index"":2,""coefficient"":7.020603861054308e-05},{""term"":""u1^2"",""term_index"":3,""coefficient"":-0.0021185938507635943}]]",capped,False,3,30,8,[0],[2],[2],"[""Success"",""Unstable""]","[""Success"",""Failure"",""MaxLossEvals""]",21888,21888,0,21888,0,77,3,0.8,0.8,0.6666666666666666,0.6666666666666666,1.0,1.0,0.0002996066689442,0.0005165765117328,2,1,3,2,2,0,1,0.8,0.6666666666666666,1.0
54_evogrow_v2_2_stage_local_5_1_7,paper1_phaseC_v1,C,,campaign_cell,,5,Velocity of a falling object with air resistance,1,exact,2.0,evogrow_v2_2_stage_local,evogrow_v2_2_stage_local,7,finished,finished,True,,,2026-09-25T08:26:51.748Z,2.5136195240678324e-08,,False,False,False,pruned_support_terms_exact_match,5,3.0,12.0,2097609,,598.913300457,False,True,False,54,1,0c9672de35c75a9d,221a3a7,False,0.9999999999212708,[0.9999999999212708],410,441,2097609,ffb0266c7913352c,staged_polynomial_basis_with_constant,"[[""1"",""u1"",""u1^2""]]","[[""1""]]","[[{""term"":""1"",""term_index"":1,""coefficient"":9.809577683960649},{""term"":""u1"",""term_index"":2,""coefficient"":3.22178037807108e-05},{""term"":""u1^2"",""term_index"":3,""coefficient"":-0.002117969909885075}]]",uncapped,False,3,30,20,,,,"[""Success"",""Unstable""]","[""Success"",""Failure"",""MaxLossEvals""]",100108,100108,0,100108,0,222,39,0.8,0.8,0.6666666666666666,0.6666666666666666,1.0,1.0,0.0001324834231969,0.000221917301098,2,1,3,2,2,0,1,0.8,0.6666666666666666,1.0
55_evogrow_v2_2_stage_capped_5_2_42,paper1_phaseC_v1,C,,campaign_cell,,5,Velocity of a falling object with air resistance,1,exact,2.0,evogrow_v2_2_stage_capped,evogrow_v2_2_stage_capped,42,finished,finished,True,,,2026-09-25T08:27:23.681Z,3.5502688442662942e-06,,False,False,False,pruned_support_terms_exact_match,5,3.0,12.0,4777091,,1036.899231504,False,True,False,55,2,0c9672de35c75a9d,221a3a7,False,0.9999977769245244,[0.9999977769245244],410,640,4777091,ffb0266c7913352c,staged_polynomial_basis_with_constant,"[[""1"",""u1"",""u1^2""]]","[[""1"",""u1""]]","[[{""term"":""1"",""term_index"":1,""coefficient"":9.11094819981572},{""term"":""u1"",""term_index"":2,""coefficient"":0.020383152774494172},{""term"":""u1^2"",""term_index"":3,""coefficient"":-0.0022658588346894416}]]",capped,False,3,30,20,[3],[5],[null],"[""Success"",""Unstable""]","[""Failure"",""Success"",""MaxLossEvals""]",45588,45588,0,45588,0,319,227,0.8,0.8,0.6666666666666666,0.6666666666666666,1.0,1.0,0.0706611535392922,0.0712591029749521,2,1,3,2,2,0,1,0.8,0.6666666666666666,1.0
56_evogrow_v2_2_stage_local_5_2_42,paper1_phaseC_v1,C,,campaign_cell,,5,Velocity of a falling object with air resistance,1,exact,2.0,evogrow_v2_2_stage_local,evogrow_v2_2_stage_local,42,finished,finished,True,,,2026-09-25T08:28:30.787Z,3.5502688442662942e-06,,False,False,False,pruned_support_terms_exact_match,5,3.0,12.0,4777091,,1038.333697088,False,True,False,56,2,0c9672de35c75a9d,221a3a7,False,0.9999977769245244,[0.9999977769245244],410,640,4777091,ffb0266c7913352c,staged_polynomial_basis_with_constant,"[[""1"",""u1"",""u1^2""]]","[[""1"",""u1""]]","[[{""term"":""1"",""term_index"":1,""coefficient"":9.11094819981572},{""term"":""u1"",""term_index"":2,""coefficient"":0.020383152774494172},{""term"":""u1^2"",""term_index"":3,""coefficient"":-0.0022658588346894416}]]",uncapped,False,3,30,20,,,,"[""Success"",""Unstable""]","[""Failure"",""Success"",""MaxLossEvals""]",45588,45588,0,45588,0,319,227,0.8,0.8,0.6666666666666666,0.6666666666666666,1.0,1.0,0.0706611535392922,0.0712591029749521,2,1,3,2,2,0,1,0.8,0.6666666666666666,1.0
57_evogrow_v2_2_stage_capped_5_2_123,paper1_phaseC_v1,C,,campaign_cell,,5,Velocity of a falling object with air resistance,1,exact,2.0,evogrow_v2_2_stage_capped,evogrow_v2_2_stage_capped,123,finished,finished,True,,,2026-09-25T08:28:15.474Z,9.57959068589218e-06,,False,False,False,pruned_support_terms_exact_match,5,3.0,12.0,4723350,,849.095135172,False,True,False,57,2,0c9672de35c75a9d,221a3a7,False,0.9999940015378964,[0.9999940015378965],410,646,4723350,ffb0266c7913352c,staged_polynomial_basis_with_constant,"[[""1"",""u1"",""u1^2""]]","[[""1"",""u1"",""u1^2""]]","[[{""term"":""1"",""term_index"":1,""coefficient"":-0.4829663636180189},{""term"":""u1"",""term_index"":2,""coefficient"":0.29346604997997056},{""term"":""u1^2"",""term_index"":3,""coefficient"":-0.0042086153241085444}]]",capped,False,3,30,20,[3],[5],[null],"[""Success"",""Unstable""]","[""Failure"",""Success"",""MaxLossEvals""]",46914,46914,0,46914,0,332,226,0.8,0.8,0.6666666666666666,0.6666666666666666,1.0,1.0,1.0183858748203105,1.0492320452210009,2,1,3,2,2,0,1,0.8,0.6666666666666666,1.0
58_evogrow_v2_2_stage_local_5_2_123,paper1_phaseC_v1,C,,campaign_cell,,5,Velocity of a falling object with air resistance,1,exact,2.0,evogrow_v2_2_stage_local,evogrow_v2_2_stage_local,123,finished,finished,True,,,2026-09-25T08:28:49.006Z,9.57959068589218e-06,,False,False,False,pruned_support_terms_exact_match,5,3.0,12.0,4723350,,802.690370296,False,True,False,58,2,0c9672de35c75a9d,221a3a7,False,0.9999940015378964,[0.9999940015378965],410,646,4723350,ffb0266c7913352c,staged_polynomial_basis_with_constant,"[[""1"",""u1"",""u1^2""]]","[[""1"",""u1"",""u1^2""]]","[[{""term"":""1"",""term_index"":1,""coefficient"":-0.4829663636180189},{""term"":""u1"",""term_index"":2,""coefficient"":0.29346604997997056},{""term"":""u1^2"",""term_index"":3,""coefficient"":-0.0042086153241085444}]]",uncapped,False,3,30,20,,,,"[""Success"",""Unstable""]","[""Failure"",""Success"",""MaxLossEvals""]",46914,46914,0,46914,0,332,226,0.8,0.8,0.6666666666666666,0.6666666666666666,1.0,1.0,1.0183858748203105,1.0492320452210009,2,1,3,2,2,0,1,0.8,0.6666666666666666,1.0
59_evogrow_v2_2_stage_capped_5_2_7,paper1_phaseC_v1,C,,campaign_cell,,5,Velocity of a falling object with air resistance,1,exact,2.0,evogrow_v2_2_stage_capped,evogrow_v2_2_stage_capped,7,finished,finished,True,,,2026-09-25T08:30:04.080Z,9.825653472662172e-06,,False,False,False,pruned_support_terms_exact_match,5,3.0,12.0,4984851,,1240.833205496,False,True,False,59,2,0c9672de35c75a9d,221a3a7,False,0.9999938474605096,[0.9999938474605095],410,636,4984851,ffb0266c7913352c,staged_polynomial_basis_with_constant,"[[""1"",""u1"",""u1^2""]]","[[""1"",""u1"",""u1^2""]]","[[{""term"":""1"",""term_index"":1,""coefficient"":-0.2649132522476968},{""term"":""u1"",""term_index"":2,""coefficient"":0.2876461523730255},{""term"":""u1^2"",""term_index"":3,""coefficient"":-0.004170011138929967}]]",capped,False,3,30,20,[3],[5],[null],"[""Success"",""Unstable"",""MaxIters""]","[""Success"",""Failure"",""MaxLossEvals""]",48302,48314,0,48302,12,342,238,0.8,0.8,0.6666666666666666,0.6666666666666666,1.0,1.0,0.9981565466300676,1.0270044089956878,2,1,3,2,2,0,1,0.8,0.6666666666666666,1.0
60_evogrow_v2_2_stage_local_5_2_7,paper1_phaseC_v1,C,,campaign_cell,,5,Velocity of a falling object with air resistance,1,exact,2.0,evogrow_v2_2_stage_local,evogrow_v2_2_stage_local,7,finished,finished,True,,,2026-09-25T08:35:05.908Z,9.825653472662172e-06,,False,False,False,pruned_support_terms_exact_match,5,3.0,12.0,4984851,,886.809984396,False,True,False,60,2,0c9672de35c75a9d,221a3a7,False,0.9999938474605096,[0.9999938474605095],410,636,4984851,ffb0266c7913352c,staged_polynomial_basis_with_constant,"[[""1"",""u1"",""u1^2""]]","[[""1"",""u1"",""u1^2""]]","[[{""term"":""1"",""term_index"":1,""coefficient"":-0.2649132522476968},{""term"":""u1"",""term_index"":2,""coefficient"":0.2876461523730255},{""term"":""u1^2"",""term_index"":3,""coefficient"":-0.004170011138929967}]]",uncapped,False,3,30,20,,,,"[""Success"",""Unstable"",""MaxIters""]","[""Success"",""Failure"",""MaxLossEvals""]",48302,48314,0,48302,12,342,238,0.8,0.8,0.6666666666666666,0.6666666666666666,1.0,1.0,0.9981565466300676,1.0270044089956878,2,1,3,2,2,0,1,0.8,0.6666666666666666,1.0
61_evogrow_v2_2_stage_capped_6_1_42,paper1_phaseC_v1,C,,campaign_cell,,6,Autocatalysis with one fixed abundant chemical,1,exact,2.0,evogrow_v2_2_stage_capped,evogrow_v2_2_stage_capped,42,finished,finished,True,,,2026-09-25T08:36:18.225Z,5.2838735286069994e-14,,True,False,True,pruned_support_terms_exact_match,2,0.0,0.0,241976,,63.543028417,False,True,False,61,1,0c9672de35c75a9d,221a3a7,False,0.9999999999999676,[0.9999999999999676],110,111,241976,ffb0266c7913352c,staged_polynomial_basis_with_constant,"[[""1"",""u1"",""u1^2""]]","[[""u1"",""u1^2""]]","[[{""term"":""1"",""term_index"":1,""coefficient"":-3.023967651478613e-07},{""term"":""u1"",""term_index"":2,""coefficient"":2.1000008333108213},{""term"":""u1^2"",""term_index"":3,""coefficient"":-0.5000001878810104}]]",capped,False,3,30,5,[0],[2],[2],"[""Success"",""Unstable""]","[""Failure"",""Success"",""MaxLossEvals""]",1841,1841,0,1841,0,50,5,0.8,0.8,0.6666666666666666,0.6666666666666666,1.0,1.0,3.862883488055181e-07,3.968146767788095e-07,2,1,3,2,2,0,1,0.8,0.6666666666666666,1.0
62_evogrow_v2_2_stage_local_6_1_42,paper1_phaseC_v1,C,,campaign_cell,,6,Autocatalysis with one fixed abundant chemical,1,exact,2.0,evogrow_v2_2_stage_local,evogrow_v2_2_stage_local,42,finished,finished,True,,,2026-09-25T08:37:44.916Z,5.2838735286069994e-14,,True,False,True,pruned_support_terms_exact_match,2,0.0,0.0,241976,,50.571640556,False,True,False,62,1,0c9672de35c75a9d,221a3a7,False,0.9999999999999676,[0.9999999999999676],110,111,241976,ffb0266c7913352c,staged_polynomial_basis_with_constant,"[[""1"",""u1"",""u1^2""]]","[[""u1"",""u1^2""]]","[[{""term"":""1"",""term_index"":1,""coefficient"":-3.023967651478613e-07},{""term"":""u1"",""term_index"":2,""coefficient"":2.1000008333108213},{""term"":""u1^2"",""term_index"":3,""coefficient"":-0.5000001878810104}]]",uncapped,False,3,30,5,,,,"[""Success"",""Unstable""]","[""Failure"",""Success"",""MaxLossEvals""]",1841,1841,0,1841,0,50,5,0.8,0.8,0.6666666666666666,0.6666666666666666,1.0,1.0,3.862883488055181e-07,3.968146767788095e-07,2,1,3,2,2,0,1,0.8,0.6666666666666666,1.0
63_evogrow_v2_2_stage_capped_6_1_123,paper1_phaseC_v1,C,,campaign_cell,,6,Autocatalysis with one fixed abundant chemical,1,exact,2.0,evogrow_v2_2_stage_capped,evogrow_v2_2_stage_capped,123,finished,finished,True,,,2026-09-25T08:38:29.696Z,4.0053491933410856e-14,,True,False,True,pruned_support_terms_exact_match,2,0.0,0.0,234040,,65.872324762,False,True,False,63,1,0c9672de35c75a9d,221a3a7,False,0.9999999999999756,[0.9999999999999755],110,110,234040,ffb0266c7913352c,staged_polynomial_basis_with_constant,"[[""1"",""u1"",""u1^2""]]","[[""u1"",""u1^2""]]","[[{""term"":""1"",""term_index"":1,""coefficient"":-2.518352260354341e-07},{""term"":""u1"",""term_index"":2,""coefficient"":2.100000489981046},{""term"":""u1^2"",""term_index"":3,""coefficient"":-0.5000000931827872}]]",capped,False,3,30,5,[0],[2],[2],"[""Success"",""Unstable""]","[""Success"",""Failure"",""MaxLossEvals""]",1800,1800,0,1800,0,56,5,0.8,0.8,0.6666666666666666,0.6666666666666666,1.0,1.0,2.0984494095287522e-07,2.333243075995705e-07,2,1,3,2,2,0,1,0.8,0.6666666666666666,1.0
64_evogrow_v2_2_stage_local_6_1_123,paper1_phaseC_v1,C,,campaign_cell,,6,Autocatalysis with one fixed abundant chemical,1,exact,2.0,evogrow_v2_2_stage_local,evogrow_v2_2_stage_local,123,finished,finished,True,,,2026-09-25T08:38:39.228Z,4.0053491933410856e-14,,True,False,True,pruned_support_terms_exact_match,2,0.0,0.0,234040,,59.364343711,False,True,False,64,1,0c9672de35c75a9d,221a3a7,False,0.9999999999999756,[0.9999999999999755],110,110,234040,ffb0266c7913352c,staged_polynomial_basis_with_constant,"[[""1"",""u1"",""u1^2""]]","[[""u1"",""u1^2""]]","[[{""term"":""1"",""term_index"":1,""coefficient"":-2.518352260354341e-07},{""term"":""u1"",""term_index"":2,""coefficient"":2.100000489981046},{""term"":""u1^2"",""term_index"":3,""coefficient"":-0.5000000931827872}]]",uncapped,False,3,30,5,,,,"[""Success"",""Unstable""]","[""Success"",""Failure"",""MaxLossEvals""]",1800,1800,0,1800,0,56,5,0.8,0.8,0.6666666666666666,0.6666666666666666,1.0,1.0,2.0984494095287522e-07,2.333243075995705e-07,2,1,3,2,2,0,1,0.8,0.6666666666666666,1.0
65_evogrow_v2_2_stage_capped_6_1_7,paper1_phaseC_v1,C,,campaign_cell,,6,Autocatalysis with one fixed abundant chemical,1,exact,2.0,evogrow_v2_2_stage_capped,evogrow_v2_2_stage_capped,7,finished,finished,True,,,2026-09-25T08:39:29.376Z,2.914749022861585e-14,,True,False,True,pruned_support_terms_exact_match,2,0.0,0.0,241507,,52.769481644,False,True,False,65,1,0c9672de35c75a9d,221a3a7,False,0.999999999999982,[0.9999999999999821],110,111,241507,ffb0266c7913352c,staged_polynomial_basis_with_constant,"[[""1"",""u1"",""u1^2""]]","[[""u1"",""u1^2""]]","[[{""term"":""1"",""term_index"":1,""coefficient"":-2.0232349497780345e-07},{""term"":""u1"",""term_index"":2,""coefficient"":2.1000003376786203},{""term"":""u1^2"",""term_index"":3,""coefficient"":-0.5000000719619021}]]",capped,False,3,30,5,[0],[2],[2],"[""Success"",""Unstable""]","[""Success"",""Failure"",""MaxLossEvals""]",1781,1781,0,1781,0,55,5,0.8,0.8,0.6666666666666666,0.6666666666666666,1.0,1.0,1.5236157357460877e-07,1.6079934294141582e-07,2,1,3,2,2,0,1,0.8,0.6666666666666666,1.0
66_evogrow_v2_2_stage_local_6_1_7,paper1_phaseC_v1,C,,campaign_cell,,6,Autocatalysis with one fixed abundant chemical,1,exact,2.0,evogrow_v2_2_stage_local,evogrow_v2_2_stage_local,7,finished,finished,True,,,2026-09-25T08:40:45.907Z,2.914749022861585e-14,,True,False,True,pruned_support_terms_exact_match,2,0.0,0.0,241507,,60.188364827,False,True,False,66,1,0c9672de35c75a9d,221a3a7,False,0.999999999999982,[0.9999999999999821],110,111,241507,ffb0266c7913352c,staged_polynomial_basis_with_constant,"[[""1"",""u1"",""u1^2""]]","[[""u1"",""u1^2""]]","[[{""term"":""1"",""term_index"":1,""coefficient"":-2.0232349497780345e-07},{""term"":""u1"",""term_index"":2,""coefficient"":2.1000003376786203},{""term"":""u1^2"",""term_index"":3,""coefficient"":-0.5000000719619021}]]",uncapped,False,3,30,5,,,,"[""Success"",""Unstable""]","[""Success"",""Failure"",""MaxLossEvals""]",1781,1781,0,1781,0,55,5,0.8,0.8,0.6666666666666666,0.6666666666666666,1.0,1.0,1.5236157357460877e-07,1.6079934294141582e-07,2,1,3,2,2,0,1,0.8,0.6666666666666666,1.0
67_evogrow_v2_2_stage_capped_6_2_42,paper1_phaseC_v1,C,,campaign_cell,,6,Autocatalysis with one fixed abundant chemical,1,exact,2.0,evogrow_v2_2_stage_capped,evogrow_v2_2_stage_capped,42,finished,finished,True,,,2026-09-25T08:40:51.669Z,0.0005698392705808,,False,False,False,pruned_support_terms_exact_match,5,3.0,12.0,1267929,,280.414166926,False,True,False,67,2,0c9672de35c75a9d,221a3a7,False,0.995378976079374,[0.9953789760793741],410,519,1267929,ffb0266c7913352c,staged_polynomial_basis_with_constant,"[[""1"",""u1""]]","[[""1"",""u1""]]","[[{""term"":""1"",""term_index"":1,""coefficient"":6.321044872404823},{""term"":""u1"",""term_index"":2,""coefficient"":-1.5023639743894142}]]",capped,False,3,30,20,[3],[5],[null],"[""Success"",""Unstable""]","[""Success"",""Failure"",""MaxLossEvals""]",19270,19270,0,19270,0,60,49,0.5,0.5,0.5,0.5,0.5,0.5,1.3577057081879556,1.715411416375911,2,1,2,2,1,1,1,0.5,0.5,0.5
68_evogrow_v2_2_stage_local_6_2_42,paper1_phaseC_v1,C,,campaign_cell,,6,Autocatalysis with one fixed abundant chemical,1,exact,2.0,evogrow_v2_2_stage_local,evogrow_v2_2_stage_local,42,finished,finished,True,,,2026-09-25T08:41:45.933Z,0.0005698392705808,,False,False,False,pruned_support_terms_exact_match,5,3.0,12.0,1267929,,374.641674073,False,True,False,68,2,0c9672de35c75a9d,221a3a7,False,0.995378976079374,[0.9953789760793741],410,519,1267929,ffb0266c7913352c,staged_polynomial_basis_with_constant,"[[""1"",""u1""]]","[[""1"",""u1""]]","[[{""term"":""1"",""term_index"":1,""coefficient"":6.321044872404823},{""term"":""u1"",""term_index"":2,""coefficient"":-1.5023639743894142}]]",uncapped,False,3,30,20,,,,"[""Success"",""Unstable""]","[""Success"",""Failure"",""MaxLossEvals""]",19270,19270,0,19270,0,60,49,0.5,0.5,0.5,0.5,0.5,0.5,1.3577057081879556,1.715411416375911,2,1,2,2,1,1,1,0.5,0.5,0.5
69_evogrow_v2_2_stage_capped_6_2_123,paper1_phaseC_v1,C,,campaign_cell,,6,Autocatalysis with one fixed abundant chemical,1,exact,2.0,evogrow_v2_2_stage_capped,evogrow_v2_2_stage_capped,123,finished,finished,True,,,2026-09-25T08:42:41.492Z,0.0005698392705809,,False,False,False,pruned_support_terms_exact_match,5,3.0,12.0,1334617,,236.76854521,False,True,False,69,2,0c9672de35c75a9d,221a3a7,False,0.995378976079374,[0.9953789760793741],410,517,1334617,ffb0266c7913352c,staged_polynomial_basis_with_constant,"[[""1"",""u1""]]","[[""1"",""u1""]]","[[{""term"":""1"",""term_index"":1,""coefficient"":6.321044877425501},{""term"":""u1"",""term_index"":2,""coefficient"":-1.5023639756207992}]]",capped,False,3,30,20,[3],[5],[null],"[""Success"",""Unstable""]","[""Failure"",""Success"",""MaxLossEvals""]",18883,18883,0,18883,0,65,53,0.5,0.5,0.5,0.5,0.5,0.5,1.3577057084811428,1.7154114169622854,2,1,2,2,1,1,1,0.5,0.5,0.5
70_evogrow_v2_2_stage_local_6_2_123,paper1_phaseC_v1,C,,campaign_cell,,6,Autocatalysis with one fixed abundant chemical,1,exact,2.0,evogrow_v2_2_stage_local,evogrow_v2_2_stage_local,123,finished,finished,True,,,2026-09-25T08:43:14.744Z,0.0005698392705809,,False,False,False,pruned_support_terms_exact_match,5,3.0,12.0,1334617,,370.770640751,False,True,False,70,2,0c9672de35c75a9d,221a3a7,False,0.995378976079374,[0.9953789760793741],410,517,1334617,ffb0266c7913352c,staged_polynomial_basis_with_constant,"[[""1"",""u1""]]","[[""1"",""u1""]]","[[{""term"":""1"",""term_index"":1,""coefficient"":6.321044877425501},{""term"":""u1"",""term_index"":2,""coefficient"":-1.5023639756207992}]]",uncapped,False,3,30,20,,,,"[""Success"",""Unstable""]","[""Failure"",""Success"",""MaxLossEvals""]",18883,18883,0,18883,0,65,53,0.5,0.5,0.5,0.5,0.5,0.5,1.3577057084811428,1.7154114169622854,2,1,2,2,1,1,1,0.5,0.5,0.5
71_evogrow_v2_2_stage_capped_6_2_7,paper1_phaseC_v1,C,,campaign_cell,,6,Autocatalysis with one fixed abundant chemical,1,exact,2.0,evogrow_v2_2_stage_capped,evogrow_v2_2_stage_capped,7,finished,finished,True,,,2026-09-25T08:43:16.871Z,0.0005698392705808,,False,False,False,pruned_support_terms_exact_match,5,3.0,12.0,1300820,,233.717841189,False,True,False,71,2,0c9672de35c75a9d,221a3a7,False,0.995378976079374,[0.9953789760793741],410,518,1300820,ffb0266c7913352c,staged_polynomial_basis_with_constant,"[[""1"",""u1""]]","[[""1"",""u1""]]","[[{""term"":""1"",""term_index"":1,""coefficient"":6.321045010605531},{""term"":""u1"",""term_index"":2,""coefficient"":-1.502364007318536}]]",capped,False,3,30,20,[3],[5],[null],"[""Success"",""Unstable""]","[""Success"",""Failure"",""MaxLossEvals""]",19910,19910,0,19910,0,63,51,0.5,0.5,0.5,0.5,0.5,0.5,1.3577057160282229,1.7154114320564458,2,1,2,2,1,1,1,0.5,0.5,0.5
72_evogrow_v2_2_stage_local_6_2_7,paper1_phaseC_v1,C,,campaign_cell,,6,Autocatalysis with one fixed abundant chemical,1,exact,2.0,evogrow_v2_2_stage_local,evogrow_v2_2_stage_local,7,finished,finished,True,,,2026-09-25T08:45:45.812Z,0.0005698392705808,,False,False,False,pruned_support_terms_exact_match,5,3.0,12.0,1300820,,281.326383839,False,True,False,72,2,0c9672de35c75a9d,221a3a7,False,0.995378976079374,[0.9953789760793741],410,518,1300820,ffb0266c7913352c,staged_polynomial_basis_with_constant,"[[""1"",""u1""]]","[[""1"",""u1""]]","[[{""term"":""1"",""term_index"":1,""coefficient"":6.321045010605531},{""term"":""u1"",""term_index"":2,""coefficient"":-1.502364007318536}]]",uncapped,False,3,30,20,,,,"[""Success"",""Unstable""]","[""Success"",""Failure"",""MaxLossEvals""]",19910,19910,0,19910,0,63,51,0.5,0.5,0.5,0.5,0.5,0.5,1.3577057160282229,1.7154114320564458,2,1,2,2,1,1,1,0.5,0.5,0.5
73_evogrow_v2_2_stage_capped_7_1_42,paper1_phaseC_v1,C,,campaign_cell,,7,Gompertz law for tumor growth,1,surrogate,,evogrow_v2_2_stage_capped,evogrow_v2_2_stage_capped,42,finished,finished,True,,,2026-09-25T08:46:36.514Z,0.0004542477175582,,,,,pruned_support_terms_exact_match,5,,,2165883,,329.996160806,False,True,False,73,1,0c9672de35c75a9d,221a3a7,False,0.9960170493416276,[0.9960170493416275],410,529,2165883,ffb0266c7913352c,staged_polynomial_basis_with_constant,"[[""u1""]]","[[""u1""]]","[[{""term"":""u1"",""term_index"":2,""coefficient"":0.05011763618017243}]]",capped,False,3,30,20,,[5],[5],"[""Success"",""Unstable""]","[""Success"",""Failure"",""MaxLossEvals""]",14288,14288,0,14288,0,132,94,0.0,0.0,0.0,0.0,0.0,0.0,,,0,1,1,0,0,0,1,0.0,0.0,0.0
74_evogrow_v2_2_stage_local_7_1_42,paper1_phaseC_v1,C,,campaign_cell,,7,Gompertz law for tumor growth,1,surrogate,,evogrow_v2_2_stage_local,evogrow_v2_2_stage_local,42,finished,finished,True,,,2026-09-25T08:47:03.514Z,0.0004542477175582,,,,,pruned_support_terms_exact_match,5,,,2165883,,363.421406948,False,True,False,74,1,0c9672de35c75a9d,221a3a7,False,0.9960170493416276,[0.9960170493416275],410,529,2165883,ffb0266c7913352c,staged_polynomial_basis_with_constant,"[[""u1""]]","[[""u1""]]","[[{""term"":""u1"",""term_index"":2,""coefficient"":0.05011763618017243}]]",uncapped,False,3,30,20,,,,"[""Success"",""Unstable""]","[""Success"",""Failure"",""MaxLossEvals""]",14288,14288,0,14288,0,132,94,0.0,0.0,0.0,0.0,0.0,0.0,,,0,1,1,0,0,0,1,0.0,0.0,0.0
75_evogrow_v2_2_stage_capped_7_1_123,paper1_phaseC_v1,C,,campaign_cell,,7,Gompertz law for tumor growth,1,surrogate,,evogrow_v2_2_stage_capped,evogrow_v2_2_stage_capped,123,finished,finished,True,,,2026-09-25T08:47:29.978Z,0.0004542477175582,,,,,pruned_support_terms_exact_match,5,,,1751447,,223.51766317,False,True,False,75,1,0c9672de35c75a9d,221a3a7,False,0.9960170493416276,[0.9960170493416275],410,511,1751447,ffb0266c7913352c,staged_polynomial_basis_with_constant,"[[""u1""]]","[[""u1""]]","[[{""term"":""u1"",""term_index"":2,""coefficient"":0.050117636182065974}]]",capped,False,3,30,20,,[5],[5],"[""Success"",""Unstable""]","[""Success"",""Failure"",""MaxLossEvals""]",16748,16748,0,16748,0,111,73,0.0,0.0,0.0,0.0,0.0,0.0,,,0,1,1,0,0,0,1,0.0,0.0,0.0
76_evogrow_v2_2_stage_local_7_1_123,paper1_phaseC_v1,C,,campaign_cell,,7,Gompertz law for tumor growth,1,surrogate,,evogrow_v2_2_stage_local,evogrow_v2_2_stage_local,123,finished,finished,True,,,2026-09-25T08:48:03.226Z,0.0004542477175582,,,,,pruned_support_terms_exact_match,5,,,1751447,,227.214425,False,True,False,76,1,0c9672de35c75a9d,221a3a7,False,0.9960170493416276,[0.9960170493416275],410,511,1751447,ffb0266c7913352c,staged_polynomial_basis_with_constant,"[[""u1""]]","[[""u1""]]","[[{""term"":""u1"",""term_index"":2,""coefficient"":0.050117636182065974}]]",uncapped,False,3,30,20,,,,"[""Success"",""Unstable""]","[""Success"",""Failure"",""MaxLossEvals""]",16748,16748,0,16748,0,111,73,0.0,0.0,0.0,0.0,0.0,0.0,,,0,1,1,0,0,0,1,0.0,0.0,0.0
77_evogrow_v2_2_stage_capped_7_1_7,paper1_phaseC_v1,C,,campaign_cell,,7,Gompertz law for tumor growth,1,surrogate,,evogrow_v2_2_stage_capped,evogrow_v2_2_stage_capped,7,finished,finished,True,,,2026-09-25T08:48:58.313Z,0.0004542477175582,,,,,pruned_support_terms_exact_match,5,,,3115989,,370.872298859,False,True,False,77,1,0c9672de35c75a9d,221a3a7,False,0.9960170493416276,[0.9960170493416275],410,493,3115989,ffb0266c7913352c,staged_polynomial_basis_with_constant,"[[""u1""]]","[[""u1""]]","[[{""term"":""u1"",""term_index"":2,""coefficient"":0.050117636181734294}]]",capped,False,3,30,20,,[5],[5],"[""Success"",""Unstable""]","[""Success"",""Failure"",""MaxLossEvals""]",16144,16144,0,16144,0,178,140,0.0,0.0,0.0,0.0,0.0,0.0,,,0,1,1,0,0,0,1,0.0,0.0,0.0
78_evogrow_v2_2_stage_local_7_1_7,paper1_phaseC_v1,C,,campaign_cell,,7,Gompertz law for tumor growth,1,surrogate,,evogrow_v2_2_stage_local,evogrow_v2_2_stage_local,7,finished,finished,True,,,2026-09-25T08:50:38.009Z,0.0004542477175582,,,,,pruned_support_terms_exact_match,5,,,3115989,,506.296412075,False,True,False,78,1,0c9672de35c75a9d,221a3a7,False,0.9960170493416276,[0.9960170493416275],410,493,3115989,ffb0266c7913352c,staged_polynomial_basis_with_constant,"[[""u1""]]","[[""u1""]]","[[{""term"":""u1"",""term_index"":2,""coefficient"":0.050117636181734294}]]",uncapped,False,3,30,20,,,,"[""Success"",""Unstable""]","[""Success"",""Failure"",""MaxLossEvals""]",16144,16144,0,16144,0,178,140,0.0,0.0,0.0,0.0,0.0,0.0,,,0,1,1,0,0,0,1,0.0,0.0,0.0
79_evogrow_v2_2_stage_capped_7_2_42,paper1_phaseC_v1,C,,campaign_cell,,7,Gompertz law for tumor growth,1,surrogate,,evogrow_v2_2_stage_capped,evogrow_v2_2_stage_capped,42,finished,finished,True,,,2026-09-25T08:50:57.082Z,0.0009604288616536,,,,,pruned_support_terms_exact_match,5,,,4039566,,761.525271647,False,True,False,79,2,0c9672de35c75a9d,221a3a7,False,0.9999723104616448,[0.9999723104616448],410,570,4039566,ffb0266c7913352c,staged_polynomial_basis_with_constant,"[[""1"",""u1""]]","[[""1"",""u1""]]","[[{""term"":""1"",""term_index"":1,""coefficient"":-0.5019255520729933},{""term"":""u1"",""term_index"":2,""coefficient"":0.14809160630608392}]]",capped,False,3,30,20,,[5],[5],"[""Success"",""Unstable""]","[""Failure"",""Success"",""MaxLossEvals""]",23881,23881,0,23881,0,355,148,0.0,0.0,0.0,0.0,0.0,0.0,,,0,1,2,0,0,0,2,0.0,0.0,0.0
80_evogrow_v2_2_stage_local_7_2_42,paper1_phaseC_v1,C,,campaign_cell,,7,Gompertz law for tumor growth,1,surrogate,,evogrow_v2_2_stage_local,evogrow_v2_2_stage_local,42,finished,finished,True,,,2026-09-25T08:51:23.346Z,0.0009604288616536,,,,,pruned_support_terms_exact_match,5,,,4039566,,524.493271961,False,True,False,80,2,0c9672de35c75a9d,221a3a7,False,0.9999723104616448,[0.9999723104616448],410,570,4039566,ffb0266c7913352c,staged_polynomial_basis_with_constant,"[[""1"",""u1""]]","[[""1"",""u1""]]","[[{""term"":""1"",""term_index"":1,""coefficient"":-0.5019255520729933},{""term"":""u1"",""term_index"":2,""coefficient"":0.14809160630608392}]]",uncapped,False,3,30,20,,,,"[""Success"",""Unstable""]","[""Failure"",""Success"",""MaxLossEvals""]",23881,23881,0,23881,0,355,148,0.0,0.0,0.0,0.0,0.0,0.0,,,0,1,2,0,0,0,2,0.0,0.0,0.0
81_evogrow_v2_2_stage_capped_7_2_123,paper1_phaseC_v1,C,,campaign_cell,,7,Gompertz law for tumor growth,1,surrogate,,evogrow_v2_2_stage_capped,evogrow_v2_2_stage_capped,123,finished,finished,True,,,2026-09-25T08:51:56.994Z,0.0009604288605892,,,,,pruned_support_terms_exact_match,5,,,4135279,,680.361437914,False,True,False,81,2,0c9672de35c75a9d,221a3a7,False,0.9999723104616756,[0.9999723104616755],410,571,4135279,ffb0266c7913352c,staged_polynomial_basis_with_constant,"[[""1"",""u1""]]","[[""1"",""u1""]]","[[{""term"":""1"",""term_index"":1,""coefficient"":-0.5019256067217256},{""term"":""u1"",""term_index"":2,""coefficient"":0.14809160986684272}]]",capped,False,3,30,20,,[5],[5],"[""Success"",""Unstable""]","[""Failure"",""Success"",""MaxLossEvals""]",23317,23317,0,23317,0,344,156,0.0,0.0,0.0,0.0,0.0,0.0,,,0,1,2,0,0,0,2,0.0,0.0,0.0
82_evogrow_v2_2_stage_local_7_2_123,paper1_phaseC_v1,C,,campaign_cell,,7,Gompertz law for tumor growth,1,surrogate,,evogrow_v2_2_stage_local,evogrow_v2_2_stage_local,123,finished,finished,True,,,2026-09-25T08:52:16.722Z,0.0009604288605892,,,,,pruned_support_terms_exact_match,5,,,4135279,,639.089779005,False,True,False,82,2,0c9672de35c75a9d,221a3a7,False,0.9999723104616756,[0.9999723104616755],410,571,4135279,ffb0266c7913352c,staged_polynomial_basis_with_constant,"[[""1"",""u1""]]","[[""1"",""u1""]]","[[{""term"":""1"",""term_index"":1,""coefficient"":-0.5019256067217256},{""term"":""u1"",""term_index"":2,""coefficient"":0.14809160986684272}]]",uncapped,False,3,30,20,,,,"[""Success"",""Unstable""]","[""Failure"",""Success"",""MaxLossEvals""]",23317,23317,0,23317,0,344,156,0.0,0.0,0.0,0.0,0.0,0.0,,,0,1,2,0,0,0,2,0.0,0.0,0.0
83_evogrow_v2_2_stage_capped_7_2_7,paper1_phaseC_v1,C,,campaign_cell,,7,Gompertz law for tumor growth,1,surrogate,,evogrow_v2_2_stage_capped,evogrow_v2_2_stage_capped,7,finished,finished,True,,,2026-09-25T08:52:45.879Z,0.0009604288591907,,,,,pruned_support_terms_exact_match,5,,,4047671,,511.989219669,False,True,False,83,2,0c9672de35c75a9d,221a3a7,False,0.999972310461716,[0.9999723104617159],410,599,4047671,ffb0266c7913352c,staged_polynomial_basis_with_constant,"[[""1"",""u1""]]","[[""1"",""u1""]]","[[{""term"":""1"",""term_index"":1,""coefficient"":-0.5019256662176345},{""term"":""u1"",""term_index"":2,""coefficient"":0.14809161444684477}]]",capped,False,3,30,20,,[5],[5],"[""Success"",""Unstable""]","[""Success"",""Failure"",""MaxLossEvals""]",24030,24030,0,24030,0,344,144,0.0,0.0,0.0,0.0,0.0,0.0,,,0,1,2,0,0,0,2,0.0,0.0,0.0
84_evogrow_v2_2_stage_local_7_2_7,paper1_phaseC_v1,C,,campaign_cell,,7,Gompertz law for tumor growth,1,surrogate,,evogrow_v2_2_stage_local,evogrow_v2_2_stage_local,7,finished,finished,True,,,2026-09-25T08:53:01.951Z,0.0009604288591907,,,,,pruned_support_terms_exact_match,5,,,4047671,,528.799550277,False,True,False,84,2,0c9672de35c75a9d,221a3a7,False,0.999972310461716,[0.9999723104617159],410,599,4047671,ffb0266c7913352c,staged_polynomial_basis_with_constant,"[[""1"",""u1""]]","[[""1"",""u1""]]","[[{""term"":""1"",""term_index"":1,""coefficient"":-0.5019256662176345},{""term"":""u1"",""term_index"":2,""coefficient"":0.14809161444684477}]]",uncapped,False,3,30,20,,,,"[""Success"",""Unstable""]","[""Success"",""Failure"",""MaxLossEvals""]",24030,24030,0,24030,0,344,144,0.0,0.0,0.0,0.0,0.0,0.0,,,0,1,2,0,0,0,2,0.0,0.0,0.0
85_evogrow_v2_2_stage_capped_8_1_42,paper1_phaseC_v1,C,,campaign_cell,,8,Logistic equation with Allee effect,1,exact,4.0,evogrow_v2_2_stage_capped,evogrow_v2_2_stage_capped,42,finished,finished,True,,,2026-09-25T08:54:11.390Z,0.0001482038541339,,False,False,False,pruned_support_terms_exact_match,4,0.0,0.0,3801346,,878.480865533,False,True,False,85,1,0c9672de35c75a9d,221a3a7,False,0.9999994936098238,[0.9999994936098238],390,588,3801346,ffb0266c7913352c,staged_polynomial_basis_with_constant,"[[""1"",""u1"",""u1^2"",""u1^3""]]","[[""1"",""u1"",""u1^2"",""u1^3""]]","[[{""term"":""1"",""term_index"":1,""coefficient"":-0.026398991968485143},{""term"":""u1"",""term_index"":2,""coefficient"":-0.13544990135311505},{""term"":""u1^2"",""term_index"":3,""coefficient"":0.03275460089490293},{""term"":""u1^3"",""term_index"":4,""coefficient"":-0.00024387610513515378}]]",capped,False,3,30,19,[0],[4],[4],"[""Success"",""Unstable"",""MaxIters""]","[""Success"",""Failure"",""MaxLossEvals""]",99445,99451,0,99445,6,322,119,0.8571428571428571,0.8571428571428571,0.75,0.75,1.0,1.0,0.0134546305804036,0.0325007046206068,3,1,4,3,3,0,1,0.8571428571428571,0.75,1.0
86_evogrow_v2_2_stage_local_8_1_42,paper1_phaseC_v1,C,,campaign_cell,,8,Logistic equation with Allee effect,1,exact,4.0,evogrow_v2_2_stage_local,evogrow_v2_2_stage_local,42,finished,finished,True,,,2026-09-25T08:56:00.950Z,0.0001482038541339,,False,False,False,pruned_support_terms_exact_match,5,1.0,4.0,4470694,,963.61476657,False,True,False,86,1,0c9672de35c75a9d,221a3a7,False,0.9999994936098238,[0.9999994936098238],470,722,4470694,ffb0266c7913352c,staged_polynomial_basis_with_constant,"[[""1"",""u1"",""u1^2"",""u1^3""]]","[[""1"",""u1"",""u1^2"",""u1^3""]]","[[{""term"":""1"",""term_index"":1,""coefficient"":-0.026398991968485143},{""term"":""u1"",""term_index"":2,""coefficient"":-0.13544990135311505},{""term"":""u1^2"",""term_index"":3,""coefficient"":0.03275460089490293},{""term"":""u1^3"",""term_index"":4,""coefficient"":-0.00024387610513515378}]]",uncapped,False,3,30,23,,,,"[""Success"",""Unstable"",""MaxIters""]","[""Success"",""Failure"",""MaxLossEvals""]",146488,146494,0,146488,6,375,138,0.8571428571428571,0.8571428571428571,0.75,0.75,1.0,1.0,0.0134546305804036,0.0325007046206068,3,1,4,3,3,0,1,0.8571428571428571,0.75,1.0
87_evogrow_v2_2_stage_capped_8_1_123,paper1_phaseC_v1,C,,campaign_cell,,8,Logistic equation with Allee effect,1,exact,4.0,evogrow_v2_2_stage_capped,evogrow_v2_2_stage_capped,123,finished,finished,True,,,2026-09-25T08:59:49.245Z,7.921639824914714e-05,,False,False,False,pruned_support_terms_exact_match,4,0.0,0.0,3839984,,974.486949609,False,True,False,87,1,0c9672de35c75a9d,221a3a7,False,0.9999997293295366,[0.9999997293295366],390,584,3839984,ffb0266c7913352c,staged_polynomial_basis_with_constant,"[[""1"",""u1"",""u1^2"",""u1^3""]]","[[""1"",""u1"",""u1^2"",""u1^3""]]","[[{""term"":""1"",""term_index"":1,""coefficient"":0.028901818767191764},{""term"":""u1"",""term_index"":2,""coefficient"":-0.14553461766867135},{""term"":""u1^2"",""term_index"":3,""coefficient"":0.03312903991609216},{""term"":""u1^3"",""term_index"":4,""coefficient"":-0.00024712023916961085}]]",capped,False,3,30,19,[0],[4],[4],"[""Success"",""Unstable""]","[""Failure"",""Success"",""MaxLossEvals""]",101949,101949,0,101949,0,337,119,0.8571428571428571,0.8571428571428571,0.75,0.75,1.0,1.0,0.0187690732934475,0.0395329833476523,3,1,4,3,3,0,1,0.8571428571428571,0.75,1.0
88_evogrow_v2_2_stage_local_8_1_123,paper1_phaseC_v1,C,,campaign_cell,,8,Logistic equation with Allee effect,1,exact,4.0,evogrow_v2_2_stage_local,evogrow_v2_2_stage_local,123,finished,finished,True,,,2026-09-25T09:00:12.126Z,7.921639824914714e-05,,False,False,False,pruned_support_terms_exact_match,5,1.0,4.0,4463357,,1202.276762954,False,True,False,88,1,0c9672de35c75a9d,221a3a7,False,0.9999997293295366,[0.9999997293295366],470,726,4463357,ffb0266c7913352c,staged_polynomial_basis_with_constant,"[[""1"",""u1"",""u1^2"",""u1^3""]]","[[""1"",""u1"",""u1^2"",""u1^3""]]","[[{""term"":""1"",""term_index"":1,""coefficient"":0.028901818767191764},{""term"":""u1"",""term_index"":2,""coefficient"":-0.14553461766867135},{""term"":""u1^2"",""term_index"":3,""coefficient"":0.03312903991609216},{""term"":""u1^3"",""term_index"":4,""coefficient"":-0.00024712023916961085}]]",uncapped,False,3,30,23,,,,"[""Success"",""Unstable""]","[""Failure"",""Success"",""MaxLossEvals""]",146840,146840,0,146840,0,391,132,0.8571428571428571,0.8571428571428571,0.75,0.75,1.0,1.0,0.0187690732934475,0.0395329833476523,3,1,4,3,3,0,1,0.8571428571428571,0.75,1.0
89_evogrow_v2_2_stage_capped_8_1_7,paper1_phaseC_v1,C,,campaign_cell,,8,Logistic equation with Allee effect,1,exact,4.0,evogrow_v2_2_stage_capped,evogrow_v2_2_stage_capped,7,finished,finished,True,,,2026-09-25T09:01:00.878Z,0.0001995050073658,,False,False,False,pruned_support_terms_exact_match,4,0.0,0.0,3428693,,655.011692571,False,True,False,89,1,0c9672de35c75a9d,221a3a7,False,0.9999993183215348,[0.9999993183215347],370,568,3428693,ffb0266c7913352c,staged_polynomial_basis_with_constant,"[[""1"",""u1"",""u1^2"",""u1^3""]]","[[""1"",""u1"",""u1^2"",""u1^3""]]","[[{""term"":""1"",""term_index"":1,""coefficient"":-0.03201753726154555},{""term"":""u1"",""term_index"":2,""coefficient"":-0.1343253262066024},{""term"":""u1^2"",""term_index"":3,""coefficient"":0.032704609329891825},{""term"":""u1^3"",""term_index"":4,""coefficient"":-0.00024349603864385017}]]",capped,False,3,30,18,[0],[4],[4],"[""Success"",""Unstable"",""MaxIters""]","[""Success"",""Failure"",""MaxLossEvals""]",94189,94195,0,94189,6,307,99,0.8571428571428571,0.8571428571428571,0.75,0.75,1.0,1.0,0.0171563803415343,0.0405333842385544,3,1,4,3,3,0,1,0.8571428571428571,0.75,1.0
90_evogrow_v2_2_stage_local_8_1_7,paper1_phaseC_v1,C,,campaign_cell,,8,Logistic equation with Allee effect,1,exact,4.0,evogrow_v2_2_stage_local,evogrow_v2_2_stage_local,7,finished,finished,True,,,2026-09-25T09:02:10.985Z,0.0001995050073658,,False,False,False,pruned_support_terms_exact_match,5,1.0,4.0,4125818,,865.797213134,False,True,False,90,1,0c9672de35c75a9d,221a3a7,False,0.9999993183215348,[0.9999993183215347],450,703,4125818,ffb0266c7913352c,staged_polynomial_basis_with_constant,"[[""1"",""u1"",""u1^2"",""u1^3""]]","[[""1"",""u1"",""u1^2"",""u1^3""]]","[[{""term"":""1"",""term_index"":1,""coefficient"":-0.03201753726154555},{""term"":""u1"",""term_index"":2,""coefficient"":-0.1343253262066024},{""term"":""u1^2"",""term_index"":3,""coefficient"":0.032704609329891825},{""term"":""u1^3"",""term_index"":4,""coefficient"":-0.00024349603864385017}]]",uncapped,False,3,30,22,,,,"[""Success"",""Unstable"",""MaxIters""]","[""Success"",""Failure"",""MaxLossEvals""]",140156,140162,0,140156,6,364,117,0.8571428571428571,0.8571428571428571,0.75,0.75,1.0,1.0,0.0171563803415343,0.0405333842385544,3,1,4,3,3,0,1,0.8571428571428571,0.75,1.0
91_evogrow_v2_2_stage_capped_8_2_42,paper1_phaseC_v1,C,,campaign_cell,,8,Logistic equation with Allee effect,1,exact,4.0,evogrow_v2_2_stage_capped,evogrow_v2_2_stage_capped,42,finished,finished,True,,,2026-09-25T09:02:42.688Z,0.0009470746472131,,False,False,False,pruned_support_terms_exact_match,4,0.0,0.0,1432025,,183.139328511,False,True,False,91,2,0c9672de35c75a9d,221a3a7,False,0.9932632212036752,[0.9932632212036752],330,435,1432025,ffb0266c7913352c,staged_polynomial_basis_with_constant,"[[""u1""]]","[[""u1""]]","[[{""term"":""u1"",""term_index"":2,""coefficient"":-0.08740984061679753}]]",capped,False,3,30,16,[0],[4],[4],"[""Success"",""Unstable""]","[""Success"",""MaxLossEvals"",""Failure""]",9512,9512,0,9512,0,71,58,0.5,0.5,1.0,1.0,0.3333333333333333,0.3333333333333333,0.7918813318647677,1.0,3,1,1,3,1,2,0,0.5,1.0,0.3333333333333333
92_evogrow_v2_2_stage_local_8_2_42,paper1_phaseC_v1,C,,campaign_cell,,8,Logistic equation with Allee effect,1,exact,4.0,evogrow_v2_2_stage_local,evogrow_v2_2_stage_local,42,finished,finished,True,,,2026-09-25T09:03:58.510Z,0.0009470746472131,,False,False,False,pruned_support_terms_exact_match,5,1.0,4.0,1825411,,275.670660556,False,True,False,92,2,0c9672de35c75a9d,221a3a7,False,0.9932632212036752,[0.9932632212036752],410,534,1825411,ffb0266c7913352c,staged_polynomial_basis_with_constant,"[[""u1""]]","[[""u1""]]","[[{""term"":""u1"",""term_index"":2,""coefficient"":-0.08740984061679753}]]",uncapped,False,3,30,20,,,,"[""Success"",""Unstable""]","[""Success"",""MaxLossEvals"",""Failure""]",10976,10976,0,10976,0,93,73,0.5,0.5,1.0,1.0,0.3333333333333333,0.3333333333333333,0.7918813318647677,1.0,3,1,1,3,1,2,0,0.5,1.0,0.3333333333333333
93_evogrow_v2_2_stage_capped_8_2_123,paper1_phaseC_v1,C,,campaign_cell,,8,Logistic equation with Allee effect,1,exact,4.0,evogrow_v2_2_stage_capped,evogrow_v2_2_stage_capped,123,finished,finished,True,,,2026-09-25T09:04:22.165Z,0.0009470746471981,,False,False,False,pruned_support_terms_exact_match,4,0.0,0.0,1188080,,193.644583991,False,True,False,93,2,0c9672de35c75a9d,221a3a7,False,0.9932632212037824,[0.9932632212037823],330,427,1188080,ffb0266c7913352c,staged_polynomial_basis_with_constant,"[[""u1""]]","[[""u1""]]","[[{""term"":""u1"",""term_index"":2,""coefficient"":-0.08740983937418978}]]",capped,False,3,30,16,[0],[4],[4],"[""Success"",""Unstable""]","[""Success"",""Failure"",""MaxLossEvals""]",9821,9821,0,9821,0,56,44,0.5,0.5,1.0,1.0,0.3333333333333333,0.3333333333333333,0.7918813348233577,1.0,3,1,1,3,1,2,0,0.5,1.0,0.3333333333333333
94_evogrow_v2_2_stage_local_8_2_123,paper1_phaseC_v1,C,,campaign_cell,,8,Logistic equation with Allee effect,1,exact,4.0,evogrow_v2_2_stage_local,evogrow_v2_2_stage_local,123,finished,finished,True,,,2026-09-25T09:04:49.663Z,0.0009470746471981,,False,False,False,pruned_support_terms_exact_match,5,1.0,4.0,1559474,,282.76257495,False,True,False,94,2,0c9672de35c75a9d,221a3a7,False,0.9932632212037824,[0.9932632212037823],410,525,1559474,ffb0266c7913352c,staged_polynomial_basis_with_constant,"[[""u1""]]","[[""u1""]]","[[{""term"":""u1"",""term_index"":2,""coefficient"":-0.08740983937418978}]]",uncapped,False,3,30,20,,,,"[""Success"",""Unstable""]","[""Success"",""Failure"",""MaxLossEvals""]",11339,11339,0,11339,0,75,57,0.5,0.5,1.0,1.0,0.3333333333333333,0.3333333333333333,0.7918813348233577,1.0,3,1,1,3,1,2,0,0.5,1.0,0.3333333333333333
95_evogrow_v2_2_stage_capped_8_2_7,paper1_phaseC_v1,C,,campaign_cell,,8,Logistic equation with Allee effect,1,exact,4.0,evogrow_v2_2_stage_capped,evogrow_v2_2_stage_capped,7,finished,finished,True,,,2026-09-25T09:06:38.623Z,0.0009470746471892,,False,False,False,pruned_support_terms_exact_match,4,0.0,0.0,1382265,,174.325836069,False,True,False,95,2,0c9672de35c75a9d,221a3a7,False,0.9932632212038452,[0.9932632212038452],330,431,1382265,ffb0266c7913352c,staged_polynomial_basis_with_constant,"[[""u1""]]","[[""u1""]]","[[{""term"":""u1"",""term_index"":2,""coefficient"":-0.087409851208024}]]",capped,False,3,30,16,[0],[4],[4],"[""Success"",""Unstable""]","[""Success"",""Failure"",""MaxLossEvals""]",10168,10168,0,10168,0,79,52,0.5,0.5,1.0,1.0,0.3333333333333333,0.3333333333333333,0.791881306647562,1.0,3,1,1,3,1,2,0,0.5,1.0,0.3333333333333333
96_evogrow_v2_2_stage_local_8_2_7,paper1_phaseC_v1,C,,campaign_cell,,8,Logistic equation with Allee effect,1,exact,4.0,evogrow_v2_2_stage_local,evogrow_v2_2_stage_local,7,finished,finished,True,,,2026-09-25T09:08:43.992Z,0.0009470746471892,,False,False,False,pruned_support_terms_exact_match,5,1.0,4.0,1762010,,272.267656621,False,True,False,96,2,0c9672de35c75a9d,221a3a7,False,0.9932632212038452,[0.9932632212038452],410,541,1762010,ffb0266c7913352c,staged_polynomial_basis_with_constant,"[[""u1""]]","[[""u1""]]","[[{""term"":""u1"",""term_index"":2,""coefficient"":-0.087409851208024}]]",uncapped,False,3,30,20,,,,"[""Success"",""Unstable""]","[""Success"",""Failure"",""MaxLossEvals""]",11658,11658,0,11658,0,100,68,0.5,0.5,1.0,1.0,0.3333333333333333,0.3333333333333333,0.791881306647562,1.0,3,1,1,3,1,2,0,0.5,1.0,0.3333333333333333
97_evogrow_v2_2_stage_capped_9_1_42,paper1_phaseC_v1,C,,campaign_cell,,9,Language death model for two languages,1,exact,1.0,evogrow_v2_2_stage_capped,evogrow_v2_2_stage_capped,42,finished,finished,True,,,2026-09-25T09:09:37.931Z,1.5187895354427538e-15,,True,True,True,pruned_support_terms_exact_match,1,0.0,0.0,4457,,15.266767238,False,True,False,97,1,0c9672de35c75a9d,221a3a7,False,0.9999999999998256,[0.9999999999998256],30,30,4457,ffb0266c7913352c,staged_polynomial_basis_with_constant,"[[""1"",""u1""]]","[[""1"",""u1""]]","[[{""term"":""1"",""term_index"":1,""coefficient"":0.31999980938175016},{""term"":""u1"",""term_index"":2,""coefficient"":-0.5999996164453877}]]",capped,False,3,30,1,[0],[1],[null],"[""Success""]","[""Success""]",0,0,0,0,0,0,0,1.0,1.0,1.0,1.0,1.0,1.0,6.174698589702284e-07,6.392576871553739e-07,2,1,2,2,2,0,0,1.0,1.0,1.0
98_evogrow_v2_2_stage_local_9_1_42,paper1_phaseC_v1,C,,campaign_cell,,9,Language death model for two languages,1,exact,1.0,evogrow_v2_2_stage_local,evogrow_v2_2_stage_local,42,finished,finished,True,,,2026-09-25T09:09:54.300Z,1.5187895354427538e-15,,True,True,True,pruned_support_terms_exact_match,1,0.0,0.0,4457,,14.321457487,False,True,False,98,1,0c9672de35c75a9d,221a3a7,False,0.9999999999998256,[0.9999999999998256],30,30,4457,ffb0266c7913352c,staged_polynomial_basis_with_constant,"[[""1"",""u1""]]","[[""1"",""u1""]]","[[{""term"":""1"",""term_index"":1,""coefficient"":0.31999980938175016},{""term"":""u1"",""term_index"":2,""coefficient"":-0.5999996164453877}]]",uncapped,False,3,30,1,,,,"[""Success""]","[""Success""]",0,0,0,0,0,0,0,1.0,1.0,1.0,1.0,1.0,1.0,6.174698589702284e-07,6.392576871553739e-07,2,1,2,2,2,0,0,1.0,1.0,1.0
99_evogrow_v2_2_stage_capped_9_1_123,paper1_phaseC_v1,C,,campaign_cell,,9,Language death model for two languages,1,exact,1.0,evogrow_v2_2_stage_capped,evogrow_v2_2_stage_capped,123,finished,finished,True,,,2026-09-25T09:10:26.994Z,2.0281797129487046e-16,,True,True,True,pruned_support_terms_exact_match,1,0.0,0.0,23722,,15.646615302,False,True,False,99,1,0c9672de35c75a9d,221a3a7,False,0.9999999999999768,[0.9999999999999767],30,30,23722,ffb0266c7913352c,staged_polynomial_basis_with_constant,"[[""1"",""u1""]]","[[""1"",""u1""]]","[[{""term"":""1"",""term_index"":1,""coefficient"":0.31999997985565076},{""term"":""u1"",""term_index"":2,""coefficient"":-0.5999999608301281}]]",capped,False,3,30,1,[0],[1],[null],"[""Success""]","[""Success"",""MaxLossEvals""]",0,0,0,0,0,1,1,1.0,1.0,1.0,1.0,1.0,1.0,6.411710561209559e-08,6.528311983592755e-08,2,1,2,2,2,0,0,1.0,1.0,1.0
100_evogrow_v2_2_stage_local_9_1_123,paper1_phaseC_v1,C,,campaign_cell,,9,Language death model for two languages,1,exact,1.0,evogrow_v2_2_stage_local,evogrow_v2_2_stage_local,123,finished,finished,True,,,2026-09-25T09:10:45.489Z,2.0281797129487046e-16,,True,True,True,pruned_support_terms_exact_match,1,0.0,0.0,23722,,18.934680746,False,True,False,100,1,0c9672de35c75a9d,221a3a7,False,0.9999999999999768,[0.9999999999999767],30,30,23722,ffb0266c7913352c,staged_polynomial_basis_with_constant,"[[""1"",""u1""]]","[[""1"",""u1""]]","[[{""term"":""1"",""term_index"":1,""coefficient"":0.31999997985565076},{""term"":""u1"",""term_index"":2,""coefficient"":-0.5999999608301281}]]",uncapped,False,3,30,1,,,,"[""Success""]","[""Success"",""MaxLossEvals""]",0,0,0,0,0,1,1,1.0,1.0,1.0,1.0,1.0,1.0,6.411710561209559e-08,6.528311983592755e-08,2,1,2,2,2,0,0,1.0,1.0,1.0
101_evogrow_v2_2_stage_capped_9_1_7,paper1_phaseC_v1,C,,campaign_cell,,9,Language death model for two languages,1,exact,1.0,evogrow_v2_2_stage_capped,evogrow_v2_2_stage_capped,7,finished,finished,True,,,2026-09-25T09:11:02.684Z,2.429990821443192e-16,,True,True,True,pruned_support_terms_exact_match,1,0.0,0.0,44532,,23.139904757,False,True,False,101,1,0c9672de35c75a9d,221a3a7,False,0.999999999999972,[0.9999999999999721],30,30,44532,ffb0266c7913352c,staged_polynomial_basis_with_constant,"[[""1"",""u1""]]","[[""1"",""u1""]]","[[{""term"":""1"",""term_index"":1,""coefficient"":0.31999995873102643},{""term"":""u1"",""term_index"":2,""coefficient"":-0.5999999231848799}]]",capped,False,3,30,1,[0],[1],[null],"[""Success""]","[""Success"",""MaxLossEvals""]",0,0,0,0,0,2,2,1.0,1.0,1.0,1.0,1.0,1.0,1.2849537124141425e-07,1.289655424119296e-07,2,1,2,2,2,0,0,1.0,1.0,1.0
102_evogrow_v2_2_stage_local_9_1_7,paper1_phaseC_v1,C,,campaign_cell,,9,Language death model for two languages,1,exact,1.0,evogrow_v2_2_stage_local,evogrow_v2_2_stage_local,7,finished,finished,True,,,2026-09-25T09:11:12.415Z,2.429990821443192e-16,,True,True,True,pruned_support_terms_exact_match,1,0.0,0.0,44532,,21.05794267,False,True,False,102,1,0c9672de35c75a9d,221a3a7,False,0.999999999999972,[0.9999999999999721],30,30,44532,ffb0266c7913352c,staged_polynomial_basis_with_constant,"[[""1"",""u1""]]","[[""1"",""u1""]]","[[{""term"":""1"",""term_index"":1,""coefficient"":0.31999995873102643},{""term"":""u1"",""term_index"":2,""coefficient"":-0.5999999231848799}]]",uncapped,False,3,30,1,,,,"[""Success""]","[""Success"",""MaxLossEvals""]",0,0,0,0,0,2,2,1.0,1.0,1.0,1.0,1.0,1.0,1.2849537124141425e-07,1.289655424119296e-07,2,1,2,2,2,0,0,1.0,1.0,1.0
103_evogrow_v2_2_stage_capped_9_2_42,paper1_phaseC_v1,C,,campaign_cell,,9,Language death model for two languages,1,exact,1.0,evogrow_v2_2_stage_capped,evogrow_v2_2_stage_capped,42,finished,finished,True,,,2026-09-25T09:11:35.867Z,2.1848169851795157e-05,,False,False,False,pruned_support_terms_exact_match,5,4.0,16.0,1621863,,202.043719793,False,True,False,103,2,0c9672de35c75a9d,221a3a7,False,-0.397249554734741,[-0.397249554734741],410,436,1621863,ffb0266c7913352c,staged_polynomial_basis_with_constant,"[[""u1""]]","[[""u1""]]","[[{""term"":""u1"",""term_index"":2,""coefficient"":-0.004376447999474389}]]",capped,False,3,30,20,[4],[5],[null],"[""Success"",""Unstable""]","[""Success"",""MaxLossEvals""]",2298,2298,0,2298,0,71,71,0.6666666666666666,0.6666666666666666,1.0,1.0,0.5,0.5,0.996352960000438,1.0,2,1,1,2,1,1,0,0.6666666666666666,1.0,0.5
104_evogrow_v2_2_stage_local_9_2_42,paper1_phaseC_v1,C,,campaign_cell,,9,Language death model for two languages,1,exact,1.0,evogrow_v2_2_stage_local,evogrow_v2_2_stage_local,42,finished,finished,True,,,2026-09-25T09:12:10.070Z,2.1848169851795157e-05,,False,False,False,pruned_support_terms_exact_match,5,4.0,16.0,1621863,,348.797421402,False,True,False,104,2,0c9672de35c75a9d,221a3a7,False,-0.397249554734741,[-0.397249554734741],410,436,1621863,ffb0266c7913352c,staged_polynomial_basis_with_constant,"[[""u1""]]","[[""u1""]]","[[{""term"":""u1"",""term_index"":2,""coefficient"":-0.004376447999474389}]]",uncapped,False,3,30,20,,,,"[""Success"",""Unstable""]","[""Success"",""MaxLossEvals""]",2298,2298,0,2298,0,71,71,0.6666666666666666,0.6666666666666666,1.0,1.0,0.5,0.5,0.996352960000438,1.0,2,1,1,2,1,1,0,0.6666666666666666,1.0,0.5
105_evogrow_v2_2_stage_capped_9_2_123,paper1_phaseC_v1,C,,campaign_cell,,9,Language death model for two languages,1,exact,1.0,evogrow_v2_2_stage_capped,evogrow_v2_2_stage_capped,123,finished,finished,True,,,2026-09-25T09:12:36.776Z,2.1848169851795316e-05,,False,False,False,pruned_support_terms_exact_match,5,4.0,16.0,1438475,,232.441001648,False,True,False,105,2,0c9672de35c75a9d,221a3a7,False,-0.3972495547347516,[-0.39724955473475165],410,425,1438475,ffb0266c7913352c,staged_polynomial_basis_with_constant,"[[""u1""]]","[[""u1""]]","[[{""term"":""u1"",""term_index"":2,""coefficient"":-0.004376448002418711}]]",capped,False,3,30,20,[4],[5],[null],"[""Success"",""Unstable""]","[""Success"",""MaxLossEvals"",""Failure""]",1967,1967,0,1967,0,60,59,0.6666666666666666,0.6666666666666666,1.0,1.0,0.5,0.5,0.9963529599979845,1.0,2,1,1,2,1,1,0,0.6666666666666666,1.0,0.5
106_evogrow_v2_2_stage_local_9_2_123,paper1_phaseC_v1,C,,campaign_cell,,9,Language death model for two languages,1,exact,1.0,evogrow_v2_2_stage_local,evogrow_v2_2_stage_local,123,finished,finished,True,,,2026-09-25T09:12:37.330Z,2.1848169851795316e-05,,False,False,False,pruned_support_terms_exact_match,5,4.0,16.0,1438475,,222.428334914,False,True,False,106,2,0c9672de35c75a9d,221a3a7,False,-0.3972495547347516,[-0.39724955473475165],410,425,1438475,ffb0266c7913352c,staged_polynomial_basis_with_constant,"[[""u1""]]","[[""u1""]]","[[{""term"":""u1"",""term_index"":2,""coefficient"":-0.004376448002418711}]]",uncapped,False,3,30,20,,,,"[""Success"",""Unstable""]","[""Success"",""MaxLossEvals"",""Failure""]",1967,1967,0,1967,0,60,59,0.6666666666666666,0.6666666666666666,1.0,1.0,0.5,0.5,0.9963529599979845,1.0,2,1,1,2,1,1,0,0.6666666666666666,1.0,0.5
107_evogrow_v2_2_stage_capped_9_2_7,paper1_phaseC_v1,C,,campaign_cell,,9,Language death model for two languages,1,exact,1.0,evogrow_v2_2_stage_capped,evogrow_v2_2_stage_capped,7,finished,finished,True,,,2026-09-25T09:12:48.970Z,2.184816985179548e-05,,False,False,False,pruned_support_terms_exact_match,5,4.0,16.0,1918793,,238.360474365,False,True,False,107,2,0c9672de35c75a9d,221a3a7,False,-0.3972495547347618,[-0.39724955473476187],410,439,1918793,ffb0266c7913352c,staged_polynomial_basis_with_constant,"[[""u1""]]","[[""u1""]]","[[{""term"":""u1"",""term_index"":2,""coefficient"":-0.004376448001272132}]]",capped,False,3,30,20,[4],[5],[null],"[""Success"",""Unstable""]","[""Success"",""MaxLossEvals""]",3167,3167,0,3167,0,84,84,0.6666666666666666,0.6666666666666666,1.0,1.0,0.5,0.5,0.99635295999894,1.0,2,1,1,2,1,1,0,0.6666666666666666,1.0,0.5
108_evogrow_v2_2_stage_local_9_2_7,paper1_phaseC_v1,C,,campaign_cell,,9,Language death model for two languages,1,exact,1.0,evogrow_v2_2_stage_local,evogrow_v2_2_stage_local,7,finished,finished,True,,,2026-09-25T09:12:55.704Z,2.184816985179548e-05,,False,False,False,pruned_support_terms_exact_match,5,4.0,16.0,1918793,,237.560919881,False,True,False,108,2,0c9672de35c75a9d,221a3a7,False,-0.3972495547347618,[-0.39724955473476187],410,439,1918793,ffb0266c7913352c,staged_polynomial_basis_with_constant,"[[""u1""]]","[[""u1""]]","[[{""term"":""u1"",""term_index"":2,""coefficient"":-0.004376448001272132}]]",uncapped,False,3,30,20,,,,"[""Success"",""Unstable""]","[""Success"",""MaxLossEvals""]",3167,3167,0,3167,0,84,84,0.6666666666666666,0.6666666666666666,1.0,1.0,0.5,0.5,0.99635295999894,1.0,2,1,1,2,1,1,0,0.6666666666666666,1.0,0.5
109_evogrow_v2_2_stage_capped_10_1_42,paper1_phaseC_v1,C,,campaign_cell,,10,Refined language death model for two languages,1,surrogate,,evogrow_v2_2_stage_capped,evogrow_v2_2_stage_capped,42,finished,finished,True,,,2026-09-25T09:14:19.061Z,7.123743811145023e-06,,,,,pruned_support_terms_exact_match,5,,,1333980,,254.713989001,False,True,False,109,1,0c9672de35c75a9d,221a3a7,False,0.9999076961259024,[0.9999076961259024],410,485,1333980,ffb0266c7913352c,staged_polynomial_basis_with_constant,"[[""1"",""u1"",""u1^2""]]","[[""1"",""u1"",""u1^2""]]","[[{""term"":""1"",""term_index"":1,""coefficient"":-0.008900202314229022},{""term"":""u1"",""term_index"":2,""coefficient"":-0.5568114929113983},{""term"":""u1^2"",""term_index"":3,""coefficient"":0.6171059694851105}]]",capped,False,3,30,20,,[5],[null],"[""Success"",""Unstable""]","[""Success"",""Failure"",""MaxLossEvals""]",13310,13310,0,13310,0,173,19,0.0,0.0,0.0,0.0,0.0,0.0,,,0,1,3,0,0,0,3,0.0,0.0,0.0
110_evogrow_v2_2_stage_local_10_1_42,paper1_phaseC_v1,C,,campaign_cell,,10,Refined language death model for two languages,1,surrogate,,evogrow_v2_2_stage_local,evogrow_v2_2_stage_local,42,finished,finished,True,,,2026-09-25T09:15:50.609Z,7.123743811145023e-06,,,,,pruned_support_terms_exact_match,5,,,1333980,,197.564618006,False,True,False,110,1,0c9672de35c75a9d,221a3a7,False,0.9999076961259024,[0.9999076961259024],410,485,1333980,ffb0266c7913352c,staged_polynomial_basis_with_constant,"[[""1"",""u1"",""u1^2""]]","[[""1"",""u1"",""u1^2""]]","[[{""term"":""1"",""term_index"":1,""coefficient"":-0.008900202314229022},{""term"":""u1"",""term_index"":2,""coefficient"":-0.5568114929113983},{""term"":""u1^2"",""term_index"":3,""coefficient"":0.6171059694851105}]]",uncapped,False,3,30,20,,,,"[""Success"",""Unstable""]","[""Success"",""Failure"",""MaxLossEvals""]",13310,13310,0,13310,0,173,19,0.0,0.0,0.0,0.0,0.0,0.0,,,0,1,3,0,0,0,3,0.0,0.0,0.0
111_evogrow_v2_2_stage_capped_10_1_123,paper1_phaseC_v1,C,,campaign_cell,,10,Refined language death model for two languages,1,surrogate,,evogrow_v2_2_stage_capped,evogrow_v2_2_stage_capped,123,finished,finished,True,,,2026-09-25T09:17:30.723Z,7.12374381087037e-06,,,,,pruned_support_terms_exact_match,5,,,1371784,,267.795961316,False,True,False,111,1,0c9672de35c75a9d,221a3a7,False,0.999907696125906,[0.9999076961259059],410,464,1371784,ffb0266c7913352c,staged_polynomial_basis_with_constant,"[[""1"",""u1"",""u1^2""]]","[[""1"",""u1"",""u1^2""]]","[[{""term"":""1"",""term_index"":1,""coefficient"":-0.008900018210329144},{""term"":""u1"",""term_index"":2,""coefficient"":-0.5568125310878962},{""term"":""u1^2"",""term_index"":3,""coefficient"":0.6171070336239541}]]",capped,False,3,30,20,,[5],[null],"[""Success"",""Unstable""]","[""Success"",""Failure"",""MaxLossEvals""]",10176,10176,0,10176,0,177,25,0.0,0.0,0.0,0.0,0.0,0.0,,,0,1,3,0,0,0,3,0.0,0.0,0.0
112_evogrow_v2_2_stage_local_10_1_123,paper1_phaseC_v1,C,,campaign_cell,,10,Refined language death model for two languages,1,surrogate,,evogrow_v2_2_stage_local,evogrow_v2_2_stage_local,123,finished,finished,True,,,2026-09-25T09:17:23.039Z,7.12374381087037e-06,,,,,pruned_support_terms_exact_match,5,,,1371784,,292.625653464,False,True,False,112,1,0c9672de35c75a9d,221a3a7,False,0.999907696125906,[0.9999076961259059],410,464,1371784,ffb0266c7913352c,staged_polynomial_basis_with_constant,"[[""1"",""u1"",""u1^2""]]","[[""1"",""u1"",""u1^2""]]","[[{""term"":""1"",""term_index"":1,""coefficient"":-0.008900018210329144},{""term"":""u1"",""term_index"":2,""coefficient"":-0.5568125310878962},{""term"":""u1^2"",""term_index"":3,""coefficient"":0.6171070336239541}]]",uncapped,False,3,30,20,,,,"[""Success"",""Unstable""]","[""Success"",""Failure"",""MaxLossEvals""]",10176,10176,0,10176,0,177,25,0.0,0.0,0.0,0.0,0.0,0.0,,,0,1,3,0,0,0,3,0.0,0.0,0.0
113_evogrow_v2_2_stage_capped_10_1_7,paper1_phaseC_v1,C,,campaign_cell,,10,Refined language death model for two languages,1,surrogate,,evogrow_v2_2_stage_capped,evogrow_v2_2_stage_capped,7,finished,finished,True,,,2026-09-25T09:17:35.037Z,7.123743808506313e-06,,,,,pruned_support_terms_exact_match,5,,,1344045,,283.916297417,False,True,False,113,1,0c9672de35c75a9d,221a3a7,False,0.9999076961259366,[0.9999076961259366],410,460,1344045,ffb0266c7913352c,staged_polynomial_basis_with_constant,"[[""1"",""u1"",""u1^2""]]","[[""1"",""u1"",""u1^2""]]","[[{""term"":""1"",""term_index"":1,""coefficient"":-0.008900087696330316},{""term"":""u1"",""term_index"":2,""coefficient"":-0.5568119941301501},{""term"":""u1^2"",""term_index"":3,""coefficient"":0.6171064237366837}]]",capped,False,3,30,20,,[5],[null],"[""Success"",""Unstable""]","[""Success"",""Failure"",""MaxLossEvals""]",17722,17722,0,17722,0,170,21,0.0,0.0,0.0,0.0,0.0,0.0,,,0,1,3,0,0,0,3,0.0,0.0,0.0
114_evogrow_v2_2_stage_local_10_1_7,paper1_phaseC_v1,C,,campaign_cell,,10,Refined language death model for two languages,1,surrogate,,evogrow_v2_2_stage_local,evogrow_v2_2_stage_local,7,finished,finished,True,,,2026-09-25T09:17:29.361Z,7.123743808506313e-06,,,,,pruned_support_terms_exact_match,5,,,1344045,,211.179169675,False,True,False,114,1,0c9672de35c75a9d,221a3a7,False,0.9999076961259366,[0.9999076961259366],410,460,1344045,ffb0266c7913352c,staged_polynomial_basis_with_constant,"[[""1"",""u1"",""u1^2""]]","[[""1"",""u1"",""u1^2""]]","[[{""term"":""1"",""term_index"":1,""coefficient"":-0.008900087696330316},{""term"":""u1"",""term_index"":2,""coefficient"":-0.5568119941301501},{""term"":""u1^2"",""term_index"":3,""coefficient"":0.6171064237366837}]]",uncapped,False,3,30,20,,,,"[""Success"",""Unstable""]","[""Success"",""Failure"",""MaxLossEvals""]",17722,17722,0,17722,0,170,21,0.0,0.0,0.0,0.0,0.0,0.0,,,0,1,3,0,0,0,3,0.0,0.0,0.0
115_evogrow_v2_2_stage_capped_10_2_42,paper1_phaseC_v1,C,,campaign_cell,,10,Refined language death model for two languages,1,surrogate,,evogrow_v2_2_stage_capped,evogrow_v2_2_stage_capped,42,finished,finished,True,,,2026-09-25T09:17:41.265Z,5.425930970441176e-05,,,,,pruned_support_terms_exact_match,5,,,94531,,28.571177848,False,True,False,115,2,0c9672de35c75a9d,221a3a7,False,0.9933051887652208,[0.9933051887652208],410,427,94531,ffb0266c7913352c,staged_polynomial_basis_with_constant,"[[""u1""]]","[[""u1""]]","[[{""term"":""u1"",""term_index"":2,""coefficient"":-0.49955361488682987}]]",capped,False,3,30,20,,[5],[5],"[""Success"",""Unstable""]","[""Success""]",2175,2175,0,2175,0,0,0,0.0,0.0,0.0,0.0,0.0,0.0,,,0,1,1,0,0,0,1,0.0,0.0,0.0
116_evogrow_v2_2_stage_local_10_2_42,paper1_phaseC_v1,C,,campaign_cell,,10,Refined language death model for two languages,1,surrogate,,evogrow_v2_2_stage_local,evogrow_v2_2_stage_local,42,finished,finished,True,,,2026-09-25T09:17:45.185Z,5.425930970441176e-05,,,,,pruned_support_terms_exact_match,5,,,94531,,27.202450543,False,True,False,116,2,0c9672de35c75a9d,221a3a7,False,0.9933051887652208,[0.9933051887652208],410,427,94531,ffb0266c7913352c,staged_polynomial_basis_with_constant,"[[""u1""]]","[[""u1""]]","[[{""term"":""u1"",""term_index"":2,""coefficient"":-0.49955361488682987}]]",uncapped,False,3,30,20,,,,"[""Success"",""Unstable""]","[""Success""]",2175,2175,0,2175,0,0,0,0.0,0.0,0.0,0.0,0.0,0.0,,,0,1,1,0,0,0,1,0.0,0.0,0.0
117_evogrow_v2_2_stage_capped_10_2_123,paper1_phaseC_v1,C,,campaign_cell,,10,Refined language death model for two languages,1,surrogate,,evogrow_v2_2_stage_capped,evogrow_v2_2_stage_capped,123,finished,finished,True,,,2026-09-25T09:19:04.340Z,5.425930970440501e-05,,,,,pruned_support_terms_exact_match,5,,,92970,,35.864394991,False,True,False,117,2,0c9672de35c75a9d,221a3a7,False,0.9933051887652216,[0.9933051887652217],410,426,92970,ffb0266c7913352c,staged_polynomial_basis_with_constant,"[[""u1""]]","[[""u1""]]","[[{""term"":""u1"",""term_index"":2,""coefficient"":-0.49955362081591415}]]",capped,False,3,30,20,,[5],[5],"[""Success"",""Unstable""]","[""Success""]",1760,1760,0,1760,0,0,0,0.0,0.0,0.0,0.0,0.0,0.0,,,0,1,1,0,0,0,1,0.0,0.0,0.0
118_evogrow_v2_2_stage_local_10_2_123,paper1_phaseC_v1,C,,campaign_cell,,10,Refined language death model for two languages,1,surrogate,,evogrow_v2_2_stage_local,evogrow_v2_2_stage_local,123,finished,finished,True,,,2026-09-25T09:19:03.642Z,5.425930970440501e-05,,,,,pruned_support_terms_exact_match,5,,,92970,,27.989277258,False,True,False,118,2,0c9672de35c75a9d,221a3a7,False,0.9933051887652216,[0.9933051887652217],410,426,92970,ffb0266c7913352c,staged_polynomial_basis_with_constant,"[[""u1""]]","[[""u1""]]","[[{""term"":""u1"",""term_index"":2,""coefficient"":-0.49955362081591415}]]",uncapped,False,3,30,20,,,,"[""Success"",""Unstable""]","[""Success""]",1760,1760,0,1760,0,0,0,0.0,0.0,0.0,0.0,0.0,0.0,,,0,1,1,0,0,0,1,0.0,0.0,0.0
119_evogrow_v2_2_stage_capped_10_2_7,paper1_phaseC_v1,C,,campaign_cell,,10,Refined language death model for two languages,1,surrogate,,evogrow_v2_2_stage_capped,evogrow_v2_2_stage_capped,7,finished,finished,True,,,2026-09-25T09:19:05.009Z,5.4259309704410985e-05,,,,,pruned_support_terms_exact_match,5,,,106562,,30.103645188,False,True,False,119,2,0c9672de35c75a9d,221a3a7,False,0.9933051887652208,[0.9933051887652209],410,426,106562,ffb0266c7913352c,staged_polynomial_basis_with_constant,"[[""u1""]]","[[""u1""]]","[[{""term"":""u1"",""term_index"":2,""coefficient"":-0.49955362331911585}]]",capped,False,3,30,20,,[5],[5],"[""Success"",""Unstable""]","[""Success""]",2618,2618,0,2618,0,0,0,0.0,0.0,0.0,0.0,0.0,0.0,,,0,1,1,0,0,0,1,0.0,0.0,0.0
120_evogrow_v2_2_stage_local_10_2_7,paper1_phaseC_v1,C,,campaign_cell,,10,Refined language death model for two languages,1,surrogate,,evogrow_v2_2_stage_local,evogrow_v2_2_stage_local,7,finished,finished,True,,,2026-09-25T09:19:51.805Z,5.4259309704410985e-05,,,,,pruned_support_terms_exact_match,5,,,106562,,37.625206106,False,True,False,120,2,0c9672de35c75a9d,221a3a7,False,0.9933051887652208,[0.9933051887652209],410,426,106562,ffb0266c7913352c,staged_polynomial_basis_with_constant,"[[""u1""]]","[[""u1""]]","[[{""term"":""u1"",""term_index"":2,""coefficient"":-0.49955362331911585}]]",uncapped,False,3,30,20,,,,"[""Success"",""Unstable""]","[""Success""]",2618,2618,0,2618,0,0,0,0.0,0.0,0.0,0.0,0.0,0.0,,,0,1,1,0,0,0,1,0.0,0.0,0.0
121_evogrow_v2_2_stage_capped_11_1_42,paper1_phaseC_v1,C,,campaign_cell,,11,Naive critical slowing down (statistical mechanics),1,exact,4.0,evogrow_v2_2_stage_capped,evogrow_v2_2_stage_capped,42,finished,finished,True,,,2026-09-25T09:20:00.290Z,0.0009699514992398,,False,False,False,pruned_support_terms_exact_match,4,0.0,0.0,345680,,75.963966198,False,True,False,121,1,0c9672de35c75a9d,221a3a7,False,0.9908722739564942,[0.9908722739564942],330,470,345680,ffb0266c7913352c,staged_polynomial_basis_with_constant,"[[""1"",""u1"",""u1^2""]]","[[""1"",""u1"",""u1^2""]]","[[{""term"":""1"",""term_index"":1,""coefficient"":-0.25544715201155493},{""term"":""u1"",""term_index"":2,""coefficient"":1.544075841516292},{""term"":""u1^2"",""term_index"":3,""coefficient"":-2.562732771888802}]]",capped,False,3,30,16,[0],[4],[4],"[""Success"",""Unstable""]","[""Success"",""Failure"",""MaxLossEvals""]",8104,8104,0,8104,0,134,3,0.0,0.0,0.0,0.0,0.0,0.0,1.0,1.0,1,1,3,1,0,1,3,0.0,0.0,0.0
122_evogrow_v2_2_stage_local_11_1_42,paper1_phaseC_v1,C,,campaign_cell,,11,Naive critical slowing down (statistical mechanics),1,exact,4.0,evogrow_v2_2_stage_local,evogrow_v2_2_stage_local,42,finished,finished,True,,,2026-09-25T09:20:24.078Z,0.0009699514992398,,False,False,False,pruned_support_terms_exact_match,5,1.0,4.0,435493,,97.148816851,False,True,False,122,1,0c9672de35c75a9d,221a3a7,False,0.9908722739564942,[0.9908722739564942],410,583,435493,ffb0266c7913352c,staged_polynomial_basis_with_constant,"[[""1"",""u1"",""u1^2""]]","[[""1"",""u1"",""u1^2""]]","[[{""term"":""1"",""term_index"":1,""coefficient"":-0.25544715201155493},{""term"":""u1"",""term_index"":2,""coefficient"":1.544075841516292},{""term"":""u1^2"",""term_index"":3,""coefficient"":-2.562732771888802}]]",uncapped,False,3,30,20,,,,"[""Success"",""Unstable""]","[""Success"",""Failure"",""MaxLossEvals""]",11943,11943,0,11943,0,135,3,0.0,0.0,0.0,0.0,0.0,0.0,1.0,1.0,1,1,3,1,0,1,3,0.0,0.0,0.0
123_evogrow_v2_2_stage_capped_11_1_123,paper1_phaseC_v1,C,,campaign_cell,,11,Naive critical slowing down (statistical mechanics),1,exact,4.0,evogrow_v2_2_stage_capped,evogrow_v2_2_stage_capped,123,finished,finished,True,,,2026-09-25T09:20:28.997Z,0.0009699514992317,,False,False,False,pruned_support_terms_exact_match,4,0.0,0.0,458360,,97.166090667,False,True,False,123,1,0c9672de35c75a9d,221a3a7,False,0.9908722739565704,[0.9908722739565703],390,532,458360,ffb0266c7913352c,staged_polynomial_basis_with_constant,"[[""1"",""u1"",""u1^2""]]","[[""1"",""u1"",""u1^2""]]","[[{""term"":""1"",""term_index"":1,""coefficient"":-0.25544775875842324},{""term"":""u1"",""term_index"":2,""coefficient"":1.544077706041193},{""term"":""u1^2"",""term_index"":3,""coefficient"":-2.5627328395510354}]]",capped,False,3,30,19,[0],[4],[4],"[""Success"",""Unstable""]","[""Success"",""Failure"",""MaxLossEvals""]",8172,8172,0,8172,0,139,9,0.0,0.0,0.0,0.0,0.0,0.0,1.0,1.0,1,1,3,1,0,1,3,0.0,0.0,0.0
124_evogrow_v2_2_stage_local_11_1_123,paper1_phaseC_v1,C,,campaign_cell,,11,Naive critical slowing down (statistical mechanics),1,exact,4.0,evogrow_v2_2_stage_local,evogrow_v2_2_stage_local,123,finished,finished,True,,,2026-09-25T09:20:51.384Z,0.0009699514992317,,False,False,False,pruned_support_terms_exact_match,5,1.0,4.0,551683,,161.672852994,False,True,False,124,1,0c9672de35c75a9d,221a3a7,False,0.9908722739565704,[0.9908722739565703],470,651,551683,ffb0266c7913352c,staged_polynomial_basis_with_constant,"[[""1"",""u1"",""u1^2""]]","[[""1"",""u1"",""u1^2""]]","[[{""term"":""1"",""term_index"":1,""coefficient"":-0.25544775875842324},{""term"":""u1"",""term_index"":2,""coefficient"":1.544077706041193},{""term"":""u1^2"",""term_index"":3,""coefficient"":-2.5627328395510354}]]",uncapped,False,3,30,23,,,,"[""Success"",""Unstable""]","[""Success"",""Failure"",""MaxLossEvals""]",11605,11605,0,11605,0,143,9,0.0,0.0,0.0,0.0,0.0,0.0,1.0,1.0,1,1,3,1,0,1,3,0.0,0.0,0.0
125_evogrow_v2_2_stage_capped_11_1_7,paper1_phaseC_v1,C,,campaign_cell,,11,Naive critical slowing down (statistical mechanics),1,exact,4.0,evogrow_v2_2_stage_capped,evogrow_v2_2_stage_capped,7,finished,finished,True,,,2026-09-25T09:21:17.368Z,0.0009699514991994,,False,False,False,pruned_support_terms_exact_match,4,0.0,0.0,374312,,101.750301802,False,True,False,125,1,0c9672de35c75a9d,221a3a7,False,0.9908722739568746,[0.9908722739568746],330,478,374312,ffb0266c7913352c,staged_polynomial_basis_with_constant,"[[""1"",""u1"",""u1^2""]]","[[""1"",""u1"",""u1^2""]]","[[{""term"":""1"",""term_index"":1,""coefficient"":-0.2554479758761479},{""term"":""u1"",""term_index"":2,""coefficient"":1.5440792926823776},{""term"":""u1^2"",""term_index"":3,""coefficient"":-2.5627355576279447}]]",capped,False,3,30,16,[0],[4],[4],"[""Success"",""Unstable""]","[""Success"",""Failure"",""MaxLossEvals""]",8399,8399,0,8399,0,139,6,0.0,0.0,0.0,0.0,0.0,0.0,1.0,1.0,1,1,3,1,0,1,3,0.0,0.0,0.0
126_evogrow_v2_2_stage_local_11_1_7,paper1_phaseC_v1,C,,campaign_cell,,11,Naive critical slowing down (statistical mechanics),1,exact,4.0,evogrow_v2_2_stage_local,evogrow_v2_2_stage_local,7,finished,finished,True,,,2026-09-25T09:21:59.714Z,0.0009699514991994,,False,False,False,pruned_support_terms_exact_match,5,1.0,4.0,454528,,122.83809298,False,True,False,126,1,0c9672de35c75a9d,221a3a7,False,0.9908722739568746,[0.9908722739568746],410,594,454528,ffb0266c7913352c,staged_polynomial_basis_with_constant,"[[""1"",""u1"",""u1^2""]]","[[""1"",""u1"",""u1^2""]]","[[{""term"":""1"",""term_index"":1,""coefficient"":-0.2554479758761479},{""term"":""u1"",""term_index"":2,""coefficient"":1.5440792926823776},{""term"":""u1^2"",""term_index"":3,""coefficient"":-2.5627355576279447}]]",uncapped,False,3,30,20,,,,"[""Success"",""Unstable""]","[""Success"",""Failure"",""MaxLossEvals""]",12130,12130,0,12130,0,140,6,0.0,0.0,0.0,0.0,0.0,0.0,1.0,1.0,1,1,3,1,0,1,3,0.0,0.0,0.0
127_evogrow_v2_2_stage_capped_11_2_42,paper1_phaseC_v1,C,,campaign_cell,,11,Naive critical slowing down (statistical mechanics),1,exact,4.0,evogrow_v2_2_stage_capped,evogrow_v2_2_stage_capped,42,finished,finished,True,,,2026-09-25T09:21:52.593Z,7.604037972718462e-05,,False,False,False,pruned_support_terms_exact_match,4,0.0,0.0,678798,,128.434262478,False,True,False,127,2,0c9672de35c75a9d,221a3a7,False,0.9984087293380384,[0.9984087293380383],330,423,678798,ffb0266c7913352c,staged_polynomial_basis_with_constant,"[[""1"",""u1"",""u1^2""]]","[[""1"",""u1"",""u1^2""]]","[[{""term"":""1"",""term_index"":1,""coefficient"":-0.13153241392878562},{""term"":""u1"",""term_index"":2,""coefficient"":0.894671112314347},{""term"":""u1^2"",""term_index"":3,""coefficient"":-1.7869869611180644}]]",capped,False,3,30,16,[0],[4],[4],"[""Success"",""Unstable""]","[""Success"",""Failure"",""MaxLossEvals""]",5959,5959,0,5959,0,166,15,0.0,0.0,0.0,0.0,0.0,0.0,1.0,1.0,1,1,3,1,0,1,3,0.0,0.0,0.0
128_evogrow_v2_2_stage_local_11_2_42,paper1_phaseC_v1,C,,campaign_cell,,11,Naive critical slowing down (statistical mechanics),1,exact,4.0,evogrow_v2_2_stage_local,evogrow_v2_2_stage_local,42,finished,finished,True,,,2026-09-25T09:22:08.170Z,7.604037972718462e-05,,False,False,False,pruned_support_terms_exact_match,5,1.0,4.0,1356564,,241.261905405,False,True,False,128,2,0c9672de35c75a9d,221a3a7,False,0.9984087293380384,[0.9984087293380383],410,528,1356564,ffb0266c7913352c,staged_polynomial_basis_with_constant,"[[""1"",""u1"",""u1^2""]]","[[""1"",""u1"",""u1^2""]]","[[{""term"":""1"",""term_index"":1,""coefficient"":-0.13153241392878562},{""term"":""u1"",""term_index"":2,""coefficient"":0.894671112314347},{""term"":""u1^2"",""term_index"":3,""coefficient"":-1.7869869611180644}]]",uncapped,False,3,30,20,,,,"[""Success"",""Unstable""]","[""Success"",""Failure"",""MaxLossEvals""]",9422,9422,0,9422,0,196,42,0.0,0.0,0.0,0.0,0.0,0.0,1.0,1.0,1,1,3,1,0,1,3,0.0,0.0,0.0
129_evogrow_v2_2_stage_capped_11_2_123,paper1_phaseC_v1,C,,campaign_cell,,11,Naive critical slowing down (statistical mechanics),1,exact,4.0,evogrow_v2_2_stage_capped,evogrow_v2_2_stage_capped,123,finished,finished,True,,,2026-09-25T09:22:53.934Z,7.604037949721612e-05,,False,False,False,pruned_support_terms_exact_match,4,0.0,0.0,635461,,115.541648303,False,True,False,129,2,0c9672de35c75a9d,221a3a7,False,0.9984087293428509,[0.9984087293428507],330,421,635461,ffb0266c7913352c,staged_polynomial_basis_with_constant,"[[""1"",""u1"",""u1^2""]]","[[""1"",""u1"",""u1^2""]]","[[{""term"":""1"",""term_index"":1,""coefficient"":-0.13153556543254877},{""term"":""u1"",""term_index"":2,""coefficient"":0.8946838777570228},{""term"":""u1^2"",""term_index"":3,""coefficient"":-1.78699677956497}]]",capped,False,3,30,16,[0],[4],[4],"[""Success"",""Unstable""]","[""Success"",""Failure"",""MaxLossEvals""]",5685,5685,0,5685,0,172,15,0.0,0.0,0.0,0.0,0.0,0.0,1.0,1.0,1,1,3,1,0,1,3,0.0,0.0,0.0
130_evogrow_v2_2_stage_local_11_2_123,paper1_phaseC_v1,C,,campaign_cell,,11,Naive critical slowing down (statistical mechanics),1,exact,4.0,evogrow_v2_2_stage_local,evogrow_v2_2_stage_local,123,finished,finished,True,,,2026-09-25T09:23:09.189Z,7.604037949721612e-05,,False,False,False,pruned_support_terms_exact_match,5,1.0,4.0,1304021,,326.271113869,False,True,False,130,2,0c9672de35c75a9d,221a3a7,False,0.9984087293428509,[0.9984087293428507],410,528,1304021,ffb0266c7913352c,staged_polynomial_basis_with_constant,"[[""1"",""u1"",""u1^2""]]","[[""1"",""u1"",""u1^2""]]","[[{""term"":""1"",""term_index"":1,""coefficient"":-0.13153556543254877},{""term"":""u1"",""term_index"":2,""coefficient"":0.8946838777570228},{""term"":""u1^2"",""term_index"":3,""coefficient"":-1.78699677956497}]]",uncapped,False,3,30,20,,,,"[""Success"",""Unstable""]","[""Success"",""Failure"",""MaxLossEvals""]",8714,8714,0,8714,0,197,38,0.0,0.0,0.0,0.0,0.0,0.0,1.0,1.0,1,1,3,1,0,1,3,0.0,0.0,0.0
131_evogrow_v2_2_stage_capped_11_2_7,paper1_phaseC_v1,C,,campaign_cell,,11,Naive critical slowing down (statistical mechanics),1,exact,4.0,evogrow_v2_2_stage_capped,evogrow_v2_2_stage_capped,7,finished,finished,True,,,2026-09-25T09:22:58.055Z,7.604037960329362e-05,,False,False,False,pruned_support_terms_exact_match,4,0.0,0.0,753199,,134.777162103,False,True,False,131,2,0c9672de35c75a9d,221a3a7,False,0.998408729340631,[0.998408729340631],330,413,753199,ffb0266c7913352c,staged_polynomial_basis_with_constant,"[[""1"",""u1"",""u1^2""]]","[[""1"",""u1"",""u1^2""]]","[[{""term"":""1"",""term_index"":1,""coefficient"":-0.1315361595858545},{""term"":""u1"",""term_index"":2,""coefficient"":0.8946863623046245},{""term"":""u1^2"",""term_index"":3,""coefficient"":-1.7869986170364882}]]",capped,False,3,30,16,[0],[4],[4],"[""Success"",""Unstable""]","[""Success"",""Failure"",""MaxLossEvals""]",5867,5867,0,5867,0,179,20,0.0,0.0,0.0,0.0,0.0,0.0,1.0,1.0,1,1,3,1,0,1,3,0.0,0.0,0.0
132_evogrow_v2_2_stage_local_11_2_7,paper1_phaseC_v1,C,,campaign_cell,,11,Naive critical slowing down (statistical mechanics),1,exact,4.0,evogrow_v2_2_stage_local,evogrow_v2_2_stage_local,7,finished,finished,True,,,2026-09-25T09:23:20.334Z,7.604037960329362e-05,,False,False,False,pruned_support_terms_exact_match,5,1.0,4.0,1484520,,312.051630402,False,True,False,132,2,0c9672de35c75a9d,221a3a7,False,0.998408729340631,[0.998408729340631],410,526,1484520,ffb0266c7913352c,staged_polynomial_basis_with_constant,"[[""1"",""u1"",""u1^2""]]","[[""1"",""u1"",""u1^2""]]","[[{""term"":""1"",""term_index"":1,""coefficient"":-0.1315361595858545},{""term"":""u1"",""term_index"":2,""coefficient"":0.8946863623046245},{""term"":""u1^2"",""term_index"":3,""coefficient"":-1.7869986170364882}]]",uncapped,False,3,30,20,,,,"[""Success"",""Unstable""]","[""Success"",""Failure"",""MaxLossEvals""]",8724,8724,0,8724,0,210,50,0.0,0.0,0.0,0.0,0.0,0.0,1.0,1.0,1,1,3,1,0,1,3,0.0,0.0,0.0
133_evogrow_v2_2_stage_capped_12_1_42,paper1_phaseC_v1,C,,campaign_cell,,12,Photons in a laser (simple),1,exact,2.0,evogrow_v2_2_stage_capped,evogrow_v2_2_stage_capped,42,finished,finished,True,,,2026-09-25T09:23:44.663Z,1.3019878558487836e-08,,True,False,True,pruned_support_terms_exact_match,5,3.0,12.0,2263928,,641.32860877,False,True,False,133,1,0c9672de35c75a9d,221a3a7,False,0.9999999853108192,[0.9999999853108192],410,659,2263928,ffb0266c7913352c,staged_polynomial_basis_with_constant,"[[""1"",""u1"",""u1^2""]]","[[""u1"",""u1^2""]]","[[{""term"":""1"",""term_index"":1,""coefficient"":0.00024227230294293634},{""term"":""u1"",""term_index"":2,""coefficient"":1.80025767239106},{""term"":""u1^2"",""term_index"":3,""coefficient"":-0.11071729451006168}]]",capped,False,3,30,20,[3],[5],[null],"[""Success"",""Unstable""]","[""Success"",""Failure"",""MaxLossEvals""]",36781,36781,0,36781,0,129,85,0.8,0.8,0.6666666666666666,0.6666666666666666,1.0,1.0,0.0001496899824383,0.0001562286365101,2,1,3,2,2,0,1,0.8,0.6666666666666666,1.0
134_evogrow_v2_2_stage_local_12_1_42,paper1_phaseC_v1,C,,campaign_cell,,12,Photons in a laser (simple),1,exact,2.0,evogrow_v2_2_stage_local,evogrow_v2_2_stage_local,42,finished,finished,True,,,2026-09-25T09:24:07.968Z,1.3019878558487836e-08,,True,False,True,pruned_support_terms_exact_match,5,3.0,12.0,2263928,,545.792587686,False,True,False,134,1,0c9672de35c75a9d,221a3a7,False,0.9999999853108192,[0.9999999853108192],410,659,2263928,ffb0266c7913352c,staged_polynomial_basis_with_constant,"[[""1"",""u1"",""u1^2""]]","[[""u1"",""u1^2""]]","[[{""term"":""1"",""term_index"":1,""coefficient"":0.00024227230294293634},{""term"":""u1"",""term_index"":2,""coefficient"":1.80025767239106},{""term"":""u1^2"",""term_index"":3,""coefficient"":-0.11071729451006168}]]",uncapped,False,3,30,20,,,,"[""Success"",""Unstable""]","[""Success"",""Failure"",""MaxLossEvals""]",36781,36781,0,36781,0,129,85,0.8,0.8,0.6666666666666666,0.6666666666666666,1.0,1.0,0.0001496899824383,0.0001562286365101,2,1,3,2,2,0,1,0.8,0.6666666666666666,1.0
135_evogrow_v2_2_stage_capped_12_1_123,paper1_phaseC_v1,C,,campaign_cell,,12,Photons in a laser (simple),1,exact,2.0,evogrow_v2_2_stage_capped,evogrow_v2_2_stage_capped,123,finished,finished,True,,,2026-09-25T09:24:39.489Z,3.5884313237683184e-10,,False,False,False,pruned_support_terms_exact_match,3,1.0,2.0,718969,,156.212801314,False,True,False,135,1,0c9672de35c75a9d,221a3a7,False,0.999999999595149,[0.999999999595149],210,287,718969,ffb0266c7913352c,staged_polynomial_basis_with_constant,"[[""1"",""u1"",""u1^2""]]","[[""1"",""u1"",""u1^2""]]","[[{""term"":""1"",""term_index"":1,""coefficient"":-0.007401451352145916},{""term"":""u1"",""term_index"":2,""coefficient"":1.801060368662984},{""term"":""u1^2"",""term_index"":3,""coefficient"":-0.11073731527375529}]]",capped,False,3,30,10,[1],[3],[null],"[""Success"",""Unstable""]","[""Success"",""Failure"",""MaxLossEvals""]",11433,11433,0,11433,0,41,21,0.8,0.8,0.6666666666666666,0.6666666666666666,1.0,1.0,0.0004630891893802,0.0005890937016577,2,1,3,2,2,0,1,0.8,0.6666666666666666,1.0
136_evogrow_v2_2_stage_local_12_1_123,paper1_phaseC_v1,C,,campaign_cell,,12,Photons in a laser (simple),1,exact,2.0,evogrow_v2_2_stage_local,evogrow_v2_2_stage_local,123,finished,finished,True,,,2026-09-25T09:24:53.822Z,3.5884313237683184e-10,,False,False,False,pruned_support_terms_exact_match,3,1.0,2.0,718969,,126.144342295,False,True,False,136,1,0c9672de35c75a9d,221a3a7,False,0.999999999595149,[0.999999999595149],210,287,718969,ffb0266c7913352c,staged_polynomial_basis_with_constant,"[[""1"",""u1"",""u1^2""]]","[[""1"",""u1"",""u1^2""]]","[[{""term"":""1"",""term_index"":1,""coefficient"":-0.007401451352145916},{""term"":""u1"",""term_index"":2,""coefficient"":1.801060368662984},{""term"":""u1^2"",""term_index"":3,""coefficient"":-0.11073731527375529}]]",uncapped,False,3,30,10,,,,"[""Success"",""Unstable""]","[""Success"",""Failure"",""MaxLossEvals""]",11433,11433,0,11433,0,41,21,0.8,0.8,0.6666666666666666,0.6666666666666666,1.0,1.0,0.0004630891893802,0.0005890937016577,2,1,3,2,2,0,1,0.8,0.6666666666666666,1.0
137_evogrow_v2_2_stage_capped_12_1_7,paper1_phaseC_v1,C,,campaign_cell,,12,Photons in a laser (simple),1,exact,2.0,evogrow_v2_2_stage_capped,evogrow_v2_2_stage_capped,7,finished,finished,True,,,2026-09-25T09:25:09.625Z,2.6109350425409048e-08,,False,False,False,pruned_support_terms_exact_match,5,3.0,12.0,2263635,,563.207818899,False,True,False,137,1,0c9672de35c75a9d,221a3a7,False,0.9999999705431226,[0.9999999705431226],410,631,2263635,ffb0266c7913352c,staged_polynomial_basis_with_constant,"[[""1"",""u1"",""u1^2""]]","[[""1"",""u1"",""u1^2""]]","[[{""term"":""1"",""term_index"":1,""coefficient"":-0.06867897089630004},{""term"":""u1"",""term_index"":2,""coefficient"":1.8097897364369306},{""term"":""u1^2"",""term_index"":3,""coefficient"":-0.11104312878158572}]]",capped,False,3,30,20,[3],[5],[null],"[""Success"",""Unstable""]","[""Success"",""Failure"",""MaxLossEvals""]",43529,43529,0,43529,0,134,86,0.8,0.8,0.6666666666666666,0.6666666666666666,1.0,1.0,0.0042691850607811,0.0054387424649614,2,1,3,2,2,0,1,0.8,0.6666666666666666,1.0
138_evogrow_v2_2_stage_local_12_1_7,paper1_phaseC_v1,C,,campaign_cell,,12,Photons in a laser (simple),1,exact,2.0,evogrow_v2_2_stage_local,evogrow_v2_2_stage_local,7,finished,finished,True,,,2026-09-25T09:25:42.823Z,2.6109350425409048e-08,,False,False,False,pruned_support_terms_exact_match,5,3.0,12.0,2263635,,454.744787709,False,True,False,138,1,0c9672de35c75a9d,221a3a7,False,0.9999999705431226,[0.9999999705431226],410,631,2263635,ffb0266c7913352c,staged_polynomial_basis_with_constant,"[[""1"",""u1"",""u1^2""]]","[[""1"",""u1"",""u1^2""]]","[[{""term"":""1"",""term_index"":1,""coefficient"":-0.06867897089630004},{""term"":""u1"",""term_index"":2,""coefficient"":1.8097897364369306},{""term"":""u1^2"",""term_index"":3,""coefficient"":-0.11104312878158572}]]",uncapped,False,3,30,20,,,,"[""Success"",""Unstable""]","[""Success"",""Failure"",""MaxLossEvals""]",43529,43529,0,43529,0,134,86,0.8,0.8,0.6666666666666666,0.6666666666666666,1.0,1.0,0.0042691850607811,0.0054387424649614,2,1,3,2,2,0,1,0.8,0.6666666666666666,1.0
139_evogrow_v2_2_stage_capped_12_2_42,paper1_phaseC_v1,C,,campaign_cell,,12,Photons in a laser (simple),1,exact,2.0,evogrow_v2_2_stage_capped,evogrow_v2_2_stage_capped,42,finished,finished,True,,,2026-09-25T09:26:05.968Z,1.0600449542936694e-11,,True,False,True,pruned_support_terms_exact_match,2,0.0,0.0,361746,,68.632708503,False,True,False,139,2,0c9672de35c75a9d,221a3a7,False,0.9999999999994272,[0.9999999999994273],110,114,361746,ffb0266c7913352c,staged_polynomial_basis_with_constant,"[[""1"",""u1"",""u1^2""]]","[[""u1"",""u1^2""]]","[[{""term"":""1"",""term_index"":1,""coefficient"":-2.184042366012561e-05},{""term"":""u1"",""term_index"":2,""coefficient"":1.800007529478036},{""term"":""u1^2"",""term_index"":3,""coefficient"":-0.1107003902725042}]]",capped,False,3,30,5,[0],[2],[2],"[""Success"",""Unstable""]","[""Success"",""Failure"",""MaxLossEvals""]",2229,2229,0,2229,0,73,7,0.8,0.8,0.6666666666666666,0.6666666666666666,1.0,1.0,3.854270114723185e-06,4.183043353305709e-06,2,1,3,2,2,0,1,0.8,0.6666666666666666,1.0
140_evogrow_v2_2_stage_local_12_2_42,paper1_phaseC_v1,C,,campaign_cell,,12,Photons in a laser (simple),1,exact,2.0,evogrow_v2_2_stage_local,evogrow_v2_2_stage_local,42,finished,finished,True,,,2026-09-25T09:27:00.882Z,1.0600449542936694e-11,,True,False,True,pruned_support_terms_exact_match,2,0.0,0.0,361746,,66.655363839,False,True,False,140,2,0c9672de35c75a9d,221a3a7,False,0.9999999999994272,[0.9999999999994273],110,114,361746,ffb0266c7913352c,staged_polynomial_basis_with_constant,"[[""1"",""u1"",""u1^2""]]","[[""u1"",""u1^2""]]","[[{""term"":""1"",""term_index"":1,""coefficient"":-2.184042366012561e-05},{""term"":""u1"",""term_index"":2,""coefficient"":1.800007529478036},{""term"":""u1^2"",""term_index"":3,""coefficient"":-0.1107003902725042}]]",uncapped,False,3,30,5,,,,"[""Success"",""Unstable""]","[""Success"",""Failure"",""MaxLossEvals""]",2229,2229,0,2229,0,73,7,0.8,0.8,0.6666666666666666,0.6666666666666666,1.0,1.0,3.854270114723185e-06,4.183043353305709e-06,2,1,3,2,2,0,1,0.8,0.6666666666666666,1.0
141_evogrow_v2_2_stage_capped_12_2_123,paper1_phaseC_v1,C,,campaign_cell,,12,Photons in a laser (simple),1,exact,2.0,evogrow_v2_2_stage_capped,evogrow_v2_2_stage_capped,123,finished,finished,True,,,2026-09-25T09:27:51.783Z,5.0498152583918135e-11,,True,False,True,pruned_support_terms_exact_match,2,0.0,0.0,277188,,54.581635784,False,True,False,141,2,0c9672de35c75a9d,221a3a7,False,0.9999999999972722,[0.9999999999972722],110,120,277188,ffb0266c7913352c,staged_polynomial_basis_with_constant,"[[""1"",""u1"",""u1^2""]]","[[""u1"",""u1^2""]]","[[{""term"":""1"",""term_index"":1,""coefficient"":-7.872938109962889e-07},{""term"":""u1"",""term_index"":2,""coefficient"":1.8000033404976803},{""term"":""u1^2"",""term_index"":3,""coefficient"":-0.11070021974516671}]]",capped,False,3,30,5,[0],[2],[2],"[""Success"",""Unstable""]","[""Success"",""Failure"",""MaxLossEvals""]",1966,1966,0,1966,0,73,3,0.8,0.8,0.6666666666666666,0.6666666666666666,1.0,1.0,1.920441617150688e-06,1.9850511897187707e-06,2,1,3,2,2,0,1,0.8,0.6666666666666666,1.0
142_evogrow_v2_2_stage_local_12_2_123,paper1_phaseC_v1,C,,campaign_cell,,12,Photons in a laser (simple),1,exact,2.0,evogrow_v2_2_stage_local,evogrow_v2_2_stage_local,123,finished,finished,True,,,2026-09-25T09:28:07.732Z,5.0498152583918135e-11,,True,False,True,pruned_support_terms_exact_match,2,0.0,0.0,277188,,55.829267509,False,True,False,142,2,0c9672de35c75a9d,221a3a7,False,0.9999999999972722,[0.9999999999972722],110,120,277188,ffb0266c7913352c,staged_polynomial_basis_with_constant,"[[""1"",""u1"",""u1^2""]]","[[""u1"",""u1^2""]]","[[{""term"":""1"",""term_index"":1,""coefficient"":-7.872938109962889e-07},{""term"":""u1"",""term_index"":2,""coefficient"":1.8000033404976803},{""term"":""u1^2"",""term_index"":3,""coefficient"":-0.11070021974516671}]]",uncapped,False,3,30,5,,,,"[""Success"",""Unstable""]","[""Success"",""Failure"",""MaxLossEvals""]",1966,1966,0,1966,0,73,3,0.8,0.8,0.6666666666666666,0.6666666666666666,1.0,1.0,1.920441617150688e-06,1.9850511897187707e-06,2,1,3,2,2,0,1,0.8,0.6666666666666666,1.0
143_evogrow_v2_2_stage_capped_12_2_7,paper1_phaseC_v1,C,,campaign_cell,,12,Photons in a laser (simple),1,exact,2.0,evogrow_v2_2_stage_capped,evogrow_v2_2_stage_capped,7,finished,finished,True,,,2026-09-25T09:28:32.786Z,2.24343166464425e-11,,True,False,True,pruned_support_terms_exact_match,2,0.0,0.0,307194,,79.437561257,False,True,False,143,2,0c9672de35c75a9d,221a3a7,False,0.999999999998788,[0.9999999999987881],110,116,307194,ffb0266c7913352c,staged_polynomial_basis_with_constant,"[[""1"",""u1"",""u1^2""]]","[[""u1"",""u1^2""]]","[[{""term"":""1"",""term_index"":1,""coefficient"":-1.2969004529506155e-05},{""term"":""u1"",""term_index"":2,""coefficient"":1.8000057599487136},{""term"":""u1^2"",""term_index"":3,""coefficient"":-0.11070029372822934}]]",capped,False,3,30,5,[0],[2],[2],"[""Success"",""Unstable""]","[""Success"",""Failure"",""MaxLossEvals""]",2356,2356,0,2356,0,69,5,0.8,0.8,0.6666666666666666,0.6666666666666666,1.0,1.0,2.92667152312317e-06,3.1999715075256872e-06,2,1,3,2,2,0,1,0.8,0.6666666666666666,1.0
144_evogrow_v2_2_stage_local_12_2_7,paper1_phaseC_v1,C,,campaign_cell,,12,Photons in a laser (simple),1,exact,2.0,evogrow_v2_2_stage_local,evogrow_v2_2_stage_local,7,finished,finished,True,,,2026-09-25T09:28:58.680Z,2.24343166464425e-11,,True,False,True,pruned_support_terms_exact_match,2,0.0,0.0,307194,,59.54191046,False,True,False,144,2,0c9672de35c75a9d,221a3a7,False,0.999999999998788,[0.9999999999987881],110,116,307194,ffb0266c7913352c,staged_polynomial_basis_with_constant,"[[""1"",""u1"",""u1^2""]]","[[""u1"",""u1^2""]]","[[{""term"":""1"",""term_index"":1,""coefficient"":-1.2969004529506155e-05},{""term"":""u1"",""term_index"":2,""coefficient"":1.8000057599487136},{""term"":""u1^2"",""term_index"":3,""coefficient"":-0.11070029372822934}]]",uncapped,False,3,30,5,,,,"[""Success"",""Unstable""]","[""Success"",""Failure"",""MaxLossEvals""]",2356,2356,0,2356,0,69,5,0.8,0.8,0.6666666666666666,0.6666666666666666,1.0,1.0,2.92667152312317e-06,3.1999715075256872e-06,2,1,3,2,2,0,1,0.8,0.6666666666666666,1.0
145_evogrow_v2_2_stage_capped_13_1_42,paper1_phaseC_v1,C,,campaign_cell,,13,Overdamped bead on a rotating hoop,1,surrogate,,evogrow_v2_2_stage_capped,evogrow_v2_2_stage_capped,42,finished,finished,True,,,2026-09-25T09:29:55.541Z,4.91974336102794e-05,,,,,pruned_support_terms_exact_match,5,,,2962998,,767.67958367,False,True,False,145,1,0c9672de35c75a9d,221a3a7,False,0.9998694801409578,[0.9998694801409578],410,590,2962998,ffb0266c7913352c,staged_polynomial_basis_with_constant,"[[""1"",""u1"",""u1^2""]]","[[""1"",""u1"",""u1^2""]]","[[{""term"":""1"",""term_index"":1,""coefficient"":3.527507120721437},{""term"":""u1"",""term_index"":2,""coefficient"":-3.513568689050031},{""term"":""u1^2"",""term_index"":3,""coefficient"":0.7622275775353515}]]",capped,False,3,30,20,,[5],[5],"[""Success"",""Unstable""]","[""Success"",""Failure"",""MaxLossEvals""]",31684,31684,0,31684,0,174,119,0.0,0.0,0.0,0.0,0.0,0.0,,,0,1,3,0,0,0,3,0.0,0.0,0.0
146_evogrow_v2_2_stage_local_13_1_42,paper1_phaseC_v1,C,,campaign_cell,,13,Overdamped bead on a rotating hoop,1,surrogate,,evogrow_v2_2_stage_local,evogrow_v2_2_stage_local,42,finished,finished,True,,,2026-09-25T09:29:38.604Z,4.91974336102794e-05,,,,,pruned_support_terms_exact_match,5,,,2962998,,687.852733721,False,True,False,146,1,0c9672de35c75a9d,221a3a7,False,0.9998694801409578,[0.9998694801409578],410,590,2962998,ffb0266c7913352c,staged_polynomial_basis_with_constant,"[[""1"",""u1"",""u1^2""]]","[[""1"",""u1"",""u1^2""]]","[[{""term"":""1"",""term_index"":1,""coefficient"":3.527507120721437},{""term"":""u1"",""term_index"":2,""coefficient"":-3.513568689050031},{""term"":""u1^2"",""term_index"":3,""coefficient"":0.7622275775353515}]]",uncapped,False,3,30,20,,,,"[""Success"",""Unstable""]","[""Success"",""Failure"",""MaxLossEvals""]",31684,31684,0,31684,0,174,119,0.0,0.0,0.0,0.0,0.0,0.0,,,0,1,3,0,0,0,3,0.0,0.0,0.0
147_evogrow_v2_2_stage_capped_13_1_123,paper1_phaseC_v1,C,,campaign_cell,,13,Overdamped bead on a rotating hoop,1,surrogate,,evogrow_v2_2_stage_capped,evogrow_v2_2_stage_capped,123,finished,finished,True,,,2026-09-25T09:29:39.155Z,4.919743618994011e-05,,,,,pruned_support_terms_exact_match,5,,,3195109,,601.786467956,False,True,False,147,1,0c9672de35c75a9d,221a3a7,False,0.999869480134114,[0.9998694801341139],410,577,3195109,ffb0266c7913352c,staged_polynomial_basis_with_constant,"[[""1"",""u1"",""u1^2""]]","[[""1"",""u1"",""u1^2""]]","[[{""term"":""1"",""term_index"":1,""coefficient"":3.527507740676938},{""term"":""u1"",""term_index"":2,""coefficient"":-3.5135692691685616},{""term"":""u1^2"",""term_index"":3,""coefficient"":0.7622277017615692}]]",capped,False,3,30,20,,[5],[5],"[""Success"",""Unstable""]","[""Success"",""Failure"",""MaxLossEvals""]",29015,29015,0,29015,0,190,133,0.0,0.0,0.0,0.0,0.0,0.0,,,0,1,3,0,0,0,3,0.0,0.0,0.0
148_evogrow_v2_2_stage_local_13_1_123,paper1_phaseC_v1,C,,campaign_cell,,13,Overdamped bead on a rotating hoop,1,surrogate,,evogrow_v2_2_stage_local,evogrow_v2_2_stage_local,123,finished,finished,True,,,2026-09-25T09:29:57.026Z,4.919743618994011e-05,,,,,pruned_support_terms_exact_match,5,,,3195109,,588.0420787,False,True,False,148,1,0c9672de35c75a9d,221a3a7,False,0.999869480134114,[0.9998694801341139],410,577,3195109,ffb0266c7913352c,staged_polynomial_basis_with_constant,"[[""1"",""u1"",""u1^2""]]","[[""1"",""u1"",""u1^2""]]","[[{""term"":""1"",""term_index"":1,""coefficient"":3.527507740676938},{""term"":""u1"",""term_index"":2,""coefficient"":-3.5135692691685616},{""term"":""u1^2"",""term_index"":3,""coefficient"":0.7622277017615692}]]",uncapped,False,3,30,20,,,,"[""Success"",""Unstable""]","[""Success"",""Failure"",""MaxLossEvals""]",29015,29015,0,29015,0,190,133,0.0,0.0,0.0,0.0,0.0,0.0,,,0,1,3,0,0,0,3,0.0,0.0,0.0
149_evogrow_v2_2_stage_capped_13_1_7,paper1_phaseC_v1,C,,campaign_cell,,13,Overdamped bead on a rotating hoop,1,surrogate,,evogrow_v2_2_stage_capped,evogrow_v2_2_stage_capped,7,finished,finished,True,,,2026-09-25T09:30:57.368Z,4.919743994951896e-05,,,,,pruned_support_terms_exact_match,5,,,3092410,,697.069432279,False,True,False,149,1,0c9672de35c75a9d,221a3a7,False,0.9998694801241398,[0.9998694801241398],410,593,3092410,ffb0266c7913352c,staged_polynomial_basis_with_constant,"[[""1"",""u1"",""u1^2""]]","[[""1"",""u1"",""u1^2""]]","[[{""term"":""1"",""term_index"":1,""coefficient"":3.527508643705374},{""term"":""u1"",""term_index"":2,""coefficient"":-3.513570114388969},{""term"":""u1^2"",""term_index"":3,""coefficient"":0.7622278827904351}]]",capped,False,3,30,20,,[5],[5],"[""Success"",""Unstable""]","[""Success"",""Failure"",""MaxLossEvals""]",29178,29178,0,29178,0,170,127,0.0,0.0,0.0,0.0,0.0,0.0,,,0,1,3,0,0,0,3,0.0,0.0,0.0
150_evogrow_v2_2_stage_local_13_1_7,paper1_phaseC_v1,C,,campaign_cell,,13,Overdamped bead on a rotating hoop,1,surrogate,,evogrow_v2_2_stage_local,evogrow_v2_2_stage_local,7,finished,finished,True,,,2026-09-25T09:31:06.198Z,4.919743994951896e-05,,,,,pruned_support_terms_exact_match,5,,,3092410,,800.536311133,False,True,False,150,1,0c9672de35c75a9d,221a3a7,False,0.9998694801241398,[0.9998694801241398],410,593,3092410,ffb0266c7913352c,staged_polynomial_basis_with_constant,"[[""1"",""u1"",""u1^2""]]","[[""1"",""u1"",""u1^2""]]","[[{""term"":""1"",""term_index"":1,""coefficient"":3.527508643705374},{""term"":""u1"",""term_index"":2,""coefficient"":-3.513570114388969},{""term"":""u1^2"",""term_index"":3,""coefficient"":0.7622278827904351}]]",uncapped,False,3,30,20,,,,"[""Success"",""Unstable""]","[""Success"",""Failure"",""MaxLossEvals""]",29178,29178,0,29178,0,170,127,0.0,0.0,0.0,0.0,0.0,0.0,,,0,1,3,0,0,0,3,0.0,0.0,0.0
151_evogrow_v2_2_stage_capped_13_2_42,paper1_phaseC_v1,C,,campaign_cell,,13,Overdamped bead on a rotating hoop,1,surrogate,,evogrow_v2_2_stage_capped,evogrow_v2_2_stage_capped,42,finished,finished,True,,,2026-09-25T09:34:27.798Z,0.0001474426547498,,,,,pruned_support_terms_exact_match,5,,,253756,,88.828100799,False,True,False,151,2,0c9672de35c75a9d,221a3a7,False,0.9967293807779318,[0.9967293807779318],410,523,253756,ffb0266c7913352c,staged_polynomial_basis_with_constant,"[[""1"",""u1""]]","[[""1"",""u1""]]","[[{""term"":""1"",""term_index"":1,""coefficient"":1.1536036207083773},{""term"":""u1"",""term_index"":2,""coefficient"":-0.7896045051744276}]]",capped,False,3,30,20,,[5],[5],"[""Success"",""Unstable""]","[""Success"",""Failure""]",10817,10817,0,10817,0,11,0,0.0,0.0,0.0,0.0,0.0,0.0,,,0,1,2,0,0,0,2,0.0,0.0,0.0
152_evogrow_v2_2_stage_local_13_2_42,paper1_phaseC_v1,C,,campaign_cell,,13,Overdamped bead on a rotating hoop,1,surrogate,,evogrow_v2_2_stage_local,evogrow_v2_2_stage_local,42,finished,finished,True,,,2026-09-25T09:34:19.671Z,0.0001474426547498,,,,,pruned_support_terms_exact_match,5,,,253756,,78.744649941,False,True,False,152,2,0c9672de35c75a9d,221a3a7,False,0.9967293807779318,[0.9967293807779318],410,523,253756,ffb0266c7913352c,staged_polynomial_basis_with_constant,"[[""1"",""u1""]]","[[""1"",""u1""]]","[[{""term"":""1"",""term_index"":1,""coefficient"":1.1536036207083773},{""term"":""u1"",""term_index"":2,""coefficient"":-0.7896045051744276}]]",uncapped,False,3,30,20,,,,"[""Success"",""Unstable""]","[""Success"",""Failure""]",10817,10817,0,10817,0,11,0,0.0,0.0,0.0,0.0,0.0,0.0,,,0,1,2,0,0,0,2,0.0,0.0,0.0
153_evogrow_v2_2_stage_capped_13_2_123,paper1_phaseC_v1,C,,campaign_cell,,13,Overdamped bead on a rotating hoop,1,surrogate,,evogrow_v2_2_stage_capped,evogrow_v2_2_stage_capped,123,finished,finished,True,,,2026-09-25T09:35:34.951Z,0.0001474426547502,,,,,pruned_support_terms_exact_match,5,,,260735,,70.182518419,False,True,False,153,2,0c9672de35c75a9d,221a3a7,False,0.9967293807779232,[0.9967293807779233],410,517,260735,ffb0266c7913352c,staged_polynomial_basis_with_constant,"[[""1"",""u1""]]","[[""1"",""u1""]]","[[{""term"":""1"",""term_index"":1,""coefficient"":1.1536036840029755},{""term"":""u1"",""term_index"":2,""coefficient"":-0.7896045464432379}]]",capped,False,3,30,20,,[5],[5],"[""Success"",""Unstable""]","[""Success"",""Failure""]",11204,11204,0,11204,0,7,0,0.0,0.0,0.0,0.0,0.0,0.0,,,0,1,2,0,0,0,2,0.0,0.0,0.0
154_evogrow_v2_2_stage_local_13_2_123,paper1_phaseC_v1,C,,campaign_cell,,13,Overdamped bead on a rotating hoop,1,surrogate,,evogrow_v2_2_stage_local,evogrow_v2_2_stage_local,123,finished,finished,True,,,2026-09-25T09:35:37.555Z,0.0001474426547502,,,,,pruned_support_terms_exact_match,5,,,260735,,68.495938903,False,True,False,154,2,0c9672de35c75a9d,221a3a7,False,0.9967293807779232,[0.9967293807779233],410,517,260735,ffb0266c7913352c,staged_polynomial_basis_with_constant,"[[""1"",""u1""]]","[[""1"",""u1""]]","[[{""term"":""1"",""term_index"":1,""coefficient"":1.1536036840029755},{""term"":""u1"",""term_index"":2,""coefficient"":-0.7896045464432379}]]",uncapped,False,3,30,20,,,,"[""Success"",""Unstable""]","[""Success"",""Failure""]",11204,11204,0,11204,0,7,0,0.0,0.0,0.0,0.0,0.0,0.0,,,0,1,2,0,0,0,2,0.0,0.0,0.0
155_evogrow_v2_2_stage_capped_13_2_7,paper1_phaseC_v1,C,,campaign_cell,,13,Overdamped bead on a rotating hoop,1,surrogate,,evogrow_v2_2_stage_capped,evogrow_v2_2_stage_capped,7,finished,finished,True,,,2026-09-25T09:36:48.265Z,0.0001474426547498,,,,,pruned_support_terms_exact_match,5,,,268361,,77.325889394,False,True,False,155,2,0c9672de35c75a9d,221a3a7,False,0.9967293807779304,[0.9967293807779304],410,523,268361,ffb0266c7913352c,staged_polynomial_basis_with_constant,"[[""1"",""u1""]]","[[""1"",""u1""]]","[[{""term"":""1"",""term_index"":1,""coefficient"":1.153603644706478},{""term"":""u1"",""term_index"":2,""coefficient"":-0.7896045192447102}]]",capped,False,3,30,20,,[5],[5],"[""Success"",""Unstable""]","[""Success"",""Failure""]",11467,11467,0,11467,0,13,0,0.0,0.0,0.0,0.0,0.0,0.0,,,0,1,2,0,0,0,2,0.0,0.0,0.0
156_evogrow_v2_2_stage_local_13_2_7,paper1_phaseC_v1,C,,campaign_cell,,13,Overdamped bead on a rotating hoop,1,surrogate,,evogrow_v2_2_stage_local,evogrow_v2_2_stage_local,7,finished,finished,True,,,2026-09-25T09:37:13.079Z,0.0001474426547498,,,,,pruned_support_terms_exact_match,5,,,268361,,83.357426512,False,True,False,156,2,0c9672de35c75a9d,221a3a7,False,0.9967293807779304,[0.9967293807779304],410,523,268361,ffb0266c7913352c,staged_polynomial_basis_with_constant,"[[""1"",""u1""]]","[[""1"",""u1""]]","[[{""term"":""1"",""term_index"":1,""coefficient"":1.153603644706478},{""term"":""u1"",""term_index"":2,""coefficient"":-0.7896045192447102}]]",uncapped,False,3,30,20,,,,"[""Success"",""Unstable""]","[""Success"",""Failure""]",11467,11467,0,11467,0,13,0,0.0,0.0,0.0,0.0,0.0,0.0,,,0,1,2,0,0,0,2,0.0,0.0,0.0
157_evogrow_v2_2_stage_capped_14_1_42,paper1_phaseC_v1,C,,campaign_cell,,14,Budworm outbreak model with predation,1,surrogate,,evogrow_v2_2_stage_capped,evogrow_v2_2_stage_capped,42,finished,finished,True,,,2026-09-25T09:37:50.193Z,0.0002355421264953,,,,,pruned_support_terms_exact_match,5,,,2484783,,868.262540157,False,True,False,157,1,0c9672de35c75a9d,221a3a7,False,0.9999996953195904,[0.9999996953195904],410,582,2484783,ffb0266c7913352c,staged_polynomial_basis_with_constant,"[[""1"",""u1"",""u1^2""]]","[[""1"",""u1"",""u1^2""]]","[[{""term"":""1"",""term_index"":1,""coefficient"":0.07587713748715685},{""term"":""u1"",""term_index"":2,""coefficient"":0.7523695615109615},{""term"":""u1^2"",""term_index"":3,""coefficient"":-0.009420871381386206}]]",capped,False,3,30,20,,[5],[null],"[""Success"",""Unstable""]","[""Failure"",""Success"",""MaxLossEvals""]",103811,103811,0,103811,0,289,69,0.0,0.0,0.0,0.0,0.0,0.0,,,0,1,3,0,0,0,3,0.0,0.0,0.0
158_evogrow_v2_2_stage_local_14_1_42,paper1_phaseC_v1,C,,campaign_cell,,14,Budworm outbreak model with predation,1,surrogate,,evogrow_v2_2_stage_local,evogrow_v2_2_stage_local,42,finished,finished,True,,,2026-09-25T09:38:02.884Z,0.0002355421264953,,,,,pruned_support_terms_exact_match,5,,,2484783,,1010.889723576,False,True,False,158,1,0c9672de35c75a9d,221a3a7,False,0.9999996953195904,[0.9999996953195904],410,582,2484783,ffb0266c7913352c,staged_polynomial_basis_with_constant,"[[""1"",""u1"",""u1^2""]]","[[""1"",""u1"",""u1^2""]]","[[{""term"":""1"",""term_index"":1,""coefficient"":0.07587713748715685},{""term"":""u1"",""term_index"":2,""coefficient"":0.7523695615109615},{""term"":""u1^2"",""term_index"":3,""coefficient"":-0.009420871381386206}]]",uncapped,False,3,30,20,,,,"[""Success"",""Unstable""]","[""Failure"",""Success"",""MaxLossEvals""]",103811,103811,0,103811,0,289,69,0.0,0.0,0.0,0.0,0.0,0.0,,,0,1,3,0,0,0,3,0.0,0.0,0.0
159_evogrow_v2_2_stage_capped_14_1_123,paper1_phaseC_v1,C,,campaign_cell,,14,Budworm outbreak model with predation,1,surrogate,,evogrow_v2_2_stage_capped,evogrow_v2_2_stage_capped,123,finished,finished,True,,,2026-09-25T09:39:18.910Z,0.0002355353574243,,,,,pruned_support_terms_exact_match,5,,,2752449,,1201.371461093,False,True,False,159,1,0c9672de35c75a9d,221a3a7,False,0.9999996953283464,[0.9999996953283464],410,564,2752449,ffb0266c7913352c,staged_polynomial_basis_with_constant,"[[""1"",""u1"",""u1^2""]]","[[""1"",""u1"",""u1^2""]]","[[{""term"":""1"",""term_index"":1,""coefficient"":0.07592870071606156},{""term"":""u1"",""term_index"":2,""coefficient"":0.7523643569921435},{""term"":""u1^2"",""term_index"":3,""coefficient"":-0.009420813283912496}]]",capped,False,3,30,20,,[5],[null],"[""Success"",""Unstable""]","[""Failure"",""Success"",""MaxLossEvals""]",120805,120805,0,120805,0,301,85,0.0,0.0,0.0,0.0,0.0,0.0,,,0,1,3,0,0,0,3,0.0,0.0,0.0
160_evogrow_v2_2_stage_local_14_1_123,paper1_phaseC_v1,C,,campaign_cell,,14,Budworm outbreak model with predation,1,surrogate,,evogrow_v2_2_stage_local,evogrow_v2_2_stage_local,123,finished,finished,True,,,2026-09-25T09:39:53.534Z,0.0002355353574243,,,,,pruned_support_terms_exact_match,5,,,2752449,,1138.851303927,False,True,False,160,1,0c9672de35c75a9d,221a3a7,False,0.9999996953283464,[0.9999996953283464],410,564,2752449,ffb0266c7913352c,staged_polynomial_basis_with_constant,"[[""1"",""u1"",""u1^2""]]","[[""1"",""u1"",""u1^2""]]","[[{""term"":""1"",""term_index"":1,""coefficient"":0.07592870071606156},{""term"":""u1"",""term_index"":2,""coefficient"":0.7523643569921435},{""term"":""u1^2"",""term_index"":3,""coefficient"":-0.009420813283912496}]]",uncapped,False,3,30,20,,,,"[""Success"",""Unstable""]","[""Failure"",""Success"",""MaxLossEvals""]",120805,120805,0,120805,0,301,85,0.0,0.0,0.0,0.0,0.0,0.0,,,0,1,3,0,0,0,3,0.0,0.0,0.0
161_evogrow_v2_2_stage_capped_14_1_7,paper1_phaseC_v1,C,,campaign_cell,,14,Budworm outbreak model with predation,1,surrogate,,evogrow_v2_2_stage_capped,evogrow_v2_2_stage_capped,7,finished,finished,True,,,2026-09-25T09:40:37.293Z,0.000235539916255,,,,,pruned_support_terms_exact_match,5,,,2591290,,765.811723908,False,True,False,161,1,0c9672de35c75a9d,221a3a7,False,0.9999996953224496,[0.9999996953224495],410,566,2591290,ffb0266c7913352c,staged_polynomial_basis_with_constant,"[[""1"",""u1"",""u1^2""]]","[[""1"",""u1"",""u1^2""]]","[[{""term"":""1"",""term_index"":1,""coefficient"":0.0758942449946522},{""term"":""u1"",""term_index"":2,""coefficient"":0.7523679400104846},{""term"":""u1^2"",""term_index"":3,""coefficient"":-0.009420861800531368}]]",capped,False,3,30,20,,[5],[null],"[""Success"",""Unstable""]","[""Success"",""Failure"",""MaxLossEvals""]",95579,95579,0,95579,0,310,71,0.0,0.0,0.0,0.0,0.0,0.0,,,0,1,3,0,0,0,3,0.0,0.0,0.0
162_evogrow_v2_2_stage_local_14_1_7,paper1_phaseC_v1,C,,campaign_cell,,14,Budworm outbreak model with predation,1,surrogate,,evogrow_v2_2_stage_local,evogrow_v2_2_stage_local,7,finished,finished,True,,,2026-09-25T09:40:43.532Z,0.000235539916255,,,,,pruned_support_terms_exact_match,5,,,2591290,,759.881690119,False,True,False,162,1,0c9672de35c75a9d,221a3a7,False,0.9999996953224496,[0.9999996953224495],410,566,2591290,ffb0266c7913352c,staged_polynomial_basis_with_constant,"[[""1"",""u1"",""u1^2""]]","[[""1"",""u1"",""u1^2""]]","[[{""term"":""1"",""term_index"":1,""coefficient"":0.0758942449946522},{""term"":""u1"",""term_index"":2,""coefficient"":0.7523679400104846},{""term"":""u1^2"",""term_index"":3,""coefficient"":-0.009420861800531368}]]",uncapped,False,3,30,20,,,,"[""Success"",""Unstable""]","[""Success"",""Failure"",""MaxLossEvals""]",95579,95579,0,95579,0,310,71,0.0,0.0,0.0,0.0,0.0,0.0,,,0,1,3,0,0,0,3,0.0,0.0,0.0
163_evogrow_v2_2_stage_capped_14_2_42,paper1_phaseC_v1,C,,campaign_cell,,14,Budworm outbreak model with predation,1,surrogate,,evogrow_v2_2_stage_capped,evogrow_v2_2_stage_capped,42,finished,finished,True,,,2026-09-25T09:42:25.128Z,1.4164843967926666e-05,,,,,pruned_support_terms_exact_match,4,,,1957295,,604.227956667,False,True,False,163,2,0c9672de35c75a9d,221a3a7,False,0.999999948529374,[0.9999999485293739],330,520,1957295,ffb0266c7913352c,staged_polynomial_basis_with_constant,"[[""1"",""u1"",""u1^2""]]","[[""1"",""u1"",""u1^2""]]","[[{""term"":""1"",""term_index"":1,""coefficient"":-0.22276283875573744},{""term"":""u1"",""term_index"":2,""coefficient"":0.7644313128512705},{""term"":""u1^2"",""term_index"":3,""coefficient"":-0.009531102356140426}]]",capped,False,3,30,16,,[4],[4],"[""Success"",""Unstable""]","[""Failure"",""Success"",""MaxLossEvals""]",45537,45537,0,45537,0,206,72,0.0,0.0,0.0,0.0,0.0,0.0,,,0,1,3,0,0,0,3,0.0,0.0,0.0
164_evogrow_v2_2_stage_local_14_2_42,paper1_phaseC_v1,C,,campaign_cell,,14,Budworm outbreak model with predation,1,surrogate,,evogrow_v2_2_stage_local,evogrow_v2_2_stage_local,42,finished,finished,True,,,2026-09-25T09:43:44.094Z,1.4164843967926666e-05,,,,,pruned_support_terms_exact_match,5,,,2208801,,749.176144608,False,True,False,164,2,0c9672de35c75a9d,221a3a7,False,0.999999948529374,[0.9999999485293739],410,661,2208801,ffb0266c7913352c,staged_polynomial_basis_with_constant,"[[""1"",""u1"",""u1^2""]]","[[""1"",""u1"",""u1^2""]]","[[{""term"":""1"",""term_index"":1,""coefficient"":-0.22276283875573744},{""term"":""u1"",""term_index"":2,""coefficient"":0.7644313128512705},{""term"":""u1^2"",""term_index"":3,""coefficient"":-0.009531102356140426}]]",uncapped,False,3,30,20,,,,"[""Success"",""Unstable""]","[""Failure"",""Success"",""MaxLossEvals""]",66741,66741,0,66741,0,260,73,0.0,0.0,0.0,0.0,0.0,0.0,,,0,1,3,0,0,0,3,0.0,0.0,0.0
165_evogrow_v2_2_stage_capped_14_2_123,paper1_phaseC_v1,C,,campaign_cell,,14,Budworm outbreak model with predation,1,surrogate,,evogrow_v2_2_stage_capped,evogrow_v2_2_stage_capped,123,finished,finished,True,,,2026-09-25T09:43:39.964Z,1.4452124491336476e-05,,,,,pruned_support_terms_exact_match,4,,,1920584,,590.570145982,False,True,False,165,2,0c9672de35c75a9d,221a3a7,False,0.9999999474854862,[0.9999999474854862],330,500,1920584,ffb0266c7913352c,staged_polynomial_basis_with_constant,"[[""1"",""u1"",""u1^2""]]","[[""1"",""u1"",""u1^2""]]","[[{""term"":""1"",""term_index"":1,""coefficient"":-0.22833917231422912},{""term"":""u1"",""term_index"":2,""coefficient"":0.7646545926607233},{""term"":""u1^2"",""term_index"":3,""coefficient"":-0.009533069328881632}]]",capped,False,3,30,16,,[4],[4],"[""Success"",""Unstable"",""MaxIters""]","[""Failure"",""Success"",""MaxLossEvals""]",42777,42778,0,42777,1,216,70,0.0,0.0,0.0,0.0,0.0,0.0,,,0,1,3,0,0,0,3,0.0,0.0,0.0
166_evogrow_v2_2_stage_local_14_2_123,paper1_phaseC_v1,C,,campaign_cell,,14,Budworm outbreak model with predation,1,surrogate,,evogrow_v2_2_stage_local,evogrow_v2_2_stage_local,123,finished,finished,True,,,2026-09-25T09:43:42.800Z,1.4452124491336476e-05,,,,,pruned_support_terms_exact_match,5,,,2180628,,607.342865397,False,True,False,166,2,0c9672de35c75a9d,221a3a7,False,0.9999999474854862,[0.9999999474854862],410,646,2180628,ffb0266c7913352c,staged_polynomial_basis_with_constant,"[[""1"",""u1"",""u1^2""]]","[[""1"",""u1"",""u1^2""]]","[[{""term"":""1"",""term_index"":1,""coefficient"":-0.22833917231422912},{""term"":""u1"",""term_index"":2,""coefficient"":0.7646545926607233},{""term"":""u1^2"",""term_index"":3,""coefficient"":-0.009533069328881632}]]",uncapped,False,3,30,20,,,,"[""Success"",""Unstable"",""MaxIters""]","[""Failure"",""Success"",""MaxLossEvals""]",60650,60651,0,60650,1,272,72,0.0,0.0,0.0,0.0,0.0,0.0,,,0,1,3,0,0,0,3,0.0,0.0,0.0
167_evogrow_v2_2_stage_capped_14_2_7,paper1_phaseC_v1,C,,campaign_cell,,14,Budworm outbreak model with predation,1,surrogate,,evogrow_v2_2_stage_capped,evogrow_v2_2_stage_capped,7,finished,finished,True,,,2026-09-25T09:45:45.208Z,1.4216954675486336e-05,,,,,pruned_support_terms_exact_match,4,,,2100601,,683.041277475,False,True,False,167,2,0c9672de35c75a9d,221a3a7,False,0.99999994834002,[0.9999999483400199],330,501,2100601,ffb0266c7913352c,staged_polynomial_basis_with_constant,"[[""1"",""u1"",""u1^2""]]","[[""1"",""u1"",""u1^2""]]","[[{""term"":""1"",""term_index"":1,""coefficient"":-0.22485155580393157},{""term"":""u1"",""term_index"":2,""coefficient"":0.7645129541710254},{""term"":""u1^2"",""term_index"":3,""coefficient"":-0.009531823619222385}]]",capped,False,3,30,16,,[4],[4],"[""Success"",""Unstable"",""MaxIters""]","[""Success"",""Failure"",""MaxLossEvals""]",40774,40780,0,40774,6,224,74,0.0,0.0,0.0,0.0,0.0,0.0,,,0,1,3,0,0,0,3,0.0,0.0,0.0
168_evogrow_v2_2_stage_local_14_2_7,paper1_phaseC_v1,C,,campaign_cell,,14,Budworm outbreak model with predation,1,surrogate,,evogrow_v2_2_stage_local,evogrow_v2_2_stage_local,7,finished,finished,True,,,2026-09-25T09:53:35.218Z,1.4216954675486336e-05,,,,,pruned_support_terms_exact_match,5,,,2349415,,753.512673196,False,True,False,168,2,0c9672de35c75a9d,221a3a7,False,0.99999994834002,[0.9999999483400199],410,632,2349415,ffb0266c7913352c,staged_polynomial_basis_with_constant,"[[""1"",""u1"",""u1^2""]]","[[""1"",""u1"",""u1^2""]]","[[{""term"":""1"",""term_index"":1,""coefficient"":-0.22485155580393157},{""term"":""u1"",""term_index"":2,""coefficient"":0.7645129541710254},{""term"":""u1^2"",""term_index"":3,""coefficient"":-0.009531823619222385}]]",uncapped,False,3,30,20,,,,"[""Success"",""Unstable"",""MaxIters""]","[""Success"",""Failure"",""MaxLossEvals""]",61864,61870,0,61864,6,280,75,0.0,0.0,0.0,0.0,0.0,0.0,,,0,1,3,0,0,0,3,0.0,0.0,0.0
169_evogrow_v2_2_stage_capped_15_1_42,paper1_phaseC_v1,C,,campaign_cell,,15,Budworm outbreak with predation (dimensionless),1,surrogate,,evogrow_v2_2_stage_capped,evogrow_v2_2_stage_capped,42,finished,finished,True,,,2026-09-25T09:53:36.305Z,7.505134598217931e-07,,,,,pruned_support_terms_exact_match,5,,,3243226,,785.379568157,False,True,False,169,1,0c9672de35c75a9d,221a3a7,False,0.9999999959242049,[0.9999999959242049],410,640,3243226,ffb0266c7913352c,staged_polynomial_basis_with_constant,"[[""1"",""u1"",""u1^2""]]","[[""1"",""u1"",""u1^2""]]","[[{""term"":""1"",""term_index"":1,""coefficient"":-1.0155963671219865},{""term"":""u1"",""term_index"":2,""coefficient"":0.4005042812534524},{""term"":""u1^2"",""term_index"":3,""coefficient"":-0.004214348783959073}]]",capped,False,3,30,20,,[5],[null],"[""Success"",""Unstable""]","[""Failure"",""Success"",""MaxLossEvals""]",48962,48962,0,48962,0,270,126,0.0,0.0,0.0,0.0,0.0,0.0,,,0,1,3,0,0,0,3,0.0,0.0,0.0
170_evogrow_v2_2_stage_local_15_1_42,paper1_phaseC_v1,C,,campaign_cell,,15,Budworm outbreak with predation (dimensionless),1,surrogate,,evogrow_v2_2_stage_local,evogrow_v2_2_stage_local,42,finished,finished,True,,,2026-09-25T09:54:26.901Z,7.505134598217931e-07,,,,,pruned_support_terms_exact_match,5,,,3243226,,866.27845259,False,True,False,170,1,0c9672de35c75a9d,221a3a7,False,0.9999999959242049,[0.9999999959242049],410,640,3243226,ffb0266c7913352c,staged_polynomial_basis_with_constant,"[[""1"",""u1"",""u1^2""]]","[[""1"",""u1"",""u1^2""]]","[[{""term"":""1"",""term_index"":1,""coefficient"":-1.0155963671219865},{""term"":""u1"",""term_index"":2,""coefficient"":0.4005042812534524},{""term"":""u1^2"",""term_index"":3,""coefficient"":-0.004214348783959073}]]",uncapped,False,3,30,20,,,,"[""Success"",""Unstable""]","[""Failure"",""Success"",""MaxLossEvals""]",48962,48962,0,48962,0,270,126,0.0,0.0,0.0,0.0,0.0,0.0,,,0,1,3,0,0,0,3,0.0,0.0,0.0
171_evogrow_v2_2_stage_capped_15_1_123,paper1_phaseC_v1,C,,campaign_cell,,15,Budworm outbreak with predation (dimensionless),1,surrogate,,evogrow_v2_2_stage_capped,evogrow_v2_2_stage_capped,123,finished,finished,True,,,2026-09-25T09:54:20.125Z,9.873578688734736e-07,,,,,pruned_support_terms_exact_match,5,,,2967801,,780.385843396,False,True,False,171,1,0c9672de35c75a9d,221a3a7,False,0.9999999946379796,[0.9999999946379796],410,646,2967801,ffb0266c7913352c,staged_polynomial_basis_with_constant,"[[""1"",""u1"",""u1^2""]]","[[""1"",""u1"",""u1^2""]]","[[{""term"":""1"",""term_index"":1,""coefficient"":-1.0205911928429956},{""term"":""u1"",""term_index"":2,""coefficient"":0.4006490218734183},{""term"":""u1^2"",""term_index"":3,""coefficient"":-0.00421538080532406}]]",capped,False,3,30,20,,[5],[null],"[""Success"",""Unstable"",""MaxIters""]","[""Failure"",""Success"",""MaxLossEvals""]",51049,51061,0,51049,12,262,113,0.0,0.0,0.0,0.0,0.0,0.0,,,0,1,3,0,0,0,3,0.0,0.0,0.0
172_evogrow_v2_2_stage_local_15_1_123,paper1_phaseC_v1,C,,campaign_cell,,15,Budworm outbreak with predation (dimensionless),1,surrogate,,evogrow_v2_2_stage_local,evogrow_v2_2_stage_local,123,finished,finished,True,,,2026-09-25T09:54:28.762Z,9.873578688734736e-07,,,,,pruned_support_terms_exact_match,5,,,2967801,,774.04635814,False,True,False,172,1,0c9672de35c75a9d,221a3a7,False,0.9999999946379796,[0.9999999946379796],410,646,2967801,ffb0266c7913352c,staged_polynomial_basis_with_constant,"[[""1"",""u1"",""u1^2""]]","[[""1"",""u1"",""u1^2""]]","[[{""term"":""1"",""term_index"":1,""coefficient"":-1.0205911928429956},{""term"":""u1"",""term_index"":2,""coefficient"":0.4006490218734183},{""term"":""u1^2"",""term_index"":3,""coefficient"":-0.00421538080532406}]]",uncapped,False,3,30,20,,,,"[""Success"",""Unstable"",""MaxIters""]","[""Failure"",""Success"",""MaxLossEvals""]",51049,51061,0,51049,12,262,113,0.0,0.0,0.0,0.0,0.0,0.0,,,0,1,3,0,0,0,3,0.0,0.0,0.0
173_evogrow_v2_2_stage_capped_15_1_7,paper1_phaseC_v1,C,,campaign_cell,,15,Budworm outbreak with predation (dimensionless),1,surrogate,,evogrow_v2_2_stage_capped,evogrow_v2_2_stage_capped,7,finished,finished,True,,,2026-09-25T09:54:55.909Z,1.4355195289044214e-07,,,,,pruned_support_terms_exact_match,5,,,3499165,,935.900923778,False,True,False,173,1,0c9672de35c75a9d,221a3a7,False,0.999999999220416,[0.9999999992204159],410,636,3499165,ffb0266c7913352c,staged_polynomial_basis_with_constant,"[[""1"",""u1"",""u1^2""]]","[[""1"",""u1"",""u1^2""]]","[[{""term"":""1"",""term_index"":1,""coefficient"":-1.0066444823028364},{""term"":""u1"",""term_index"":2,""coefficient"":0.4002156861308508},{""term"":""u1^2"",""term_index"":3,""coefficient"":-0.004212158796118168}]]",capped,False,3,30,20,,[5],[null],"[""Success"",""Unstable""]","[""Success"",""Failure"",""MaxLossEvals""]",51191,51191,0,51191,0,269,135,0.0,0.0,0.0,0.0,0.0,0.0,,,0,1,3,0,0,0,3,0.0,0.0,0.0
174_evogrow_v2_2_stage_local_15_1_7,paper1_phaseC_v1,C,,campaign_cell,,15,Budworm outbreak with predation (dimensionless),1,surrogate,,evogrow_v2_2_stage_local,evogrow_v2_2_stage_local,7,finished,finished,True,,,2026-09-25T09:55:54.413Z,1.4355195289044214e-07,,,,,pruned_support_terms_exact_match,5,,,3499165,,749.124044169,False,True,False,174,1,0c9672de35c75a9d,221a3a7,False,0.999999999220416,[0.9999999992204159],410,636,3499165,ffb0266c7913352c,staged_polynomial_basis_with_constant,"[[""1"",""u1"",""u1^2""]]","[[""1"",""u1"",""u1^2""]]","[[{""term"":""1"",""term_index"":1,""coefficient"":-1.0066444823028364},{""term"":""u1"",""term_index"":2,""coefficient"":0.4002156861308508},{""term"":""u1^2"",""term_index"":3,""coefficient"":-0.004212158796118168}]]",uncapped,False,3,30,20,,,,"[""Success"",""Unstable""]","[""Success"",""Failure"",""MaxLossEvals""]",51191,51191,0,51191,0,269,135,0.0,0.0,0.0,0.0,0.0,0.0,,,0,1,3,0,0,0,3,0.0,0.0,0.0
175_evogrow_v2_2_stage_capped_15_2_42,paper1_phaseC_v1,C,,campaign_cell,,15,Budworm outbreak with predation (dimensionless),1,surrogate,,evogrow_v2_2_stage_capped,evogrow_v2_2_stage_capped,42,finished,finished,True,,,2026-09-25T09:57:39.503Z,3.5381214716977975e-05,,,,,pruned_support_terms_exact_match,5,,,3385212,,778.304674944,False,True,False,175,2,0c9672de35c75a9d,221a3a7,False,0.9999997769387664,[0.9999997769387663],410,603,3385212,ffb0266c7913352c,staged_polynomial_basis_with_constant,"[[""1"",""u1"",""u1^2""]]","[[""1"",""u1"",""u1^2""]]","[[{""term"":""1"",""term_index"":1,""coefficient"":-0.947468774351147},{""term"":""u1"",""term_index"":2,""coefficient"":0.3956235337361002},{""term"":""u1^2"",""term_index"":3,""coefficient"":-0.004127871946260216}]]",capped,False,3,30,20,,[5],[null],"[""Success"",""Unstable""]","[""Success"",""Failure"",""MaxLossEvals""]",57029,57029,0,57029,0,345,103,0.0,0.0,0.0,0.0,0.0,0.0,,,0,1,3,0,0,0,3,0.0,0.0,0.0
176_evogrow_v2_2_stage_local_15_2_42,paper1_phaseC_v1,C,,campaign_cell,,15,Budworm outbreak with predation (dimensionless),1,surrogate,,evogrow_v2_2_stage_local,evogrow_v2_2_stage_local,42,finished,finished,True,,,2026-09-25T09:58:18.294Z,3.5381214716977975e-05,,,,,pruned_support_terms_exact_match,5,,,3385212,,733.568403454,False,True,False,176,2,0c9672de35c75a9d,221a3a7,False,0.9999997769387664,[0.9999997769387663],410,603,3385212,ffb0266c7913352c,staged_polynomial_basis_with_constant,"[[""1"",""u1"",""u1^2""]]","[[""1"",""u1"",""u1^2""]]","[[{""term"":""1"",""term_index"":1,""coefficient"":-0.947468774351147},{""term"":""u1"",""term_index"":2,""coefficient"":0.3956235337361002},{""term"":""u1^2"",""term_index"":3,""coefficient"":-0.004127871946260216}]]",uncapped,False,3,30,20,,,,"[""Success"",""Unstable""]","[""Success"",""Failure"",""MaxLossEvals""]",57029,57029,0,57029,0,345,103,0.0,0.0,0.0,0.0,0.0,0.0,,,0,1,3,0,0,0,3,0.0,0.0,0.0
177_evogrow_v2_2_stage_capped_15_2_123,paper1_phaseC_v1,C,,campaign_cell,,15,Budworm outbreak with predation (dimensionless),1,surrogate,,evogrow_v2_2_stage_capped,evogrow_v2_2_stage_capped,123,finished,finished,True,,,2026-09-25T10:00:02.468Z,3.538015250768836e-05,,,,,pruned_support_terms_exact_match,5,,,3465319,,813.464359228,False,True,False,177,2,0c9672de35c75a9d,221a3a7,False,0.999999776945463,[0.999999776945463],410,602,3465319,ffb0266c7913352c,staged_polynomial_basis_with_constant,"[[""1"",""u1"",""u1^2""]]","[[""1"",""u1"",""u1^2""]]","[[{""term"":""1"",""term_index"":1,""coefficient"":-0.9473946869287861},{""term"":""u1"",""term_index"":2,""coefficient"":0.3956133634148734},{""term"":""u1^2"",""term_index"":3,""coefficient"":-0.00412768574803831}]]",capped,False,3,30,20,,[5],[null],"[""Success"",""Unstable""]","[""Success"",""Failure"",""MaxLossEvals""]",59558,59558,0,59558,0,343,117,0.0,0.0,0.0,0.0,0.0,0.0,,,0,1,3,0,0,0,3,0.0,0.0,0.0
178_evogrow_v2_2_stage_local_15_2_123,paper1_phaseC_v1,C,,campaign_cell,,15,Budworm outbreak with predation (dimensionless),1,surrogate,,evogrow_v2_2_stage_local,evogrow_v2_2_stage_local,123,finished,finished,True,,,2026-09-25T10:00:37.627Z,3.538015250768836e-05,,,,,pruned_support_terms_exact_match,5,,,3465319,,861.775141972,False,True,False,178,2,0c9672de35c75a9d,221a3a7,False,0.999999776945463,[0.999999776945463],410,602,3465319,ffb0266c7913352c,staged_polynomial_basis_with_constant,"[[""1"",""u1"",""u1^2""]]","[[""1"",""u1"",""u1^2""]]","[[{""term"":""1"",""term_index"":1,""coefficient"":-0.9473946869287861},{""term"":""u1"",""term_index"":2,""coefficient"":0.3956133634148734},{""term"":""u1^2"",""term_index"":3,""coefficient"":-0.00412768574803831}]]",uncapped,False,3,30,20,,,,"[""Success"",""Unstable""]","[""Success"",""Failure"",""MaxLossEvals""]",59558,59558,0,59558,0,343,117,0.0,0.0,0.0,0.0,0.0,0.0,,,0,1,3,0,0,0,3,0.0,0.0,0.0
179_evogrow_v2_2_stage_capped_15_2_7,paper1_phaseC_v1,C,,campaign_cell,,15,Budworm outbreak with predation (dimensionless),1,surrogate,,evogrow_v2_2_stage_capped,evogrow_v2_2_stage_capped,7,finished,finished,True,,,2026-09-25T10:07:23.354Z,3.537550739301523e-05,,,,,pruned_support_terms_exact_match,5,,,3287496,,713.461548441,False,True,False,179,2,0c9672de35c75a9d,221a3a7,False,0.9999997769747482,[0.9999997769747482],410,596,3287496,ffb0266c7913352c,staged_polynomial_basis_with_constant,"[[""1"",""u1"",""u1^2""]]","[[""1"",""u1"",""u1^2""]]","[[{""term"":""1"",""term_index"":1,""coefficient"":-0.9473594011618411},{""term"":""u1"",""term_index"":2,""coefficient"":0.3956052082549093},{""term"":""u1^2"",""term_index"":3,""coefficient"":-0.004127407290230856}]]",capped,False,3,30,20,,[5],[null],"[""Success"",""Unstable""]","[""Success"",""Failure"",""MaxLossEvals""]",60788,60788,0,60788,0,352,102,0.0,0.0,0.0,0.0,0.0,0.0,,,0,1,3,0,0,0,3,0.0,0.0,0.0
180_evogrow_v2_2_stage_local_15_2_7,paper1_phaseC_v1,C,,campaign_cell,,15,Budworm outbreak with predation (dimensionless),1,surrogate,,evogrow_v2_2_stage_local,evogrow_v2_2_stage_local,7,finished,finished,True,,,2026-09-25T10:07:50.007Z,3.537550739301523e-05,,,,,pruned_support_terms_exact_match,5,,,3287496,,849.429669275,False,True,False,180,2,0c9672de35c75a9d,221a3a7,False,0.9999997769747482,[0.9999997769747482],410,596,3287496,ffb0266c7913352c,staged_polynomial_basis_with_constant,"[[""1"",""u1"",""u1^2""]]","[[""1"",""u1"",""u1^2""]]","[[{""term"":""1"",""term_index"":1,""coefficient"":-0.9473594011618411},{""term"":""u1"",""term_index"":2,""coefficient"":0.3956052082549093},{""term"":""u1^2"",""term_index"":3,""coefficient"":-0.004127407290230856}]]",uncapped,False,3,30,20,,,,"[""Success"",""Unstable""]","[""Success"",""Failure"",""MaxLossEvals""]",60788,60788,0,60788,0,352,102,0.0,0.0,0.0,0.0,0.0,0.0,,,0,1,3,0,0,0,3,0.0,0.0,0.0
181_evogrow_v2_2_stage_capped_16_1_42,paper1_phaseC_v1,C,,campaign_cell,,16,Landau equation (typical time scale tau = 1),1,surrogate,,evogrow_v2_2_stage_capped,evogrow_v2_2_stage_capped,42,finished,finished,True,,,2026-09-25T10:08:20.260Z,4.496299244888693e-05,,,,,pruned_support_terms_exact_match,5,,,1721097,,457.348126265,False,True,False,181,1,0c9672de35c75a9d,221a3a7,False,0.999990615254466,[0.9999906152544661],410,498,1721097,ffb0266c7913352c,staged_polynomial_basis_with_constant,"[[""1"",""u1"",""u1^2"",""u1^3"",""cos(u1)""]]","[[""1"",""u1"",""u1^2"",""u1^3"",""cos(u1)""]]","[[{""term"":""1"",""term_index"":1,""coefficient"":-0.7178189332689741},{""term"":""u1"",""term_index"":2,""coefficient"":0.11240134455016251},{""term"":""u1^2"",""term_index"":3,""coefficient"":0.4580127581788768},{""term"":""u1^3"",""term_index"":4,""coefficient"":-0.07266762479402633},{""term"":""cos(u1)"",""term_index"":6,""coefficient"":0.6576425625363596}]]",capped,False,3,30,20,,[5],[5],"[""Success"",""Unstable""]","[""Success"",""Failure"",""MaxLossEvals""]",38856,38856,0,38856,0,360,14,0.0,0.0,0.0,0.0,0.0,0.0,,,0,1,5,0,0,0,5,0.0,0.0,0.0
182_evogrow_v2_2_stage_local_16_1_42,paper1_phaseC_v1,C,,campaign_cell,,16,Landau equation (typical time scale tau = 1),1,surrogate,,evogrow_v2_2_stage_local,evogrow_v2_2_stage_local,42,finished,finished,True,,,2026-09-25T10:08:21.059Z,4.496299244888693e-05,,,,,pruned_support_terms_exact_match,5,,,1721097,,467.301130267,False,True,False,182,1,0c9672de35c75a9d,221a3a7,False,0.999990615254466,[0.9999906152544661],410,498,1721097,ffb0266c7913352c,staged_polynomial_basis_with_constant,"[[""1"",""u1"",""u1^2"",""u1^3"",""cos(u1)""]]","[[""1"",""u1"",""u1^2"",""u1^3"",""cos(u1)""]]","[[{""term"":""1"",""term_index"":1,""coefficient"":-0.7178189332689741},{""term"":""u1"",""term_index"":2,""coefficient"":0.11240134455016251},{""term"":""u1^2"",""term_index"":3,""coefficient"":0.4580127581788768},{""term"":""u1^3"",""term_index"":4,""coefficient"":-0.07266762479402633},{""term"":""cos(u1)"",""term_index"":6,""coefficient"":0.6576425625363596}]]",uncapped,False,3,30,20,,,,"[""Success"",""Unstable""]","[""Success"",""Failure"",""MaxLossEvals""]",38856,38856,0,38856,0,360,14,0.0,0.0,0.0,0.0,0.0,0.0,,,0,1,5,0,0,0,5,0.0,0.0,0.0
183_evogrow_v2_2_stage_capped_16_1_123,paper1_phaseC_v1,C,,campaign_cell,,16,Landau equation (typical time scale tau = 1),1,surrogate,,evogrow_v2_2_stage_capped,evogrow_v2_2_stage_capped,123,finished,finished,True,,,2026-09-25T10:09:21.140Z,4.496780446652464e-05,,,,,pruned_support_terms_exact_match,5,,,1651095,,573.799942068,False,True,False,183,1,0c9672de35c75a9d,221a3a7,False,0.9999906142500944,[0.9999906142500943],410,509,1651095,ffb0266c7913352c,staged_polynomial_basis_with_constant,"[[""1"",""u1"",""u1^2"",""u1^3"",""cos(u1)""]]","[[""1"",""u1"",""u1^2"",""u1^3"",""cos(u1)""]]","[[{""term"":""1"",""term_index"":1,""coefficient"":-0.7212473497476515},{""term"":""u1"",""term_index"":2,""coefficient"":0.1157056879650616},{""term"":""u1^2"",""term_index"":3,""coefficient"":0.45728500221899365},{""term"":""u1^3"",""term_index"":4,""coefficient"":-0.07262650913634305},{""term"":""cos(u1)"",""term_index"":6,""coefficient"":0.658965707436003}]]",capped,False,3,30,20,,[5],[5],"[""Success"",""Unstable""]","[""Failure"",""Success"",""MaxLossEvals""]",44283,44283,0,44283,0,358,10,0.0,0.0,0.0,0.0,0.0,0.0,,,0,1,5,0,0,0,5,0.0,0.0,0.0
184_evogrow_v2_2_stage_local_16_1_123,paper1_phaseC_v1,C,,campaign_cell,,16,Landau equation (typical time scale tau = 1),1,surrogate,,evogrow_v2_2_stage_local,evogrow_v2_2_stage_local,123,finished,finished,True,,,2026-09-25T10:10:07.768Z,4.496780446652464e-05,,,,,pruned_support_terms_exact_match,5,,,1651095,,584.574615742,False,True,False,184,1,0c9672de35c75a9d,221a3a7,False,0.9999906142500944,[0.9999906142500943],410,509,1651095,ffb0266c7913352c,staged_polynomial_basis_with_constant,"[[""1"",""u1"",""u1^2"",""u1^3"",""cos(u1)""]]","[[""1"",""u1"",""u1^2"",""u1^3"",""cos(u1)""]]","[[{""term"":""1"",""term_index"":1,""coefficient"":-0.7212473497476515},{""term"":""u1"",""term_index"":2,""coefficient"":0.1157056879650616},{""term"":""u1^2"",""term_index"":3,""coefficient"":0.45728500221899365},{""term"":""u1^3"",""term_index"":4,""coefficient"":-0.07262650913634305},{""term"":""cos(u1)"",""term_index"":6,""coefficient"":0.658965707436003}]]",uncapped,False,3,30,20,,,,"[""Success"",""Unstable""]","[""Failure"",""Success"",""MaxLossEvals""]",44283,44283,0,44283,0,358,10,0.0,0.0,0.0,0.0,0.0,0.0,,,0,1,5,0,0,0,5,0.0,0.0,0.0
185_evogrow_v2_2_stage_capped_16_1_7,paper1_phaseC_v1,C,,campaign_cell,,16,Landau equation (typical time scale tau = 1),1,surrogate,,evogrow_v2_2_stage_capped,evogrow_v2_2_stage_capped,7,finished,finished,True,,,2026-09-25T10:11:42.211Z,4.496385604257975e-05,,,,,pruned_support_terms_exact_match,5,,,1684893,,618.031020731,False,True,False,185,1,0c9672de35c75a9d,221a3a7,False,0.9999906150742154,[0.9999906150742154],410,505,1684893,ffb0266c7913352c,staged_polynomial_basis_with_constant,"[[""1"",""u1"",""u1^2"",""u1^3"",""cos(u1)""]]","[[""1"",""u1"",""u1^2"",""u1^3"",""cos(u1)""]]","[[{""term"":""1"",""term_index"":1,""coefficient"":-0.7197078396263707},{""term"":""u1"",""term_index"":2,""coefficient"":0.1142209421100675},{""term"":""u1^2"",""term_index"":3,""coefficient"":0.4576124941920264},{""term"":""u1^3"",""term_index"":4,""coefficient"":-0.07264505776086162},{""term"":""cos(u1)"",""term_index"":6,""coefficient"":0.6583721617812974}]]",capped,False,3,30,20,,[5],[5],"[""Success"",""Unstable""]","[""Success"",""Failure"",""MaxLossEvals""]",46747,46747,0,46747,0,357,11,0.0,0.0,0.0,0.0,0.0,0.0,,,0,1,5,0,0,0,5,0.0,0.0,0.0
186_evogrow_v2_2_stage_local_16_1_7,paper1_phaseC_v1,C,,campaign_cell,,16,Landau equation (typical time scale tau = 1),1,surrogate,,evogrow_v2_2_stage_local,evogrow_v2_2_stage_local,7,finished,finished,True,,,2026-09-25T10:11:38.274Z,4.496385604257975e-05,,,,,pruned_support_terms_exact_match,5,,,1684893,,526.734706326,False,True,False,186,1,0c9672de35c75a9d,221a3a7,False,0.9999906150742154,[0.9999906150742154],410,505,1684893,ffb0266c7913352c,staged_polynomial_basis_with_constant,"[[""1"",""u1"",""u1^2"",""u1^3"",""cos(u1)""]]","[[""1"",""u1"",""u1^2"",""u1^3"",""cos(u1)""]]","[[{""term"":""1"",""term_index"":1,""coefficient"":-0.7197078396263707},{""term"":""u1"",""term_index"":2,""coefficient"":0.1142209421100675},{""term"":""u1^2"",""term_index"":3,""coefficient"":0.4576124941920264},{""term"":""u1^3"",""term_index"":4,""coefficient"":-0.07264505776086162},{""term"":""cos(u1)"",""term_index"":6,""coefficient"":0.6583721617812974}]]",uncapped,False,3,30,20,,,,"[""Success"",""Unstable""]","[""Success"",""Failure"",""MaxLossEvals""]",46747,46747,0,46747,0,357,11,0.0,0.0,0.0,0.0,0.0,0.0,,,0,1,5,0,0,0,5,0.0,0.0,0.0
187_evogrow_v2_2_stage_capped_16_2_42,paper1_phaseC_v1,C,,campaign_cell,,16,Landau equation (typical time scale tau = 1),1,surrogate,,evogrow_v2_2_stage_capped,evogrow_v2_2_stage_capped,42,finished,finished,True,,,2026-09-25T10:12:00.514Z,0.0002380786144574,,,,,pruned_support_terms_exact_match,5,,,1696847,,537.663479847,False,True,False,187,2,0c9672de35c75a9d,221a3a7,False,0.9999282029084394,[0.9999282029084394],410,549,1696847,ffb0266c7913352c,staged_polynomial_basis_with_constant,"[[""1"",""u1"",""u1^2"",""u1^3""]]","[[""1"",""u1"",""u1^2"",""u1^3""]]","[[{""term"":""1"",""term_index"":1,""coefficient"":2.8716762884798337},{""term"":""u1"",""term_index"":2,""coefficient"":-3.247923845107247},{""term"":""u1^2"",""term_index"":3,""coefficient"":1.283758062159546},{""term"":""u1^3"",""term_index"":4,""coefficient"":-0.13093450980001567}]]",capped,False,3,30,20,,[5],[5],"[""Success"",""Unstable""]","[""Success"",""Failure"",""MaxLossEvals""]",41468,41468,0,41468,0,331,23,0.0,0.0,0.0,0.0,0.0,0.0,,,0,1,4,0,0,0,4,0.0,0.0,0.0
188_evogrow_v2_2_stage_local_16_2_42,paper1_phaseC_v1,C,,campaign_cell,,16,Landau equation (typical time scale tau = 1),1,surrogate,,evogrow_v2_2_stage_local,evogrow_v2_2_stage_local,42,finished,finished,True,,,2026-09-25T10:14:52.312Z,0.0002380786144574,,,,,pruned_support_terms_exact_match,5,,,1696847,,540.599342662,False,True,False,188,2,0c9672de35c75a9d,221a3a7,False,0.9999282029084394,[0.9999282029084394],410,549,1696847,ffb0266c7913352c,staged_polynomial_basis_with_constant,"[[""1"",""u1"",""u1^2"",""u1^3""]]","[[""1"",""u1"",""u1^2"",""u1^3""]]","[[{""term"":""1"",""term_index"":1,""coefficient"":2.8716762884798337},{""term"":""u1"",""term_index"":2,""coefficient"":-3.247923845107247},{""term"":""u1^2"",""term_index"":3,""coefficient"":1.283758062159546},{""term"":""u1^3"",""term_index"":4,""coefficient"":-0.13093450980001567}]]",uncapped,False,3,30,20,,,,"[""Success"",""Unstable""]","[""Success"",""Failure"",""MaxLossEvals""]",41468,41468,0,41468,0,331,23,0.0,0.0,0.0,0.0,0.0,0.0,,,0,1,4,0,0,0,4,0.0,0.0,0.0
189_evogrow_v2_2_stage_capped_16_2_123,paper1_phaseC_v1,C,,campaign_cell,,16,Landau equation (typical time scale tau = 1),1,surrogate,,evogrow_v2_2_stage_capped,evogrow_v2_2_stage_capped,123,finished,finished,True,,,2026-09-25T10:16:05.986Z,0.0002380785100967,,,,,pruned_support_terms_exact_match,5,,,1689680,,540.06352712,False,True,False,189,2,0c9672de35c75a9d,221a3a7,False,0.9999282029399114,[0.9999282029399114],410,548,1689680,ffb0266c7913352c,staged_polynomial_basis_with_constant,"[[""1"",""u1"",""u1^2"",""u1^3""]]","[[""1"",""u1"",""u1^2"",""u1^3""]]","[[{""term"":""1"",""term_index"":1,""coefficient"":2.8716359072130175},{""term"":""u1"",""term_index"":2,""coefficient"":-3.2478865796286316},{""term"":""u1^2"",""term_index"":3,""coefficient"":1.2837478406304914},{""term"":""u1^3"",""term_index"":4,""coefficient"":-0.13093367012782847}]]",capped,False,3,30,20,,[5],[5],"[""Success"",""Unstable""]","[""Failure"",""Success"",""MaxLossEvals""]",48982,48982,0,48982,0,342,20,0.0,0.0,0.0,0.0,0.0,0.0,,,0,1,4,0,0,0,4,0.0,0.0,0.0
190_evogrow_v2_2_stage_local_16_2_123,paper1_phaseC_v1,C,,campaign_cell,,16,Landau equation (typical time scale tau = 1),1,surrogate,,evogrow_v2_2_stage_local,evogrow_v2_2_stage_local,123,finished,finished,True,,,2026-09-25T10:16:55.330Z,0.0002380785100967,,,,,pruned_support_terms_exact_match,5,,,1689680,,411.305136146,False,True,False,190,2,0c9672de35c75a9d,221a3a7,False,0.9999282029399114,[0.9999282029399114],410,548,1689680,ffb0266c7913352c,staged_polynomial_basis_with_constant,"[[""1"",""u1"",""u1^2"",""u1^3""]]","[[""1"",""u1"",""u1^2"",""u1^3""]]","[[{""term"":""1"",""term_index"":1,""coefficient"":2.8716359072130175},{""term"":""u1"",""term_index"":2,""coefficient"":-3.2478865796286316},{""term"":""u1^2"",""term_index"":3,""coefficient"":1.2837478406304914},{""term"":""u1^3"",""term_index"":4,""coefficient"":-0.13093367012782847}]]",uncapped,False,3,30,20,,,,"[""Success"",""Unstable""]","[""Failure"",""Success"",""MaxLossEvals""]",48982,48982,0,48982,0,342,20,0.0,0.0,0.0,0.0,0.0,0.0,,,0,1,4,0,0,0,4,0.0,0.0,0.0
191_evogrow_v2_2_stage_capped_16_2_7,paper1_phaseC_v1,C,,campaign_cell,,16,Landau equation (typical time scale tau = 1),1,surrogate,,evogrow_v2_2_stage_capped,evogrow_v2_2_stage_capped,7,finished,finished,True,,,2026-09-25T10:17:06.126Z,0.0002380786887633,,,,,pruned_support_terms_exact_match,5,,,1775261,,436.8661509,False,True,False,191,2,0c9672de35c75a9d,221a3a7,False,0.9999282028860312,[0.9999282028860311],410,550,1775261,ffb0266c7913352c,staged_polynomial_basis_with_constant,"[[""1"",""u1"",""u1^2"",""u1^3""]]","[[""1"",""u1"",""u1^2"",""u1^3""]]","[[{""term"":""1"",""term_index"":1,""coefficient"":2.8717049451713144},{""term"":""u1"",""term_index"":2,""coefficient"":-3.2479502300315586},{""term"":""u1^2"",""term_index"":3,""coefficient"":1.2837652806034736},{""term"":""u1^3"",""term_index"":4,""coefficient"":-0.13093510165287206}]]",capped,False,3,30,20,,[5],[5],"[""Success"",""Unstable""]","[""Success"",""Failure"",""MaxLossEvals""]",37206,37206,0,37206,0,351,20,0.0,0.0,0.0,0.0,0.0,0.0,,,0,1,4,0,0,0,4,0.0,0.0,0.0
192_evogrow_v2_2_stage_local_16_2_7,paper1_phaseC_v1,C,,campaign_cell,,16,Landau equation (typical time scale tau = 1),1,surrogate,,evogrow_v2_2_stage_local,evogrow_v2_2_stage_local,7,finished,finished,True,,,2026-09-25T10:19:52.363Z,0.0002380786887633,,,,,pruned_support_terms_exact_match,5,,,1775261,,416.116276901,False,True,False,192,2,0c9672de35c75a9d,221a3a7,False,0.9999282028860312,[0.9999282028860311],410,550,1775261,ffb0266c7913352c,staged_polynomial_basis_with_constant,"[[""1"",""u1"",""u1^2"",""u1^3""]]","[[""1"",""u1"",""u1^2"",""u1^3""]]","[[{""term"":""1"",""term_index"":1,""coefficient"":2.8717049451713144},{""term"":""u1"",""term_index"":2,""coefficient"":-3.2479502300315586},{""term"":""u1^2"",""term_index"":3,""coefficient"":1.2837652806034736},{""term"":""u1^3"",""term_index"":4,""coefficient"":-0.13093510165287206}]]",uncapped,False,3,30,20,,,,"[""Success"",""Unstable""]","[""Success"",""Failure"",""MaxLossEvals""]",37206,37206,0,37206,0,351,20,0.0,0.0,0.0,0.0,0.0,0.0,,,0,1,4,0,0,0,4,0.0,0.0,0.0
193_evogrow_v2_2_stage_capped_17_1_42,paper1_phaseC_v1,C,,campaign_cell,,17,Logistic equation with harvesting/fishing,1,exact,2.0,evogrow_v2_2_stage_capped,evogrow_v2_2_stage_capped,42,finished,finished,True,,,2026-09-25T10:20:29.622Z,7.50150112134431e-08,,True,True,True,pruned_support_terms_exact_match,2,0.0,0.0,979833,,189.948344835,False,True,False,193,1,0c9672de35c75a9d,221a3a7,False,0.9999999998670892,[0.9999999998670893],170,228,979833,ffb0266c7913352c,staged_polynomial_basis_with_constant,"[[""1"",""u1"",""u1^2""]]","[[""1"",""u1"",""u1^2""]]","[[{""term"":""1"",""term_index"":1,""coefficient"":-0.3004475792938289},{""term"":""u1"",""term_index"":2,""coefficient"":0.4000289497812613},{""term"":""u1^2"",""term_index"":3,""coefficient"":-0.0040003414479006585}]]",capped,False,3,30,8,[0],[2],[2],"[""Success"",""Unstable""]","[""Failure"",""Success"",""MaxLossEvals""]",10209,10209,0,10209,0,137,32,1.0,1.0,1.0,1.0,1.0,1.0,0.0005498891359158,0.0014919309794297,3,1,3,3,3,0,0,1.0,1.0,1.0
194_evogrow_v2_2_stage_local_17_1_42,paper1_phaseC_v1,C,,campaign_cell,,17,Logistic equation with harvesting/fishing,1,exact,2.0,evogrow_v2_2_stage_local,evogrow_v2_2_stage_local,42,finished,finished,True,,,2026-09-25T10:20:34.806Z,7.50150112134431e-08,,True,True,True,pruned_support_terms_exact_match,5,3.0,12.0,3378791,,878.537775659,False,True,False,194,1,0c9672de35c75a9d,221a3a7,False,0.9999999998670892,[0.9999999998670893],410,622,3378791,ffb0266c7913352c,staged_polynomial_basis_with_constant,"[[""1"",""u1"",""u1^2""]]","[[""1"",""u1"",""u1^2""]]","[[{""term"":""1"",""term_index"":1,""coefficient"":-0.3004475792938289},{""term"":""u1"",""term_index"":2,""coefficient"":0.4000289497812613},{""term"":""u1^2"",""term_index"":3,""coefficient"":-0.0040003414479006585}]]",uncapped,False,3,30,20,,,,"[""Success"",""Unstable"",""MaxIters""]","[""Failure"",""Success"",""MaxLossEvals""]",68683,68695,0,68683,12,323,133,1.0,1.0,1.0,1.0,1.0,1.0,0.0005498891359158,0.0014919309794297,3,1,3,3,3,0,0,1.0,1.0,1.0
195_evogrow_v2_2_stage_capped_17_1_123,paper1_phaseC_v1,C,,campaign_cell,,17,Logistic equation with harvesting/fishing,1,exact,2.0,evogrow_v2_2_stage_capped,evogrow_v2_2_stage_capped,123,finished,finished,True,,,2026-09-25T10:20:59.010Z,3.8058583691369913e-07,,True,True,True,pruned_support_terms_exact_match,2,0.0,0.0,1062634,,193.908703303,False,True,False,195,1,0c9672de35c75a9d,221a3a7,False,0.9999999993256828,[0.9999999993256828],170,221,1062634,ffb0266c7913352c,staged_polynomial_basis_with_constant,"[[""1"",""u1"",""u1^2""]]","[[""1"",""u1"",""u1^2""]]","[[{""term"":""1"",""term_index"":1,""coefficient"":-0.30059606323409555},{""term"":""u1"",""term_index"":2,""coefficient"":0.40002760070389437},{""term"":""u1^2"",""term_index"":3,""coefficient"":-0.004000303514558922}]]",capped,False,3,30,8,[0],[2],[2],"[""Success"",""Unstable""]","[""Failure"",""Success"",""MaxLossEvals""]",10803,10803,0,10803,0,140,36,1.0,1.0,1.0,1.0,1.0,1.0,0.0007105859488171,0.0019868774469851,3,1,3,3,3,0,0,1.0,1.0,1.0
196_evogrow_v2_2_stage_local_17_1_123,paper1_phaseC_v1,C,,campaign_cell,,17,Logistic equation with harvesting/fishing,1,exact,2.0,evogrow_v2_2_stage_local,evogrow_v2_2_stage_local,123,finished,finished,True,,,2026-09-25T10:21:36.834Z,3.8058583691369913e-07,,True,True,True,pruned_support_terms_exact_match,5,3.0,12.0,3464944,,832.886893092,False,True,False,196,1,0c9672de35c75a9d,221a3a7,False,0.9999999993256828,[0.9999999993256828],410,635,3464944,ffb0266c7913352c,staged_polynomial_basis_with_constant,"[[""1"",""u1"",""u1^2""]]","[[""1"",""u1"",""u1^2""]]","[[{""term"":""1"",""term_index"":1,""coefficient"":-0.30059606323409555},{""term"":""u1"",""term_index"":2,""coefficient"":0.40002760070389437},{""term"":""u1^2"",""term_index"":3,""coefficient"":-0.004000303514558922}]]",uncapped,False,3,30,20,,,,"[""Success"",""Unstable""]","[""Failure"",""Success"",""MaxLossEvals""]",74152,74152,0,74152,0,320,136,1.0,1.0,1.0,1.0,1.0,1.0,0.0007105859488171,0.0019868774469851,3,1,3,3,3,0,0,1.0,1.0,1.0
197_evogrow_v2_2_stage_capped_17_1_7,paper1_phaseC_v1,C,,campaign_cell,,17,Logistic equation with harvesting/fishing,1,exact,2.0,evogrow_v2_2_stage_capped,evogrow_v2_2_stage_capped,7,finished,finished,True,,,2026-09-25T10:22:04.633Z,5.527404894599155e-07,,True,True,True,pruned_support_terms_exact_match,2,0.0,0.0,1242282,,219.353161063,False,True,False,197,1,0c9672de35c75a9d,221a3a7,False,0.9999999990206614,[0.9999999990206614],170,223,1242282,ffb0266c7913352c,staged_polynomial_basis_with_constant,"[[""1"",""u1"",""u1^2""]]","[[""1"",""u1"",""u1^2""]]","[[{""term"":""1"",""term_index"":1,""coefficient"":-0.30233004780088396},{""term"":""u1"",""term_index"":2,""coefficient"":0.4001296236678113},{""term"":""u1^2"",""term_index"":3,""coefficient"":-0.004001393993664757}]]",capped,False,3,30,8,[0],[2],[2],"[""Success"",""Unstable""]","[""Success"",""Failure"",""MaxLossEvals""]",10346,10346,0,10346,0,142,44,1.0,1.0,1.0,1.0,1.0,1.0,0.0028131278628879,0.0077668260029465,3,1,3,3,3,0,0,1.0,1.0,1.0
198_evogrow_v2_2_stage_local_17_1_7,paper1_phaseC_v1,C,,campaign_cell,,17,Logistic equation with harvesting/fishing,1,exact,2.0,evogrow_v2_2_stage_local,evogrow_v2_2_stage_local,7,finished,finished,True,,,2026-09-25T10:23:19.897Z,2.246215170403003e-07,,True,True,True,pruned_support_terms_exact_match,5,3.0,12.0,3494444,,876.181293239,False,True,False,198,1,0c9672de35c75a9d,221a3a7,False,0.9999999996020184,[0.9999999996020185],410,632,3494444,ffb0266c7913352c,staged_polynomial_basis_with_constant,"[[""1"",""u1"",""u1^2""]]","[[""1"",""u1"",""u1^2""]]","[[{""term"":""1"",""term_index"":1,""coefficient"":-0.30144498788111984},{""term"":""u1"",""term_index"":2,""coefficient"":0.40007823337746595},{""term"":""u1^2"",""term_index"":3,""coefficient"":-0.004000801250018305}]]",uncapped,False,3,30,20,,,,"[""Success"",""Unstable""]","[""Success"",""Failure"",""MaxLossEvals""]",84619,84619,0,84619,0,318,134,1.0,1.0,1.0,1.0,1.0,1.0,0.0017375074062134,0.0048166262703995,3,1,3,3,3,0,0,1.0,1.0,1.0
199_evogrow_v2_2_stage_capped_17_2_42,paper1_phaseC_v1,C,,campaign_cell,,17,Logistic equation with harvesting/fishing,1,exact,2.0,evogrow_v2_2_stage_capped,evogrow_v2_2_stage_capped,42,finished,finished,True,,,2026-09-25T10:23:06.561Z,4.929455701926746e-07,,True,True,True,pruned_support_terms_exact_match,2,0.0,0.0,958722,,200.218918252,False,True,False,199,2,0c9672de35c75a9d,221a3a7,False,0.9999999986037442,[0.9999999986037442],170,228,958722,ffb0266c7913352c,staged_polynomial_basis_with_constant,"[[""1"",""u1"",""u1^2""]]","[[""1"",""u1"",""u1^2""]]","[[{""term"":""1"",""term_index"":1,""coefficient"":-0.30553929658049017},{""term"":""u1"",""term_index"":2,""coefficient"":0.40017882526785215},{""term"":""u1^2"",""term_index"":3,""coefficient"":-0.004001371092330751}]]",capped,False,3,30,8,[0],[2],[2],"[""Success"",""Unstable""]","[""Failure"",""Success"",""MaxLossEvals""]",10004,10004,0,10004,0,89,38,1.0,1.0,1.0,1.0,1.0,1.0,0.006418052729095,0.0184643219349672,3,1,3,3,3,0,0,1.0,1.0,1.0
200_evogrow_v2_2_stage_local_17_2_42,paper1_phaseC_v1,C,,campaign_cell,,17,Logistic equation with harvesting/fishing,1,exact,2.0,evogrow_v2_2_stage_local,evogrow_v2_2_stage_local,42,finished,finished,True,,,2026-09-25T10:24:47.784Z,4.929455701926746e-07,,True,True,True,pruned_support_terms_exact_match,5,3.0,12.0,3247841,,828.63713426,False,True,False,200,2,0c9672de35c75a9d,221a3a7,False,0.9999999986037442,[0.9999999986037442],410,661,3247841,ffb0266c7913352c,staged_polynomial_basis_with_constant,"[[""1"",""u1"",""u1^2""]]","[[""1"",""u1"",""u1^2""]]","[[{""term"":""1"",""term_index"":1,""coefficient"":-0.30553929658049017},{""term"":""u1"",""term_index"":2,""coefficient"":0.40017882526785215},{""term"":""u1^2"",""term_index"":3,""coefficient"":-0.004001371092330751}]]",uncapped,False,3,30,20,,,,"[""Success"",""Unstable""]","[""Failure"",""Success"",""MaxLossEvals""]",64375,64375,0,64375,0,269,130,1.0,1.0,1.0,1.0,1.0,1.0,0.006418052729095,0.0184643219349672,3,1,3,3,3,0,0,1.0,1.0,1.0
201_evogrow_v2_2_stage_capped_17_2_123,paper1_phaseC_v1,C,,campaign_cell,,17,Logistic equation with harvesting/fishing,1,exact,2.0,evogrow_v2_2_stage_capped,evogrow_v2_2_stage_capped,123,finished,finished,True,,,2026-09-25T10:24:43.634Z,1.1660130092013474e-06,,True,True,True,pruned_support_terms_exact_match,2,0.0,0.0,837360,,136.415333578,False,True,False,201,2,0c9672de35c75a9d,221a3a7,False,0.9999999966972978,[0.9999999966972978],170,225,837360,ffb0266c7913352c,staged_polynomial_basis_with_constant,"[[""1"",""u1"",""u1^2""]]","[[""1"",""u1"",""u1^2""]]","[[{""term"":""1"",""term_index"":1,""coefficient"":-0.31245021947005397},{""term"":""u1"",""term_index"":2,""coefficient"":0.4003916962002892},{""term"":""u1^2"",""term_index"":3,""coefficient"":-0.004002879243368161}]]",capped,False,3,30,8,[0],[2],[2],"[""Success"",""Unstable""]","[""Failure"",""Success"",""MaxLossEvals""]",9701,9701,0,9701,0,88,32,1.0,1.0,1.0,1.0,1.0,1.0,0.0143999276365365,0.0415007315668466,3,1,3,3,3,0,0,1.0,1.0,1.0
202_evogrow_v2_2_stage_local_17_2_123,paper1_phaseC_v1,C,,campaign_cell,,17,Logistic equation with harvesting/fishing,1,exact,2.0,evogrow_v2_2_stage_local,evogrow_v2_2_stage_local,123,finished,finished,True,,,2026-09-25T10:25:01.422Z,2.2892065938702322e-07,,True,True,True,pruned_support_terms_exact_match,5,3.0,12.0,2942627,,855.402077153,False,True,False,202,2,0c9672de35c75a9d,221a3a7,False,0.999999999351588,[0.999999999351588],410,646,2942627,ffb0266c7913352c,staged_polynomial_basis_with_constant,"[[""1"",""u1"",""u1^2""]]","[[""1"",""u1"",""u1^2""]]","[[{""term"":""1"",""term_index"":1,""coefficient"":-0.3049380829063161},{""term"":""u1"",""term_index"":2,""coefficient"":0.40016508666474293},{""term"":""u1^2"",""term_index"":3,""coefficient"":-0.004001253623083702}]]",uncapped,False,3,30,20,,,,"[""Success"",""Unstable""]","[""Failure"",""Success"",""MaxLossEvals""]",52468,52468,0,52468,0,270,114,1.0,1.0,1.0,1.0,1.0,1.0,0.0057287995957232,0.0164602763543869,3,1,3,3,3,0,0,1.0,1.0,1.0
203_evogrow_v2_2_stage_capped_17_2_7,paper1_phaseC_v1,C,,campaign_cell,,17,Logistic equation with harvesting/fishing,1,exact,2.0,evogrow_v2_2_stage_capped,evogrow_v2_2_stage_capped,7,finished,finished,True,,,2026-09-25T10:25:18.943Z,1.3692659177627395e-06,,True,True,True,pruned_support_terms_exact_match,2,0.0,0.0,909439,,180.597289232,False,True,False,203,2,0c9672de35c75a9d,221a3a7,False,0.9999999961215892,[0.9999999961215891],170,222,909439,ffb0266c7913352c,staged_polynomial_basis_with_constant,"[[""1"",""u1"",""u1^2""]]","[[""1"",""u1"",""u1^2""]]","[[{""term"":""1"",""term_index"":1,""coefficient"":-0.3121285734439377},{""term"":""u1"",""term_index"":2,""coefficient"":0.4004113551458781},{""term"":""u1^2"",""term_index"":3,""coefficient"":-0.0040031941876237185}]]",capped,False,3,30,8,[0],[2],[2],"[""Success"",""Unstable""]","[""Success"",""Failure"",""MaxLossEvals""]",10228,10228,0,10228,0,93,34,1.0,1.0,1.0,1.0,1.0,1.0,0.0140851709723612,0.0404285781464589,3,1,3,3,3,0,0,1.0,1.0,1.0
204_evogrow_v2_2_stage_local_17_2_7,paper1_phaseC_v1,C,,campaign_cell,,17,Logistic equation with harvesting/fishing,1,exact,2.0,evogrow_v2_2_stage_local,evogrow_v2_2_stage_local,7,finished,finished,True,,,2026-09-25T10:25:30.389Z,3.388423919769613e-07,,True,True,True,pruned_support_terms_exact_match,5,3.0,12.0,3237608,,934.248833904,False,True,False,204,2,0c9672de35c75a9d,221a3a7,False,0.9999999990402376,[0.9999999990402375],410,636,3237608,ffb0266c7913352c,staged_polynomial_basis_with_constant,"[[""1"",""u1"",""u1^2""]]","[[""1"",""u1"",""u1^2""]]","[[{""term"":""1"",""term_index"":1,""coefficient"":-0.3019804540733019},{""term"":""u1"",""term_index"":2,""coefficient"":0.40008145077424356},{""term"":""u1^2"",""term_index"":3,""coefficient"":-0.004000724039953741}]]",uncapped,False,3,30,20,,,,"[""Success"",""Unstable"",""MaxIters""]","[""Success"",""Failure"",""MaxLossEvals""]",54890,54896,0,54890,6,276,125,1.0,1.0,1.0,1.0,1.0,1.0,0.0023287168339056,0.0066015135776729,3,1,3,3,3,0,0,1.0,1.0,1.0
205_evogrow_v2_2_stage_capped_18_1_42,paper1_phaseC_v1,C,,campaign_cell,,18,Improved logistic equation with harvesting/fishing,1,surrogate,,evogrow_v2_2_stage_capped,evogrow_v2_2_stage_capped,42,finished,finished,True,,,2026-09-25T10:26:21.356Z,9.946081118673063e-07,,,,,pruned_support_terms_exact_match,4,,,2486552,,711.016239594,False,True,False,205,1,0c9672de35c75a9d,221a3a7,False,0.9999999980808068,[0.9999999980808069],330,520,2486552,ffb0266c7913352c,staged_polynomial_basis_with_constant,"[[""1"",""u1"",""u1^2""]]","[[""1"",""u1"",""u1^2""]]","[[{""term"":""1"",""term_index"":1,""coefficient"":-0.0323250891739593},{""term"":""u1"",""term_index"":2,""coefficient"":0.39780764353165543},{""term"":""u1^2"",""term_index"":3,""coefficient"":-0.003990736135470139}]]",capped,False,3,30,16,,[4],[4],"[""Success"",""Unstable"",""MaxIters""]","[""Success"",""Failure"",""MaxLossEvals""]",43817,43823,0,43817,6,239,101,0.0,0.0,0.0,0.0,0.0,0.0,,,0,1,3,0,0,0,3,0.0,0.0,0.0
206_evogrow_v2_2_stage_local_18_1_42,paper1_phaseC_v1,C,,campaign_cell,,18,Improved logistic equation with harvesting/fishing,1,surrogate,,evogrow_v2_2_stage_local,evogrow_v2_2_stage_local,42,finished,finished,True,,,2026-09-25T10:27:07.033Z,9.946081118673063e-07,,,,,pruned_support_terms_exact_match,5,,,2804023,,853.324230275,False,True,False,206,1,0c9672de35c75a9d,221a3a7,False,0.9999999980808068,[0.9999999980808069],410,661,2804023,ffb0266c7913352c,staged_polynomial_basis_with_constant,"[[""1"",""u1"",""u1^2""]]","[[""1"",""u1"",""u1^2""]]","[[{""term"":""1"",""term_index"":1,""coefficient"":-0.0323250891739593},{""term"":""u1"",""term_index"":2,""coefficient"":0.39780764353165543},{""term"":""u1^2"",""term_index"":3,""coefficient"":-0.003990736135470139}]]",uncapped,False,3,30,20,,,,"[""Success"",""Unstable"",""MaxIters""]","[""Success"",""Failure"",""MaxLossEvals""]",65027,65033,0,65027,6,289,103,0.0,0.0,0.0,0.0,0.0,0.0,,,0,1,3,0,0,0,3,0.0,0.0,0.0
207_evogrow_v2_2_stage_capped_18_1_123,paper1_phaseC_v1,C,,campaign_cell,,18,Improved logistic equation with harvesting/fishing,1,surrogate,,evogrow_v2_2_stage_capped,evogrow_v2_2_stage_capped,123,finished,finished,True,,,2026-09-25T10:27:25.096Z,4.73917902287913e-07,,,,,pruned_support_terms_exact_match,4,,,2517719,,511.327764908,False,True,False,207,1,0c9672de35c75a9d,221a3a7,False,0.9999999990855292,[0.9999999990855293],330,500,2517719,ffb0266c7913352c,staged_polynomial_basis_with_constant,"[[""1"",""u1"",""u1^2""]]","[[""1"",""u1"",""u1^2""]]","[[{""term"":""1"",""term_index"":1,""coefficient"":-0.0292807103513905},{""term"":""u1"",""term_index"":2,""coefficient"":0.3976662868972461},{""term"":""u1^2"",""term_index"":3,""coefficient"":-0.003989365589070606}]]",capped,False,3,30,16,,[4],[4],"[""Success"",""Unstable""]","[""Failure"",""Success"",""MaxLossEvals""]",48076,48076,0,48076,0,244,100,0.0,0.0,0.0,0.0,0.0,0.0,,,0,1,3,0,0,0,3,0.0,0.0,0.0
208_evogrow_v2_2_stage_local_18_1_123,paper1_phaseC_v1,C,,campaign_cell,,18,Improved logistic equation with harvesting/fishing,1,surrogate,,evogrow_v2_2_stage_local,evogrow_v2_2_stage_local,123,finished,finished,True,,,2026-09-25T10:27:54.081Z,4.73917902287913e-07,,,,,pruned_support_terms_exact_match,5,,,2949044,,785.902136203,False,True,False,208,1,0c9672de35c75a9d,221a3a7,False,0.9999999990855292,[0.9999999990855293],410,646,2949044,ffb0266c7913352c,staged_polynomial_basis_with_constant,"[[""1"",""u1"",""u1^2""]]","[[""1"",""u1"",""u1^2""]]","[[{""term"":""1"",""term_index"":1,""coefficient"":-0.0292807103513905},{""term"":""u1"",""term_index"":2,""coefficient"":0.3976662868972461},{""term"":""u1^2"",""term_index"":3,""coefficient"":-0.003989365589070606}]]",uncapped,False,3,30,20,,,,"[""Success"",""Unstable""]","[""Failure"",""Success"",""MaxLossEvals""]",65565,65565,0,65565,0,293,107,0.0,0.0,0.0,0.0,0.0,0.0,,,0,1,3,0,0,0,3,0.0,0.0,0.0
209_evogrow_v2_2_stage_capped_18_1_7,paper1_phaseC_v1,C,,campaign_cell,,18,Improved logistic equation with harvesting/fishing,1,surrogate,,evogrow_v2_2_stage_capped,evogrow_v2_2_stage_capped,7,finished,finished,True,,,2026-09-25T10:27:56.303Z,6.169055215964645e-07,,,,,pruned_support_terms_exact_match,4,,,2442425,,502.461989301,False,True,False,209,1,0c9672de35c75a9d,221a3a7,False,0.9999999988096208,[0.9999999988096208],330,512,2442425,ffb0266c7913352c,staged_polynomial_basis_with_constant,"[[""1"",""u1"",""u1^2""]]","[[""1"",""u1"",""u1^2""]]","[[{""term"":""1"",""term_index"":1,""coefficient"":-0.03011593698459931},{""term"":""u1"",""term_index"":2,""coefficient"":0.39770666249487585},{""term"":""u1^2"",""term_index"":3,""coefficient"":-0.003989805201900267}]]",capped,False,3,30,16,,[4],[4],"[""Success"",""Unstable"",""MaxIters""]","[""Success"",""Failure"",""MaxLossEvals""]",45363,45369,0,45363,6,239,96,0.0,0.0,0.0,0.0,0.0,0.0,,,0,1,3,0,0,0,3,0.0,0.0,0.0
210_evogrow_v2_2_stage_local_18_1_7,paper1_phaseC_v1,C,,campaign_cell,,18,Improved logistic equation with harvesting/fishing,1,surrogate,,evogrow_v2_2_stage_local,evogrow_v2_2_stage_local,7,finished,finished,True,,,2026-09-25T10:28:09.490Z,6.169055215964645e-07,,,,,pruned_support_terms_exact_match,5,,,2783464,,613.422585506,False,True,False,210,1,0c9672de35c75a9d,221a3a7,False,0.9999999988096208,[0.9999999988096208],410,644,2783464,ffb0266c7913352c,staged_polynomial_basis_with_constant,"[[""1"",""u1"",""u1^2""]]","[[""1"",""u1"",""u1^2""]]","[[{""term"":""1"",""term_index"":1,""coefficient"":-0.03011593698459931},{""term"":""u1"",""term_index"":2,""coefficient"":0.39770666249487585},{""term"":""u1^2"",""term_index"":3,""coefficient"":-0.003989805201900267}]]",uncapped,False,3,30,20,,,,"[""Success"",""Unstable"",""MaxIters""]","[""Success"",""Failure"",""MaxLossEvals""]",67035,67041,0,67035,6,286,101,0.0,0.0,0.0,0.0,0.0,0.0,,,0,1,3,0,0,0,3,0.0,0.0,0.0
211_evogrow_v2_2_stage_capped_18_2_42,paper1_phaseC_v1,C,,campaign_cell,,18,Improved logistic equation with harvesting/fishing,1,surrogate,,evogrow_v2_2_stage_capped,evogrow_v2_2_stage_capped,42,finished,finished,True,,,2026-09-25T10:29:17.808Z,6.68546900501148e-07,,,,,pruned_support_terms_exact_match,4,,,2940116,,536.014154147,False,True,False,211,2,0c9672de35c75a9d,221a3a7,False,0.999999997323684,[0.9999999973236839],330,499,2940116,ffb0266c7913352c,staged_polynomial_basis_with_constant,"[[""1"",""u1"",""u1^2""]]","[[""1"",""u1"",""u1^2""]]","[[{""term"":""1"",""term_index"":1,""coefficient"":-0.049586590158732326},{""term"":""u1"",""term_index"":2,""coefficient"":0.3983082398806041},{""term"":""u1^2"",""term_index"":3,""coefficient"":-0.003994180693833535}]]",capped,False,3,30,16,,[4],[4],"[""Success"",""Unstable""]","[""Failure"",""Success"",""MaxLossEvals""]",40480,40480,0,40480,0,224,129,0.0,0.0,0.0,0.0,0.0,0.0,,,0,1,3,0,0,0,3,0.0,0.0,0.0
212_evogrow_v2_2_stage_local_18_2_42,paper1_phaseC_v1,C,,campaign_cell,,18,Improved logistic equation with harvesting/fishing,1,surrogate,,evogrow_v2_2_stage_local,evogrow_v2_2_stage_local,42,finished,finished,True,,,2026-09-25T10:36:25.240Z,6.68546900501148e-07,,,,,pruned_support_terms_exact_match,5,,,3441431,,816.684882221,False,True,False,212,2,0c9672de35c75a9d,221a3a7,False,0.999999997323684,[0.9999999973236839],410,640,3441431,ffb0266c7913352c,staged_polynomial_basis_with_constant,"[[""1"",""u1"",""u1^2""]]","[[""1"",""u1"",""u1^2""]]","[[{""term"":""1"",""term_index"":1,""coefficient"":-0.049586590158732326},{""term"":""u1"",""term_index"":2,""coefficient"":0.3983082398806041},{""term"":""u1^2"",""term_index"":3,""coefficient"":-0.003994180693833535}]]",uncapped,False,3,30,20,,,,"[""Success"",""Unstable""]","[""Failure"",""Success"",""MaxLossEvals""]",54706,54706,0,54706,0,271,141,0.0,0.0,0.0,0.0,0.0,0.0,,,0,1,3,0,0,0,3,0.0,0.0,0.0
213_evogrow_v2_2_stage_capped_18_2_123,paper1_phaseC_v1,C,,campaign_cell,,18,Improved logistic equation with harvesting/fishing,1,surrogate,,evogrow_v2_2_stage_capped,evogrow_v2_2_stage_capped,123,finished,finished,True,,,2026-09-25T10:36:46.080Z,2.688636153204776e-07,,,,,pruned_support_terms_exact_match,4,,,2561835,,679.34300591,False,True,False,213,2,0c9672de35c75a9d,221a3a7,False,0.9999999989236896,[0.9999999989236895],330,500,2561835,ffb0266c7913352c,staged_polynomial_basis_with_constant,"[[""1"",""u1"",""u1^2""]]","[[""1"",""u1"",""u1^2""]]","[[{""term"":""1"",""term_index"":1,""coefficient"":-0.04984247627943382},{""term"":""u1"",""term_index"":2,""coefficient"":0.39827253831473847},{""term"":""u1^2"",""term_index"":3,""coefficient"":-0.003993667852554076}]]",capped,False,3,30,16,,[4],[4],"[""Success"",""Unstable"",""MaxIters""]","[""Failure"",""Success"",""MaxLossEvals""]",37702,37708,0,37702,6,227,107,0.0,0.0,0.0,0.0,0.0,0.0,,,0,1,3,0,0,0,3,0.0,0.0,0.0
214_evogrow_v2_2_stage_local_18_2_123,paper1_phaseC_v1,C,,campaign_cell,,18,Improved logistic equation with harvesting/fishing,1,surrogate,,evogrow_v2_2_stage_local,evogrow_v2_2_stage_local,123,finished,finished,True,,,2026-09-25T10:36:38.110Z,2.688636153204776e-07,,,,,pruned_support_terms_exact_match,5,,,3110617,,812.900987453,False,True,False,214,2,0c9672de35c75a9d,221a3a7,False,0.9999999989236896,[0.9999999989236895],410,646,3110617,ffb0266c7913352c,staged_polynomial_basis_with_constant,"[[""1"",""u1"",""u1^2""]]","[[""1"",""u1"",""u1^2""]]","[[{""term"":""1"",""term_index"":1,""coefficient"":-0.04984247627943382},{""term"":""u1"",""term_index"":2,""coefficient"":0.39827253831473847},{""term"":""u1^2"",""term_index"":3,""coefficient"":-0.003993667852554076}]]",uncapped,False,3,30,20,,,,"[""Success"",""Unstable"",""MaxIters""]","[""Failure"",""Success"",""MaxLossEvals""]",50997,51003,0,50997,6,273,121,0.0,0.0,0.0,0.0,0.0,0.0,,,0,1,3,0,0,0,3,0.0,0.0,0.0
215_evogrow_v2_2_stage_capped_18_2_7,paper1_phaseC_v1,C,,campaign_cell,,18,Improved logistic equation with harvesting/fishing,1,surrogate,,evogrow_v2_2_stage_capped,evogrow_v2_2_stage_capped,7,finished,finished,True,,,2026-09-25T10:36:53.634Z,5.467903032150088e-07,,,,,pruned_support_terms_exact_match,4,,,2916894,,578.660507746,False,True,False,215,2,0c9672de35c75a9d,221a3a7,False,0.999999997811098,[0.9999999978110979],330,509,2916894,ffb0266c7913352c,staged_polynomial_basis_with_constant,"[[""1"",""u1"",""u1^2""]]","[[""1"",""u1"",""u1^2""]]","[[{""term"":""1"",""term_index"":1,""coefficient"":-0.05295185675902849},{""term"":""u1"",""term_index"":2,""coefficient"":0.3983988339392189},{""term"":""u1^2"",""term_index"":3,""coefficient"":-0.003994772469792807}]]",capped,False,3,30,16,,[4],[4],"[""Success"",""Unstable""]","[""Success"",""Failure"",""MaxLossEvals""]",45795,45795,0,45795,0,227,125,0.0,0.0,0.0,0.0,0.0,0.0,,,0,1,3,0,0,0,3,0.0,0.0,0.0
216_evogrow_v2_2_stage_local_18_2_7,paper1_phaseC_v1,C,,campaign_cell,,18,Improved logistic equation with harvesting/fishing,1,surrogate,,evogrow_v2_2_stage_local,evogrow_v2_2_stage_local,7,finished,finished,True,,,2026-09-25T10:37:35.428Z,5.467903032150088e-07,,,,,pruned_support_terms_exact_match,5,,,3368758,,862.235074437,False,True,False,216,2,0c9672de35c75a9d,221a3a7,False,0.999999997811098,[0.9999999978110979],410,636,3368758,ffb0266c7913352c,staged_polynomial_basis_with_constant,"[[""1"",""u1"",""u1^2""]]","[[""1"",""u1"",""u1^2""]]","[[{""term"":""1"",""term_index"":1,""coefficient"":-0.05295185675902849},{""term"":""u1"",""term_index"":2,""coefficient"":0.3983988339392189},{""term"":""u1^2"",""term_index"":3,""coefficient"":-0.003994772469792807}]]",uncapped,False,3,30,20,,,,"[""Success"",""Unstable""]","[""Success"",""Failure"",""MaxLossEvals""]",63086,63086,0,63086,0,278,134,0.0,0.0,0.0,0.0,0.0,0.0,,,0,1,3,0,0,0,3,0.0,0.0,0.0
217_evogrow_v2_2_stage_capped_19_1_42,paper1_phaseC_v1,C,,campaign_cell,,19,Improved logistic equation with harvesting/fishing (dimensionless),1,surrogate,,evogrow_v2_2_stage_capped,evogrow_v2_2_stage_capped,42,finished,finished,True,,,2026-09-25T10:39:07.355Z,1.7283208626130437e-08,,,,,pruned_support_terms_exact_match,5,,,274790,,87.346855007,False,True,False,217,1,0c9672de35c75a9d,221a3a7,False,0.9999997523937686,[0.9999997523937686],410,423,274790,ffb0266c7913352c,staged_polynomial_basis_with_constant,"[[""1"",""u1"",""u1^2""]]","[[""1"",""u1"",""u1^2""]]","[[{""term"":""1"",""term_index"":1,""coefficient"":-0.0037378893827557966},{""term"":""u1"",""term_index"":2,""coefficient"":0.9332424801184598},{""term"":""u1^2"",""term_index"":3,""coefficient"":-0.9736041300054458}]]",capped,False,3,30,20,,[5],[null],"[""Success"",""Unstable""]","[""Success"",""Failure""]",10450,10450,0,10450,0,3,0,0.0,0.0,0.0,0.0,0.0,0.0,,,0,1,3,0,0,0,3,0.0,0.0,0.0
218_evogrow_v2_2_stage_local_19_1_42,paper1_phaseC_v1,C,,campaign_cell,,19,Improved logistic equation with harvesting/fishing (dimensionless),1,surrogate,,evogrow_v2_2_stage_local,evogrow_v2_2_stage_local,42,finished,finished,True,,,2026-09-25T10:39:11.275Z,1.7283208626130437e-08,,,,,pruned_support_terms_exact_match,5,,,274790,,65.177550901,False,True,False,218,1,0c9672de35c75a9d,221a3a7,False,0.9999997523937686,[0.9999997523937686],410,423,274790,ffb0266c7913352c,staged_polynomial_basis_with_constant,"[[""1"",""u1"",""u1^2""]]","[[""1"",""u1"",""u1^2""]]","[[{""term"":""1"",""term_index"":1,""coefficient"":-0.0037378893827557966},{""term"":""u1"",""term_index"":2,""coefficient"":0.9332424801184598},{""term"":""u1^2"",""term_index"":3,""coefficient"":-0.9736041300054458}]]",uncapped,False,3,30,20,,,,"[""Success"",""Unstable""]","[""Success"",""Failure""]",10450,10450,0,10450,0,3,0,0.0,0.0,0.0,0.0,0.0,0.0,,,0,1,3,0,0,0,3,0.0,0.0,0.0
219_evogrow_v2_2_stage_capped_19_1_123,paper1_phaseC_v1,C,,campaign_cell,,19,Improved logistic equation with harvesting/fishing (dimensionless),1,surrogate,,evogrow_v2_2_stage_capped,evogrow_v2_2_stage_capped,123,finished,finished,True,,,2026-09-25T10:39:12.807Z,1.7283208704357192e-08,,,,,pruned_support_terms_exact_match,5,,,271549,,65.615679255,False,True,False,219,1,0c9672de35c75a9d,221a3a7,False,0.9999997523937676,[0.9999997523937675],410,426,271549,ffb0266c7913352c,staged_polynomial_basis_with_constant,"[[""1"",""u1"",""u1^2""]]","[[""1"",""u1"",""u1^2""]]","[[{""term"":""1"",""term_index"":1,""coefficient"":-0.003737911166925312},{""term"":""u1"",""term_index"":2,""coefficient"":0.9332425800581751},{""term"":""u1^2"",""term_index"":3,""coefficient"":-0.9736042098032702}]]",capped,False,3,30,20,,[5],[null],"[""Success"",""Unstable""]","[""Success"",""Failure""]",11709,11709,0,11709,0,4,0,0.0,0.0,0.0,0.0,0.0,0.0,,,0,1,3,0,0,0,3,0.0,0.0,0.0
220_evogrow_v2_2_stage_local_19_1_123,paper1_phaseC_v1,C,,campaign_cell,,19,Improved logistic equation with harvesting/fishing (dimensionless),1,surrogate,,evogrow_v2_2_stage_local,evogrow_v2_2_stage_local,123,finished,finished,True,,,2026-09-25T10:39:20.871Z,1.7283208704357192e-08,,,,,pruned_support_terms_exact_match,5,,,271549,,65.095907427,False,True,False,220,1,0c9672de35c75a9d,221a3a7,False,0.9999997523937676,[0.9999997523937675],410,426,271549,ffb0266c7913352c,staged_polynomial_basis_with_constant,"[[""1"",""u1"",""u1^2""]]","[[""1"",""u1"",""u1^2""]]","[[{""term"":""1"",""term_index"":1,""coefficient"":-0.003737911166925312},{""term"":""u1"",""term_index"":2,""coefficient"":0.9332425800581751},{""term"":""u1^2"",""term_index"":3,""coefficient"":-0.9736042098032702}]]",uncapped,False,3,30,20,,,,"[""Success"",""Unstable""]","[""Success"",""Failure""]",11709,11709,0,11709,0,4,0,0.0,0.0,0.0,0.0,0.0,0.0,,,0,1,3,0,0,0,3,0.0,0.0,0.0
221_evogrow_v2_2_stage_capped_19_1_7,paper1_phaseC_v1,C,,campaign_cell,,19,Improved logistic equation with harvesting/fishing (dimensionless),1,surrogate,,evogrow_v2_2_stage_capped,evogrow_v2_2_stage_capped,7,finished,finished,True,,,2026-09-25T10:39:40.648Z,1.728320841888231e-08,,,,,pruned_support_terms_exact_match,5,,,286272,,86.081393161,False,True,False,221,1,0c9672de35c75a9d,221a3a7,False,0.9999997523937716,[0.9999997523937716],410,434,286272,ffb0266c7913352c,staged_polynomial_basis_with_constant,"[[""1"",""u1"",""u1^2""]]","[[""1"",""u1"",""u1^2""]]","[[{""term"":""1"",""term_index"":1,""coefficient"":-0.003737867571107479},{""term"":""u1"",""term_index"":2,""coefficient"":0.9332423982695887},{""term"":""u1^2"",""term_index"":3,""coefficient"":-0.9736040677795461}]]",capped,False,3,30,20,,[5],[null],"[""Success"",""Unstable""]","[""Success"",""MaxLossEvals"",""Failure""]",16929,16929,0,16929,0,2,1,0.0,0.0,0.0,0.0,0.0,0.0,,,0,1,3,0,0,0,3,0.0,0.0,0.0
222_evogrow_v2_2_stage_local_19_1_7,paper1_phaseC_v1,C,,campaign_cell,,19,Improved logistic equation with harvesting/fishing (dimensionless),1,surrogate,,evogrow_v2_2_stage_local,evogrow_v2_2_stage_local,7,finished,finished,True,,,2026-09-25T10:40:21.644Z,1.728320841888231e-08,,,,,pruned_support_terms_exact_match,5,,,286272,,85.853331089,False,True,False,222,1,0c9672de35c75a9d,221a3a7,False,0.9999997523937716,[0.9999997523937716],410,434,286272,ffb0266c7913352c,staged_polynomial_basis_with_constant,"[[""1"",""u1"",""u1^2""]]","[[""1"",""u1"",""u1^2""]]","[[{""term"":""1"",""term_index"":1,""coefficient"":-0.003737867571107479},{""term"":""u1"",""term_index"":2,""coefficient"":0.9332423982695887},{""term"":""u1^2"",""term_index"":3,""coefficient"":-0.9736040677795461}]]",uncapped,False,3,30,20,,,,"[""Success"",""Unstable""]","[""Success"",""MaxLossEvals"",""Failure""]",16929,16929,0,16929,0,2,1,0.0,0.0,0.0,0.0,0.0,0.0,,,0,1,3,0,0,0,3,0.0,0.0,0.0
223_evogrow_v2_2_stage_capped_19_2_42,paper1_phaseC_v1,C,,campaign_cell,,19,Improved logistic equation with harvesting/fishing (dimensionless),1,surrogate,,evogrow_v2_2_stage_capped,evogrow_v2_2_stage_capped,42,finished,finished,True,,,2026-09-25T10:41:26.092Z,1.1802015298220689e-07,,,,,pruned_support_terms_exact_match,5,,,512370,,145.834591912,False,True,False,223,2,0c9672de35c75a9d,221a3a7,False,0.9999990076936168,[0.9999990076936168],410,422,512370,ffb0266c7913352c,staged_polynomial_basis_with_constant,"[[""1"",""u1"",""u1^2""]]","[[""1"",""u1"",""u1^2""]]","[[{""term"":""1"",""term_index"":1,""coefficient"":-0.0012119552627131015},{""term"":""u1"",""term_index"":2,""coefficient"":0.9235072880433803},{""term"":""u1^2"",""term_index"":3,""coefficient"":-0.9657835054337333}]]",capped,False,3,30,20,,[5],[5],"[""Success"",""Unstable""]","[""Success"",""Failure"",""MaxLossEvals""]",12562,12562,0,12562,0,7,5,0.0,0.0,0.0,0.0,0.0,0.0,,,0,1,3,0,0,0,3,0.0,0.0,0.0
224_evogrow_v2_2_stage_local_19_2_42,paper1_phaseC_v1,C,,campaign_cell,,19,Improved logistic equation with harvesting/fishing (dimensionless),1,surrogate,,evogrow_v2_2_stage_local,evogrow_v2_2_stage_local,42,finished,finished,True,,,2026-09-25T10:41:15.787Z,1.1802015298220689e-07,,,,,pruned_support_terms_exact_match,5,,,512370,,111.159541473,False,True,False,224,2,0c9672de35c75a9d,221a3a7,False,0.9999990076936168,[0.9999990076936168],410,422,512370,ffb0266c7913352c,staged_polynomial_basis_with_constant,"[[""1"",""u1"",""u1^2""]]","[[""1"",""u1"",""u1^2""]]","[[{""term"":""1"",""term_index"":1,""coefficient"":-0.0012119552627131015},{""term"":""u1"",""term_index"":2,""coefficient"":0.9235072880433803},{""term"":""u1^2"",""term_index"":3,""coefficient"":-0.9657835054337333}]]",uncapped,False,3,30,20,,,,"[""Success"",""Unstable""]","[""Success"",""Failure"",""MaxLossEvals""]",12562,12562,0,12562,0,7,5,0.0,0.0,0.0,0.0,0.0,0.0,,,0,1,3,0,0,0,3,0.0,0.0,0.0
225_evogrow_v2_2_stage_capped_19_2_123,paper1_phaseC_v1,C,,campaign_cell,,19,Improved logistic equation with harvesting/fishing (dimensionless),1,surrogate,,evogrow_v2_2_stage_capped,evogrow_v2_2_stage_capped,123,finished,finished,True,,,2026-09-25T10:41:20.797Z,1.1802015437039239e-07,,,,,pruned_support_terms_exact_match,5,,,627861,,126.610046781,False,True,False,225,2,0c9672de35c75a9d,221a3a7,False,0.9999990076936052,[0.9999990076936052],410,425,627861,ffb0266c7913352c,staged_polynomial_basis_with_constant,"[[""1"",""u1"",""u1^2""]]","[[""1"",""u1"",""u1^2""]]","[[{""term"":""1"",""term_index"":1,""coefficient"":-0.0012119590907140089},{""term"":""u1"",""term_index"":2,""coefficient"":0.9235073342194714},{""term"":""u1^2"",""term_index"":3,""coefficient"":-0.96578355647018}]]",capped,False,3,30,20,,[5],[5],"[""Success"",""Unstable""]","[""Success"",""Failure"",""MaxLossEvals""]",12417,12417,0,12417,0,10,7,0.0,0.0,0.0,0.0,0.0,0.0,,,0,1,3,0,0,0,3,0.0,0.0,0.0
226_evogrow_v2_2_stage_local_19_2_123,paper1_phaseC_v1,C,,campaign_cell,,19,Improved logistic equation with harvesting/fishing (dimensionless),1,surrogate,,evogrow_v2_2_stage_local,evogrow_v2_2_stage_local,123,finished,finished,True,,,2026-09-25T10:41:44.225Z,1.1802015437039239e-07,,,,,pruned_support_terms_exact_match,5,,,627861,,178.293740579,False,True,False,226,2,0c9672de35c75a9d,221a3a7,False,0.9999990076936052,[0.9999990076936052],410,425,627861,ffb0266c7913352c,staged_polynomial_basis_with_constant,"[[""1"",""u1"",""u1^2""]]","[[""1"",""u1"",""u1^2""]]","[[{""term"":""1"",""term_index"":1,""coefficient"":-0.0012119590907140089},{""term"":""u1"",""term_index"":2,""coefficient"":0.9235073342194714},{""term"":""u1^2"",""term_index"":3,""coefficient"":-0.96578355647018}]]",uncapped,False,3,30,20,,,,"[""Success"",""Unstable""]","[""Success"",""Failure"",""MaxLossEvals""]",12417,12417,0,12417,0,10,7,0.0,0.0,0.0,0.0,0.0,0.0,,,0,1,3,0,0,0,3,0.0,0.0,0.0
227_evogrow_v2_2_stage_capped_19_2_7,paper1_phaseC_v1,C,,campaign_cell,,19,Improved logistic equation with harvesting/fishing (dimensionless),1,surrogate,,evogrow_v2_2_stage_capped,evogrow_v2_2_stage_capped,7,finished,finished,True,,,2026-09-25T10:42:27.078Z,1.1802015257829317e-07,,,,,pruned_support_terms_exact_match,5,,,536436,,156.487849171,False,True,False,227,2,0c9672de35c75a9d,221a3a7,False,0.9999990076936204,[0.9999990076936203],410,436,536436,ffb0266c7913352c,staged_polynomial_basis_with_constant,"[[""1"",""u1"",""u1^2""]]","[[""1"",""u1"",""u1^2""]]","[[{""term"":""1"",""term_index"":1,""coefficient"":-0.001211954186594711},{""term"":""u1"",""term_index"":2,""coefficient"":0.9235072779469602},{""term"":""u1^2"",""term_index"":3,""coefficient"":-0.965783498043125}]]",capped,False,3,30,20,,[5],[5],"[""Success"",""Unstable""]","[""Success"",""MaxLossEvals"",""Failure""]",19591,19591,0,19591,0,6,5,0.0,0.0,0.0,0.0,0.0,0.0,,,0,1,3,0,0,0,3,0.0,0.0,0.0
228_evogrow_v2_2_stage_local_19_2_7,paper1_phaseC_v1,C,,campaign_cell,,19,Improved logistic equation with harvesting/fishing (dimensionless),1,surrogate,,evogrow_v2_2_stage_local,evogrow_v2_2_stage_local,7,finished,finished,True,,,2026-09-25T10:42:09.244Z,1.1802015257829317e-07,,,,,pruned_support_terms_exact_match,5,,,536436,,138.660509333,False,True,False,228,2,0c9672de35c75a9d,221a3a7,False,0.9999990076936204,[0.9999990076936203],410,436,536436,ffb0266c7913352c,staged_polynomial_basis_with_constant,"[[""1"",""u1"",""u1^2""]]","[[""1"",""u1"",""u1^2""]]","[[{""term"":""1"",""term_index"":1,""coefficient"":-0.001211954186594711},{""term"":""u1"",""term_index"":2,""coefficient"":0.9235072779469602},{""term"":""u1^2"",""term_index"":3,""coefficient"":-0.965783498043125}]]",uncapped,False,3,30,20,,,,"[""Success"",""Unstable""]","[""Success"",""MaxLossEvals"",""Failure""]",19591,19591,0,19591,0,6,5,0.0,0.0,0.0,0.0,0.0,0.0,,,0,1,3,0,0,0,3,0.0,0.0,0.0
229_evogrow_v2_2_stage_capped_20_1_42,paper1_phaseC_v1,C,,campaign_cell,,20,Autocatalytic gene switching (dimensionless),1,surrogate,,evogrow_v2_2_stage_capped,evogrow_v2_2_stage_capped,42,finished,finished,True,,,2026-09-25T10:42:12.052Z,3.4000616793029696e-05,,,,,pruned_support_terms_exact_match,5,,,310826,,84.900505339,False,True,False,229,1,0c9672de35c75a9d,221a3a7,False,0.9952002158764128,[0.9952002158764127],410,425,310826,ffb0266c7913352c,staged_polynomial_basis_with_constant,"[[""1"",""u1""]]","[[""1"",""u1""]]","[[{""term"":""1"",""term_index"":1,""coefficient"":0.07642082437617603},{""term"":""u1"",""term_index"":2,""coefficient"":-0.2168685082152361}]]",capped,False,3,30,20,,[5],[5],"[""Success"",""Unstable""]","[""Success"",""Failure""]",4030,4030,0,4030,0,43,0,0.0,0.0,0.0,0.0,0.0,0.0,,,0,1,2,0,0,0,2,0.0,0.0,0.0
230_evogrow_v2_2_stage_local_20_1_42,paper1_phaseC_v1,C,,campaign_cell,,20,Autocatalytic gene switching (dimensionless),1,surrogate,,evogrow_v2_2_stage_local,evogrow_v2_2_stage_local,42,finished,finished,True,,,2026-09-25T10:42:19.912Z,3.4000616793029696e-05,,,,,pruned_support_terms_exact_match,5,,,310826,,57.651282988,False,True,False,230,1,0c9672de35c75a9d,221a3a7,False,0.9952002158764128,[0.9952002158764127],410,425,310826,ffb0266c7913352c,staged_polynomial_basis_with_constant,"[[""1"",""u1""]]","[[""1"",""u1""]]","[[{""term"":""1"",""term_index"":1,""coefficient"":0.07642082437617603},{""term"":""u1"",""term_index"":2,""coefficient"":-0.2168685082152361}]]",uncapped,False,3,30,20,,,,"[""Success"",""Unstable""]","[""Success"",""Failure""]",4030,4030,0,4030,0,43,0,0.0,0.0,0.0,0.0,0.0,0.0,,,0,1,2,0,0,0,2,0.0,0.0,0.0
231_evogrow_v2_2_stage_capped_20_1_123,paper1_phaseC_v1,C,,campaign_cell,,20,Autocatalytic gene switching (dimensionless),1,surrogate,,evogrow_v2_2_stage_capped,evogrow_v2_2_stage_capped,123,finished,finished,True,,,2026-09-25T10:42:53.499Z,3.4000616792714674e-05,,,,,pruned_support_terms_exact_match,5,,,336184,,72.687163326,False,True,False,231,1,0c9672de35c75a9d,221a3a7,False,0.9952002158764572,[0.9952002158764571],410,419,336184,ffb0266c7913352c,staged_polynomial_basis_with_constant,"[[""1"",""u1""]]","[[""1"",""u1""]]","[[{""term"":""1"",""term_index"":1,""coefficient"":0.07642082937155384},{""term"":""u1"",""term_index"":2,""coefficient"":-0.21686853725040747}]]",capped,False,3,30,20,,[5],[5],"[""Success"",""Unstable""]","[""Success"",""Failure""]",3979,3979,0,3979,0,49,0,0.0,0.0,0.0,0.0,0.0,0.0,,,0,1,2,0,0,0,2,0.0,0.0,0.0
232_evogrow_v2_2_stage_local_20_1_123,paper1_phaseC_v1,C,,campaign_cell,,20,Autocatalytic gene switching (dimensionless),1,surrogate,,evogrow_v2_2_stage_local,evogrow_v2_2_stage_local,123,finished,finished,True,,,2026-09-25T10:44:12.781Z,3.4000616792714674e-05,,,,,pruned_support_terms_exact_match,5,,,336184,,74.813955388,False,True,False,232,1,0c9672de35c75a9d,221a3a7,False,0.9952002158764572,[0.9952002158764571],410,419,336184,ffb0266c7913352c,staged_polynomial_basis_with_constant,"[[""1"",""u1""]]","[[""1"",""u1""]]","[[{""term"":""1"",""term_index"":1,""coefficient"":0.07642082937155384},{""term"":""u1"",""term_index"":2,""coefficient"":-0.21686853725040747}]]",uncapped,False,3,30,20,,,,"[""Success"",""Unstable""]","[""Success"",""Failure""]",3979,3979,0,3979,0,49,0,0.0,0.0,0.0,0.0,0.0,0.0,,,0,1,2,0,0,0,2,0.0,0.0,0.0
233_evogrow_v2_2_stage_capped_20_1_7,paper1_phaseC_v1,C,,campaign_cell,,20,Autocatalytic gene switching (dimensionless),1,surrogate,,evogrow_v2_2_stage_capped,evogrow_v2_2_stage_capped,7,finished,finished,True,,,2026-09-25T10:44:13.044Z,3.40006167922781e-05,,,,,pruned_support_terms_exact_match,5,,,313232,,63.590866306,False,True,False,233,1,0c9672de35c75a9d,221a3a7,False,0.9952002158765187,[0.9952002158765187],410,425,313232,ffb0266c7913352c,staged_polynomial_basis_with_constant,"[[""1"",""u1""]]","[[""1"",""u1""]]","[[{""term"":""1"",""term_index"":1,""coefficient"":0.07642083319257015},{""term"":""u1"",""term_index"":2,""coefficient"":-0.21686856128185372}]]",capped,False,3,30,20,,[5],[5],"[""Success"",""Unstable""]","[""Success"",""Failure""]",4200,4200,0,4200,0,45,0,0.0,0.0,0.0,0.0,0.0,0.0,,,0,1,2,0,0,0,2,0.0,0.0,0.0
234_evogrow_v2_2_stage_local_20_1_7,paper1_phaseC_v1,C,,campaign_cell,,20,Autocatalytic gene switching (dimensionless),1,surrogate,,evogrow_v2_2_stage_local,evogrow_v2_2_stage_local,7,finished,finished,True,,,2026-09-25T10:44:27.232Z,3.40006167922781e-05,,,,,pruned_support_terms_exact_match,5,,,313232,,59.643451395,False,True,False,234,1,0c9672de35c75a9d,221a3a7,False,0.9952002158765187,[0.9952002158765187],410,425,313232,ffb0266c7913352c,staged_polynomial_basis_with_constant,"[[""1"",""u1""]]","[[""1"",""u1""]]","[[{""term"":""1"",""term_index"":1,""coefficient"":0.07642083319257015},{""term"":""u1"",""term_index"":2,""coefficient"":-0.21686856128185372}]]",uncapped,False,3,30,20,,,,"[""Success"",""Unstable""]","[""Success"",""Failure""]",4200,4200,0,4200,0,45,0,0.0,0.0,0.0,0.0,0.0,0.0,,,0,1,2,0,0,0,2,0.0,0.0,0.0
235_evogrow_v2_2_stage_capped_20_2_42,paper1_phaseC_v1,C,,campaign_cell,,20,Autocatalytic gene switching (dimensionless),1,surrogate,,evogrow_v2_2_stage_capped,evogrow_v2_2_stage_capped,42,finished,finished,True,,,2026-09-25T10:44:36.039Z,4.056852344413634e-06,,,,,pruned_support_terms_exact_match,5,,,57371,,22.139674976,False,True,False,235,2,0c9672de35c75a9d,221a3a7,False,0.9983826656739904,[0.9983826656739904],410,417,57371,ffb0266c7913352c,staged_polynomial_basis_with_constant,"[[""1""]]","[[""1""]]","[[{""term"":""1"",""term_index"":1,""coefficient"":0.01783738083554582}]]",capped,False,3,30,20,,[5],[5],"[""Success"",""Unstable""]","[""Success""]",1639,1639,0,1639,0,0,0,0.0,0.0,0.0,0.0,0.0,0.0,,,0,1,1,0,0,0,1,0.0,0.0,0.0
236_evogrow_v2_2_stage_local_20_2_42,paper1_phaseC_v1,C,,campaign_cell,,20,Autocatalytic gene switching (dimensionless),1,surrogate,,evogrow_v2_2_stage_local,evogrow_v2_2_stage_local,42,finished,finished,True,,,2026-09-25T10:45:07.936Z,4.056852344413634e-06,,,,,pruned_support_terms_exact_match,5,,,57371,,30.183564021,False,True,False,236,2,0c9672de35c75a9d,221a3a7,False,0.9983826656739904,[0.9983826656739904],410,417,57371,ffb0266c7913352c,staged_polynomial_basis_with_constant,"[[""1""]]","[[""1""]]","[[{""term"":""1"",""term_index"":1,""coefficient"":0.01783738083554582}]]",uncapped,False,3,30,20,,,,"[""Success"",""Unstable""]","[""Success""]",1639,1639,0,1639,0,0,0,0.0,0.0,0.0,0.0,0.0,0.0,,,0,1,1,0,0,0,1,0.0,0.0,0.0
237_evogrow_v2_2_stage_capped_20_2_123,paper1_phaseC_v1,C,,campaign_cell,,20,Autocatalytic gene switching (dimensionless),1,surrogate,,evogrow_v2_2_stage_capped,evogrow_v2_2_stage_capped,123,finished,finished,True,,,2026-09-25T10:45:28.388Z,4.056852344423771e-06,,,,,pruned_support_terms_exact_match,5,,,56353,,24.698721634,False,True,False,237,2,0c9672de35c75a9d,221a3a7,False,0.9983826656739864,[0.9983826656739863],410,415,56353,ffb0266c7913352c,staged_polynomial_basis_with_constant,"[[""1""]]","[[""1""]]","[[{""term"":""1"",""term_index"":1,""coefficient"":0.017837380815119753}]]",capped,False,3,30,20,,[5],[5],"[""Success"",""Unstable""]","[""Success""]",1317,1317,0,1317,0,0,0,0.0,0.0,0.0,0.0,0.0,0.0,,,0,1,1,0,0,0,1,0.0,0.0,0.0
238_evogrow_v2_2_stage_local_20_2_123,paper1_phaseC_v1,C,,campaign_cell,,20,Autocatalytic gene switching (dimensionless),1,surrogate,,evogrow_v2_2_stage_local,evogrow_v2_2_stage_local,123,finished,finished,True,,,2026-09-25T10:45:31.622Z,4.056852344423771e-06,,,,,pruned_support_terms_exact_match,5,,,56353,,24.511565284,False,True,False,238,2,0c9672de35c75a9d,221a3a7,False,0.9983826656739864,[0.9983826656739863],410,415,56353,ffb0266c7913352c,staged_polynomial_basis_with_constant,"[[""1""]]","[[""1""]]","[[{""term"":""1"",""term_index"":1,""coefficient"":0.017837380815119753}]]",uncapped,False,3,30,20,,,,"[""Success"",""Unstable""]","[""Success""]",1317,1317,0,1317,0,0,0,0.0,0.0,0.0,0.0,0.0,0.0,,,0,1,1,0,0,0,1,0.0,0.0,0.0
239_evogrow_v2_2_stage_capped_20_2_7,paper1_phaseC_v1,C,,campaign_cell,,20,Autocatalytic gene switching (dimensionless),1,surrogate,,evogrow_v2_2_stage_capped,evogrow_v2_2_stage_capped,7,finished,finished,True,,,2026-09-25T10:45:46.874Z,4.056852344385067e-06,,,,,pruned_support_terms_exact_match,5,,,155739,,40.13655167,False,True,False,239,2,0c9672de35c75a9d,221a3a7,False,0.9983826656740016,[0.9983826656740017],410,417,155739,ffb0266c7913352c,staged_polynomial_basis_with_constant,"[[""1""]]","[[""1""]]","[[{""term"":""1"",""term_index"":1,""coefficient"":0.017837380893390507}]]",capped,False,3,30,20,,[5],[5],"[""Success"",""Unstable""]","[""Success"",""Failure""]",1742,1742,0,1742,0,3,0,0.0,0.0,0.0,0.0,0.0,0.0,,,0,1,1,0,0,0,1,0.0,0.0,0.0
240_evogrow_v2_2_stage_local_20_2_7,paper1_phaseC_v1,C,,campaign_cell,,20,Autocatalytic gene switching (dimensionless),1,surrogate,,evogrow_v2_2_stage_local,evogrow_v2_2_stage_local,7,finished,finished,True,,,2026-09-25T10:45:55.833Z,4.056852344385067e-06,,,,,pruned_support_terms_exact_match,5,,,155739,,33.365226048,False,True,False,240,2,0c9672de35c75a9d,221a3a7,False,0.9983826656740016,[0.9983826656740017],410,417,155739,ffb0266c7913352c,staged_polynomial_basis_with_constant,"[[""1""]]","[[""1""]]","[[{""term"":""1"",""term_index"":1,""coefficient"":0.017837380893390507}]]",uncapped,False,3,30,20,,,,"[""Success"",""Unstable""]","[""Success"",""Failure""]",1742,1742,0,1742,0,3,0,0.0,0.0,0.0,0.0,0.0,0.0,,,0,1,1,0,0,0,1,0.0,0.0,0.0
241_evogrow_v2_2_stage_capped_21_1_42,paper1_phaseC_v1,C,,campaign_cell,,21,Dimensionally reduced SIR infection model for dead people (dimensionless),1,surrogate,,evogrow_v2_2_stage_capped,evogrow_v2_2_stage_capped,42,finished,finished,True,,,2026-09-25T10:46:19.553Z,7.773106798102624e-05,,,,,pruned_support_terms_exact_match,5,,,1701357,,513.885961259,False,True,False,241,1,0c9672de35c75a9d,221a3a7,False,0.9999666597231174,[0.9999666597231174],410,435,1701357,ffb0266c7913352c,staged_polynomial_basis_with_constant,"[[""1"",""u1"",""u1^2"",""u1^3""]]","[[""1"",""u1"",""u1^2"",""u1^3""]]","[[{""term"":""1"",""term_index"":1,""coefficient"":0.2327212561229212},{""term"":""u1"",""term_index"":2,""coefficient"":0.5868702659778197},{""term"":""u1^2"",""term_index"":3,""coefficient"":-0.22633117110887147},{""term"":""u1^3"",""term_index"":4,""coefficient"":0.022092579432797264}]]",capped,False,3,30,20,,[5],[5],"[""Success"",""Unstable""]","[""Success"",""Failure"",""MaxLossEvals""]",26708,26708,0,26708,0,266,26,0.0,0.0,0.0,0.0,0.0,0.0,,,0,1,4,0,0,0,4,0.0,0.0,0.0
242_evogrow_v2_2_stage_local_21_1_42,paper1_phaseC_v1,C,,campaign_cell,,21,Dimensionally reduced SIR infection model for dead people (dimensionless),1,surrogate,,evogrow_v2_2_stage_local,evogrow_v2_2_stage_local,42,finished,finished,True,,,2026-09-25T10:46:15.318Z,7.773106798102624e-05,,,,,pruned_support_terms_exact_match,5,,,1701357,,360.62925372,False,True,False,242,1,0c9672de35c75a9d,221a3a7,False,0.9999666597231174,[0.9999666597231174],410,435,1701357,ffb0266c7913352c,staged_polynomial_basis_with_constant,"[[""1"",""u1"",""u1^2"",""u1^3""]]","[[""1"",""u1"",""u1^2"",""u1^3""]]","[[{""term"":""1"",""term_index"":1,""coefficient"":0.2327212561229212},{""term"":""u1"",""term_index"":2,""coefficient"":0.5868702659778197},{""term"":""u1^2"",""term_index"":3,""coefficient"":-0.22633117110887147},{""term"":""u1^3"",""term_index"":4,""coefficient"":0.022092579432797264}]]",uncapped,False,3,30,20,,,,"[""Success"",""Unstable""]","[""Success"",""Failure"",""MaxLossEvals""]",26708,26708,0,26708,0,266,26,0.0,0.0,0.0,0.0,0.0,0.0,,,0,1,4,0,0,0,4,0.0,0.0,0.0
243_evogrow_v2_2_stage_capped_21_1_123,paper1_phaseC_v1,C,,campaign_cell,,21,Dimensionally reduced SIR infection model for dead people (dimensionless),1,surrogate,,evogrow_v2_2_stage_capped,evogrow_v2_2_stage_capped,123,finished,finished,True,,,2026-09-25T10:46:26.232Z,7.771990880439455e-05,,,,,pruned_support_terms_exact_match,5,,,1722366,,374.997328963,False,True,False,243,1,0c9672de35c75a9d,221a3a7,False,0.9999666645094925,[0.9999666645094923],410,432,1722366,ffb0266c7913352c,staged_polynomial_basis_with_constant,"[[""1"",""u1"",""u1^2"",""u1^3""]]","[[""1"",""u1"",""u1^2"",""u1^3""]]","[[{""term"":""1"",""term_index"":1,""coefficient"":0.23261038680215024},{""term"":""u1"",""term_index"":2,""coefficient"":0.587478609635026},{""term"":""u1^2"",""term_index"":3,""coefficient"":-0.22670190719419306},{""term"":""u1^3"",""term_index"":4,""coefficient"":0.022148385371237384}]]",capped,False,3,30,20,,[5],[5],"[""Success"",""Unstable""]","[""Success"",""Failure"",""MaxLossEvals""]",28199,28199,0,28199,0,250,27,0.0,0.0,0.0,0.0,0.0,0.0,,,0,1,4,0,0,0,4,0.0,0.0,0.0
244_evogrow_v2_2_stage_local_21_1_123,paper1_phaseC_v1,C,,campaign_cell,,21,Dimensionally reduced SIR infection model for dead people (dimensionless),1,surrogate,,evogrow_v2_2_stage_local,evogrow_v2_2_stage_local,123,finished,finished,True,,,2026-09-25T10:46:42.575Z,7.771990880439455e-05,,,,,pruned_support_terms_exact_match,5,,,1722366,,448.655840215,False,True,False,244,1,0c9672de35c75a9d,221a3a7,False,0.9999666645094925,[0.9999666645094923],410,432,1722366,ffb0266c7913352c,staged_polynomial_basis_with_constant,"[[""1"",""u1"",""u1^2"",""u1^3""]]","[[""1"",""u1"",""u1^2"",""u1^3""]]","[[{""term"":""1"",""term_index"":1,""coefficient"":0.23261038680215024},{""term"":""u1"",""term_index"":2,""coefficient"":0.587478609635026},{""term"":""u1^2"",""term_index"":3,""coefficient"":-0.22670190719419306},{""term"":""u1^3"",""term_index"":4,""coefficient"":0.022148385371237384}]]",uncapped,False,3,30,20,,,,"[""Success"",""Unstable""]","[""Success"",""Failure"",""MaxLossEvals""]",28199,28199,0,28199,0,250,27,0.0,0.0,0.0,0.0,0.0,0.0,,,0,1,4,0,0,0,4,0.0,0.0,0.0
245_evogrow_v2_2_stage_capped_21_1_7,paper1_phaseC_v1,C,,campaign_cell,,21,Dimensionally reduced SIR infection model for dead people (dimensionless),1,surrogate,,evogrow_v2_2_stage_capped,evogrow_v2_2_stage_capped,7,finished,finished,True,,,2026-09-25T10:46:46.497Z,7.773737002435066e-05,,,,,pruned_support_terms_exact_match,5,,,1548051,,405.279439286,False,True,False,245,1,0c9672de35c75a9d,221a3a7,False,0.9999666570200556,[0.9999666570200557],410,434,1548051,ffb0266c7913352c,staged_polynomial_basis_with_constant,"[[""1"",""u1"",""u1^2"",""u1^3""]]","[[""1"",""u1"",""u1^2"",""u1^3""]]","[[{""term"":""1"",""term_index"":1,""coefficient"":0.23266680465173506},{""term"":""u1"",""term_index"":2,""coefficient"":0.5872850432607595},{""term"":""u1^2"",""term_index"":3,""coefficient"":-0.22663019830520667},{""term"":""u1^3"",""term_index"":4,""coefficient"":0.022141964838017926}]]",capped,False,3,30,20,,[5],[5],"[""Success"",""Unstable""]","[""Success"",""Failure"",""MaxLossEvals""]",29892,29892,0,29892,0,269,17,0.0,0.0,0.0,0.0,0.0,0.0,,,0,1,4,0,0,0,4,0.0,0.0,0.0
246_evogrow_v2_2_stage_local_21_1_7,paper1_phaseC_v1,C,,campaign_cell,,21,Dimensionally reduced SIR infection model for dead people (dimensionless),1,surrogate,,evogrow_v2_2_stage_local,evogrow_v2_2_stage_local,7,finished,finished,True,,,2026-09-25T10:46:59.413Z,7.773737002435066e-05,,,,,pruned_support_terms_exact_match,5,,,1548051,,382.224366292,False,True,False,246,1,0c9672de35c75a9d,221a3a7,False,0.9999666570200556,[0.9999666570200557],410,434,1548051,ffb0266c7913352c,staged_polynomial_basis_with_constant,"[[""1"",""u1"",""u1^2"",""u1^3""]]","[[""1"",""u1"",""u1^2"",""u1^3""]]","[[{""term"":""1"",""term_index"":1,""coefficient"":0.23266680465173506},{""term"":""u1"",""term_index"":2,""coefficient"":0.5872850432607595},{""term"":""u1^2"",""term_index"":3,""coefficient"":-0.22663019830520667},{""term"":""u1^3"",""term_index"":4,""coefficient"":0.022141964838017926}]]",uncapped,False,3,30,20,,,,"[""Success"",""Unstable""]","[""Success"",""Failure"",""MaxLossEvals""]",29892,29892,0,29892,0,269,17,0.0,0.0,0.0,0.0,0.0,0.0,,,0,1,4,0,0,0,4,0.0,0.0,0.0
247_evogrow_v2_2_stage_capped_21_2_42,paper1_phaseC_v1,C,,campaign_cell,,21,Dimensionally reduced SIR infection model for dead people (dimensionless),1,surrogate,,evogrow_v2_2_stage_capped,evogrow_v2_2_stage_capped,42,finished,finished,True,,,2026-09-25T10:47:01.051Z,0.0001524687194504,,,,,pruned_support_terms_exact_match,5,,,1916593,,382.171822511,False,True,False,247,2,0c9672de35c75a9d,221a3a7,False,0.9999079256633832,[0.9999079256633832],410,473,1916593,ffb0266c7913352c,staged_polynomial_basis_with_constant,"[[""1"",""u1"",""u1^2""]]","[[""1"",""u1"",""u1^2""]]","[[{""term"":""1"",""term_index"":1,""coefficient"":0.6364151194175645},{""term"":""u1"",""term_index"":2,""coefficient"":0.06486726931295024},{""term"":""u1^2"",""term_index"":3,""coefficient"":-0.03144874843894755}]]",capped,False,3,30,20,,[5],[5],"[""Success"",""Unstable""]","[""Success"",""Failure"",""MaxLossEvals""]",47649,47649,0,47649,0,342,27,0.0,0.0,0.0,0.0,0.0,0.0,,,0,1,3,0,0,0,3,0.0,0.0,0.0
248_evogrow_v2_2_stage_local_21_2_42,paper1_phaseC_v1,C,,campaign_cell,,21,Dimensionally reduced SIR infection model for dead people (dimensionless),1,surrogate,,evogrow_v2_2_stage_local,evogrow_v2_2_stage_local,42,finished,finished,True,,,2026-09-25T10:47:51.889Z,0.0001524687194504,,,,,pruned_support_terms_exact_match,5,,,1916593,,391.419961496,False,True,False,248,2,0c9672de35c75a9d,221a3a7,False,0.9999079256633832,[0.9999079256633832],410,473,1916593,ffb0266c7913352c,staged_polynomial_basis_with_constant,"[[""1"",""u1"",""u1^2""]]","[[""1"",""u1"",""u1^2""]]","[[{""term"":""1"",""term_index"":1,""coefficient"":0.6364151194175645},{""term"":""u1"",""term_index"":2,""coefficient"":0.06486726931295024},{""term"":""u1^2"",""term_index"":3,""coefficient"":-0.03144874843894755}]]",uncapped,False,3,30,20,,,,"[""Success"",""Unstable""]","[""Success"",""Failure"",""MaxLossEvals""]",47649,47649,0,47649,0,342,27,0.0,0.0,0.0,0.0,0.0,0.0,,,0,1,3,0,0,0,3,0.0,0.0,0.0
249_evogrow_v2_2_stage_capped_21_2_123,paper1_phaseC_v1,C,,campaign_cell,,21,Dimensionally reduced SIR infection model for dead people (dimensionless),1,surrogate,,evogrow_v2_2_stage_capped,evogrow_v2_2_stage_capped,123,finished,finished,True,,,2026-09-25T10:47:25.309Z,0.00015246871985,,,,,pruned_support_terms_exact_match,5,,,1803766,,289.521216027,False,True,False,249,2,0c9672de35c75a9d,221a3a7,False,0.9999079256631418,[0.9999079256631418],410,462,1803766,ffb0266c7913352c,staged_polynomial_basis_with_constant,"[[""1"",""u1"",""u1^2""]]","[[""1"",""u1"",""u1^2""]]","[[{""term"":""1"",""term_index"":1,""coefficient"":0.636416474513028},{""term"":""u1"",""term_index"":2,""coefficient"":0.06486640764660236},{""term"":""u1^2"",""term_index"":3,""coefficient"":-0.031448629301249226}]]",capped,False,3,30,20,,[5],[5],"[""Success"",""Unstable""]","[""Success"",""Failure"",""MaxLossEvals""]",33407,33407,0,33407,0,325,19,0.0,0.0,0.0,0.0,0.0,0.0,,,0,1,3,0,0,0,3,0.0,0.0,0.0
250_evogrow_v2_2_stage_local_21_2_123,paper1_phaseC_v1,C,,campaign_cell,,21,Dimensionally reduced SIR infection model for dead people (dimensionless),1,surrogate,,evogrow_v2_2_stage_local,evogrow_v2_2_stage_local,123,finished,finished,True,,,2026-09-25T10:47:37.610Z,0.00015246871985,,,,,pruned_support_terms_exact_match,5,,,1803766,,335.984126624,False,True,False,250,2,0c9672de35c75a9d,221a3a7,False,0.9999079256631418,[0.9999079256631418],410,462,1803766,ffb0266c7913352c,staged_polynomial_basis_with_constant,"[[""1"",""u1"",""u1^2""]]","[[""1"",""u1"",""u1^2""]]","[[{""term"":""1"",""term_index"":1,""coefficient"":0.636416474513028},{""term"":""u1"",""term_index"":2,""coefficient"":0.06486640764660236},{""term"":""u1^2"",""term_index"":3,""coefficient"":-0.031448629301249226}]]",uncapped,False,3,30,20,,,,"[""Success"",""Unstable""]","[""Success"",""Failure"",""MaxLossEvals""]",33407,33407,0,33407,0,325,19,0.0,0.0,0.0,0.0,0.0,0.0,,,0,1,3,0,0,0,3,0.0,0.0,0.0
251_evogrow_v2_2_stage_capped_21_2_7,paper1_phaseC_v1,C,,campaign_cell,,21,Dimensionally reduced SIR infection model for dead people (dimensionless),1,surrogate,,evogrow_v2_2_stage_capped,evogrow_v2_2_stage_capped,7,finished,finished,True,,,2026-09-25T10:49:19.035Z,0.0001524687198663,,,,,pruned_support_terms_exact_match,5,,,1825927,,380.925138457,False,True,False,251,2,0c9672de35c75a9d,221a3a7,False,0.999907925663132,[0.999907925663132],410,465,1825927,ffb0266c7913352c,staged_polynomial_basis_with_constant,"[[""1"",""u1"",""u1^2""]]","[[""1"",""u1"",""u1^2""]]","[[{""term"":""1"",""term_index"":1,""coefficient"":0.6364187614648944},{""term"":""u1"",""term_index"":2,""coefficient"":0.06486443259382019},{""term"":""u1^2"",""term_index"":3,""coefficient"":-0.03144828674963412}]]",capped,False,3,30,20,,[5],[5],"[""Success"",""Unstable""]","[""Success"",""Failure"",""MaxLossEvals""]",38617,38617,0,38617,0,333,21,0.0,0.0,0.0,0.0,0.0,0.0,,,0,1,3,0,0,0,3,0.0,0.0,0.0
252_evogrow_v2_2_stage_local_21_2_7,paper1_phaseC_v1,C,,campaign_cell,,21,Dimensionally reduced SIR infection model for dead people (dimensionless),1,surrogate,,evogrow_v2_2_stage_local,evogrow_v2_2_stage_local,7,finished,finished,True,,,2026-09-25T10:51:26.435Z,0.0001524687198663,,,,,pruned_support_terms_exact_match,5,,,1825927,,365.45499839,False,True,False,252,2,0c9672de35c75a9d,221a3a7,False,0.999907925663132,[0.999907925663132],410,465,1825927,ffb0266c7913352c,staged_polynomial_basis_with_constant,"[[""1"",""u1"",""u1^2""]]","[[""1"",""u1"",""u1^2""]]","[[{""term"":""1"",""term_index"":1,""coefficient"":0.6364187614648944},{""term"":""u1"",""term_index"":2,""coefficient"":0.06486443259382019},{""term"":""u1^2"",""term_index"":3,""coefficient"":-0.03144828674963412}]]",uncapped,False,3,30,20,,,,"[""Success"",""Unstable""]","[""Success"",""Failure"",""MaxLossEvals""]",38617,38617,0,38617,0,333,21,0.0,0.0,0.0,0.0,0.0,0.0,,,0,1,3,0,0,0,3,0.0,0.0,0.0
253_evogrow_v2_2_stage_capped_22_1_42,paper1_phaseC_v1,C,,campaign_cell,,22,"Hysteretic activation of a protein expression (positive feedback, basal promoter expression)",1,surrogate,,evogrow_v2_2_stage_capped,evogrow_v2_2_stage_capped,42,finished,finished,True,,,2026-09-25T10:51:08.378Z,1.3614691927418965e-05,,,,,pruned_support_terms_exact_match,5,,,117464,,38.808714504,False,True,False,253,1,0c9672de35c75a9d,221a3a7,False,0.9998798481986246,[0.9998798481986246],410,535,117464,ffb0266c7913352c,staged_polynomial_basis_with_constant,"[[""1"",""u1""]]","[[""1"",""u1""]]","[[{""term"":""1"",""term_index"":1,""coefficient"":1.175737408384971},{""term"":""u1"",""term_index"":2,""coefficient"":-0.7323415178040285}]]",capped,False,3,30,20,,[5],[5],"[""Success"",""Unstable""]","[""Success"",""Failure""]",10948,10948,0,10948,0,9,0,0.0,0.0,0.0,0.0,0.0,0.0,,,0,1,2,0,0,0,2,0.0,0.0,0.0
254_evogrow_v2_2_stage_local_22_1_42,paper1_phaseC_v1,C,,campaign_cell,,22,"Hysteretic activation of a protein expression (positive feedback, basal promoter expression)",1,surrogate,,evogrow_v2_2_stage_local,evogrow_v2_2_stage_local,42,finished,finished,True,,,2026-09-25T10:52:43.571Z,1.3614691927418965e-05,,,,,pruned_support_terms_exact_match,5,,,117464,,37.159474678,False,True,False,254,1,0c9672de35c75a9d,221a3a7,False,0.9998798481986246,[0.9998798481986246],410,535,117464,ffb0266c7913352c,staged_polynomial_basis_with_constant,"[[""1"",""u1""]]","[[""1"",""u1""]]","[[{""term"":""1"",""term_index"":1,""coefficient"":1.175737408384971},{""term"":""u1"",""term_index"":2,""coefficient"":-0.7323415178040285}]]",uncapped,False,3,30,20,,,,"[""Success"",""Unstable""]","[""Success"",""Failure""]",10948,10948,0,10948,0,9,0,0.0,0.0,0.0,0.0,0.0,0.0,,,0,1,2,0,0,0,2,0.0,0.0,0.0
255_evogrow_v2_2_stage_capped_22_1_123,paper1_phaseC_v1,C,,campaign_cell,,22,"Hysteretic activation of a protein expression (positive feedback, basal promoter expression)",1,surrogate,,evogrow_v2_2_stage_capped,evogrow_v2_2_stage_capped,123,finished,finished,True,,,2026-09-25T10:53:14.321Z,1.3614691926750492e-05,,,,,pruned_support_terms_exact_match,5,,,114913,,45.331269141,False,True,False,255,1,0c9672de35c75a9d,221a3a7,False,0.9998798481986304,[0.9998798481986305],410,556,114913,ffb0266c7913352c,staged_polynomial_basis_with_constant,"[[""1"",""u1""]]","[[""1"",""u1""]]","[[{""term"":""1"",""term_index"":1,""coefficient"":1.1757372832764938},{""term"":""u1"",""term_index"":2,""coefficient"":-0.7323414505396112}]]",capped,False,3,30,20,,[5],[5],"[""Success"",""Unstable""]","[""Success"",""Failure""]",11143,11143,0,11143,0,8,0,0.0,0.0,0.0,0.0,0.0,0.0,,,0,1,2,0,0,0,2,0.0,0.0,0.0
256_evogrow_v2_2_stage_local_22_1_123,paper1_phaseC_v1,C,,campaign_cell,,22,"Hysteretic activation of a protein expression (positive feedback, basal promoter expression)",1,surrogate,,evogrow_v2_2_stage_local,evogrow_v2_2_stage_local,123,finished,finished,True,,,2026-09-25T10:53:20.425Z,1.3614691926750492e-05,,,,,pruned_support_terms_exact_match,5,,,114913,,42.781099846,False,True,False,256,1,0c9672de35c75a9d,221a3a7,False,0.9998798481986304,[0.9998798481986305],410,556,114913,ffb0266c7913352c,staged_polynomial_basis_with_constant,"[[""1"",""u1""]]","[[""1"",""u1""]]","[[{""term"":""1"",""term_index"":1,""coefficient"":1.1757372832764938},{""term"":""u1"",""term_index"":2,""coefficient"":-0.7323414505396112}]]",uncapped,False,3,30,20,,,,"[""Success"",""Unstable""]","[""Success"",""Failure""]",11143,11143,0,11143,0,8,0,0.0,0.0,0.0,0.0,0.0,0.0,,,0,1,2,0,0,0,2,0.0,0.0,0.0
257_evogrow_v2_2_stage_capped_22_1_7,paper1_phaseC_v1,C,,campaign_cell,,22,"Hysteretic activation of a protein expression (positive feedback, basal promoter expression)",1,surrogate,,evogrow_v2_2_stage_capped,evogrow_v2_2_stage_capped,7,finished,finished,True,,,2026-09-25T10:53:14.289Z,1.3614691927663829e-05,,,,,pruned_support_terms_exact_match,5,,,122295,,42.073616901,False,True,False,257,1,0c9672de35c75a9d,221a3a7,False,0.9998798481986224,[0.9998798481986225],410,552,122295,ffb0266c7913352c,staged_polynomial_basis_with_constant,"[[""1"",""u1""]]","[[""1"",""u1""]]","[[{""term"":""1"",""term_index"":1,""coefficient"":1.1757374239149032},{""term"":""u1"",""term_index"":2,""coefficient"":-0.7323415275236089}]]",capped,False,3,30,20,,[5],[5],"[""Success"",""Unstable""]","[""Success"",""Failure""]",11870,11870,0,11870,0,7,0,0.0,0.0,0.0,0.0,0.0,0.0,,,0,1,2,0,0,0,2,0.0,0.0,0.0
258_evogrow_v2_2_stage_local_22_1_7,paper1_phaseC_v1,C,,campaign_cell,,22,"Hysteretic activation of a protein expression (positive feedback, basal promoter expression)",1,surrogate,,evogrow_v2_2_stage_local,evogrow_v2_2_stage_local,7,finished,finished,True,,,2026-09-25T10:53:38.570Z,1.3614691927663829e-05,,,,,pruned_support_terms_exact_match,5,,,122295,,38.368141168,False,True,False,258,1,0c9672de35c75a9d,221a3a7,False,0.9998798481986224,[0.9998798481986225],410,552,122295,ffb0266c7913352c,staged_polynomial_basis_with_constant,"[[""1"",""u1""]]","[[""1"",""u1""]]","[[{""term"":""1"",""term_index"":1,""coefficient"":1.1757374239149032},{""term"":""u1"",""term_index"":2,""coefficient"":-0.7323415275236089}]]",uncapped,False,3,30,20,,,,"[""Success"",""Unstable""]","[""Success"",""Failure""]",11870,11870,0,11870,0,7,0,0.0,0.0,0.0,0.0,0.0,0.0,,,0,1,2,0,0,0,2,0.0,0.0,0.0
259_evogrow_v2_2_stage_capped_22_2_42,paper1_phaseC_v1,C,,campaign_cell,,22,"Hysteretic activation of a protein expression (positive feedback, basal promoter expression)",1,surrogate,,evogrow_v2_2_stage_capped,evogrow_v2_2_stage_capped,42,finished,finished,True,,,2026-09-25T10:54:17.403Z,0.0002905826467253,,,,,pruned_support_terms_exact_match,5,,,81896,,37.437598392,False,True,False,259,2,0c9672de35c75a9d,221a3a7,False,0.9997247689897404,[0.9997247689897405],410,566,81896,ffb0266c7913352c,staged_polynomial_basis_with_constant,"[[""1"",""u1""]]","[[""1"",""u1""]]","[[{""term"":""1"",""term_index"":1,""coefficient"":1.237963201991091},{""term"":""u1"",""term_index"":2,""coefficient"":-0.7665562635292198}]]",capped,False,3,30,20,,[5],[5],"[""Success"",""Unstable""]","[""Success"",""Failure""]",10250,10250,0,10250,0,3,0,0.0,0.0,0.0,0.0,0.0,0.0,,,0,1,2,0,0,0,2,0.0,0.0,0.0
260_evogrow_v2_2_stage_local_22_2_42,paper1_phaseC_v1,C,,campaign_cell,,22,"Hysteretic activation of a protein expression (positive feedback, basal promoter expression)",1,surrogate,,evogrow_v2_2_stage_local,evogrow_v2_2_stage_local,42,finished,finished,True,,,2026-09-25T10:54:18.132Z,0.0002905826467253,,,,,pruned_support_terms_exact_match,5,,,81896,,35.032110201,False,True,False,260,2,0c9672de35c75a9d,221a3a7,False,0.9997247689897404,[0.9997247689897405],410,566,81896,ffb0266c7913352c,staged_polynomial_basis_with_constant,"[[""1"",""u1""]]","[[""1"",""u1""]]","[[{""term"":""1"",""term_index"":1,""coefficient"":1.237963201991091},{""term"":""u1"",""term_index"":2,""coefficient"":-0.7665562635292198}]]",uncapped,False,3,30,20,,,,"[""Success"",""Unstable""]","[""Success"",""Failure""]",10250,10250,0,10250,0,3,0,0.0,0.0,0.0,0.0,0.0,0.0,,,0,1,2,0,0,0,2,0.0,0.0,0.0
261_evogrow_v2_2_stage_capped_22_2_123,paper1_phaseC_v1,C,,campaign_cell,,22,"Hysteretic activation of a protein expression (positive feedback, basal promoter expression)",1,surrogate,,evogrow_v2_2_stage_capped,evogrow_v2_2_stage_capped,123,finished,finished,True,,,2026-09-25T10:54:26.659Z,0.0002905826467253,,,,,pruned_support_terms_exact_match,5,,,78785,,38.432482175,False,True,False,261,2,0c9672de35c75a9d,221a3a7,False,0.9997247689897404,[0.9997247689897405],410,567,78785,ffb0266c7913352c,staged_polynomial_basis_with_constant,"[[""1"",""u1""]]","[[""1"",""u1""]]","[[{""term"":""1"",""term_index"":1,""coefficient"":1.2379632021060178},{""term"":""u1"",""term_index"":2,""coefficient"":-0.7665562628346407}]]",capped,False,3,30,20,,[5],[5],"[""Success"",""Unstable""]","[""Success"",""Failure""]",10095,10095,0,10095,0,3,0,0.0,0.0,0.0,0.0,0.0,0.0,,,0,1,2,0,0,0,2,0.0,0.0,0.0
262_evogrow_v2_2_stage_local_22_2_123,paper1_phaseC_v1,C,,campaign_cell,,22,"Hysteretic activation of a protein expression (positive feedback, basal promoter expression)",1,surrogate,,evogrow_v2_2_stage_local,evogrow_v2_2_stage_local,123,finished,finished,True,,,2026-09-25T10:54:21.624Z,0.0002905826467253,,,,,pruned_support_terms_exact_match,5,,,78785,,31.49275129,False,True,False,262,2,0c9672de35c75a9d,221a3a7,False,0.9997247689897404,[0.9997247689897405],410,567,78785,ffb0266c7913352c,staged_polynomial_basis_with_constant,"[[""1"",""u1""]]","[[""1"",""u1""]]","[[{""term"":""1"",""term_index"":1,""coefficient"":1.2379632021060178},{""term"":""u1"",""term_index"":2,""coefficient"":-0.7665562628346407}]]",uncapped,False,3,30,20,,,,"[""Success"",""Unstable""]","[""Success"",""Failure""]",10095,10095,0,10095,0,3,0,0.0,0.0,0.0,0.0,0.0,0.0,,,0,1,2,0,0,0,2,0.0,0.0,0.0
263_evogrow_v2_2_stage_capped_22_2_7,paper1_phaseC_v1,C,,campaign_cell,,22,"Hysteretic activation of a protein expression (positive feedback, basal promoter expression)",1,surrogate,,evogrow_v2_2_stage_capped,evogrow_v2_2_stage_capped,7,finished,finished,True,,,2026-09-25T10:54:56.208Z,0.0002905826467253,,,,,pruned_support_terms_exact_match,5,,,88626,,67.944835212,False,True,False,263,2,0c9672de35c75a9d,221a3a7,False,0.9997247689897406,[0.9997247689897406],410,585,88626,ffb0266c7913352c,staged_polynomial_basis_with_constant,"[[""1"",""u1""]]","[[""1"",""u1""]]","[[{""term"":""1"",""term_index"":1,""coefficient"":1.2379632038872501},{""term"":""u1"",""term_index"":2,""coefficient"":-0.7665562639323323}]]",capped,False,3,30,20,,[5],[5],"[""Success"",""Unstable""]","[""Success"",""Failure""]",11207,11207,0,11207,0,4,0,0.0,0.0,0.0,0.0,0.0,0.0,,,0,1,2,0,0,0,2,0.0,0.0,0.0
264_evogrow_v2_2_stage_local_22_2_7,paper1_phaseC_v1,C,,campaign_cell,,22,"Hysteretic activation of a protein expression (positive feedback, basal promoter expression)",1,surrogate,,evogrow_v2_2_stage_local,evogrow_v2_2_stage_local,7,finished,finished,True,,,2026-09-25T10:54:53.182Z,0.0002905826467253,,,,,pruned_support_terms_exact_match,5,,,88626,,33.975587927,False,True,False,264,2,0c9672de35c75a9d,221a3a7,False,0.9997247689897406,[0.9997247689897406],410,585,88626,ffb0266c7913352c,staged_polynomial_basis_with_constant,"[[""1"",""u1""]]","[[""1"",""u1""]]","[[{""term"":""1"",""term_index"":1,""coefficient"":1.2379632038872501},{""term"":""u1"",""term_index"":2,""coefficient"":-0.7665562639323323}]]",uncapped,False,3,30,20,,,,"[""Success"",""Unstable""]","[""Success"",""Failure""]",11207,11207,0,11207,0,4,0,0.0,0.0,0.0,0.0,0.0,0.0,,,0,1,2,0,0,0,2,0.0,0.0,0.0
265_evogrow_v2_2_stage_capped_23_1_42,paper1_phaseC_v1,C,,campaign_cell,,23,Overdamped pendulum with constant driving torque/fireflies/Josephson junction (dimensionless),1,exact,5.0,evogrow_v2_2_stage_capped,evogrow_v2_2_stage_capped,42,finished,finished,True,,,2026-09-25T10:55:11.452Z,0.0001953864243247,,False,False,False,pruned_support_terms_exact_match,5,0.0,0.0,485134,,148.41810361,False,True,False,265,1,0c9672de35c75a9d,221a3a7,False,0.9997147066476536,[0.9997147066476535],410,570,485134,ffb0266c7913352c,staged_polynomial_basis_with_constant,"[[""1"",""u1"",""u1^2""]]","[[""1"",""u1"",""u1^2""]]","[[{""term"":""1"",""term_index"":1,""coefficient"":0.24160435212151465},{""term"":""u1"",""term_index"":2,""coefficient"":-1.1317321538968688},{""term"":""u1^2"",""term_index"":3,""coefficient"":-0.35673263160394647}]]",capped,False,3,30,20,[0],[5],[5],"[""Success"",""Unstable""]","[""Success"",""Failure"",""MaxLossEvals""]",16616,16616,0,16616,0,46,13,0.4,0.4,0.3333333333333333,0.3333333333333333,0.5,0.5,0.5752484574321778,1.0,2,1,3,2,1,1,2,0.4,0.3333333333333333,0.5
266_evogrow_v2_2_stage_local_23_1_42,paper1_phaseC_v1,C,,campaign_cell,,23,Overdamped pendulum with constant driving torque/fireflies/Josephson junction (dimensionless),1,exact,5.0,evogrow_v2_2_stage_local,evogrow_v2_2_stage_local,42,finished,finished,True,,,2026-09-25T10:55:14.414Z,0.0001953864243247,,False,False,False,pruned_support_terms_exact_match,5,0.0,0.0,485134,,159.109944165,False,True,False,266,1,0c9672de35c75a9d,221a3a7,False,0.9997147066476536,[0.9997147066476535],410,570,485134,ffb0266c7913352c,staged_polynomial_basis_with_constant,"[[""1"",""u1"",""u1^2""]]","[[""1"",""u1"",""u1^2""]]","[[{""term"":""1"",""term_index"":1,""coefficient"":0.24160435212151465},{""term"":""u1"",""term_index"":2,""coefficient"":-1.1317321538968688},{""term"":""u1^2"",""term_index"":3,""coefficient"":-0.35673263160394647}]]",uncapped,False,3,30,20,,,,"[""Success"",""Unstable""]","[""Success"",""Failure"",""MaxLossEvals""]",16616,16616,0,16616,0,46,13,0.4,0.4,0.3333333333333333,0.3333333333333333,0.5,0.5,0.5752484574321778,1.0,2,1,3,2,1,1,2,0.4,0.3333333333333333,0.5
267_evogrow_v2_2_stage_capped_23_1_123,paper1_phaseC_v1,C,,campaign_cell,,23,Overdamped pendulum with constant driving torque/fireflies/Josephson junction (dimensionless),1,exact,5.0,evogrow_v2_2_stage_capped,evogrow_v2_2_stage_capped,123,finished,finished,True,,,2026-09-25T10:55:17.081Z,0.000195386424321,,False,False,False,pruned_support_terms_exact_match,5,0.0,0.0,369341,,109.784033932,False,True,False,267,1,0c9672de35c75a9d,221a3a7,False,0.9997147066476588,[0.9997147066476588],410,578,369341,ffb0266c7913352c,staged_polynomial_basis_with_constant,"[[""1"",""u1"",""u1^2""]]","[[""1"",""u1"",""u1^2""]]","[[{""term"":""1"",""term_index"":1,""coefficient"":0.24160434513719162},{""term"":""u1"",""term_index"":2,""coefficient"":-1.1317321192539194},{""term"":""u1^2"",""term_index"":3,""coefficient"":-0.3567326139482066}]]",capped,False,3,30,20,[0],[5],[5],"[""Success"",""Unstable""]","[""Success"",""Failure"",""MaxLossEvals""]",15917,15917,0,15917,0,38,8,0.4,0.4,0.3333333333333333,0.3333333333333333,0.5,0.5,0.5752484408028372,1.0,2,1,3,2,1,1,2,0.4,0.3333333333333333,0.5
268_evogrow_v2_2_stage_local_23_1_123,paper1_phaseC_v1,C,,campaign_cell,,23,Overdamped pendulum with constant driving torque/fireflies/Josephson junction (dimensionless),1,exact,5.0,evogrow_v2_2_stage_local,evogrow_v2_2_stage_local,123,finished,finished,True,,,2026-09-25T10:55:13.633Z,0.000195386424321,,False,False,False,pruned_support_terms_exact_match,5,0.0,0.0,369341,,96.177330105,False,True,False,268,1,0c9672de35c75a9d,221a3a7,False,0.9997147066476588,[0.9997147066476588],410,578,369341,ffb0266c7913352c,staged_polynomial_basis_with_constant,"[[""1"",""u1"",""u1^2""]]","[[""1"",""u1"",""u1^2""]]","[[{""term"":""1"",""term_index"":1,""coefficient"":0.24160434513719162},{""term"":""u1"",""term_index"":2,""coefficient"":-1.1317321192539194},{""term"":""u1^2"",""term_index"":3,""coefficient"":-0.3567326139482066}]]",uncapped,False,3,30,20,,,,"[""Success"",""Unstable""]","[""Success"",""Failure"",""MaxLossEvals""]",15917,15917,0,15917,0,38,8,0.4,0.4,0.3333333333333333,0.3333333333333333,0.5,0.5,0.5752484408028372,1.0,2,1,3,2,1,1,2,0.4,0.3333333333333333,0.5
269_evogrow_v2_2_stage_capped_23_1_7,paper1_phaseC_v1,C,,campaign_cell,,23,Overdamped pendulum with constant driving torque/fireflies/Josephson junction (dimensionless),1,exact,5.0,evogrow_v2_2_stage_capped,evogrow_v2_2_stage_capped,7,finished,finished,True,,,2026-09-25T10:55:30.781Z,0.0001953864243295,,False,False,False,pruned_support_terms_exact_match,5,0.0,0.0,398673,,120.678816289,False,True,False,269,1,0c9672de35c75a9d,221a3a7,False,0.9997147066476464,[0.9997147066476464],410,591,398673,ffb0266c7913352c,staged_polynomial_basis_with_constant,"[[""1"",""u1"",""u1^2""]]","[[""1"",""u1"",""u1^2""]]","[[{""term"":""1"",""term_index"":1,""coefficient"":0.24160436789069697},{""term"":""u1"",""term_index"":2,""coefficient"":-1.1317321941924035},{""term"":""u1^2"",""term_index"":3,""coefficient"":-0.3567326544348007}]]",capped,False,3,30,20,[0],[5],[5],"[""Success"",""Unstable""]","[""Success"",""Failure"",""MaxLossEvals""]",15281,15281,0,15281,0,41,10,0.4,0.4,0.3333333333333333,0.3333333333333333,0.5,0.5,0.57524849497785,1.0,2,1,3,2,1,1,2,0.4,0.3333333333333333,0.5
270_evogrow_v2_2_stage_local_23_1_7,paper1_phaseC_v1,C,,campaign_cell,,23,Overdamped pendulum with constant driving torque/fireflies/Josephson junction (dimensionless),1,exact,5.0,evogrow_v2_2_stage_local,evogrow_v2_2_stage_local,7,finished,finished,True,,,2026-09-25T10:56:02.726Z,0.0001953864243295,,False,False,False,pruned_support_terms_exact_match,5,0.0,0.0,398673,,115.629072961,False,True,False,270,1,0c9672de35c75a9d,221a3a7,False,0.9997147066476464,[0.9997147066476464],410,591,398673,ffb0266c7913352c,staged_polynomial_basis_with_constant,"[[""1"",""u1"",""u1^2""]]","[[""1"",""u1"",""u1^2""]]","[[{""term"":""1"",""term_index"":1,""coefficient"":0.24160436789069697},{""term"":""u1"",""term_index"":2,""coefficient"":-1.1317321941924035},{""term"":""u1^2"",""term_index"":3,""coefficient"":-0.3567326544348007}]]",uncapped,False,3,30,20,,,,"[""Success"",""Unstable""]","[""Success"",""Failure"",""MaxLossEvals""]",15281,15281,0,15281,0,41,10,0.4,0.4,0.3333333333333333,0.3333333333333333,0.5,0.5,0.57524849497785,1.0,2,1,3,2,1,1,2,0.4,0.3333333333333333,0.5
271_evogrow_v2_2_stage_capped_23_2_42,paper1_phaseC_v1,C,,campaign_cell,,23,Overdamped pendulum with constant driving torque/fireflies/Josephson junction (dimensionless),1,exact,5.0,evogrow_v2_2_stage_capped,evogrow_v2_2_stage_capped,42,finished,finished,True,,,2026-09-25T10:55:50.843Z,0.0004794607150079,,False,False,False,pruned_support_terms_exact_match,5,0.0,0.0,98780,,34.741237807,False,True,False,271,2,0c9672de35c75a9d,221a3a7,False,0.9957497969886252,[0.9957497969886251],410,502,98780,ffb0266c7913352c,staged_polynomial_basis_with_constant,"[[""1"",""u1""]]","[[""1"",""u1""]]","[[{""term"":""1"",""term_index"":1,""coefficient"":0.1469780445872905},{""term"":""u1"",""term_index"":2,""coefficient"":-0.7433516279633308}]]",capped,False,3,30,20,[0],[5],[5],"[""Success"",""Unstable""]","[""Success"",""Failure""]",6503,6503,0,6503,0,6,0,0.5,0.5,0.5,0.5,0.5,0.5,0.6500522747921655,1.0,2,1,2,2,1,1,1,0.5,0.5,0.5
272_evogrow_v2_2_stage_local_23_2_42,paper1_phaseC_v1,C,,campaign_cell,,23,Overdamped pendulum with constant driving torque/fireflies/Josephson junction (dimensionless),1,exact,5.0,evogrow_v2_2_stage_local,evogrow_v2_2_stage_local,42,finished,finished,True,,,2026-09-25T10:55:58.864Z,0.0004794607150079,,False,False,False,pruned_support_terms_exact_match,5,0.0,0.0,98780,,38.061541846,False,True,False,272,2,0c9672de35c75a9d,221a3a7,False,0.9957497969886252,[0.9957497969886251],410,502,98780,ffb0266c7913352c,staged_polynomial_basis_with_constant,"[[""1"",""u1""]]","[[""1"",""u1""]]","[[{""term"":""1"",""term_index"":1,""coefficient"":0.1469780445872905},{""term"":""u1"",""term_index"":2,""coefficient"":-0.7433516279633308}]]",uncapped,False,3,30,20,,,,"[""Success"",""Unstable""]","[""Success"",""Failure""]",6503,6503,0,6503,0,6,0,0.5,0.5,0.5,0.5,0.5,0.5,0.6500522747921655,1.0,2,1,2,2,1,1,1,0.5,0.5,0.5
273_evogrow_v2_2_stage_capped_23_2_123,paper1_phaseC_v1,C,,campaign_cell,,23,Overdamped pendulum with constant driving torque/fireflies/Josephson junction (dimensionless),1,exact,5.0,evogrow_v2_2_stage_capped,evogrow_v2_2_stage_capped,123,finished,finished,True,,,2026-09-25T10:55:59.977Z,0.0004794607150079,,False,False,False,pruned_support_terms_exact_match,5,0.0,0.0,102296,,40.317260254,False,True,False,273,2,0c9672de35c75a9d,221a3a7,False,0.9957497969886252,[0.9957497969886251],410,519,102296,ffb0266c7913352c,staged_polynomial_basis_with_constant,"[[""1"",""u1""]]","[[""1"",""u1""]]","[[{""term"":""1"",""term_index"":1,""coefficient"":0.14697803895391173},{""term"":""u1"",""term_index"":2,""coefficient"":-0.7433516156691379}]]",capped,False,3,30,20,[0],[5],[5],"[""Success"",""Unstable""]","[""Success"",""Failure""]",6782,6782,0,6782,0,6,0,0.5,0.5,0.5,0.5,0.5,0.5,0.6500522882049721,1.0,2,1,2,2,1,1,1,0.5,0.5,0.5
274_evogrow_v2_2_stage_local_23_2_123,paper1_phaseC_v1,C,,campaign_cell,,23,Overdamped pendulum with constant driving torque/fireflies/Josephson junction (dimensionless),1,exact,5.0,evogrow_v2_2_stage_local,evogrow_v2_2_stage_local,123,finished,finished,True,,,2026-09-25T10:56:03.134Z,0.0004794607150079,,False,False,False,pruned_support_terms_exact_match,5,0.0,0.0,102296,,39.500759365,False,True,False,274,2,0c9672de35c75a9d,221a3a7,False,0.9957497969886252,[0.9957497969886251],410,519,102296,ffb0266c7913352c,staged_polynomial_basis_with_constant,"[[""1"",""u1""]]","[[""1"",""u1""]]","[[{""term"":""1"",""term_index"":1,""coefficient"":0.14697803895391173},{""term"":""u1"",""term_index"":2,""coefficient"":-0.7433516156691379}]]",uncapped,False,3,30,20,,,,"[""Success"",""Unstable""]","[""Success"",""Failure""]",6782,6782,0,6782,0,6,0,0.5,0.5,0.5,0.5,0.5,0.5,0.6500522882049721,1.0,2,1,2,2,1,1,1,0.5,0.5,0.5
275_evogrow_v2_2_stage_capped_23_2_7,paper1_phaseC_v1,C,,campaign_cell,,23,Overdamped pendulum with constant driving torque/fireflies/Josephson junction (dimensionless),1,exact,5.0,evogrow_v2_2_stage_capped,evogrow_v2_2_stage_capped,7,finished,finished,True,,,2026-09-25T10:56:24.719Z,0.0004794607150079,,False,False,False,pruned_support_terms_exact_match,5,0.0,0.0,116258,,39.914345505,False,True,False,275,2,0c9672de35c75a9d,221a3a7,False,0.9957497969886252,[0.9957497969886252],410,503,116258,ffb0266c7913352c,staged_polynomial_basis_with_constant,"[[""1"",""u1""]]","[[""1"",""u1""]]","[[{""term"":""1"",""term_index"":1,""coefficient"":0.1469780398116826},{""term"":""u1"",""term_index"":2,""coefficient"":-0.7433516163090196}]]",capped,False,3,30,20,[0],[5],[5],"[""Success"",""Unstable""]","[""Success"",""Failure"",""MaxLossEvals""]",6472,6472,0,6472,0,6,1,0.5,0.5,0.5,0.5,0.5,0.5,0.6500522861626605,1.0,2,1,2,2,1,1,1,0.5,0.5,0.5
276_evogrow_v2_2_stage_local_23_2_7,paper1_phaseC_v1,C,,campaign_cell,,23,Overdamped pendulum with constant driving torque/fireflies/Josephson junction (dimensionless),1,exact,5.0,evogrow_v2_2_stage_local,evogrow_v2_2_stage_local,7,finished,finished,True,,,2026-09-25T10:56:45.901Z,0.0004794607150079,,False,False,False,pruned_support_terms_exact_match,5,0.0,0.0,116258,,41.340710497,False,True,False,276,2,0c9672de35c75a9d,221a3a7,False,0.9957497969886252,[0.9957497969886252],410,503,116258,ffb0266c7913352c,staged_polynomial_basis_with_constant,"[[""1"",""u1""]]","[[""1"",""u1""]]","[[{""term"":""1"",""term_index"":1,""coefficient"":0.1469780398116826},{""term"":""u1"",""term_index"":2,""coefficient"":-0.7433516163090196}]]",uncapped,False,3,30,20,,,,"[""Success"",""Unstable""]","[""Success"",""Failure"",""MaxLossEvals""]",6472,6472,0,6472,0,6,1,0.5,0.5,0.5,0.5,0.5,0.5,0.6500522861626605,1.0,2,1,2,2,1,1,1,0.5,0.5,0.5
277_evogrow_v2_2_stage_capped_24_1_42,paper1_phaseC_v1,C,,campaign_cell,,24,Harmonic oscillator without damping,2,exact,1.0,evogrow_v2_2_stage_capped,evogrow_v2_2_stage_capped,42,finished,finished,True,,,2026-09-21T13:17:24.427Z,2.620406139855098e-14,,True,False,True,pruned_support_terms_exact_match,1,0.0,0.0,95179,,32.619670004,False,True,False,277,1,0c9672de35c75a9d,221a3a7,False,0.999999999999789,"[0.9999999999997911, 0.9999999999997868]",50,50,95179,ffb0266c7913352c,staged_polynomial_basis_with_constant,"[[""u1"",""u2""],[""u1""]]","[[""u2""],[""u1""]]","[[{""term"":""u1"",""term_index"":2,""coefficient"":-7.718956594973106e-08},{""term"":""u2"",""term_index"":3,""coefficient"":0.9999992118310764}],[{""term"":""u1"",""term_index"":2,""coefficient"":-2.1000013616327733}]]",capped,False,3,30,2,"[0,0]","[1,1]","[null,null]","[""Success""]","[""Success"",""Failure"",""MaxLossEvals""]",0,0,0,0,0,6,3,0.8,0.8333333333333333,0.6666666666666666,0.75,1.0,1.0,7.182827411189585e-07,7.88168923571142e-07,2,2,3,2,2,0,1,0.8,0.6666666666666666,1.0
278_evogrow_v2_2_stage_local_24_1_42,paper1_phaseC_v1,C,,campaign_cell,,24,Harmonic oscillator without damping,2,exact,1.0,evogrow_v2_2_stage_local,evogrow_v2_2_stage_local,42,finished,finished,True,,,2026-09-21T13:17:32.391Z,2.620406139855098e-14,,True,False,True,pruned_support_terms_exact_match,1,0.0,0.0,95179,,36.223426627,False,True,False,278,1,0c9672de35c75a9d,221a3a7,False,0.999999999999789,"[0.9999999999997911, 0.9999999999997868]",50,50,95179,ffb0266c7913352c,staged_polynomial_basis_with_constant,"[[""u1"",""u2""],[""u1""]]","[[""u2""],[""u1""]]","[[{""term"":""u1"",""term_index"":2,""coefficient"":-7.718956594973106e-08},{""term"":""u2"",""term_index"":3,""coefficient"":0.9999992118310764}],[{""term"":""u1"",""term_index"":2,""coefficient"":-2.1000013616327733}]]",uncapped,False,3,30,2,,,,"[""Success""]","[""Success"",""Failure"",""MaxLossEvals""]",0,0,0,0,0,6,3,0.8,0.8333333333333333,0.6666666666666666,0.75,1.0,1.0,7.182827411189585e-07,7.88168923571142e-07,2,2,3,2,2,0,1,0.8,0.6666666666666666,1.0
279_evogrow_v2_2_stage_capped_24_1_123,paper1_phaseC_v1,C,,campaign_cell,,24,Harmonic oscillator without damping,2,exact,1.0,evogrow_v2_2_stage_capped,evogrow_v2_2_stage_capped,123,finished,finished,True,,,2026-09-21T13:17:31.810Z,2.9633286578134944e-14,,True,False,True,pruned_support_terms_exact_match,1,0.0,0.0,70292,,30.58948698,False,True,False,279,1,0c9672de35c75a9d,221a3a7,False,0.99999999999976,"[0.9999999999997589, 0.9999999999997612]",30,30,70292,ffb0266c7913352c,staged_polynomial_basis_with_constant,"[[""u1"",""u2""],[""u1""]]","[[""u2""],[""u1""]]","[[{""term"":""u1"",""term_index"":2,""coefficient"":-9.267099614967923e-08},{""term"":""u2"",""term_index"":3,""coefficient"":0.9999991490450152}],[{""term"":""u1"",""term_index"":2,""coefficient"":-2.1000014689236237}]]",capped,False,3,30,1,"[0,0]","[1,1]","[null,null]","[""Success""]","[""Success"",""Failure"",""MaxLossEvals""]",0,0,0,0,0,5,2,0.8,0.8333333333333333,0.6666666666666666,0.75,1.0,1.0,7.752212123161387e-07,8.509549848101372e-07,2,2,3,2,2,0,1,0.8,0.6666666666666666,1.0
280_evogrow_v2_2_stage_local_24_1_123,paper1_phaseC_v1,C,,campaign_cell,,24,Harmonic oscillator without damping,2,exact,1.0,evogrow_v2_2_stage_local,evogrow_v2_2_stage_local,123,finished,finished,True,,,2026-09-21T13:17:23.706Z,2.9633286578134944e-14,,True,False,True,pruned_support_terms_exact_match,1,0.0,0.0,70292,,22.236219878,False,True,False,280,1,0c9672de35c75a9d,221a3a7,False,0.99999999999976,"[0.9999999999997589, 0.9999999999997612]",30,30,70292,ffb0266c7913352c,staged_polynomial_basis_with_constant,"[[""u1"",""u2""],[""u1""]]","[[""u2""],[""u1""]]","[[{""term"":""u1"",""term_index"":2,""coefficient"":-9.267099614967923e-08},{""term"":""u2"",""term_index"":3,""coefficient"":0.9999991490450152}],[{""term"":""u1"",""term_index"":2,""coefficient"":-2.1000014689236237}]]",uncapped,False,3,30,1,,,,"[""Success""]","[""Success"",""Failure"",""MaxLossEvals""]",0,0,0,0,0,5,2,0.8,0.8333333333333333,0.6666666666666666,0.75,1.0,1.0,7.752212123161387e-07,8.509549848101372e-07,2,2,3,2,2,0,1,0.8,0.6666666666666666,1.0
281_evogrow_v2_2_stage_capped_24_1_7,paper1_phaseC_v1,C,,campaign_cell,,24,Harmonic oscillator without damping,2,exact,1.0,evogrow_v2_2_stage_capped,evogrow_v2_2_stage_capped,7,finished,finished,True,,,2026-09-21T13:17:30.649Z,1.0383814183968562e-14,,True,True,True,pruned_support_terms_exact_match,1,0.0,0.0,80298,,29.704672332,False,True,False,281,1,0c9672de35c75a9d,221a3a7,False,0.999999999999922,"[0.9999999999999378, 0.9999999999999062]",30,30,80298,ffb0266c7913352c,staged_polynomial_basis_with_constant,"[[""u2""],[""u1""]]","[[""u2""],[""u1""]]","[[{""term"":""u2"",""term_index"":3,""coefficient"":0.999999519351279}],[{""term"":""u1"",""term_index"":2,""coefficient"":-2.100000686754483}]]",capped,False,3,30,1,"[0,0]","[1,1]","[null,null]","[""Success""]","[""Success"",""Failure"",""MaxLossEvals""]",0,0,0,0,0,8,2,1.0,1.0,1.0,1.0,1.0,1.0,4.03837332680055e-07,4.806487210462507e-07,2,2,2,2,2,0,0,1.0,1.0,1.0
282_evogrow_v2_2_stage_local_24_1_7,paper1_phaseC_v1,C,,campaign_cell,,24,Harmonic oscillator without damping,2,exact,1.0,evogrow_v2_2_stage_local,evogrow_v2_2_stage_local,7,finished,finished,True,,,2026-09-21T13:17:29.635Z,1.0383814183968562e-14,,True,True,True,pruned_support_terms_exact_match,1,0.0,0.0,80298,,27.973875428,False,True,False,282,1,0c9672de35c75a9d,221a3a7,False,0.999999999999922,"[0.9999999999999378, 0.9999999999999062]",30,30,80298,ffb0266c7913352c,staged_polynomial_basis_with_constant,"[[""u2""],[""u1""]]","[[""u2""],[""u1""]]","[[{""term"":""u2"",""term_index"":3,""coefficient"":0.999999519351279}],[{""term"":""u1"",""term_index"":2,""coefficient"":-2.100000686754483}]]",uncapped,False,3,30,1,,,,"[""Success""]","[""Success"",""Failure"",""MaxLossEvals""]",0,0,0,0,0,8,2,1.0,1.0,1.0,1.0,1.0,1.0,4.03837332680055e-07,4.806487210462507e-07,2,2,2,2,2,0,0,1.0,1.0,1.0
283_evogrow_v2_2_stage_capped_24_2_42,paper1_phaseC_v1,C,,campaign_cell,,24,Harmonic oscillator without damping,2,exact,1.0,evogrow_v2_2_stage_capped,evogrow_v2_2_stage_capped,42,finished,finished,True,,,2026-09-21T13:17:24.515Z,5.998752439172523e-15,,True,False,True,pruned_support_terms_exact_match,1,0.0,0.0,84324,,25.726147788,False,True,False,283,2,0c9672de35c75a9d,221a3a7,False,0.9999999999994886,"[0.9999999999992023, 0.9999999999997748]",30,30,84324,ffb0266c7913352c,staged_polynomial_basis_with_constant,"[[""u1"",""u2""],[""u1""]]","[[""u2""],[""u1""]]","[[{""term"":""u1"",""term_index"":2,""coefficient"":2.3361069691888018e-07},{""term"":""u2"",""term_index"":3,""coefficient"":0.9999986112510596}],[{""term"":""u1"",""term_index"":2,""coefficient"":-2.100001999657613}]]",capped,False,3,30,1,"[0,0]","[1,1]","[null,null]","[""Success""]","[""Success"",""Failure"",""MaxLossEvals""]",0,0,0,0,0,6,4,0.8,0.8333333333333333,0.6666666666666666,0.75,1.0,1.0,1.1704834256355743e-06,1.3887489404007525e-06,2,2,3,2,2,0,1,0.8,0.6666666666666666,1.0
284_evogrow_v2_2_stage_local_24_2_42,paper1_phaseC_v1,C,,campaign_cell,,24,Harmonic oscillator without damping,2,exact,1.0,evogrow_v2_2_stage_local,evogrow_v2_2_stage_local,42,finished,finished,True,,,2026-09-21T13:17:25.386Z,5.998752439172523e-15,,True,False,True,pruned_support_terms_exact_match,1,0.0,0.0,84324,,22.964396635,False,True,False,284,2,0c9672de35c75a9d,221a3a7,False,0.9999999999994886,"[0.9999999999992023, 0.9999999999997748]",30,30,84324,ffb0266c7913352c,staged_polynomial_basis_with_constant,"[[""u1"",""u2""],[""u1""]]","[[""u2""],[""u1""]]","[[{""term"":""u1"",""term_index"":2,""coefficient"":2.3361069691888018e-07},{""term"":""u2"",""term_index"":3,""coefficient"":0.9999986112510596}],[{""term"":""u1"",""term_index"":2,""coefficient"":-2.100001999657613}]]",uncapped,False,3,30,1,,,,"[""Success""]","[""Success"",""Failure"",""MaxLossEvals""]",0,0,0,0,0,6,4,0.8,0.8333333333333333,0.6666666666666666,0.75,1.0,1.0,1.1704834256355743e-06,1.3887489404007525e-06,2,2,3,2,2,0,1,0.8,0.6666666666666666,1.0
285_evogrow_v2_2_stage_capped_24_2_123,paper1_phaseC_v1,C,,campaign_cell,,24,Harmonic oscillator without damping,2,exact,1.0,evogrow_v2_2_stage_capped,evogrow_v2_2_stage_capped,123,finished,finished,True,,,2026-09-21T13:17:24.378Z,6.0042179887763426e-15,,True,False,True,pruned_support_terms_exact_match,1,0.0,0.0,56427,,21.614516412,False,True,False,285,2,0c9672de35c75a9d,221a3a7,False,0.9999999999994882,"[0.9999999999992017, 0.9999999999997745]",30,30,56427,ffb0266c7913352c,staged_polynomial_basis_with_constant,"[[""u1"",""u2""],[""u1""]]","[[""u2""],[""u1""]]","[[{""term"":""u1"",""term_index"":2,""coefficient"":2.3379132684176935e-07},{""term"":""u2"",""term_index"":3,""coefficient"":0.9999986104926825}],[{""term"":""u1"",""term_index"":2,""coefficient"":-2.100002001125683}]]",capped,False,3,30,1,"[0,0]","[1,1]","[null,null]","[""Success""]","[""Success"",""MaxLossEvals"",""Failure""]",0,0,0,0,0,3,2,0.8,0.8333333333333333,0.6666666666666666,0.75,1.0,1.0,1.1712121547073694e-06,1.3895073175396178e-06,2,2,3,2,2,0,1,0.8,0.6666666666666666,1.0
286_evogrow_v2_2_stage_local_24_2_123,paper1_phaseC_v1,C,,campaign_cell,,24,Harmonic oscillator without damping,2,exact,1.0,evogrow_v2_2_stage_local,evogrow_v2_2_stage_local,123,finished,finished,True,,,2026-09-21T13:17:32.580Z,6.0042179887763426e-15,,True,False,True,pruned_support_terms_exact_match,1,0.0,0.0,56427,,25.092549858,False,True,False,286,2,0c9672de35c75a9d,221a3a7,False,0.9999999999994882,"[0.9999999999992017, 0.9999999999997745]",30,30,56427,ffb0266c7913352c,staged_polynomial_basis_with_constant,"[[""u1"",""u2""],[""u1""]]","[[""u2""],[""u1""]]","[[{""term"":""u1"",""term_index"":2,""coefficient"":2.3379132684176935e-07},{""term"":""u2"",""term_index"":3,""coefficient"":0.9999986104926825}],[{""term"":""u1"",""term_index"":2,""coefficient"":-2.100002001125683}]]",uncapped,False,3,30,1,,,,"[""Success""]","[""Success"",""MaxLossEvals"",""Failure""]",0,0,0,0,0,3,2,0.8,0.8333333333333333,0.6666666666666666,0.75,1.0,1.0,1.1712121547073694e-06,1.3895073175396178e-06,2,2,3,2,2,0,1,0.8,0.6666666666666666,1.0
287_evogrow_v2_2_stage_capped_24_2_7,paper1_phaseC_v1,C,,campaign_cell,,24,Harmonic oscillator without damping,2,exact,1.0,evogrow_v2_2_stage_capped,evogrow_v2_2_stage_capped,7,finished,finished,True,,,2026-09-21T13:17:24.874Z,4.706390516878191e-15,,True,False,True,pruned_support_terms_exact_match,1,0.0,0.0,88157,,27.390200682,False,True,False,287,2,0c9672de35c75a9d,221a3a7,False,0.9999999999996438,"[0.9999999999995522, 0.9999999999997354]",30,30,88157,ffb0266c7913352c,staged_polynomial_basis_with_constant,"[[""u2""],[""u1"",""u2""]]","[[""u2""],[""u1""]]","[[{""term"":""u2"",""term_index"":3,""coefficient"":0.9999988599315731}],[{""term"":""u1"",""term_index"":2,""coefficient"":-2.100001500889439},{""term"":""u2"",""term_index"":3,""coefficient"":2.349149025105899e-07}]]",capped,False,3,30,1,"[0,0]","[1,1]","[null,null]","[""Success""]","[""Success"",""MaxLossEvals""]",0,0,0,0,0,4,4,0.8,0.8333333333333333,0.6666666666666666,0.75,1.0,1.0,9.273888417654376e-07,1.140068426885854e-06,2,2,3,2,2,0,1,0.8,0.6666666666666666,1.0
288_evogrow_v2_2_stage_local_24_2_7,paper1_phaseC_v1,C,,campaign_cell,,24,Harmonic oscillator without damping,2,exact,1.0,evogrow_v2_2_stage_local,evogrow_v2_2_stage_local,7,finished,finished,True,,,2026-09-21T13:17:23.961Z,4.706390516878191e-15,,True,False,True,pruned_support_terms_exact_match,1,0.0,0.0,88157,,25.716345299,False,True,False,288,2,0c9672de35c75a9d,221a3a7,False,0.9999999999996438,"[0.9999999999995522, 0.9999999999997354]",30,30,88157,ffb0266c7913352c,staged_polynomial_basis_with_constant,"[[""u2""],[""u1"",""u2""]]","[[""u2""],[""u1""]]","[[{""term"":""u2"",""term_index"":3,""coefficient"":0.9999988599315731}],[{""term"":""u1"",""term_index"":2,""coefficient"":-2.100001500889439},{""term"":""u2"",""term_index"":3,""coefficient"":2.349149025105899e-07}]]",uncapped,False,3,30,1,,,,"[""Success""]","[""Success"",""MaxLossEvals""]",0,0,0,0,0,4,4,0.8,0.8333333333333333,0.6666666666666666,0.75,1.0,1.0,9.273888417654376e-07,1.140068426885854e-06,2,2,3,2,2,0,1,0.8,0.6666666666666666,1.0
289_evogrow_v2_2_stage_capped_25_1_42,paper1_phaseC_v1,C,,campaign_cell,,25,Harmonic oscillator with damping,2,exact,1.0,evogrow_v2_2_stage_capped,evogrow_v2_2_stage_capped,42,finished,finished,True,,,2026-09-21T13:17:30.485Z,3.160550403226933e-05,,False,False,False,pruned_support_terms_exact_match,5,4.0,16.0,2941069,,31100.124189704,False,True,False,289,1,0c9672de35c75a9d,221a3a7,False,0.984539746051658,"[0.9699769516530773, 0.9991025404502386]",410,412,2941069,ffb0266c7913352c,staged_polynomial_basis_with_constant,"[[""u1"",""u2""],[""u1""]]","[[""u1"",""u2""],[""u1""]]","[[{""term"":""u1"",""term_index"":2,""coefficient"":-0.41851816459047736},{""term"":""u2"",""term_index"":3,""coefficient"":0.9790630869474456}],[{""term"":""u1"",""term_index"":2,""coefficient"":-4.558308918908187}]]",capped,False,3,30,20,"[4,4]","[5,5]","[null,null]","[""Success"",""Unstable"",""MaxIters""]","[""Success"",""Failure"",""MaxLossEvals""]",34043,42366,0,34043,8323,144,130,0.6666666666666666,0.6666666666666666,0.6666666666666666,0.75,0.6666666666666666,0.75,0.3446314835292357,1.0,3,2,3,3,2,1,1,0.6666666666666666,0.6666666666666666,0.6666666666666666
290_evogrow_v2_2_stage_local_25_1_42,paper1_phaseC_v1,C,,campaign_cell,,25,Harmonic oscillator with damping,2,exact,1.0,evogrow_v2_2_stage_local,evogrow_v2_2_stage_local,42,finished,finished,True,,,2026-09-21T13:17:25.154Z,3.160550403226933e-05,,False,False,False,pruned_support_terms_exact_match,5,4.0,16.0,2941069,,26066.480912126,False,True,False,290,1,0c9672de35c75a9d,221a3a7,False,0.984539746051658,"[0.9699769516530773, 0.9991025404502386]",410,412,2941069,ffb0266c7913352c,staged_polynomial_basis_with_constant,"[[""u1"",""u2""],[""u1""]]","[[""u1"",""u2""],[""u1""]]","[[{""term"":""u1"",""term_index"":2,""coefficient"":-0.41851816459047736},{""term"":""u2"",""term_index"":3,""coefficient"":0.9790630869474456}],[{""term"":""u1"",""term_index"":2,""coefficient"":-4.558308918908187}]]",uncapped,False,3,30,20,,,,"[""Success"",""Unstable"",""MaxIters""]","[""Success"",""Failure"",""MaxLossEvals""]",34043,42366,0,34043,8323,144,130,0.6666666666666666,0.6666666666666666,0.6666666666666666,0.75,0.6666666666666666,0.75,0.3446314835292357,1.0,3,2,3,3,2,1,1,0.6666666666666666,0.6666666666666666,0.6666666666666666
291_evogrow_v2_2_stage_capped_25_1_123,paper1_phaseC_v1,C,,campaign_cell,,25,Harmonic oscillator with damping,2,exact,1.0,evogrow_v2_2_stage_capped,evogrow_v2_2_stage_capped,123,finished,finished,True,,,2026-09-21T13:17:25.235Z,7.509255528721237e-15,,True,False,True,pruned_support_terms_exact_match,1,0.0,0.0,125738,,37.038739288,False,True,False,291,1,0c9672de35c75a9d,221a3a7,False,0.9999999999984068,"[0.9999999999984258, 0.9999999999983881]",70,70,125738,ffb0266c7913352c,staged_polynomial_basis_with_constant,"[[""u1"",""u2""],[""u1"",""u2""]]","[[""u2""],[""u1"",""u2""]]","[[{""term"":""u1"",""term_index"":2,""coefficient"":-1.0913978266583013e-06},{""term"":""u2"",""term_index"":3,""coefficient"":0.9999996176019239}],[{""term"":""u1"",""term_index"":2,""coefficient"":-4.499998097975233},{""term"":""u2"",""term_index"":3,""coefficient"":-0.4299976335466872}]]",capped,False,3,30,3,"[0,0]","[1,1]","[null,null]","[""Success""]","[""Success"",""MaxLossEvals"",""Failure""]",0,0,0,0,0,12,4,0.8571428571428571,0.8333333333333333,0.75,0.75,1.0,1.0,2.102816681256307e-06,5.503379797226985e-06,3,2,4,3,3,0,1,0.8571428571428571,0.75,1.0
292_evogrow_v2_2_stage_local_25_1_123,paper1_phaseC_v1,C,,campaign_cell,,25,Harmonic oscillator with damping,2,exact,1.0,evogrow_v2_2_stage_local,evogrow_v2_2_stage_local,123,finished,finished,True,,,2026-09-21T13:17:25.199Z,7.509255528721237e-15,,True,False,True,pruned_support_terms_exact_match,1,0.0,0.0,125738,,35.60892652,False,True,False,292,1,0c9672de35c75a9d,221a3a7,False,0.9999999999984068,"[0.9999999999984258, 0.9999999999983881]",70,70,125738,ffb0266c7913352c,staged_polynomial_basis_with_constant,"[[""u1"",""u2""],[""u1"",""u2""]]","[[""u2""],[""u1"",""u2""]]","[[{""term"":""u1"",""term_index"":2,""coefficient"":-1.0913978266583013e-06},{""term"":""u2"",""term_index"":3,""coefficient"":0.9999996176019239}],[{""term"":""u1"",""term_index"":2,""coefficient"":-4.499998097975233},{""term"":""u2"",""term_index"":3,""coefficient"":-0.4299976335466872}]]",uncapped,False,3,30,3,,,,"[""Success""]","[""Success"",""MaxLossEvals"",""Failure""]",0,0,0,0,0,12,4,0.8571428571428571,0.8333333333333333,0.75,0.75,1.0,1.0,2.102816681256307e-06,5.503379797226985e-06,3,2,4,3,3,0,1,0.8571428571428571,0.75,1.0
293_evogrow_v2_2_stage_capped_25_1_7,paper1_phaseC_v1,C,,campaign_cell,,25,Harmonic oscillator with damping,2,exact,1.0,evogrow_v2_2_stage_capped,evogrow_v2_2_stage_capped,7,finished,finished,True,,,2026-09-21T13:17:31.128Z,7.460186405522452e-15,,True,False,True,pruned_support_terms_exact_match,1,0.0,0.0,216466,,57.179146268,False,True,False,293,1,0c9672de35c75a9d,221a3a7,False,0.999999999998428,"[0.9999999999984651, 0.9999999999983913]",50,50,216466,ffb0266c7913352c,staged_polynomial_basis_with_constant,"[[""u1"",""u2""],[""u1"",""u2""]]","[[""u2""],[""u1"",""u2""]]","[[{""term"":""u1"",""term_index"":2,""coefficient"":-9.99065987653113e-07},{""term"":""u2"",""term_index"":3,""coefficient"":0.9999996485952193}],[{""term"":""u1"",""term_index"":2,""coefficient"":-4.4999979758981485},{""term"":""u2"",""term_index"":3,""coefficient"":-0.4299977218100258}]]",capped,False,3,30,2,"[0,0]","[1,1]","[null,null]","[""Success""]","[""Success"",""MaxLossEvals"",""Failure""]",0,0,0,0,0,14,9,0.8571428571428571,0.8333333333333333,0.75,0.75,1.0,1.0,2.033107137051219e-06,5.298116218999375e-06,3,2,4,3,3,0,1,0.8571428571428571,0.75,1.0
294_evogrow_v2_2_stage_local_25_1_7,paper1_phaseC_v1,C,,campaign_cell,,25,Harmonic oscillator with damping,2,exact,1.0,evogrow_v2_2_stage_local,evogrow_v2_2_stage_local,7,finished,finished,True,,,2026-09-21T13:17:31.451Z,7.460186405522452e-15,,True,False,True,pruned_support_terms_exact_match,1,0.0,0.0,216466,,58.837719598,False,True,False,294,1,0c9672de35c75a9d,221a3a7,False,0.999999999998428,"[0.9999999999984651, 0.9999999999983913]",50,50,216466,ffb0266c7913352c,staged_polynomial_basis_with_constant,"[[""u1"",""u2""],[""u1"",""u2""]]","[[""u2""],[""u1"",""u2""]]","[[{""term"":""u1"",""term_index"":2,""coefficient"":-9.99065987653113e-07},{""term"":""u2"",""term_index"":3,""coefficient"":0.9999996485952193}],[{""term"":""u1"",""term_index"":2,""coefficient"":-4.4999979758981485},{""term"":""u2"",""term_index"":3,""coefficient"":-0.4299977218100258}]]",uncapped,False,3,30,2,,,,"[""Success""]","[""Success"",""MaxLossEvals"",""Failure""]",0,0,0,0,0,14,9,0.8571428571428571,0.8333333333333333,0.75,0.75,1.0,1.0,2.033107137051219e-06,5.298116218999375e-06,3,2,4,3,3,0,1,0.8571428571428571,0.75,1.0
295_evogrow_v2_2_stage_capped_25_2_42,paper1_phaseC_v1,C,,campaign_cell,,25,Harmonic oscillator with damping,2,exact,1.0,evogrow_v2_2_stage_capped,evogrow_v2_2_stage_capped,42,finished,finished,True,,,2026-09-21T13:17:30.770Z,0.00011188657841,,False,False,False,pruned_support_terms_exact_match,5,4.0,16.0,645061,,8326.277841922,False,True,False,295,2,0c9672de35c75a9d,221a3a7,False,0.9832307343069384,"[0.9847335749123722, 0.9817278937015048]",410,414,645061,ffb0266c7913352c,staged_polynomial_basis_with_constant,"[[""u1"",""u2""],[""u1""]]","[[""u1"",""u2""],[""u1""]]","[[{""term"":""u1"",""term_index"":2,""coefficient"":-0.423656491379655},{""term"":""u2"",""term_index"":3,""coefficient"":1.004585271036651}],[{""term"":""u1"",""term_index"":2,""coefficient"":-4.653126373265185}]]",capped,False,3,30,20,"[4,4]","[5,5]","[null,null]","[""Success"",""Unstable"",""MaxIters""]","[""Success"",""Failure"",""MaxLossEvals""]",11376,13610,0,11376,2234,31,9,0.6666666666666666,0.6666666666666666,0.6666666666666666,0.75,0.6666666666666666,0.75,0.3462044513281566,1.0,3,2,3,3,2,1,1,0.6666666666666666,0.6666666666666666,0.6666666666666666
296_evogrow_v2_2_stage_local_25_2_42,paper1_phaseC_v1,C,,campaign_cell,,25,Harmonic oscillator with damping,2,exact,1.0,evogrow_v2_2_stage_local,evogrow_v2_2_stage_local,42,finished,finished,True,,,2026-09-21T13:17:32.496Z,0.00011188657841,,False,False,False,pruned_support_terms_exact_match,5,4.0,16.0,645061,,8014.551060538,False,True,False,296,2,0c9672de35c75a9d,221a3a7,False,0.9832307343069384,"[0.9847335749123722, 0.9817278937015048]",410,414,645061,ffb0266c7913352c,staged_polynomial_basis_with_constant,"[[""u1"",""u2""],[""u1""]]","[[""u1"",""u2""],[""u1""]]","[[{""term"":""u1"",""term_index"":2,""coefficient"":-0.423656491379655},{""term"":""u2"",""term_index"":3,""coefficient"":1.004585271036651}],[{""term"":""u1"",""term_index"":2,""coefficient"":-4.653126373265185}]]",uncapped,False,3,30,20,,,,"[""Success"",""Unstable"",""MaxIters""]","[""Success"",""Failure"",""MaxLossEvals""]",11376,13610,0,11376,2234,31,9,0.6666666666666666,0.6666666666666666,0.6666666666666666,0.75,0.6666666666666666,0.75,0.3462044513281566,1.0,3,2,3,3,2,1,1,0.6666666666666666,0.6666666666666666,0.6666666666666666
297_evogrow_v2_2_stage_capped_25_2_123,paper1_phaseC_v1,C,,campaign_cell,,25,Harmonic oscillator with damping,2,exact,1.0,evogrow_v2_2_stage_capped,evogrow_v2_2_stage_capped,123,finished,finished,True,,,2026-09-21T13:17:30.954Z,1.1526263470075842e-14,,True,True,True,pruned_support_terms_exact_match,1,0.0,0.0,50135,,22.794063672,False,True,False,297,2,0c9672de35c75a9d,221a3a7,False,0.9999999999975208,"[0.9999999999965098, 0.9999999999985321]",30,30,50135,ffb0266c7913352c,staged_polynomial_basis_with_constant,"[[""u2""],[""u1"",""u2""]]","[[""u2""],[""u1"",""u2""]]","[[{""term"":""u2"",""term_index"":3,""coefficient"":0.9999979129765272}],[{""term"":""u1"",""term_index"":2,""coefficient"":-4.500007110952597},{""term"":""u2"",""term_index"":3,""coefficient"":-0.42999890517310074}]]",capped,False,3,30,1,"[0,0]","[1,1]","[null,null]","[""Success""]","[""Success"",""MaxLossEvals"",""Failure""]",0,0,0,0,0,4,2,1.0,1.0,1.0,1.0,1.0,1.0,2.0711147430531163e-06,2.546109068024549e-06,3,2,3,3,3,0,0,1.0,1.0,1.0
298_evogrow_v2_2_stage_local_25_2_123,paper1_phaseC_v1,C,,campaign_cell,,25,Harmonic oscillator with damping,2,exact,1.0,evogrow_v2_2_stage_local,evogrow_v2_2_stage_local,123,finished,finished,True,,,2026-09-21T13:17:31.812Z,1.1526263470075842e-14,,True,True,True,pruned_support_terms_exact_match,1,0.0,0.0,50135,,22.005192744,False,True,False,298,2,0c9672de35c75a9d,221a3a7,False,0.9999999999975208,"[0.9999999999965098, 0.9999999999985321]",30,30,50135,ffb0266c7913352c,staged_polynomial_basis_with_constant,"[[""u2""],[""u1"",""u2""]]","[[""u2""],[""u1"",""u2""]]","[[{""term"":""u2"",""term_index"":3,""coefficient"":0.9999979129765272}],[{""term"":""u1"",""term_index"":2,""coefficient"":-4.500007110952597},{""term"":""u2"",""term_index"":3,""coefficient"":-0.42999890517310074}]]",uncapped,False,3,30,1,,,,"[""Success""]","[""Success"",""MaxLossEvals"",""Failure""]",0,0,0,0,0,4,2,1.0,1.0,1.0,1.0,1.0,1.0,2.0711147430531163e-06,2.546109068024549e-06,3,2,3,3,3,0,0,1.0,1.0,1.0
299_evogrow_v2_2_stage_capped_25_2_7,paper1_phaseC_v1,C,,campaign_cell,,25,Harmonic oscillator with damping,2,exact,1.0,evogrow_v2_2_stage_capped,evogrow_v2_2_stage_capped,7,finished,finished,True,,,2026-09-21T13:17:24.667Z,9.471950580784262e-15,,True,True,True,pruned_support_terms_exact_match,1,0.0,0.0,73573,,24.707954852,False,True,False,299,2,0c9672de35c75a9d,221a3a7,False,0.9999999999984408,"[0.9999999999983512, 0.9999999999985302]",30,30,73573,ffb0266c7913352c,staged_polynomial_basis_with_constant,"[[""u2""],[""u1"",""u2""]]","[[""u2""],[""u1"",""u2""]]","[[{""term"":""u2"",""term_index"":3,""coefficient"":0.9999986519151103}],[{""term"":""u1"",""term_index"":2,""coefficient"":-4.500003486667781},{""term"":""u2"",""term_index"":3,""coefficient"":-0.42999888440073397}]]",capped,False,3,30,1,"[0,0]","[1,1]","[null,null]","[""Success""]","[""Success"",""Failure"",""MaxLossEvals""]",0,0,0,0,0,5,2,1.0,1.0,1.0,1.0,1.0,1.0,1.572438949974488e-06,2.5944168977248182e-06,3,2,3,3,3,0,0,1.0,1.0,1.0
300_evogrow_v2_2_stage_local_25_2_7,paper1_phaseC_v1,C,,campaign_cell,,25,Harmonic oscillator with damping,2,exact,1.0,evogrow_v2_2_stage_local,evogrow_v2_2_stage_local,7,finished,finished,True,,,2026-09-21T13:18:42.161Z,9.471950580784262e-15,,True,True,True,pruned_support_terms_exact_match,1,0.0,0.0,73573,,24.958362838,False,True,False,300,2,0c9672de35c75a9d,221a3a7,False,0.9999999999984408,"[0.9999999999983512, 0.9999999999985302]",30,30,73573,ffb0266c7913352c,staged_polynomial_basis_with_constant,"[[""u2""],[""u1"",""u2""]]","[[""u2""],[""u1"",""u2""]]","[[{""term"":""u2"",""term_index"":3,""coefficient"":0.9999986519151103}],[{""term"":""u1"",""term_index"":2,""coefficient"":-4.500003486667781},{""term"":""u2"",""term_index"":3,""coefficient"":-0.42999888440073397}]]",uncapped,False,3,30,1,,,,"[""Success""]","[""Success"",""Failure"",""MaxLossEvals""]",0,0,0,0,0,5,2,1.0,1.0,1.0,1.0,1.0,1.0,1.572438949974488e-06,2.5944168977248182e-06,3,2,3,3,3,0,0,1.0,1.0,1.0
301_evogrow_v2_2_stage_capped_26_1_42,paper1_phaseC_v1,C,,campaign_cell,,26,Lotka-Volterra competition model (Strogatz version with sheeps and rabbits),2,exact,3.0,evogrow_v2_2_stage_capped,evogrow_v2_2_stage_capped,42,finished,finished,True,,,2026-09-21T13:18:43.337Z,0.0001964731197095,,False,False,False,pruned_support_terms_exact_match,3,0.0,0.0,1382018,,1872.483659613,False,True,False,301,1,0c9672de35c75a9d,221a3a7,False,0.9980083532577442,"[0.9997389740000667, 0.9962777325154216]",370,546,1382018,ffb0266c7913352c,staged_polynomial_basis_with_constant,"[[""1"",""u1"",""u1^2"",""u1*u2""],[""1"",""u1"",""u1^2""]]","[[""1"",""u1"",""u1^2"",""u1*u2""],[""1"",""u1"",""u1^2""]]","[[{""term"":""1"",""term_index"":1,""coefficient"":-0.005680921522906351},{""term"":""u1"",""term_index"":2,""coefficient"":3.0543921157346747},{""term"":""u1^2"",""term_index"":4,""coefficient"":-1.042314503235864},{""term"":""u1*u2"",""term_index"":6,""coefficient"":-2.005139381177319}],[{""term"":""1"",""term_index"":1,""coefficient"":0.01611725884049746},{""term"":""u1"",""term_index"":2,""coefficient"":1.0199019047230413},{""term"":""u1^2"",""term_index"":4,""coefficient"":-1.7084829779320918}]]",capped,False,3,30,18,"[0,0]","[3,3]","[3,3]","[""Success"",""Unstable"",""MaxIters""]","[""Success"",""Failure"",""MaxLossEvals""]",57412,57693,0,57412,281,119,35,0.4615384615384615,0.4285714285714285,0.4285714285714285,0.375,0.5,0.5,0.5105024831782359,1.0,6,2,7,6,3,3,4,0.4615384615384615,0.4285714285714285,0.5
302_evogrow_v2_2_stage_local_26_1_42,paper1_phaseC_v1,C,,campaign_cell,,26,Lotka-Volterra competition model (Strogatz version with sheeps and rabbits),2,exact,3.0,evogrow_v2_2_stage_local,evogrow_v2_2_stage_local,42,finished,finished,True,,,2026-09-21T13:18:45.835Z,0.0001964731197095,,False,False,False,pruned_support_terms_exact_match,5,2.0,8.0,2634570,,34730.523767339,False,True,False,302,1,0c9672de35c75a9d,221a3a7,False,0.9980083532577442,"[0.9997389740000667, 0.9962777325154216]",530,844,2634570,ffb0266c7913352c,staged_polynomial_basis_with_constant,"[[""1"",""u1"",""u1^2"",""u1*u2""],[""1"",""u1"",""u1^2""]]","[[""1"",""u1"",""u1^2"",""u1*u2""],[""1"",""u1"",""u1^2""]]","[[{""term"":""1"",""term_index"":1,""coefficient"":-0.005680921522906351},{""term"":""u1"",""term_index"":2,""coefficient"":3.0543921157346747},{""term"":""u1^2"",""term_index"":4,""coefficient"":-1.042314503235864},{""term"":""u1*u2"",""term_index"":6,""coefficient"":-2.005139381177319}],[{""term"":""1"",""term_index"":1,""coefficient"":0.01611725884049746},{""term"":""u1"",""term_index"":2,""coefficient"":1.0199019047230413},{""term"":""u1^2"",""term_index"":4,""coefficient"":-1.7084829779320918}]]",uncapped,False,3,30,26,,,,"[""Success"",""Unstable"",""MaxIters""]","[""Success"",""Failure"",""MaxLossEvals""]",108291,113353,0,108291,5062,190,77,0.4615384615384615,0.4285714285714285,0.4285714285714285,0.375,0.5,0.5,0.5105024831782359,1.0,6,2,7,6,3,3,4,0.4615384615384615,0.4285714285714285,0.5
303_evogrow_v2_2_stage_capped_26_1_123,paper1_phaseC_v1,C,,campaign_cell,,26,Lotka-Volterra competition model (Strogatz version with sheeps and rabbits),2,exact,3.0,evogrow_v2_2_stage_capped,evogrow_v2_2_stage_capped,123,finished,finished,True,,,2026-09-21T13:18:46.366Z,0.0001964731187884,,False,False,False,pruned_support_terms_exact_match,3,0.0,0.0,1538443,,5281.427545751,False,True,False,303,1,0c9672de35c75a9d,221a3a7,False,0.9980083549640502,"[0.9997389721678647, 0.9962777377602355]",290,435,1538443,ffb0266c7913352c,staged_polynomial_basis_with_constant,"[[""1"",""u1"",""u1^2"",""u1*u2""],[""1"",""u1"",""u1^2""]]","[[""1"",""u1"",""u1^2"",""u1*u2""],[""1"",""u1"",""u1^2""]]","[[{""term"":""1"",""term_index"":1,""coefficient"":-0.005680906694244542},{""term"":""u1"",""term_index"":2,""coefficient"":3.0543912949399328},{""term"":""u1^2"",""term_index"":4,""coefficient"":-1.0423143144155493},{""term"":""u1*u2"",""term_index"":6,""coefficient"":-2.0051389269319966}],[{""term"":""1"",""term_index"":1,""coefficient"":0.016117241332802235},{""term"":""u1"",""term_index"":2,""coefficient"":1.0199018943627147},{""term"":""u1^2"",""term_index"":4,""coefficient"":-1.7084827482829175}]]",capped,False,3,30,14,"[0,0]","[3,3]","[3,3]","[""Success"",""Unstable"",""MaxIters""]","[""Success"",""MaxLossEvals"",""Failure""]",51990,52975,0,51990,985,112,52,0.4615384615384615,0.4285714285714285,0.4285714285714285,0.375,0.5,0.5,0.5105023682546986,1.0,6,2,7,6,3,3,4,0.4615384615384615,0.4285714285714285,0.5
304_evogrow_v2_2_stage_local_26_1_123,paper1_phaseC_v1,C,,campaign_cell,,26,Lotka-Volterra competition model (Strogatz version with sheeps and rabbits),2,exact,3.0,evogrow_v2_2_stage_local,evogrow_v2_2_stage_local,123,finished,finished,True,,,2026-09-21T13:18:47.589Z,0.0001964731187884,,False,False,False,pruned_support_terms_exact_match,5,2.0,8.0,2918444,,18378.330648643,False,True,False,304,1,0c9672de35c75a9d,221a3a7,False,0.9980083549640502,"[0.9997389721678647, 0.9962777377602355]",450,737,2918444,ffb0266c7913352c,staged_polynomial_basis_with_constant,"[[""1"",""u1"",""u1^2"",""u1*u2""],[""1"",""u1"",""u1^2""]]","[[""1"",""u1"",""u1^2"",""u1*u2""],[""1"",""u1"",""u1^2""]]","[[{""term"":""1"",""term_index"":1,""coefficient"":-0.005680906694244542},{""term"":""u1"",""term_index"":2,""coefficient"":3.0543912949399328},{""term"":""u1^2"",""term_index"":4,""coefficient"":-1.0423143144155493},{""term"":""u1*u2"",""term_index"":6,""coefficient"":-2.0051389269319966}],[{""term"":""1"",""term_index"":1,""coefficient"":0.016117241332802235},{""term"":""u1"",""term_index"":2,""coefficient"":1.0199018943627147},{""term"":""u1^2"",""term_index"":4,""coefficient"":-1.7084827482829175}]]",uncapped,False,3,30,22,,,,"[""Success"",""Unstable"",""MaxIters""]","[""Success"",""MaxLossEvals"",""Failure""]",108185,111630,0,108185,3445,193,107,0.4615384615384615,0.4285714285714285,0.4285714285714285,0.375,0.5,0.5,0.5105023682546986,1.0,6,2,7,6,3,3,4,0.4615384615384615,0.4285714285714285,0.5
305_evogrow_v2_2_stage_capped_26_1_7,paper1_phaseC_v1,C,,campaign_cell,,26,Lotka-Volterra competition model (Strogatz version with sheeps and rabbits),2,exact,3.0,evogrow_v2_2_stage_capped,evogrow_v2_2_stage_capped,7,finished,finished,True,,,2026-09-21T13:18:47.421Z,0.0001968312884835,,False,False,False,pruned_support_terms_exact_match,3,0.0,0.0,1899910,,14015.012851824,False,True,False,305,1,0c9672de35c75a9d,221a3a7,False,0.9980022711917468,"[0.9997411465800021, 0.9962633958034913]",390,578,1899910,ffb0266c7913352c,staged_polynomial_basis_with_constant,"[[""u1"",""u2"",""u1^2"",""u1*u2""],[""1"",""u1"",""u1^2""]]","[[""u1"",""u1^2"",""u1*u2""],[""1"",""u1"",""u1^2""]]","[[{""term"":""u1"",""term_index"":2,""coefficient"":3.053425769759026},{""term"":""u2"",""term_index"":3,""coefficient"":-0.0027735718088562427},{""term"":""u1^2"",""term_index"":4,""coefficient"":-1.0390519953175938},{""term"":""u1*u2"",""term_index"":6,""coefficient"":-2.007819947218621}],[{""term"":""1"",""term_index"":1,""coefficient"":0.01603679575742176},{""term"":""u1"",""term_index"":2,""coefficient"":1.0201907930740444},{""term"":""u1^2"",""term_index"":4,""coefficient"":-1.7085297424378836}]]",capped,False,3,30,19,"[0,0]","[3,3]","[3,3]","[""Success"",""Unstable"",""MaxIters""]","[""Success"",""Failure"",""MaxLossEvals""]",62542,65167,0,62542,2625,128,64,0.4615384615384615,0.4285714285714285,0.4285714285714285,0.375,0.5,0.5,0.5101284264744299,1.0,6,2,7,6,3,3,4,0.4615384615384615,0.4285714285714285,0.5
306_evogrow_v2_2_stage_local_26_1_7,paper1_phaseC_v1,C,,campaign_cell,,26,Lotka-Volterra competition model (Strogatz version with sheeps and rabbits),2,exact,3.0,evogrow_v2_2_stage_local,evogrow_v2_2_stage_local,7,finished,finished,True,,,2026-09-21T13:18:49.089Z,0.0001968312884835,,False,False,False,pruned_support_terms_exact_match,5,2.0,8.0,3336685,,55420.612589163,False,True,False,306,1,0c9672de35c75a9d,221a3a7,False,0.9980022711917468,"[0.9997411465800021, 0.9962633958034913]",550,861,3336685,ffb0266c7913352c,staged_polynomial_basis_with_constant,"[[""u1"",""u2"",""u1^2"",""u1*u2""],[""1"",""u1"",""u1^2""]]","[[""u1"",""u1^2"",""u1*u2""],[""1"",""u1"",""u1^2""]]","[[{""term"":""u1"",""term_index"":2,""coefficient"":3.053425769759026},{""term"":""u2"",""term_index"":3,""coefficient"":-0.0027735718088562427},{""term"":""u1^2"",""term_index"":4,""coefficient"":-1.0390519953175938},{""term"":""u1*u2"",""term_index"":6,""coefficient"":-2.007819947218621}],[{""term"":""1"",""term_index"":1,""coefficient"":0.01603679575742176},{""term"":""u1"",""term_index"":2,""coefficient"":1.0201907930740444},{""term"":""u1^2"",""term_index"":4,""coefficient"":-1.7085297424378836}]]",uncapped,False,3,30,27,,,,"[""Success"",""Unstable"",""MaxIters""]","[""Success"",""Failure"",""MaxLossEvals""]",111746,119900,0,111746,8154,208,120,0.4615384615384615,0.4285714285714285,0.4285714285714285,0.375,0.5,0.5,0.5101284264744299,1.0,6,2,7,6,3,3,4,0.4615384615384615,0.4285714285714285,0.5
307_evogrow_v2_2_stage_capped_26_2_42,paper1_phaseC_v1,C,,campaign_cell,,26,Lotka-Volterra competition model (Strogatz version with sheeps and rabbits),2,exact,3.0,evogrow_v2_2_stage_capped,evogrow_v2_2_stage_capped,42,finished,finished,True,,,2026-09-21T13:18:55.290Z,0.0008200473024171,,False,False,False,pruned_support_terms_exact_match,3,0.0,0.0,748416,,3959.784470892,False,True,False,307,2,0c9672de35c75a9d,221a3a7,False,0.9830366963774124,"[0.9881793409739519, 0.977894051780873]",350,384,748416,ffb0266c7913352c,staged_polynomial_basis_with_constant,"[[""1"",""u1"",""u2""],[""1"",""u1"",""u2""]]","[[""1"",""u1"",""u2""],[""1"",""u1"",""u2""]]","[[{""term"":""1"",""term_index"":1,""coefficient"":4.032805791422952},{""term"":""u1"",""term_index"":2,""coefficient"":-2.5278712341717493},{""term"":""u2"",""term_index"":3,""coefficient"":-2.0379822978381092}],[{""term"":""1"",""term_index"":1,""coefficient"":5.804728513867069},{""term"":""u1"",""term_index"":2,""coefficient"":-2.5552612168681037},{""term"":""u2"",""term_index"":3,""coefficient"":-2.9171478651761635}]]",capped,False,3,30,17,"[0,0]","[3,3]","[3,3]","[""Success"",""Unstable"",""MaxIters""]","[""Success"",""Failure"",""MaxLossEvals""]",21557,22322,0,21557,765,47,16,0.3333333333333333,0.3333333333333333,0.3333333333333333,0.3333333333333333,0.3333333333333333,0.3333333333333333,1.3835329462186663,2.4585739325880818,6,2,6,6,2,4,4,0.3333333333333333,0.3333333333333333,0.3333333333333333
308_evogrow_v2_2_stage_local_26_2_42,paper1_phaseC_v1,C,,campaign_cell,,26,Lotka-Volterra competition model (Strogatz version with sheeps and rabbits),2,exact,3.0,evogrow_v2_2_stage_local,evogrow_v2_2_stage_local,42,finished,finished,True,,,2026-09-21T13:18:55.477Z,0.0008200473024171,,False,False,False,pruned_support_terms_exact_match,5,2.0,8.0,1305357,,5915.468979967,False,True,False,308,2,0c9672de35c75a9d,221a3a7,False,0.9830366963774124,"[0.9881793409739519, 0.977894051780873]",510,587,1305357,ffb0266c7913352c,staged_polynomial_basis_with_constant,"[[""1"",""u1"",""u2""],[""1"",""u1"",""u2""]]","[[""1"",""u1"",""u2""],[""1"",""u1"",""u2""]]","[[{""term"":""1"",""term_index"":1,""coefficient"":4.032805791422952},{""term"":""u1"",""term_index"":2,""coefficient"":-2.5278712341717493},{""term"":""u2"",""term_index"":3,""coefficient"":-2.0379822978381092}],[{""term"":""1"",""term_index"":1,""coefficient"":5.804728513867069},{""term"":""u1"",""term_index"":2,""coefficient"":-2.5552612168681037},{""term"":""u2"",""term_index"":3,""coefficient"":-2.9171478651761635}]]",uncapped,False,3,30,25,,,,"[""Success"",""Unstable"",""MaxIters""]","[""Success"",""Failure"",""MaxLossEvals""]",37839,38991,0,37839,1152,77,32,0.3333333333333333,0.3333333333333333,0.3333333333333333,0.3333333333333333,0.3333333333333333,0.3333333333333333,1.3835329462186663,2.4585739325880818,6,2,6,6,2,4,4,0.3333333333333333,0.3333333333333333,0.3333333333333333
309_evogrow_v2_2_stage_capped_26_2_123,paper1_phaseC_v1,C,,campaign_cell,,26,Lotka-Volterra competition model (Strogatz version with sheeps and rabbits),2,exact,3.0,evogrow_v2_2_stage_capped,evogrow_v2_2_stage_capped,123,finished,finished,True,,,2026-09-21T13:18:57.094Z,0.0008200473024226,,False,False,False,pruned_support_terms_exact_match,3,0.0,0.0,854445,,6804.236469178,False,True,False,309,2,0c9672de35c75a9d,221a3a7,False,0.9830367021795752,"[0.9881793312226622, 0.9778940731364881]",310,338,854445,ffb0266c7913352c,staged_polynomial_basis_with_constant,"[[""1"",""u1"",""u2""],[""1"",""u1"",""u2""]]","[[""1"",""u1"",""u2""],[""1"",""u1"",""u2""]]","[[{""term"":""1"",""term_index"":1,""coefficient"":4.032804543653745},{""term"":""u1"",""term_index"":2,""coefficient"":-2.5278712434952064},{""term"":""u2"",""term_index"":3,""coefficient"":-2.037981643307278}],[{""term"":""1"",""term_index"":1,""coefficient"":5.804726590031551},{""term"":""u1"",""term_index"":2,""coefficient"":-2.5552612544927995},{""term"":""u2"",""term_index"":3,""coefficient"":-2.9171468567705148}]]",capped,False,3,30,15,"[0,0]","[3,3]","[3,3]","[""Success"",""Unstable"",""MaxIters""]","[""Success"",""Failure"",""MaxLossEvals""]",20638,22015,0,20638,1377,54,24,0.3333333333333333,0.3333333333333333,0.3333333333333333,0.3333333333333333,0.3333333333333333,0.3333333333333333,1.3835328627028325,2.4585734283852574,6,2,6,6,2,4,4,0.3333333333333333,0.3333333333333333,0.3333333333333333
310_evogrow_v2_2_stage_local_26_2_123,paper1_phaseC_v1,C,,campaign_cell,,26,Lotka-Volterra competition model (Strogatz version with sheeps and rabbits),2,exact,3.0,evogrow_v2_2_stage_local,evogrow_v2_2_stage_local,123,finished,finished,True,,,2026-09-21T13:18:55.414Z,0.0008200473024226,,False,False,False,pruned_support_terms_exact_match,5,2.0,8.0,1231445,,7488.760603873,False,True,False,310,2,0c9672de35c75a9d,221a3a7,False,0.9830367021795752,"[0.9881793312226622, 0.9778940731364881]",470,528,1231445,ffb0266c7913352c,staged_polynomial_basis_with_constant,"[[""1"",""u1"",""u2""],[""1"",""u1"",""u2""]]","[[""1"",""u1"",""u2""],[""1"",""u1"",""u2""]]","[[{""term"":""1"",""term_index"":1,""coefficient"":4.032804543653745},{""term"":""u1"",""term_index"":2,""coefficient"":-2.5278712434952064},{""term"":""u2"",""term_index"":3,""coefficient"":-2.037981643307278}],[{""term"":""1"",""term_index"":1,""coefficient"":5.804726590031551},{""term"":""u1"",""term_index"":2,""coefficient"":-2.5552612544927995},{""term"":""u2"",""term_index"":3,""coefficient"":-2.9171468567705148}]]",uncapped,False,3,30,23,,,,"[""Success"",""Unstable"",""MaxIters""]","[""Success"",""Failure"",""MaxLossEvals""]",33445,35128,0,33445,1683,75,31,0.3333333333333333,0.3333333333333333,0.3333333333333333,0.3333333333333333,0.3333333333333333,0.3333333333333333,1.3835328627028325,2.4585734283852574,6,2,6,6,2,4,4,0.3333333333333333,0.3333333333333333,0.3333333333333333
311_evogrow_v2_2_stage_capped_26_2_7,paper1_phaseC_v1,C,,campaign_cell,,26,Lotka-Volterra competition model (Strogatz version with sheeps and rabbits),2,exact,3.0,evogrow_v2_2_stage_capped,evogrow_v2_2_stage_capped,7,finished,finished,True,,,2026-09-21T13:18:58.339Z,0.0008200473024177,,False,False,False,pruned_support_terms_exact_match,3,0.0,0.0,975816,,4110.734754931,False,True,False,311,2,0c9672de35c75a9d,221a3a7,False,0.9830366978718704,"[0.9881793384623618, 0.9778940572813792]",370,398,975816,ffb0266c7913352c,staged_polynomial_basis_with_constant,"[[""1"",""u1"",""u2""],[""1"",""u1"",""u2""]]","[[""1"",""u1"",""u2""],[""1"",""u1"",""u2""]]","[[{""term"":""1"",""term_index"":1,""coefficient"":4.032806162456894},{""term"":""u1"",""term_index"":2,""coefficient"":-2.5278710381457987},{""term"":""u2"",""term_index"":3,""coefficient"":-2.037982500365379}],[{""term"":""1"",""term_index"":1,""coefficient"":5.804728664287889},{""term"":""u1"",""term_index"":2,""coefficient"":-2.5552609786912543},{""term"":""u2"",""term_index"":3,""coefficient"":-2.917147954293714}]]",capped,False,3,30,18,"[0,0]","[3,3]","[3,3]","[""Success"",""Unstable"",""MaxIters""]","[""Success"",""Failure"",""MaxLossEvals""]",24765,25557,0,24765,792,63,25,0.3333333333333333,0.3333333333333333,0.3333333333333333,0.3333333333333333,0.3333333333333333,0.3333333333333333,1.3835329427547982,2.458573977146857,6,2,6,6,2,4,4,0.3333333333333333,0.3333333333333333,0.3333333333333333
312_evogrow_v2_2_stage_local_26_2_7,paper1_phaseC_v1,C,,campaign_cell,,26,Lotka-Volterra competition model (Strogatz version with sheeps and rabbits),2,exact,3.0,evogrow_v2_2_stage_local,evogrow_v2_2_stage_local,7,finished,finished,True,,,2026-09-21T13:18:57.282Z,0.0008200473024177,,False,False,False,pruned_support_terms_exact_match,5,2.0,8.0,1443311,,5163.820208238,False,True,False,312,2,0c9672de35c75a9d,221a3a7,False,0.9830366978718704,"[0.9881793384623618, 0.9778940572813792]",530,602,1443311,ffb0266c7913352c,staged_polynomial_basis_with_constant,"[[""1"",""u1"",""u2""],[""1"",""u1"",""u2""]]","[[""1"",""u1"",""u2""],[""1"",""u1"",""u2""]]","[[{""term"":""1"",""term_index"":1,""coefficient"":4.032806162456894},{""term"":""u1"",""term_index"":2,""coefficient"":-2.5278710381457987},{""term"":""u2"",""term_index"":3,""coefficient"":-2.037982500365379}],[{""term"":""1"",""term_index"":1,""coefficient"":5.804728664287889},{""term"":""u1"",""term_index"":2,""coefficient"":-2.5552609786912543},{""term"":""u2"",""term_index"":3,""coefficient"":-2.917147954293714}]]",uncapped,False,3,30,26,,,,"[""Success"",""Unstable"",""MaxIters""]","[""Success"",""Failure"",""MaxLossEvals""]",37262,38387,0,37262,1125,88,36,0.3333333333333333,0.3333333333333333,0.3333333333333333,0.3333333333333333,0.3333333333333333,0.3333333333333333,1.3835329427547982,2.458573977146857,6,2,6,6,2,4,4,0.3333333333333333,0.3333333333333333,0.3333333333333333
313_evogrow_v2_2_stage_capped_27_1_42,paper1_phaseC_v1,C,,campaign_cell,,27,Lotka-Volterra simple (as on Wikipedia),2,exact,3.0,evogrow_v2_2_stage_capped,evogrow_v2_2_stage_capped,42,finished,finished,True,,,2026-09-21T13:19:00.753Z,0.0065220819699681,,False,False,False,pruned_support_terms_exact_match,3,0.0,0.0,4245203,,21847.115563695,False,True,False,313,1,0c9672de35c75a9d,221a3a7,False,0.998959613928606,"[0.9982162958805147, 0.9997029319766975]",590,955,4245203,ffb0266c7913352c,staged_polynomial_basis_with_constant,"[[""1"",""u1"",""u2"",""u1^2"",""u2^2"",""u1*u2""],[""1"",""u1"",""u2"",""u1^2"",""u2^2"",""u1*u2""]]","[[""1"",""u1"",""u2"",""u1^2"",""u2^2"",""u1*u2""],[""1"",""u1"",""u2"",""u1^2"",""u2^2"",""u1*u2""]]","[[{""term"":""1"",""term_index"":1,""coefficient"":0.40334093934771287},{""term"":""u1"",""term_index"":2,""coefficient"":1.574823368231045},{""term"":""u2"",""term_index"":3,""coefficient"":-0.7029662049515484},{""term"":""u1^2"",""term_index"":4,""coefficient"":0.03792315547276939},{""term"":""u2^2"",""term_index"":5,""coefficient"":0.13578877120395583},{""term"":""u1*u2"",""term_index"":6,""coefficient"":-1.5088190356424198}],[{""term"":""1"",""term_index"":1,""coefficient"":0.016803542721979814},{""term"":""u1"",""term_index"":2,""coefficient"":0.04345009585459114},{""term"":""u2"",""term_index"":3,""coefficient"":-2.7605274788116168},{""term"":""u1^2"",""term_index"":4,""coefficient"":-0.02293024249217193},{""term"":""u2^2"",""term_index"":5,""coefficient"":-0.09733618745735692},{""term"":""u1*u2"",""term_index"":6,""coefficient"":1.7633243675300965}]]",capped,False,3,30,29,"[0,0]","[3,3]","[3,3]","[""Success"",""Unstable"",""MaxIters""]","[""Success"",""Failure"",""MaxLossEvals""]",313566,316950,0,313566,3384,327,139,0.5,0.5,0.3333333333333333,0.3333333333333333,1.0,1.0,0.0882446480905973,0.1441177346570407,4,2,12,4,4,0,8,0.5,0.3333333333333333,1.0
314_evogrow_v2_2_stage_local_27_1_42,paper1_phaseC_v1,C,,campaign_cell,,27,Lotka-Volterra simple (as on Wikipedia),2,exact,3.0,evogrow_v2_2_stage_local,evogrow_v2_2_stage_local,42,finished,finished,True,,,2026-09-21T13:18:58.710Z,0.0065220819699681,,False,False,False,pruned_support_terms_exact_match,4,1.0,1.0,4492009,,19007.075533132,False,True,False,314,1,0c9672de35c75a9d,221a3a7,False,0.998959613928606,"[0.9982162958805147, 0.9997029319766975]",610,999,4492009,ffb0266c7913352c,staged_polynomial_basis_with_constant,"[[""1"",""u1"",""u2"",""u1^2"",""u2^2"",""u1*u2""],[""1"",""u1"",""u2"",""u1^2"",""u2^2"",""u1*u2""]]","[[""1"",""u1"",""u2"",""u1^2"",""u2^2"",""u1*u2""],[""1"",""u1"",""u2"",""u1^2"",""u2^2"",""u1*u2""]]","[[{""term"":""1"",""term_index"":1,""coefficient"":0.40334093934771287},{""term"":""u1"",""term_index"":2,""coefficient"":1.574823368231045},{""term"":""u2"",""term_index"":3,""coefficient"":-0.7029662049515484},{""term"":""u1^2"",""term_index"":4,""coefficient"":0.03792315547276939},{""term"":""u2^2"",""term_index"":5,""coefficient"":0.13578877120395583},{""term"":""u1*u2"",""term_index"":6,""coefficient"":-1.5088190356424198}],[{""term"":""1"",""term_index"":1,""coefficient"":0.016803542721979814},{""term"":""u1"",""term_index"":2,""coefficient"":0.04345009585459114},{""term"":""u2"",""term_index"":3,""coefficient"":-2.7605274788116168},{""term"":""u1^2"",""term_index"":4,""coefficient"":-0.02293024249217193},{""term"":""u2^2"",""term_index"":5,""coefficient"":-0.09733618745735692},{""term"":""u1*u2"",""term_index"":6,""coefficient"":1.7633243675300965}]]",uncapped,False,3,30,30,,,,"[""Success"",""Unstable"",""MaxIters""]","[""Success"",""Failure"",""MaxLossEvals""]",336534,339932,0,336534,3398,342,149,0.5,0.5,0.3333333333333333,0.3333333333333333,1.0,1.0,0.0882446480905973,0.1441177346570407,4,2,12,4,4,0,8,0.5,0.3333333333333333,1.0
315_evogrow_v2_2_stage_capped_27_1_123,paper1_phaseC_v1,C,,campaign_cell,,27,Lotka-Volterra simple (as on Wikipedia),2,exact,3.0,evogrow_v2_2_stage_capped,evogrow_v2_2_stage_capped,123,finished,finished,True,,,2026-09-21T13:19:03.882Z,0.030712434019828,,False,False,False,pruned_support_terms_exact_match,3,0.0,0.0,2542839,,37295.794771141,False,True,False,315,1,0c9672de35c75a9d,221a3a7,False,0.9950577873565124,"[0.9934402208526665, 0.9966753538603583]",430,681,2542839,ffb0266c7913352c,staged_polynomial_basis_with_constant,"[[""1"",""u1"",""u2"",""u1^2"",""u1*u2""],[""1"",""u1"",""u2"",""u2^2"",""u1*u2""]]","[[""1"",""u1"",""u2"",""u1^2"",""u1*u2""],[""1"",""u1"",""u2"",""u2^2"",""u1*u2""]]","[[{""term"":""1"",""term_index"":1,""coefficient"":0.5506182640255302},{""term"":""u1"",""term_index"":2,""coefficient"":0.6875567556246374},{""term"":""u2"",""term_index"":3,""coefficient"":-0.33495740591178086},{""term"":""u1^2"",""term_index"":4,""coefficient"":0.13143988525824596},{""term"":""u1*u2"",""term_index"":6,""coefficient"":-1.3572090593215365}],[{""term"":""1"",""term_index"":1,""coefficient"":-0.3737713050675012},{""term"":""u1"",""term_index"":2,""coefficient"":0.2217080372839014},{""term"":""u2"",""term_index"":3,""coefficient"":-1.8624523692766601},{""term"":""u2^2"",""term_index"":5,""coefficient"":-0.10577383183127455},{""term"":""u1*u2"",""term_index"":6,""coefficient"":1.4687208094727617}]]",capped,False,3,30,21,"[0,0]","[3,3]","[3,3]","[""Success"",""Unstable"",""MaxIters""]","[""Success"",""Failure"",""MaxLossEvals""]",169398,176050,0,169398,6652,195,75,0.5714285714285715,0.5714285714285715,0.4,0.4,1.0,1.0,0.2907215905863326,0.6263278502040015,4,2,10,4,4,0,6,0.5714285714285715,0.4,1.0
316_evogrow_v2_2_stage_local_27_1_123,paper1_phaseC_v1,C,,campaign_cell,,27,Lotka-Volterra simple (as on Wikipedia),2,exact,3.0,evogrow_v2_2_stage_local,evogrow_v2_2_stage_local,123,finished,finished,True,,,2026-09-21T13:19:09.735Z,0.0029914587265017,,False,False,False,pruned_support_terms_exact_match,5,2.0,9.0,4008368,,60449.221718534,False,True,False,316,1,0c9672de35c75a9d,221a3a7,False,0.9995236580444936,"[0.9991456311565702, 0.9999016849324174]",610,1078,4008368,ffb0266c7913352c,staged_polynomial_basis_with_constant,"[[""1"",""u1"",""u2"",""u1^2"",""u1*u2"",""u1^3""],[""1"",""u1"",""u2"",""u2^2"",""u1*u2"",""cos(u1)""]]","[[""1"",""u1"",""u2"",""u1^2"",""u1*u2"",""u1^3""],[""1"",""u1"",""u2"",""u2^2"",""u1*u2"",""cos(u1)""]]","[[{""term"":""1"",""term_index"":1,""coefficient"":-0.13479165723544345},{""term"":""u1"",""term_index"":2,""coefficient"":1.5940645911688034},{""term"":""u2"",""term_index"":3,""coefficient"":0.15681258601738032},{""term"":""u1^2"",""term_index"":4,""coefficient"":0.1274437046519757},{""term"":""u1*u2"",""term_index"":6,""coefficient"":-1.5123596284398604},{""term"":""u1^3"",""term_index"":7,""coefficient"":-0.010951603854513105}],[{""term"":""1"",""term_index"":1,""coefficient"":0.06715320419892372},{""term"":""u1"",""term_index"":2,""coefficient"":-0.03013860635807323},{""term"":""u2"",""term_index"":3,""coefficient"":-3.1414055452560334},{""term"":""u2^2"",""term_index"":5,""coefficient"":0.015857081388886408},{""term"":""u1*u2"",""term_index"":6,""coefficient"":1.641193700313718},{""term"":""cos(u1)"",""term_index"":10,""coefficient"":-0.15942082216355993}]]",uncapped,False,3,30,30,,,,"[""Success"",""Unstable"",""MaxIters""]","[""Success"",""Failure"",""MaxLossEvals""]",313769,322794,0,313769,9025,290,124,0.5,0.5,0.3333333333333333,0.3333333333333333,1.0,1.0,0.0592212253477595,0.1336605482778242,4,2,12,4,4,0,8,0.5,0.3333333333333333,1.0
317_evogrow_v2_2_stage_capped_27_1_7,paper1_phaseC_v1,C,,campaign_cell,,27,Lotka-Volterra simple (as on Wikipedia),2,exact,3.0,evogrow_v2_2_stage_capped,evogrow_v2_2_stage_capped,7,finished,finished,True,,,2026-09-21T13:19:28.008Z,0.0125851639353767,,False,False,False,pruned_support_terms_exact_match,3,0.0,0.0,3778991,,32715.053115867,False,True,False,317,1,0c9672de35c75a9d,221a3a7,False,0.997955042851146,"[0.9981567742461586, 0.9977533114561332]",610,1085,3778991,ffb0266c7913352c,staged_polynomial_basis_with_constant,"[[""1"",""u1"",""u2"",""u1^2"",""u2^2"",""u1*u2""],[""1"",""u1"",""u2"",""u1^2"",""u2^2"",""u1*u2""]]","[[""1"",""u1"",""u2"",""u1^2"",""u2^2"",""u1*u2""],[""1"",""u1"",""u2"",""u1^2"",""u2^2"",""u1*u2""]]","[[{""term"":""1"",""term_index"":1,""coefficient"":0.12371244881545919},{""term"":""u1"",""term_index"":2,""coefficient"":2.09312790694568},{""term"":""u2"",""term_index"":3,""coefficient"":-0.20305425360941146},{""term"":""u1^2"",""term_index"":4,""coefficient"":-0.08443485776028076},{""term"":""u2^2"",""term_index"":5,""coefficient"":0.01633380929036307},{""term"":""u1*u2"",""term_index"":6,""coefficient"":-1.2414063277597898}],[{""term"":""1"",""term_index"":1,""coefficient"":0.10605302433199647},{""term"":""u1"",""term_index"":2,""coefficient"":-0.21906703290915236},{""term"":""u2"",""term_index"":3,""coefficient"":-2.8476789314235895},{""term"":""u1^2"",""term_index"":4,""coefficient"":0.05397234198782461},{""term"":""u2^2"",""term_index"":5,""coefficient"":-0.08704674452807921},{""term"":""u1*u2"",""term_index"":6,""coefficient"":1.6651044267928452}]]",capped,False,3,30,30,"[0,0]","[3,3]","[3,3]","[""Success"",""Unstable"",""MaxIters""]","[""Success"",""MaxLossEvals"",""Failure""]",297827,302928,0,297827,5101,273,127,0.5,0.5,0.3333333333333333,0.3333333333333333,1.0,1.0,0.0900107869810313,0.1438577049932484,4,2,12,4,4,0,8,0.5,0.3333333333333333,1.0
318_evogrow_v2_2_stage_local_27_1_7,paper1_phaseC_v1,C,,campaign_cell,,27,Lotka-Volterra simple (as on Wikipedia),2,exact,3.0,evogrow_v2_2_stage_local,evogrow_v2_2_stage_local,7,finished,finished,True,,,2026-09-21T13:19:32.000Z,0.0125851639353767,,False,False,False,pruned_support_terms_exact_match,3,0.0,0.0,3778991,,33547.828144567,False,True,False,318,1,0c9672de35c75a9d,221a3a7,False,0.997955042851146,"[0.9981567742461586, 0.9977533114561332]",610,1085,3778991,ffb0266c7913352c,staged_polynomial_basis_with_constant,"[[""1"",""u1"",""u2"",""u1^2"",""u2^2"",""u1*u2""],[""1"",""u1"",""u2"",""u1^2"",""u2^2"",""u1*u2""]]","[[""1"",""u1"",""u2"",""u1^2"",""u2^2"",""u1*u2""],[""1"",""u1"",""u2"",""u1^2"",""u2^2"",""u1*u2""]]","[[{""term"":""1"",""term_index"":1,""coefficient"":0.12371244881545919},{""term"":""u1"",""term_index"":2,""coefficient"":2.09312790694568},{""term"":""u2"",""term_index"":3,""coefficient"":-0.20305425360941146},{""term"":""u1^2"",""term_index"":4,""coefficient"":-0.08443485776028076},{""term"":""u2^2"",""term_index"":5,""coefficient"":0.01633380929036307},{""term"":""u1*u2"",""term_index"":6,""coefficient"":-1.2414063277597898}],[{""term"":""1"",""term_index"":1,""coefficient"":0.10605302433199647},{""term"":""u1"",""term_index"":2,""coefficient"":-0.21906703290915236},{""term"":""u2"",""term_index"":3,""coefficient"":-2.8476789314235895},{""term"":""u1^2"",""term_index"":4,""coefficient"":0.05397234198782461},{""term"":""u2^2"",""term_index"":5,""coefficient"":-0.08704674452807921},{""term"":""u1*u2"",""term_index"":6,""coefficient"":1.6651044267928452}]]",uncapped,False,3,30,30,,,,"[""Success"",""Unstable"",""MaxIters""]","[""Success"",""MaxLossEvals"",""Failure""]",297827,302928,0,297827,5101,273,127,0.5,0.5,0.3333333333333333,0.3333333333333333,1.0,1.0,0.0900107869810313,0.1438577049932484,4,2,12,4,4,0,8,0.5,0.3333333333333333,1.0
319_evogrow_v2_2_stage_capped_27_2_42,paper1_phaseC_v1,C,,campaign_cell,,27,Lotka-Volterra simple (as on Wikipedia),2,exact,3.0,evogrow_v2_2_stage_capped,evogrow_v2_2_stage_capped,42,finished,finished,True,,,2026-09-21T13:20:02.750Z,1.4840361229499133e-07,,False,False,False,pruned_support_terms_exact_match,3,0.0,0.0,5655608,,23176.151690679,False,True,False,319,2,0c9672de35c75a9d,221a3a7,False,0.9999999347917508,"[0.9999999470344754, 0.999999922549026]",450,508,5655608,ffb0266c7913352c,staged_polynomial_basis_with_constant,"[[""1"",""u1"",""u2"",""u1^2"",""u2^2"",""u1*u2""],[""1"",""u1"",""u2"",""u1^2"",""u2^2"",""u1*u2""]]","[[""1"",""u1"",""u2"",""u1*u2""],[""1"",""u1"",""u2"",""u1*u2""]]","[[{""term"":""1"",""term_index"":1,""coefficient"":0.003511643819781407},{""term"":""u1"",""term_index"":2,""coefficient"":1.8367584046511631},{""term"":""u2"",""term_index"":3,""coefficient"":-0.00377559516821233},{""term"":""u1^2"",""term_index"":4,""coefficient"":0.000830373295249092},{""term"":""u2^2"",""term_index"":5,""coefficient"":0.0011071763667160801},{""term"":""u1*u2"",""term_index"":6,""coefficient"":-1.4504052486975956}],[{""term"":""1"",""term_index"":1,""coefficient"":0.006870665791277906},{""term"":""u1"",""term_index"":2,""coefficient"":-0.00572847189515653},{""term"":""u2"",""term_index"":3,""coefficient"":-3.006834859390252},{""term"":""u1^2"",""term_index"":4,""coefficient"":0.0011287922332735073},{""term"":""u2^2"",""term_index"":5,""coefficient"":0.0016822441097156058},{""term"":""u1*u2"",""term_index"":6,""coefficient"":1.6193377819223447}]]",capped,False,3,30,22,"[0,0]","[3,3]","[3,3]","[""Success"",""Unstable"",""MaxIters""]","[""Failure"",""Success"",""MaxLossEvals""]",275002,278867,0,275002,3865,418,189,0.5,0.5,0.3333333333333333,0.3333333333333333,1.0,1.0,0.0011820703794005,0.0022782864634172,4,2,12,4,4,0,8,0.5,0.3333333333333333,1.0
320_evogrow_v2_2_stage_local_27_2_42,paper1_phaseC_v1,C,,campaign_cell,,27,Lotka-Volterra simple (as on Wikipedia),2,exact,3.0,evogrow_v2_2_stage_local,evogrow_v2_2_stage_local,42,finished,finished,True,,,2026-09-21T13:50:50.877Z,1.4840361229499133e-07,,False,False,False,pruned_support_terms_exact_match,5,2.0,8.0,8271093,,28628.971903299,False,True,False,320,2,0c9672de35c75a9d,221a3a7,False,0.9999999347917508,"[0.9999999470344754, 0.999999922549026]",610,702,8271093,ffb0266c7913352c,staged_polynomial_basis_with_constant,"[[""1"",""u1"",""u2"",""u1^2"",""u2^2"",""u1*u2""],[""1"",""u1"",""u2"",""u1^2"",""u2^2"",""u1*u2""]]","[[""1"",""u1"",""u2"",""u1*u2""],[""1"",""u1"",""u2"",""u1*u2""]]","[[{""term"":""1"",""term_index"":1,""coefficient"":0.003511643819781407},{""term"":""u1"",""term_index"":2,""coefficient"":1.8367584046511631},{""term"":""u2"",""term_index"":3,""coefficient"":-0.00377559516821233},{""term"":""u1^2"",""term_index"":4,""coefficient"":0.000830373295249092},{""term"":""u2^2"",""term_index"":5,""coefficient"":0.0011071763667160801},{""term"":""u1*u2"",""term_index"":6,""coefficient"":-1.4504052486975956}],[{""term"":""1"",""term_index"":1,""coefficient"":0.006870665791277906},{""term"":""u1"",""term_index"":2,""coefficient"":-0.00572847189515653},{""term"":""u2"",""term_index"":3,""coefficient"":-3.006834859390252},{""term"":""u1^2"",""term_index"":4,""coefficient"":0.0011287922332735073},{""term"":""u2^2"",""term_index"":5,""coefficient"":0.0016822441097156058},{""term"":""u1*u2"",""term_index"":6,""coefficient"":1.6193377819223447}]]",uncapped,False,3,30,30,,,,"[""Success"",""Unstable"",""MaxIters""]","[""Failure"",""Success"",""MaxLossEvals""]",450930,455145,0,450930,4215,577,282,0.5,0.5,0.3333333333333333,0.3333333333333333,1.0,1.0,0.0011820703794005,0.0022782864634172,4,2,12,4,4,0,8,0.5,0.3333333333333333,1.0
321_evogrow_v2_2_stage_capped_27_2_123,paper1_phaseC_v1,C,,campaign_cell,,27,Lotka-Volterra simple (as on Wikipedia),2,exact,3.0,evogrow_v2_2_stage_capped,evogrow_v2_2_stage_capped,123,finished,finished,True,,,2026-09-21T14:25:58.318Z,8.072661930330795e-05,,False,False,False,pruned_support_terms_exact_match,3,0.0,0.0,7759285,,24540.03483515,False,True,False,321,2,0c9672de35c75a9d,221a3a7,False,0.999963588798908,"[0.9999769971563782, 0.9999501804414376]",590,668,7759285,ffb0266c7913352c,staged_polynomial_basis_with_constant,"[[""1"",""u1"",""u2"",""u1^2"",""u2^2"",""u1*u2""],[""1"",""u1"",""u2"",""u1^2"",""u2^2"",""u1*u2""]]","[[""1"",""u1"",""u2"",""u1^2"",""u2^2"",""u1*u2""],[""1"",""u1"",""u2"",""u1^2"",""u2^2"",""u1*u2""]]","[[{""term"":""1"",""term_index"":1,""coefficient"":-0.09232127388758903},{""term"":""u1"",""term_index"":2,""coefficient"":1.9379844093153669},{""term"":""u2"",""term_index"":3,""coefficient"":0.08003376656143474},{""term"":""u1^2"",""term_index"":4,""coefficient"":-0.01964798484805846},{""term"":""u2^2"",""term_index"":5,""coefficient"":-0.02307989236035853},{""term"":""u1*u2"",""term_index"":6,""coefficient"":-1.441098472618969}],[{""term"":""1"",""term_index"":1,""coefficient"":-0.18175501295205523},{""term"":""u1"",""term_index"":2,""coefficient"":0.17521258567090733},{""term"":""u2"",""term_index"":3,""coefficient"":-2.8149618624089388},{""term"":""u1^2"",""term_index"":4,""coefficient"":-0.039099144396517585},{""term"":""u2^2"",""term_index"":5,""coefficient"":-0.05321119686982382},{""term"":""u1*u2"",""term_index"":6,""coefficient"":1.642611076329653}]]",capped,False,3,30,29,"[0,0]","[3,3]","[3,3]","[""Success"",""Unstable"",""MaxIters""]","[""Failure"",""Success"",""MaxLossEvals""]",392481,395477,0,392481,2996,555,257,0.5,0.5,0.3333333333333333,0.3333333333333333,1.0,1.0,0.0337570536223139,0.0616793791970204,4,2,12,4,4,0,8,0.5,0.3333333333333333,1.0
322_evogrow_v2_2_stage_local_27_2_123,paper1_phaseC_v1,C,,campaign_cell,,27,Lotka-Volterra simple (as on Wikipedia),2,exact,3.0,evogrow_v2_2_stage_local,evogrow_v2_2_stage_local,123,finished,finished,True,,,2026-09-21T14:28:32.112Z,8.072661930330795e-05,,False,False,False,pruned_support_terms_exact_match,4,1.0,1.0,8061068,,25859.986732431,False,True,False,322,2,0c9672de35c75a9d,221a3a7,False,0.999963588798908,"[0.9999769971563782, 0.9999501804414376]",610,695,8061068,ffb0266c7913352c,staged_polynomial_basis_with_constant,"[[""1"",""u1"",""u2"",""u1^2"",""u2^2"",""u1*u2""],[""1"",""u1"",""u2"",""u1^2"",""u2^2"",""u1*u2""]]","[[""1"",""u1"",""u2"",""u1^2"",""u2^2"",""u1*u2""],[""1"",""u1"",""u2"",""u1^2"",""u2^2"",""u1*u2""]]","[[{""term"":""1"",""term_index"":1,""coefficient"":-0.09232127388758903},{""term"":""u1"",""term_index"":2,""coefficient"":1.9379844093153669},{""term"":""u2"",""term_index"":3,""coefficient"":0.08003376656143474},{""term"":""u1^2"",""term_index"":4,""coefficient"":-0.01964798484805846},{""term"":""u2^2"",""term_index"":5,""coefficient"":-0.02307989236035853},{""term"":""u1*u2"",""term_index"":6,""coefficient"":-1.441098472618969}],[{""term"":""1"",""term_index"":1,""coefficient"":-0.18175501295205523},{""term"":""u1"",""term_index"":2,""coefficient"":0.17521258567090733},{""term"":""u2"",""term_index"":3,""coefficient"":-2.8149618624089388},{""term"":""u1^2"",""term_index"":4,""coefficient"":-0.039099144396517585},{""term"":""u2^2"",""term_index"":5,""coefficient"":-0.05321119686982382},{""term"":""u1*u2"",""term_index"":6,""coefficient"":1.642611076329653}]]",uncapped,False,3,30,30,,,,"[""Success"",""Unstable"",""MaxIters""]","[""Failure"",""Success"",""MaxLossEvals""]",410227,413307,0,410227,3080,574,267,0.5,0.5,0.3333333333333333,0.3333333333333333,1.0,1.0,0.0337570536223139,0.0616793791970204,4,2,12,4,4,0,8,0.5,0.3333333333333333,1.0
323_evogrow_v2_2_stage_capped_27_2_7,paper1_phaseC_v1,C,,campaign_cell,,27,Lotka-Volterra simple (as on Wikipedia),2,exact,3.0,evogrow_v2_2_stage_capped,evogrow_v2_2_stage_capped,7,finished,finished,True,,,2026-09-21T14:46:01.008Z,3.632614076151214e-06,,False,False,False,pruned_support_terms_exact_match,3,0.0,0.0,6657234,,27161.532314116,False,True,False,323,2,0c9672de35c75a9d,221a3a7,False,0.9999982573409144,"[0.9999996086858179, 0.9999969059960109]",530,620,6657234,ffb0266c7913352c,staged_polynomial_basis_with_constant,"[[""1"",""u1"",""u2"",""u2^2"",""u1*u2""],[""1"",""u1"",""u2"",""u1^2"",""u2^2"",""u1*u2""]]","[[""u1"",""u2"",""u2^2"",""u1*u2""],[""u1"",""u2"",""u1^2"",""u1*u2""]]","[[{""term"":""1"",""term_index"":1,""coefficient"":0.000784499441208406},{""term"":""u1"",""term_index"":2,""coefficient"":1.845008860937783},{""term"":""u2"",""term_index"":3,""coefficient"":-0.005290006485844901},{""term"":""u2^2"",""term_index"":5,""coefficient"":0.00245298339978461},{""term"":""u1*u2"",""term_index"":6,""coefficient"":-1.4539406300137672}],[{""term"":""1"",""term_index"":1,""coefficient"":0.0025950533160576947},{""term"":""u1"",""term_index"":2,""coefficient"":0.005273200698156263},{""term"":""u2"",""term_index"":3,""coefficient"":-3.0019700675664245},{""term"":""u1^2"",""term_index"":4,""coefficient"":-0.003156345119077508},{""term"":""u2^2"",""term_index"":5,""coefficient"":-0.002351845732218984},{""term"":""u1*u2"",""term_index"":6,""coefficient"":1.6280841231110286}]]",capped,False,3,30,26,"[0,0]","[3,3]","[3,3]","[""Success"",""Unstable"",""MaxIters""]","[""Success"",""Failure"",""MaxLossEvals""]",333591,337374,0,333591,3783,491,226,0.5333333333333333,0.5357142857142858,0.3636363636363636,0.3666666666666667,1.0,1.0,0.0027716928857569,0.0049901994512521,4,2,11,4,4,0,7,0.5333333333333333,0.3636363636363636,1.0
324_evogrow_v2_2_stage_local_27_2_7,paper1_phaseC_v1,C,,campaign_cell,,27,Lotka-Volterra simple (as on Wikipedia),2,exact,3.0,evogrow_v2_2_stage_local,evogrow_v2_2_stage_local,7,finished,finished,True,,,2026-09-21T14:47:48.637Z,3.632614076151214e-06,,False,False,False,pruned_support_terms_exact_match,4,1.0,4.0,8035013,,29925.76082847,False,True,False,324,2,0c9672de35c75a9d,221a3a7,False,0.9999982573409144,"[0.9999996086858179, 0.9999969059960109]",610,715,8035013,ffb0266c7913352c,staged_polynomial_basis_with_constant,"[[""1"",""u1"",""u2"",""u2^2"",""u1*u2""],[""1"",""u1"",""u2"",""u1^2"",""u2^2"",""u1*u2""]]","[[""u1"",""u2"",""u2^2"",""u1*u2""],[""u1"",""u2"",""u1^2"",""u1*u2""]]","[[{""term"":""1"",""term_index"":1,""coefficient"":0.000784499441208406},{""term"":""u1"",""term_index"":2,""coefficient"":1.845008860937783},{""term"":""u2"",""term_index"":3,""coefficient"":-0.005290006485844901},{""term"":""u2^2"",""term_index"":5,""coefficient"":0.00245298339978461},{""term"":""u1*u2"",""term_index"":6,""coefficient"":-1.4539406300137672}],[{""term"":""1"",""term_index"":1,""coefficient"":0.0025950533160576947},{""term"":""u1"",""term_index"":2,""coefficient"":0.005273200698156263},{""term"":""u2"",""term_index"":3,""coefficient"":-3.0019700675664245},{""term"":""u1^2"",""term_index"":4,""coefficient"":-0.003156345119077508},{""term"":""u2^2"",""term_index"":5,""coefficient"":-0.002351845732218984},{""term"":""u1*u2"",""term_index"":6,""coefficient"":1.6280841231110286}]]",uncapped,False,3,30,30,,,,"[""Success"",""Unstable"",""MaxIters""]","[""Success"",""Failure"",""MaxLossEvals""]",415230,419013,0,415230,3783,569,278,0.5333333333333333,0.5357142857142858,0.3636363636363636,0.3666666666666667,1.0,1.0,0.0027716928857569,0.0049901994512521,4,2,11,4,4,0,7,0.5333333333333333,0.3636363636363636,1.0
325_evogrow_v2_2_stage_capped_28_1_42,paper1_phaseC_v1,C,,campaign_cell,,28,Pendulum without friction,2,exact,5.0,evogrow_v2_2_stage_capped,evogrow_v2_2_stage_capped,42,finished,finished,True,,,2026-09-21T14:58:35.414Z,7.680046554882253e-13,,True,False,True,pruned_support_terms_exact_match,5,0.0,0.0,2135045,,30821.569461815,False,True,False,325,1,0c9672de35c75a9d,221a3a7,False,0.9999999999992064,"[0.9999999999999744, 0.9999999999984384]",410,486,2135045,ffb0266c7913352c,staged_polynomial_basis_with_constant,"[[""u1"",""u2"",""u2^3""],[""1"",""u1"",""sin(u1)""]]","[[""u2""],[""sin(u1)""]]","[[{""term"":""u1"",""term_index"":2,""coefficient"":1.1409102739137618e-08},{""term"":""u2"",""term_index"":3,""coefficient"":0.9999967426772816},{""term"":""u2^3"",""term_index"":8,""coefficient"":1.823695248701457e-06}],[{""term"":""1"",""term_index"":1,""coefficient"":-2.38928495900918e-08},{""term"":""u1"",""term_index"":2,""coefficient"":-9.502714078452108e-06},{""term"":""sin(u1)"",""term_index"":9,""coefficient"":-0.8999842191313155}]]",capped,False,3,30,20,"[0,0]","[5,5]","[null,5]","[""Success"",""Unstable"",""MaxIters""]","[""Success"",""Failure"",""MaxLossEvals""]",71828,78218,0,71828,6390,173,56,0.5,0.5,0.3333333333333333,0.3333333333333333,1.0,1.0,1.0395810628375616e-05,1.7534298538309418e-05,2,2,6,2,2,0,4,0.5,0.3333333333333333,1.0
326_evogrow_v2_2_stage_local_28_1_42,paper1_phaseC_v1,C,,campaign_cell,,28,Pendulum without friction,2,exact,5.0,evogrow_v2_2_stage_local,evogrow_v2_2_stage_local,42,finished,finished,True,,,2026-09-21T15:13:22.978Z,7.680046554882253e-13,,True,False,True,pruned_support_terms_exact_match,5,0.0,0.0,2135045,,30017.297609884,False,True,False,326,1,0c9672de35c75a9d,221a3a7,False,0.9999999999992064,"[0.9999999999999744, 0.9999999999984384]",410,486,2135045,ffb0266c7913352c,staged_polynomial_basis_with_constant,"[[""u1"",""u2"",""u2^3""],[""1"",""u1"",""sin(u1)""]]","[[""u2""],[""sin(u1)""]]","[[{""term"":""u1"",""term_index"":2,""coefficient"":1.1409102739137618e-08},{""term"":""u2"",""term_index"":3,""coefficient"":0.9999967426772816},{""term"":""u2^3"",""term_index"":8,""coefficient"":1.823695248701457e-06}],[{""term"":""1"",""term_index"":1,""coefficient"":-2.38928495900918e-08},{""term"":""u1"",""term_index"":2,""coefficient"":-9.502714078452108e-06},{""term"":""sin(u1)"",""term_index"":9,""coefficient"":-0.8999842191313155}]]",uncapped,False,3,30,20,,,,"[""Success"",""Unstable"",""MaxIters""]","[""Success"",""Failure"",""MaxLossEvals""]",71828,78218,0,71828,6390,173,56,0.5,0.5,0.3333333333333333,0.3333333333333333,1.0,1.0,1.0395810628375616e-05,1.7534298538309418e-05,2,2,6,2,2,0,4,0.5,0.3333333333333333,1.0
327_evogrow_v2_2_stage_capped_28_1_123,paper1_phaseC_v1,C,,campaign_cell,,28,Pendulum without friction,2,exact,5.0,evogrow_v2_2_stage_capped,evogrow_v2_2_stage_capped,123,finished,finished,True,,,2026-09-21T15:24:39.850Z,2.038985042635914e-06,,False,False,False,pruned_support_terms_exact_match,5,0.0,0.0,2105844,,42178.43478245,False,True,False,327,1,0c9672de35c75a9d,221a3a7,False,0.9999979472809528,"[0.9999998275203399, 0.9999960670415657]",410,486,2105844,ffb0266c7913352c,staged_polynomial_basis_with_constant,"[[""1"",""u2""],[""u1"",""u2"",""u1^3""]]","[[""u2""],[""u1"",""u1^3""]]","[[{""term"":""1"",""term_index"":1,""coefficient"":0.00021911766406281202},{""term"":""u2"",""term_index"":3,""coefficient"":1.0002317702154502}],[{""term"":""u1"",""term_index"":2,""coefficient"":-0.8711820265106142},{""term"":""u2"",""term_index"":3,""coefficient"":-7.028781404444475e-05},{""term"":""u1^3"",""term_index"":7,""coefficient"":0.11843220410590649}]]",capped,False,3,30,20,"[0,0]","[5,5]","[null,5]","[""Success"",""Unstable"",""MaxIters""]","[""Success"",""Failure"",""MaxLossEvals""]",87801,99427,0,87801,11626,181,57,0.2857142857142857,0.3333333333333333,0.2,0.25,0.5,0.5,0.5001158851077251,1.0,2,2,5,2,1,1,4,0.2857142857142857,0.2,0.5
328_evogrow_v2_2_stage_local_28_1_123,paper1_phaseC_v1,C,,campaign_cell,,28,Pendulum without friction,2,exact,5.0,evogrow_v2_2_stage_local,evogrow_v2_2_stage_local,123,finished,finished,True,,,2026-09-21T15:29:37.617Z,2.038985042635914e-06,,False,False,False,pruned_support_terms_exact_match,5,0.0,0.0,2105844,,52197.719806549,False,True,False,328,1,0c9672de35c75a9d,221a3a7,False,0.9999979472809528,"[0.9999998275203399, 0.9999960670415657]",410,486,2105844,ffb0266c7913352c,staged_polynomial_basis_with_constant,"[[""1"",""u2""],[""u1"",""u2"",""u1^3""]]","[[""u2""],[""u1"",""u1^3""]]","[[{""term"":""1"",""term_index"":1,""coefficient"":0.00021911766406281202},{""term"":""u2"",""term_index"":3,""coefficient"":1.0002317702154502}],[{""term"":""u1"",""term_index"":2,""coefficient"":-0.8711820265106142},{""term"":""u2"",""term_index"":3,""coefficient"":-7.028781404444475e-05},{""term"":""u1^3"",""term_index"":7,""coefficient"":0.11843220410590649}]]",uncapped,False,3,30,20,,,,"[""Success"",""Unstable"",""MaxIters""]","[""Success"",""Failure"",""MaxLossEvals""]",87801,99427,0,87801,11626,181,57,0.2857142857142857,0.3333333333333333,0.2,0.25,0.5,0.5,0.5001158851077251,1.0,2,2,5,2,1,1,4,0.2857142857142857,0.2,0.5
329_evogrow_v2_2_stage_capped_28_1_7,paper1_phaseC_v1,C,,campaign_cell,,28,Pendulum without friction,2,exact,5.0,evogrow_v2_2_stage_capped,evogrow_v2_2_stage_capped,7,finished,finished,True,,,2026-09-21T15:32:09.898Z,6.526491169543318e-13,,True,False,True,pruned_support_terms_exact_match,5,0.0,0.0,1298371,,34857.052214659,False,True,False,329,1,0c9672de35c75a9d,221a3a7,False,0.999999999999385,"[0.9999999999998638, 0.9999999999989063]",350,401,1298371,ffb0266c7913352c,staged_polynomial_basis_with_constant,"[[""u2""],[""u1"",""u2"",""sin(u1)""]]","[[""u2""],[""sin(u1)""]]","[[{""term"":""u2"",""term_index"":3,""coefficient"":0.9999996154433148}],[{""term"":""u1"",""term_index"":2,""coefficient"":-7.039069822326792e-06},{""term"":""u2"",""term_index"":3,""coefficient"":5.408851325303996e-08},{""term"":""sin(u1)"",""term_index"":9,""coefficient"":-0.8999884137884597}]]",capped,False,3,30,17,"[0,0]","[5,5]","[null,5]","[""Success"",""Unstable"",""MaxIters""]","[""Success"",""Failure"",""MaxLossEvals""]",49655,58267,0,49655,8612,122,29,0.6666666666666666,0.75,0.5,0.6666666666666666,1.0,1.0,6.62906253163293e-06,1.2873568378103508e-05,2,2,4,2,2,0,2,0.6666666666666666,0.5,1.0
330_evogrow_v2_2_stage_local_28_1_7,paper1_phaseC_v1,C,,campaign_cell,,28,Pendulum without friction,2,exact,5.0,evogrow_v2_2_stage_local,evogrow_v2_2_stage_local,7,finished,finished,True,,,2026-09-21T15:37:18.360Z,6.526491169543318e-13,,True,False,True,pruned_support_terms_exact_match,5,0.0,0.0,1298371,,34150.255764345,False,True,False,330,1,0c9672de35c75a9d,221a3a7,False,0.999999999999385,"[0.9999999999998638, 0.9999999999989063]",350,401,1298371,ffb0266c7913352c,staged_polynomial_basis_with_constant,"[[""u2""],[""u1"",""u2"",""sin(u1)""]]","[[""u2""],[""sin(u1)""]]","[[{""term"":""u2"",""term_index"":3,""coefficient"":0.9999996154433148}],[{""term"":""u1"",""term_index"":2,""coefficient"":-7.039069822326792e-06},{""term"":""u2"",""term_index"":3,""coefficient"":5.408851325303996e-08},{""term"":""sin(u1)"",""term_index"":9,""coefficient"":-0.8999884137884597}]]",uncapped,False,3,30,17,,,,"[""Success"",""Unstable"",""MaxIters""]","[""Success"",""Failure"",""MaxLossEvals""]",49655,58267,0,49655,8612,122,29,0.6666666666666666,0.75,0.5,0.6666666666666666,1.0,1.0,6.62906253163293e-06,1.2873568378103508e-05,2,2,4,2,2,0,2,0.6666666666666666,0.5,1.0
331_evogrow_v2_2_stage_capped_28_2_42,paper1_phaseC_v1,C,,campaign_cell,,28,Pendulum without friction,2,exact,5.0,evogrow_v2_2_stage_capped,evogrow_v2_2_stage_capped,42,finished,finished,True,,,2026-09-21T17:13:26.935Z,4.535797644638641e-05,,False,False,False,pruned_support_terms_exact_match,5,0.0,0.0,2604660,,45504.435210663,False,True,False,331,2,0c9672de35c75a9d,221a3a7,False,0.9998674794811324,"[0.9999697300166362, 0.9997652289456285]",430,445,2604660,ffb0266c7913352c,staged_polynomial_basis_with_constant,"[[""1"",""u1"",""u2""],[""u1""]]","[[""1"",""u1"",""u2""],[""u1""]]","[[{""term"":""1"",""term_index"":1,""coefficient"":-0.0013651579942076575},{""term"":""u1"",""term_index"":2,""coefficient"":-0.001709310163877398},{""term"":""u2"",""term_index"":3,""coefficient"":0.996358413756404}],[{""term"":""u1"",""term_index"":2,""coefficient"":-0.8083127846633549}]]",capped,False,3,30,21,"[0,0]","[5,5]","[null,null]","[""Success"",""Unstable"",""MaxIters""]","[""Success"",""Failure"",""MaxLossEvals""]",48387,59316,0,48387,10929,165,97,0.3333333333333333,0.25,0.25,0.1666666666666666,0.5,0.5,0.501820793121798,1.0,2,2,4,2,1,1,3,0.3333333333333333,0.25,0.5
332_evogrow_v2_2_stage_local_28_2_42,paper1_phaseC_v1,C,,campaign_cell,,28,Pendulum without friction,2,exact,5.0,evogrow_v2_2_stage_local,evogrow_v2_2_stage_local,42,finished,finished,True,,,2026-09-21T18:26:07.528Z,4.535797644638641e-05,,False,False,False,pruned_support_terms_exact_match,5,0.0,0.0,2604660,,46973.463607629,False,True,False,332,2,0c9672de35c75a9d,221a3a7,False,0.9998674794811324,"[0.9999697300166362, 0.9997652289456285]",430,445,2604660,ffb0266c7913352c,staged_polynomial_basis_with_constant,"[[""1"",""u1"",""u2""],[""u1""]]","[[""1"",""u1"",""u2""],[""u1""]]","[[{""term"":""1"",""term_index"":1,""coefficient"":-0.0013651579942076575},{""term"":""u1"",""term_index"":2,""coefficient"":-0.001709310163877398},{""term"":""u2"",""term_index"":3,""coefficient"":0.996358413756404}],[{""term"":""u1"",""term_index"":2,""coefficient"":-0.8083127846633549}]]",uncapped,False,3,30,21,,,,"[""Success"",""Unstable"",""MaxIters""]","[""Success"",""Failure"",""MaxLossEvals""]",48387,59316,0,48387,10929,165,97,0.3333333333333333,0.25,0.25,0.1666666666666666,0.5,0.5,0.501820793121798,1.0,2,2,4,2,1,1,3,0.3333333333333333,0.25,0.5
333_evogrow_v2_2_stage_capped_28_2_123,paper1_phaseC_v1,C,,campaign_cell,,28,Pendulum without friction,2,exact,5.0,evogrow_v2_2_stage_capped,evogrow_v2_2_stage_capped,123,finished,finished,True,,,2026-09-21T18:36:52.563Z,4.642748040002067e-05,,False,False,False,pruned_support_terms_exact_match,5,0.0,0.0,2343312,,15648.396269558,False,True,False,333,2,0c9672de35c75a9d,221a3a7,False,0.9998646267276968,"[0.9999667534825051, 0.9997624999728885]",410,426,2343312,ffb0266c7913352c,staged_polynomial_basis_with_constant,"[[""u1"",""u2""],[""u1""]]","[[""u1"",""u2""],[""u1""]]","[[{""term"":""u1"",""term_index"":2,""coefficient"":-0.0020892251795249167},{""term"":""u2"",""term_index"":3,""coefficient"":0.9957945665976592}],[{""term"":""u1"",""term_index"":2,""coefficient"":-0.8087883818357852}]]",capped,False,3,30,20,"[0,0]","[5,5]","[null,null]","[""Success"",""Unstable"",""MaxIters""]","[""Success"",""Failure"",""MaxLossEvals""]",55967,59885,0,55967,3918,160,88,0.4,0.3333333333333333,0.3333333333333333,0.25,0.5,0.5,0.5021027167011705,1.0,2,2,3,2,1,1,2,0.4,0.3333333333333333,0.5
334_evogrow_v2_2_stage_local_28_2_123,paper1_phaseC_v1,C,,campaign_cell,,28,Pendulum without friction,2,exact,5.0,evogrow_v2_2_stage_local,evogrow_v2_2_stage_local,123,finished,finished,True,,,2026-09-21T19:24:13.323Z,4.642748040002067e-05,,False,False,False,pruned_support_terms_exact_match,5,0.0,0.0,2343312,,15597.485797148,False,True,False,334,2,0c9672de35c75a9d,221a3a7,False,0.9998646267276968,"[0.9999667534825051, 0.9997624999728885]",410,426,2343312,ffb0266c7913352c,staged_polynomial_basis_with_constant,"[[""u1"",""u2""],[""u1""]]","[[""u1"",""u2""],[""u1""]]","[[{""term"":""u1"",""term_index"":2,""coefficient"":-0.0020892251795249167},{""term"":""u2"",""term_index"":3,""coefficient"":0.9957945665976592}],[{""term"":""u1"",""term_index"":2,""coefficient"":-0.8087883818357852}]]",uncapped,False,3,30,20,,,,"[""Success"",""Unstable"",""MaxIters""]","[""Success"",""Failure"",""MaxLossEvals""]",55967,59885,0,55967,3918,160,88,0.4,0.3333333333333333,0.3333333333333333,0.25,0.5,0.5,0.5021027167011705,1.0,2,2,3,2,1,1,2,0.4,0.3333333333333333,0.5
335_evogrow_v2_2_stage_capped_28_2_7,paper1_phaseC_v1,C,,campaign_cell,,28,Pendulum without friction,2,exact,5.0,evogrow_v2_2_stage_capped,evogrow_v2_2_stage_capped,7,finished,finished,True,,,2026-09-21T19:45:35.547Z,4.698886990584918e-05,,False,False,False,pruned_support_terms_exact_match,5,0.0,0.0,3317840,,11347.087247997,False,True,False,335,2,0c9672de35c75a9d,221a3a7,False,0.999863118279588,"[0.99996528276209, 0.9997609537970861]",410,426,3317840,ffb0266c7913352c,staged_polynomial_basis_with_constant,"[[""u2""],[""u1"",""u2""]]","[[""u2""],[""u1"",""u2""]]","[[{""term"":""u2"",""term_index"":3,""coefficient"":0.9954483797560661}],[{""term"":""u1"",""term_index"":2,""coefficient"":-0.8088152485243254},{""term"":""u2"",""term_index"":3,""coefficient"":-0.002286049735066956}]]",capped,False,3,30,20,"[0,0]","[5,5]","[null,null]","[""Success"",""Unstable"",""MaxIters""]","[""Success"",""MaxLossEvals"",""Failure""]",59675,62362,0,59675,2687,197,137,0.4,0.5,0.3333333333333333,0.5,0.5,0.5,0.5022758101219669,1.0,2,2,3,2,1,1,2,0.4,0.3333333333333333,0.5
336_evogrow_v2_2_stage_local_28_2_7,paper1_phaseC_v1,C,,campaign_cell,,28,Pendulum without friction,2,exact,5.0,evogrow_v2_2_stage_local,evogrow_v2_2_stage_local,7,finished,finished,True,,,2026-09-21T19:47:22.358Z,4.698886990584918e-05,,False,False,False,pruned_support_terms_exact_match,5,0.0,0.0,3317840,,10929.494557341,False,True,False,336,2,0c9672de35c75a9d,221a3a7,False,0.999863118279588,"[0.99996528276209, 0.9997609537970861]",410,426,3317840,ffb0266c7913352c,staged_polynomial_basis_with_constant,"[[""u2""],[""u1"",""u2""]]","[[""u2""],[""u1"",""u2""]]","[[{""term"":""u2"",""term_index"":3,""coefficient"":0.9954483797560661}],[{""term"":""u1"",""term_index"":2,""coefficient"":-0.8088152485243254},{""term"":""u2"",""term_index"":3,""coefficient"":-0.002286049735066956}]]",uncapped,False,3,30,20,,,,"[""Success"",""Unstable"",""MaxIters""]","[""Success"",""MaxLossEvals"",""Failure""]",59675,62362,0,59675,2687,197,137,0.4,0.5,0.3333333333333333,0.5,0.5,0.5,0.5022758101219669,1.0,2,2,3,2,1,1,2,0.4,0.3333333333333333,0.5
337_evogrow_v2_2_stage_capped_29_1_42,paper1_phaseC_v1,C,,campaign_cell,,29,Dipole fixed point,2,exact,3.0,evogrow_v2_2_stage_capped,evogrow_v2_2_stage_capped,42,finished,finished,True,,,2026-09-21T20:32:55.108Z,0.0005748040695411,,False,False,False,pruned_support_terms_exact_match,3,0.0,0.0,2675597,,2918.624886609,False,True,False,337,1,0c9672de35c75a9d,221a3a7,False,0.9981944102696954,"[0.9997171688969592, 0.9966716516424315]",370,531,2675597,ffb0266c7913352c,staged_polynomial_basis_with_constant,"[[""1"",""u1"",""u2"",""u1^2"",""u1*u2""],[""u1"",""u2"",""u2^2""]]","[[""u1"",""u2"",""u1^2"",""u1*u2""],[""u1"",""u2"",""u2^2""]]","[[{""term"":""1"",""term_index"":1,""coefficient"":-0.001702942290852492},{""term"":""u1"",""term_index"":2,""coefficient"":-2.1074809744712515},{""term"":""u2"",""term_index"":3,""coefficient"":-1.2862068610425577},{""term"":""u1^2"",""term_index"":4,""coefficient"":0.6641098538152097},{""term"":""u1*u2"",""term_index"":6,""coefficient"":0.9901372335915974}],[{""term"":""u1"",""term_index"":2,""coefficient"":-3.355133307788586},{""term"":""u2"",""term_index"":3,""coefficient"":-2.0682273140915135},{""term"":""u2^2"",""term_index"":5,""coefficient"":0.6046458230262536}]]",capped,False,3,30,18,"[0,0]","[3,2]","[3,2]","[""Success"",""Unstable"",""MaxIters""]","[""Success"",""Failure"",""MaxLossEvals""]",100737,100986,0,100737,249,145,107,0.3636363636363636,0.3666666666666667,0.25,0.2666666666666666,0.6666666666666666,0.75,0.6395474095510424,1.0,3,2,8,3,2,1,6,0.3636363636363636,0.25,0.6666666666666666
338_evogrow_v2_2_stage_local_29_1_42,paper1_phaseC_v1,C,,campaign_cell,,29,Dipole fixed point,2,exact,3.0,evogrow_v2_2_stage_local,evogrow_v2_2_stage_local,42,finished,finished,True,,,2026-09-21T21:16:04.557Z,0.0003902076420687,,False,False,False,pruned_support_terms_exact_match,5,2.0,8.0,3665824,,3969.110151398,False,True,False,338,1,0c9672de35c75a9d,221a3a7,False,0.9990945856648886,"[0.9989029562056645, 0.9992862151241128]",510,772,3665824,ffb0266c7913352c,staged_polynomial_basis_with_constant,"[[""1"",""u1"",""u2"",""u1^2""],[""u1"",""u2"",""u2^2"",""u1*u2""]]","[[""1"",""u1"",""u2"",""u1^2""],[""u1"",""u2"",""u2^2"",""u1*u2""]]","[[{""term"":""1"",""term_index"":1,""coefficient"":-0.004141090783974097},{""term"":""u1"",""term_index"":2,""coefficient"":3.479900070657951},{""term"":""u2"",""term_index"":3,""coefficient"":2.303011291135931},{""term"":""u1^2"",""term_index"":4,""coefficient"":-1.098732070003428}],[{""term"":""u1"",""term_index"":2,""coefficient"":-3.4410319456985303},{""term"":""u2"",""term_index"":3,""coefficient"":-2.304515207710043},{""term"":""u2^2"",""term_index"":5,""coefficient"":1.2206196156422884},{""term"":""u1*u2"",""term_index"":6,""coefficient"":0.8233493897047428}]]",uncapped,False,3,30,25,,,,"[""Success"",""Unstable"",""MaxIters""]","[""Success"",""Failure"",""MaxLossEvals""]",175922,176183,0,175922,261,201,140,0.1818181818181818,0.1666666666666666,0.125,0.125,0.3333333333333333,0.25,0.7402065385474295,1.0,3,2,8,3,1,2,7,0.1818181818181818,0.125,0.3333333333333333
339_evogrow_v2_2_stage_capped_29_1_123,paper1_phaseC_v1,C,,campaign_cell,,29,Dipole fixed point,2,exact,3.0,evogrow_v2_2_stage_capped,evogrow_v2_2_stage_capped,123,finished,finished,True,,,2026-09-21T21:22:48.761Z,0.0005698569112982,,False,False,False,pruned_support_terms_exact_match,3,0.0,0.0,2212647,,10203.688166225,False,True,False,339,1,0c9672de35c75a9d,221a3a7,False,0.9982223801749832,"[0.9996844832534976, 0.9967602770964686]",370,513,2212647,ffb0266c7913352c,staged_polynomial_basis_with_constant,"[[""1"",""u1"",""u2"",""u1^2"",""u1*u2""],[""1"",""u1"",""u2"",""u2^2""]]","[[""1"",""u1"",""u2"",""u1^2"",""u1*u2""],[""1"",""u1"",""u2"",""u2^2""]]","[[{""term"":""1"",""term_index"":1,""coefficient"":0.01118682651314591},{""term"":""u1"",""term_index"":2,""coefficient"":-1.7273869525983527},{""term"":""u2"",""term_index"":3,""coefficient"":-1.0275692692490426},{""term"":""u1^2"",""term_index"":4,""coefficient"":0.5474579759748127},{""term"":""u1*u2"",""term_index"":6,""coefficient"":0.9241315980547654}],[{""term"":""1"",""term_index"":1,""coefficient"":0.037977168791797515},{""term"":""u1"",""term_index"":2,""coefficient"":-3.374078830710382},{""term"":""u2"",""term_index"":3,""coefficient"":-1.9614729047904411},{""term"":""u2^2"",""term_index"":5,""coefficient"":0.6626796829976487}]]",capped,False,3,30,18,"[0,0]","[3,2]","[3,2]","[""Success"",""Unstable"",""MaxIters""]","[""Success"",""MaxLossEvals"",""Failure""]",77568,78989,0,77568,1421,125,77,0.3333333333333333,0.3333333333333333,0.2222222222222222,0.225,0.6666666666666666,0.75,0.5863537456955353,1.0,3,2,9,3,2,1,7,0.3333333333333333,0.2222222222222222,0.6666666666666666
340_evogrow_v2_2_stage_local_29_1_123,paper1_phaseC_v1,C,,campaign_cell,,29,Dipole fixed point,2,exact,3.0,evogrow_v2_2_stage_local,evogrow_v2_2_stage_local,123,finished,finished,True,,,2026-09-21T21:40:38.195Z,0.0005698569113249,,False,False,False,pruned_support_terms_exact_match,5,2.0,8.0,3696064,,21514.276602715,False,True,False,340,1,0c9672de35c75a9d,221a3a7,False,0.9982223804571208,"[0.9996844824560762, 0.9967602784581655]",530,799,3696064,ffb0266c7913352c,staged_polynomial_basis_with_constant,"[[""1"",""u1"",""u2"",""u1^2"",""u1*u2""],[""1"",""u1"",""u2"",""u2^2""]]","[[""1"",""u1"",""u2"",""u1^2"",""u1*u2""],[""1"",""u1"",""u2"",""u2^2""]]","[[{""term"":""1"",""term_index"":1,""coefficient"":0.011187003466676343},{""term"":""u1"",""term_index"":2,""coefficient"":-1.7273929432757857},{""term"":""u2"",""term_index"":3,""coefficient"":-1.027572290642244},{""term"":""u1^2"",""term_index"":4,""coefficient"":0.5474597220007053},{""term"":""u1*u2"",""term_index"":6,""coefficient"":0.9241320023116316}],[{""term"":""1"",""term_index"":1,""coefficient"":0.03797741485202639},{""term"":""u1"",""term_index"":2,""coefficient"":-3.3740792387519645},{""term"":""u2"",""term_index"":3,""coefficient"":-1.9614721628068168},{""term"":""u2^2"",""term_index"":5,""coefficient"":0.6626802663324521}]]",uncapped,False,3,30,26,,,,"[""Success"",""Unstable"",""MaxIters""]","[""Success"",""MaxLossEvals"",""Failure""]",155824,158145,0,155824,2321,193,128,0.3333333333333333,0.3333333333333333,0.2222222222222222,0.225,0.6666666666666666,0.75,0.5863537585618143,1.0,3,2,9,3,2,1,7,0.3333333333333333,0.2222222222222222,0.6666666666666666
341_evogrow_v2_2_stage_capped_29_1_7,paper1_phaseC_v1,C,,campaign_cell,,29,Dipole fixed point,2,exact,3.0,evogrow_v2_2_stage_capped,evogrow_v2_2_stage_capped,7,finished,finished,True,,,2026-09-21T21:48:51.516Z,0.0004396890519849,,False,False,False,pruned_support_terms_exact_match,3,0.0,0.0,3562747,,3734.355895269,False,True,False,341,1,0c9672de35c75a9d,221a3a7,False,0.9990419451087172,"[0.9985881742520004, 0.9994957159654341]",410,599,3562747,ffb0266c7913352c,staged_polynomial_basis_with_constant,"[[""1"",""u1"",""u2"",""u1^2"",""u2^2""],[""u1"",""u2"",""u1^2"",""u2^2""]]","[[""1"",""u1"",""u2"",""u1^2"",""u2^2""],[""u1"",""u2"",""u1^2"",""u2^2""]]","[[{""term"":""1"",""term_index"":1,""coefficient"":0.013364194909610423},{""term"":""u1"",""term_index"":2,""coefficient"":1.7101989325508726},{""term"":""u2"",""term_index"":3,""coefficient"":0.9826008366382484},{""term"":""u1^2"",""term_index"":4,""coefficient"":-0.5230228582354298},{""term"":""u2^2"",""term_index"":5,""coefficient"":-0.40624990449693793}],[{""term"":""u1"",""term_index"":2,""coefficient"":-0.6030039787745478},{""term"":""u2"",""term_index"":3,""coefficient"":-0.28416257742998985},{""term"":""u1^2"",""term_index"":4,""coefficient"":-0.9030924812065624},{""term"":""u2^2"",""term_index"":5,""coefficient"":1.1201158431530436}]]",capped,False,3,30,20,"[0,0]","[3,2]","[3,2]","[""Success"",""Unstable"",""MaxIters""]","[""Success"",""Failure"",""MaxLossEvals""]",102171,102852,0,102171,681,195,141,0.3333333333333333,0.3333333333333333,0.2222222222222222,0.25,0.6666666666666666,0.5,0.4056744539821604,1.0,3,2,9,3,2,1,7,0.3333333333333333,0.2222222222222222,0.6666666666666666
342_evogrow_v2_2_stage_local_29_1_7,paper1_phaseC_v1,C,,campaign_cell,,29,Dipole fixed point,2,exact,3.0,evogrow_v2_2_stage_local,evogrow_v2_2_stage_local,7,finished,finished,True,,,2026-09-21T21:56:55.516Z,0.0004396890519849,,False,False,False,pruned_support_terms_exact_match,5,2.0,8.0,6068130,,9510.486822662,False,True,False,342,1,0c9672de35c75a9d,221a3a7,False,0.9990419451087172,"[0.9985881742520004, 0.9994957159654341]",570,928,6068130,ffb0266c7913352c,staged_polynomial_basis_with_constant,"[[""1"",""u1"",""u2"",""u1^2"",""u2^2""],[""u1"",""u2"",""u1^2"",""u2^2""]]","[[""1"",""u1"",""u2"",""u1^2"",""u2^2""],[""u1"",""u2"",""u1^2"",""u2^2""]]","[[{""term"":""1"",""term_index"":1,""coefficient"":0.013364194909610423},{""term"":""u1"",""term_index"":2,""coefficient"":1.7101989325508726},{""term"":""u2"",""term_index"":3,""coefficient"":0.9826008366382484},{""term"":""u1^2"",""term_index"":4,""coefficient"":-0.5230228582354298},{""term"":""u2^2"",""term_index"":5,""coefficient"":-0.40624990449693793}],[{""term"":""u1"",""term_index"":2,""coefficient"":-0.6030039787745478},{""term"":""u2"",""term_index"":3,""coefficient"":-0.28416257742998985},{""term"":""u1^2"",""term_index"":4,""coefficient"":-0.9030924812065624},{""term"":""u2^2"",""term_index"":5,""coefficient"":1.1201158431530436}]]",uncapped,False,3,30,28,,,,"[""Success"",""Unstable"",""MaxIters""]","[""Success"",""Failure"",""MaxLossEvals""]",188396,189125,0,188396,729,327,267,0.3333333333333333,0.3333333333333333,0.2222222222222222,0.25,0.6666666666666666,0.5,0.4056744539821604,1.0,3,2,9,3,2,1,7,0.3333333333333333,0.2222222222222222,0.6666666666666666
343_evogrow_v2_2_stage_capped_29_2_42,paper1_phaseC_v1,C,,campaign_cell,,29,Dipole fixed point,2,exact,3.0,evogrow_v2_2_stage_capped,evogrow_v2_2_stage_capped,42,finished,finished,True,,,2026-09-21T22:19:49.062Z,0.0001070252228104,,False,False,False,pruned_support_terms_exact_match,3,0.0,0.0,340374,,2108.575161334,False,True,False,343,2,0c9672de35c75a9d,221a3a7,False,0.99799077157047,"[0.9998921993680553, 0.9960893437728844]",270,290,340374,ffb0266c7913352c,staged_polynomial_basis_with_constant,"[[""u1"",""u1*u2""],[""1"",""u1"",""u2""]]","[[""u1"",""u1*u2""],[""1"",""u1"",""u2""]]","[[{""term"":""u1"",""term_index"":2,""coefficient"":-0.0062735534411662046},{""term"":""u1*u2"",""term_index"":6,""coefficient"":0.6357625274279517}],[{""term"":""1"",""term_index"":1,""coefficient"":-0.11530844764347774},{""term"":""u1"",""term_index"":2,""coefficient"":-1.4186771910439169},{""term"":""u2"",""term_index"":3,""coefficient"":-1.5017147701884925}]]",capped,False,3,30,13,"[0,0]","[3,2]","[3,2]","[""Success"",""Unstable"",""MaxIters""]","[""Success"",""Failure"",""MaxLossEvals""]",10112,10598,0,10112,486,11,4,0.25,0.3333333333333333,0.2,0.25,0.3333333333333333,0.5,0.6739679346523325,1.0,3,2,5,3,1,2,4,0.25,0.2,0.3333333333333333
344_evogrow_v2_2_stage_local_29_2_42,paper1_phaseC_v1,C,,campaign_cell,,29,Dipole fixed point,2,exact,3.0,evogrow_v2_2_stage_local,evogrow_v2_2_stage_local,42,finished,finished,True,,,2026-09-21T22:23:19.305Z,0.0001070252228104,,False,False,False,pruned_support_terms_exact_match,5,2.0,8.0,653161,,21777.834137728,False,True,False,344,2,0c9672de35c75a9d,221a3a7,False,0.99799077157047,"[0.9998921993680553, 0.9960893437728844]",430,470,653161,ffb0266c7913352c,staged_polynomial_basis_with_constant,"[[""u1"",""u1*u2""],[""1"",""u1"",""u2""]]","[[""u1"",""u1*u2""],[""1"",""u1"",""u2""]]","[[{""term"":""u1"",""term_index"":2,""coefficient"":-0.0062735534411662046},{""term"":""u1*u2"",""term_index"":6,""coefficient"":0.6357625274279517}],[{""term"":""1"",""term_index"":1,""coefficient"":-0.11530844764347774},{""term"":""u1"",""term_index"":2,""coefficient"":-1.4186771910439169},{""term"":""u2"",""term_index"":3,""coefficient"":-1.5017147701884925}]]",uncapped,False,3,30,21,,,,"[""Success"",""Unstable"",""MaxIters""]","[""Success"",""Failure"",""MaxLossEvals""]",20083,25101,0,20083,5018,34,9,0.25,0.3333333333333333,0.2,0.25,0.3333333333333333,0.5,0.6739679346523325,1.0,3,2,5,3,1,2,4,0.25,0.2,0.3333333333333333
345_evogrow_v2_2_stage_capped_29_2_123,paper1_phaseC_v1,C,,campaign_cell,,29,Dipole fixed point,2,exact,3.0,evogrow_v2_2_stage_capped,evogrow_v2_2_stage_capped,123,finished,finished,True,,,2026-09-21T22:25:57.017Z,0.0001070252228106,,False,False,False,pruned_support_terms_exact_match,3,0.0,0.0,437310,,1371.252322394,False,True,False,345,2,0c9672de35c75a9d,221a3a7,False,0.9979907715950598,"[0.9998921993254773, 0.9960893438646421]",270,285,437310,ffb0266c7913352c,staged_polynomial_basis_with_constant,"[[""u1"",""u1*u2""],[""1"",""u1"",""u2""]]","[[""u1"",""u1*u2""],[""1"",""u1"",""u2""]]","[[{""term"":""u1"",""term_index"":2,""coefficient"":-0.006273582459701221},{""term"":""u1*u2"",""term_index"":6,""coefficient"":0.6357624802361954}],[{""term"":""1"",""term_index"":1,""coefficient"":-0.11530843998793021},{""term"":""u1"",""term_index"":2,""coefficient"":-1.4186771730175431},{""term"":""u2"",""term_index"":3,""coefficient"":-1.501714717542866}]]",capped,False,3,30,13,"[0,0]","[3,2]","[3,2]","[""Success"",""Unstable"",""MaxIters""]","[""Success"",""Failure"",""MaxLossEvals""]",10425,10703,0,10425,278,27,9,0.25,0.3333333333333333,0.2,0.25,0.3333333333333333,0.5,0.6739679588532331,1.0,3,2,5,3,1,2,4,0.25,0.2,0.3333333333333333
346_evogrow_v2_2_stage_local_29_2_123,paper1_phaseC_v1,C,,campaign_cell,,29,Dipole fixed point,2,exact,3.0,evogrow_v2_2_stage_local,evogrow_v2_2_stage_local,123,finished,finished,True,,,2026-09-21T22:39:44.916Z,0.0001070252228106,,False,False,False,pruned_support_terms_exact_match,5,2.0,8.0,811543,,22930.420893615,False,True,False,346,2,0c9672de35c75a9d,221a3a7,False,0.9979907715732044,"[0.9998921993633154, 0.9960893437830936]",430,460,811543,ffb0266c7913352c,staged_polynomial_basis_with_constant,"[[""u1"",""u1*u2""],[""1"",""u1"",""u2""]]","[[""u1"",""u1*u2""],[""1"",""u1"",""u2""]]","[[{""term"":""u1"",""term_index"":2,""coefficient"":-0.006273576322659994},{""term"":""u1*u2"",""term_index"":6,""coefficient"":0.635762492089736}],[{""term"":""1"",""term_index"":1,""coefficient"":-0.11530841847619516},{""term"":""u1"",""term_index"":2,""coefficient"":-1.4186771829779994},{""term"":""u2"",""term_index"":3,""coefficient"":-1.5017146694500272}]]",uncapped,False,3,30,21,,,,"[""Success"",""Unstable"",""MaxIters""]","[""Success"",""Failure"",""MaxLossEvals""]",17871,23149,0,17871,5278,49,18,0.25,0.3333333333333333,0.2,0.25,0.3333333333333333,0.5,0.6739679527744943,1.0,3,2,5,3,1,2,4,0.25,0.2,0.3333333333333333
347_evogrow_v2_2_stage_capped_29_2_7,paper1_phaseC_v1,C,,campaign_cell,,29,Dipole fixed point,2,exact,3.0,evogrow_v2_2_stage_capped,evogrow_v2_2_stage_capped,7,finished,finished,True,,,2026-09-21T22:49:54.514Z,0.0001070252228108,,False,False,False,pruned_support_terms_exact_match,3,0.0,0.0,551132,,1667.159538596,False,True,False,347,2,0c9672de35c75a9d,221a3a7,False,0.997990771679958,"[0.9998921991784938, 0.9960893441814224]",270,285,551132,ffb0266c7913352c,staged_polynomial_basis_with_constant,"[[""u1"",""u1*u2""],[""1"",""u1"",""u2""]]","[[""u1"",""u1*u2""],[""1"",""u1"",""u2""]]","[[{""term"":""u1"",""term_index"":2,""coefficient"":-0.006273585262706229},{""term"":""u1*u2"",""term_index"":6,""coefficient"":0.6357624585168186}],[{""term"":""1"",""term_index"":1,""coefficient"":-0.11530837869755584},{""term"":""u1"",""term_index"":2,""coefficient"":-1.4186772826820133},{""term"":""u2"",""term_index"":3,""coefficient"":-1.5017147301476528}]]",capped,False,3,30,13,"[0,0]","[3,2]","[3,2]","[""Success"",""Unstable"",""MaxIters""]","[""Success"",""MaxLossEvals"",""Failure""]",13552,13883,0,13552,331,34,13,0.25,0.3333333333333333,0.2,0.25,0.3333333333333333,0.5,0.6739679699913751,1.0,3,2,5,3,1,2,4,0.25,0.2,0.3333333333333333
348_evogrow_v2_2_stage_local_29_2_7,paper1_phaseC_v1,C,,campaign_cell,,29,Dipole fixed point,2,exact,3.0,evogrow_v2_2_stage_local,evogrow_v2_2_stage_local,7,finished,finished,True,,,2026-09-21T22:50:37.317Z,0.0001070252228116,,False,False,False,pruned_support_terms_exact_match,5,2.0,8.0,968242,,13703.094841555,False,True,False,348,2,0c9672de35c75a9d,221a3a7,False,0.9979907718800548,"[0.9998921988320552, 0.9960893449280547]",430,470,968242,ffb0266c7913352c,staged_polynomial_basis_with_constant,"[[""u1"",""u1*u2""],[""1"",""u1"",""u2""]]","[[""u1"",""u1*u2""],[""1"",""u1"",""u2""]]","[[{""term"":""u1"",""term_index"":2,""coefficient"":-0.006273655051543606},{""term"":""u1*u2"",""term_index"":6,""coefficient"":0.6357623300980519}],[{""term"":""1"",""term_index"":1,""coefficient"":-0.1153085170722689},{""term"":""u1"",""term_index"":2,""coefficient"":-1.418677355644138},{""term"":""u2"",""term_index"":3,""coefficient"":-1.5017150213880663}]]",uncapped,False,3,30,21,,,,"[""Success"",""Unstable"",""MaxIters""]","[""Success"",""MaxLossEvals"",""Failure""]",27288,30453,0,27288,3165,59,23,0.25,0.3333333333333333,0.2,0.25,0.3333333333333333,0.5,0.6739680358471528,1.0,3,2,5,3,1,2,4,0.25,0.2,0.3333333333333333
349_evogrow_v2_2_stage_capped_30_1_42,paper1_phaseC_v1,C,,campaign_cell,,30,RNA molecules catalyzing each others replication,2,surrogate,,evogrow_v2_2_stage_capped,evogrow_v2_2_stage_capped,42,finished,finished,True,,,2026-09-21T22:51:59.068Z,0.0003185807300437,,,,,pruned_support_terms_exact_match,5,,,885803,,447.689823489,False,True,False,349,1,0c9672de35c75a9d,221a3a7,False,0.9594862998518696,"[0.9354266122121168, 0.9835459874916226]",410,411,885803,ffb0266c7913352c,staged_polynomial_basis_with_constant,"[[""u1""],[""u2""]]","[[""u1""],[""u2""]]","[[{""term"":""u1"",""term_index"":2,""coefficient"":0.05323756170791413}],[{""term"":""u2"",""term_index"":3,""coefficient"":0.2600034227597179}]]",capped,False,3,30,20,,"[5,5]","[null,null]","[""Success"",""Unstable"",""MaxIters""]","[""Success"",""Failure"",""MaxLossEvals""]",1115,1257,0,1115,142,120,10,0.0,0.0,0.0,0.0,0.0,0.0,,,0,2,2,0,0,0,2,0.0,0.0,0.0
350_evogrow_v2_2_stage_local_30_1_42,paper1_phaseC_v1,C,,campaign_cell,,30,RNA molecules catalyzing each others replication,2,surrogate,,evogrow_v2_2_stage_local,evogrow_v2_2_stage_local,42,finished,finished,True,,,2026-09-21T22:56:00.953Z,0.0003185807300437,,,,,pruned_support_terms_exact_match,5,,,885803,,561.807904704,False,True,False,350,1,0c9672de35c75a9d,221a3a7,False,0.9594862998518696,"[0.9354266122121168, 0.9835459874916226]",410,411,885803,ffb0266c7913352c,staged_polynomial_basis_with_constant,"[[""u1""],[""u2""]]","[[""u1""],[""u2""]]","[[{""term"":""u1"",""term_index"":2,""coefficient"":0.05323756170791413}],[{""term"":""u2"",""term_index"":3,""coefficient"":0.2600034227597179}]]",uncapped,False,3,30,20,,,,"[""Success"",""Unstable"",""MaxIters""]","[""Success"",""Failure"",""MaxLossEvals""]",1115,1257,0,1115,142,120,10,0.0,0.0,0.0,0.0,0.0,0.0,,,0,2,2,0,0,0,2,0.0,0.0,0.0
351_evogrow_v2_2_stage_capped_30_1_123,paper1_phaseC_v1,C,,campaign_cell,,30,RNA molecules catalyzing each others replication,2,surrogate,,evogrow_v2_2_stage_capped,evogrow_v2_2_stage_capped,123,finished,finished,True,,,2026-09-21T22:56:02.033Z,0.0003185807300437,,,,,pruned_support_terms_exact_match,5,,,849454,,1023.243374027,False,True,False,351,1,0c9672de35c75a9d,221a3a7,False,0.9594862998518744,"[0.935426612212135, 0.9835459874916137]",410,411,849454,ffb0266c7913352c,staged_polynomial_basis_with_constant,"[[""u1""],[""u2""]]","[[""u1""],[""u2""]]","[[{""term"":""u1"",""term_index"":2,""coefficient"":0.053237562667508585}],[{""term"":""u2"",""term_index"":3,""coefficient"":0.2600034233315106}]]",capped,False,3,30,20,,"[5,5]","[null,null]","[""Success"",""Unstable"",""MaxIters""]","[""Success"",""Failure"",""MaxLossEvals""]",1735,2040,0,1735,305,127,9,0.0,0.0,0.0,0.0,0.0,0.0,,,0,2,2,0,0,0,2,0.0,0.0,0.0
352_evogrow_v2_2_stage_local_30_1_123,paper1_phaseC_v1,C,,campaign_cell,,30,RNA molecules catalyzing each others replication,2,surrogate,,evogrow_v2_2_stage_local,evogrow_v2_2_stage_local,123,finished,finished,True,,,2026-09-21T22:58:43.222Z,0.0003185807300437,,,,,pruned_support_terms_exact_match,5,,,849454,,1094.482396156,False,True,False,352,1,0c9672de35c75a9d,221a3a7,False,0.9594862998518744,"[0.935426612212135, 0.9835459874916137]",410,411,849454,ffb0266c7913352c,staged_polynomial_basis_with_constant,"[[""u1""],[""u2""]]","[[""u1""],[""u2""]]","[[{""term"":""u1"",""term_index"":2,""coefficient"":0.053237562667508585}],[{""term"":""u2"",""term_index"":3,""coefficient"":0.2600034233315106}]]",uncapped,False,3,30,20,,,,"[""Success"",""Unstable"",""MaxIters""]","[""Success"",""Failure"",""MaxLossEvals""]",1735,2040,0,1735,305,127,9,0.0,0.0,0.0,0.0,0.0,0.0,,,0,2,2,0,0,0,2,0.0,0.0,0.0
353_evogrow_v2_2_stage_capped_30_1_7,paper1_phaseC_v1,C,,campaign_cell,,30,RNA molecules catalyzing each others replication,2,surrogate,,evogrow_v2_2_stage_capped,evogrow_v2_2_stage_capped,7,finished,finished,True,,,2026-09-21T22:58:58.860Z,0.0001885195385566,,,,,pruned_support_terms_exact_match,5,,,496675,,98.878533594,False,True,False,353,1,0c9672de35c75a9d,221a3a7,False,0.9836863057829976,"[0.9838437600792015, 0.9835288514867936]",410,412,496675,ffb0266c7913352c,staged_polynomial_basis_with_constant,"[[""u2""],[""u2""]]","[[""u2""],[""u2""]]","[[{""term"":""u2"",""term_index"":3,""coefficient"":0.14517641999810643}],[{""term"":""u2"",""term_index"":3,""coefficient"":0.259724974885965}]]",capped,False,3,30,20,,"[5,5]","[null,null]","[""Success"",""Unstable""]","[""Success"",""Failure"",""MaxLossEvals""]",1125,1125,0,1125,0,74,1,0.0,0.0,0.0,0.0,0.0,0.0,,,0,2,2,0,0,0,2,0.0,0.0,0.0
354_evogrow_v2_2_stage_local_30_1_7,paper1_phaseC_v1,C,,campaign_cell,,30,RNA molecules catalyzing each others replication,2,surrogate,,evogrow_v2_2_stage_local,evogrow_v2_2_stage_local,7,finished,finished,True,,,2026-09-21T23:00:18.444Z,0.0001885195385566,,,,,pruned_support_terms_exact_match,5,,,496675,,74.04923801,False,True,False,354,1,0c9672de35c75a9d,221a3a7,False,0.9836863057829976,"[0.9838437600792015, 0.9835288514867936]",410,412,496675,ffb0266c7913352c,staged_polynomial_basis_with_constant,"[[""u2""],[""u2""]]","[[""u2""],[""u2""]]","[[{""term"":""u2"",""term_index"":3,""coefficient"":0.14517641999810643}],[{""term"":""u2"",""term_index"":3,""coefficient"":0.259724974885965}]]",uncapped,False,3,30,20,,,,"[""Success"",""Unstable""]","[""Success"",""Failure"",""MaxLossEvals""]",1125,1125,0,1125,0,74,1,0.0,0.0,0.0,0.0,0.0,0.0,,,0,2,2,0,0,0,2,0.0,0.0,0.0
355_evogrow_v2_2_stage_capped_30_2_42,paper1_phaseC_v1,C,,campaign_cell,,30,RNA molecules catalyzing each others replication,2,surrogate,,evogrow_v2_2_stage_capped,evogrow_v2_2_stage_capped,42,finished,finished,True,,,2026-09-21T23:01:33.714Z,0.0001778868279025,,,,,pruned_support_terms_exact_match,5,,,491975,,89.807523418,False,True,False,355,2,0c9672de35c75a9d,221a3a7,False,0.9891264469104232,"[0.9861076713028388, 0.9921452225180077]",410,413,491975,ffb0266c7913352c,staged_polynomial_basis_with_constant,"[[""u1""],[""u2""]]","[[""u1""],[""u2""]]","[[{""term"":""u1"",""term_index"":2,""coefficient"":0.17920334695267467}],[{""term"":""u2"",""term_index"":3,""coefficient"":0.09951818773593049}]]",capped,False,3,30,20,,"[5,5]","[null,null]","[""Success"",""Unstable"",""MaxIters""]","[""Success"",""Failure""]",808,818,0,808,10,77,0,0.0,0.0,0.0,0.0,0.0,0.0,,,0,2,2,0,0,0,2,0.0,0.0,0.0
356_evogrow_v2_2_stage_local_30_2_42,paper1_phaseC_v1,C,,campaign_cell,,30,RNA molecules catalyzing each others replication,2,surrogate,,evogrow_v2_2_stage_local,evogrow_v2_2_stage_local,42,finished,finished,True,,,2026-09-21T23:02:23.801Z,0.0001778868279025,,,,,pruned_support_terms_exact_match,5,,,491975,,87.322751702,False,True,False,356,2,0c9672de35c75a9d,221a3a7,False,0.9891264469104232,"[0.9861076713028388, 0.9921452225180077]",410,413,491975,ffb0266c7913352c,staged_polynomial_basis_with_constant,"[[""u1""],[""u2""]]","[[""u1""],[""u2""]]","[[{""term"":""u1"",""term_index"":2,""coefficient"":0.17920334695267467}],[{""term"":""u2"",""term_index"":3,""coefficient"":0.09951818773593049}]]",uncapped,False,3,30,20,,,,"[""Success"",""Unstable"",""MaxIters""]","[""Success"",""Failure""]",808,818,0,808,10,77,0,0.0,0.0,0.0,0.0,0.0,0.0,,,0,2,2,0,0,0,2,0.0,0.0,0.0
357_evogrow_v2_2_stage_capped_30_2_123,paper1_phaseC_v1,C,,campaign_cell,,30,RNA molecules catalyzing each others replication,2,surrogate,,evogrow_v2_2_stage_capped,evogrow_v2_2_stage_capped,123,finished,finished,True,,,2026-09-21T23:04:14.595Z,0.0001175953213379,,,,,pruned_support_terms_exact_match,5,,,513125,,123.652536443,False,True,False,357,2,0c9672de35c75a9d,221a3a7,False,0.9923521905771208,"[0.9923314279523622, 0.9923729532018792]",410,411,513125,ffb0266c7913352c,staged_polynomial_basis_with_constant,"[[""u2""],[""u1""]]","[[""u2""],[""u1""]]","[[{""term"":""u2"",""term_index"":3,""coefficient"":0.12970685976965182}],[{""term"":""u1"",""term_index"":2,""coefficient"":0.13405729894641705}]]",capped,False,3,30,20,,"[5,5]","[null,null]","[""Success"",""Unstable"",""MaxIters""]","[""Success"",""Failure""]",801,806,0,801,5,87,0,0.0,0.0,0.0,0.0,0.0,0.0,,,0,2,2,0,0,0,2,0.0,0.0,0.0
358_evogrow_v2_2_stage_local_30_2_123,paper1_phaseC_v1,C,,campaign_cell,,30,RNA molecules catalyzing each others replication,2,surrogate,,evogrow_v2_2_stage_local,evogrow_v2_2_stage_local,123,finished,finished,True,,,2026-09-21T23:04:42.016Z,0.0001175953213379,,,,,pruned_support_terms_exact_match,5,,,513125,,84.995354611,False,True,False,358,2,0c9672de35c75a9d,221a3a7,False,0.9923521905771208,"[0.9923314279523622, 0.9923729532018792]",410,411,513125,ffb0266c7913352c,staged_polynomial_basis_with_constant,"[[""u2""],[""u1""]]","[[""u2""],[""u1""]]","[[{""term"":""u2"",""term_index"":3,""coefficient"":0.12970685976965182}],[{""term"":""u1"",""term_index"":2,""coefficient"":0.13405729894641705}]]",uncapped,False,3,30,20,,,,"[""Success"",""Unstable"",""MaxIters""]","[""Success"",""Failure""]",801,806,0,801,5,87,0,0.0,0.0,0.0,0.0,0.0,0.0,,,0,2,2,0,0,0,2,0.0,0.0,0.0
359_evogrow_v2_2_stage_capped_30_2_7,paper1_phaseC_v1,C,,campaign_cell,,30,RNA molecules catalyzing each others replication,2,surrogate,,evogrow_v2_2_stage_capped,evogrow_v2_2_stage_capped,7,finished,finished,True,,,2026-09-21T23:06:15.665Z,0.0001175953213377,,,,,pruned_support_terms_exact_match,5,,,928725,,138.569315052,False,True,False,359,2,0c9672de35c75a9d,221a3a7,False,0.9923521907222514,"[0.9923314274740088, 0.9923729539704942]",410,411,928725,ffb0266c7913352c,staged_polynomial_basis_with_constant,"[[""u2""],[""u1""]]","[[""u2""],[""u1""]]","[[{""term"":""u2"",""term_index"":3,""coefficient"":0.12970686548238544}],[{""term"":""u1"",""term_index"":2,""coefficient"":0.13405728842948272}]]",capped,False,3,30,20,,"[5,5]","[null,null]","[""Success"",""Unstable"",""MaxIters""]","[""Success"",""Failure""]",996,1006,0,996,10,182,0,0.0,0.0,0.0,0.0,0.0,0.0,,,0,2,2,0,0,0,2,0.0,0.0,0.0
360_evogrow_v2_2_stage_local_30_2_7,paper1_phaseC_v1,C,,campaign_cell,,30,RNA molecules catalyzing each others replication,2,surrogate,,evogrow_v2_2_stage_local,evogrow_v2_2_stage_local,7,finished,finished,True,,,2026-09-21T23:07:14.095Z,0.0001175953213377,,,,,pruned_support_terms_exact_match,5,,,928725,,199.462332776,False,True,False,360,2,0c9672de35c75a9d,221a3a7,False,0.9923521907222514,"[0.9923314274740088, 0.9923729539704942]",410,411,928725,ffb0266c7913352c,staged_polynomial_basis_with_constant,"[[""u2""],[""u1""]]","[[""u2""],[""u1""]]","[[{""term"":""u2"",""term_index"":3,""coefficient"":0.12970686548238544}],[{""term"":""u1"",""term_index"":2,""coefficient"":0.13405728842948272}]]",uncapped,False,3,30,20,,,,"[""Success"",""Unstable"",""MaxIters""]","[""Success"",""Failure""]",996,1006,0,996,10,182,0,0.0,0.0,0.0,0.0,0.0,0.0,,,0,2,2,0,0,0,2,0.0,0.0,0.0
361_evogrow_v2_2_stage_capped_31_1_42,paper1_phaseC_v1,C,,campaign_cell,,31,SIR infection model only for healthy and sick,2,exact,3.0,evogrow_v2_2_stage_capped,evogrow_v2_2_stage_capped,42,finished,finished,True,,,2026-09-21T23:07:31.682Z,6.675922857879844e-05,,False,False,False,pruned_support_terms_exact_match,3,0.0,0.0,1667070,,7897.637486151,False,True,False,361,1,0c9672de35c75a9d,221a3a7,False,0.9999739867995792,"[0.999970137424736, 0.9999778361744226]",370,568,1667070,ffb0266c7913352c,staged_polynomial_basis_with_constant,"[[""1"",""u1"",""u1^2"",""u2^2""],[""1"",""u1"",""u2"",""u1^2""]]","[[""1"",""u1"",""u1^2"",""u2^2""],[""1"",""u1"",""u2"",""u1^2""]]","[[{""term"":""1"",""term_index"":1,""coefficient"":-0.013877321577607519},{""term"":""u1"",""term_index"":2,""coefficient"":-2.8645600428267106},{""term"":""u1^2"",""term_index"":4,""coefficient"":0.3421252764987731},{""term"":""u2^2"",""term_index"":5,""coefficient"":0.00637739109963513}],[{""term"":""1"",""term_index"":1,""coefficient"":0.03624967311594147},{""term"":""u1"",""term_index"":2,""coefficient"":2.803060771340828},{""term"":""u2"",""term_index"":3,""coefficient"":-0.3426139816367954},{""term"":""u1^2"",""term_index"":4,""coefficient"":-0.3315039591594207}]]",capped,False,3,30,18,"[0,0]","[3,3]","[3,3]","[""Success"",""Unstable"",""MaxIters""]","[""Success"",""Failure"",""MaxLossEvals""]",119289,119675,0,119289,386,129,45,0.1818181818181818,0.1666666666666666,0.125,0.125,0.3333333333333333,0.25,0.6970424433511629,1.0,3,2,8,3,1,2,7,0.1818181818181818,0.125,0.3333333333333333
362_evogrow_v2_2_stage_local_31_1_42,paper1_phaseC_v1,C,,campaign_cell,,31,SIR infection model only for healthy and sick,2,exact,3.0,evogrow_v2_2_stage_local,evogrow_v2_2_stage_local,42,finished,finished,True,,,2026-09-21T23:07:27.138Z,6.675922857879844e-05,,False,False,False,pruned_support_terms_exact_match,5,2.0,8.0,2590662,,52907.224710432,False,True,False,362,1,0c9672de35c75a9d,221a3a7,False,0.9999739867995792,"[0.999970137424736, 0.9999778361744226]",530,911,2590662,ffb0266c7913352c,staged_polynomial_basis_with_constant,"[[""1"",""u1"",""u1^2"",""u2^2""],[""1"",""u1"",""u2"",""u1^2""]]","[[""1"",""u1"",""u1^2"",""u2^2""],[""1"",""u1"",""u2"",""u1^2""]]","[[{""term"":""1"",""term_index"":1,""coefficient"":-0.013877321577607519},{""term"":""u1"",""term_index"":2,""coefficient"":-2.8645600428267106},{""term"":""u1^2"",""term_index"":4,""coefficient"":0.3421252764987731},{""term"":""u2^2"",""term_index"":5,""coefficient"":0.00637739109963513}],[{""term"":""1"",""term_index"":1,""coefficient"":0.03624967311594147},{""term"":""u1"",""term_index"":2,""coefficient"":2.803060771340828},{""term"":""u2"",""term_index"":3,""coefficient"":-0.3426139816367954},{""term"":""u1^2"",""term_index"":4,""coefficient"":-0.3315039591594207}]]",uncapped,False,3,30,26,,,,"[""Success"",""Unstable"",""MaxIters""]","[""Success"",""Failure"",""MaxLossEvals""]",191588,201665,0,191588,10077,182,69,0.1818181818181818,0.1666666666666666,0.125,0.125,0.3333333333333333,0.25,0.6970424433511629,1.0,3,2,8,3,1,2,7,0.1818181818181818,0.125,0.3333333333333333
363_evogrow_v2_2_stage_capped_31_1_123,paper1_phaseC_v1,C,,campaign_cell,,31,SIR infection model only for healthy and sick,2,exact,3.0,evogrow_v2_2_stage_capped,evogrow_v2_2_stage_capped,123,finished,finished,True,,,2026-09-21T23:09:25.486Z,0.0001242722579596,,False,False,False,pruned_support_terms_exact_match,3,0.0,0.0,1413166,,3186.271219122,False,True,False,363,1,0c9672de35c75a9d,221a3a7,False,0.9999506921093322,"[0.9999304482282484, 0.9999709359904161]",370,548,1413166,ffb0266c7913352c,staged_polynomial_basis_with_constant,"[[""u1"",""u2"",""u1^2""],[""1"",""u1"",""u2"",""u1^2""]]","[[""u1"",""u2"",""u1^2""],[""1"",""u1"",""u2"",""u1^2""]]","[[{""term"":""u1"",""term_index"":2,""coefficient"":-2.8088029100804466},{""term"":""u2"",""term_index"":3,""coefficient"":0.0199955854895437},{""term"":""u1^2"",""term_index"":4,""coefficient"":0.33232345233497756}],[{""term"":""1"",""term_index"":1,""coefficient"":-0.007451560851552308},{""term"":""u1"",""term_index"":2,""coefficient"":2.7845126758524774},{""term"":""u2"",""term_index"":3,""coefficient"":-0.3294414728046436},{""term"":""u1^2"",""term_index"":4,""coefficient"":-0.3283712673244424}]]",capped,False,3,30,18,"[0,0]","[3,3]","[3,3]","[""Success"",""Unstable"",""MaxIters""]","[""Success"",""Failure"",""MaxLossEvals""]",74427,75001,0,74427,574,111,39,0.2,0.1666666666666666,0.1428571428571428,0.125,0.3333333333333333,0.25,0.683058888327647,1.0,3,2,7,3,1,2,6,0.2,0.1428571428571428,0.3333333333333333
364_evogrow_v2_2_stage_local_31_1_123,paper1_phaseC_v1,C,,campaign_cell,,31,SIR infection model only for healthy and sick,2,exact,3.0,evogrow_v2_2_stage_local,evogrow_v2_2_stage_local,123,finished,finished,True,,,2026-09-21T23:11:42.915Z,0.0001242722579596,,False,False,False,pruned_support_terms_exact_match,5,2.0,8.0,2117477,,32100.113304613,False,True,False,364,1,0c9672de35c75a9d,221a3a7,False,0.9999506921093322,"[0.9999304482282484, 0.9999709359904161]",530,863,2117477,ffb0266c7913352c,staged_polynomial_basis_with_constant,"[[""u1"",""u2"",""u1^2""],[""1"",""u1"",""u2"",""u1^2""]]","[[""u1"",""u2"",""u1^2""],[""1"",""u1"",""u2"",""u1^2""]]","[[{""term"":""u1"",""term_index"":2,""coefficient"":-2.8088029100804466},{""term"":""u2"",""term_index"":3,""coefficient"":0.0199955854895437},{""term"":""u1^2"",""term_index"":4,""coefficient"":0.33232345233497756}],[{""term"":""1"",""term_index"":1,""coefficient"":-0.007451560851552308},{""term"":""u1"",""term_index"":2,""coefficient"":2.7845126758524774},{""term"":""u2"",""term_index"":3,""coefficient"":-0.3294414728046436},{""term"":""u1^2"",""term_index"":4,""coefficient"":-0.3283712673244424}]]",uncapped,False,3,30,26,,,,"[""Success"",""Unstable"",""MaxIters""]","[""Success"",""Failure"",""MaxLossEvals""]",115222,119690,0,115222,4468,154,56,0.2,0.1666666666666666,0.1428571428571428,0.125,0.3333333333333333,0.25,0.683058888327647,1.0,3,2,7,3,1,2,6,0.2,0.1428571428571428,0.3333333333333333
365_evogrow_v2_2_stage_capped_31_1_7,paper1_phaseC_v1,C,,campaign_cell,,31,SIR infection model only for healthy and sick,2,exact,3.0,evogrow_v2_2_stage_capped,evogrow_v2_2_stage_capped,7,finished,finished,True,,,2026-09-21T23:14:09.812Z,0.0001118050244126,,False,False,False,pruned_support_terms_exact_match,3,0.0,0.0,1568598,,9436.107250074,False,True,False,365,1,0c9672de35c75a9d,221a3a7,False,0.9999557402033246,"[0.9999390272697053, 0.9999724531369437]",350,540,1568598,ffb0266c7913352c,staged_polynomial_basis_with_constant,"[[""1"",""u1"",""u2"",""u1^2""],[""u1"",""u2"",""u1^2""]]","[[""1"",""u1"",""u2"",""u1^2""],[""u1"",""u2"",""u1^2""]]","[[{""term"":""1"",""term_index"":1,""coefficient"":-0.011201173387661826},{""term"":""u1"",""term_index"":2,""coefficient"":-2.818338823398439},{""term"":""u2"",""term_index"":3,""coefficient"":0.023794484042687056},{""term"":""u1^2"",""term_index"":4,""coefficient"":0.3339906609055106}],[{""term"":""u1"",""term_index"":2,""coefficient"":2.788700831344752},{""term"":""u2"",""term_index"":3,""coefficient"":-0.33186547929145815},{""term"":""u1^2"",""term_index"":4,""coefficient"":-0.32908109918934625}]]",capped,False,3,30,17,"[0,0]","[3,3]","[3,3]","[""Success"",""Unstable"",""MaxIters""]","[""Failure"",""Success"",""MaxLossEvals""]",90450,91560,0,90450,1110,116,41,0.2,0.2,0.1428571428571428,0.1666666666666666,0.3333333333333333,0.25,0.6856321436215055,1.0,3,2,7,3,1,2,6,0.2,0.1428571428571428,0.3333333333333333
366_evogrow_v2_2_stage_local_31_1_7,paper1_phaseC_v1,C,,campaign_cell,,31,SIR infection model only for healthy and sick,2,exact,3.0,evogrow_v2_2_stage_local,evogrow_v2_2_stage_local,7,finished,finished,True,,,2026-09-21T23:18:10.168Z,0.0001118050244126,,False,False,False,pruned_support_terms_exact_match,5,2.0,8.0,2332828,,32178.691663542,False,True,False,366,1,0c9672de35c75a9d,221a3a7,False,0.9999557402033246,"[0.9999390272697053, 0.9999724531369437]",510,867,2332828,ffb0266c7913352c,staged_polynomial_basis_with_constant,"[[""1"",""u1"",""u2"",""u1^2""],[""u1"",""u2"",""u1^2""]]","[[""1"",""u1"",""u2"",""u1^2""],[""u1"",""u2"",""u1^2""]]","[[{""term"":""1"",""term_index"":1,""coefficient"":-0.011201173387661826},{""term"":""u1"",""term_index"":2,""coefficient"":-2.818338823398439},{""term"":""u2"",""term_index"":3,""coefficient"":0.023794484042687056},{""term"":""u1^2"",""term_index"":4,""coefficient"":0.3339906609055106}],[{""term"":""u1"",""term_index"":2,""coefficient"":2.788700831344752},{""term"":""u2"",""term_index"":3,""coefficient"":-0.33186547929145815},{""term"":""u1^2"",""term_index"":4,""coefficient"":-0.32908109918934625}]]",uncapped,False,3,30,25,,,,"[""Success"",""Unstable"",""MaxIters""]","[""Failure"",""Success"",""MaxLossEvals""]",139276,143363,0,139276,4087,171,58,0.2,0.2,0.1428571428571428,0.1666666666666666,0.3333333333333333,0.25,0.6856321436215055,1.0,3,2,7,3,1,2,6,0.2,0.1428571428571428,0.3333333333333333
367_evogrow_v2_2_stage_capped_31_2_42,paper1_phaseC_v1,C,,campaign_cell,,31,SIR infection model only for healthy and sick,2,exact,3.0,evogrow_v2_2_stage_capped,evogrow_v2_2_stage_capped,42,finished,finished,True,,,2026-09-21T23:18:45.842Z,1.7889215146932883e-09,,False,False,False,pruned_support_terms_exact_match,3,0.0,0.0,1659497,,31409.264605759,False,True,False,367,2,0c9672de35c75a9d,221a3a7,False,0.999999999705095,"[0.9999999994382199, 0.9999999999719702]",450,772,1659497,ffb0266c7913352c,staged_polynomial_basis_with_constant,"[[""u1"",""u2"",""u1^2"",""u1*u2""],[""1"",""u1"",""u2"",""u1^2"",""u1*u2""]]","[[""u1"",""u1^2"",""u1*u2""],[""u1"",""u2"",""u1*u2""]]","[[{""term"":""u1"",""term_index"":2,""coefficient"":0.10021346295706615},{""term"":""u2"",""term_index"":3,""coefficient"":-9.760334441547125e-07},{""term"":""u1^2"",""term_index"":4,""coefficient"":-0.002926714751841772},{""term"":""u1*u2"",""term_index"":6,""coefficient"":-0.40327711859844056}],[{""term"":""1"",""term_index"":1,""coefficient"":2.0295798343654014e-05},{""term"":""u1"",""term_index"":2,""coefficient"":-0.010395512941441594},{""term"":""u2"",""term_index"":3,""coefficient"":-0.314002309651519},{""term"":""u1^2"",""term_index"":4,""coefficient"":0.00030730595800518507},{""term"":""u1*u2"",""term_index"":6,""coefficient"":0.4003354526453251}]]",capped,False,3,30,22,"[0,0]","[3,3]","[null,null]","[""Success"",""Unstable"",""MaxIters""]","[""Success"",""Failure"",""MaxLossEvals""]",143569,148651,0,143569,5082,122,49,0.5,0.4857142857142857,0.3333333333333333,0.325,1.0,1.0,0.0030129278958333,0.0081927964961013,3,2,9,3,3,0,6,0.5,0.3333333333333333,1.0
368_evogrow_v2_2_stage_local_31_2_42,paper1_phaseC_v1,C,,campaign_cell,,31,SIR infection model only for healthy and sick,2,exact,3.0,evogrow_v2_2_stage_local,evogrow_v2_2_stage_local,42,finished,finished,True,,,2026-09-21T23:33:26.047Z,1.7889215146932883e-09,,False,False,False,pruned_support_terms_exact_match,3,0.0,0.0,1659497,,30225.07897705,False,True,False,368,2,0c9672de35c75a9d,221a3a7,False,0.999999999705095,"[0.9999999994382199, 0.9999999999719702]",450,772,1659497,ffb0266c7913352c,staged_polynomial_basis_with_constant,"[[""u1"",""u2"",""u1^2"",""u1*u2""],[""1"",""u1"",""u2"",""u1^2"",""u1*u2""]]","[[""u1"",""u1^2"",""u1*u2""],[""u1"",""u2"",""u1*u2""]]","[[{""term"":""u1"",""term_index"":2,""coefficient"":0.10021346295706615},{""term"":""u2"",""term_index"":3,""coefficient"":-9.760334441547125e-07},{""term"":""u1^2"",""term_index"":4,""coefficient"":-0.002926714751841772},{""term"":""u1*u2"",""term_index"":6,""coefficient"":-0.40327711859844056}],[{""term"":""1"",""term_index"":1,""coefficient"":2.0295798343654014e-05},{""term"":""u1"",""term_index"":2,""coefficient"":-0.010395512941441594},{""term"":""u2"",""term_index"":3,""coefficient"":-0.314002309651519},{""term"":""u1^2"",""term_index"":4,""coefficient"":0.00030730595800518507},{""term"":""u1*u2"",""term_index"":6,""coefficient"":0.4003354526453251}]]",uncapped,False,3,30,22,,,,"[""Success"",""Unstable"",""MaxIters""]","[""Success"",""Failure"",""MaxLossEvals""]",143569,148651,0,143569,5082,122,49,0.5,0.4857142857142857,0.3333333333333333,0.325,1.0,1.0,0.0030129278958333,0.0081927964961013,3,2,9,3,3,0,6,0.5,0.3333333333333333,1.0
369_evogrow_v2_2_stage_capped_31_2_123,paper1_phaseC_v1,C,,campaign_cell,,31,SIR infection model only for healthy and sick,2,exact,3.0,evogrow_v2_2_stage_capped,evogrow_v2_2_stage_capped,123,finished,finished,True,,,2026-09-21T23:34:50.715Z,6.246135077099729e-08,,False,False,False,pruned_support_terms_exact_match,5,2.0,8.0,3433188,,20845.283153603,False,True,False,369,2,0c9672de35c75a9d,221a3a7,False,0.9999999916955578,"[0.9999999845741434, 0.9999999988169721]",590,1246,3433188,ffb0266c7913352c,staged_polynomial_basis_with_constant,"[[""1"",""u1"",""u1^2"",""u1*u2""],[""u1"",""u2"",""u1^2"",""u2^2"",""u1*u2""]]","[[""u1"",""u1^2"",""u1*u2""],[""u1"",""u2"",""u1^2"",""u1*u2""]]","[[{""term"":""1"",""term_index"":1,""coefficient"":-0.00011083148795016599},{""term"":""u1"",""term_index"":2,""coefficient"":-0.17402442398970286},{""term"":""u1^2"",""term_index"":4,""coefficient"":0.005505935210230301},{""term"":""u1*u2"",""term_index"":6,""coefficient"":-0.3946064641376395}],[{""term"":""u1"",""term_index"":2,""coefficient"":0.9331724846826699},{""term"":""u2"",""term_index"":3,""coefficient"":-0.31395128607856865},{""term"":""u1^2"",""term_index"":4,""coefficient"":-0.02767970076154981},{""term"":""u2^2"",""term_index"":5,""coefficient"":-2.9512208955540823e-06},{""term"":""u1*u2"",""term_index"":6,""coefficient"":0.3697622528623275}]]",capped,False,3,30,29,"[2,2]","[5,5]","[null,null]","[""Success"",""Unstable"",""MaxIters""]","[""Success"",""Failure"",""MaxLossEvals""]",322773,324797,0,322773,2024,220,132,0.5,0.4857142857142857,0.3333333333333333,0.325,1.0,1.0,0.0297444491257508,0.0755943678441813,3,2,9,3,3,0,6,0.5,0.3333333333333333,1.0
370_evogrow_v2_2_stage_local_31_2_123,paper1_phaseC_v1,C,,campaign_cell,,31,SIR infection model only for healthy and sick,2,exact,3.0,evogrow_v2_2_stage_local,evogrow_v2_2_stage_local,123,finished,finished,True,,,2026-09-21T23:42:00.369Z,6.246135077099729e-08,,False,False,False,pruned_support_terms_exact_match,5,2.0,8.0,3433188,,21111.789050224,False,True,False,370,2,0c9672de35c75a9d,221a3a7,False,0.9999999916955578,"[0.9999999845741434, 0.9999999988169721]",590,1246,3433188,ffb0266c7913352c,staged_polynomial_basis_with_constant,"[[""1"",""u1"",""u1^2"",""u1*u2""],[""u1"",""u2"",""u1^2"",""u2^2"",""u1*u2""]]","[[""u1"",""u1^2"",""u1*u2""],[""u1"",""u2"",""u1^2"",""u1*u2""]]","[[{""term"":""1"",""term_index"":1,""coefficient"":-0.00011083148795016599},{""term"":""u1"",""term_index"":2,""coefficient"":-0.17402442398970286},{""term"":""u1^2"",""term_index"":4,""coefficient"":0.005505935210230301},{""term"":""u1*u2"",""term_index"":6,""coefficient"":-0.3946064641376395}],[{""term"":""u1"",""term_index"":2,""coefficient"":0.9331724846826699},{""term"":""u2"",""term_index"":3,""coefficient"":-0.31395128607856865},{""term"":""u1^2"",""term_index"":4,""coefficient"":-0.02767970076154981},{""term"":""u2^2"",""term_index"":5,""coefficient"":-2.9512208955540823e-06},{""term"":""u1*u2"",""term_index"":6,""coefficient"":0.3697622528623275}]]",uncapped,False,3,30,29,,,,"[""Success"",""Unstable"",""MaxIters""]","[""Success"",""Failure"",""MaxLossEvals""]",322773,324797,0,322773,2024,220,132,0.5,0.4857142857142857,0.3333333333333333,0.325,1.0,1.0,0.0297444491257508,0.0755943678441813,3,2,9,3,3,0,6,0.5,0.3333333333333333,1.0
371_evogrow_v2_2_stage_capped_31_2_7,paper1_phaseC_v1,C,,campaign_cell,,31,SIR infection model only for healthy and sick,2,exact,3.0,evogrow_v2_2_stage_capped,evogrow_v2_2_stage_capped,7,finished,finished,True,,,2026-09-21T23:45:15.824Z,5.46941908273795e-09,,False,False,False,pruned_support_terms_exact_match,3,0.0,0.0,1356427,,16178.559592181,False,True,False,371,2,0c9672de35c75a9d,221a3a7,False,0.9999999991253548,"[0.9999999983391759, 0.9999999999115337]",430,637,1356427,ffb0266c7913352c,staged_polynomial_basis_with_constant,"[[""1"",""u1"",""u2"",""u1^2"",""u1*u2""],[""1"",""u1"",""u2"",""u1*u2""]]","[[""u1"",""u1^2"",""u1*u2""],[""u2"",""u1*u2""]]","[[{""term"":""1"",""term_index"":1,""coefficient"":1.2409998019014063e-05},{""term"":""u1"",""term_index"":2,""coefficient"":0.16757835034039067},{""term"":""u2"",""term_index"":3,""coefficient"":-2.8167681595353236e-06},{""term"":""u1^2"",""term_index"":4,""coefficient"":-0.004888516461939766},{""term"":""u1*u2"",""term_index"":6,""coefficient"":-0.4054858619734911}],[{""term"":""1"",""term_index"":1,""coefficient"":2.7625333937801762e-05},{""term"":""u1"",""term_index"":2,""coefficient"":-0.00030476810785782984},{""term"":""u2"",""term_index"":3,""coefficient"":-0.3140033121462374},{""term"":""u1*u2"",""term_index"":6,""coefficient"":0.4000127454634999}]]",capped,False,3,30,21,"[0,0]","[3,3]","[null,null]","[""Success"",""Unstable"",""MaxIters""]","[""Success"",""Failure"",""MaxLossEvals""]",122761,125660,0,122761,2899,115,33,0.5,0.5,0.3333333333333333,0.35,1.0,1.0,0.0045856889429674,0.0137146549337277,3,2,9,3,3,0,6,0.5,0.3333333333333333,1.0
372_evogrow_v2_2_stage_local_31_2_7,paper1_phaseC_v1,C,,campaign_cell,,31,SIR infection model only for healthy and sick,2,exact,3.0,evogrow_v2_2_stage_local,evogrow_v2_2_stage_local,7,finished,finished,True,,,2026-09-22T00:03:23.480Z,5.46941908273795e-09,,False,False,False,pruned_support_terms_exact_match,3,0.0,0.0,1356427,,11990.730113072,False,True,False,372,2,0c9672de35c75a9d,221a3a7,False,0.9999999991253548,"[0.9999999983391759, 0.9999999999115337]",430,637,1356427,ffb0266c7913352c,staged_polynomial_basis_with_constant,"[[""1"",""u1"",""u2"",""u1^2"",""u1*u2""],[""1"",""u1"",""u2"",""u1*u2""]]","[[""u1"",""u1^2"",""u1*u2""],[""u2"",""u1*u2""]]","[[{""term"":""1"",""term_index"":1,""coefficient"":1.2409998019014063e-05},{""term"":""u1"",""term_index"":2,""coefficient"":0.16757835034039067},{""term"":""u2"",""term_index"":3,""coefficient"":-2.8167681595353236e-06},{""term"":""u1^2"",""term_index"":4,""coefficient"":-0.004888516461939766},{""term"":""u1*u2"",""term_index"":6,""coefficient"":-0.4054858619734911}],[{""term"":""1"",""term_index"":1,""coefficient"":2.7625333937801762e-05},{""term"":""u1"",""term_index"":2,""coefficient"":-0.00030476810785782984},{""term"":""u2"",""term_index"":3,""coefficient"":-0.3140033121462374},{""term"":""u1*u2"",""term_index"":6,""coefficient"":0.4000127454634999}]]",uncapped,False,3,30,21,,,,"[""Success"",""Unstable"",""MaxIters""]","[""Success"",""Failure"",""MaxLossEvals""]",122761,125660,0,122761,2899,115,33,0.5,0.5,0.3333333333333333,0.35,1.0,1.0,0.0045856889429674,0.0137146549337277,3,2,9,3,3,0,6,0.5,0.3333333333333333,1.0
373_evogrow_v2_2_stage_capped_32_1_42,paper1_phaseC_v1,C,,campaign_cell,,32,Damped double well oscillator,2,exact,4.0,evogrow_v2_2_stage_capped,evogrow_v2_2_stage_capped,42,finished,finished,True,,,2026-09-22T00:12:51.284Z,3.715349177162072e-12,,True,False,True,pruned_support_terms_exact_match,4,0.0,0.0,3515076,,24043.053785652,False,True,False,373,1,0c9672de35c75a9d,221a3a7,False,0.9999999999971704,"[0.9999999999975098, 0.9999999999968308]",410,576,3515076,ffb0266c7913352c,staged_polynomial_basis_with_constant,"[[""1"",""u1"",""u2"",""u1^2"",""u2^2"",""u1*u2""],[""u1"",""u2"",""u1^2"",""u2^2"",""u1*u2"",""u1^3""]]","[[""u2""],[""u1"",""u2"",""u1^3""]]","[[{""term"":""1"",""term_index"":1,""coefficient"":2.7498768775585924e-06},{""term"":""u1"",""term_index"":2,""coefficient"":-2.316245005904843e-06},{""term"":""u2"",""term_index"":3,""coefficient"":0.9999986305505028},{""term"":""u1^2"",""term_index"":4,""coefficient"":-2.780891484942727e-06},{""term"":""u2^2"",""term_index"":5,""coefficient"":5.038391919869771e-07},{""term"":""u1*u2"",""term_index"":6,""coefficient"":1.2139146752339553e-06}],[{""term"":""u1"",""term_index"":2,""coefficient"":0.9999961277408919},{""term"":""u2"",""term_index"":3,""coefficient"":-0.17999807996901573},{""term"":""u1^2"",""term_index"":4,""coefficient"":2.250668261770468e-07},{""term"":""u2^2"",""term_index"":5,""coefficient"":-8.562105455509983e-07},{""term"":""u1*u2"",""term_index"":6,""coefficient"":4.744764155727851e-06},{""term"":""u1^3"",""term_index"":7,""coefficient"":-1.0000006233251701}]]",capped,False,3,30,20,"[0,0]","[4,4]","[null,4]","[""Success"",""Unstable"",""MaxIters""]","[""Success"",""Failure"",""MaxLossEvals""]",230011,234049,0,230011,4038,274,114,0.5,0.4761904761904761,0.3333333333333333,0.3333333333333333,1.0,1.0,4.13296814424307e-06,1.0666838801440569e-05,4,2,12,4,4,0,8,0.5,0.3333333333333333,1.0
374_evogrow_v2_2_stage_local_32_1_42,paper1_phaseC_v1,C,,campaign_cell,,32,Damped double well oscillator,2,exact,4.0,evogrow_v2_2_stage_local,evogrow_v2_2_stage_local,42,finished,finished,True,,,2026-09-22T00:14:03.894Z,3.715349177162072e-12,,True,False,True,pruned_support_terms_exact_match,4,0.0,0.0,3515076,,33265.935477103,False,True,False,374,1,0c9672de35c75a9d,221a3a7,False,0.9999999999971704,"[0.9999999999975098, 0.9999999999968308]",410,576,3515076,ffb0266c7913352c,staged_polynomial_basis_with_constant,"[[""1"",""u1"",""u2"",""u1^2"",""u2^2"",""u1*u2""],[""u1"",""u2"",""u1^2"",""u2^2"",""u1*u2"",""u1^3""]]","[[""u2""],[""u1"",""u2"",""u1^3""]]","[[{""term"":""1"",""term_index"":1,""coefficient"":2.7498768775585924e-06},{""term"":""u1"",""term_index"":2,""coefficient"":-2.316245005904843e-06},{""term"":""u2"",""term_index"":3,""coefficient"":0.9999986305505028},{""term"":""u1^2"",""term_index"":4,""coefficient"":-2.780891484942727e-06},{""term"":""u2^2"",""term_index"":5,""coefficient"":5.038391919869771e-07},{""term"":""u1*u2"",""term_index"":6,""coefficient"":1.2139146752339553e-06}],[{""term"":""u1"",""term_index"":2,""coefficient"":0.9999961277408919},{""term"":""u2"",""term_index"":3,""coefficient"":-0.17999807996901573},{""term"":""u1^2"",""term_index"":4,""coefficient"":2.250668261770468e-07},{""term"":""u2^2"",""term_index"":5,""coefficient"":-8.562105455509983e-07},{""term"":""u1*u2"",""term_index"":6,""coefficient"":4.744764155727851e-06},{""term"":""u1^3"",""term_index"":7,""coefficient"":-1.0000006233251701}]]",uncapped,False,3,30,20,,,,"[""Success"",""Unstable"",""MaxIters""]","[""Success"",""Failure"",""MaxLossEvals""]",230011,234049,0,230011,4038,274,114,0.5,0.4761904761904761,0.3333333333333333,0.3333333333333333,1.0,1.0,4.13296814424307e-06,1.0666838801440569e-05,4,2,12,4,4,0,8,0.5,0.3333333333333333,1.0
375_evogrow_v2_2_stage_capped_32_1_123,paper1_phaseC_v1,C,,campaign_cell,,32,Damped double well oscillator,2,exact,4.0,evogrow_v2_2_stage_capped,evogrow_v2_2_stage_capped,123,finished,finished,True,,,2026-09-22T00:34:26.421Z,2.8668625810814242e-12,,True,False,True,pruned_support_terms_exact_match,4,0.0,0.0,3946514,,23015.01347694,False,True,False,375,1,0c9672de35c75a9d,221a3a7,False,0.9999999999978108,"[0.9999999999978806, 0.9999999999977411]",390,535,3946514,ffb0266c7913352c,staged_polynomial_basis_with_constant,"[[""1"",""u1"",""u2"",""u1^2"",""u2^2"",""u1*u2""],[""1"",""u1"",""u2"",""u1^2"",""u1*u2"",""u1^3""]]","[[""u2""],[""u1"",""u2"",""u1^3""]]","[[{""term"":""1"",""term_index"":1,""coefficient"":2.2367483568524995e-06},{""term"":""u1"",""term_index"":2,""coefficient"":-1.7433738189608447e-06},{""term"":""u2"",""term_index"":3,""coefficient"":0.9999987868554597},{""term"":""u1^2"",""term_index"":4,""coefficient"":-2.4840325343091195e-06},{""term"":""u2^2"",""term_index"":5,""coefficient"":5.011581574435942e-07},{""term"":""u1*u2"",""term_index"":6,""coefficient"":-3.905160122197779e-07}],[{""term"":""1"",""term_index"":1,""coefficient"":1.2849978562120325e-06},{""term"":""u1"",""term_index"":2,""coefficient"":0.9999953662618201},{""term"":""u2"",""term_index"":3,""coefficient"":-0.17999872812147333},{""term"":""u1^2"",""term_index"":4,""coefficient"":-2.984152398004179e-06},{""term"":""u1*u2"",""term_index"":6,""coefficient"":4.4447136416409395e-06},{""term"":""u1^3"",""term_index"":7,""coefficient"":-1.000000040581951}]]",capped,False,3,30,19,"[0,0]","[4,4]","[null,4]","[""Success"",""Unstable"",""MaxIters""]","[""Success"",""Failure"",""MaxLossEvals""]",226013,228994,0,226013,2981,294,145,0.5,0.4761904761904761,0.3333333333333333,0.3333333333333333,1.0,1.0,3.2383641214809677e-06,7.065991814806753e-06,4,2,12,4,4,0,8,0.5,0.3333333333333333,1.0
376_evogrow_v2_2_stage_local_32_1_123,paper1_phaseC_v1,C,,campaign_cell,,32,Damped double well oscillator,2,exact,4.0,evogrow_v2_2_stage_local,evogrow_v2_2_stage_local,123,finished,finished,True,,,2026-09-22T00:36:32.426Z,2.8668625810814242e-12,,True,False,True,pruned_support_terms_exact_match,4,0.0,0.0,3946514,,21055.903142066,False,True,False,376,1,0c9672de35c75a9d,221a3a7,False,0.9999999999978108,"[0.9999999999978806, 0.9999999999977411]",390,535,3946514,ffb0266c7913352c,staged_polynomial_basis_with_constant,"[[""1"",""u1"",""u2"",""u1^2"",""u2^2"",""u1*u2""],[""1"",""u1"",""u2"",""u1^2"",""u1*u2"",""u1^3""]]","[[""u2""],[""u1"",""u2"",""u1^3""]]","[[{""term"":""1"",""term_index"":1,""coefficient"":2.2367483568524995e-06},{""term"":""u1"",""term_index"":2,""coefficient"":-1.7433738189608447e-06},{""term"":""u2"",""term_index"":3,""coefficient"":0.9999987868554597},{""term"":""u1^2"",""term_index"":4,""coefficient"":-2.4840325343091195e-06},{""term"":""u2^2"",""term_index"":5,""coefficient"":5.011581574435942e-07},{""term"":""u1*u2"",""term_index"":6,""coefficient"":-3.905160122197779e-07}],[{""term"":""1"",""term_index"":1,""coefficient"":1.2849978562120325e-06},{""term"":""u1"",""term_index"":2,""coefficient"":0.9999953662618201},{""term"":""u2"",""term_index"":3,""coefficient"":-0.17999872812147333},{""term"":""u1^2"",""term_index"":4,""coefficient"":-2.984152398004179e-06},{""term"":""u1*u2"",""term_index"":6,""coefficient"":4.4447136416409395e-06},{""term"":""u1^3"",""term_index"":7,""coefficient"":-1.000000040581951}]]",uncapped,False,3,30,19,,,,"[""Success"",""Unstable"",""MaxIters""]","[""Success"",""Failure"",""MaxLossEvals""]",226013,228994,0,226013,2981,294,145,0.5,0.4761904761904761,0.3333333333333333,0.3333333333333333,1.0,1.0,3.2383641214809677e-06,7.065991814806753e-06,4,2,12,4,4,0,8,0.5,0.3333333333333333,1.0
377_evogrow_v2_2_stage_capped_32_1_7,paper1_phaseC_v1,C,,campaign_cell,,32,Damped double well oscillator,2,exact,4.0,evogrow_v2_2_stage_capped,evogrow_v2_2_stage_capped,7,finished,finished,True,,,2026-09-22T01:07:36.022Z,0.2248261427172996,,False,False,False,pruned_support_terms_exact_match,5,1.0,4.0,5490395,,18470.86574852,False,True,False,377,1,0c9672de35c75a9d,221a3a7,False,0.8259907053119785,"[0.7523845652101859, 0.899596845413771]",550,847,5490395,ffb0266c7913352c,staged_polynomial_basis_with_constant,"[[""1"",""u1"",""u2"",""u1^2"",""u2^2"",""u1*u2""],[""1"",""u1"",""u2"",""u1^2"",""u2^2"",""u1*u2""]]","[[""1"",""u1"",""u2"",""u1^2"",""u2^2"",""u1*u2""],[""1"",""u1"",""u2"",""u1^2"",""u2^2"",""u1*u2""]]","[[{""term"":""1"",""term_index"":1,""coefficient"":-0.41494479571035775},{""term"":""u1"",""term_index"":2,""coefficient"":-0.07563324828957636},{""term"":""u2"",""term_index"":3,""coefficient"":0.6183861767696002},{""term"":""u1^2"",""term_index"":4,""coefficient"":0.025737723823149858},{""term"":""u2^2"",""term_index"":5,""coefficient"":0.29121276917140165},{""term"":""u1*u2"",""term_index"":6,""coefficient"":0.17468057214199506}],[{""term"":""1"",""term_index"":1,""coefficient"":0.07396220538890826},{""term"":""u1"",""term_index"":2,""coefficient"":-2.024094207565043},{""term"":""u2"",""term_index"":3,""coefficient"":-0.46515491173716605},{""term"":""u1^2"",""term_index"":4,""coefficient"":0.3483124126976398},{""term"":""u2^2"",""term_index"":5,""coefficient"":0.04102304831223928},{""term"":""u1*u2"",""term_index"":6,""coefficient"":0.34497250083277725}]]",capped,False,3,30,27,"[1,0]","[5,4]","[null,4]","[""Success"",""Unstable"",""MaxIters""]","[""Success"",""MaxLossEvals"",""Failure""]",384997,386793,0,384997,1796,416,186,0.375,0.365079365079365,0.25,0.25,0.75,0.8333333333333333,1.4974754962227026,3.024094207565043,4,2,12,4,3,1,9,0.375,0.25,0.75
378_evogrow_v2_2_stage_local_32_1_7,paper1_phaseC_v1,C,,campaign_cell,,32,Damped double well oscillator,2,exact,4.0,evogrow_v2_2_stage_local,evogrow_v2_2_stage_local,7,finished,finished,True,,,2026-09-22T01:14:12.341Z,0.2248261427172996,,False,False,False,pruned_support_terms_exact_match,5,1.0,4.0,5490395,,17822.290048643,False,True,False,378,1,0c9672de35c75a9d,221a3a7,False,0.8259907053119785,"[0.7523845652101859, 0.899596845413771]",550,847,5490395,ffb0266c7913352c,staged_polynomial_basis_with_constant,"[[""1"",""u1"",""u2"",""u1^2"",""u2^2"",""u1*u2""],[""1"",""u1"",""u2"",""u1^2"",""u2^2"",""u1*u2""]]","[[""1"",""u1"",""u2"",""u1^2"",""u2^2"",""u1*u2""],[""1"",""u1"",""u2"",""u1^2"",""u2^2"",""u1*u2""]]","[[{""term"":""1"",""term_index"":1,""coefficient"":-0.41494479571035775},{""term"":""u1"",""term_index"":2,""coefficient"":-0.07563324828957636},{""term"":""u2"",""term_index"":3,""coefficient"":0.6183861767696002},{""term"":""u1^2"",""term_index"":4,""coefficient"":0.025737723823149858},{""term"":""u2^2"",""term_index"":5,""coefficient"":0.29121276917140165},{""term"":""u1*u2"",""term_index"":6,""coefficient"":0.17468057214199506}],[{""term"":""1"",""term_index"":1,""coefficient"":0.07396220538890826},{""term"":""u1"",""term_index"":2,""coefficient"":-2.024094207565043},{""term"":""u2"",""term_index"":3,""coefficient"":-0.46515491173716605},{""term"":""u1^2"",""term_index"":4,""coefficient"":0.3483124126976398},{""term"":""u2^2"",""term_index"":5,""coefficient"":0.04102304831223928},{""term"":""u1*u2"",""term_index"":6,""coefficient"":0.34497250083277725}]]",uncapped,False,3,30,27,,,,"[""Success"",""Unstable"",""MaxIters""]","[""Success"",""MaxLossEvals"",""Failure""]",384997,386793,0,384997,1796,416,186,0.375,0.365079365079365,0.25,0.25,0.75,0.8333333333333333,1.4974754962227026,3.024094207565043,4,2,12,4,3,1,9,0.375,0.25,0.75
379_evogrow_v2_2_stage_capped_32_2_42,paper1_phaseC_v1,C,,campaign_cell,,32,Damped double well oscillator,2,exact,4.0,evogrow_v2_2_stage_capped,evogrow_v2_2_stage_capped,42,finished,finished,True,,,2026-09-22T01:20:22.189Z,0.026740232638262,,False,False,False,pruned_support_terms_exact_match,5,1.0,4.0,3316614,,123350.570694736,False,True,False,379,2,0c9672de35c75a9d,221a3a7,False,0.9990780430519046,"[0.9984492191964353, 0.9997068669073741]",550,782,3316614,ffb0266c7913352c,staged_polynomial_basis_with_constant,"[[""u1"",""u2""],[""1"",""u1"",""u2^2"",""u1*u2"",""u1^3""]]","[[""u1"",""u2""],[""1"",""u1"",""u1^3""]]","[[{""term"":""u1"",""term_index"":2,""coefficient"":-0.18029794222738232},{""term"":""u2"",""term_index"":3,""coefficient"":0.9992368895841574}],[{""term"":""1"",""term_index"":1,""coefficient"":-0.07365296306824481},{""term"":""u1"",""term_index"":2,""coefficient"":0.9730116449483409},{""term"":""u2^2"",""term_index"":5,""coefficient"":0.0006971841605596209},{""term"":""u1*u2"",""term_index"":6,""coefficient"":0.0006273579958684017},{""term"":""u1^3"",""term_index"":7,""coefficient"":-1.003213618797037}]]",capped,False,3,30,27,"[1,0]","[5,4]","[null,4]","[""Success"",""Unstable"",""MaxIters""]","[""Success"",""Failure"",""MaxLossEvals""]",231181,247367,0,231181,16186,250,112,0.5454545454545454,0.5833333333333333,0.4285714285714285,0.45,0.75,0.8333333333333333,0.2577412710661347,1.0,4,2,7,4,3,1,4,0.5454545454545454,0.4285714285714285,0.75
380_evogrow_v2_2_stage_local_32_2_42,paper1_phaseC_v1,C,,campaign_cell,,32,Damped double well oscillator,2,exact,4.0,evogrow_v2_2_stage_local,evogrow_v2_2_stage_local,42,finished,finished,True,,,2026-09-22T01:52:44.498Z,0.026740232638262,,False,False,False,pruned_support_terms_exact_match,5,1.0,4.0,3302821,,160336.244326819,False,True,False,380,2,0c9672de35c75a9d,221a3a7,False,0.9990780430519046,"[0.9984492191964353, 0.9997068669073741]",550,799,3302821,ffb0266c7913352c,staged_polynomial_basis_with_constant,"[[""u1"",""u2""],[""1"",""u1"",""u2^2"",""u1*u2"",""u1^3""]]","[[""u1"",""u2""],[""1"",""u1"",""u1^3""]]","[[{""term"":""u1"",""term_index"":2,""coefficient"":-0.18029794222738232},{""term"":""u2"",""term_index"":3,""coefficient"":0.9992368895841574}],[{""term"":""1"",""term_index"":1,""coefficient"":-0.07365296306824481},{""term"":""u1"",""term_index"":2,""coefficient"":0.9730116449483409},{""term"":""u2^2"",""term_index"":5,""coefficient"":0.0006971841605596209},{""term"":""u1*u2"",""term_index"":6,""coefficient"":0.0006273579958684017},{""term"":""u1^3"",""term_index"":7,""coefficient"":-1.003213618797037}]]",uncapped,False,3,30,27,,,,"[""Success"",""Unstable"",""MaxIters""]","[""Success"",""Failure"",""MaxLossEvals""]",241730,262116,0,241730,20386,246,112,0.5454545454545454,0.5833333333333333,0.4285714285714285,0.45,0.75,0.8333333333333333,0.2577412710661347,1.0,4,2,7,4,3,1,4,0.5454545454545454,0.4285714285714285,0.75
381_evogrow_v2_2_stage_capped_32_2_123,paper1_phaseC_v1,C,,campaign_cell,,32,Damped double well oscillator,2,exact,4.0,evogrow_v2_2_stage_capped,evogrow_v2_2_stage_capped,123,finished,finished,True,,,2026-09-22T02:40:09.539Z,6.736339541819802,,False,False,False,pruned_support_terms_exact_match,5,1.0,4.0,3815152,,252828.388498735,False,True,False,381,2,0c9672de35c75a9d,221a3a7,False,0.8055902853149378,"[0.6905075499432198, 0.9206730206866558]",550,807,3815152,ffb0266c7913352c,staged_polynomial_basis_with_constant,"[[""u1"",""u2"",""u1*u2"",""u2^3""],[""u1"",""u1^2""]]","[[""u1"",""u2"",""u1*u2"",""u2^3""],[""u1"",""u1^2""]]","[[{""term"":""u1"",""term_index"":2,""coefficient"":-0.2032695607121141},{""term"":""u2"",""term_index"":3,""coefficient"":0.2115458136471332},{""term"":""u1*u2"",""term_index"":6,""coefficient"":-0.17414940254900868},{""term"":""u2^3"",""term_index"":8,""coefficient"":0.008031487784866573}],[{""term"":""u1"",""term_index"":2,""coefficient"":-10.0},{""term"":""u1^2"",""term_index"":4,""coefficient"":-0.15062376858077742}]]",capped,False,3,30,27,"[1,0]","[5,4]","[null,4]","[""Success"",""Unstable"",""MaxIters""]","[""Success"",""Failure"",""MaxLossEvals""]",317021,355647,0,317021,38626,279,139,0.4,0.4,0.3333333333333333,0.375,0.5,0.6666666666666666,3.4471135465882163,11.0,4,2,6,4,2,2,4,0.4,0.3333333333333333,0.5
382_evogrow_v2_2_stage_local_32_2_123,paper1_phaseC_v1,C,,campaign_cell,,32,Damped double well oscillator,2,exact,4.0,evogrow_v2_2_stage_local,evogrow_v2_2_stage_local,123,finished,finished,True,,,2026-09-22T03:08:51.917Z,6.736339541819802,,False,False,False,pruned_support_terms_exact_match,5,1.0,4.0,4009363,,211015.441695577,False,True,False,382,2,0c9672de35c75a9d,221a3a7,False,0.8055902853149378,"[0.6905075499432198, 0.9206730206866558]",550,792,4009363,ffb0266c7913352c,staged_polynomial_basis_with_constant,"[[""u1"",""u2"",""u1*u2"",""u2^3""],[""u1"",""u1^2""]]","[[""u1"",""u2"",""u1*u2"",""u2^3""],[""u1"",""u1^2""]]","[[{""term"":""u1"",""term_index"":2,""coefficient"":-0.2032695607121141},{""term"":""u2"",""term_index"":3,""coefficient"":0.2115458136471332},{""term"":""u1*u2"",""term_index"":6,""coefficient"":-0.17414940254900868},{""term"":""u2^3"",""term_index"":8,""coefficient"":0.008031487784866573}],[{""term"":""u1"",""term_index"":2,""coefficient"":-10.0},{""term"":""u1^2"",""term_index"":4,""coefficient"":-0.15062376858077742}]]",uncapped,False,3,30,27,,,,"[""Success"",""Unstable"",""MaxIters""]","[""Success"",""Failure"",""MaxLossEvals""]",323018,357025,0,323018,34007,293,148,0.4,0.4,0.3333333333333333,0.375,0.5,0.6666666666666666,3.4471135465882163,11.0,4,2,6,4,2,2,4,0.4,0.3333333333333333,0.5
383_evogrow_v2_2_stage_capped_32_2_7,paper1_phaseC_v1,C,,campaign_cell,,32,Damped double well oscillator,2,exact,4.0,evogrow_v2_2_stage_capped,evogrow_v2_2_stage_capped,7,finished,finished,True,,,2026-09-22T03:24:04.917Z,31.79162593148287,,False,False,False,pruned_support_terms_exact_match,3,0.0,0.0,4748958,,62322.191769651,False,True,False,383,2,0c9672de35c75a9d,221a3a7,False,0.4474284334794563,"[0.32208784832500414, 0.5727690186339085]",610,890,4748958,ffb0266c7913352c,staged_polynomial_basis_with_constant,"[[""1"",""u1"",""u2"",""u1^2"",""u1*u2""],[""u1"",""u2"",""u1^2"",""u2^2"",""u1*u2""]]","[[""1"",""u1"",""u2"",""u1^2"",""u1*u2""],[""u1"",""u2"",""u1^2"",""u2^2"",""u1*u2""]]","[[{""term"":""1"",""term_index"":1,""coefficient"":-1.6742782752614556},{""term"":""u1"",""term_index"":2,""coefficient"":-0.6060504853808522},{""term"":""u2"",""term_index"":3,""coefficient"":1.7677966849730442},{""term"":""u1^2"",""term_index"":4,""coefficient"":0.126058126986106},{""term"":""u1*u2"",""term_index"":6,""coefficient"":-0.17611853265305621}],[{""term"":""u1"",""term_index"":2,""coefficient"":-10.0},{""term"":""u2"",""term_index"":3,""coefficient"":0.43016640176266363},{""term"":""u1^2"",""term_index"":4,""coefficient"":0.2097456062704594},{""term"":""u2^2"",""term_index"":5,""coefficient"":-0.08998294675768238},{""term"":""u1*u2"",""term_index"":6,""coefficient"":0.22915846108131577}]]",capped,False,3,30,30,"[0,0]","[3,3]","[null,4]","[""Success"",""Unstable"",""MaxIters""]","[""Success"",""Failure"",""MaxLossEvals""]",362362,375957,0,362362,13595,341,167,0.4285714285714285,0.4166666666666667,0.3,0.3,0.75,0.8333333333333333,4.039402507024739,11.0,4,2,10,4,3,1,7,0.4285714285714285,0.3,0.75
384_evogrow_v2_2_stage_local_32_2_7,paper1_phaseC_v1,C,,campaign_cell,,32,Damped double well oscillator,2,exact,4.0,evogrow_v2_2_stage_local,evogrow_v2_2_stage_local,7,finished,finished,True,,,2026-09-22T03:40:16.495Z,31.79162593148287,,False,False,False,pruned_support_terms_exact_match,3,0.0,0.0,4748958,,81736.379443912,False,True,False,384,2,0c9672de35c75a9d,221a3a7,False,0.4474284334794563,"[0.32208784832500414, 0.5727690186339085]",610,890,4748958,ffb0266c7913352c,staged_polynomial_basis_with_constant,"[[""1"",""u1"",""u2"",""u1^2"",""u1*u2""],[""u1"",""u2"",""u1^2"",""u2^2"",""u1*u2""]]","[[""1"",""u1"",""u2"",""u1^2"",""u1*u2""],[""u1"",""u2"",""u1^2"",""u2^2"",""u1*u2""]]","[[{""term"":""1"",""term_index"":1,""coefficient"":-1.6742782752614556},{""term"":""u1"",""term_index"":2,""coefficient"":-0.6060504853808522},{""term"":""u2"",""term_index"":3,""coefficient"":1.7677966849730442},{""term"":""u1^2"",""term_index"":4,""coefficient"":0.126058126986106},{""term"":""u1*u2"",""term_index"":6,""coefficient"":-0.17611853265305621}],[{""term"":""u1"",""term_index"":2,""coefficient"":-10.0},{""term"":""u2"",""term_index"":3,""coefficient"":0.43016640176266363},{""term"":""u1^2"",""term_index"":4,""coefficient"":0.2097456062704594},{""term"":""u2^2"",""term_index"":5,""coefficient"":-0.08998294675768238},{""term"":""u1*u2"",""term_index"":6,""coefficient"":0.22915846108131577}]]",uncapped,False,3,30,30,,,,"[""Success"",""Unstable"",""MaxIters""]","[""Success"",""Failure"",""MaxLossEvals""]",362362,375957,0,362362,13595,341,167,0.4285714285714285,0.4166666666666667,0.3,0.3,0.75,0.8333333333333333,4.039402507024739,11.0,4,2,10,4,3,1,7,0.4285714285714285,0.3,0.75
385_evogrow_v2_2_stage_capped_33_1_42,paper1_phaseC_v1,C,,campaign_cell,,33,Glider (dimensionless),2,surrogate,,evogrow_v2_2_stage_capped,evogrow_v2_2_stage_capped,42,finished,finished,True,,,2026-09-22T04:16:17.530Z,0.005018843926407,,,,,pruned_support_terms_exact_match,5,,,4659852,,56874.65830064,False,True,False,385,1,0c9672de35c75a9d,221a3a7,False,0.9990164323731952,"[0.9983085788784539, 0.9997242858679364]",510,793,4659852,ffb0266c7913352c,staged_polynomial_basis_with_constant,"[[""1"",""u1"",""u2"",""u2^2"",""sin(u2)"",""cos(u2)""],[""u1"",""sin(u1)"",""cos(u1)"",""cos(u2)""]]","[[""1"",""u1"",""u2"",""u2^2"",""sin(u2)"",""cos(u2)""],[""u1"",""sin(u1)"",""cos(u1)"",""cos(u2)""]]","[[{""term"":""1"",""term_index"":1,""coefficient"":-0.16652150553745146},{""term"":""u1"",""term_index"":2,""coefficient"":-0.3505749656134406},{""term"":""u2"",""term_index"":3,""coefficient"":0.09589204987132634},{""term"":""u2^2"",""term_index"":5,""coefficient"":-0.0040531948075186175},{""term"":""sin(u2)"",""term_index"":11,""coefficient"":-1.04649424151889},{""term"":""cos(u2)"",""term_index"":12,""coefficient"":0.08870431155765846}],[{""term"":""u1"",""term_index"":2,""coefficient"":1.0100591417560667},{""term"":""sin(u1)"",""term_index"":9,""coefficient"":0.12373063252467041},{""term"":""cos(u1)"",""term_index"":10,""coefficient"":-0.04760710662114853},{""term"":""cos(u2)"",""term_index"":12,""coefficient"":-0.7988186639049881}]]",capped,False,3,30,25,,"[5,5]","[5,null]","[""Success"",""Unstable"",""MaxIters""]","[""Failure"",""Success"",""MaxLossEvals""]",264126,273611,0,264126,9485,372,152,0.0,0.0,0.0,0.0,0.0,0.0,,,0,2,10,0,0,0,10,0.0,0.0,0.0
386_evogrow_v2_2_stage_local_33_1_42,paper1_phaseC_v1,C,,campaign_cell,,33,Glider (dimensionless),2,surrogate,,evogrow_v2_2_stage_local,evogrow_v2_2_stage_local,42,finished,finished,True,,,2026-09-22T04:27:20.943Z,0.005018843926407,,,,,pruned_support_terms_exact_match,5,,,4659852,,58114.877802754,False,True,False,386,1,0c9672de35c75a9d,221a3a7,False,0.9990164323731952,"[0.9983085788784539, 0.9997242858679364]",510,793,4659852,ffb0266c7913352c,staged_polynomial_basis_with_constant,"[[""1"",""u1"",""u2"",""u2^2"",""sin(u2)"",""cos(u2)""],[""u1"",""sin(u1)"",""cos(u1)"",""cos(u2)""]]","[[""1"",""u1"",""u2"",""u2^2"",""sin(u2)"",""cos(u2)""],[""u1"",""sin(u1)"",""cos(u1)"",""cos(u2)""]]","[[{""term"":""1"",""term_index"":1,""coefficient"":-0.16652150553745146},{""term"":""u1"",""term_index"":2,""coefficient"":-0.3505749656134406},{""term"":""u2"",""term_index"":3,""coefficient"":0.09589204987132634},{""term"":""u2^2"",""term_index"":5,""coefficient"":-0.0040531948075186175},{""term"":""sin(u2)"",""term_index"":11,""coefficient"":-1.04649424151889},{""term"":""cos(u2)"",""term_index"":12,""coefficient"":0.08870431155765846}],[{""term"":""u1"",""term_index"":2,""coefficient"":1.0100591417560667},{""term"":""sin(u1)"",""term_index"":9,""coefficient"":0.12373063252467041},{""term"":""cos(u1)"",""term_index"":10,""coefficient"":-0.04760710662114853},{""term"":""cos(u2)"",""term_index"":12,""coefficient"":-0.7988186639049881}]]",uncapped,False,3,30,25,,,,"[""Success"",""Unstable"",""MaxIters""]","[""Failure"",""Success"",""MaxLossEvals""]",264126,273611,0,264126,9485,372,152,0.0,0.0,0.0,0.0,0.0,0.0,,,0,2,10,0,0,0,10,0.0,0.0,0.0
387_evogrow_v2_2_stage_capped_33_1_123,paper1_phaseC_v1,C,,campaign_cell,,33,Glider (dimensionless),2,surrogate,,evogrow_v2_2_stage_capped,evogrow_v2_2_stage_capped,123,finished,finished,True,,,2026-09-22T04:43:21.384Z,0.0042115198144671,,,,,pruned_support_terms_exact_match,5,,,6188264,,49092.709860069,False,True,False,387,1,0c9672de35c75a9d,221a3a7,False,0.999018570375307,"[0.9982571437226174, 0.9997799970279966]",610,1045,6188264,ffb0266c7913352c,staged_polynomial_basis_with_constant,"[[""1"",""u1"",""u2"",""u2^2"",""sin(u2)""],[""u1"",""u1^2"",""u2^2"",""u1*u2"",""sin(u1)"",""cos(u2)""]]","[[""1"",""u1"",""u2"",""u2^2"",""sin(u2)""],[""u1"",""u1^2"",""u1*u2"",""sin(u1)"",""cos(u2)""]]","[[{""term"":""1"",""term_index"":1,""coefficient"":-1.1992074198126979},{""term"":""u1"",""term_index"":2,""coefficient"":-0.13334733867437112},{""term"":""u2"",""term_index"":3,""coefficient"":0.1611541490104609},{""term"":""u2^2"",""term_index"":5,""coefficient"":-0.005226553917425433},{""term"":""sin(u2)"",""term_index"":11,""coefficient"":-0.9813766464338308}],[{""term"":""u1"",""term_index"":2,""coefficient"":0.7625948188887578},{""term"":""u1^2"",""term_index"":4,""coefficient"":0.017625254658131282},{""term"":""u2^2"",""term_index"":5,""coefficient"":-0.0007390966200909272},{""term"":""u1*u2"",""term_index"":6,""coefficient"":0.03743940523450284},{""term"":""sin(u1)"",""term_index"":9,""coefficient"":-0.2567555085554841},{""term"":""cos(u2)"",""term_index"":12,""coefficient"":-0.9550302360981535}]]",capped,False,3,30,30,,"[5,5]","[5,null]","[""Success"",""Unstable"",""MaxIters""]","[""Success"",""Failure"",""MaxLossEvals""]",471256,481041,0,471256,9785,442,235,0.0,0.0,0.0,0.0,0.0,0.0,,,0,2,11,0,0,0,11,0.0,0.0,0.0
388_evogrow_v2_2_stage_local_33_1_123,paper1_phaseC_v1,C,,campaign_cell,,33,Glider (dimensionless),2,surrogate,,evogrow_v2_2_stage_local,evogrow_v2_2_stage_local,123,finished,finished,True,,,2026-09-22T05:03:01.819Z,0.0042115198144671,,,,,pruned_support_terms_exact_match,5,,,6188264,,64476.800931424,False,True,False,388,1,0c9672de35c75a9d,221a3a7,False,0.999018570375307,"[0.9982571437226174, 0.9997799970279966]",610,1045,6188264,ffb0266c7913352c,staged_polynomial_basis_with_constant,"[[""1"",""u1"",""u2"",""u2^2"",""sin(u2)""],[""u1"",""u1^2"",""u2^2"",""u1*u2"",""sin(u1)"",""cos(u2)""]]","[[""1"",""u1"",""u2"",""u2^2"",""sin(u2)""],[""u1"",""u1^2"",""u1*u2"",""sin(u1)"",""cos(u2)""]]","[[{""term"":""1"",""term_index"":1,""coefficient"":-1.1992074198126979},{""term"":""u1"",""term_index"":2,""coefficient"":-0.13334733867437112},{""term"":""u2"",""term_index"":3,""coefficient"":0.1611541490104609},{""term"":""u2^2"",""term_index"":5,""coefficient"":-0.005226553917425433},{""term"":""sin(u2)"",""term_index"":11,""coefficient"":-0.9813766464338308}],[{""term"":""u1"",""term_index"":2,""coefficient"":0.7625948188887578},{""term"":""u1^2"",""term_index"":4,""coefficient"":0.017625254658131282},{""term"":""u2^2"",""term_index"":5,""coefficient"":-0.0007390966200909272},{""term"":""u1*u2"",""term_index"":6,""coefficient"":0.03743940523450284},{""term"":""sin(u1)"",""term_index"":9,""coefficient"":-0.2567555085554841},{""term"":""cos(u2)"",""term_index"":12,""coefficient"":-0.9550302360981535}]]",uncapped,False,3,30,30,,,,"[""Success"",""Unstable"",""MaxIters""]","[""Success"",""Failure"",""MaxLossEvals""]",471256,481041,0,471256,9785,442,235,0.0,0.0,0.0,0.0,0.0,0.0,,,0,2,11,0,0,0,11,0.0,0.0,0.0
389_evogrow_v2_2_stage_capped_33_1_7,paper1_phaseC_v1,C,,campaign_cell,,33,Glider (dimensionless),2,surrogate,,evogrow_v2_2_stage_capped,evogrow_v2_2_stage_capped,7,finished,finished,True,,,2026-09-22T05:23:21.238Z,0.0048953685299371,,,,,pruned_support_terms_exact_match,5,,,5938053,,67496.539619067,False,True,False,389,1,0c9672de35c75a9d,221a3a7,False,0.9990088577278696,"[0.9982843337734879, 0.9997333816822513]",610,1076,5938053,ffb0266c7913352c,staged_polynomial_basis_with_constant,"[[""1"",""u1"",""u2"",""u2^2"",""sin(u2)""],[""u1"",""u1^2"",""u2^2"",""cos(u2)""]]","[[""1"",""u1"",""u2"",""u2^2"",""sin(u2)""],[""u1"",""u1^2"",""cos(u2)""]]","[[{""term"":""1"",""term_index"":1,""coefficient"":-0.866040698163952},{""term"":""u1"",""term_index"":2,""coefficient"":-0.2090121412358148},{""term"":""u2"",""term_index"":3,""coefficient"":0.1433409010264099},{""term"":""u2^2"",""term_index"":5,""coefficient"":-0.005015565196953337},{""term"":""sin(u2)"",""term_index"":11,""coefficient"":-1.0150603820513393}],[{""term"":""u1"",""term_index"":2,""coefficient"":1.1924766001626455},{""term"":""u1^2"",""term_index"":4,""coefficient"":-0.049912422373530455},{""term"":""u2^2"",""term_index"":5,""coefficient"":-0.0001932865828655516},{""term"":""cos(u2)"",""term_index"":12,""coefficient"":-0.7829882679059604}]]",capped,False,3,30,30,,"[5,5]","[5,null]","[""Success"",""Unstable"",""MaxIters""]","[""Failure"",""Success"",""MaxLossEvals""]",437932,447614,0,437932,9682,446,211,0.0,0.0,0.0,0.0,0.0,0.0,,,0,2,9,0,0,0,9,0.0,0.0,0.0
390_evogrow_v2_2_stage_local_33_1_7,paper1_phaseC_v1,C,,campaign_cell,,33,Glider (dimensionless),2,surrogate,,evogrow_v2_2_stage_local,evogrow_v2_2_stage_local,7,finished,finished,True,,,2026-09-22T05:34:48.304Z,0.0048953685299371,,,,,pruned_support_terms_exact_match,5,,,5938053,,49573.384520071,False,True,False,390,1,0c9672de35c75a9d,221a3a7,False,0.9990088577278696,"[0.9982843337734879, 0.9997333816822513]",610,1076,5938053,ffb0266c7913352c,staged_polynomial_basis_with_constant,"[[""1"",""u1"",""u2"",""u2^2"",""sin(u2)""],[""u1"",""u1^2"",""u2^2"",""cos(u2)""]]","[[""1"",""u1"",""u2"",""u2^2"",""sin(u2)""],[""u1"",""u1^2"",""cos(u2)""]]","[[{""term"":""1"",""term_index"":1,""coefficient"":-0.866040698163952},{""term"":""u1"",""term_index"":2,""coefficient"":-0.2090121412358148},{""term"":""u2"",""term_index"":3,""coefficient"":0.1433409010264099},{""term"":""u2^2"",""term_index"":5,""coefficient"":-0.005015565196953337},{""term"":""sin(u2)"",""term_index"":11,""coefficient"":-1.0150603820513393}],[{""term"":""u1"",""term_index"":2,""coefficient"":1.1924766001626455},{""term"":""u1^2"",""term_index"":4,""coefficient"":-0.049912422373530455},{""term"":""u2^2"",""term_index"":5,""coefficient"":-0.0001932865828655516},{""term"":""cos(u2)"",""term_index"":12,""coefficient"":-0.7829882679059604}]]",uncapped,False,3,30,30,,,,"[""Success"",""Unstable"",""MaxIters""]","[""Failure"",""Success"",""MaxLossEvals""]",437932,447614,0,437932,9682,446,211,0.0,0.0,0.0,0.0,0.0,0.0,,,0,2,9,0,0,0,9,0.0,0.0,0.0
391_evogrow_v2_2_stage_capped_33_2_42,paper1_phaseC_v1,C,,campaign_cell,,33,Glider (dimensionless),2,surrogate,,evogrow_v2_2_stage_capped,evogrow_v2_2_stage_capped,42,finished,finished,True,,,2026-09-22T05:52:57.216Z,0.0499678644318936,,,,,pruned_support_terms_exact_match,5,,,3082972,,309964.624801914,False,True,False,391,2,0c9672de35c75a9d,221a3a7,False,0.986120931457062,"[0.9723030115281782, 0.9999388513859456]",550,896,3082972,ffb0266c7913352c,staged_polynomial_basis_with_constant,"[[""1"",""u1"",""u2"",""u1^2"",""u1*u2"",""u1^3""],[""1"",""u1"",""u2"",""u1^2"",""u1*u2""]]","[[""1"",""u1"",""u2"",""u1^2"",""u1*u2"",""u1^3""],[""1"",""u1"",""u2"",""u1^2"",""u1*u2""]]","[[{""term"":""1"",""term_index"":1,""coefficient"":-10.0},{""term"":""u1"",""term_index"":2,""coefficient"":7.101113578514582},{""term"":""u2"",""term_index"":3,""coefficient"":0.36999795035617017},{""term"":""u1^2"",""term_index"":4,""coefficient"":-1.1048478170971388},{""term"":""u1*u2"",""term_index"":6,""coefficient"":-0.19981719086105854},{""term"":""u1^3"",""term_index"":7,""coefficient"":0.03984745914409968}],[{""term"":""1"",""term_index"":1,""coefficient"":2.6894908864992964},{""term"":""u1"",""term_index"":2,""coefficient"":1.6173056763705915},{""term"":""u2"",""term_index"":3,""coefficient"":-0.03060680426484963},{""term"":""u1^2"",""term_index"":4,""coefficient"":-0.10307222824350729},{""term"":""u1*u2"",""term_index"":6,""coefficient"":-0.07739966050032633}]]",capped,False,3,30,27,,"[5,5]","[5,null]","[""Success"",""Unstable"",""MaxIters""]","[""Success"",""Failure"",""MaxLossEvals""]",216522,242528,0,216522,26006,278,72,0.0,0.0,0.0,0.0,0.0,0.0,,,0,2,11,0,0,0,11,0.0,0.0,0.0
392_evogrow_v2_2_stage_local_33_2_42,paper1_phaseC_v1,C,,campaign_cell,,33,Glider (dimensionless),2,surrogate,,evogrow_v2_2_stage_local,evogrow_v2_2_stage_local,42,finished,finished,True,,,2026-09-22T06:00:51.326Z,0.0499678644318936,,,,,pruned_support_terms_exact_match,5,,,3082972,,304835.468273734,False,True,False,392,2,0c9672de35c75a9d,221a3a7,False,0.986120931457062,"[0.9723030115281782, 0.9999388513859456]",550,896,3082972,ffb0266c7913352c,staged_polynomial_basis_with_constant,"[[""1"",""u1"",""u2"",""u1^2"",""u1*u2"",""u1^3""],[""1"",""u1"",""u2"",""u1^2"",""u1*u2""]]","[[""1"",""u1"",""u2"",""u1^2"",""u1*u2"",""u1^3""],[""1"",""u1"",""u2"",""u1^2"",""u1*u2""]]","[[{""term"":""1"",""term_index"":1,""coefficient"":-10.0},{""term"":""u1"",""term_index"":2,""coefficient"":7.101113578514582},{""term"":""u2"",""term_index"":3,""coefficient"":0.36999795035617017},{""term"":""u1^2"",""term_index"":4,""coefficient"":-1.1048478170971388},{""term"":""u1*u2"",""term_index"":6,""coefficient"":-0.19981719086105854},{""term"":""u1^3"",""term_index"":7,""coefficient"":0.03984745914409968}],[{""term"":""1"",""term_index"":1,""coefficient"":2.6894908864992964},{""term"":""u1"",""term_index"":2,""coefficient"":1.6173056763705915},{""term"":""u2"",""term_index"":3,""coefficient"":-0.03060680426484963},{""term"":""u1^2"",""term_index"":4,""coefficient"":-0.10307222824350729},{""term"":""u1*u2"",""term_index"":6,""coefficient"":-0.07739966050032633}]]",uncapped,False,3,30,27,,,,"[""Success"",""Unstable"",""MaxIters""]","[""Success"",""Failure"",""MaxLossEvals""]",216522,242528,0,216522,26006,278,72,0.0,0.0,0.0,0.0,0.0,0.0,,,0,2,11,0,0,0,11,0.0,0.0,0.0
393_evogrow_v2_2_stage_capped_33_2_123,paper1_phaseC_v1,C,,campaign_cell,,33,Glider (dimensionless),2,surrogate,,evogrow_v2_2_stage_capped,evogrow_v2_2_stage_capped,123,finished,finished,True,,,2026-09-22T06:07:42.496Z,0.0008734090837354,,,,,pruned_support_terms_exact_match,5,,,3196418,,161963.973160146,False,True,False,393,2,0c9672de35c75a9d,221a3a7,False,0.9999754829928644,"[0.9999844517686801, 0.9999665142170487]",570,868,3196418,ffb0266c7913352c,staged_polynomial_basis_with_constant,"[[""1"",""u1"",""u2"",""u1^2"",""u1*u2"",""sin(u2)""],[""1"",""u1"",""u2"",""u1*u2"",""u1^3"",""sin(u2)""]]","[[""1"",""u1"",""u2"",""u1^2"",""sin(u2)""],[""1"",""u1"",""u2"",""u1*u2"",""sin(u2)""]]","[[{""term"":""1"",""term_index"":1,""coefficient"":0.07746942470714664},{""term"":""u1"",""term_index"":2,""coefficient"":-0.005235041930436765},{""term"":""u2"",""term_index"":3,""coefficient"":-0.0033719141973953346},{""term"":""u1^2"",""term_index"":4,""coefficient"":-0.08044506534454557},{""term"":""u1*u2"",""term_index"":6,""coefficient"":0.00012341372949425594},{""term"":""sin(u2)"",""term_index"":11,""coefficient"":-1.0222726435680534}],[{""term"":""1"",""term_index"":1,""coefficient"":3.359132343904191},{""term"":""u1"",""term_index"":2,""coefficient"":0.8255397505862703},{""term"":""u2"",""term_index"":3,""coefficient"":-0.06818668886097119},{""term"":""u1*u2"",""term_index"":6,""coefficient"":-0.04385164990985399},{""term"":""u1^3"",""term_index"":7,""coefficient"":-0.0024456077628303343},{""term"":""sin(u2)"",""term_index"":11,""coefficient"":-0.1500712332859108}]]",capped,False,3,30,28,,"[5,5]","[5,null]","[""Success"",""Unstable"",""MaxIters""]","[""Success"",""Failure"",""MaxLossEvals""]",226283,241932,0,226283,15649,304,68,0.0,0.0,0.0,0.0,0.0,0.0,,,0,2,12,0,0,0,12,0.0,0.0,0.0
394_evogrow_v2_2_stage_local_33_2_123,paper1_phaseC_v1,C,,campaign_cell,,33,Glider (dimensionless),2,surrogate,,evogrow_v2_2_stage_local,evogrow_v2_2_stage_local,123,finished,finished,True,,,2026-09-22T06:12:18.864Z,0.0008734090837354,,,,,pruned_support_terms_exact_match,5,,,3196418,,189026.535334568,False,True,False,394,2,0c9672de35c75a9d,221a3a7,False,0.9999754829928644,"[0.9999844517686801, 0.9999665142170487]",570,868,3196418,ffb0266c7913352c,staged_polynomial_basis_with_constant,"[[""1"",""u1"",""u2"",""u1^2"",""u1*u2"",""sin(u2)""],[""1"",""u1"",""u2"",""u1*u2"",""u1^3"",""sin(u2)""]]","[[""1"",""u1"",""u2"",""u1^2"",""sin(u2)""],[""1"",""u1"",""u2"",""u1*u2"",""sin(u2)""]]","[[{""term"":""1"",""term_index"":1,""coefficient"":0.07746942470714664},{""term"":""u1"",""term_index"":2,""coefficient"":-0.005235041930436765},{""term"":""u2"",""term_index"":3,""coefficient"":-0.0033719141973953346},{""term"":""u1^2"",""term_index"":4,""coefficient"":-0.08044506534454557},{""term"":""u1*u2"",""term_index"":6,""coefficient"":0.00012341372949425594},{""term"":""sin(u2)"",""term_index"":11,""coefficient"":-1.0222726435680534}],[{""term"":""1"",""term_index"":1,""coefficient"":3.359132343904191},{""term"":""u1"",""term_index"":2,""coefficient"":0.8255397505862703},{""term"":""u2"",""term_index"":3,""coefficient"":-0.06818668886097119},{""term"":""u1*u2"",""term_index"":6,""coefficient"":-0.04385164990985399},{""term"":""u1^3"",""term_index"":7,""coefficient"":-0.0024456077628303343},{""term"":""sin(u2)"",""term_index"":11,""coefficient"":-0.1500712332859108}]]",uncapped,False,3,30,28,,,,"[""Success"",""Unstable"",""MaxIters""]","[""Success"",""Failure"",""MaxLossEvals""]",226283,241932,0,226283,15649,304,68,0.0,0.0,0.0,0.0,0.0,0.0,,,0,2,12,0,0,0,12,0.0,0.0,0.0
395_evogrow_v2_2_stage_capped_33_2_7,paper1_phaseC_v1,C,,campaign_cell,,33,Glider (dimensionless),2,surrogate,,evogrow_v2_2_stage_capped,evogrow_v2_2_stage_capped,7,finished,finished,True,,,2026-09-22T06:16:35.935Z,0.0010770809483242,,,,,pruned_support_terms_exact_match,5,,,3050911,,231422.12789192,False,True,False,395,2,0c9672de35c75a9d,221a3a7,False,0.9999665982313592,"[0.9999740200052785, 0.99995917645744]",590,903,3050911,ffb0266c7913352c,staged_polynomial_basis_with_constant,"[[""1"",""u1"",""u2"",""u1^2"",""u1*u2"",""sin(u2)""],[""1"",""u1"",""u2"",""u1*u2"",""cos(u2)""]]","[[""1"",""u1"",""u2"",""u1^2"",""u1*u2"",""sin(u2)""],[""1"",""u1"",""u2"",""u1*u2"",""cos(u2)""]]","[[{""term"":""1"",""term_index"":1,""coefficient"":0.06847504085322992},{""term"":""u1"",""term_index"":2,""coefficient"":0.026776809595849584},{""term"":""u2"",""term_index"":3,""coefficient"":-0.0013580298159243016},{""term"":""u1^2"",""term_index"":4,""coefficient"":-0.08382634298105156},{""term"":""u1*u2"",""term_index"":6,""coefficient"":-0.0024926826409068462},{""term"":""sin(u2)"",""term_index"":11,""coefficient"":-1.0233226275287688}],[{""term"":""1"",""term_index"":1,""coefficient"":1.7502948385515251},{""term"":""u1"",""term_index"":2,""coefficient"":0.8277396369785801},{""term"":""u2"",""term_index"":3,""coefficient"":-0.03557918675919638},{""term"":""u1*u2"",""term_index"":6,""coefficient"":-0.017282917849437397},{""term"":""cos(u2)"",""term_index"":12,""coefficient"":-0.37661352143587506}]]",capped,False,3,30,29,,"[5,5]","[5,null]","[""Success"",""Unstable"",""MaxIters""]","[""Success"",""Failure"",""MaxLossEvals""]",182958,205321,0,182958,22363,291,68,0.0,0.0,0.0,0.0,0.0,0.0,,,0,2,11,0,0,0,11,0.0,0.0,0.0
396_evogrow_v2_2_stage_local_33_2_7,paper1_phaseC_v1,C,,campaign_cell,,33,Glider (dimensionless),2,surrogate,,evogrow_v2_2_stage_local,evogrow_v2_2_stage_local,7,finished,finished,True,,,2026-09-22T06:28:35.864Z,0.0010770809483242,,,,,pruned_support_terms_exact_match,5,,,3050911,,209842.545401306,False,True,False,396,2,0c9672de35c75a9d,221a3a7,False,0.9999665982313592,"[0.9999740200052785, 0.99995917645744]",590,903,3050911,ffb0266c7913352c,staged_polynomial_basis_with_constant,"[[""1"",""u1"",""u2"",""u1^2"",""u1*u2"",""sin(u2)""],[""1"",""u1"",""u2"",""u1*u2"",""cos(u2)""]]","[[""1"",""u1"",""u2"",""u1^2"",""u1*u2"",""sin(u2)""],[""1"",""u1"",""u2"",""u1*u2"",""cos(u2)""]]","[[{""term"":""1"",""term_index"":1,""coefficient"":0.06847504085322992},{""term"":""u1"",""term_index"":2,""coefficient"":0.026776809595849584},{""term"":""u2"",""term_index"":3,""coefficient"":-0.0013580298159243016},{""term"":""u1^2"",""term_index"":4,""coefficient"":-0.08382634298105156},{""term"":""u1*u2"",""term_index"":6,""coefficient"":-0.0024926826409068462},{""term"":""sin(u2)"",""term_index"":11,""coefficient"":-1.0233226275287688}],[{""term"":""1"",""term_index"":1,""coefficient"":1.7502948385515251},{""term"":""u1"",""term_index"":2,""coefficient"":0.8277396369785801},{""term"":""u2"",""term_index"":3,""coefficient"":-0.03557918675919638},{""term"":""u1*u2"",""term_index"":6,""coefficient"":-0.017282917849437397},{""term"":""cos(u2)"",""term_index"":12,""coefficient"":-0.37661352143587506}]]",uncapped,False,3,30,29,,,,"[""Success"",""Unstable"",""MaxIters""]","[""Success"",""Failure"",""MaxLossEvals""]",182958,205321,0,182958,22363,291,68,0.0,0.0,0.0,0.0,0.0,0.0,,,0,2,11,0,0,0,11,0.0,0.0,0.0
397_evogrow_v2_2_stage_capped_34_1_42,paper1_phaseC_v1,C,,campaign_cell,,34,Frictionless bead on a rotating hoop (dimensionless),2,surrogate,,evogrow_v2_2_stage_capped,evogrow_v2_2_stage_capped,42,finished,finished,True,,,2026-09-22T06:30:43.933Z,0.0004176372676279,,,,,pruned_support_terms_exact_match,5,,,1728572,,22456.532316516,False,True,False,397,1,0c9672de35c75a9d,221a3a7,False,0.9996525148363572,"[0.9999702803354594, 0.9993347493372552]",410,463,1728572,ffb0266c7913352c,staged_polynomial_basis_with_constant,"[[""u1"",""u2""],[""u1"",""u1^3""]]","[[""u1"",""u2""],[""u1"",""u1^3""]]","[[{""term"":""u1"",""term_index"":2,""coefficient"":0.0012817443961973352},{""term"":""u2"",""term_index"":3,""coefficient"":0.9978808020065669}],[{""term"":""u1"",""term_index"":2,""coefficient"":-0.33879517039856655},{""term"":""u1^3"",""term_index"":7,""coefficient"":-0.06995685216397371}]]",capped,False,3,30,20,,"[5,5]","[null,5]","[""Success"",""Unstable"",""MaxIters""]","[""Success"",""Failure"",""MaxLossEvals""]",70121,77072,0,70121,6951,160,46,0.0,0.0,0.0,0.0,0.0,0.0,,,0,2,4,0,0,0,4,0.0,0.0,0.0
398_evogrow_v2_2_stage_local_34_1_42,paper1_phaseC_v1,C,,campaign_cell,,34,Frictionless bead on a rotating hoop (dimensionless),2,surrogate,,evogrow_v2_2_stage_local,evogrow_v2_2_stage_local,42,finished,finished,True,,,2026-09-22T06:54:25.225Z,0.0004176372676279,,,,,pruned_support_terms_exact_match,5,,,1728572,,22442.163647241,False,True,False,398,1,0c9672de35c75a9d,221a3a7,False,0.9996525148363572,"[0.9999702803354594, 0.9993347493372552]",410,463,1728572,ffb0266c7913352c,staged_polynomial_basis_with_constant,"[[""u1"",""u2""],[""u1"",""u1^3""]]","[[""u1"",""u2""],[""u1"",""u1^3""]]","[[{""term"":""u1"",""term_index"":2,""coefficient"":0.0012817443961973352},{""term"":""u2"",""term_index"":3,""coefficient"":0.9978808020065669}],[{""term"":""u1"",""term_index"":2,""coefficient"":-0.33879517039856655},{""term"":""u1^3"",""term_index"":7,""coefficient"":-0.06995685216397371}]]",uncapped,False,3,30,20,,,,"[""Success"",""Unstable"",""MaxIters""]","[""Success"",""Failure"",""MaxLossEvals""]",70121,77072,0,70121,6951,160,46,0.0,0.0,0.0,0.0,0.0,0.0,,,0,2,4,0,0,0,4,0.0,0.0,0.0
399_evogrow_v2_2_stage_capped_34_1_123,paper1_phaseC_v1,C,,campaign_cell,,34,Frictionless bead on a rotating hoop (dimensionless),2,surrogate,,evogrow_v2_2_stage_capped,evogrow_v2_2_stage_capped,123,finished,finished,True,,,2026-09-22T06:58:54.437Z,0.0004173986323456,,,,,pruned_support_terms_exact_match,5,,,1581203,,19285.128997844,False,True,False,399,1,0c9672de35c75a9d,221a3a7,False,0.9996526535747416,"[0.9999704349035772, 0.999334872245906]",410,485,1581203,ffb0266c7913352c,staged_polynomial_basis_with_constant,"[[""u1"",""u2"",""u1*u2""],[""u1"",""u1^3""]]","[[""u1"",""u2""],[""u1"",""u1^3""]]","[[{""term"":""u1"",""term_index"":2,""coefficient"":0.0012284190883430535},{""term"":""u2"",""term_index"":3,""coefficient"":0.9979574058893017},{""term"":""u1*u2"",""term_index"":6,""coefficient"":-0.0005010606599173291}],[{""term"":""u1"",""term_index"":2,""coefficient"":-0.33818848409765195},{""term"":""u1^3"",""term_index"":7,""coefficient"":-0.07010082198520956}]]",capped,False,3,30,20,,"[5,5]","[null,5]","[""Success"",""Unstable"",""MaxIters""]","[""Success"",""Failure"",""MaxLossEvals""]",61066,66021,0,61066,4955,146,37,0.0,0.0,0.0,0.0,0.0,0.0,,,0,2,5,0,0,0,5,0.0,0.0,0.0
400_evogrow_v2_2_stage_local_34_1_123,paper1_phaseC_v1,C,,campaign_cell,,34,Frictionless bead on a rotating hoop (dimensionless),2,surrogate,,evogrow_v2_2_stage_local,evogrow_v2_2_stage_local,123,finished,finished,True,,,2026-09-22T07:30:03.833Z,0.0004173986323456,,,,,pruned_support_terms_exact_match,5,,,1581203,,23595.249154089,False,True,False,400,1,0c9672de35c75a9d,221a3a7,False,0.9996526535747416,"[0.9999704349035772, 0.999334872245906]",410,485,1581203,ffb0266c7913352c,staged_polynomial_basis_with_constant,"[[""u1"",""u2"",""u1*u2""],[""u1"",""u1^3""]]","[[""u1"",""u2""],[""u1"",""u1^3""]]","[[{""term"":""u1"",""term_index"":2,""coefficient"":0.0012284190883430535},{""term"":""u2"",""term_index"":3,""coefficient"":0.9979574058893017},{""term"":""u1*u2"",""term_index"":6,""coefficient"":-0.0005010606599173291}],[{""term"":""u1"",""term_index"":2,""coefficient"":-0.33818848409765195},{""term"":""u1^3"",""term_index"":7,""coefficient"":-0.07010082198520956}]]",uncapped,False,3,30,20,,,,"[""Success"",""Unstable"",""MaxIters""]","[""Success"",""Failure"",""MaxLossEvals""]",61066,66021,0,61066,4955,146,37,0.0,0.0,0.0,0.0,0.0,0.0,,,0,2,5,0,0,0,5,0.0,0.0,0.0
401_evogrow_v2_2_stage_capped_34_1_7,paper1_phaseC_v1,C,,campaign_cell,,34,Frictionless bead on a rotating hoop (dimensionless),2,surrogate,,evogrow_v2_2_stage_capped,evogrow_v2_2_stage_capped,7,finished,finished,True,,,2026-09-22T07:58:27.155Z,0.0004168432153991,,,,,pruned_support_terms_exact_match,5,,,1548238,,14546.198348979,False,True,False,401,1,0c9672de35c75a9d,221a3a7,False,0.9996527323308384,"[0.999971356282918, 0.999334108378759]",410,506,1548238,ffb0266c7913352c,staged_polynomial_basis_with_constant,"[[""u1"",""u2""],[""u1"",""u2^2"",""u1^3""]]","[[""u1"",""u2""],[""u1"",""u2^2"",""u1^3""]]","[[{""term"":""u1"",""term_index"":2,""coefficient"":0.001208050256407042},{""term"":""u2"",""term_index"":3,""coefficient"":0.9981975303435139}],[{""term"":""u1"",""term_index"":2,""coefficient"":-0.33763162579184025},{""term"":""u2^2"",""term_index"":5,""coefficient"":-0.0005758181626063269},{""term"":""u1^3"",""term_index"":7,""coefficient"":-0.07018759767970593}]]",capped,False,3,30,20,,"[5,5]","[null,5]","[""Success"",""Unstable"",""MaxIters""]","[""Success"",""Failure"",""MaxLossEvals""]",81911,85216,0,81911,3305,148,39,0.0,0.0,0.0,0.0,0.0,0.0,,,0,2,5,0,0,0,5,0.0,0.0,0.0
402_evogrow_v2_2_stage_local_34_1_7,paper1_phaseC_v1,C,,campaign_cell,,34,Frictionless bead on a rotating hoop (dimensionless),2,surrogate,,evogrow_v2_2_stage_local,evogrow_v2_2_stage_local,7,finished,finished,True,,,2026-09-22T08:03:26.046Z,0.0004168432153991,,,,,pruned_support_terms_exact_match,5,,,1548238,,14137.889926095,False,True,False,402,1,0c9672de35c75a9d,221a3a7,False,0.9996527323308384,"[0.999971356282918, 0.999334108378759]",410,506,1548238,ffb0266c7913352c,staged_polynomial_basis_with_constant,"[[""u1"",""u2""],[""u1"",""u2^2"",""u1^3""]]","[[""u1"",""u2""],[""u1"",""u2^2"",""u1^3""]]","[[{""term"":""u1"",""term_index"":2,""coefficient"":0.001208050256407042},{""term"":""u2"",""term_index"":3,""coefficient"":0.9981975303435139}],[{""term"":""u1"",""term_index"":2,""coefficient"":-0.33763162579184025},{""term"":""u2^2"",""term_index"":5,""coefficient"":-0.0005758181626063269},{""term"":""u1^3"",""term_index"":7,""coefficient"":-0.07018759767970593}]]",uncapped,False,3,30,20,,,,"[""Success"",""Unstable"",""MaxIters""]","[""Success"",""Failure"",""MaxLossEvals""]",81911,85216,0,81911,3305,148,39,0.0,0.0,0.0,0.0,0.0,0.0,,,0,2,5,0,0,0,5,0.0,0.0,0.0
403_evogrow_v2_2_stage_capped_34_2_42,paper1_phaseC_v1,C,,campaign_cell,,34,Frictionless bead on a rotating hoop (dimensionless),2,surrogate,,evogrow_v2_2_stage_capped,evogrow_v2_2_stage_capped,42,finished,finished,True,,,2026-09-22T08:07:51.906Z,1.3613592621030087e-05,,,,,pruned_support_terms_exact_match,5,,,1151934,,9711.423747683,False,True,False,403,2,0c9672de35c75a9d,221a3a7,False,0.9999507951788768,"[0.9999935323551017, 0.9999080580026518]",410,450,1151934,ffb0266c7913352c,staged_polynomial_basis_with_constant,"[[""1"",""u1"",""u2""],[""u1"",""u1^3""]]","[[""u1"",""u2""],[""u1"",""u1^3""]]","[[{""term"":""1"",""term_index"":1,""coefficient"":-0.0008175972168249369},{""term"":""u1"",""term_index"":2,""coefficient"":0.001048864418653728},{""term"":""u2"",""term_index"":3,""coefficient"":1.0005703231998968}],[{""term"":""u1"",""term_index"":2,""coefficient"":-0.0008975234045564827},{""term"":""u1^3"",""term_index"":7,""coefficient"":-0.3088279070690587}]]",capped,False,3,30,20,,"[5,5]","[null,5]","[""Success"",""Unstable"",""MaxIters""]","[""Success"",""Failure"",""MaxLossEvals""]",46289,48397,0,46289,2108,105,17,0.0,0.0,0.0,0.0,0.0,0.0,,,0,2,5,0,0,0,5,0.0,0.0,0.0
404_evogrow_v2_2_stage_local_34_2_42,paper1_phaseC_v1,C,,campaign_cell,,34,Frictionless bead on a rotating hoop (dimensionless),2,surrogate,,evogrow_v2_2_stage_local,evogrow_v2_2_stage_local,42,finished,finished,True,,,2026-09-22T08:15:33.775Z,1.3613592621030087e-05,,,,,pruned_support_terms_exact_match,5,,,1151934,,9529.375762954,False,True,False,404,2,0c9672de35c75a9d,221a3a7,False,0.9999507951788768,"[0.9999935323551017, 0.9999080580026518]",410,450,1151934,ffb0266c7913352c,staged_polynomial_basis_with_constant,"[[""1"",""u1"",""u2""],[""u1"",""u1^3""]]","[[""u1"",""u2""],[""u1"",""u1^3""]]","[[{""term"":""1"",""term_index"":1,""coefficient"":-0.0008175972168249369},{""term"":""u1"",""term_index"":2,""coefficient"":0.001048864418653728},{""term"":""u2"",""term_index"":3,""coefficient"":1.0005703231998968}],[{""term"":""u1"",""term_index"":2,""coefficient"":-0.0008975234045564827},{""term"":""u1^3"",""term_index"":7,""coefficient"":-0.3088279070690587}]]",uncapped,False,3,30,20,,,,"[""Success"",""Unstable"",""MaxIters""]","[""Success"",""Failure"",""MaxLossEvals""]",46289,48397,0,46289,2108,105,17,0.0,0.0,0.0,0.0,0.0,0.0,,,0,2,5,0,0,0,5,0.0,0.0,0.0
405_evogrow_v2_2_stage_capped_34_2_123,paper1_phaseC_v1,C,,campaign_cell,,34,Frictionless bead on a rotating hoop (dimensionless),2,surrogate,,evogrow_v2_2_stage_capped,evogrow_v2_2_stage_capped,123,finished,finished,True,,,2026-09-22T09:19:35.928Z,1.36135926199247e-05,,,,,pruned_support_terms_exact_match,5,,,1101439,,24487.39230886,False,True,False,405,2,0c9672de35c75a9d,221a3a7,False,0.9999507951766398,"[0.9999935323578307, 0.9999080579954488]",410,438,1101439,ffb0266c7913352c,staged_polynomial_basis_with_constant,"[[""1"",""u1"",""u2""],[""u1"",""u1^3""]]","[[""u1"",""u2""],[""u1"",""u1^3""]]","[[{""term"":""1"",""term_index"":1,""coefficient"":-0.0008175940663411781},{""term"":""u1"",""term_index"":2,""coefficient"":0.0010488598222297067},{""term"":""u2"",""term_index"":3,""coefficient"":1.0005703456605526}],[{""term"":""u1"",""term_index"":2,""coefficient"":-0.0008976153856386114},{""term"":""u1^3"",""term_index"":7,""coefficient"":-0.3088278172727412}]]",capped,False,3,30,20,,"[5,5]","[null,5]","[""Success"",""Unstable"",""MaxIters""]","[""Failure"",""Success"",""MaxLossEvals""]",35931,43280,0,35931,7349,87,20,0.0,0.0,0.0,0.0,0.0,0.0,,,0,2,5,0,0,0,5,0.0,0.0,0.0
406_evogrow_v2_2_stage_local_34_2_123,paper1_phaseC_v1,C,,campaign_cell,,34,Frictionless bead on a rotating hoop (dimensionless),2,surrogate,,evogrow_v2_2_stage_local,evogrow_v2_2_stage_local,123,finished,finished,True,,,2026-09-22T09:29:22.173Z,1.36135926199247e-05,,,,,pruned_support_terms_exact_match,5,,,1101439,,23819.195793541,False,True,False,406,2,0c9672de35c75a9d,221a3a7,False,0.9999507951766398,"[0.9999935323578307, 0.9999080579954488]",410,438,1101439,ffb0266c7913352c,staged_polynomial_basis_with_constant,"[[""1"",""u1"",""u2""],[""u1"",""u1^3""]]","[[""u1"",""u2""],[""u1"",""u1^3""]]","[[{""term"":""1"",""term_index"":1,""coefficient"":-0.0008175940663411781},{""term"":""u1"",""term_index"":2,""coefficient"":0.0010488598222297067},{""term"":""u2"",""term_index"":3,""coefficient"":1.0005703456605526}],[{""term"":""u1"",""term_index"":2,""coefficient"":-0.0008976153856386114},{""term"":""u1^3"",""term_index"":7,""coefficient"":-0.3088278172727412}]]",uncapped,False,3,30,20,,,,"[""Success"",""Unstable"",""MaxIters""]","[""Failure"",""Success"",""MaxLossEvals""]",35931,43280,0,35931,7349,87,20,0.0,0.0,0.0,0.0,0.0,0.0,,,0,2,5,0,0,0,5,0.0,0.0,0.0
407_evogrow_v2_2_stage_capped_34_2_7,paper1_phaseC_v1,C,,campaign_cell,,34,Frictionless bead on a rotating hoop (dimensionless),2,surrogate,,evogrow_v2_2_stage_capped,evogrow_v2_2_stage_capped,7,finished,finished,True,,,2026-09-22T09:39:14.684Z,1.3613592620779769e-05,,,,,pruned_support_terms_exact_match,5,,,1171280,,8923.794488771,False,True,False,407,2,0c9672de35c75a9d,221a3a7,False,0.9999507951785968,"[0.9999935323554436, 0.9999080580017501]",430,477,1171280,ffb0266c7913352c,staged_polynomial_basis_with_constant,"[[""1"",""u1"",""u2""],[""u1"",""u1^3""]]","[[""u1"",""u2""],[""u1"",""u1^3""]]","[[{""term"":""1"",""term_index"":1,""coefficient"":-0.0008175975293977401},{""term"":""u1"",""term_index"":2,""coefficient"":0.001048864642990391},{""term"":""u2"",""term_index"":3,""coefficient"":1.000570325468838}],[{""term"":""u1"",""term_index"":2,""coefficient"":-0.0008975154531973277},{""term"":""u1^3"",""term_index"":7,""coefficient"":-0.30882791336066223}]]",capped,False,3,30,21,,"[5,5]","[null,5]","[""Success"",""Unstable"",""MaxIters""]","[""Success"",""Failure"",""MaxLossEvals""]",50616,52940,0,50616,2324,90,19,0.0,0.0,0.0,0.0,0.0,0.0,,,0,2,5,0,0,0,5,0.0,0.0,0.0
408_evogrow_v2_2_stage_local_34_2_7,paper1_phaseC_v1,C,,campaign_cell,,34,Frictionless bead on a rotating hoop (dimensionless),2,surrogate,,evogrow_v2_2_stage_local,evogrow_v2_2_stage_local,7,finished,finished,True,,,2026-09-22T10:50:48.890Z,1.3613592620779769e-05,,,,,pruned_support_terms_exact_match,5,,,1171280,,11344.944402634,False,True,False,408,2,0c9672de35c75a9d,221a3a7,False,0.9999507951785968,"[0.9999935323554436, 0.9999080580017501]",430,477,1171280,ffb0266c7913352c,staged_polynomial_basis_with_constant,"[[""1"",""u1"",""u2""],[""u1"",""u1^3""]]","[[""u1"",""u2""],[""u1"",""u1^3""]]","[[{""term"":""1"",""term_index"":1,""coefficient"":-0.0008175975293977401},{""term"":""u1"",""term_index"":2,""coefficient"":0.001048864642990391},{""term"":""u2"",""term_index"":3,""coefficient"":1.000570325468838}],[{""term"":""u1"",""term_index"":2,""coefficient"":-0.0008975154531973277},{""term"":""u1^3"",""term_index"":7,""coefficient"":-0.30882791336066223}]]",uncapped,False,3,30,21,,,,"[""Success"",""Unstable"",""MaxIters""]","[""Success"",""Failure"",""MaxLossEvals""]",50616,52940,0,50616,2324,90,19,0.0,0.0,0.0,0.0,0.0,0.0,,,0,2,5,0,0,0,5,0.0,0.0,0.0
409_evogrow_v2_2_stage_capped_35_1_42,paper1_phaseC_v1,C,,campaign_cell,,35,Rotational dynamics of an object in a shear flow,2,surrogate,,evogrow_v2_2_stage_capped,evogrow_v2_2_stage_capped,42,finished,finished,True,,,2026-09-22T10:55:27.535Z,0.0128631418569778,,,,,pruned_support_terms_exact_match,5,,,4085691,,87797.520586326,False,True,False,409,1,0c9672de35c75a9d,221a3a7,False,0.9894045370659768,"[0.9914573960189851, 0.9873516781129685]",470,519,4085691,ffb0266c7913352c,staged_polynomial_basis_with_constant,"[[""1"",""u1"",""u2"",""u2^2"",""u2^3""],[""1"",""u1"",""u2""]]","[[""1"",""u1"",""u2"",""u2^2"",""u2^3""],[""1"",""u1"",""u2""]]","[[{""term"":""1"",""term_index"":1,""coefficient"":-4.815053608504918},{""term"":""u1"",""term_index"":2,""coefficient"":-0.01267460853187534},{""term"":""u2"",""term_index"":3,""coefficient"":-10.0},{""term"":""u2^2"",""term_index"":5,""coefficient"":-6.618393689670017},{""term"":""u2^3"",""term_index"":8,""coefficient"":-1.404375596850728}],[{""term"":""1"",""term_index"":1,""coefficient"":0.008193132985282646},{""term"":""u1"",""term_index"":2,""coefficient"":1.94801928625789},{""term"":""u2"",""term_index"":3,""coefficient"":0.009116925143567389}]]",capped,False,3,30,23,,"[5,5]","[5,5]","[""Success"",""Unstable"",""MaxIters""]","[""Success"",""Failure"",""MaxLossEvals""]",142410,154762,0,142410,12352,337,123,0.0,0.0,0.0,0.0,0.0,0.0,,,0,2,8,0,0,0,8,0.0,0.0,0.0
410_evogrow_v2_2_stage_local_35_1_42,paper1_phaseC_v1,C,,campaign_cell,,35,Rotational dynamics of an object in a shear flow,2,surrogate,,evogrow_v2_2_stage_local,evogrow_v2_2_stage_local,42,finished,finished,True,,,2026-09-22T12:00:08.131Z,0.0128631418569778,,,,,pruned_support_terms_exact_match,5,,,4085691,,84475.180529573,False,True,False,410,1,0c9672de35c75a9d,221a3a7,False,0.9894045370659768,"[0.9914573960189851, 0.9873516781129685]",470,519,4085691,ffb0266c7913352c,staged_polynomial_basis_with_constant,"[[""1"",""u1"",""u2"",""u2^2"",""u2^3""],[""1"",""u1"",""u2""]]","[[""1"",""u1"",""u2"",""u2^2"",""u2^3""],[""1"",""u1"",""u2""]]","[[{""term"":""1"",""term_index"":1,""coefficient"":-4.815053608504918},{""term"":""u1"",""term_index"":2,""coefficient"":-0.01267460853187534},{""term"":""u2"",""term_index"":3,""coefficient"":-10.0},{""term"":""u2^2"",""term_index"":5,""coefficient"":-6.618393689670017},{""term"":""u2^3"",""term_index"":8,""coefficient"":-1.404375596850728}],[{""term"":""1"",""term_index"":1,""coefficient"":0.008193132985282646},{""term"":""u1"",""term_index"":2,""coefficient"":1.94801928625789},{""term"":""u2"",""term_index"":3,""coefficient"":0.009116925143567389}]]",uncapped,False,3,30,23,,,,"[""Success"",""Unstable"",""MaxIters""]","[""Success"",""Failure"",""MaxLossEvals""]",142410,154762,0,142410,12352,337,123,0.0,0.0,0.0,0.0,0.0,0.0,,,0,2,8,0,0,0,8,0.0,0.0,0.0
411_evogrow_v2_2_stage_capped_35_1_123,paper1_phaseC_v1,C,,campaign_cell,,35,Rotational dynamics of an object in a shear flow,2,surrogate,,evogrow_v2_2_stage_capped,evogrow_v2_2_stage_capped,123,finished,finished,True,,,2026-09-22T12:01:56.865Z,0.0119112768801893,,,,,pruned_support_terms_exact_match,5,,,6998159,,118158.765755527,False,True,False,411,1,0c9672de35c75a9d,221a3a7,False,0.990090473194521,"[0.99380523441655, 0.9863757119724921]",570,708,6998159,ffb0266c7913352c,staged_polynomial_basis_with_constant,"[[""1"",""u1"",""u2"",""u1^2"",""u2^2"",""u2^3""],[""1"",""u1"",""u2"",""u1*u2""]]","[[""1"",""u2"",""u1^2"",""u2^2"",""u2^3""],[""1"",""u1"",""u2"",""u1*u2""]]","[[{""term"":""1"",""term_index"":1,""coefficient"":-6.029856907894747},{""term"":""u1"",""term_index"":2,""coefficient"":-0.004125254582889588},{""term"":""u2"",""term_index"":3,""coefficient"":-9.121113469625852},{""term"":""u1^2"",""term_index"":4,""coefficient"":1.3989587916562527},{""term"":""u2^2"",""term_index"":5,""coefficient"":-7.189180770810515},{""term"":""u2^3"",""term_index"":8,""coefficient"":-1.7050763484137996}],[{""term"":""1"",""term_index"":1,""coefficient"":-0.023675870478359718},{""term"":""u1"",""term_index"":2,""coefficient"":1.813590188251842},{""term"":""u2"",""term_index"":3,""coefficient"":-0.006658434064674317},{""term"":""u1*u2"",""term_index"":6,""coefficient"":-0.06635577488973914}]]",capped,False,3,30,28,,"[5,5]","[5,5]","[""Success"",""Unstable"",""MaxIters""]","[""Success"",""Failure"",""MaxLossEvals""]",348814,364897,0,348814,16083,486,254,0.0,0.0,0.0,0.0,0.0,0.0,,,0,2,10,0,0,0,10,0.0,0.0,0.0
412_evogrow_v2_2_stage_local_35_1_123,paper1_phaseC_v1,C,,campaign_cell,,35,Rotational dynamics of an object in a shear flow,2,surrogate,,evogrow_v2_2_stage_local,evogrow_v2_2_stage_local,123,finished,finished,True,,,2026-09-22T12:09:04.154Z,0.0119112768801893,,,,,pruned_support_terms_exact_match,5,,,6998159,,118524.211481205,False,True,False,412,1,0c9672de35c75a9d,221a3a7,False,0.990090473194521,"[0.99380523441655, 0.9863757119724921]",570,708,6998159,ffb0266c7913352c,staged_polynomial_basis_with_constant,"[[""1"",""u1"",""u2"",""u1^2"",""u2^2"",""u2^3""],[""1"",""u1"",""u2"",""u1*u2""]]","[[""1"",""u2"",""u1^2"",""u2^2"",""u2^3""],[""1"",""u1"",""u2"",""u1*u2""]]","[[{""term"":""1"",""term_index"":1,""coefficient"":-6.029856907894747},{""term"":""u1"",""term_index"":2,""coefficient"":-0.004125254582889588},{""term"":""u2"",""term_index"":3,""coefficient"":-9.121113469625852},{""term"":""u1^2"",""term_index"":4,""coefficient"":1.3989587916562527},{""term"":""u2^2"",""term_index"":5,""coefficient"":-7.189180770810515},{""term"":""u2^3"",""term_index"":8,""coefficient"":-1.7050763484137996}],[{""term"":""1"",""term_index"":1,""coefficient"":-0.023675870478359718},{""term"":""u1"",""term_index"":2,""coefficient"":1.813590188251842},{""term"":""u2"",""term_index"":3,""coefficient"":-0.006658434064674317},{""term"":""u1*u2"",""term_index"":6,""coefficient"":-0.06635577488973914}]]",uncapped,False,3,30,28,,,,"[""Success"",""Unstable"",""MaxIters""]","[""Success"",""Failure"",""MaxLossEvals""]",348814,364897,0,348814,16083,486,254,0.0,0.0,0.0,0.0,0.0,0.0,,,0,2,10,0,0,0,10,0.0,0.0,0.0
413_evogrow_v2_2_stage_capped_35_1_7,paper1_phaseC_v1,C,,campaign_cell,,35,Rotational dynamics of an object in a shear flow,2,surrogate,,evogrow_v2_2_stage_capped,evogrow_v2_2_stage_capped,7,finished,finished,True,,,2026-09-22T12:21:38.831Z,0.0288759602457982,,,,,pruned_support_terms_exact_match,5,,,6309896,,42537.700683741,False,True,False,413,1,0c9672de35c75a9d,221a3a7,False,0.9772492015785864,"[0.9627338320526, 0.9917645711045728]",510,607,6309896,ffb0266c7913352c,staged_polynomial_basis_with_constant,"[[""1"",""u1"",""u2"",""u1^2"",""u2^2""],[""1"",""u1"",""u2"",""u1*u2""]]","[[""1"",""u1"",""u2"",""u1^2"",""u2^2""],[""1"",""u1"",""u2"",""u1*u2""]]","[[{""term"":""1"",""term_index"":1,""coefficient"":-4.828712366247905},{""term"":""u1"",""term_index"":2,""coefficient"":0.01019194186302275},{""term"":""u2"",""term_index"":3,""coefficient"":2.1304898355262707},{""term"":""u1^2"",""term_index"":4,""coefficient"":2.2020546420817535},{""term"":""u2^2"",""term_index"":5,""coefficient"":1.4943460450530164}],[{""term"":""1"",""term_index"":1,""coefficient"":-0.12511832148762236},{""term"":""u1"",""term_index"":2,""coefficient"":1.248043141071677},{""term"":""u2"",""term_index"":3,""coefficient"":-0.04482969855309213},{""term"":""u1*u2"",""term_index"":6,""coefficient"":-0.44459141565523574}]]",capped,False,3,30,25,,"[5,5]","[5,5]","[""Success"",""Unstable"",""MaxIters""]","[""Failure"",""Success"",""MaxLossEvals""]",303421,308796,0,303421,5375,422,238,0.0,0.0,0.0,0.0,0.0,0.0,,,0,2,9,0,0,0,9,0.0,0.0,0.0
414_evogrow_v2_2_stage_local_35_1_7,paper1_phaseC_v1,C,,campaign_cell,,35,Rotational dynamics of an object in a shear flow,2,surrogate,,evogrow_v2_2_stage_local,evogrow_v2_2_stage_local,7,finished,finished,True,,,2026-09-22T12:43:15.983Z,0.0288759602457982,,,,,pruned_support_terms_exact_match,5,,,6309896,,41694.145008917,False,True,False,414,1,0c9672de35c75a9d,221a3a7,False,0.9772492015785864,"[0.9627338320526, 0.9917645711045728]",510,607,6309896,ffb0266c7913352c,staged_polynomial_basis_with_constant,"[[""1"",""u1"",""u2"",""u1^2"",""u2^2""],[""1"",""u1"",""u2"",""u1*u2""]]","[[""1"",""u1"",""u2"",""u1^2"",""u2^2""],[""1"",""u1"",""u2"",""u1*u2""]]","[[{""term"":""1"",""term_index"":1,""coefficient"":-4.828712366247905},{""term"":""u1"",""term_index"":2,""coefficient"":0.01019194186302275},{""term"":""u2"",""term_index"":3,""coefficient"":2.1304898355262707},{""term"":""u1^2"",""term_index"":4,""coefficient"":2.2020546420817535},{""term"":""u2^2"",""term_index"":5,""coefficient"":1.4943460450530164}],[{""term"":""1"",""term_index"":1,""coefficient"":-0.12511832148762236},{""term"":""u1"",""term_index"":2,""coefficient"":1.248043141071677},{""term"":""u2"",""term_index"":3,""coefficient"":-0.04482969855309213},{""term"":""u1*u2"",""term_index"":6,""coefficient"":-0.44459141565523574}]]",uncapped,False,3,30,25,,,,"[""Success"",""Unstable"",""MaxIters""]","[""Failure"",""Success"",""MaxLossEvals""]",303421,308796,0,303421,5375,422,238,0.0,0.0,0.0,0.0,0.0,0.0,,,0,2,9,0,0,0,9,0.0,0.0,0.0
415_evogrow_v2_2_stage_capped_35_2_42,paper1_phaseC_v1,C,,campaign_cell,,35,Rotational dynamics of an object in a shear flow,2,surrogate,,evogrow_v2_2_stage_capped,evogrow_v2_2_stage_capped,42,finished,finished,True,,,2026-09-22T12:45:49.476Z,0.0015597188629201,,,,,pruned_support_terms_exact_match,5,,,1942497,,11023.201206398,False,True,False,415,2,0c9672de35c75a9d,221a3a7,False,0.996707381698632,"[0.9966677471525618, 0.9967470162447022]",470,515,1942497,ffb0266c7913352c,staged_polynomial_basis_with_constant,"[[""1"",""u1"",""u2""],[""1"",""u1""]]","[[""1"",""u1"",""u2""],[""1"",""u1""]]","[[{""term"":""1"",""term_index"":1,""coefficient"":-2.195023419834808},{""term"":""u1"",""term_index"":2,""coefficient"":0.006960056609650707},{""term"":""u2"",""term_index"":3,""coefficient"":1.3798842769436148}],[{""term"":""1"",""term_index"":1,""coefficient"":9.554648628901967},{""term"":""u1"",""term_index"":2,""coefficient"":-3.0351072111745623}]]",capped,False,3,30,23,,"[5,5]","[5,5]","[""Success"",""Unstable"",""MaxIters""]","[""Success"",""Failure"",""MaxLossEvals""]",58699,61843,0,58699,3144,175,22,0.0,0.0,0.0,0.0,0.0,0.0,,,0,2,5,0,0,0,5,0.0,0.0,0.0
416_evogrow_v2_2_stage_local_35_2_42,paper1_phaseC_v1,C,,campaign_cell,,35,Rotational dynamics of an object in a shear flow,2,surrogate,,evogrow_v2_2_stage_local,evogrow_v2_2_stage_local,42,finished,finished,True,,,2026-09-22T13:09:16.702Z,0.0015597188629201,,,,,pruned_support_terms_exact_match,5,,,1942497,,11109.345724563,False,True,False,416,2,0c9672de35c75a9d,221a3a7,False,0.996707381698632,"[0.9966677471525618, 0.9967470162447022]",470,515,1942497,ffb0266c7913352c,staged_polynomial_basis_with_constant,"[[""1"",""u1"",""u2""],[""1"",""u1""]]","[[""1"",""u1"",""u2""],[""1"",""u1""]]","[[{""term"":""1"",""term_index"":1,""coefficient"":-2.195023419834808},{""term"":""u1"",""term_index"":2,""coefficient"":0.006960056609650707},{""term"":""u2"",""term_index"":3,""coefficient"":1.3798842769436148}],[{""term"":""1"",""term_index"":1,""coefficient"":9.554648628901967},{""term"":""u1"",""term_index"":2,""coefficient"":-3.0351072111745623}]]",uncapped,False,3,30,23,,,,"[""Success"",""Unstable"",""MaxIters""]","[""Success"",""Failure"",""MaxLossEvals""]",58699,61843,0,58699,3144,175,22,0.0,0.0,0.0,0.0,0.0,0.0,,,0,2,5,0,0,0,5,0.0,0.0,0.0
417_evogrow_v2_2_stage_capped_35_2_123,paper1_phaseC_v1,C,,campaign_cell,,35,Rotational dynamics of an object in a shear flow,2,surrogate,,evogrow_v2_2_stage_capped,evogrow_v2_2_stage_capped,123,finished,finished,True,,,2026-09-22T13:50:02.743Z,0.0015597188629322,,,,,pruned_support_terms_exact_match,5,,,2088056,,13132.484079267,False,True,False,417,2,0c9672de35c75a9d,221a3a7,False,0.996707381643787,"[0.9966677469491656, 0.9967470163384086]",470,519,2088056,ffb0266c7913352c,staged_polynomial_basis_with_constant,"[[""1"",""u1"",""u2""],[""1"",""u1""]]","[[""1"",""u1"",""u2""],[""1"",""u1""]]","[[{""term"":""1"",""term_index"":1,""coefficient"":-2.1950233641266492},{""term"":""u1"",""term_index"":2,""coefficient"":0.0069600537191650685},{""term"":""u2"",""term_index"":3,""coefficient"":1.3798842488888086}],[{""term"":""1"",""term_index"":1,""coefficient"":9.554648810591294},{""term"":""u1"",""term_index"":2,""coefficient"":-3.0351072733239386}]]",capped,False,3,30,23,,"[5,5]","[5,5]","[""Success"",""Unstable"",""MaxIters""]","[""Success"",""Failure"",""MaxLossEvals""]",57200,61144,0,57200,3944,193,32,0.0,0.0,0.0,0.0,0.0,0.0,,,0,2,5,0,0,0,5,0.0,0.0,0.0
418_evogrow_v2_2_stage_local_35_2_123,paper1_phaseC_v1,C,,campaign_cell,,35,Rotational dynamics of an object in a shear flow,2,surrogate,,evogrow_v2_2_stage_local,evogrow_v2_2_stage_local,123,finished,finished,True,,,2026-09-22T14:01:08.452Z,0.0015597188629322,,,,,pruned_support_terms_exact_match,5,,,2088056,,18213.242182732,False,True,False,418,2,0c9672de35c75a9d,221a3a7,False,0.996707381643787,"[0.9966677469491656, 0.9967470163384086]",470,519,2088056,ffb0266c7913352c,staged_polynomial_basis_with_constant,"[[""1"",""u1"",""u2""],[""1"",""u1""]]","[[""1"",""u1"",""u2""],[""1"",""u1""]]","[[{""term"":""1"",""term_index"":1,""coefficient"":-2.1950233641266492},{""term"":""u1"",""term_index"":2,""coefficient"":0.0069600537191650685},{""term"":""u2"",""term_index"":3,""coefficient"":1.3798842488888086}],[{""term"":""1"",""term_index"":1,""coefficient"":9.554648810591294},{""term"":""u1"",""term_index"":2,""coefficient"":-3.0351072733239386}]]",uncapped,False,3,30,23,,,,"[""Success"",""Unstable"",""MaxIters""]","[""Success"",""Failure"",""MaxLossEvals""]",57200,61144,0,57200,3944,193,32,0.0,0.0,0.0,0.0,0.0,0.0,,,0,2,5,0,0,0,5,0.0,0.0,0.0
419_evogrow_v2_2_stage_capped_35_2_7,paper1_phaseC_v1,C,,campaign_cell,,35,Rotational dynamics of an object in a shear flow,2,surrogate,,evogrow_v2_2_stage_capped,evogrow_v2_2_stage_capped,7,finished,finished,True,,,2026-09-22T14:04:22.860Z,0.0015597188629006,,,,,pruned_support_terms_exact_match,5,,,2153342,,12061.00295159,False,True,False,419,2,0c9672de35c75a9d,221a3a7,False,0.9967073816969432,"[0.9966677471461861, 0.9967470162477003]",450,501,2153342,ffb0266c7913352c,staged_polynomial_basis_with_constant,"[[""1"",""u1"",""u2""],[""1"",""u1""]]","[[""1"",""u1"",""u2""],[""1"",""u1""]]","[[{""term"":""1"",""term_index"":1,""coefficient"":-2.195023491955318},{""term"":""u1"",""term_index"":2,""coefficient"":0.006960056675933908},{""term"":""u2"",""term_index"":3,""coefficient"":1.3798843220045147}],[{""term"":""1"",""term_index"":1,""coefficient"":9.554648343435042},{""term"":""u1"",""term_index"":2,""coefficient"":-3.0351071112055577}]]",capped,False,3,30,22,,"[5,5]","[5,5]","[""Success"",""Unstable"",""MaxIters""]","[""Success"",""Failure"",""MaxLossEvals""]",55438,58046,0,55438,2608,189,39,0.0,0.0,0.0,0.0,0.0,0.0,,,0,2,5,0,0,0,5,0.0,0.0,0.0
420_evogrow_v2_2_stage_local_35_2_7,paper1_phaseC_v1,C,,campaign_cell,,35,Rotational dynamics of an object in a shear flow,2,surrogate,,evogrow_v2_2_stage_local,evogrow_v2_2_stage_local,7,finished,finished,True,,,2026-09-22T14:52:38.269Z,0.0015597188629006,,,,,pruned_support_terms_exact_match,5,,,2153342,,9209.235136167,False,True,False,420,2,0c9672de35c75a9d,221a3a7,False,0.9967073816969432,"[0.9966677471461861, 0.9967470162477003]",450,501,2153342,ffb0266c7913352c,staged_polynomial_basis_with_constant,"[[""1"",""u1"",""u2""],[""1"",""u1""]]","[[""1"",""u1"",""u2""],[""1"",""u1""]]","[[{""term"":""1"",""term_index"":1,""coefficient"":-2.195023491955318},{""term"":""u1"",""term_index"":2,""coefficient"":0.006960056675933908},{""term"":""u2"",""term_index"":3,""coefficient"":1.3798843220045147}],[{""term"":""1"",""term_index"":1,""coefficient"":9.554648343435042},{""term"":""u1"",""term_index"":2,""coefficient"":-3.0351071112055577}]]",uncapped,False,3,30,22,,,,"[""Success"",""Unstable"",""MaxIters""]","[""Success"",""Failure"",""MaxLossEvals""]",55438,58046,0,55438,2608,189,39,0.0,0.0,0.0,0.0,0.0,0.0,,,0,2,5,0,0,0,5,0.0,0.0,0.0
421_evogrow_v2_2_stage_capped_36_1_42,paper1_phaseC_v1,C,,campaign_cell,,36,"Pendulum with non-linear damping, no driving (dimensionless)",2,surrogate,,evogrow_v2_2_stage_capped,evogrow_v2_2_stage_capped,42,finished,finished,True,,,2026-09-22T15:50:41.022Z,1.1900099458082073e-05,,,,,pruned_support_terms_exact_match,5,,,619680,,11127.287471131,False,True,False,421,1,0c9672de35c75a9d,221a3a7,False,0.9997978418248384,"[0.9998670643198138, 0.9997286193298629]",430,457,619680,ffb0266c7913352c,staged_polynomial_basis_with_constant,"[[""u1"",""u2""],[""u1"",""u2""]]","[[""u1"",""u2""],[""u1"",""u2""]]","[[{""term"":""u1"",""term_index"":2,""coefficient"":-0.0018649907350677742},{""term"":""u2"",""term_index"":3,""coefficient"":1.0018566521352021}],[{""term"":""u1"",""term_index"":2,""coefficient"":-0.9218979702127152},{""term"":""u2"",""term_index"":3,""coefficient"":-1.0388616199671323}]]",capped,False,3,30,21,,"[5,5]","[null,5]","[""Success"",""Unstable"",""MaxIters""]","[""Success"",""Failure"",""MaxLossEvals""]",21605,23951,0,21605,2346,23,8,0.0,0.0,0.0,0.0,0.0,0.0,,,0,2,4,0,0,0,4,0.0,0.0,0.0
422_evogrow_v2_2_stage_local_36_1_42,paper1_phaseC_v1,C,,campaign_cell,,36,"Pendulum with non-linear damping, no driving (dimensionless)",2,surrogate,,evogrow_v2_2_stage_local,evogrow_v2_2_stage_local,42,finished,finished,True,,,2026-09-22T16:07:11.679Z,1.1900099458082073e-05,,,,,pruned_support_terms_exact_match,5,,,619680,,7540.567634326,False,True,False,422,1,0c9672de35c75a9d,221a3a7,False,0.9997978418248384,"[0.9998670643198138, 0.9997286193298629]",430,457,619680,ffb0266c7913352c,staged_polynomial_basis_with_constant,"[[""u1"",""u2""],[""u1"",""u2""]]","[[""u1"",""u2""],[""u1"",""u2""]]","[[{""term"":""u1"",""term_index"":2,""coefficient"":-0.0018649907350677742},{""term"":""u2"",""term_index"":3,""coefficient"":1.0018566521352021}],[{""term"":""u1"",""term_index"":2,""coefficient"":-0.9218979702127152},{""term"":""u2"",""term_index"":3,""coefficient"":-1.0388616199671323}]]",uncapped,False,3,30,21,,,,"[""Success"",""Unstable"",""MaxIters""]","[""Success"",""Failure"",""MaxLossEvals""]",21605,23951,0,21605,2346,23,8,0.0,0.0,0.0,0.0,0.0,0.0,,,0,2,4,0,0,0,4,0.0,0.0,0.0
423_evogrow_v2_2_stage_capped_36_1_123,paper1_phaseC_v1,C,,campaign_cell,,36,"Pendulum with non-linear damping, no driving (dimensionless)",2,surrogate,,evogrow_v2_2_stage_capped,evogrow_v2_2_stage_capped,123,finished,finished,True,,,2026-09-22T16:08:33.240Z,1.0615337410618313e-05,,,,,pruned_support_terms_exact_match,5,,,730803,,4775.380312468,False,True,False,423,1,0c9672de35c75a9d,221a3a7,False,0.9998082865487594,"[0.9999091165001001, 0.9997074565974189]",430,461,730803,ffb0266c7913352c,staged_polynomial_basis_with_constant,"[[""1"",""u2""],[""u1"",""u2""]]","[[""1"",""u2""],[""u1"",""u2""]]","[[{""term"":""1"",""term_index"":1,""coefficient"":0.0012824206124671899},{""term"":""u2"",""term_index"":3,""coefficient"":1.002584589515277}],[{""term"":""u1"",""term_index"":2,""coefficient"":-0.9251847551723245},{""term"":""u2"",""term_index"":3,""coefficient"":-1.0411522144898993}]]",capped,False,3,30,21,,"[5,5]","[null,5]","[""Success"",""Unstable"",""MaxIters""]","[""Success"",""MaxLossEvals"",""Failure""]",20084,21519,0,20084,1435,29,15,0.0,0.0,0.0,0.0,0.0,0.0,,,0,2,4,0,0,0,4,0.0,0.0,0.0
424_evogrow_v2_2_stage_local_36_1_123,paper1_phaseC_v1,C,,campaign_cell,,36,"Pendulum with non-linear damping, no driving (dimensionless)",2,surrogate,,evogrow_v2_2_stage_local,evogrow_v2_2_stage_local,123,finished,finished,True,,,2026-09-22T16:15:15.815Z,1.0615337410618313e-05,,,,,pruned_support_terms_exact_match,5,,,730803,,4896.05653032,False,True,False,424,1,0c9672de35c75a9d,221a3a7,False,0.9998082865487594,"[0.9999091165001001, 0.9997074565974189]",430,461,730803,ffb0266c7913352c,staged_polynomial_basis_with_constant,"[[""1"",""u2""],[""u1"",""u2""]]","[[""1"",""u2""],[""u1"",""u2""]]","[[{""term"":""1"",""term_index"":1,""coefficient"":0.0012824206124671899},{""term"":""u2"",""term_index"":3,""coefficient"":1.002584589515277}],[{""term"":""u1"",""term_index"":2,""coefficient"":-0.9251847551723245},{""term"":""u2"",""term_index"":3,""coefficient"":-1.0411522144898993}]]",uncapped,False,3,30,21,,,,"[""Success"",""Unstable"",""MaxIters""]","[""Success"",""MaxLossEvals"",""Failure""]",20084,21519,0,20084,1435,29,15,0.0,0.0,0.0,0.0,0.0,0.0,,,0,2,4,0,0,0,4,0.0,0.0,0.0
425_evogrow_v2_2_stage_capped_36_1_7,paper1_phaseC_v1,C,,campaign_cell,,36,"Pendulum with non-linear damping, no driving (dimensionless)",2,surrogate,,evogrow_v2_2_stage_capped,evogrow_v2_2_stage_capped,7,finished,finished,True,,,2026-09-22T17:26:42.199Z,1.0615337410465816e-05,,,,,pruned_support_terms_exact_match,5,,,680011,,7437.884186874,False,True,False,425,1,0c9672de35c75a9d,221a3a7,False,0.9998082866129256,"[0.9999091163439305, 0.9997074568819209]",430,466,680011,ffb0266c7913352c,staged_polynomial_basis_with_constant,"[[""1"",""u2""],[""u1"",""u2""]]","[[""1"",""u2""],[""u1"",""u2""]]","[[{""term"":""1"",""term_index"":1,""coefficient"":0.0012824190628756688},{""term"":""u2"",""term_index"":3,""coefficient"":1.0025846417351285}],[{""term"":""u1"",""term_index"":2,""coefficient"":-0.9251847106337752},{""term"":""u2"",""term_index"":3,""coefficient"":-1.041152213918038}]]",capped,False,3,30,21,,"[5,5]","[null,5]","[""Success"",""Unstable"",""MaxIters""]","[""Success"",""MaxLossEvals"",""Failure""]",14063,15671,0,14063,1608,29,11,0.0,0.0,0.0,0.0,0.0,0.0,,,0,2,4,0,0,0,4,0.0,0.0,0.0
426_evogrow_v2_2_stage_local_36_1_7,paper1_phaseC_v1,C,,campaign_cell,,36,"Pendulum with non-linear damping, no driving (dimensionless)",2,surrogate,,evogrow_v2_2_stage_local,evogrow_v2_2_stage_local,7,finished,finished,True,,,2026-09-22T17:26:57.175Z,1.0615337410465816e-05,,,,,pruned_support_terms_exact_match,5,,,680011,,5310.018726481,False,True,False,426,1,0c9672de35c75a9d,221a3a7,False,0.9998082866129256,"[0.9999091163439305, 0.9997074568819209]",430,466,680011,ffb0266c7913352c,staged_polynomial_basis_with_constant,"[[""1"",""u2""],[""u1"",""u2""]]","[[""1"",""u2""],[""u1"",""u2""]]","[[{""term"":""1"",""term_index"":1,""coefficient"":0.0012824190628756688},{""term"":""u2"",""term_index"":3,""coefficient"":1.0025846417351285}],[{""term"":""u1"",""term_index"":2,""coefficient"":-0.9251847106337752},{""term"":""u2"",""term_index"":3,""coefficient"":-1.041152213918038}]]",uncapped,False,3,30,21,,,,"[""Success"",""Unstable"",""MaxIters""]","[""Success"",""MaxLossEvals"",""Failure""]",14063,15671,0,14063,1608,29,11,0.0,0.0,0.0,0.0,0.0,0.0,,,0,2,4,0,0,0,4,0.0,0.0,0.0
427_evogrow_v2_2_stage_capped_36_2_42,paper1_phaseC_v1,C,,campaign_cell,,36,"Pendulum with non-linear damping, no driving (dimensionless)",2,surrogate,,evogrow_v2_2_stage_capped,evogrow_v2_2_stage_capped,42,finished,finished,True,,,2026-09-22T17:28:30.797Z,7.53858676364604e-05,,,,,pruned_support_terms_exact_match,5,,,858026,,12887.85291179,False,True,False,427,2,0c9672de35c75a9d,221a3a7,False,0.999173533418404,"[0.9994822772753089, 0.9988647895614992]",430,486,858026,ffb0266c7913352c,staged_polynomial_basis_with_constant,"[[""u2""],[""1"",""u1"",""u2""]]","[[""u2""],[""1"",""u1"",""u2""]]","[[{""term"":""u2"",""term_index"":3,""coefficient"":0.9892950721317673}],[{""term"":""1"",""term_index"":1,""coefficient"":0.004684816881203467},{""term"":""u1"",""term_index"":2,""coefficient"":-0.9058483704598284},{""term"":""u2"",""term_index"":3,""coefficient"":-1.0659348148349561}]]",capped,False,3,30,21,,"[5,4]","[null,4]","[""Success"",""Unstable"",""MaxIters""]","[""Success"",""Failure"",""MaxLossEvals""]",19371,22224,0,19371,2853,34,22,0.0,0.0,0.0,0.0,0.0,0.0,,,0,2,4,0,0,0,4,0.0,0.0,0.0
428_evogrow_v2_2_stage_local_36_2_42,paper1_phaseC_v1,C,,campaign_cell,,36,"Pendulum with non-linear damping, no driving (dimensionless)",2,surrogate,,evogrow_v2_2_stage_local,evogrow_v2_2_stage_local,42,finished,finished,True,,,2026-09-22T17:28:58.336Z,7.53858676364604e-05,,,,,pruned_support_terms_exact_match,5,,,1046034,,7507.351967006,False,True,False,428,2,0c9672de35c75a9d,221a3a7,False,0.999173533418404,"[0.9994822772753089, 0.9988647895614992]",430,476,1046034,ffb0266c7913352c,staged_polynomial_basis_with_constant,"[[""u2""],[""1"",""u1"",""u2""]]","[[""u2""],[""1"",""u1"",""u2""]]","[[{""term"":""u2"",""term_index"":3,""coefficient"":0.9892950721317673}],[{""term"":""1"",""term_index"":1,""coefficient"":0.004684816881203467},{""term"":""u1"",""term_index"":2,""coefficient"":-0.9058483704598284},{""term"":""u2"",""term_index"":3,""coefficient"":-1.0659348148349561}]]",uncapped,False,3,30,21,,,,"[""Success"",""Unstable"",""MaxIters""]","[""Success"",""Failure"",""MaxLossEvals""]",19613,21851,0,19613,2238,44,32,0.0,0.0,0.0,0.0,0.0,0.0,,,0,2,4,0,0,0,4,0.0,0.0,0.0
429_evogrow_v2_2_stage_capped_36_2_123,paper1_phaseC_v1,C,,campaign_cell,,36,"Pendulum with non-linear damping, no driving (dimensionless)",2,surrogate,,evogrow_v2_2_stage_capped,evogrow_v2_2_stage_capped,123,finished,finished,True,,,2026-09-22T17:29:44.051Z,8.441134836502807e-05,,,,,pruned_support_terms_exact_match,5,,,882140,,5888.057896093,False,True,False,429,2,0c9672de35c75a9d,221a3a7,False,0.9990767807829162,"[0.9993968504045072, 0.998756711161325]",410,449,882140,ffb0266c7913352c,staged_polynomial_basis_with_constant,"[[""u2""],[""u1"",""u2""]]","[[""u2""],[""u1"",""u2""]]","[[{""term"":""u2"",""term_index"":3,""coefficient"":0.9890091543579063}],[{""term"":""u1"",""term_index"":2,""coefficient"":-0.9150997495638674},{""term"":""u2"",""term_index"":3,""coefficient"":-1.077815679670256}]]",capped,False,3,30,20,,"[5,4]","[null,4]","[""Success"",""Unstable"",""MaxIters""]","[""Success"",""Failure"",""MaxLossEvals""]",14792,16851,0,14792,2059,40,28,0.0,0.0,0.0,0.0,0.0,0.0,,,0,2,3,0,0,0,3,0.0,0.0,0.0
430_evogrow_v2_2_stage_local_36_2_123,paper1_phaseC_v1,C,,campaign_cell,,36,"Pendulum with non-linear damping, no driving (dimensionless)",2,surrogate,,evogrow_v2_2_stage_local,evogrow_v2_2_stage_local,123,finished,finished,True,,,2026-09-22T17:37:41.264Z,8.441134836502807e-05,,,,,pruned_support_terms_exact_match,5,,,829618,,4993.049865696,False,True,False,430,2,0c9672de35c75a9d,221a3a7,False,0.9990767807829162,"[0.9993968504045072, 0.998756711161325]",410,444,829618,ffb0266c7913352c,staged_polynomial_basis_with_constant,"[[""u2""],[""u1"",""u2""]]","[[""u2""],[""u1"",""u2""]]","[[{""term"":""u2"",""term_index"":3,""coefficient"":0.9890091543579063}],[{""term"":""u1"",""term_index"":2,""coefficient"":-0.9150997495638674},{""term"":""u2"",""term_index"":3,""coefficient"":-1.077815679670256}]]",uncapped,False,3,30,20,,,,"[""Success"",""Unstable"",""MaxIters""]","[""Success"",""Failure"",""MaxLossEvals""]",13379,15051,0,13379,1672,39,26,0.0,0.0,0.0,0.0,0.0,0.0,,,0,2,3,0,0,0,3,0.0,0.0,0.0
431_evogrow_v2_2_stage_capped_36_2_7,paper1_phaseC_v1,C,,campaign_cell,,36,"Pendulum with non-linear damping, no driving (dimensionless)",2,surrogate,,evogrow_v2_2_stage_capped,evogrow_v2_2_stage_capped,7,finished,finished,True,,,2026-09-22T18:13:41.941Z,8.441134836500507e-05,,,,,pruned_support_terms_exact_match,5,,,726938,,4754.661619957,False,True,False,431,2,0c9672de35c75a9d,221a3a7,False,0.9990767807940928,"[0.9993968502851448, 0.9987567113030406]",410,462,726938,ffb0266c7913352c,staged_polynomial_basis_with_constant,"[[""u2""],[""u1"",""u2""]]","[[""u2""],[""u1"",""u2""]]","[[{""term"":""u2"",""term_index"":3,""coefficient"":0.9890091614881001}],[{""term"":""u1"",""term_index"":2,""coefficient"":-0.9150997317567955},{""term"":""u2"",""term_index"":3,""coefficient"":-1.0778156741351785}]]",capped,False,3,30,20,,"[5,4]","[null,4]","[""Success"",""Unstable"",""MaxIters""]","[""Success"",""Failure"",""MaxLossEvals""]",16112,17759,0,16112,1647,27,22,0.0,0.0,0.0,0.0,0.0,0.0,,,0,2,3,0,0,0,3,0.0,0.0,0.0
432_evogrow_v2_2_stage_local_36_2_7,paper1_phaseC_v1,C,,campaign_cell,,36,"Pendulum with non-linear damping, no driving (dimensionless)",2,surrogate,,evogrow_v2_2_stage_local,evogrow_v2_2_stage_local,7,finished,finished,True,,,2026-09-22T18:22:25.611Z,8.441134836500507e-05,,,,,pruned_support_terms_exact_match,5,,,684561,,4405.310028495,False,True,False,432,2,0c9672de35c75a9d,221a3a7,False,0.9990767807940928,"[0.9993968502851448, 0.9987567113030406]",410,456,684561,ffb0266c7913352c,staged_polynomial_basis_with_constant,"[[""u2""],[""u1"",""u2""]]","[[""u2""],[""u1"",""u2""]]","[[{""term"":""u2"",""term_index"":3,""coefficient"":0.9890091614881001}],[{""term"":""u1"",""term_index"":2,""coefficient"":-0.9150997317567955},{""term"":""u2"",""term_index"":3,""coefficient"":-1.0778156741351785}]]",uncapped,False,3,30,20,,,,"[""Success"",""Unstable"",""MaxIters""]","[""Success"",""Failure"",""MaxLossEvals""]",14910,16411,0,14910,1501,25,20,0.0,0.0,0.0,0.0,0.0,0.0,,,0,2,3,0,0,0,3,0.0,0.0,0.0
433_evogrow_v2_2_stage_capped_37_1_42,paper1_phaseC_v1,C,,campaign_cell,,37,Van der Pol oscillator (standard form),2,surrogate,,evogrow_v2_2_stage_capped,evogrow_v2_2_stage_capped,42,finished,finished,True,,,2026-09-22T18:56:17.235Z,0.0107750603455897,,,,,pruned_support_terms_exact_match,5,,,6621721,,105896.803178322,False,True,False,433,1,0c9672de35c75a9d,221a3a7,False,0.9945003140536076,"[0.9959408455997407, 0.9930597825074743]",610,865,6621721,ffb0266c7913352c,staged_polynomial_basis_with_constant,"[[""1"",""u1"",""u2"",""u1^2"",""u2^2"",""u1^3""],[""1"",""u1"",""u2"",""u2^2"",""u2^3""]]","[[""1"",""u1"",""u2"",""u1^2"",""u2^2"",""u1^3""],[""1"",""u1"",""u2"",""u2^2"",""u2^3""]]","[[{""term"":""1"",""term_index"":1,""coefficient"":-1.752003935854732},{""term"":""u1"",""term_index"":2,""coefficient"":0.622419188733926},{""term"":""u2"",""term_index"":3,""coefficient"":1.0817871153110907},{""term"":""u1^2"",""term_index"":4,""coefficient"":0.4365564598476701},{""term"":""u2^2"",""term_index"":5,""coefficient"":0.44110736131416156},{""term"":""u1^3"",""term_index"":7,""coefficient"":-0.17998586315321724}],[{""term"":""1"",""term_index"":1,""coefficient"":0.18068073502777796},{""term"":""u1"",""term_index"":2,""coefficient"":-1.0477873801222866},{""term"":""u2"",""term_index"":3,""coefficient"":-0.9081527801382602},{""term"":""u2^2"",""term_index"":5,""coefficient"":-0.0727439374745218},{""term"":""u2^3"",""term_index"":8,""coefficient"":0.27328484647527734}]]",capped,False,3,30,30,,"[5,5]","[null,null]","[""Success"",""Unstable"",""MaxIters""]","[""Success"",""Failure"",""MaxLossEvals""]",381875,400883,0,381875,19008,471,245,0.0,0.0,0.0,0.0,0.0,0.0,,,0,2,11,0,0,0,11,0.0,0.0,0.0
434_evogrow_v2_2_stage_local_37_1_42,paper1_phaseC_v1,C,,campaign_cell,,37,Van der Pol oscillator (standard form),2,surrogate,,evogrow_v2_2_stage_local,evogrow_v2_2_stage_local,42,finished,finished,True,,,2026-09-22T18:57:36.702Z,0.0107750603455897,,,,,pruned_support_terms_exact_match,5,,,6621721,,150165.164707198,False,True,False,434,1,0c9672de35c75a9d,221a3a7,False,0.9945003140536076,"[0.9959408455997407, 0.9930597825074743]",610,865,6621721,ffb0266c7913352c,staged_polynomial_basis_with_constant,"[[""1"",""u1"",""u2"",""u1^2"",""u2^2"",""u1^3""],[""1"",""u1"",""u2"",""u2^2"",""u2^3""]]","[[""1"",""u1"",""u2"",""u1^2"",""u2^2"",""u1^3""],[""1"",""u1"",""u2"",""u2^2"",""u2^3""]]","[[{""term"":""1"",""term_index"":1,""coefficient"":-1.752003935854732},{""term"":""u1"",""term_index"":2,""coefficient"":0.622419188733926},{""term"":""u2"",""term_index"":3,""coefficient"":1.0817871153110907},{""term"":""u1^2"",""term_index"":4,""coefficient"":0.4365564598476701},{""term"":""u2^2"",""term_index"":5,""coefficient"":0.44110736131416156},{""term"":""u1^3"",""term_index"":7,""coefficient"":-0.17998586315321724}],[{""term"":""1"",""term_index"":1,""coefficient"":0.18068073502777796},{""term"":""u1"",""term_index"":2,""coefficient"":-1.0477873801222866},{""term"":""u2"",""term_index"":3,""coefficient"":-0.9081527801382602},{""term"":""u2^2"",""term_index"":5,""coefficient"":-0.0727439374745218},{""term"":""u2^3"",""term_index"":8,""coefficient"":0.27328484647527734}]]",uncapped,False,3,30,30,,,,"[""Success"",""Unstable"",""MaxIters""]","[""Success"",""Failure"",""MaxLossEvals""]",381875,400883,0,381875,19008,471,245,0.0,0.0,0.0,0.0,0.0,0.0,,,0,2,11,0,0,0,11,0.0,0.0,0.0
435_evogrow_v2_2_stage_capped_37_1_123,paper1_phaseC_v1,C,,campaign_cell,,37,Van der Pol oscillator (standard form),2,surrogate,,evogrow_v2_2_stage_capped,evogrow_v2_2_stage_capped,123,finished,finished,True,,,2026-09-22T19:01:46.258Z,0.0098582094438097,,,,,pruned_support_terms_exact_match,4,,,6673995,,125305.771018428,False,True,False,435,1,0c9672de35c75a9d,221a3a7,False,0.9949866018929544,"[0.9961040166813004, 0.9938691871046086]",610,895,6673995,ffb0266c7913352c,staged_polynomial_basis_with_constant,"[[""1"",""u1"",""u2"",""u1^2"",""u2^2"",""u1^3""],[""u1"",""u2"",""u1^2"",""u2^3""]]","[[""1"",""u1"",""u2"",""u1^2"",""u2^2"",""u1^3""],[""u1"",""u2"",""u1^2"",""u2^3""]]","[[{""term"":""1"",""term_index"":1,""coefficient"":-0.7467112675679594},{""term"":""u1"",""term_index"":2,""coefficient"":0.5381685221580114},{""term"":""u2"",""term_index"":3,""coefficient"":1.073295871641901},{""term"":""u1^2"",""term_index"":4,""coefficient"":0.19756220148472947},{""term"":""u2^2"",""term_index"":5,""coefficient"":0.19220841077048437},{""term"":""u1^3"",""term_index"":7,""coefficient"":-0.15469456761002431}],[{""term"":""u1"",""term_index"":2,""coefficient"":-1.072625075999684},{""term"":""u2"",""term_index"":3,""coefficient"":-1.0128828929467564},{""term"":""u1^2"",""term_index"":4,""coefficient"":0.02917173878181311},{""term"":""u2^3"",""term_index"":8,""coefficient"":0.317753978664833}]]",capped,False,3,30,30,,"[4,4]","[null,null]","[""Success"",""Unstable"",""MaxIters""]","[""Success"",""Failure"",""MaxLossEvals""]",309601,333053,0,309601,23452,475,257,0.0,0.0,0.0,0.0,0.0,0.0,,,0,2,10,0,0,0,10,0.0,0.0,0.0
436_evogrow_v2_2_stage_local_37_1_123,paper1_phaseC_v1,C,,campaign_cell,,37,Van der Pol oscillator (standard form),2,surrogate,,evogrow_v2_2_stage_local,evogrow_v2_2_stage_local,123,finished,finished,True,,,2026-09-22T19:05:51.168Z,0.0098582094438097,,,,,pruned_support_terms_exact_match,4,,,6673995,,182121.817518688,False,True,False,436,1,0c9672de35c75a9d,221a3a7,False,0.9949866018929544,"[0.9961040166813004, 0.9938691871046086]",610,895,6673995,ffb0266c7913352c,staged_polynomial_basis_with_constant,"[[""1"",""u1"",""u2"",""u1^2"",""u2^2"",""u1^3""],[""u1"",""u2"",""u1^2"",""u2^3""]]","[[""1"",""u1"",""u2"",""u1^2"",""u2^2"",""u1^3""],[""u1"",""u2"",""u1^2"",""u2^3""]]","[[{""term"":""1"",""term_index"":1,""coefficient"":-0.7467112675679594},{""term"":""u1"",""term_index"":2,""coefficient"":0.5381685221580114},{""term"":""u2"",""term_index"":3,""coefficient"":1.073295871641901},{""term"":""u1^2"",""term_index"":4,""coefficient"":0.19756220148472947},{""term"":""u2^2"",""term_index"":5,""coefficient"":0.19220841077048437},{""term"":""u1^3"",""term_index"":7,""coefficient"":-0.15469456761002431}],[{""term"":""u1"",""term_index"":2,""coefficient"":-1.072625075999684},{""term"":""u2"",""term_index"":3,""coefficient"":-1.0128828929467564},{""term"":""u1^2"",""term_index"":4,""coefficient"":0.02917173878181311},{""term"":""u2^3"",""term_index"":8,""coefficient"":0.317753978664833}]]",uncapped,False,3,30,30,,,,"[""Success"",""Unstable"",""MaxIters""]","[""Success"",""Failure"",""MaxLossEvals""]",309601,333053,0,309601,23452,475,257,0.0,0.0,0.0,0.0,0.0,0.0,,,0,2,10,0,0,0,10,0.0,0.0,0.0
437_evogrow_v2_2_stage_capped_37_1_7,paper1_phaseC_v1,C,,campaign_cell,,37,Van der Pol oscillator (standard form),2,surrogate,,evogrow_v2_2_stage_capped,evogrow_v2_2_stage_capped,7,finished,finished,True,,,2026-09-22T19:08:41.326Z,0.0070817604730093,,,,,pruned_support_terms_exact_match,5,,,5595961,,83906.376101385,False,True,False,437,1,0c9672de35c75a9d,221a3a7,False,0.9965157185691936,"[0.9960359435780651, 0.9969954935603225]",610,893,5595961,ffb0266c7913352c,staged_polynomial_basis_with_constant,"[[""1"",""u1"",""u2"",""u1^2"",""u2^2"",""u1^3""],[""u1"",""u2"",""u1*u2"",""u1^3"",""u2^3""]]","[[""1"",""u1"",""u2"",""u1^2"",""u2^2"",""u1^3""],[""u1"",""u2"",""u1*u2"",""u1^3"",""u2^3""]]","[[{""term"":""1"",""term_index"":1,""coefficient"":-1.0561008958367941},{""term"":""u1"",""term_index"":2,""coefficient"":0.4085687781031504},{""term"":""u2"",""term_index"":3,""coefficient"":1.0564739109758579},{""term"":""u1^2"",""term_index"":4,""coefficient"":0.25476366998705746},{""term"":""u2^2"",""term_index"":5,""coefficient"":0.26993631681908403},{""term"":""u1^3"",""term_index"":7,""coefficient"":-0.1156494445835167}],[{""term"":""u1"",""term_index"":2,""coefficient"":-1.4960800356228128},{""term"":""u2"",""term_index"":3,""coefficient"":-1.1242489306117558},{""term"":""u1*u2"",""term_index"":6,""coefficient"":-0.002646552067617464},{""term"":""u1^3"",""term_index"":7,""coefficient"":0.12595305215603803},{""term"":""u2^3"",""term_index"":8,""coefficient"":0.3199270181554683}]]",capped,False,3,30,30,,"[5,5]","[null,null]","[""Success"",""Unstable"",""MaxIters""]","[""Success"",""Failure"",""MaxLossEvals""]",276192,290483,0,276192,14291,457,180,0.0,0.0,0.0,0.0,0.0,0.0,,,0,2,11,0,0,0,11,0.0,0.0,0.0
438_evogrow_v2_2_stage_local_37_1_7,paper1_phaseC_v1,C,,campaign_cell,,37,Van der Pol oscillator (standard form),2,surrogate,,evogrow_v2_2_stage_local,evogrow_v2_2_stage_local,7,finished,finished,True,,,2026-09-22T19:21:53.450Z,0.0070817604730093,,,,,pruned_support_terms_exact_match,5,,,5595961,,83731.994907146,False,True,False,438,1,0c9672de35c75a9d,221a3a7,False,0.9965157185691936,"[0.9960359435780651, 0.9969954935603225]",610,893,5595961,ffb0266c7913352c,staged_polynomial_basis_with_constant,"[[""1"",""u1"",""u2"",""u1^2"",""u2^2"",""u1^3""],[""u1"",""u2"",""u1*u2"",""u1^3"",""u2^3""]]","[[""1"",""u1"",""u2"",""u1^2"",""u2^2"",""u1^3""],[""u1"",""u2"",""u1*u2"",""u1^3"",""u2^3""]]","[[{""term"":""1"",""term_index"":1,""coefficient"":-1.0561008958367941},{""term"":""u1"",""term_index"":2,""coefficient"":0.4085687781031504},{""term"":""u2"",""term_index"":3,""coefficient"":1.0564739109758579},{""term"":""u1^2"",""term_index"":4,""coefficient"":0.25476366998705746},{""term"":""u2^2"",""term_index"":5,""coefficient"":0.26993631681908403},{""term"":""u1^3"",""term_index"":7,""coefficient"":-0.1156494445835167}],[{""term"":""u1"",""term_index"":2,""coefficient"":-1.4960800356228128},{""term"":""u2"",""term_index"":3,""coefficient"":-1.1242489306117558},{""term"":""u1*u2"",""term_index"":6,""coefficient"":-0.002646552067617464},{""term"":""u1^3"",""term_index"":7,""coefficient"":0.12595305215603803},{""term"":""u2^3"",""term_index"":8,""coefficient"":0.3199270181554683}]]",uncapped,False,3,30,30,,,,"[""Success"",""Unstable"",""MaxIters""]","[""Success"",""Failure"",""MaxLossEvals""]",276192,290483,0,276192,14291,457,180,0.0,0.0,0.0,0.0,0.0,0.0,,,0,2,11,0,0,0,11,0.0,0.0,0.0
439_evogrow_v2_2_stage_capped_37_2_42,paper1_phaseC_v1,C,,campaign_cell,,37,Van der Pol oscillator (standard form),2,surrogate,,evogrow_v2_2_stage_capped,evogrow_v2_2_stage_capped,42,finished,finished,True,,,2026-09-22T19:31:45.032Z,0.0496830812489921,,,,,pruned_support_terms_exact_match,5,,,5056491,,347900.411643973,False,True,False,439,2,0c9672de35c75a9d,221a3a7,False,0.9792392702977042,"[0.9848885197861015, 0.9735900208093068]",570,865,5056491,ffb0266c7913352c,staged_polynomial_basis_with_constant,"[[""1"",""u1"",""u2"",""u1^2"",""u2^2"",""u1*u2""],[""u1"",""u2"",""u2^2"",""u1*u2"",""u1^3"",""u2^3""]]","[[""1"",""u1"",""u2"",""u1^2"",""u2^2"",""u1*u2""],[""u1"",""u2"",""u2^2"",""u1*u2"",""u1^3"",""u2^3""]]","[[{""term"":""1"",""term_index"":1,""coefficient"":0.8065784153820219},{""term"":""u1"",""term_index"":2,""coefficient"":0.13903480211670946},{""term"":""u2"",""term_index"":3,""coefficient"":1.008557445795918},{""term"":""u1^2"",""term_index"":4,""coefficient"":-0.1717093448193186},{""term"":""u2^2"",""term_index"":5,""coefficient"":-0.16228246783690192},{""term"":""u1*u2"",""term_index"":6,""coefficient"":0.15167551109869132}],[{""term"":""u1"",""term_index"":2,""coefficient"":-1.3622121893676566},{""term"":""u2"",""term_index"":3,""coefficient"":-0.5471887073629716},{""term"":""u2^2"",""term_index"":5,""coefficient"":-0.10109468056711299},{""term"":""u1*u2"",""term_index"":6,""coefficient"":-0.20969777173583815},{""term"":""u1^3"",""term_index"":7,""coefficient"":0.08288061298532041},{""term"":""u2^3"",""term_index"":8,""coefficient"":0.09415851044099346}]]",capped,False,3,30,28,,"[5,5]","[null,null]","[""Success"",""Unstable"",""MaxIters""]","[""Success"",""Failure"",""MaxLossEvals""]",318281,366150,0,318281,47869,397,162,0.0,0.0,0.0,0.0,0.0,0.0,,,0,2,12,0,0,0,12,0.0,0.0,0.0
440_evogrow_v2_2_stage_local_37_2_42,paper1_phaseC_v1,C,,campaign_cell,,37,Van der Pol oscillator (standard form),2,surrogate,,evogrow_v2_2_stage_local,evogrow_v2_2_stage_local,42,finished,finished,True,,,2026-09-22T19:33:47.250Z,0.0496830812489921,,,,,pruned_support_terms_exact_match,5,,,5056491,,293184.419801865,False,True,False,440,2,0c9672de35c75a9d,221a3a7,False,0.9792392702977042,"[0.9848885197861015, 0.9735900208093068]",570,865,5056491,ffb0266c7913352c,staged_polynomial_basis_with_constant,"[[""1"",""u1"",""u2"",""u1^2"",""u2^2"",""u1*u2""],[""u1"",""u2"",""u2^2"",""u1*u2"",""u1^3"",""u2^3""]]","[[""1"",""u1"",""u2"",""u1^2"",""u2^2"",""u1*u2""],[""u1"",""u2"",""u2^2"",""u1*u2"",""u1^3"",""u2^3""]]","[[{""term"":""1"",""term_index"":1,""coefficient"":0.8065784153820219},{""term"":""u1"",""term_index"":2,""coefficient"":0.13903480211670946},{""term"":""u2"",""term_index"":3,""coefficient"":1.008557445795918},{""term"":""u1^2"",""term_index"":4,""coefficient"":-0.1717093448193186},{""term"":""u2^2"",""term_index"":5,""coefficient"":-0.16228246783690192},{""term"":""u1*u2"",""term_index"":6,""coefficient"":0.15167551109869132}],[{""term"":""u1"",""term_index"":2,""coefficient"":-1.3622121893676566},{""term"":""u2"",""term_index"":3,""coefficient"":-0.5471887073629716},{""term"":""u2^2"",""term_index"":5,""coefficient"":-0.10109468056711299},{""term"":""u1*u2"",""term_index"":6,""coefficient"":-0.20969777173583815},{""term"":""u1^3"",""term_index"":7,""coefficient"":0.08288061298532041},{""term"":""u2^3"",""term_index"":8,""coefficient"":0.09415851044099346}]]",uncapped,False,3,30,28,,,,"[""Success"",""Unstable"",""MaxIters""]","[""Success"",""Failure"",""MaxLossEvals""]",318281,366150,0,318281,47869,397,162,0.0,0.0,0.0,0.0,0.0,0.0,,,0,2,12,0,0,0,12,0.0,0.0,0.0
441_evogrow_v2_2_stage_capped_37_2_123,paper1_phaseC_v1,C,,campaign_cell,,37,Van der Pol oscillator (standard form),2,surrogate,,evogrow_v2_2_stage_capped,evogrow_v2_2_stage_capped,123,finished,finished,True,,,2026-09-22T19:34:54.885Z,0.036137135185156,,,,,pruned_support_terms_exact_match,4,,,6222278,,10014.717247746,False,True,False,441,2,0c9672de35c75a9d,221a3a7,False,0.9854716529112454,"[0.9965815734182062, 0.9743617324042846]",610,1020,6222278,ffb0266c7913352c,staged_polynomial_basis_with_constant,"[[""1"",""u1"",""u2"",""u1^2"",""u2^2"",""u1^3""],[""1"",""u1"",""u2"",""u1^2"",""u2^2"",""u1*u2""]]","[[""1"",""u1"",""u2"",""u1^2"",""u2^2"",""u1^3""],[""1"",""u1"",""u2"",""u1^2"",""u2^2"",""u1*u2""]]","[[{""term"":""1"",""term_index"":1,""coefficient"":-0.6158537940498304},{""term"":""u1"",""term_index"":2,""coefficient"":0.6782190312153588},{""term"":""u2"",""term_index"":3,""coefficient"":1.0212479447109861},{""term"":""u1^2"",""term_index"":4,""coefficient"":0.24522670452356482},{""term"":""u2^2"",""term_index"":5,""coefficient"":0.06253364779196756},{""term"":""u1^3"",""term_index"":7,""coefficient"":-0.2085664451523098}],[{""term"":""1"",""term_index"":1,""coefficient"":-0.3697880330461029},{""term"":""u1"",""term_index"":2,""coefficient"":-1.0276924814353865},{""term"":""u2"",""term_index"":3,""coefficient"":-0.07569356180955869},{""term"":""u1^2"",""term_index"":4,""coefficient"":0.10579469655314157},{""term"":""u2^2"",""term_index"":5,""coefficient"":0.055896847129702394},{""term"":""u1*u2"",""term_index"":6,""coefficient"":-0.22340194561346471}]]",capped,False,3,30,30,,"[4,4]","[null,null]","[""Success"",""Unstable"",""MaxIters""]","[""Success"",""Failure"",""MaxLossEvals""]",479068,480412,0,479068,1344,453,227,0.0,0.0,0.0,0.0,0.0,0.0,,,0,2,12,0,0,0,12,0.0,0.0,0.0
442_evogrow_v2_2_stage_local_37_2_123,paper1_phaseC_v1,C,,campaign_cell,,37,Van der Pol oscillator (standard form),2,surrogate,,evogrow_v2_2_stage_local,evogrow_v2_2_stage_local,123,finished,finished,True,,,2026-09-22T19:36:39.896Z,0.036137135185156,,,,,pruned_support_terms_exact_match,4,,,6222278,,10329.660411704,False,True,False,442,2,0c9672de35c75a9d,221a3a7,False,0.9854716529112454,"[0.9965815734182062, 0.9743617324042846]",610,1020,6222278,ffb0266c7913352c,staged_polynomial_basis_with_constant,"[[""1"",""u1"",""u2"",""u1^2"",""u2^2"",""u1^3""],[""1"",""u1"",""u2"",""u1^2"",""u2^2"",""u1*u2""]]","[[""1"",""u1"",""u2"",""u1^2"",""u2^2"",""u1^3""],[""1"",""u1"",""u2"",""u1^2"",""u2^2"",""u1*u2""]]","[[{""term"":""1"",""term_index"":1,""coefficient"":-0.6158537940498304},{""term"":""u1"",""term_index"":2,""coefficient"":0.6782190312153588},{""term"":""u2"",""term_index"":3,""coefficient"":1.0212479447109861},{""term"":""u1^2"",""term_index"":4,""coefficient"":0.24522670452356482},{""term"":""u2^2"",""term_index"":5,""coefficient"":0.06253364779196756},{""term"":""u1^3"",""term_index"":7,""coefficient"":-0.2085664451523098}],[{""term"":""1"",""term_index"":1,""coefficient"":-0.3697880330461029},{""term"":""u1"",""term_index"":2,""coefficient"":-1.0276924814353865},{""term"":""u2"",""term_index"":3,""coefficient"":-0.07569356180955869},{""term"":""u1^2"",""term_index"":4,""coefficient"":0.10579469655314157},{""term"":""u2^2"",""term_index"":5,""coefficient"":0.055896847129702394},{""term"":""u1*u2"",""term_index"":6,""coefficient"":-0.22340194561346471}]]",uncapped,False,3,30,30,,,,"[""Success"",""Unstable"",""MaxIters""]","[""Success"",""Failure"",""MaxLossEvals""]",479068,480412,0,479068,1344,453,227,0.0,0.0,0.0,0.0,0.0,0.0,,,0,2,12,0,0,0,12,0.0,0.0,0.0
443_evogrow_v2_2_stage_capped_37_2_7,paper1_phaseC_v1,C,,campaign_cell,,37,Van der Pol oscillator (standard form),2,surrogate,,evogrow_v2_2_stage_capped,evogrow_v2_2_stage_capped,7,finished,finished,True,,,2026-09-22T20:05:21.262Z,0.0529304662291341,,,,,pruned_support_terms_exact_match,4,,,4713676,,80579.625417098,False,True,False,443,2,0c9672de35c75a9d,221a3a7,False,0.9781562207535308,"[0.9875270607741423, 0.9687853807329193]",610,859,4713676,ffb0266c7913352c,staged_polynomial_basis_with_constant,"[[""1"",""u1"",""u2"",""u1^2"",""u2^2"",""u1*u2""],[""u1"",""u2"",""u1^2"",""u2^2"",""u1*u2"",""u2^3""]]","[[""1"",""u1"",""u2"",""u1^2"",""u2^2"",""u1*u2""],[""u1"",""u2"",""u1^2"",""u2^2"",""u1*u2"",""u2^3""]]","[[{""term"":""1"",""term_index"":1,""coefficient"":0.8588509910037495},{""term"":""u1"",""term_index"":2,""coefficient"":0.10423796805012962},{""term"":""u2"",""term_index"":3,""coefficient"":0.9985866628401362},{""term"":""u1^2"",""term_index"":4,""coefficient"":-0.1908088123493788},{""term"":""u2^2"",""term_index"":5,""coefficient"":-0.16263953937521772},{""term"":""u1*u2"",""term_index"":6,""coefficient"":0.19203890344603958}],[{""term"":""u1"",""term_index"":2,""coefficient"":-1.0579263255967928},{""term"":""u2"",""term_index"":3,""coefficient"":-0.37546878849170484},{""term"":""u1^2"",""term_index"":4,""coefficient"":0.07644106089450041},{""term"":""u2^2"",""term_index"":5,""coefficient"":-0.11083149920125011},{""term"":""u1*u2"",""term_index"":6,""coefficient"":-0.14059613968517243},{""term"":""u2^3"",""term_index"":8,""coefficient"":0.06244109540783986}]]",capped,False,3,30,30,,"[4,4]","[null,null]","[""Success"",""Unstable"",""MaxIters""]","[""Success"",""Failure"",""MaxLossEvals""]",300287,313834,0,300287,13547,413,139,0.0,0.0,0.0,0.0,0.0,0.0,,,0,2,12,0,0,0,12,0.0,0.0,0.0
444_evogrow_v2_2_stage_local_37_2_7,paper1_phaseC_v1,C,,campaign_cell,,37,Van der Pol oscillator (standard form),2,surrogate,,evogrow_v2_2_stage_local,evogrow_v2_2_stage_local,7,finished,finished,True,,,2026-09-22T20:37:00.064Z,0.0529304662291341,,,,,pruned_support_terms_exact_match,4,,,4713676,,82620.374997788,False,True,False,444,2,0c9672de35c75a9d,221a3a7,False,0.9781562207535308,"[0.9875270607741423, 0.9687853807329193]",610,859,4713676,ffb0266c7913352c,staged_polynomial_basis_with_constant,"[[""1"",""u1"",""u2"",""u1^2"",""u2^2"",""u1*u2""],[""u1"",""u2"",""u1^2"",""u2^2"",""u1*u2"",""u2^3""]]","[[""1"",""u1"",""u2"",""u1^2"",""u2^2"",""u1*u2""],[""u1"",""u2"",""u1^2"",""u2^2"",""u1*u2"",""u2^3""]]","[[{""term"":""1"",""term_index"":1,""coefficient"":0.8588509910037495},{""term"":""u1"",""term_index"":2,""coefficient"":0.10423796805012962},{""term"":""u2"",""term_index"":3,""coefficient"":0.9985866628401362},{""term"":""u1^2"",""term_index"":4,""coefficient"":-0.1908088123493788},{""term"":""u2^2"",""term_index"":5,""coefficient"":-0.16263953937521772},{""term"":""u1*u2"",""term_index"":6,""coefficient"":0.19203890344603958}],[{""term"":""u1"",""term_index"":2,""coefficient"":-1.0579263255967928},{""term"":""u2"",""term_index"":3,""coefficient"":-0.37546878849170484},{""term"":""u1^2"",""term_index"":4,""coefficient"":0.07644106089450041},{""term"":""u2^2"",""term_index"":5,""coefficient"":-0.11083149920125011},{""term"":""u1*u2"",""term_index"":6,""coefficient"":-0.14059613968517243},{""term"":""u2^3"",""term_index"":8,""coefficient"":0.06244109540783986}]]",uncapped,False,3,30,30,,,,"[""Success"",""Unstable"",""MaxIters""]","[""Success"",""Failure"",""MaxLossEvals""]",300287,313834,0,300287,13547,413,139,0.0,0.0,0.0,0.0,0.0,0.0,,,0,2,12,0,0,0,12,0.0,0.0,0.0
445_evogrow_v2_2_stage_capped_38_1_42,paper1_phaseC_v1,C,,campaign_cell,,38,Van der Pol oscillator (simplified form from Strogatz),2,exact,4.0,evogrow_v2_2_stage_capped,evogrow_v2_2_stage_capped,42,finished,finished,True,,,2026-09-22T20:43:36.338Z,5.152917093241782e-12,,True,False,True,pruned_support_terms_exact_match,4,0.0,0.0,5735629,,6754.006684975,False,True,False,445,1,0c9672de35c75a9d,221a3a7,False,0.9999999999950616,"[0.9999999999966356, 0.9999999999934879]",470,525,5735629,ffb0266c7913352c,staged_polynomial_basis_with_constant,"[[""1"",""u1"",""u2"",""u1^2"",""u2^2"",""u1^3""],[""1"",""u1"",""u1*u2""]]","[[""u1"",""u2"",""u1^3""],[""u1""]]","[[{""term"":""1"",""term_index"":1,""coefficient"":4.4545316350632615e-06},{""term"":""u1"",""term_index"":2,""coefficient"":3.3699777777034408},{""term"":""u2"",""term_index"":3,""coefficient"":3.369977181218099},{""term"":""u1^2"",""term_index"":4,""coefficient"":1.1473107249026944e-06},{""term"":""u2^2"",""term_index"":5,""coefficient"":-8.87672963232419e-06},{""term"":""u1^3"",""term_index"":7,""coefficient"":-1.1233264074336682}],[{""term"":""1"",""term_index"":1,""coefficient"":-2.7008045090866797e-07},{""term"":""u1"",""term_index"":2,""coefficient"":-0.29673690026557675},{""term"":""u1*u2"",""term_index"":6,""coefficient"":-9.83650472807277e-07}]]",capped,False,3,30,23,"[0,0]","[4,4]","[4,null]","[""Success"",""Unstable"",""MaxIters""]","[""Success"",""Failure"",""MaxLossEvals""]",200482,201509,0,200482,1027,419,215,0.6153846153846153,0.5833333333333333,0.4444444444444444,0.4166666666666666,1.0,1.0,5.721172372322907e-06,6.771151899380685e-06,4,2,9,4,4,0,5,0.6153846153846153,0.4444444444444444,1.0
446_evogrow_v2_2_stage_local_38_1_42,paper1_phaseC_v1,C,,campaign_cell,,38,Van der Pol oscillator (simplified form from Strogatz),2,exact,4.0,evogrow_v2_2_stage_local,evogrow_v2_2_stage_local,42,finished,finished,True,,,2026-09-22T21:04:29.086Z,5.152917093241782e-12,,True,False,True,pruned_support_terms_exact_match,4,0.0,0.0,5735629,,9716.507358853,False,True,False,446,1,0c9672de35c75a9d,221a3a7,False,0.9999999999950616,"[0.9999999999966356, 0.9999999999934879]",470,525,5735629,ffb0266c7913352c,staged_polynomial_basis_with_constant,"[[""1"",""u1"",""u2"",""u1^2"",""u2^2"",""u1^3""],[""1"",""u1"",""u1*u2""]]","[[""u1"",""u2"",""u1^3""],[""u1""]]","[[{""term"":""1"",""term_index"":1,""coefficient"":4.4545316350632615e-06},{""term"":""u1"",""term_index"":2,""coefficient"":3.3699777777034408},{""term"":""u2"",""term_index"":3,""coefficient"":3.369977181218099},{""term"":""u1^2"",""term_index"":4,""coefficient"":1.1473107249026944e-06},{""term"":""u2^2"",""term_index"":5,""coefficient"":-8.87672963232419e-06},{""term"":""u1^3"",""term_index"":7,""coefficient"":-1.1233264074336682}],[{""term"":""1"",""term_index"":1,""coefficient"":-2.7008045090866797e-07},{""term"":""u1"",""term_index"":2,""coefficient"":-0.29673690026557675},{""term"":""u1*u2"",""term_index"":6,""coefficient"":-9.83650472807277e-07}]]",uncapped,False,3,30,23,,,,"[""Success"",""Unstable"",""MaxIters""]","[""Success"",""Failure"",""MaxLossEvals""]",200482,201509,0,200482,1027,419,215,0.6153846153846153,0.5833333333333333,0.4444444444444444,0.4166666666666666,1.0,1.0,5.721172372322907e-06,6.771151899380685e-06,4,2,9,4,4,0,5,0.6153846153846153,0.4444444444444444,1.0
447_evogrow_v2_2_stage_capped_38_1_123,paper1_phaseC_v1,C,,campaign_cell,,38,Van der Pol oscillator (simplified form from Strogatz),2,exact,4.0,evogrow_v2_2_stage_capped,evogrow_v2_2_stage_capped,123,finished,finished,True,,,2026-09-22T22:23:10.413Z,5.560517102109386e-12,,True,False,True,pruned_support_terms_exact_match,4,0.0,0.0,3811539,,8308.218807284,False,True,False,447,1,0c9672de35c75a9d,221a3a7,False,0.9999999999928408,"[0.9999999999971394, 0.9999999999885422]",350,385,3811539,ffb0266c7913352c,staged_polynomial_basis_with_constant,"[[""1"",""u1"",""u2"",""u1^2"",""u2^2"",""u1^3""],[""1"",""u1"",""u1*u2""]]","[[""u1"",""u2"",""u1^3""],[""u1""]]","[[{""term"":""1"",""term_index"":1,""coefficient"":6.002775153181756e-06},{""term"":""u1"",""term_index"":2,""coefficient"":3.3699828265381613},{""term"":""u2"",""term_index"":3,""coefficient"":3.3699761320529222},{""term"":""u1^2"",""term_index"":4,""coefficient"":-1.5241303659688044e-06},{""term"":""u2^2"",""term_index"":5,""coefficient"":-7.869386740041442e-06},{""term"":""u1^3"",""term_index"":7,""coefficient"":-1.1233284674930017}],[{""term"":""1"",""term_index"":1,""coefficient"":-3.503141018125986e-07},{""term"":""u1"",""term_index"":2,""coefficient"":-0.2967372129414893},{""term"":""u1*u2"",""term_index"":6,""coefficient"":-9.970060803372131e-07}]]",capped,False,3,30,17,"[0,0]","[4,4]","[4,null]","[""Success"",""Unstable"",""MaxIters""]","[""Success"",""Failure"",""MaxLossEvals""]",109687,110787,0,109687,1100,311,130,0.6153846153846153,0.5833333333333333,0.4444444444444444,0.4166666666666666,1.0,1.0,5.229420260081683e-06,7.082476877706623e-06,4,2,9,4,4,0,5,0.6153846153846153,0.4444444444444444,1.0
448_evogrow_v2_2_stage_local_38_1_123,paper1_phaseC_v1,C,,campaign_cell,,38,Van der Pol oscillator (simplified form from Strogatz),2,exact,4.0,evogrow_v2_2_stage_local,evogrow_v2_2_stage_local,123,finished,finished,True,,,2026-09-22T22:29:39.808Z,5.560517102109386e-12,,True,False,True,pruned_support_terms_exact_match,4,0.0,0.0,3811539,,6032.758959116,False,True,False,448,1,0c9672de35c75a9d,221a3a7,False,0.9999999999928408,"[0.9999999999971394, 0.9999999999885422]",350,385,3811539,ffb0266c7913352c,staged_polynomial_basis_with_constant,"[[""1"",""u1"",""u2"",""u1^2"",""u2^2"",""u1^3""],[""1"",""u1"",""u1*u2""]]","[[""u1"",""u2"",""u1^3""],[""u1""]]","[[{""term"":""1"",""term_index"":1,""coefficient"":6.002775153181756e-06},{""term"":""u1"",""term_index"":2,""coefficient"":3.3699828265381613},{""term"":""u2"",""term_index"":3,""coefficient"":3.3699761320529222},{""term"":""u1^2"",""term_index"":4,""coefficient"":-1.5241303659688044e-06},{""term"":""u2^2"",""term_index"":5,""coefficient"":-7.869386740041442e-06},{""term"":""u1^3"",""term_index"":7,""coefficient"":-1.1233284674930017}],[{""term"":""1"",""term_index"":1,""coefficient"":-3.503141018125986e-07},{""term"":""u1"",""term_index"":2,""coefficient"":-0.2967372129414893},{""term"":""u1*u2"",""term_index"":6,""coefficient"":-9.970060803372131e-07}]]",uncapped,False,3,30,17,,,,"[""Success"",""Unstable"",""MaxIters""]","[""Success"",""Failure"",""MaxLossEvals""]",109687,110787,0,109687,1100,311,130,0.6153846153846153,0.5833333333333333,0.4444444444444444,0.4166666666666666,1.0,1.0,5.229420260081683e-06,7.082476877706623e-06,4,2,9,4,4,0,5,0.6153846153846153,0.4444444444444444,1.0
449_evogrow_v2_2_stage_capped_38_1_7,paper1_phaseC_v1,C,,campaign_cell,,38,Van der Pol oscillator (simplified form from Strogatz),2,exact,4.0,evogrow_v2_2_stage_capped,evogrow_v2_2_stage_capped,7,finished,finished,True,,,2026-09-22T22:37:00.464Z,1.475685940661617e-11,,True,False,True,pruned_support_terms_exact_match,4,0.0,0.0,7364642,,12450.485397245,False,True,False,449,1,0c9672de35c75a9d,221a3a7,False,0.9999999999756106,"[0.9999999999946754, 0.999999999956546]",550,636,7364642,ffb0266c7913352c,staged_polynomial_basis_with_constant,"[[""1"",""u1"",""u2"",""u1^2"",""u2^2"",""u1^3""],[""1"",""u1"",""u1^2"",""u2^2"",""u1*u2"",""u2^3""]]","[[""u1"",""u2"",""u1^3""],[""u1""]]","[[{""term"":""1"",""term_index"":1,""coefficient"":2.1456713783548576e-05},{""term"":""u1"",""term_index"":2,""coefficient"":3.36995897269861},{""term"":""u2"",""term_index"":3,""coefficient"":3.36996021279187},{""term"":""u1^2"",""term_index"":4,""coefficient"":-5.310571798749047e-06},{""term"":""u2^2"",""term_index"":5,""coefficient"":-7.669676243538147e-06},{""term"":""u1^3"",""term_index"":7,""coefficient"":-1.123321086016964}],[{""term"":""1"",""term_index"":1,""coefficient"":3.6355575141613636e-05},{""term"":""u1"",""term_index"":2,""coefficient"":-0.29673851725754913},{""term"":""u1^2"",""term_index"":4,""coefficient"":-1.2621685559093631e-05},{""term"":""u2^2"",""term_index"":5,""coefficient"":-1.903263043563778e-05},{""term"":""u1*u2"",""term_index"":6,""coefficient"":1.208211767091949e-05},{""term"":""u2^3"",""term_index"":8,""coefficient"":2.146742425678961e-06}]]",capped,False,3,30,27,"[0,0]","[4,4]","[4,null]","[""Success"",""Unstable"",""MaxIters""]","[""Success"",""Failure"",""MaxLossEvals""]",281826,282751,0,281826,925,502,294,0.5,0.4761904761904761,0.3333333333333333,0.3333333333333333,1.0,1.0,1.0921595020931087e-05,1.2174273409494162e-05,4,2,12,4,4,0,8,0.5,0.3333333333333333,1.0
450_evogrow_v2_2_stage_local_38_1_7,paper1_phaseC_v1,C,,campaign_cell,,38,Van der Pol oscillator (simplified form from Strogatz),2,exact,4.0,evogrow_v2_2_stage_local,evogrow_v2_2_stage_local,7,finished,finished,True,,,2026-09-22T22:58:31.790Z,1.475685940661617e-11,,True,False,True,pruned_support_terms_exact_match,4,0.0,0.0,7364642,,12318.341399827,False,True,False,450,1,0c9672de35c75a9d,221a3a7,False,0.9999999999756106,"[0.9999999999946754, 0.999999999956546]",550,636,7364642,ffb0266c7913352c,staged_polynomial_basis_with_constant,"[[""1"",""u1"",""u2"",""u1^2"",""u2^2"",""u1^3""],[""1"",""u1"",""u1^2"",""u2^2"",""u1*u2"",""u2^3""]]","[[""u1"",""u2"",""u1^3""],[""u1""]]","[[{""term"":""1"",""term_index"":1,""coefficient"":2.1456713783548576e-05},{""term"":""u1"",""term_index"":2,""coefficient"":3.36995897269861},{""term"":""u2"",""term_index"":3,""coefficient"":3.36996021279187},{""term"":""u1^2"",""term_index"":4,""coefficient"":-5.310571798749047e-06},{""term"":""u2^2"",""term_index"":5,""coefficient"":-7.669676243538147e-06},{""term"":""u1^3"",""term_index"":7,""coefficient"":-1.123321086016964}],[{""term"":""1"",""term_index"":1,""coefficient"":3.6355575141613636e-05},{""term"":""u1"",""term_index"":2,""coefficient"":-0.29673851725754913},{""term"":""u1^2"",""term_index"":4,""coefficient"":-1.2621685559093631e-05},{""term"":""u2^2"",""term_index"":5,""coefficient"":-1.903263043563778e-05},{""term"":""u1*u2"",""term_index"":6,""coefficient"":1.208211767091949e-05},{""term"":""u2^3"",""term_index"":8,""coefficient"":2.146742425678961e-06}]]",uncapped,False,3,30,27,,,,"[""Success"",""Unstable"",""MaxIters""]","[""Success"",""Failure"",""MaxLossEvals""]",281826,282751,0,281826,925,502,294,0.5,0.4761904761904761,0.3333333333333333,0.3333333333333333,1.0,1.0,1.0921595020931087e-05,1.2174273409494162e-05,4,2,12,4,4,0,8,0.5,0.3333333333333333,1.0
451_evogrow_v2_2_stage_capped_38_2_42,paper1_phaseC_v1,C,,campaign_cell,,38,Van der Pol oscillator (simplified form from Strogatz),2,exact,4.0,evogrow_v2_2_stage_capped,evogrow_v2_2_stage_capped,42,finished,finished,True,,,2026-09-22T23:47:17.980Z,1.2605008136656376e-11,,True,False,True,pruned_support_terms_exact_match,4,0.0,0.0,2644033,,38354.553778359,False,True,False,451,2,0c9672de35c75a9d,221a3a7,False,0.9999999999924272,"[0.999999999990428, 0.9999999999944265]",310,343,2644033,ffb0266c7913352c,staged_polynomial_basis_with_constant,"[[""u1"",""u2"",""u1^3"",""u2^3""],[""u1""]]","[[""u1"",""u2"",""u1^3""],[""u1""]]","[[{""term"":""u1"",""term_index"":2,""coefficient"":3.3699463409276147},{""term"":""u2"",""term_index"":3,""coefficient"":3.3698916542972883},{""term"":""u1^3"",""term_index"":7,""coefficient"":-1.123317440431572},{""term"":""u2^3"",""term_index"":8,""coefficient"":8.112765540396475e-05}],[{""term"":""u1"",""term_index"":2,""coefficient"":-0.29673654290001955}]]",capped,False,3,30,15,"[0,0]","[4,4]","[4,null]","[""Success"",""Unstable"",""MaxIters""]","[""Success"",""Failure"",""MaxLossEvals""]",84418,94934,0,84418,10516,236,92,0.888888888888889,0.9285714285714286,0.8,0.875,1.0,1.0,1.6092547597018885e-05,3.2150060151865675e-05,4,2,5,4,4,0,1,0.888888888888889,0.8,1.0
452_evogrow_v2_2_stage_local_38_2_42,paper1_phaseC_v1,C,,campaign_cell,,38,Van der Pol oscillator (simplified form from Strogatz),2,exact,4.0,evogrow_v2_2_stage_local,evogrow_v2_2_stage_local,42,finished,finished,True,,,2026-09-23T00:09:22.215Z,1.2605008136656376e-11,,True,False,True,pruned_support_terms_exact_match,4,0.0,0.0,2644033,,54333.133795905,False,True,False,452,2,0c9672de35c75a9d,221a3a7,False,0.9999999999924272,"[0.999999999990428, 0.9999999999944265]",310,343,2644033,ffb0266c7913352c,staged_polynomial_basis_with_constant,"[[""u1"",""u2"",""u1^3"",""u2^3""],[""u1""]]","[[""u1"",""u2"",""u1^3""],[""u1""]]","[[{""term"":""u1"",""term_index"":2,""coefficient"":3.3699463409276147},{""term"":""u2"",""term_index"":3,""coefficient"":3.3698916542972883},{""term"":""u1^3"",""term_index"":7,""coefficient"":-1.123317440431572},{""term"":""u2^3"",""term_index"":8,""coefficient"":8.112765540396475e-05}],[{""term"":""u1"",""term_index"":2,""coefficient"":-0.29673654290001955}]]",uncapped,False,3,30,15,,,,"[""Success"",""Unstable"",""MaxIters""]","[""Success"",""Failure"",""MaxLossEvals""]",84418,94934,0,84418,10516,236,92,0.888888888888889,0.9285714285714286,0.8,0.875,1.0,1.0,1.6092547597018885e-05,3.2150060151865675e-05,4,2,5,4,4,0,1,0.888888888888889,0.8,1.0
453_evogrow_v2_2_stage_capped_38_2_123,paper1_phaseC_v1,C,,campaign_cell,,38,Van der Pol oscillator (simplified form from Strogatz),2,exact,4.0,evogrow_v2_2_stage_capped,evogrow_v2_2_stage_capped,123,finished,finished,True,,,2026-09-23T00:11:03.279Z,1.030084627705728e-11,,True,False,True,pruned_support_terms_exact_match,4,0.0,0.0,1498460,,19956.102472378,False,True,False,453,2,0c9672de35c75a9d,221a3a7,False,0.99999999999054,"[0.999999999993556, 0.9999999999875241]",290,302,1498460,ffb0266c7913352c,staged_polynomial_basis_with_constant,"[[""1"",""u1"",""u2"",""u1*u2"",""u1^3""],[""u1""]]","[[""u1"",""u2"",""u1^3""],[""u1""]]","[[{""term"":""1"",""term_index"":1,""coefficient"":-2.156652746193446e-06},{""term"":""u1"",""term_index"":2,""coefficient"":3.369988414227102},{""term"":""u2"",""term_index"":3,""coefficient"":3.36997932387204},{""term"":""u1*u2"",""term_index"":6,""coefficient"":2.077396269435592e-06},{""term"":""u1^3"",""term_index"":7,""coefficient"":-1.1233302520460298}],[{""term"":""u1"",""term_index"":2,""coefficient"":-0.29673692360871995}]]",capped,False,3,30,14,"[0,0]","[4,4]","[4,null]","[""Success"",""Unstable"",""MaxIters""]","[""Success"",""Failure"",""MaxLossEvals""]",26249,32490,0,26249,6241,226,19,0.8,0.875,0.6666666666666666,0.8,1.0,1.0,3.937202866082687e-06,6.1353495430187535e-06,4,2,6,4,4,0,2,0.8,0.6666666666666666,1.0
454_evogrow_v2_2_stage_local_38_2_123,paper1_phaseC_v1,C,,campaign_cell,,38,Van der Pol oscillator (simplified form from Strogatz),2,exact,4.0,evogrow_v2_2_stage_local,evogrow_v2_2_stage_local,123,finished,finished,True,,,2026-09-23T00:11:42.412Z,1.030084627705728e-11,,True,False,True,pruned_support_terms_exact_match,4,0.0,0.0,1498460,,27354.946234846,False,True,False,454,2,0c9672de35c75a9d,221a3a7,False,0.99999999999054,"[0.999999999993556, 0.9999999999875241]",290,302,1498460,ffb0266c7913352c,staged_polynomial_basis_with_constant,"[[""1"",""u1"",""u2"",""u1*u2"",""u1^3""],[""u1""]]","[[""u1"",""u2"",""u1^3""],[""u1""]]","[[{""term"":""1"",""term_index"":1,""coefficient"":-2.156652746193446e-06},{""term"":""u1"",""term_index"":2,""coefficient"":3.369988414227102},{""term"":""u2"",""term_index"":3,""coefficient"":3.36997932387204},{""term"":""u1*u2"",""term_index"":6,""coefficient"":2.077396269435592e-06},{""term"":""u1^3"",""term_index"":7,""coefficient"":-1.1233302520460298}],[{""term"":""u1"",""term_index"":2,""coefficient"":-0.29673692360871995}]]",uncapped,False,3,30,14,,,,"[""Success"",""Unstable"",""MaxIters""]","[""Success"",""Failure"",""MaxLossEvals""]",26249,32490,0,26249,6241,226,19,0.8,0.875,0.6666666666666666,0.8,1.0,1.0,3.937202866082687e-06,6.1353495430187535e-06,4,2,6,4,4,0,2,0.8,0.6666666666666666,1.0
455_evogrow_v2_2_stage_capped_38_2_7,paper1_phaseC_v1,C,,campaign_cell,,38,Van der Pol oscillator (simplified form from Strogatz),2,exact,4.0,evogrow_v2_2_stage_capped,evogrow_v2_2_stage_capped,7,finished,finished,True,,,2026-09-23T00:19:15.621Z,1.089310006540388e-11,,True,False,True,pruned_support_terms_exact_match,4,0.0,0.0,2636635,,50691.723680113,False,True,False,455,2,0c9672de35c75a9d,221a3a7,False,0.9999999999883438,"[0.9999999999938818, 0.9999999999828058]",350,386,2636635,ffb0266c7913352c,staged_polynomial_basis_with_constant,"[[""u1"",""u2"",""u1^3""],[""1"",""u1"",""u2^2""]]","[[""u1"",""u2"",""u1^3""],[""u1""]]","[[{""term"":""u1"",""term_index"":2,""coefficient"":3.369993638349277},{""term"":""u2"",""term_index"":3,""coefficient"":3.3699798238840564},{""term"":""u1^3"",""term_index"":7,""coefficient"":-1.1233320803079756}],[{""term"":""1"",""term_index"":1,""coefficient"":-1.3156325235025845e-06},{""term"":""u1"",""term_index"":2,""coefficient"":-0.2967371719648603},{""term"":""u2^2"",""term_index"":5,""coefficient"":2.966972148363853e-06}]]",capped,False,3,30,17,"[0,0]","[4,4]","[4,null]","[""Success"",""Unstable"",""MaxIters""]","[""Success"",""Failure"",""MaxLossEvals""]",105378,115839,0,105378,10461,280,82,0.8,0.75,0.6666666666666666,0.6666666666666666,1.0,1.0,3.3149206570349245e-06,5.986978024847914e-06,4,2,6,4,4,0,2,0.8,0.6666666666666666,1.0
456_evogrow_v2_2_stage_local_38_2_7,paper1_phaseC_v1,C,,campaign_cell,,38,Van der Pol oscillator (simplified form from Strogatz),2,exact,4.0,evogrow_v2_2_stage_local,evogrow_v2_2_stage_local,7,finished,finished,True,,,2026-09-23T00:42:47.002Z,1.089310006540388e-11,,True,False,True,pruned_support_terms_exact_match,4,0.0,0.0,2636635,,52021.43489945,False,True,False,456,2,0c9672de35c75a9d,221a3a7,False,0.9999999999883438,"[0.9999999999938818, 0.9999999999828058]",350,386,2636635,ffb0266c7913352c,staged_polynomial_basis_with_constant,"[[""u1"",""u2"",""u1^3""],[""1"",""u1"",""u2^2""]]","[[""u1"",""u2"",""u1^3""],[""u1""]]","[[{""term"":""u1"",""term_index"":2,""coefficient"":3.369993638349277},{""term"":""u2"",""term_index"":3,""coefficient"":3.3699798238840564},{""term"":""u1^3"",""term_index"":7,""coefficient"":-1.1233320803079756}],[{""term"":""1"",""term_index"":1,""coefficient"":-1.3156325235025845e-06},{""term"":""u1"",""term_index"":2,""coefficient"":-0.2967371719648603},{""term"":""u2^2"",""term_index"":5,""coefficient"":2.966972148363853e-06}]]",uncapped,False,3,30,17,,,,"[""Success"",""Unstable"",""MaxIters""]","[""Success"",""Failure"",""MaxLossEvals""]",105378,115839,0,105378,10461,280,82,0.8,0.75,0.6666666666666666,0.6666666666666666,1.0,1.0,3.3149206570349245e-06,5.986978024847914e-06,4,2,6,4,4,0,2,0.8,0.6666666666666666,1.0
457_evogrow_v2_2_stage_capped_39_1_42,paper1_phaseC_v1,C,,campaign_cell,,39,"Glycolytic oscillator, e.g., ADP and F6P in yeast (dimensionless)",2,surrogate,,evogrow_v2_2_stage_capped,evogrow_v2_2_stage_capped,42,finished,finished,True,,,2026-09-23T01:06:12.862Z,1.938356382273826e-06,,,,,pruned_support_terms_exact_match,5,,,1870821,,21514.262506289,False,True,False,457,1,0c9672de35c75a9d,221a3a7,False,0.99977648368577,"[0.9998548056662449, 0.9996981617052951]",430,431,1870821,ffb0266c7913352c,staged_polynomial_basis_with_constant,"[[""u1"",""u2""],[""1"",""u1""]]","[[""u1"",""u2""],[""1"",""u1""]]","[[{""term"":""u1"",""term_index"":2,""coefficient"":-1.00576421521451},{""term"":""u2"",""term_index"":3,""coefficient"":2.381704625422135}],[{""term"":""1"",""term_index"":1,""coefficient"":0.07088421185153425},{""term"":""u1"",""term_index"":2,""coefficient"":-2.446992365468168}]]",capped,False,3,30,21,,"[5,3]","[null,3]","[""Success"",""Unstable"",""MaxIters""]","[""Success"",""Failure"",""MaxLossEvals""]",37064,41987,0,37064,4923,85,71,0.0,0.0,0.0,0.0,0.0,0.0,,,0,2,4,0,0,0,4,0.0,0.0,0.0
458_evogrow_v2_2_stage_local_39_1_42,paper1_phaseC_v1,C,,campaign_cell,,39,"Glycolytic oscillator, e.g., ADP and F6P in yeast (dimensionless)",2,surrogate,,evogrow_v2_2_stage_local,evogrow_v2_2_stage_local,42,finished,finished,True,,,2026-09-23T01:29:17.111Z,1.938356382273826e-06,,,,,pruned_support_terms_exact_match,5,,,1801561,,10250.526289951,False,True,False,458,1,0c9672de35c75a9d,221a3a7,False,0.99977648368577,"[0.9998548056662449, 0.9996981617052951]",430,432,1801561,ffb0266c7913352c,staged_polynomial_basis_with_constant,"[[""u1"",""u2""],[""1"",""u1""]]","[[""u1"",""u2""],[""1"",""u1""]]","[[{""term"":""u1"",""term_index"":2,""coefficient"":-1.00576421521451},{""term"":""u2"",""term_index"":3,""coefficient"":2.381704625422135}],[{""term"":""1"",""term_index"":1,""coefficient"":0.07088421185153425},{""term"":""u1"",""term_index"":2,""coefficient"":-2.446992365468168}]]",uncapped,False,3,30,21,,,,"[""Success"",""Unstable"",""MaxIters""]","[""Success"",""Failure"",""MaxLossEvals""]",30676,33749,0,30676,3073,82,67,0.0,0.0,0.0,0.0,0.0,0.0,,,0,2,4,0,0,0,4,0.0,0.0,0.0
459_evogrow_v2_2_stage_capped_39_1_123,paper1_phaseC_v1,C,,campaign_cell,,39,"Glycolytic oscillator, e.g., ADP and F6P in yeast (dimensionless)",2,surrogate,,evogrow_v2_2_stage_capped,evogrow_v2_2_stage_capped,123,finished,finished,True,,,2026-09-23T01:58:56.288Z,0.0004844332041176,,,,,pruned_support_terms_exact_match,5,,,1915504,,15484.64063534,False,True,False,459,1,0c9672de35c75a9d,221a3a7,False,0.953504732334783,"[0.92772685631749, 0.9792826083520758]",410,413,1915504,ffb0266c7913352c,staged_polynomial_basis_with_constant,"[[""u1"",""u2""],[""u1""]]","[[""u1"",""u2""],[""u1""]]","[[{""term"":""u1"",""term_index"":2,""coefficient"":-1.0688557530418925},{""term"":""u2"",""term_index"":3,""coefficient"":2.5764777707707247}],[{""term"":""u1"",""term_index"":2,""coefficient"":-2.2890217276383584}]]",capped,False,3,30,20,,"[5,3]","[null,3]","[""Success"",""Unstable"",""MaxIters""]","[""Success"",""MaxLossEvals"",""Failure""]",30281,34416,0,30281,4135,93,78,0.0,0.0,0.0,0.0,0.0,0.0,,,0,2,3,0,0,0,3,0.0,0.0,0.0
460_evogrow_v2_2_stage_local_39_1_123,paper1_phaseC_v1,C,,campaign_cell,,39,"Glycolytic oscillator, e.g., ADP and F6P in yeast (dimensionless)",2,surrogate,,evogrow_v2_2_stage_local,evogrow_v2_2_stage_local,123,finished,finished,True,,,2026-09-23T02:05:34.738Z,0.0004844332041176,,,,,pruned_support_terms_exact_match,5,,,2112106,,5263.702821319,False,True,False,460,1,0c9672de35c75a9d,221a3a7,False,0.953504732334783,"[0.92772685631749, 0.9792826083520758]",410,415,2112106,ffb0266c7913352c,staged_polynomial_basis_with_constant,"[[""u1"",""u2""],[""u1""]]","[[""u1"",""u2""],[""u1""]]","[[{""term"":""u1"",""term_index"":2,""coefficient"":-1.0688557530418925},{""term"":""u2"",""term_index"":3,""coefficient"":2.5764777707707247}],[{""term"":""u1"",""term_index"":2,""coefficient"":-2.2890217276383584}]]",uncapped,False,3,30,20,,,,"[""Success"",""Unstable"",""MaxIters""]","[""Success"",""MaxLossEvals"",""Failure""]",25360,26542,0,25360,1182,102,88,0.0,0.0,0.0,0.0,0.0,0.0,,,0,2,3,0,0,0,3,0.0,0.0,0.0
461_evogrow_v2_2_stage_capped_39_1_7,paper1_phaseC_v1,C,,campaign_cell,,39,"Glycolytic oscillator, e.g., ADP and F6P in yeast (dimensionless)",2,surrogate,,evogrow_v2_2_stage_capped,evogrow_v2_2_stage_capped,7,finished,finished,True,,,2026-09-23T02:23:26.543Z,1.7858001337482457e-06,,,,,pruned_support_terms_exact_match,5,,,1196970,,12205.569983164,False,True,False,461,1,0c9672de35c75a9d,221a3a7,False,0.9997985846188222,"[0.9998489069120187, 0.9997482623256257]",470,474,1196970,ffb0266c7913352c,staged_polynomial_basis_with_constant,"[[""u1"",""u2""],[""1"",""u1"",""u2""]]","[[""u1"",""u2""],[""1"",""u1"",""u2""]]","[[{""term"":""u1"",""term_index"":2,""coefficient"":-0.9916073290923549},{""term"":""u2"",""term_index"":3,""coefficient"":2.376798674880958}],[{""term"":""1"",""term_index"":1,""coefficient"":0.07114019739126497},{""term"":""u1"",""term_index"":2,""coefficient"":-2.4459004144383396},{""term"":""u2"",""term_index"":3,""coefficient"":-0.018179480983421696}]]",capped,False,3,30,23,,"[5,3]","[null,3]","[""Success"",""Unstable"",""MaxIters""]","[""Success"",""MaxLossEvals"",""Failure""]",18348,22092,0,18348,3744,53,27,0.0,0.0,0.0,0.0,0.0,0.0,,,0,2,5,0,0,0,5,0.0,0.0,0.0
462_evogrow_v2_2_stage_local_39_1_7,paper1_phaseC_v1,C,,campaign_cell,,39,"Glycolytic oscillator, e.g., ADP and F6P in yeast (dimensionless)",2,surrogate,,evogrow_v2_2_stage_local,evogrow_v2_2_stage_local,7,finished,finished,True,,,2026-09-23T02:24:40.308Z,1.7858001337482457e-06,,,,,pruned_support_terms_exact_match,5,,,1168863,,10191.352185665,False,True,False,462,1,0c9672de35c75a9d,221a3a7,False,0.9997985846188222,"[0.9998489069120187, 0.9997482623256257]",470,477,1168863,ffb0266c7913352c,staged_polynomial_basis_with_constant,"[[""u1"",""u2""],[""1"",""u1"",""u2""]]","[[""u1"",""u2""],[""1"",""u1"",""u2""]]","[[{""term"":""u1"",""term_index"":2,""coefficient"":-0.9916073290923549},{""term"":""u2"",""term_index"":3,""coefficient"":2.376798674880958}],[{""term"":""1"",""term_index"":1,""coefficient"":0.07114019739126497},{""term"":""u1"",""term_index"":2,""coefficient"":-2.4459004144383396},{""term"":""u2"",""term_index"":3,""coefficient"":-0.018179480983421696}]]",uncapped,False,3,30,23,,,,"[""Success"",""Unstable"",""MaxIters""]","[""Success"",""MaxLossEvals"",""Failure""]",14743,17855,0,14743,3112,49,25,0.0,0.0,0.0,0.0,0.0,0.0,,,0,2,5,0,0,0,5,0.0,0.0,0.0
463_evogrow_v2_2_stage_capped_39_2_42,paper1_phaseC_v1,C,,campaign_cell,,39,"Glycolytic oscillator, e.g., ADP and F6P in yeast (dimensionless)",2,surrogate,,evogrow_v2_2_stage_capped,evogrow_v2_2_stage_capped,42,finished,finished,True,,,2026-09-23T03:12:10.206Z,0.0005307746474787,,,,,pruned_support_terms_exact_match,5,,,697306,,9599.413301914,False,True,False,463,2,0c9672de35c75a9d,221a3a7,False,0.9802198388364024,"[0.9657296460482452, 0.9947100316245593]",430,440,697306,ffb0266c7913352c,staged_polynomial_basis_with_constant,"[[""u1"",""u2""],[""u1"",""u2""]]","[[""u1"",""u2""],[""u1"",""u2""]]","[[{""term"":""u1"",""term_index"":2,""coefficient"":-0.844516020488034},{""term"":""u2"",""term_index"":3,""coefficient"":2.4251075847758115}],[{""term"":""u1"",""term_index"":2,""coefficient"":-2.4372478039287344},{""term"":""u2"",""term_index"":3,""coefficient"":-0.14902639005291543}]]",capped,False,3,30,21,,"[5,5]","[5,5]","[""Success"",""Unstable"",""MaxIters""]","[""Success"",""Failure"",""MaxLossEvals""]",11806,13933,0,11806,2127,33,7,0.0,0.0,0.0,0.0,0.0,0.0,,,0,2,4,0,0,0,4,0.0,0.0,0.0
464_evogrow_v2_2_stage_local_39_2_42,paper1_phaseC_v1,C,,campaign_cell,,39,"Glycolytic oscillator, e.g., ADP and F6P in yeast (dimensionless)",2,surrogate,,evogrow_v2_2_stage_local,evogrow_v2_2_stage_local,42,finished,finished,True,,,2026-09-23T03:34:25.350Z,0.0005307746474787,,,,,pruned_support_terms_exact_match,5,,,697306,,9144.053959347,False,True,False,464,2,0c9672de35c75a9d,221a3a7,False,0.9802198388364024,"[0.9657296460482452, 0.9947100316245593]",430,440,697306,ffb0266c7913352c,staged_polynomial_basis_with_constant,"[[""u1"",""u2""],[""u1"",""u2""]]","[[""u1"",""u2""],[""u1"",""u2""]]","[[{""term"":""u1"",""term_index"":2,""coefficient"":-0.844516020488034},{""term"":""u2"",""term_index"":3,""coefficient"":2.4251075847758115}],[{""term"":""u1"",""term_index"":2,""coefficient"":-2.4372478039287344},{""term"":""u2"",""term_index"":3,""coefficient"":-0.14902639005291543}]]",uncapped,False,3,30,21,,,,"[""Success"",""Unstable"",""MaxIters""]","[""Success"",""Failure"",""MaxLossEvals""]",11806,13933,0,11806,2127,33,7,0.0,0.0,0.0,0.0,0.0,0.0,,,0,2,4,0,0,0,4,0.0,0.0,0.0
465_evogrow_v2_2_stage_capped_39_2_123,paper1_phaseC_v1,C,,campaign_cell,,39,"Glycolytic oscillator, e.g., ADP and F6P in yeast (dimensionless)",2,surrogate,,evogrow_v2_2_stage_capped,evogrow_v2_2_stage_capped,123,finished,finished,True,,,2026-09-23T04:20:57.418Z,0.0005307746474773,,,,,pruned_support_terms_exact_match,5,,,738820,,5259.434971477,False,True,False,465,2,0c9672de35c75a9d,221a3a7,False,0.9802198386649128,"[0.9657296448158795, 0.9947100325139463]",430,438,738820,ffb0266c7913352c,staged_polynomial_basis_with_constant,"[[""u1"",""u2""],[""u1"",""u2""]]","[[""u1"",""u2""],[""u1"",""u2""]]","[[{""term"":""u1"",""term_index"":2,""coefficient"":-0.8445152720680509},{""term"":""u2"",""term_index"":3,""coefficient"":2.4251077595982458}],[{""term"":""u1"",""term_index"":2,""coefficient"":-2.437247412612195},{""term"":""u2"",""term_index"":3,""coefficient"":-0.14902698637796558}]]",capped,False,3,30,21,,"[5,5]","[5,5]","[""Success"",""Unstable"",""MaxIters""]","[""Success"",""Failure"",""MaxLossEvals""]",10397,12013,0,10397,1616,35,12,0.0,0.0,0.0,0.0,0.0,0.0,,,0,2,4,0,0,0,4,0.0,0.0,0.0
466_evogrow_v2_2_stage_local_39_2_123,paper1_phaseC_v1,C,,campaign_cell,,39,"Glycolytic oscillator, e.g., ADP and F6P in yeast (dimensionless)",2,surrogate,,evogrow_v2_2_stage_local,evogrow_v2_2_stage_local,123,finished,finished,True,,,2026-09-23T05:15:22.292Z,0.0005307746474773,,,,,pruned_support_terms_exact_match,5,,,738820,,5222.382154972,False,True,False,466,2,0c9672de35c75a9d,221a3a7,False,0.9802198386649128,"[0.9657296448158795, 0.9947100325139463]",430,438,738820,ffb0266c7913352c,staged_polynomial_basis_with_constant,"[[""u1"",""u2""],[""u1"",""u2""]]","[[""u1"",""u2""],[""u1"",""u2""]]","[[{""term"":""u1"",""term_index"":2,""coefficient"":-0.8445152720680509},{""term"":""u2"",""term_index"":3,""coefficient"":2.4251077595982458}],[{""term"":""u1"",""term_index"":2,""coefficient"":-2.437247412612195},{""term"":""u2"",""term_index"":3,""coefficient"":-0.14902698637796558}]]",uncapped,False,3,30,21,,,,"[""Success"",""Unstable"",""MaxIters""]","[""Success"",""Failure"",""MaxLossEvals""]",10397,12013,0,10397,1616,35,12,0.0,0.0,0.0,0.0,0.0,0.0,,,0,2,4,0,0,0,4,0.0,0.0,0.0
467_evogrow_v2_2_stage_capped_39_2_7,paper1_phaseC_v1,C,,campaign_cell,,39,"Glycolytic oscillator, e.g., ADP and F6P in yeast (dimensionless)",2,surrogate,,evogrow_v2_2_stage_capped,evogrow_v2_2_stage_capped,7,finished,finished,True,,,2026-09-23T05:44:29.550Z,0.0005262882851655,,,,,pruned_support_terms_exact_match,5,,,947006,,6532.658814396,False,True,False,467,2,0c9672de35c75a9d,221a3a7,False,0.9803589562875537,"[0.9658176161804313, 0.994900296394676]",410,422,947006,ffb0266c7913352c,staged_polynomial_basis_with_constant,"[[""u2"",""sin(u1)""],[""u1"",""u2""]]","[[""u2"",""sin(u1)""],[""u1"",""u2""]]","[[{""term"":""u2"",""term_index"":3,""coefficient"":2.419975104868757},{""term"":""sin(u1)"",""term_index"":9,""coefficient"":-0.865365667598117}],[{""term"":""u1"",""term_index"":2,""coefficient"":-2.4432995728704143},{""term"":""u2"",""term_index"":3,""coefficient"":-0.14696555251860094}]]",capped,False,3,30,20,,"[5,5]","[5,5]","[""Success"",""Unstable"",""MaxIters""]","[""Success"",""Failure"",""MaxLossEvals""]",13576,15688,0,13576,2112,48,22,0.0,0.0,0.0,0.0,0.0,0.0,,,0,2,4,0,0,0,4,0.0,0.0,0.0
468_evogrow_v2_2_stage_local_39_2_7,paper1_phaseC_v1,C,,campaign_cell,,39,"Glycolytic oscillator, e.g., ADP and F6P in yeast (dimensionless)",2,surrogate,,evogrow_v2_2_stage_local,evogrow_v2_2_stage_local,7,finished,finished,True,,,2026-09-23T05:47:42.455Z,0.0005262882851655,,,,,pruned_support_terms_exact_match,5,,,947006,,6926.376189721,False,True,False,468,2,0c9672de35c75a9d,221a3a7,False,0.9803589562875537,"[0.9658176161804313, 0.994900296394676]",410,422,947006,ffb0266c7913352c,staged_polynomial_basis_with_constant,"[[""u2"",""sin(u1)""],[""u1"",""u2""]]","[[""u2"",""sin(u1)""],[""u1"",""u2""]]","[[{""term"":""u2"",""term_index"":3,""coefficient"":2.419975104868757},{""term"":""sin(u1)"",""term_index"":9,""coefficient"":-0.865365667598117}],[{""term"":""u1"",""term_index"":2,""coefficient"":-2.4432995728704143},{""term"":""u2"",""term_index"":3,""coefficient"":-0.14696555251860094}]]",uncapped,False,3,30,20,,,,"[""Success"",""Unstable"",""MaxIters""]","[""Success"",""Failure"",""MaxLossEvals""]",13576,15688,0,13576,2112,48,22,0.0,0.0,0.0,0.0,0.0,0.0,,,0,2,4,0,0,0,4,0.0,0.0,0.0
469_evogrow_v2_2_stage_capped_40_1_42,paper1_phaseC_v1,C,,campaign_cell,,40,Duffing equation (weakly non-linear oscillation),2,surrogate,,evogrow_v2_2_stage_capped,evogrow_v2_2_stage_capped,42,finished,finished,True,,,2026-09-23T05:49:54.182Z,0.0629337246100911,,,,,pruned_support_terms_exact_match,5,,,5919774,,96588.614946418,False,True,False,469,1,0c9672de35c75a9d,221a3a7,False,0.9571066949614336,"[0.9820334439288564, 0.9321799459940111]",490,531,5919774,ffb0266c7913352c,staged_polynomial_basis_with_constant,"[[""1"",""u1"",""u2"",""u2^2"",""u1*u2"",""u1^3""],[""1"",""u1"",""u2""]]","[[""1"",""u1"",""u2"",""u2^2"",""u1*u2"",""u1^3""],[""1"",""u1"",""u2""]]","[[{""term"":""1"",""term_index"":1,""coefficient"":-0.21280850416295427},{""term"":""u1"",""term_index"":2,""coefficient"":0.9615369682904272},{""term"":""u2"",""term_index"":3,""coefficient"":1.1053067143800972},{""term"":""u2^2"",""term_index"":5,""coefficient"":0.07208496521584544},{""term"":""u1*u2"",""term_index"":6,""coefficient"":-0.08406984006044065},{""term"":""u1^3"",""term_index"":7,""coefficient"":-0.40130796839384625}],[{""term"":""1"",""term_index"":1,""coefficient"":-0.05765736306010131},{""term"":""u1"",""term_index"":2,""coefficient"":-1.0138677459203977},{""term"":""u2"",""term_index"":3,""coefficient"":0.11505918132319816}]]",capped,False,3,30,24,,"[5,1]","[null,1]","[""Success"",""Unstable"",""MaxIters""]","[""Success"",""Failure"",""MaxLossEvals""]",111132,126403,0,111132,15271,410,226,0.0,0.0,0.0,0.0,0.0,0.0,,,0,2,9,0,0,0,9,0.0,0.0,0.0
470_evogrow_v2_2_stage_local_40_1_42,paper1_phaseC_v1,C,,campaign_cell,,40,Duffing equation (weakly non-linear oscillation),2,surrogate,,evogrow_v2_2_stage_local,evogrow_v2_2_stage_local,42,finished,finished,True,,,2026-09-23T05:53:03.540Z,0.0510035137231619,,,,,pruned_support_terms_exact_match,5,,,8605713,,286078.009262521,False,True,False,470,1,0c9672de35c75a9d,221a3a7,False,0.9650682202425798,"[0.9895023663261292, 0.9406340741590303]",610,679,8605713,ffb0266c7913352c,staged_polynomial_basis_with_constant,"[[""1"",""u1"",""u2"",""u1^3"",""u2^3""],[""1"",""u1"",""u2"",""u1^2"",""u2^2"",""u2^3""]]","[[""1"",""u1"",""u2"",""u1^3"",""u2^3""],[""1"",""u1"",""u2"",""u1^2"",""u2^2"",""u2^3""]]","[[{""term"":""1"",""term_index"":1,""coefficient"":0.06889076787184333},{""term"":""u1"",""term_index"":2,""coefficient"":0.761589049377266},{""term"":""u2"",""term_index"":3,""coefficient"":1.0349302286071003},{""term"":""u1^3"",""term_index"":7,""coefficient"":-0.28874849537276726},{""term"":""u2^3"",""term_index"":8,""coefficient"":0.02578244785398435}],[{""term"":""1"",""term_index"":1,""coefficient"":-0.7537984215468334},{""term"":""u1"",""term_index"":2,""coefficient"":-1.0238717179678394},{""term"":""u2"",""term_index"":3,""coefficient"":-0.23499434332861152},{""term"":""u1^2"",""term_index"":4,""coefficient"":0.28794619436601165},{""term"":""u2^2"",""term_index"":5,""coefficient"":0.1968649959590831},{""term"":""u2^3"",""term_index"":8,""coefficient"":0.12669560673597752}]]",uncapped,False,3,30,30,,,,"[""Success"",""Unstable"",""MaxIters""]","[""Success"",""Failure"",""MaxLossEvals""]",368268,416984,0,368268,48716,546,356,0.0,0.0,0.0,0.0,0.0,0.0,,,0,2,11,0,0,0,11,0.0,0.0,0.0
471_evogrow_v2_2_stage_capped_40_1_123,paper1_phaseC_v1,C,,campaign_cell,,40,Duffing equation (weakly non-linear oscillation),2,surrogate,,evogrow_v2_2_stage_capped,evogrow_v2_2_stage_capped,123,finished,finished,True,,,2026-09-23T06:08:03.170Z,0.0629337246103688,,,,,pruned_support_terms_exact_match,5,,,5645170,,53134.101912216,False,True,False,471,1,0c9672de35c75a9d,221a3a7,False,0.9571066921381732,"[0.9820335115335457, 0.9321798727428008]",470,517,5645170,ffb0266c7913352c,staged_polynomial_basis_with_constant,"[[""1"",""u1"",""u2"",""u2^2"",""u1*u2"",""u1^3""],[""1"",""u1"",""u2""]]","[[""1"",""u1"",""u2"",""u2^2"",""u1*u2"",""u1^3""],[""1"",""u1"",""u2""]]","[[{""term"":""1"",""term_index"":1,""coefficient"":-0.21280883783405807},{""term"":""u1"",""term_index"":2,""coefficient"":0.9615365659938903},{""term"":""u2"",""term_index"":3,""coefficient"":1.1053055839845654},{""term"":""u2^2"",""term_index"":5,""coefficient"":0.07208564531977589},{""term"":""u1*u2"",""term_index"":6,""coefficient"":-0.08406703482885566},{""term"":""u1^3"",""term_index"":7,""coefficient"":-0.4013076051224657}],[{""term"":""1"",""term_index"":1,""coefficient"":-0.05765788675726729},{""term"":""u1"",""term_index"":2,""coefficient"":-1.0138681628646722},{""term"":""u2"",""term_index"":3,""coefficient"":0.11505850822733785}]]",capped,False,3,30,23,,"[5,1]","[null,1]","[""Success"",""Unstable"",""MaxIters""]","[""Success"",""Failure"",""MaxLossEvals""]",106833,114433,0,106833,7600,395,211,0.0,0.0,0.0,0.0,0.0,0.0,,,0,2,9,0,0,0,9,0.0,0.0,0.0
472_evogrow_v2_2_stage_local_40_1_123,paper1_phaseC_v1,C,,campaign_cell,,40,Duffing equation (weakly non-linear oscillation),2,surrogate,,evogrow_v2_2_stage_local,evogrow_v2_2_stage_local,123,finished,finished,True,,,2026-09-23T06:18:10.121Z,0.0528975366390964,,,,,pruned_support_terms_exact_match,5,,,6448829,,265690.683895042,False,True,False,472,1,0c9672de35c75a9d,221a3a7,False,0.963543279901092,"[0.9945663663339583, 0.9325201934682259]",510,574,6448829,ffb0266c7913352c,staged_polynomial_basis_with_constant,"[[""u1"",""u2"",""u2^2"",""u1^3""],[""1"",""u1"",""u2"",""u1^2"",""u2^2"",""u1*u2""]]","[[""u1"",""u2"",""u2^2"",""u1^3""],[""1"",""u1"",""u2"",""u1^2"",""u2^2"",""u1*u2""]]","[[{""term"":""u1"",""term_index"":2,""coefficient"":0.591781549138893},{""term"":""u2"",""term_index"":3,""coefficient"":1.093668508215813},{""term"":""u2^2"",""term_index"":5,""coefficient"":0.023239848558690265},{""term"":""u1^3"",""term_index"":7,""coefficient"":-0.23532045910147986}],[{""term"":""1"",""term_index"":1,""coefficient"":-0.3673567063085384},{""term"":""u1"",""term_index"":2,""coefficient"":-0.987816118977748},{""term"":""u2"",""term_index"":3,""coefficient"":0.11107800729224103},{""term"":""u1^2"",""term_index"":4,""coefficient"":0.1430075626249993},{""term"":""u2^2"",""term_index"":5,""coefficient"":0.09041311612989995},{""term"":""u1*u2"",""term_index"":6,""coefficient"":-0.058059115121444}]]",uncapped,False,3,30,25,,,,"[""Success"",""Unstable"",""MaxIters""]","[""Success"",""Failure"",""MaxLossEvals""]",248009,281639,0,248009,33630,464,231,0.0,0.0,0.0,0.0,0.0,0.0,,,0,2,10,0,0,0,10,0.0,0.0,0.0
473_evogrow_v2_2_stage_capped_40_1_7,paper1_phaseC_v1,C,,campaign_cell,,40,Duffing equation (weakly non-linear oscillation),2,surrogate,,evogrow_v2_2_stage_capped,evogrow_v2_2_stage_capped,7,finished,finished,True,,,2026-09-23T06:43:27.312Z,0.0630446071257748,,,,,pruned_support_terms_exact_match,5,,,6125942,,69001.652089901,False,True,False,473,1,0c9672de35c75a9d,221a3a7,False,0.9570251058707826,"[0.9821458471970401, 0.931904364544525]",490,522,6125942,ffb0266c7913352c,staged_polynomial_basis_with_constant,"[[""1"",""u1"",""u2"",""u2^2"",""u2^3"",""sin(u1)""],[""1"",""u1"",""u2""]]","[[""1"",""u1"",""u2"",""u2^2"",""u2^3"",""sin(u1)""],[""1"",""u1"",""u2""]]","[[{""term"":""1"",""term_index"":1,""coefficient"":-0.14893094512543747},{""term"":""u1"",""term_index"":2,""coefficient"":-1.9531756548920924},{""term"":""u2"",""term_index"":3,""coefficient"":1.2886254820862615},{""term"":""u2^2"",""term_index"":5,""coefficient"":0.06709465136758593},{""term"":""u2^3"",""term_index"":8,""coefficient"":-0.06381630779395091},{""term"":""sin(u1)"",""term_index"":9,""coefficient"":3.033392576739014}],[{""term"":""1"",""term_index"":1,""coefficient"":-0.04860476328724705},{""term"":""u1"",""term_index"":2,""coefficient"":-1.0071538929498014},{""term"":""u2"",""term_index"":3,""coefficient"":0.11722404561765801}]]",capped,False,3,30,24,,"[5,1]","[null,1]","[""Success"",""Unstable"",""MaxIters""]","[""Failure"",""Success"",""MaxLossEvals""]",102243,112716,0,102243,10473,415,237,0.0,0.0,0.0,0.0,0.0,0.0,,,0,2,9,0,0,0,9,0.0,0.0,0.0
474_evogrow_v2_2_stage_local_40_1_7,paper1_phaseC_v1,C,,campaign_cell,,40,Duffing equation (weakly non-linear oscillation),2,surrogate,,evogrow_v2_2_stage_local,evogrow_v2_2_stage_local,7,finished,finished,True,,,2026-09-23T06:59:57.917Z,0.0515428658291193,,,,,pruned_support_terms_exact_match,5,,,9086007,,540644.996535465,False,True,False,474,1,0c9672de35c75a9d,221a3a7,False,0.9644803754933576,"[0.9946225843931666, 0.9343381665935484]",610,669,9086007,ffb0266c7913352c,staged_polynomial_basis_with_constant,"[[""1"",""u1"",""u2"",""u1^3"",""cos(u1)""],[""1"",""u1"",""u2"",""u1^2"",""u2^2"",""u1*u2""]]","[[""1"",""u1"",""u2"",""u1^3"",""cos(u1)""],[""1"",""u1"",""u2"",""u1^2"",""u2^2"",""u1*u2""]]","[[{""term"":""1"",""term_index"":1,""coefficient"":0.13203808232868922},{""term"":""u1"",""term_index"":2,""coefficient"":0.6744560099563477},{""term"":""u2"",""term_index"":3,""coefficient"":1.0901796573516118},{""term"":""u1^3"",""term_index"":7,""coefficient"":-0.2613032624643654},{""term"":""cos(u1)"",""term_index"":10,""coefficient"":-0.19134627067317628}],[{""term"":""1"",""term_index"":1,""coefficient"":-0.36608256457272015},{""term"":""u1"",""term_index"":2,""coefficient"":-0.9999497540715183},{""term"":""u2"",""term_index"":3,""coefficient"":0.09559476435156755},{""term"":""u1^2"",""term_index"":4,""coefficient"":0.14553325586823684},{""term"":""u2^2"",""term_index"":5,""coefficient"":0.09469438220400143},{""term"":""u1*u2"",""term_index"":6,""coefficient"":-0.10910181100228927}]]",uncapped,False,3,30,30,,,,"[""Success"",""Unstable"",""MaxIters""]","[""Failure"",""Success"",""MaxLossEvals""]",378401,437523,0,378401,59122,559,385,0.0,0.0,0.0,0.0,0.0,0.0,,,0,2,11,0,0,0,11,0.0,0.0,0.0
475_evogrow_v2_2_stage_capped_40_2_42,paper1_phaseC_v1,C,,campaign_cell,,40,Duffing equation (weakly non-linear oscillation),2,surrogate,,evogrow_v2_2_stage_capped,evogrow_v2_2_stage_capped,42,finished,finished,True,,,2026-09-23T07:06:10.766Z,0.0381013013217929,,,,,pruned_support_terms_exact_match,5,,,9545786,,162229.007384926,False,True,False,475,2,0c9672de35c75a9d,221a3a7,False,0.9648130087005232,"[0.9864676493797027, 0.9431583680213441]",610,639,9545786,ffb0266c7913352c,staged_polynomial_basis_with_constant,"[[""1"",""u1"",""u2"",""u1^2"",""u1*u2"",""u2^3""],[""1"",""u1"",""u2"",""u1^2"",""cos(u2)""]]","[[""1"",""u1"",""u2"",""u1^2"",""u1*u2"",""u2^3""],[""1"",""u1"",""u2"",""u1^2"",""cos(u2)""]]","[[{""term"":""1"",""term_index"":1,""coefficient"":0.14184546457582298},{""term"":""u1"",""term_index"":2,""coefficient"":0.18800956566578286},{""term"":""u2"",""term_index"":3,""coefficient"":0.8118059237341584},{""term"":""u1^2"",""term_index"":4,""coefficient"":-0.24854097622430932},{""term"":""u1*u2"",""term_index"":6,""coefficient"":0.21118467353437304},{""term"":""u2^3"",""term_index"":8,""coefficient"":0.07038868017814864}],[{""term"":""1"",""term_index"":1,""coefficient"":-0.18376954919564664},{""term"":""u1"",""term_index"":2,""coefficient"":-1.2085332916486942},{""term"":""u2"",""term_index"":3,""coefficient"":0.2393718671043667},{""term"":""u1^2"",""term_index"":4,""coefficient"":0.2186857977408807},{""term"":""cos(u2)"",""term_index"":12,""coefficient"":0.19486894446214595}]]",capped,False,3,30,30,,"[5,5]","[null,null]","[""Success"",""Unstable"",""MaxIters""]","[""Success"",""Failure"",""MaxLossEvals""]",376603,398278,0,376603,21675,564,435,0.0,0.0,0.0,0.0,0.0,0.0,,,0,2,11,0,0,0,11,0.0,0.0,0.0
476_evogrow_v2_2_stage_local_40_2_42,paper1_phaseC_v1,C,,campaign_cell,,40,Duffing equation (weakly non-linear oscillation),2,surrogate,,evogrow_v2_2_stage_local,evogrow_v2_2_stage_local,42,finished,finished,True,,,2026-09-23T07:34:13.709Z,0.0381013013217929,,,,,pruned_support_terms_exact_match,5,,,9545786,,119091.153436231,False,True,False,476,2,0c9672de35c75a9d,221a3a7,False,0.9648130087005232,"[0.9864676493797027, 0.9431583680213441]",610,639,9545786,ffb0266c7913352c,staged_polynomial_basis_with_constant,"[[""1"",""u1"",""u2"",""u1^2"",""u1*u2"",""u2^3""],[""1"",""u1"",""u2"",""u1^2"",""cos(u2)""]]","[[""1"",""u1"",""u2"",""u1^2"",""u1*u2"",""u2^3""],[""1"",""u1"",""u2"",""u1^2"",""cos(u2)""]]","[[{""term"":""1"",""term_index"":1,""coefficient"":0.14184546457582298},{""term"":""u1"",""term_index"":2,""coefficient"":0.18800956566578286},{""term"":""u2"",""term_index"":3,""coefficient"":0.8118059237341584},{""term"":""u1^2"",""term_index"":4,""coefficient"":-0.24854097622430932},{""term"":""u1*u2"",""term_index"":6,""coefficient"":0.21118467353437304},{""term"":""u2^3"",""term_index"":8,""coefficient"":0.07038868017814864}],[{""term"":""1"",""term_index"":1,""coefficient"":-0.18376954919564664},{""term"":""u1"",""term_index"":2,""coefficient"":-1.2085332916486942},{""term"":""u2"",""term_index"":3,""coefficient"":0.2393718671043667},{""term"":""u1^2"",""term_index"":4,""coefficient"":0.2186857977408807},{""term"":""cos(u2)"",""term_index"":12,""coefficient"":0.19486894446214595}]]",uncapped,False,3,30,30,,,,"[""Success"",""Unstable"",""MaxIters""]","[""Success"",""Failure"",""MaxLossEvals""]",376603,398278,0,376603,21675,564,435,0.0,0.0,0.0,0.0,0.0,0.0,,,0,2,11,0,0,0,11,0.0,0.0,0.0
477_evogrow_v2_2_stage_capped_40_2_123,paper1_phaseC_v1,C,,campaign_cell,,40,Duffing equation (weakly non-linear oscillation),2,surrogate,,evogrow_v2_2_stage_capped,evogrow_v2_2_stage_capped,123,finished,finished,True,,,2026-09-23T07:43:59.554Z,0.0257093050597633,,,,,pruned_support_terms_exact_match,5,,,8963579,,87686.821560213,False,True,False,477,2,0c9672de35c75a9d,221a3a7,False,0.9756611468913768,"[0.980695519638155, 0.9706267741445984]",610,644,8963579,ffb0266c7913352c,staged_polynomial_basis_with_constant,"[[""1"",""u1"",""u2"",""u1^2"",""u1^3"",""sin(u2)""],[""u1"",""u2"",""u1^2"",""u2^2"",""u1*u2"",""sin(u1)""]]","[[""1"",""u1"",""u2"",""u1^2"",""u1^3"",""sin(u2)""],[""u1"",""u2"",""u1^2"",""u2^2"",""u1*u2"",""sin(u1)""]]","[[{""term"":""1"",""term_index"":1,""coefficient"":0.02357063042268014},{""term"":""u1"",""term_index"":2,""coefficient"":0.2456853843698043},{""term"":""u2"",""term_index"":3,""coefficient"":1.4056324857004798},{""term"":""u1^2"",""term_index"":4,""coefficient"":-0.003582658104100689},{""term"":""u1^3"",""term_index"":7,""coefficient"":-0.13281728118251826},{""term"":""sin(u2)"",""term_index"":11,""coefficient"":-0.6274488805142342}],[{""term"":""u1"",""term_index"":2,""coefficient"":-2.257620709406499},{""term"":""u2"",""term_index"":3,""coefficient"":0.3833318853814399},{""term"":""u1^2"",""term_index"":4,""coefficient"":0.34343742255138465},{""term"":""u2^2"",""term_index"":5,""coefficient"":-0.01127755171072298},{""term"":""u1*u2"",""term_index"":6,""coefficient"":-0.2678878563068391},{""term"":""sin(u1)"",""term_index"":9,""coefficient"":1.2227426661388503}]]",capped,False,3,30,30,,"[5,5]","[null,null]","[""Success"",""Unstable"",""MaxIters""]","[""Success"",""Failure"",""MaxLossEvals""]",305429,318109,0,305429,12680,571,382,0.0,0.0,0.0,0.0,0.0,0.0,,,0,2,12,0,0,0,12,0.0,0.0,0.0
478_evogrow_v2_2_stage_local_40_2_123,paper1_phaseC_v1,C,,campaign_cell,,40,Duffing equation (weakly non-linear oscillation),2,surrogate,,evogrow_v2_2_stage_local,evogrow_v2_2_stage_local,123,finished,finished,True,,,2026-09-23T07:48:32.320Z,0.0257093050597633,,,,,pruned_support_terms_exact_match,5,,,8963579,,92345.614874885,False,True,False,478,2,0c9672de35c75a9d,221a3a7,False,0.9756611468913768,"[0.980695519638155, 0.9706267741445984]",610,644,8963579,ffb0266c7913352c,staged_polynomial_basis_with_constant,"[[""1"",""u1"",""u2"",""u1^2"",""u1^3"",""sin(u2)""],[""u1"",""u2"",""u1^2"",""u2^2"",""u1*u2"",""sin(u1)""]]","[[""1"",""u1"",""u2"",""u1^2"",""u1^3"",""sin(u2)""],[""u1"",""u2"",""u1^2"",""u2^2"",""u1*u2"",""sin(u1)""]]","[[{""term"":""1"",""term_index"":1,""coefficient"":0.02357063042268014},{""term"":""u1"",""term_index"":2,""coefficient"":0.2456853843698043},{""term"":""u2"",""term_index"":3,""coefficient"":1.4056324857004798},{""term"":""u1^2"",""term_index"":4,""coefficient"":-0.003582658104100689},{""term"":""u1^3"",""term_index"":7,""coefficient"":-0.13281728118251826},{""term"":""sin(u2)"",""term_index"":11,""coefficient"":-0.6274488805142342}],[{""term"":""u1"",""term_index"":2,""coefficient"":-2.257620709406499},{""term"":""u2"",""term_index"":3,""coefficient"":0.3833318853814399},{""term"":""u1^2"",""term_index"":4,""coefficient"":0.34343742255138465},{""term"":""u2^2"",""term_index"":5,""coefficient"":-0.01127755171072298},{""term"":""u1*u2"",""term_index"":6,""coefficient"":-0.2678878563068391},{""term"":""sin(u1)"",""term_index"":9,""coefficient"":1.2227426661388503}]]",uncapped,False,3,30,30,,,,"[""Success"",""Unstable"",""MaxIters""]","[""Success"",""Failure"",""MaxLossEvals""]",305429,318109,0,305429,12680,571,382,0.0,0.0,0.0,0.0,0.0,0.0,,,0,2,12,0,0,0,12,0.0,0.0,0.0
479_evogrow_v2_2_stage_capped_40_2_7,paper1_phaseC_v1,C,,campaign_cell,,40,Duffing equation (weakly non-linear oscillation),2,surrogate,,evogrow_v2_2_stage_capped,evogrow_v2_2_stage_capped,7,finished,finished,True,,,2026-09-23T10:16:37.814Z,0.030739599013288,,,,,pruned_support_terms_exact_match,5,,,9091550,,204669.220711196,False,True,False,479,2,0c9672de35c75a9d,221a3a7,False,0.9713893957498216,"[0.985289039338375, 0.9574897521612683]",610,641,9091550,ffb0266c7913352c,staged_polynomial_basis_with_constant,"[[""1"",""u1"",""u2"",""u2^3"",""sin(u1)""],[""1"",""u1"",""u2"",""u1^2"",""u1*u2"",""u2^3""]]","[[""u1"",""u2"",""u2^3"",""sin(u1)""],[""1"",""u1"",""u2"",""u1^2"",""u1*u2"",""u2^3""]]","[[{""term"":""1"",""term_index"":1,""coefficient"":0.0011284920550726893},{""term"":""u1"",""term_index"":2,""coefficient"":-0.810208638148132},{""term"":""u2"",""term_index"":3,""coefficient"":0.5489180255985446},{""term"":""u2^3"",""term_index"":8,""coefficient"":0.19970717156118686},{""term"":""sin(u1)"",""term_index"":9,""coefficient"":1.1995190718456106}],[{""term"":""1"",""term_index"":1,""coefficient"":-0.050589302422204115},{""term"":""u1"",""term_index"":2,""coefficient"":-1.2008525771985046},{""term"":""u2"",""term_index"":3,""coefficient"":0.20752958664812798},{""term"":""u1^2"",""term_index"":4,""coefficient"":0.19799938031374129},{""term"":""u1*u2"",""term_index"":6,""coefficient"":-0.19814415755818704},{""term"":""u2^3"",""term_index"":8,""coefficient"":0.016609247782221528}]]",capped,False,3,30,30,,"[5,5]","[null,null]","[""Success"",""Unstable"",""MaxIters""]","[""Success"",""Failure"",""MaxLossEvals""]",236537,268725,0,236537,32188,553,408,0.0,0.0,0.0,0.0,0.0,0.0,,,0,2,11,0,0,0,11,0.0,0.0,0.0
480_evogrow_v2_2_stage_local_40_2_7,paper1_phaseC_v1,C,,campaign_cell,,40,Duffing equation (weakly non-linear oscillation),2,surrogate,,evogrow_v2_2_stage_local,evogrow_v2_2_stage_local,7,finished,finished,True,,,2026-09-23T10:27:47.057Z,0.030739599013288,,,,,pruned_support_terms_exact_match,5,,,9091550,,204651.835848542,False,True,False,480,2,0c9672de35c75a9d,221a3a7,False,0.9713893957498216,"[0.985289039338375, 0.9574897521612683]",610,641,9091550,ffb0266c7913352c,staged_polynomial_basis_with_constant,"[[""1"",""u1"",""u2"",""u2^3"",""sin(u1)""],[""1"",""u1"",""u2"",""u1^2"",""u1*u2"",""u2^3""]]","[[""u1"",""u2"",""u2^3"",""sin(u1)""],[""1"",""u1"",""u2"",""u1^2"",""u1*u2"",""u2^3""]]","[[{""term"":""1"",""term_index"":1,""coefficient"":0.0011284920550726893},{""term"":""u1"",""term_index"":2,""coefficient"":-0.810208638148132},{""term"":""u2"",""term_index"":3,""coefficient"":0.5489180255985446},{""term"":""u2^3"",""term_index"":8,""coefficient"":0.19970717156118686},{""term"":""sin(u1)"",""term_index"":9,""coefficient"":1.1995190718456106}],[{""term"":""1"",""term_index"":1,""coefficient"":-0.050589302422204115},{""term"":""u1"",""term_index"":2,""coefficient"":-1.2008525771985046},{""term"":""u2"",""term_index"":3,""coefficient"":0.20752958664812798},{""term"":""u1^2"",""term_index"":4,""coefficient"":0.19799938031374129},{""term"":""u1*u2"",""term_index"":6,""coefficient"":-0.19814415755818704},{""term"":""u2^3"",""term_index"":8,""coefficient"":0.016609247782221528}]]",uncapped,False,3,30,30,,,,"[""Success"",""Unstable"",""MaxIters""]","[""Success"",""Failure"",""MaxLossEvals""]",236537,268725,0,236537,32188,553,408,0.0,0.0,0.0,0.0,0.0,0.0,,,0,2,11,0,0,0,11,0.0,0.0,0.0
481_evogrow_v2_2_stage_capped_41_1_42,paper1_phaseC_v1,C,,campaign_cell,,41,Cell cycle model by Tyson for interaction between protein cdc2 and cyclin (dimensionless),2,surrogate,,evogrow_v2_2_stage_capped,evogrow_v2_2_stage_capped,42,finished,finished,True,,,2026-09-23T10:54:03.252Z,0.0012079079095971,,,,,pruned_support_terms_exact_match,5,,,6527776,,40508.634677301,False,True,False,481,1,0c9672de35c75a9d,221a3a7,False,0.9787838867031942,"[0.9644243680594748, 0.9931434053469134]",490,569,6527776,ffb0266c7913352c,staged_polynomial_basis_with_constant,"[[""1"",""u1"",""u2"",""u1^2"",""u1*u2""],[""1"",""u1"",""u2"",""u2^2""]]","[[""1"",""u1"",""u2"",""u1^2"",""u1*u2""],[""1"",""u1"",""u2"",""u2^2""]]","[[{""term"":""1"",""term_index"":1,""coefficient"":0.020689154423611963},{""term"":""u1"",""term_index"":2,""coefficient"":-1.5057540021054479},{""term"":""u2"",""term_index"":3,""coefficient"":-0.20557664797114641},{""term"":""u1^2"",""term_index"":4,""coefficient"":-3.4819482939593698},{""term"":""u1*u2"",""term_index"":6,""coefficient"":5.014342195139046}],[{""term"":""1"",""term_index"":1,""coefficient"":0.3028746123150921},{""term"":""u1"",""term_index"":2,""coefficient"":-0.9605212123371767},{""term"":""u2"",""term_index"":3,""coefficient"":-0.036993682501012926},{""term"":""u2^2"",""term_index"":5,""coefficient"":0.026140512937235294}]]",capped,False,3,30,24,,"[5,5]","[5,null]","[""Success"",""Unstable"",""MaxIters""]","[""Success"",""Failure"",""MaxLossEvals""]",206893,211562,0,206893,4669,409,275,0.0,0.0,0.0,0.0,0.0,0.0,,,0,2,9,0,0,0,9,0.0,0.0,0.0
482_evogrow_v2_2_stage_local_41_1_42,paper1_phaseC_v1,C,,campaign_cell,,41,Cell cycle model by Tyson for interaction between protein cdc2 and cyclin (dimensionless),2,surrogate,,evogrow_v2_2_stage_local,evogrow_v2_2_stage_local,42,finished,finished,True,,,2026-09-23T11:19:38.795Z,0.0012079079095971,,,,,pruned_support_terms_exact_match,5,,,6527776,,29989.780948611,False,True,False,482,1,0c9672de35c75a9d,221a3a7,False,0.9787838867031942,"[0.9644243680594748, 0.9931434053469134]",490,569,6527776,ffb0266c7913352c,staged_polynomial_basis_with_constant,"[[""1"",""u1"",""u2"",""u1^2"",""u1*u2""],[""1"",""u1"",""u2"",""u2^2""]]","[[""1"",""u1"",""u2"",""u1^2"",""u1*u2""],[""1"",""u1"",""u2"",""u2^2""]]","[[{""term"":""1"",""term_index"":1,""coefficient"":0.020689154423611963},{""term"":""u1"",""term_index"":2,""coefficient"":-1.5057540021054479},{""term"":""u2"",""term_index"":3,""coefficient"":-0.20557664797114641},{""term"":""u1^2"",""term_index"":4,""coefficient"":-3.4819482939593698},{""term"":""u1*u2"",""term_index"":6,""coefficient"":5.014342195139046}],[{""term"":""1"",""term_index"":1,""coefficient"":0.3028746123150921},{""term"":""u1"",""term_index"":2,""coefficient"":-0.9605212123371767},{""term"":""u2"",""term_index"":3,""coefficient"":-0.036993682501012926},{""term"":""u2^2"",""term_index"":5,""coefficient"":0.026140512937235294}]]",uncapped,False,3,30,24,,,,"[""Success"",""Unstable"",""MaxIters""]","[""Success"",""Failure"",""MaxLossEvals""]",206893,211562,0,206893,4669,409,275,0.0,0.0,0.0,0.0,0.0,0.0,,,0,2,9,0,0,0,9,0.0,0.0,0.0
483_evogrow_v2_2_stage_capped_41_1_123,paper1_phaseC_v1,C,,campaign_cell,,41,Cell cycle model by Tyson for interaction between protein cdc2 and cyclin (dimensionless),2,surrogate,,evogrow_v2_2_stage_capped,evogrow_v2_2_stage_capped,123,finished,finished,True,,,2026-09-23T11:28:55.536Z,0.0012749918797268,,,,,pruned_support_terms_exact_match,5,,,7286680,,11494.332416622,False,True,False,483,1,0c9672de35c75a9d,221a3a7,False,0.9774858114560888,"[0.961741453183107, 0.9932301697290704]",530,623,7286680,ffb0266c7913352c,staged_polynomial_basis_with_constant,"[[""1"",""u1"",""u2"",""u1^2"",""u1*u2""],[""1"",""u1"",""u2"",""u2^2""]]","[[""1"",""u1"",""u2"",""u1^2"",""u1*u2""],[""1"",""u1"",""u2"",""u2^2""]]","[[{""term"":""1"",""term_index"":1,""coefficient"":0.1449505728578862},{""term"":""u1"",""term_index"":2,""coefficient"":-1.6465334238969085},{""term"":""u2"",""term_index"":3,""coefficient"":-0.5489955616176974},{""term"":""u1^2"",""term_index"":4,""coefficient"":-3.831343706792328},{""term"":""u1*u2"",""term_index"":6,""coefficient"":6.058853640826235}],[{""term"":""1"",""term_index"":1,""coefficient"":0.3404702876360895},{""term"":""u1"",""term_index"":2,""coefficient"":-0.9527664224442147},{""term"":""u2"",""term_index"":3,""coefficient"":-0.10568782396095384},{""term"":""u2^2"",""term_index"":5,""coefficient"":0.08718451745249292}]]",capped,False,3,30,26,,"[5,5]","[5,null]","[""Success"",""Unstable"",""MaxIters""]","[""Success"",""Failure"",""MaxLossEvals""]",232052,233235,0,232052,1183,452,312,0.0,0.0,0.0,0.0,0.0,0.0,,,0,2,9,0,0,0,9,0.0,0.0,0.0
484_evogrow_v2_2_stage_local_41_1_123,paper1_phaseC_v1,C,,campaign_cell,,41,Cell cycle model by Tyson for interaction between protein cdc2 and cyclin (dimensionless),2,surrogate,,evogrow_v2_2_stage_local,evogrow_v2_2_stage_local,123,finished,finished,True,,,2026-09-23T11:37:18.576Z,0.0012749918797268,,,,,pruned_support_terms_exact_match,5,,,7286680,,15109.238440475,False,True,False,484,1,0c9672de35c75a9d,221a3a7,False,0.9774858114560888,"[0.961741453183107, 0.9932301697290704]",530,623,7286680,ffb0266c7913352c,staged_polynomial_basis_with_constant,"[[""1"",""u1"",""u2"",""u1^2"",""u1*u2""],[""1"",""u1"",""u2"",""u2^2""]]","[[""1"",""u1"",""u2"",""u1^2"",""u1*u2""],[""1"",""u1"",""u2"",""u2^2""]]","[[{""term"":""1"",""term_index"":1,""coefficient"":0.1449505728578862},{""term"":""u1"",""term_index"":2,""coefficient"":-1.6465334238969085},{""term"":""u2"",""term_index"":3,""coefficient"":-0.5489955616176974},{""term"":""u1^2"",""term_index"":4,""coefficient"":-3.831343706792328},{""term"":""u1*u2"",""term_index"":6,""coefficient"":6.058853640826235}],[{""term"":""1"",""term_index"":1,""coefficient"":0.3404702876360895},{""term"":""u1"",""term_index"":2,""coefficient"":-0.9527664224442147},{""term"":""u2"",""term_index"":3,""coefficient"":-0.10568782396095384},{""term"":""u2^2"",""term_index"":5,""coefficient"":0.08718451745249292}]]",uncapped,False,3,30,26,,,,"[""Success"",""Unstable"",""MaxIters""]","[""Success"",""Failure"",""MaxLossEvals""]",232052,233235,0,232052,1183,452,312,0.0,0.0,0.0,0.0,0.0,0.0,,,0,2,9,0,0,0,9,0.0,0.0,0.0
485_evogrow_v2_2_stage_capped_41_1_7,paper1_phaseC_v1,C,,campaign_cell,,41,Cell cycle model by Tyson for interaction between protein cdc2 and cyclin (dimensionless),2,surrogate,,evogrow_v2_2_stage_capped,evogrow_v2_2_stage_capped,7,finished,finished,True,,,2026-09-23T14:25:01.499Z,0.0008445825973068,,,,,pruned_support_terms_exact_match,5,,,7133629,,5961.695602904,False,True,False,485,1,0c9672de35c75a9d,221a3a7,False,0.9844600135098108,"[0.9709607394103492, 0.9979592876092724]",510,607,7133629,ffb0266c7913352c,staged_polynomial_basis_with_constant,"[[""1"",""u1"",""u2"",""u1^2"",""u1*u2""],[""1"",""u1"",""u2"",""u2^2""]]","[[""1"",""u1"",""u2"",""u1^2"",""u1*u2""],[""1"",""u1"",""u2"",""u2^2""]]","[[{""term"":""1"",""term_index"":1,""coefficient"":0.011627101547445458},{""term"":""u1"",""term_index"":2,""coefficient"":-0.9878571916565302},{""term"":""u2"",""term_index"":3,""coefficient"":-0.33736230220500585},{""term"":""u1^2"",""term_index"":4,""coefficient"":-4.249759110249072},{""term"":""u1*u2"",""term_index"":6,""coefficient"":5.282954642181472}],[{""term"":""1"",""term_index"":1,""coefficient"":0.38417246454418547},{""term"":""u1"",""term_index"":2,""coefficient"":-1.0150148557241812},{""term"":""u2"",""term_index"":3,""coefficient"":-0.20722882076807042},{""term"":""u2^2"",""term_index"":5,""coefficient"":0.14118936120819575}]]",capped,False,3,30,25,,"[5,5]","[5,null]","[""Success"",""Unstable"",""MaxIters""]","[""Success"",""Failure"",""MaxLossEvals""]",223603,224162,0,223603,559,446,302,0.0,0.0,0.0,0.0,0.0,0.0,,,0,2,9,0,0,0,9,0.0,0.0,0.0
486_evogrow_v2_2_stage_local_41_1_7,paper1_phaseC_v1,C,,campaign_cell,,41,Cell cycle model by Tyson for interaction between protein cdc2 and cyclin (dimensionless),2,surrogate,,evogrow_v2_2_stage_local,evogrow_v2_2_stage_local,7,finished,finished,True,,,2026-09-23T14:41:31.813Z,0.0008445825973068,,,,,pruned_support_terms_exact_match,5,,,7133629,,8724.567596817,False,True,False,486,1,0c9672de35c75a9d,221a3a7,False,0.9844600135098108,"[0.9709607394103492, 0.9979592876092724]",510,607,7133629,ffb0266c7913352c,staged_polynomial_basis_with_constant,"[[""1"",""u1"",""u2"",""u1^2"",""u1*u2""],[""1"",""u1"",""u2"",""u2^2""]]","[[""1"",""u1"",""u2"",""u1^2"",""u1*u2""],[""1"",""u1"",""u2"",""u2^2""]]","[[{""term"":""1"",""term_index"":1,""coefficient"":0.011627101547445458},{""term"":""u1"",""term_index"":2,""coefficient"":-0.9878571916565302},{""term"":""u2"",""term_index"":3,""coefficient"":-0.33736230220500585},{""term"":""u1^2"",""term_index"":4,""coefficient"":-4.249759110249072},{""term"":""u1*u2"",""term_index"":6,""coefficient"":5.282954642181472}],[{""term"":""1"",""term_index"":1,""coefficient"":0.38417246454418547},{""term"":""u1"",""term_index"":2,""coefficient"":-1.0150148557241812},{""term"":""u2"",""term_index"":3,""coefficient"":-0.20722882076807042},{""term"":""u2^2"",""term_index"":5,""coefficient"":0.14118936120819575}]]",uncapped,False,3,30,25,,,,"[""Success"",""Unstable"",""MaxIters""]","[""Success"",""Failure"",""MaxLossEvals""]",223603,224162,0,223603,559,446,302,0.0,0.0,0.0,0.0,0.0,0.0,,,0,2,9,0,0,0,9,0.0,0.0,0.0
487_evogrow_v2_2_stage_capped_41_2_42,paper1_phaseC_v1,C,,campaign_cell,,41,Cell cycle model by Tyson for interaction between protein cdc2 and cyclin (dimensionless),2,surrogate,,evogrow_v2_2_stage_capped,evogrow_v2_2_stage_capped,42,finished,finished,True,,,2026-09-23T15:04:42.403Z,0.0049211910153187,,,,,pruned_support_terms_exact_match,5,,,7918949,,7681.384678359,False,True,False,487,2,0c9672de35c75a9d,221a3a7,False,0.9659036217397206,"[0.9368261585455921, 0.9949810849338491]",550,681,7918949,ffb0266c7913352c,staged_polynomial_basis_with_constant,"[[""1"",""u1"",""u2"",""u1^2"",""u2^2"",""u1*u2""],[""1"",""u1"",""u1^2"",""u2^2""]]","[[""1"",""u1"",""u2"",""u1^2"",""u2^2"",""u1*u2""],[""1"",""u1"",""u1^2"",""u2^2""]]","[[{""term"":""1"",""term_index"":1,""coefficient"":0.28265986476308136},{""term"":""u1"",""term_index"":2,""coefficient"":-0.9979192431818756},{""term"":""u2"",""term_index"":3,""coefficient"":-0.7513002238116573},{""term"":""u1^2"",""term_index"":4,""coefficient"":-2.6408455903281443},{""term"":""u2^2"",""term_index"":5,""coefficient"":0.379591978719013},{""term"":""u1*u2"",""term_index"":6,""coefficient"":3.0798916246025234}],[{""term"":""1"",""term_index"":1,""coefficient"":0.10552244462903557},{""term"":""u1"",""term_index"":2,""coefficient"":-0.263910496488817},{""term"":""u1^2"",""term_index"":4,""coefficient"":-0.6553645964086343},{""term"":""u2^2"",""term_index"":5,""coefficient"":0.07076087846547632}]]",capped,False,3,30,27,,"[5,5]","[null,null]","[""Success"",""Unstable"",""MaxIters""]","[""Success"",""Failure"",""MaxLossEvals""]",180159,180703,0,180159,544,489,337,0.0,0.0,0.0,0.0,0.0,0.0,,,0,2,10,0,0,0,10,0.0,0.0,0.0
488_evogrow_v2_2_stage_local_41_2_42,paper1_phaseC_v1,C,,campaign_cell,,41,Cell cycle model by Tyson for interaction between protein cdc2 and cyclin (dimensionless),2,surrogate,,evogrow_v2_2_stage_local,evogrow_v2_2_stage_local,42,finished,finished,True,,,2026-09-23T15:10:41.869Z,0.0049211910153187,,,,,pruned_support_terms_exact_match,5,,,7918949,,7683.90485264,False,True,False,488,2,0c9672de35c75a9d,221a3a7,False,0.9659036217397206,"[0.9368261585455921, 0.9949810849338491]",550,681,7918949,ffb0266c7913352c,staged_polynomial_basis_with_constant,"[[""1"",""u1"",""u2"",""u1^2"",""u2^2"",""u1*u2""],[""1"",""u1"",""u1^2"",""u2^2""]]","[[""1"",""u1"",""u2"",""u1^2"",""u2^2"",""u1*u2""],[""1"",""u1"",""u1^2"",""u2^2""]]","[[{""term"":""1"",""term_index"":1,""coefficient"":0.28265986476308136},{""term"":""u1"",""term_index"":2,""coefficient"":-0.9979192431818756},{""term"":""u2"",""term_index"":3,""coefficient"":-0.7513002238116573},{""term"":""u1^2"",""term_index"":4,""coefficient"":-2.6408455903281443},{""term"":""u2^2"",""term_index"":5,""coefficient"":0.379591978719013},{""term"":""u1*u2"",""term_index"":6,""coefficient"":3.0798916246025234}],[{""term"":""1"",""term_index"":1,""coefficient"":0.10552244462903557},{""term"":""u1"",""term_index"":2,""coefficient"":-0.263910496488817},{""term"":""u1^2"",""term_index"":4,""coefficient"":-0.6553645964086343},{""term"":""u2^2"",""term_index"":5,""coefficient"":0.07076087846547632}]]",uncapped,False,3,30,27,,,,"[""Success"",""Unstable"",""MaxIters""]","[""Success"",""Failure"",""MaxLossEvals""]",180159,180703,0,180159,544,489,337,0.0,0.0,0.0,0.0,0.0,0.0,,,0,2,10,0,0,0,10,0.0,0.0,0.0
489_evogrow_v2_2_stage_capped_41_2_123,paper1_phaseC_v1,C,,campaign_cell,,41,Cell cycle model by Tyson for interaction between protein cdc2 and cyclin (dimensionless),2,surrogate,,evogrow_v2_2_stage_capped,evogrow_v2_2_stage_capped,123,finished,finished,True,,,2026-09-23T15:15:50.227Z,0.0044470807892519,,,,,pruned_support_terms_exact_match,5,,,7309553,,35480.242970008,False,True,False,489,2,0c9672de35c75a9d,221a3a7,False,0.9697857269548184,"[0.9452862020044698, 0.9942852519051669]",510,629,7309553,ffb0266c7913352c,staged_polynomial_basis_with_constant,"[[""1"",""u1"",""u2"",""u1^2"",""u2^2"",""u1*u2""],[""1"",""u1"",""u1^2"",""u2^2"",""u2^3""]]","[[""1"",""u1"",""u2"",""u1^2"",""u2^2"",""u1*u2""],[""1"",""u1"",""u1^2"",""u2^2"",""u2^3""]]","[[{""term"":""1"",""term_index"":1,""coefficient"":0.23534951941078194},{""term"":""u1"",""term_index"":2,""coefficient"":-0.9001360096268559},{""term"":""u2"",""term_index"":3,""coefficient"":-0.6583354861563423},{""term"":""u1^2"",""term_index"":4,""coefficient"":-2.6550779378159186},{""term"":""u2^2"",""term_index"":5,""coefficient"":0.33435433204819637},{""term"":""u1*u2"",""term_index"":6,""coefficient"":3.077724110346225}],[{""term"":""1"",""term_index"":1,""coefficient"":0.053457539817565465},{""term"":""u1"",""term_index"":2,""coefficient"":-0.05779364098986639},{""term"":""u1^2"",""term_index"":4,""coefficient"":-0.8059071371985771},{""term"":""u2^2"",""term_index"":5,""coefficient"":0.1727761410935573},{""term"":""u2^3"",""term_index"":8,""coefficient"":-0.0498053750417095}]]",capped,False,3,30,25,,"[5,5]","[null,null]","[""Success"",""Unstable"",""MaxIters""]","[""Success"",""Failure"",""MaxLossEvals""]",158266,163495,0,158266,5229,467,316,0.0,0.0,0.0,0.0,0.0,0.0,,,0,2,11,0,0,0,11,0.0,0.0,0.0
490_evogrow_v2_2_stage_local_41_2_123,paper1_phaseC_v1,C,,campaign_cell,,41,Cell cycle model by Tyson for interaction between protein cdc2 and cyclin (dimensionless),2,surrogate,,evogrow_v2_2_stage_local,evogrow_v2_2_stage_local,123,finished,finished,True,,,2026-09-23T15:50:18.004Z,0.0044470807892519,,,,,pruned_support_terms_exact_match,5,,,7309553,,49469.474678149,False,True,False,490,2,0c9672de35c75a9d,221a3a7,False,0.9697857269548184,"[0.9452862020044698, 0.9942852519051669]",510,629,7309553,ffb0266c7913352c,staged_polynomial_basis_with_constant,"[[""1"",""u1"",""u2"",""u1^2"",""u2^2"",""u1*u2""],[""1"",""u1"",""u1^2"",""u2^2"",""u2^3""]]","[[""1"",""u1"",""u2"",""u1^2"",""u2^2"",""u1*u2""],[""1"",""u1"",""u1^2"",""u2^2"",""u2^3""]]","[[{""term"":""1"",""term_index"":1,""coefficient"":0.23534951941078194},{""term"":""u1"",""term_index"":2,""coefficient"":-0.9001360096268559},{""term"":""u2"",""term_index"":3,""coefficient"":-0.6583354861563423},{""term"":""u1^2"",""term_index"":4,""coefficient"":-2.6550779378159186},{""term"":""u2^2"",""term_index"":5,""coefficient"":0.33435433204819637},{""term"":""u1*u2"",""term_index"":6,""coefficient"":3.077724110346225}],[{""term"":""1"",""term_index"":1,""coefficient"":0.053457539817565465},{""term"":""u1"",""term_index"":2,""coefficient"":-0.05779364098986639},{""term"":""u1^2"",""term_index"":4,""coefficient"":-0.8059071371985771},{""term"":""u2^2"",""term_index"":5,""coefficient"":0.1727761410935573},{""term"":""u2^3"",""term_index"":8,""coefficient"":-0.0498053750417095}]]",uncapped,False,3,30,25,,,,"[""Success"",""Unstable"",""MaxIters""]","[""Success"",""Failure"",""MaxLossEvals""]",158266,163495,0,158266,5229,467,316,0.0,0.0,0.0,0.0,0.0,0.0,,,0,2,11,0,0,0,11,0.0,0.0,0.0
491_evogrow_v2_2_stage_capped_41_2_7,paper1_phaseC_v1,C,,campaign_cell,,41,Cell cycle model by Tyson for interaction between protein cdc2 and cyclin (dimensionless),2,surrogate,,evogrow_v2_2_stage_capped,evogrow_v2_2_stage_capped,7,finished,finished,True,,,2026-09-23T15:57:07.170Z,0.0045843983168526,,,,,pruned_support_terms_exact_match,5,,,6861035,,14193.704637102,False,True,False,491,2,0c9672de35c75a9d,221a3a7,False,0.968592781477314,"[0.9425633852473069, 0.9946221777073209]",490,609,6861035,ffb0266c7913352c,staged_polynomial_basis_with_constant,"[[""1"",""u1"",""u2"",""u1^2"",""u2^2"",""u1*u2""],[""1"",""u1"",""u1^2"",""u2^2"",""u1*u2""]]","[[""1"",""u1"",""u2"",""u1^2"",""u2^2"",""u1*u2""],[""1"",""u1"",""u1^2"",""u2^2"",""u1*u2""]]","[[{""term"":""1"",""term_index"":1,""coefficient"":0.6845141878178792},{""term"":""u1"",""term_index"":2,""coefficient"":-2.245789483778456},{""term"":""u2"",""term_index"":3,""coefficient"":-0.9612209993218527},{""term"":""u1^2"",""term_index"":4,""coefficient"":-2.3449193866562488},{""term"":""u2^2"",""term_index"":5,""coefficient"":0.29719175506179435},{""term"":""u1*u2"",""term_index"":6,""coefficient"":4.021469648669021}],[{""term"":""1"",""term_index"":1,""coefficient"":0.17300838194020923},{""term"":""u1"",""term_index"":2,""coefficient"":-0.4347914830677207},{""term"":""u1^2"",""term_index"":4,""coefficient"":-0.2316514668673218},{""term"":""u2^2"",""term_index"":5,""coefficient"":0.05146286576118082},{""term"":""u1*u2"",""term_index"":6,""coefficient"":-0.22280183527431036}]]",capped,False,3,30,24,,"[5,5]","[null,null]","[""Success"",""Unstable"",""MaxIters""]","[""Success"",""Failure"",""MaxLossEvals""]",154510,155560,0,154510,1050,453,295,0.0,0.0,0.0,0.0,0.0,0.0,,,0,2,11,0,0,0,11,0.0,0.0,0.0
492_evogrow_v2_2_stage_local_41_2_7,paper1_phaseC_v1,C,,campaign_cell,,41,Cell cycle model by Tyson for interaction between protein cdc2 and cyclin (dimensionless),2,surrogate,,evogrow_v2_2_stage_local,evogrow_v2_2_stage_local,7,finished,finished,True,,,2026-09-23T16:05:14.228Z,0.0045843983168526,,,,,pruned_support_terms_exact_match,5,,,6861035,,10529.61922026,False,True,False,492,2,0c9672de35c75a9d,221a3a7,False,0.968592781477314,"[0.9425633852473069, 0.9946221777073209]",490,609,6861035,ffb0266c7913352c,staged_polynomial_basis_with_constant,"[[""1"",""u1"",""u2"",""u1^2"",""u2^2"",""u1*u2""],[""1"",""u1"",""u1^2"",""u2^2"",""u1*u2""]]","[[""1"",""u1"",""u2"",""u1^2"",""u2^2"",""u1*u2""],[""1"",""u1"",""u1^2"",""u2^2"",""u1*u2""]]","[[{""term"":""1"",""term_index"":1,""coefficient"":0.6845141878178792},{""term"":""u1"",""term_index"":2,""coefficient"":-2.245789483778456},{""term"":""u2"",""term_index"":3,""coefficient"":-0.9612209993218527},{""term"":""u1^2"",""term_index"":4,""coefficient"":-2.3449193866562488},{""term"":""u2^2"",""term_index"":5,""coefficient"":0.29719175506179435},{""term"":""u1*u2"",""term_index"":6,""coefficient"":4.021469648669021}],[{""term"":""1"",""term_index"":1,""coefficient"":0.17300838194020923},{""term"":""u1"",""term_index"":2,""coefficient"":-0.4347914830677207},{""term"":""u1^2"",""term_index"":4,""coefficient"":-0.2316514668673218},{""term"":""u2^2"",""term_index"":5,""coefficient"":0.05146286576118082},{""term"":""u1*u2"",""term_index"":6,""coefficient"":-0.22280183527431036}]]",uncapped,False,3,30,24,,,,"[""Success"",""Unstable"",""MaxIters""]","[""Success"",""Failure"",""MaxLossEvals""]",154510,155560,0,154510,1050,453,295,0.0,0.0,0.0,0.0,0.0,0.0,,,0,2,11,0,0,0,11,0.0,0.0,0.0
493_evogrow_v2_2_stage_capped_42_1_42,paper1_phaseC_v1,C,,campaign_cell,,42,Reduced model for chlorine dioxide-iodine-malonic acid rection (dimensionless),2,surrogate,,evogrow_v2_2_stage_capped,evogrow_v2_2_stage_capped,42,finished,finished,True,,,2026-09-23T16:58:45.390Z,0.0716040339450582,,,,,pruned_support_terms_exact_match,5,,,6445095,,29012.153206193,False,True,False,493,1,0c9672de35c75a9d,221a3a7,False,0.9599134701858952,"[0.9356829247493536, 0.984144015622437]",610,661,6445095,ffb0266c7913352c,staged_polynomial_basis_with_constant,"[[""1"",""u1"",""u2"",""u1^2"",""u2^2"",""u1*u2""],[""1"",""u1"",""u2"",""u1^2"",""u2^2"",""u1^3""]]","[[""1"",""u1"",""u2"",""u1^2"",""u2^2"",""u1*u2""],[""1"",""u1"",""u2"",""u1^2"",""u2^2"",""u1^3""]]","[[{""term"":""1"",""term_index"":1,""coefficient"":5.123592447910989},{""term"":""u1"",""term_index"":2,""coefficient"":0.4619617388060145},{""term"":""u2"",""term_index"":3,""coefficient"":-1.4134050495213129},{""term"":""u1^2"",""term_index"":4,""coefficient"":0.17253432695285711},{""term"":""u2^2"",""term_index"":5,""coefficient"":0.08013786345410553},{""term"":""u1*u2"",""term_index"":6,""coefficient"":-0.2453613209649359}],[{""term"":""1"",""term_index"":1,""coefficient"":1.5584676945496179},{""term"":""u1"",""term_index"":2,""coefficient"":-1.631651129080374},{""term"":""u2"",""term_index"":3,""coefficient"":-1.0272169629932628},{""term"":""u1^2"",""term_index"":4,""coefficient"":1.7980146101181675},{""term"":""u2^2"",""term_index"":5,""coefficient"":0.0602741899263895},{""term"":""u1^3"",""term_index"":7,""coefficient"":-0.24546149738155634}]]",capped,False,3,30,30,,"[5,5]","[null,null]","[""Success"",""Unstable"",""MaxIters""]","[""Success"",""Failure"",""MaxLossEvals""]",615294,619063,0,615294,3769,547,149,0.0,0.0,0.0,0.0,0.0,0.0,,,0,2,12,0,0,0,12,0.0,0.0,0.0
494_evogrow_v2_2_stage_local_42_1_42,paper1_phaseC_v1,C,,campaign_cell,,42,Reduced model for chlorine dioxide-iodine-malonic acid rection (dimensionless),2,surrogate,,evogrow_v2_2_stage_local,evogrow_v2_2_stage_local,42,finished,finished,True,,,2026-09-23T17:07:50.758Z,0.0716040339450582,,,,,pruned_support_terms_exact_match,5,,,6445095,,29350.970626387,False,True,False,494,1,0c9672de35c75a9d,221a3a7,False,0.9599134701858952,"[0.9356829247493536, 0.984144015622437]",610,661,6445095,ffb0266c7913352c,staged_polynomial_basis_with_constant,"[[""1"",""u1"",""u2"",""u1^2"",""u2^2"",""u1*u2""],[""1"",""u1"",""u2"",""u1^2"",""u2^2"",""u1^3""]]","[[""1"",""u1"",""u2"",""u1^2"",""u2^2"",""u1*u2""],[""1"",""u1"",""u2"",""u1^2"",""u2^2"",""u1^3""]]","[[{""term"":""1"",""term_index"":1,""coefficient"":5.123592447910989},{""term"":""u1"",""term_index"":2,""coefficient"":0.4619617388060145},{""term"":""u2"",""term_index"":3,""coefficient"":-1.4134050495213129},{""term"":""u1^2"",""term_index"":4,""coefficient"":0.17253432695285711},{""term"":""u2^2"",""term_index"":5,""coefficient"":0.08013786345410553},{""term"":""u1*u2"",""term_index"":6,""coefficient"":-0.2453613209649359}],[{""term"":""1"",""term_index"":1,""coefficient"":1.5584676945496179},{""term"":""u1"",""term_index"":2,""coefficient"":-1.631651129080374},{""term"":""u2"",""term_index"":3,""coefficient"":-1.0272169629932628},{""term"":""u1^2"",""term_index"":4,""coefficient"":1.7980146101181675},{""term"":""u2^2"",""term_index"":5,""coefficient"":0.0602741899263895},{""term"":""u1^3"",""term_index"":7,""coefficient"":-0.24546149738155634}]]",uncapped,False,3,30,30,,,,"[""Success"",""Unstable"",""MaxIters""]","[""Success"",""Failure"",""MaxLossEvals""]",615294,619063,0,615294,3769,547,149,0.0,0.0,0.0,0.0,0.0,0.0,,,0,2,12,0,0,0,12,0.0,0.0,0.0
495_evogrow_v2_2_stage_capped_42_1_123,paper1_phaseC_v1,C,,campaign_cell,,42,Reduced model for chlorine dioxide-iodine-malonic acid rection (dimensionless),2,surrogate,,evogrow_v2_2_stage_capped,evogrow_v2_2_stage_capped,123,finished,finished,True,,,2026-09-23T17:13:37.456Z,0.1043156262379417,,,,,pruned_support_terms_exact_match,5,,,6434669,,19016.010090304,False,True,False,495,1,0c9672de35c75a9d,221a3a7,False,0.94621453244813,"[0.9263124893770638, 0.9661165755191964]",590,639,6434669,ffb0266c7913352c,staged_polynomial_basis_with_constant,"[[""1"",""u1"",""u2"",""u1^2"",""u2^2"",""u1*u2""],[""1"",""u1"",""u2"",""u1^2"",""u2^2"",""u1*u2""]]","[[""1"",""u1"",""u2"",""u1^2"",""u2^2"",""u1*u2""],[""1"",""u1"",""u2"",""u1^2"",""u2^2"",""u1*u2""]]","[[{""term"":""1"",""term_index"":1,""coefficient"":4.686253092373743},{""term"":""u1"",""term_index"":2,""coefficient"":0.15445436224421027},{""term"":""u2"",""term_index"":3,""coefficient"":-1.0866349411277998},{""term"":""u1^2"",""term_index"":4,""coefficient"":0.31719777934693894},{""term"":""u2^2"",""term_index"":5,""coefficient"":0.05012925994067594},{""term"":""u1*u2"",""term_index"":6,""coefficient"":-0.30127381953826254}],[{""term"":""1"",""term_index"":1,""coefficient"":-1.2753471978578668},{""term"":""u1"",""term_index"":2,""coefficient"":3.0514887574152914},{""term"":""u2"",""term_index"":3,""coefficient"":-1.0835286314728207},{""term"":""u1^2"",""term_index"":4,""coefficient"":0.03480570532487442},{""term"":""u2^2"",""term_index"":5,""coefficient"":0.12722076751107828},{""term"":""u1*u2"",""term_index"":6,""coefficient"":-0.28436889951401945}]]",capped,False,3,30,29,,"[5,5]","[null,null]","[""Success"",""Unstable"",""MaxIters""]","[""Success"",""Failure"",""MaxLossEvals""]",619368,622353,0,619368,2985,536,151,0.0,0.0,0.0,0.0,0.0,0.0,,,0,2,12,0,0,0,12,0.0,0.0,0.0
496_evogrow_v2_2_stage_local_42_1_123,paper1_phaseC_v1,C,,campaign_cell,,42,Reduced model for chlorine dioxide-iodine-malonic acid rection (dimensionless),2,surrogate,,evogrow_v2_2_stage_local,evogrow_v2_2_stage_local,123,finished,finished,True,,,2026-09-23T17:19:36.958Z,0.1043156262379417,,,,,pruned_support_terms_exact_match,5,,,6434669,,19091.100446089,False,True,False,496,1,0c9672de35c75a9d,221a3a7,False,0.94621453244813,"[0.9263124893770638, 0.9661165755191964]",590,639,6434669,ffb0266c7913352c,staged_polynomial_basis_with_constant,"[[""1"",""u1"",""u2"",""u1^2"",""u2^2"",""u1*u2""],[""1"",""u1"",""u2"",""u1^2"",""u2^2"",""u1*u2""]]","[[""1"",""u1"",""u2"",""u1^2"",""u2^2"",""u1*u2""],[""1"",""u1"",""u2"",""u1^2"",""u2^2"",""u1*u2""]]","[[{""term"":""1"",""term_index"":1,""coefficient"":4.686253092373743},{""term"":""u1"",""term_index"":2,""coefficient"":0.15445436224421027},{""term"":""u2"",""term_index"":3,""coefficient"":-1.0866349411277998},{""term"":""u1^2"",""term_index"":4,""coefficient"":0.31719777934693894},{""term"":""u2^2"",""term_index"":5,""coefficient"":0.05012925994067594},{""term"":""u1*u2"",""term_index"":6,""coefficient"":-0.30127381953826254}],[{""term"":""1"",""term_index"":1,""coefficient"":-1.2753471978578668},{""term"":""u1"",""term_index"":2,""coefficient"":3.0514887574152914},{""term"":""u2"",""term_index"":3,""coefficient"":-1.0835286314728207},{""term"":""u1^2"",""term_index"":4,""coefficient"":0.03480570532487442},{""term"":""u2^2"",""term_index"":5,""coefficient"":0.12722076751107828},{""term"":""u1*u2"",""term_index"":6,""coefficient"":-0.28436889951401945}]]",uncapped,False,3,30,29,,,,"[""Success"",""Unstable"",""MaxIters""]","[""Success"",""Failure"",""MaxLossEvals""]",619368,622353,0,619368,2985,536,151,0.0,0.0,0.0,0.0,0.0,0.0,,,0,2,12,0,0,0,12,0.0,0.0,0.0
497_evogrow_v2_2_stage_capped_42_1_7,paper1_phaseC_v1,C,,campaign_cell,,42,Reduced model for chlorine dioxide-iodine-malonic acid rection (dimensionless),2,surrogate,,evogrow_v2_2_stage_capped,evogrow_v2_2_stage_capped,7,finished,finished,True,,,2026-09-23T17:37:21.104Z,0.1043156262524597,,,,,pruned_support_terms_exact_match,5,,,6498213,,18844.432403226,False,True,False,497,1,0c9672de35c75a9d,221a3a7,False,0.9462145098332015,"[0.9263123913162904, 0.9661166283501127]",590,644,6498213,ffb0266c7913352c,staged_polynomial_basis_with_constant,"[[""1"",""u1"",""u2"",""u1^2"",""u2^2"",""u1*u2""],[""1"",""u1"",""u2"",""u1^2"",""u2^2"",""u1*u2""]]","[[""1"",""u1"",""u2"",""u1^2"",""u2^2"",""u1*u2""],[""1"",""u1"",""u2"",""u1^2"",""u2^2"",""u1*u2""]]","[[{""term"":""1"",""term_index"":1,""coefficient"":4.686209582307841},{""term"":""u1"",""term_index"":2,""coefficient"":0.15448483005003505},{""term"":""u2"",""term_index"":3,""coefficient"":-1.086628922368769},{""term"":""u1^2"",""term_index"":4,""coefficient"":0.3171977509543667},{""term"":""u2^2"",""term_index"":5,""coefficient"":0.05012976121820939},{""term"":""u1*u2"",""term_index"":6,""coefficient"":-0.30127975870548196}],[{""term"":""1"",""term_index"":1,""coefficient"":-1.27531166856331},{""term"":""u1"",""term_index"":2,""coefficient"":3.0514982472771615},{""term"":""u2"",""term_index"":3,""coefficient"":-1.0835469377113267},{""term"":""u1^2"",""term_index"":4,""coefficient"":0.03480280670680493},{""term"":""u2^2"",""term_index"":5,""coefficient"":0.12722244229073318},{""term"":""u1*u2"",""term_index"":6,""coefficient"":-0.2843681497692796}]]",capped,False,3,30,29,,"[5,5]","[null,null]","[""Success"",""Unstable"",""MaxIters""]","[""Failure"",""Success"",""MaxLossEvals""]",609708,612500,0,609708,2792,537,171,0.0,0.0,0.0,0.0,0.0,0.0,,,0,2,12,0,0,0,12,0.0,0.0,0.0
498_evogrow_v2_2_stage_local_42_1_7,paper1_phaseC_v1,C,,campaign_cell,,42,Reduced model for chlorine dioxide-iodine-malonic acid rection (dimensionless),2,surrogate,,evogrow_v2_2_stage_local,evogrow_v2_2_stage_local,7,finished,finished,True,,,2026-09-23T18:15:27.262Z,0.1043156262524597,,,,,pruned_support_terms_exact_match,5,,,6498213,,26570.549075167,False,True,False,498,1,0c9672de35c75a9d,221a3a7,False,0.9462145098332015,"[0.9263123913162904, 0.9661166283501127]",590,644,6498213,ffb0266c7913352c,staged_polynomial_basis_with_constant,"[[""1"",""u1"",""u2"",""u1^2"",""u2^2"",""u1*u2""],[""1"",""u1"",""u2"",""u1^2"",""u2^2"",""u1*u2""]]","[[""1"",""u1"",""u2"",""u1^2"",""u2^2"",""u1*u2""],[""1"",""u1"",""u2"",""u1^2"",""u2^2"",""u1*u2""]]","[[{""term"":""1"",""term_index"":1,""coefficient"":4.686209582307841},{""term"":""u1"",""term_index"":2,""coefficient"":0.15448483005003505},{""term"":""u2"",""term_index"":3,""coefficient"":-1.086628922368769},{""term"":""u1^2"",""term_index"":4,""coefficient"":0.3171977509543667},{""term"":""u2^2"",""term_index"":5,""coefficient"":0.05012976121820939},{""term"":""u1*u2"",""term_index"":6,""coefficient"":-0.30127975870548196}],[{""term"":""1"",""term_index"":1,""coefficient"":-1.27531166856331},{""term"":""u1"",""term_index"":2,""coefficient"":3.0514982472771615},{""term"":""u2"",""term_index"":3,""coefficient"":-1.0835469377113267},{""term"":""u1^2"",""term_index"":4,""coefficient"":0.03480280670680493},{""term"":""u2^2"",""term_index"":5,""coefficient"":0.12722244229073318},{""term"":""u1*u2"",""term_index"":6,""coefficient"":-0.2843681497692796}]]",uncapped,False,3,30,29,,,,"[""Success"",""Unstable"",""MaxIters""]","[""Failure"",""Success"",""MaxLossEvals""]",609708,612500,0,609708,2792,537,171,0.0,0.0,0.0,0.0,0.0,0.0,,,0,2,12,0,0,0,12,0.0,0.0,0.0
499_evogrow_v2_2_stage_capped_42_2_42,paper1_phaseC_v1,C,,campaign_cell,,42,Reduced model for chlorine dioxide-iodine-malonic acid rection (dimensionless),2,surrogate,,evogrow_v2_2_stage_capped,evogrow_v2_2_stage_capped,42,finished,finished,True,,,2026-09-23T18:28:00.320Z,0.0053868380029113,,,,,pruned_support_terms_exact_match,5,,,2957277,,47435.133576094,False,True,False,499,2,0c9672de35c75a9d,221a3a7,False,0.9932082756694768,"[0.9897214552520004, 0.9966950960869534]",490,880,2957277,ffb0266c7913352c,staged_polynomial_basis_with_constant,"[[""1"",""u1"",""u2"",""u1^2"",""u1^3"",""cos(u1)""],[""1"",""u1"",""u2"",""u1^2"",""u2^2"",""u1*u2""]]","[[""1"",""u1"",""u2"",""u1^2"",""u1^3"",""cos(u1)""],[""1"",""u1"",""u2"",""u1^2"",""u2^2"",""u1*u2""]]","[[{""term"":""1"",""term_index"":1,""coefficient"":10.0},{""term"":""u1"",""term_index"":2,""coefficient"":-10.0},{""term"":""u2"",""term_index"":3,""coefficient"":-1.6390739700002128},{""term"":""u1^2"",""term_index"":4,""coefficient"":6.634577692262779},{""term"":""u1^3"",""term_index"":7,""coefficient"":-1.0913400445617298},{""term"":""cos(u1)"",""term_index"":10,""coefficient"":2.132885999366782}],[{""term"":""1"",""term_index"":1,""coefficient"":-1.413585503817051},{""term"":""u1"",""term_index"":2,""coefficient"":1.8764677334574176},{""term"":""u2"",""term_index"":3,""coefficient"":-0.4149848722231985},{""term"":""u1^2"",""term_index"":4,""coefficient"":0.471465462787924},{""term"":""u2^2"",""term_index"":5,""coefficient"":0.04244324684336595},{""term"":""u1*u2"",""term_index"":6,""coefficient"":-0.337954073892482}]]",capped,False,3,30,24,,"[5,5]","[5,5]","[""Success"",""Unstable"",""MaxIters""]","[""Success"",""Failure"",""MaxLossEvals""]",199807,208044,0,199807,8237,282,54,0.0,0.0,0.0,0.0,0.0,0.0,,,0,2,12,0,0,0,12,0.0,0.0,0.0
500_evogrow_v2_2_stage_local_42_2_42,paper1_phaseC_v1,C,,campaign_cell,,42,Reduced model for chlorine dioxide-iodine-malonic acid rection (dimensionless),2,surrogate,,evogrow_v2_2_stage_local,evogrow_v2_2_stage_local,42,finished,finished,True,,,2026-09-23T18:29:35.170Z,0.0053868380029113,,,,,pruned_support_terms_exact_match,5,,,2957277,,66108.60426392,False,True,False,500,2,0c9672de35c75a9d,221a3a7,False,0.9932082756694768,"[0.9897214552520004, 0.9966950960869534]",490,880,2957277,ffb0266c7913352c,staged_polynomial_basis_with_constant,"[[""1"",""u1"",""u2"",""u1^2"",""u1^3"",""cos(u1)""],[""1"",""u1"",""u2"",""u1^2"",""u2^2"",""u1*u2""]]","[[""1"",""u1"",""u2"",""u1^2"",""u1^3"",""cos(u1)""],[""1"",""u1"",""u2"",""u1^2"",""u2^2"",""u1*u2""]]","[[{""term"":""1"",""term_index"":1,""coefficient"":10.0},{""term"":""u1"",""term_index"":2,""coefficient"":-10.0},{""term"":""u2"",""term_index"":3,""coefficient"":-1.6390739700002128},{""term"":""u1^2"",""term_index"":4,""coefficient"":6.634577692262779},{""term"":""u1^3"",""term_index"":7,""coefficient"":-1.0913400445617298},{""term"":""cos(u1)"",""term_index"":10,""coefficient"":2.132885999366782}],[{""term"":""1"",""term_index"":1,""coefficient"":-1.413585503817051},{""term"":""u1"",""term_index"":2,""coefficient"":1.8764677334574176},{""term"":""u2"",""term_index"":3,""coefficient"":-0.4149848722231985},{""term"":""u1^2"",""term_index"":4,""coefficient"":0.471465462787924},{""term"":""u2^2"",""term_index"":5,""coefficient"":0.04244324684336595},{""term"":""u1*u2"",""term_index"":6,""coefficient"":-0.337954073892482}]]",uncapped,False,3,30,24,,,,"[""Success"",""Unstable"",""MaxIters""]","[""Success"",""Failure"",""MaxLossEvals""]",199807,208044,0,199807,8237,282,54,0.0,0.0,0.0,0.0,0.0,0.0,,,0,2,12,0,0,0,12,0.0,0.0,0.0
501_evogrow_v2_2_stage_capped_42_2_123,paper1_phaseC_v1,C,,campaign_cell,,42,Reduced model for chlorine dioxide-iodine-malonic acid rection (dimensionless),2,surrogate,,evogrow_v2_2_stage_capped,evogrow_v2_2_stage_capped,123,finished,finished,True,,,2026-09-23T18:38:18.704Z,0.0127369073882449,,,,,pruned_support_terms_exact_match,5,,,3707516,,13780.90081369,False,True,False,501,2,0c9672de35c75a9d,221a3a7,False,0.9843131766322752,"[0.9772685114952652, 0.9913578417692854]",570,1047,3707516,ffb0266c7913352c,staged_polynomial_basis_with_constant,"[[""1"",""u1"",""u2"",""u1^2"",""u2^2"",""u1*u2""],[""1"",""u1"",""u2"",""u1^2"",""u2^2"",""u1*u2""]]","[[""1"",""u1"",""u2"",""u1^2"",""u2^2"",""u1*u2""],[""1"",""u1"",""u2"",""u1^2"",""u2^2"",""u1*u2""]]","[[{""term"":""1"",""term_index"":1,""coefficient"":10.0},{""term"":""u1"",""term_index"":2,""coefficient"":-2.9524103522969796},{""term"":""u2"",""term_index"":3,""coefficient"":-2.188442293209039},{""term"":""u1^2"",""term_index"":4,""coefficient"":1.4501767844013684},{""term"":""u2^2"",""term_index"":5,""coefficient"":0.12084634373634341},{""term"":""u1*u2"",""term_index"":6,""coefficient"":-0.36731036046984045}],[{""term"":""1"",""term_index"":1,""coefficient"":1.5833080721247021},{""term"":""u1"",""term_index"":2,""coefficient"":0.42026314903714374},{""term"":""u2"",""term_index"":3,""coefficient"":-1.1619139394311908},{""term"":""u1^2"",""term_index"":4,""coefficient"":0.6961795646353965},{""term"":""u2^2"",""term_index"":5,""coefficient"":0.08500090155724305},{""term"":""u1*u2"",""term_index"":6,""coefficient"":-0.18964608441979}]]",capped,False,3,30,28,,"[5,5]","[5,5]","[""Success"",""Unstable"",""MaxIters""]","[""Success"",""Failure"",""MaxLossEvals""]",261600,264442,0,261600,2842,366,65,0.0,0.0,0.0,0.0,0.0,0.0,,,0,2,12,0,0,0,12,0.0,0.0,0.0
502_evogrow_v2_2_stage_local_42_2_123,paper1_phaseC_v1,C,,campaign_cell,,42,Reduced model for chlorine dioxide-iodine-malonic acid rection (dimensionless),2,surrogate,,evogrow_v2_2_stage_local,evogrow_v2_2_stage_local,123,finished,finished,True,,,2026-09-23T19:01:47.744Z,0.0127369073882449,,,,,pruned_support_terms_exact_match,5,,,3707516,,18331.241675814,False,True,False,502,2,0c9672de35c75a9d,221a3a7,False,0.9843131766322752,"[0.9772685114952652, 0.9913578417692854]",570,1047,3707516,ffb0266c7913352c,staged_polynomial_basis_with_constant,"[[""1"",""u1"",""u2"",""u1^2"",""u2^2"",""u1*u2""],[""1"",""u1"",""u2"",""u1^2"",""u2^2"",""u1*u2""]]","[[""1"",""u1"",""u2"",""u1^2"",""u2^2"",""u1*u2""],[""1"",""u1"",""u2"",""u1^2"",""u2^2"",""u1*u2""]]","[[{""term"":""1"",""term_index"":1,""coefficient"":10.0},{""term"":""u1"",""term_index"":2,""coefficient"":-2.9524103522969796},{""term"":""u2"",""term_index"":3,""coefficient"":-2.188442293209039},{""term"":""u1^2"",""term_index"":4,""coefficient"":1.4501767844013684},{""term"":""u2^2"",""term_index"":5,""coefficient"":0.12084634373634341},{""term"":""u1*u2"",""term_index"":6,""coefficient"":-0.36731036046984045}],[{""term"":""1"",""term_index"":1,""coefficient"":1.5833080721247021},{""term"":""u1"",""term_index"":2,""coefficient"":0.42026314903714374},{""term"":""u2"",""term_index"":3,""coefficient"":-1.1619139394311908},{""term"":""u1^2"",""term_index"":4,""coefficient"":0.6961795646353965},{""term"":""u2^2"",""term_index"":5,""coefficient"":0.08500090155724305},{""term"":""u1*u2"",""term_index"":6,""coefficient"":-0.18964608441979}]]",uncapped,False,3,30,28,,,,"[""Success"",""Unstable"",""MaxIters""]","[""Success"",""Failure"",""MaxLossEvals""]",261600,264442,0,261600,2842,366,65,0.0,0.0,0.0,0.0,0.0,0.0,,,0,2,12,0,0,0,12,0.0,0.0,0.0
503_evogrow_v2_2_stage_capped_42_2_7,paper1_phaseC_v1,C,,campaign_cell,,42,Reduced model for chlorine dioxide-iodine-malonic acid rection (dimensionless),2,surrogate,,evogrow_v2_2_stage_capped,evogrow_v2_2_stage_capped,7,finished,finished,True,,,2026-09-23T19:35:04.260Z,0.0127369078948239,,,,,pruned_support_terms_exact_match,5,,,3711696,,9930.695097697,False,True,False,503,2,0c9672de35c75a9d,221a3a7,False,0.9843134765057951,"[0.977269780576675, 0.9913571724349153]",570,1056,3711696,ffb0266c7913352c,staged_polynomial_basis_with_constant,"[[""1"",""u1"",""u2"",""u1^2"",""u2^2"",""u1*u2""],[""1"",""u1"",""u2"",""u1^2"",""u2^2"",""u1*u2""]]","[[""1"",""u1"",""u2"",""u1^2"",""u2^2"",""u1*u2""],[""1"",""u1"",""u2"",""u1^2"",""u2^2"",""u1*u2""]]","[[{""term"":""1"",""term_index"":1,""coefficient"":10.0},{""term"":""u1"",""term_index"":2,""coefficient"":-2.952798965453839},{""term"":""u2"",""term_index"":3,""coefficient"":-2.188277415815562},{""term"":""u1^2"",""term_index"":4,""coefficient"":1.4503081426156677},{""term"":""u2^2"",""term_index"":5,""coefficient"":0.12083689773571668},{""term"":""u1*u2"",""term_index"":6,""coefficient"":-0.3673540049386146}],[{""term"":""1"",""term_index"":1,""coefficient"":1.5803567830860232},{""term"":""u1"",""term_index"":2,""coefficient"":0.42117026558359216},{""term"":""u2"",""term_index"":3,""coefficient"":-1.161008959938755},{""term"":""u1^2"",""term_index"":4,""coefficient"":0.6960279312752474},{""term"":""u2^2"",""term_index"":5,""coefficient"":0.08493501603967155},{""term"":""u1*u2"",""term_index"":6,""coefficient"":-0.18974057177699397}]]",capped,False,3,30,28,,"[5,5]","[5,5]","[""Success"",""Unstable"",""MaxIters""]","[""Success"",""Failure"",""MaxLossEvals""]",293456,294508,0,293456,1052,365,70,0.0,0.0,0.0,0.0,0.0,0.0,,,0,2,12,0,0,0,12,0.0,0.0,0.0
504_evogrow_v2_2_stage_local_42_2_7,paper1_phaseC_v1,C,,campaign_cell,,42,Reduced model for chlorine dioxide-iodine-malonic acid rection (dimensionless),2,surrogate,,evogrow_v2_2_stage_local,evogrow_v2_2_stage_local,7,finished,finished,True,,,2026-09-23T19:40:31.659Z,0.0127369078948239,,,,,pruned_support_terms_exact_match,5,,,3711696,,10028.326142958,False,True,False,504,2,0c9672de35c75a9d,221a3a7,False,0.9843134765057951,"[0.977269780576675, 0.9913571724349153]",570,1056,3711696,ffb0266c7913352c,staged_polynomial_basis_with_constant,"[[""1"",""u1"",""u2"",""u1^2"",""u2^2"",""u1*u2""],[""1"",""u1"",""u2"",""u1^2"",""u2^2"",""u1*u2""]]","[[""1"",""u1"",""u2"",""u1^2"",""u2^2"",""u1*u2""],[""1"",""u1"",""u2"",""u1^2"",""u2^2"",""u1*u2""]]","[[{""term"":""1"",""term_index"":1,""coefficient"":10.0},{""term"":""u1"",""term_index"":2,""coefficient"":-2.952798965453839},{""term"":""u2"",""term_index"":3,""coefficient"":-2.188277415815562},{""term"":""u1^2"",""term_index"":4,""coefficient"":1.4503081426156677},{""term"":""u2^2"",""term_index"":5,""coefficient"":0.12083689773571668},{""term"":""u1*u2"",""term_index"":6,""coefficient"":-0.3673540049386146}],[{""term"":""1"",""term_index"":1,""coefficient"":1.5803567830860232},{""term"":""u1"",""term_index"":2,""coefficient"":0.42117026558359216},{""term"":""u2"",""term_index"":3,""coefficient"":-1.161008959938755},{""term"":""u1^2"",""term_index"":4,""coefficient"":0.6960279312752474},{""term"":""u2^2"",""term_index"":5,""coefficient"":0.08493501603967155},{""term"":""u1*u2"",""term_index"":6,""coefficient"":-0.18974057177699397}]]",uncapped,False,3,30,28,,,,"[""Success"",""Unstable"",""MaxIters""]","[""Success"",""Failure"",""MaxLossEvals""]",293456,294508,0,293456,1052,365,70,0.0,0.0,0.0,0.0,0.0,0.0,,,0,2,12,0,0,0,12,0.0,0.0,0.0
505_evogrow_v2_2_stage_capped_43_1_42,paper1_phaseC_v1,C,,campaign_cell,,43,Driven pendulum with linear damping / Josephson junction (dimensionless),2,exact,5.0,evogrow_v2_2_stage_capped,evogrow_v2_2_stage_capped,42,finished,finished,True,,,2026-09-23T19:54:54.708Z,0.0176424319638362,,False,False,False,pruned_support_terms_exact_match,5,0.0,0.0,4749334,,178651.309222196,False,True,False,505,1,0c9672de35c75a9d,221a3a7,False,0.9805003540731894,"[0.99996695093294, 0.9610337572134388]",550,679,4749334,ffb0266c7913352c,staged_polynomial_basis_with_constant,"[[""1"",""u1"",""u2"",""cos(u1)"",""sin(u2)""],[""1"",""u1"",""u2"",""u1^2"",""u2^2"",""u1*u2""]]","[[""1"",""u1"",""u2"",""cos(u1)"",""sin(u2)""],[""1"",""u1"",""u2"",""u1^2"",""u2^2"",""u1*u2""]]","[[{""term"":""1"",""term_index"":1,""coefficient"":-0.22870522020173462},{""term"":""u1"",""term_index"":2,""coefficient"":0.023385788927812942},{""term"":""u2"",""term_index"":3,""coefficient"":0.7841412543458378},{""term"":""cos(u1)"",""term_index"":10,""coefficient"":0.36862057538053866},{""term"":""sin(u2)"",""term_index"":11,""coefficient"":0.838533105649647}],[{""term"":""1"",""term_index"":1,""coefficient"":-4.028274438860488},{""term"":""u1"",""term_index"":2,""coefficient"":3.5990292162520108},{""term"":""u2"",""term_index"":3,""coefficient"":-2.6133639961446717},{""term"":""u1^2"",""term_index"":4,""coefficient"":0.1170251410976727},{""term"":""u2^2"",""term_index"":5,""coefficient"":3.285473804414219},{""term"":""u1*u2"",""term_index"":6,""coefficient"":-2.3695734877507615}]]",capped,False,3,30,27,"[0,0]","[5,5]","[null,5]","[""Success"",""Unstable"",""MaxIters""]","[""Failure"",""Success"",""MaxLossEvals""]",311099,332645,0,311099,21546,518,74,0.3999999999999999,0.3888888888888889,0.2727272727272727,0.2666666666666666,0.75,0.8333333333333333,1.9278450930453503,3.4121403825511907,4,2,11,4,3,1,8,0.3999999999999999,0.2727272727272727,0.75
506_evogrow_v2_2_stage_local_43_1_42,paper1_phaseC_v1,C,,campaign_cell,,43,Driven pendulum with linear damping / Josephson junction (dimensionless),2,exact,5.0,evogrow_v2_2_stage_local,evogrow_v2_2_stage_local,42,finished,finished,True,,,2026-09-23T20:39:30.760Z,0.0176424319638362,,False,False,False,pruned_support_terms_exact_match,5,0.0,0.0,4749334,,184349.335244422,False,True,False,506,1,0c9672de35c75a9d,221a3a7,False,0.9805003540731894,"[0.99996695093294, 0.9610337572134388]",550,679,4749334,ffb0266c7913352c,staged_polynomial_basis_with_constant,"[[""1"",""u1"",""u2"",""cos(u1)"",""sin(u2)""],[""1"",""u1"",""u2"",""u1^2"",""u2^2"",""u1*u2""]]","[[""1"",""u1"",""u2"",""cos(u1)"",""sin(u2)""],[""1"",""u1"",""u2"",""u1^2"",""u2^2"",""u1*u2""]]","[[{""term"":""1"",""term_index"":1,""coefficient"":-0.22870522020173462},{""term"":""u1"",""term_index"":2,""coefficient"":0.023385788927812942},{""term"":""u2"",""term_index"":3,""coefficient"":0.7841412543458378},{""term"":""cos(u1)"",""term_index"":10,""coefficient"":0.36862057538053866},{""term"":""sin(u2)"",""term_index"":11,""coefficient"":0.838533105649647}],[{""term"":""1"",""term_index"":1,""coefficient"":-4.028274438860488},{""term"":""u1"",""term_index"":2,""coefficient"":3.5990292162520108},{""term"":""u2"",""term_index"":3,""coefficient"":-2.6133639961446717},{""term"":""u1^2"",""term_index"":4,""coefficient"":0.1170251410976727},{""term"":""u2^2"",""term_index"":5,""coefficient"":3.285473804414219},{""term"":""u1*u2"",""term_index"":6,""coefficient"":-2.3695734877507615}]]",uncapped,False,3,30,27,,,,"[""Success"",""Unstable"",""MaxIters""]","[""Failure"",""Success"",""MaxLossEvals""]",311099,332645,0,311099,21546,518,74,0.3999999999999999,0.3888888888888889,0.2727272727272727,0.2666666666666666,0.75,0.8333333333333333,1.9278450930453503,3.4121403825511907,4,2,11,4,3,1,8,0.3999999999999999,0.2727272727272727,0.75
507_evogrow_v2_2_stage_capped_43_1_123,paper1_phaseC_v1,C,,campaign_cell,,43,Driven pendulum with linear damping / Josephson junction (dimensionless),2,exact,5.0,evogrow_v2_2_stage_capped,evogrow_v2_2_stage_capped,123,finished,finished,True,,,2026-09-23T20:52:31.025Z,0.0193210459270182,,False,False,False,pruned_support_terms_exact_match,5,0.0,0.0,4100197,,135772.224869408,False,True,False,507,1,0c9672de35c75a9d,221a3a7,False,0.9805558973335472,"[0.9998671481871655, 0.9612446464799292]",490,593,4100197,ffb0266c7913352c,staged_polynomial_basis_with_constant,"[[""1"",""u1"",""u2"",""cos(u1)""],[""1"",""u1"",""u2"",""u1^2"",""u2^2"",""u1*u2""]]","[[""1"",""u1"",""u2"",""cos(u1)""],[""1"",""u1"",""u2"",""u1^2"",""u2^2"",""u1*u2""]]","[[{""term"":""1"",""term_index"":1,""coefficient"":0.05227740042860029},{""term"":""u1"",""term_index"":2,""coefficient"":-0.004373859197438288},{""term"":""u2"",""term_index"":3,""coefficient"":1.0046418953941243},{""term"":""cos(u1)"",""term_index"":10,""coefficient"":0.17181985877769448}],[{""term"":""1"",""term_index"":1,""coefficient"":-4.004422122751074},{""term"":""u1"",""term_index"":2,""coefficient"":3.2666854075201703},{""term"":""u2"",""term_index"":3,""coefficient"":-1.7165161594355391},{""term"":""u1^2"",""term_index"":4,""coefficient"":0.09889442781031517},{""term"":""u2^2"",""term_index"":5,""coefficient"":2.6506567178918656},{""term"":""u1*u2"",""term_index"":6,""coefficient"":-2.085294725902344}]]",capped,False,3,30,24,"[0,0]","[5,5]","[null,5]","[""Success"",""Unstable"",""MaxIters""]","[""Success"",""Failure"",""MaxLossEvals""]",250121,266090,0,250121,15969,459,66,0.4285714285714285,0.4222222222222222,0.3,0.2916666666666666,0.75,0.8333333333333333,1.521138988261433,3.3978575585335773,4,2,10,4,3,1,7,0.4285714285714285,0.3,0.75
508_evogrow_v2_2_stage_local_43_1_123,paper1_phaseC_v1,C,,campaign_cell,,43,Driven pendulum with linear damping / Josephson junction (dimensionless),2,exact,5.0,evogrow_v2_2_stage_local,evogrow_v2_2_stage_local,123,finished,finished,True,,,2026-09-23T20:54:42.375Z,0.0193210459270182,,False,False,False,pruned_support_terms_exact_match,5,0.0,0.0,4100197,,134672.830735235,False,True,False,508,1,0c9672de35c75a9d,221a3a7,False,0.9805558973335472,"[0.9998671481871655, 0.9612446464799292]",490,593,4100197,ffb0266c7913352c,staged_polynomial_basis_with_constant,"[[""1"",""u1"",""u2"",""cos(u1)""],[""1"",""u1"",""u2"",""u1^2"",""u2^2"",""u1*u2""]]","[[""1"",""u1"",""u2"",""cos(u1)""],[""1"",""u1"",""u2"",""u1^2"",""u2^2"",""u1*u2""]]","[[{""term"":""1"",""term_index"":1,""coefficient"":0.05227740042860029},{""term"":""u1"",""term_index"":2,""coefficient"":-0.004373859197438288},{""term"":""u2"",""term_index"":3,""coefficient"":1.0046418953941243},{""term"":""cos(u1)"",""term_index"":10,""coefficient"":0.17181985877769448}],[{""term"":""1"",""term_index"":1,""coefficient"":-4.004422122751074},{""term"":""u1"",""term_index"":2,""coefficient"":3.2666854075201703},{""term"":""u2"",""term_index"":3,""coefficient"":-1.7165161594355391},{""term"":""u1^2"",""term_index"":4,""coefficient"":0.09889442781031517},{""term"":""u2^2"",""term_index"":5,""coefficient"":2.6506567178918656},{""term"":""u1*u2"",""term_index"":6,""coefficient"":-2.085294725902344}]]",uncapped,False,3,30,24,,,,"[""Success"",""Unstable"",""MaxIters""]","[""Success"",""Failure"",""MaxLossEvals""]",250121,266090,0,250121,15969,459,66,0.4285714285714285,0.4222222222222222,0.3,0.2916666666666666,0.75,0.8333333333333333,1.521138988261433,3.3978575585335773,4,2,10,4,3,1,7,0.4285714285714285,0.3,0.75
509_evogrow_v2_2_stage_capped_43_1_7,paper1_phaseC_v1,C,,campaign_cell,,43,Driven pendulum with linear damping / Josephson junction (dimensionless),2,exact,5.0,evogrow_v2_2_stage_capped,evogrow_v2_2_stage_capped,7,finished,finished,True,,,2026-09-23T21:05:35.157Z,0.0176424321006251,,False,False,False,pruned_support_terms_exact_match,5,0.0,0.0,4441889,,218779.924280134,False,True,False,509,1,0c9672de35c75a9d,221a3a7,False,0.9805004371805774,"[0.999966946721172, 0.9610339276399827]",530,631,4441889,ffb0266c7913352c,staged_polynomial_basis_with_constant,"[[""1"",""u1"",""u2"",""cos(u1)"",""sin(u2)""],[""1"",""u1"",""u2"",""u1^2"",""u2^2"",""u1*u2""]]","[[""1"",""u1"",""u2"",""cos(u1)"",""sin(u2)""],[""1"",""u1"",""u2"",""u1^2"",""u2^2"",""u1*u2""]]","[[{""term"":""1"",""term_index"":1,""coefficient"":-0.22864365116733723},{""term"":""u1"",""term_index"":2,""coefficient"":0.0233821454931623},{""term"":""u2"",""term_index"":3,""coefficient"":0.7841623691119872},{""term"":""cos(u1)"",""term_index"":10,""coefficient"":0.3686033866437908},{""term"":""sin(u2)"",""term_index"":11,""coefficient"":0.8384160557749777}],[{""term"":""1"",""term_index"":1,""coefficient"":-4.02830809908004},{""term"":""u1"",""term_index"":2,""coefficient"":3.598941428219954},{""term"":""u2"",""term_index"":3,""coefficient"":-2.6130908743020336},{""term"":""u1^2"",""term_index"":4,""coefficient"":0.1170249046690252},{""term"":""u2^2"",""term_index"":5,""coefficient"":3.28535968622363},{""term"":""u1*u2"",""term_index"":6,""coefficient"":-2.3695352818067335}]]",capped,False,3,30,26,"[0,0]","[5,5]","[null,5]","[""Success"",""Unstable"",""MaxIters""]","[""Success"",""Failure"",""MaxLossEvals""]",274879,299854,0,274879,24975,488,75,0.3999999999999999,0.3888888888888889,0.2727272727272727,0.2666666666666666,0.75,0.8333333333333333,1.927738165089056,3.412160538371282,4,2,11,4,3,1,8,0.3999999999999999,0.2727272727272727,0.75
510_evogrow_v2_2_stage_local_43_1_7,paper1_phaseC_v1,C,,campaign_cell,,43,Driven pendulum with linear damping / Josephson junction (dimensionless),2,exact,5.0,evogrow_v2_2_stage_local,evogrow_v2_2_stage_local,7,finished,finished,True,,,2026-09-23T22:10:15.145Z,0.0176424321006251,,False,False,False,pruned_support_terms_exact_match,5,0.0,0.0,4441889,,220281.695053661,False,True,False,510,1,0c9672de35c75a9d,221a3a7,False,0.9805004371805774,"[0.999966946721172, 0.9610339276399827]",530,631,4441889,ffb0266c7913352c,staged_polynomial_basis_with_constant,"[[""1"",""u1"",""u2"",""cos(u1)"",""sin(u2)""],[""1"",""u1"",""u2"",""u1^2"",""u2^2"",""u1*u2""]]","[[""1"",""u1"",""u2"",""cos(u1)"",""sin(u2)""],[""1"",""u1"",""u2"",""u1^2"",""u2^2"",""u1*u2""]]","[[{""term"":""1"",""term_index"":1,""coefficient"":-0.22864365116733723},{""term"":""u1"",""term_index"":2,""coefficient"":0.0233821454931623},{""term"":""u2"",""term_index"":3,""coefficient"":0.7841623691119872},{""term"":""cos(u1)"",""term_index"":10,""coefficient"":0.3686033866437908},{""term"":""sin(u2)"",""term_index"":11,""coefficient"":0.8384160557749777}],[{""term"":""1"",""term_index"":1,""coefficient"":-4.02830809908004},{""term"":""u1"",""term_index"":2,""coefficient"":3.598941428219954},{""term"":""u2"",""term_index"":3,""coefficient"":-2.6130908743020336},{""term"":""u1^2"",""term_index"":4,""coefficient"":0.1170249046690252},{""term"":""u2^2"",""term_index"":5,""coefficient"":3.28535968622363},{""term"":""u1*u2"",""term_index"":6,""coefficient"":-2.3695352818067335}]]",uncapped,False,3,30,26,,,,"[""Success"",""Unstable"",""MaxIters""]","[""Success"",""Failure"",""MaxLossEvals""]",274879,299854,0,274879,24975,488,75,0.3999999999999999,0.3888888888888889,0.2727272727272727,0.2666666666666666,0.75,0.8333333333333333,1.927738165089056,3.412160538371282,4,2,11,4,3,1,8,0.3999999999999999,0.2727272727272727,0.75
511_evogrow_v2_2_stage_capped_43_2_42,paper1_phaseC_v1,C,,campaign_cell,,43,Driven pendulum with linear damping / Josephson junction (dimensionless),2,exact,5.0,evogrow_v2_2_stage_capped,evogrow_v2_2_stage_capped,42,finished,finished,True,,,2026-09-23T22:21:39.755Z,2.4487053464220523e-09,,False,False,False,pruned_support_terms_exact_match,5,0.0,0.0,3252643,,180433.506706626,False,True,False,511,2,0c9672de35c75a9d,221a3a7,False,0.9999999939710712,"[0.9999999999721964, 0.9999999879699462]",470,599,3252643,ffb0266c7913352c,staged_polynomial_basis_with_constant,"[[""1"",""u2"",""sin(u1)"",""cos(u1)"",""cos(u2)""],[""1"",""u1"",""u2"",""u1^2"",""u2^2"",""sin(u1)""]]","[[""1"",""u2"",""cos(u2)""],[""1"",""u2"",""sin(u1)""]]","[[{""term"":""1"",""term_index"":1,""coefficient"":0.001864859267455385},{""term"":""u2"",""term_index"":3,""coefficient"":0.998739762533088},{""term"":""sin(u1)"",""term_index"":9,""coefficient"":-4.4408097146009945e-05},{""term"":""cos(u1)"",""term_index"":10,""coefficient"":7.287927229321522e-05},{""term"":""cos(u2)"",""term_index"":12,""coefficient"":-0.0016259092931687757}],[{""term"":""1"",""term_index"":1,""coefficient"":1.6702359404670515},{""term"":""u1"",""term_index"":2,""coefficient"":4.8883711790573916e-05},{""term"":""u2"",""term_index"":3,""coefficient"":-0.6399379148778553},{""term"":""u1^2"",""term_index"":4,""coefficient"":-1.8089167069852511e-06},{""term"":""u2^2"",""term_index"":5,""coefficient"":-9.926586571567942e-05},{""term"":""sin(u1)"",""term_index"":9,""coefficient"":-0.9999909324194888}]]",capped,False,3,30,23,"[0,0]","[5,5]","[null,5]","[""Success"",""Unstable"",""MaxIters""]","[""Success"",""Failure"",""MaxLossEvals""]",254557,285784,0,254557,31227,322,84,0.5333333333333333,0.5,0.3636363636363636,0.35,1.0,1.0,0.0003768986918928,0.0012602374669119,4,2,11,4,4,0,7,0.5333333333333333,0.3636363636363636,1.0
512_evogrow_v2_2_stage_local_43_2_42,paper1_phaseC_v1,C,,campaign_cell,,43,Driven pendulum with linear damping / Josephson junction (dimensionless),2,exact,5.0,evogrow_v2_2_stage_local,evogrow_v2_2_stage_local,42,finished,finished,True,,,2026-09-23T22:26:10.836Z,2.4487053464220523e-09,,False,False,False,pruned_support_terms_exact_match,5,0.0,0.0,3252643,,177070.106879402,False,True,False,512,2,0c9672de35c75a9d,221a3a7,False,0.9999999939710712,"[0.9999999999721964, 0.9999999879699462]",470,599,3252643,ffb0266c7913352c,staged_polynomial_basis_with_constant,"[[""1"",""u2"",""sin(u1)"",""cos(u1)"",""cos(u2)""],[""1"",""u1"",""u2"",""u1^2"",""u2^2"",""sin(u1)""]]","[[""1"",""u2"",""cos(u2)""],[""1"",""u2"",""sin(u1)""]]","[[{""term"":""1"",""term_index"":1,""coefficient"":0.001864859267455385},{""term"":""u2"",""term_index"":3,""coefficient"":0.998739762533088},{""term"":""sin(u1)"",""term_index"":9,""coefficient"":-4.4408097146009945e-05},{""term"":""cos(u1)"",""term_index"":10,""coefficient"":7.287927229321522e-05},{""term"":""cos(u2)"",""term_index"":12,""coefficient"":-0.0016259092931687757}],[{""term"":""1"",""term_index"":1,""coefficient"":1.6702359404670515},{""term"":""u1"",""term_index"":2,""coefficient"":4.8883711790573916e-05},{""term"":""u2"",""term_index"":3,""coefficient"":-0.6399379148778553},{""term"":""u1^2"",""term_index"":4,""coefficient"":-1.8089167069852511e-06},{""term"":""u2^2"",""term_index"":5,""coefficient"":-9.926586571567942e-05},{""term"":""sin(u1)"",""term_index"":9,""coefficient"":-0.9999909324194888}]]",uncapped,False,3,30,23,,,,"[""Success"",""Unstable"",""MaxIters""]","[""Success"",""Failure"",""MaxLossEvals""]",254557,285784,0,254557,31227,322,84,0.5333333333333333,0.5,0.3636363636363636,0.35,1.0,1.0,0.0003768986918928,0.0012602374669119,4,2,11,4,4,0,7,0.5333333333333333,0.3636363636363636,1.0
513_evogrow_v2_2_stage_capped_43_2_123,paper1_phaseC_v1,C,,campaign_cell,,43,Driven pendulum with linear damping / Josephson junction (dimensionless),2,exact,5.0,evogrow_v2_2_stage_capped,evogrow_v2_2_stage_capped,123,finished,finished,True,,,2026-09-23T22:28:47.619Z,1.4268279975527114e-09,,True,False,True,pruned_support_terms_exact_match,5,0.0,0.0,2510640,,117171.009077909,False,True,False,513,2,0c9672de35c75a9d,221a3a7,False,0.999999996108158,"[0.9999999999886126, 0.9999999922277035]",410,511,2510640,ffb0266c7913352c,staged_polynomial_basis_with_constant,"[[""u2""],[""1"",""u1"",""u2"",""u1^2"",""u2^2"",""sin(u1)""]]","[[""u2""],[""1"",""u2"",""sin(u1)""]]","[[{""term"":""u2"",""term_index"":3,""coefficient"":0.9999969374924875}],[{""term"":""1"",""term_index"":1,""coefficient"":1.6698461072350659},{""term"":""u1"",""term_index"":2,""coefficient"":4.5682243645892254e-05},{""term"":""u2"",""term_index"":3,""coefficient"":-0.6395899550535852},{""term"":""u1^2"",""term_index"":4,""coefficient"":-1.8838373858855552e-06},{""term"":""u2^2"",""term_index"":5,""coefficient"":-0.00017251352412567538},{""term"":""sin(u1)"",""term_index"":9,""coefficient"":-1.0000714432617257}]]",capped,False,3,30,20,"[0,0]","[5,5]","[null,5]","[""Success"",""Unstable"",""MaxIters""]","[""Success"",""Failure"",""MaxLossEvals""]",145234,167333,0,145234,22099,260,64,0.7272727272727273,0.8333333333333333,0.5714285714285714,0.75,1.0,1.0,0.0002018380885648,0.0006406952287731,4,2,7,4,4,0,3,0.7272727272727273,0.5714285714285714,1.0
514_evogrow_v2_2_stage_local_43_2_123,paper1_phaseC_v1,C,,campaign_cell,,43,Driven pendulum with linear damping / Josephson junction (dimensionless),2,exact,5.0,evogrow_v2_2_stage_local,evogrow_v2_2_stage_local,123,finished,finished,True,,,2026-09-23T22:28:53.423Z,1.4268279975527114e-09,,True,False,True,pruned_support_terms_exact_match,5,0.0,0.0,2510640,,83368.089151376,False,True,False,514,2,0c9672de35c75a9d,221a3a7,False,0.999999996108158,"[0.9999999999886126, 0.9999999922277035]",410,511,2510640,ffb0266c7913352c,staged_polynomial_basis_with_constant,"[[""u2""],[""1"",""u1"",""u2"",""u1^2"",""u2^2"",""sin(u1)""]]","[[""u2""],[""1"",""u2"",""sin(u1)""]]","[[{""term"":""u2"",""term_index"":3,""coefficient"":0.9999969374924875}],[{""term"":""1"",""term_index"":1,""coefficient"":1.6698461072350659},{""term"":""u1"",""term_index"":2,""coefficient"":4.5682243645892254e-05},{""term"":""u2"",""term_index"":3,""coefficient"":-0.6395899550535852},{""term"":""u1^2"",""term_index"":4,""coefficient"":-1.8838373858855552e-06},{""term"":""u2^2"",""term_index"":5,""coefficient"":-0.00017251352412567538},{""term"":""sin(u1)"",""term_index"":9,""coefficient"":-1.0000714432617257}]]",uncapped,False,3,30,20,,,,"[""Success"",""Unstable"",""MaxIters""]","[""Success"",""Failure"",""MaxLossEvals""]",145234,167333,0,145234,22099,260,64,0.7272727272727273,0.8333333333333333,0.5714285714285714,0.75,1.0,1.0,0.0002018380885648,0.0006406952287731,4,2,7,4,4,0,3,0.7272727272727273,0.5714285714285714,1.0
515_evogrow_v2_2_stage_capped_43_2_7,paper1_phaseC_v1,C,,campaign_cell,,43,Driven pendulum with linear damping / Josephson junction (dimensionless),2,exact,5.0,evogrow_v2_2_stage_capped,evogrow_v2_2_stage_capped,7,finished,finished,True,,,2026-09-23T22:31:25.002Z,1.536286366089074e-09,,True,False,True,pruned_support_terms_exact_match,5,0.0,0.0,2445815,,105787.889451905,False,True,False,515,2,0c9672de35c75a9d,221a3a7,False,0.999999995795524,"[0.9999999999879178, 0.9999999916031302]",390,493,2445815,ffb0266c7913352c,staged_polynomial_basis_with_constant,"[[""1"",""u2""],[""1"",""u1"",""u2"",""u1^2"",""u2^2"",""sin(u1)""]]","[[""u2""],[""1"",""u2"",""sin(u1)""]]","[[{""term"":""1"",""term_index"":1,""coefficient"":4.344625383036227e-05},{""term"":""u2"",""term_index"":3,""coefficient"":0.9999775822462057}],[{""term"":""1"",""term_index"":1,""coefficient"":1.6697720050907525},{""term"":""u1"",""term_index"":2,""coefficient"":4.7060096181486414e-05},{""term"":""u2"",""term_index"":3,""coefficient"":-0.639511447669795},{""term"":""u1^2"",""term_index"":4,""coefficient"":-1.940709011964738e-06},{""term"":""u2^2"",""term_index"":5,""coefficient"":-0.00019263491878816153},{""term"":""sin(u1)"",""term_index"":9,""coefficient"":-1.0000774082177255}]]",capped,False,3,30,19,"[0,0]","[5,5]","[null,5]","[""Success"",""Unstable"",""MaxIters""]","[""Failure"",""Success"",""MaxLossEvals""]",175891,201573,0,175891,25682,275,48,0.6666666666666666,0.6666666666666666,0.5,0.5,1.0,1.0,0.0002499282213045,0.0007633630159454,4,2,8,4,4,0,4,0.6666666666666666,0.5,1.0
516_evogrow_v2_2_stage_local_43_2_7,paper1_phaseC_v1,C,,campaign_cell,,43,Driven pendulum with linear damping / Josephson junction (dimensionless),2,exact,5.0,evogrow_v2_2_stage_local,evogrow_v2_2_stage_local,7,finished,finished,True,,,2026-09-23T22:33:57.184Z,1.536286366089074e-09,,True,False,True,pruned_support_terms_exact_match,5,0.0,0.0,2445815,,148081.386478567,False,True,False,516,2,0c9672de35c75a9d,221a3a7,False,0.999999995795524,"[0.9999999999879178, 0.9999999916031302]",390,493,2445815,ffb0266c7913352c,staged_polynomial_basis_with_constant,"[[""1"",""u2""],[""1"",""u1"",""u2"",""u1^2"",""u2^2"",""sin(u1)""]]","[[""u2""],[""1"",""u2"",""sin(u1)""]]","[[{""term"":""1"",""term_index"":1,""coefficient"":4.344625383036227e-05},{""term"":""u2"",""term_index"":3,""coefficient"":0.9999775822462057}],[{""term"":""1"",""term_index"":1,""coefficient"":1.6697720050907525},{""term"":""u1"",""term_index"":2,""coefficient"":4.7060096181486414e-05},{""term"":""u2"",""term_index"":3,""coefficient"":-0.639511447669795},{""term"":""u1^2"",""term_index"":4,""coefficient"":-1.940709011964738e-06},{""term"":""u2^2"",""term_index"":5,""coefficient"":-0.00019263491878816153},{""term"":""sin(u1)"",""term_index"":9,""coefficient"":-1.0000774082177255}]]",uncapped,False,3,30,19,,,,"[""Success"",""Unstable"",""MaxIters""]","[""Failure"",""Success"",""MaxLossEvals""]",175891,201573,0,175891,25682,275,48,0.6666666666666666,0.6666666666666666,0.5,0.5,1.0,1.0,0.0002499282213045,0.0007633630159454,4,2,8,4,4,0,4,0.6666666666666666,0.5,1.0
517_evogrow_v2_2_stage_capped_44_1_42,paper1_phaseC_v1,C,,campaign_cell,,44,Driven pendulum with quadratic damping (dimensionless),2,surrogate,,evogrow_v2_2_stage_capped,evogrow_v2_2_stage_capped,42,finished,finished,True,,,2026-09-23T22:38:40.276Z,0.0171903605662006,,,,,pruned_support_terms_exact_match,5,,,5936530,,23043.334408572,False,True,False,517,1,0c9672de35c75a9d,221a3a7,False,0.9443175296879708,"[0.9999080101105567, 0.8887270492653849]",590,794,5936530,ffb0266c7913352c,staged_polynomial_basis_with_constant,"[[""1"",""u1"",""u2"",""u1^2"",""u2^2"",""u1^3""],[""1"",""u1"",""u2"",""u1^2"",""u2^2"",""u1*u2""]]","[[""1"",""u1"",""u2"",""u1^2"",""u2^2"",""u1^3""],[""1"",""u1"",""u2"",""u1^2"",""u2^2"",""u1*u2""]]","[[{""term"":""1"",""term_index"":1,""coefficient"":1.4327328704742002},{""term"":""u1"",""term_index"":2,""coefficient"":-1.4102618535948703},{""term"":""u2"",""term_index"":3,""coefficient"":2.0628501307084024},{""term"":""u1^2"",""term_index"":4,""coefficient"":0.18980234066769386},{""term"":""u2^2"",""term_index"":5,""coefficient"":-0.03869735666640556},{""term"":""u1^3"",""term_index"":7,""coefficient"":-0.0075967999653769455}],[{""term"":""1"",""term_index"":1,""coefficient"":-0.11323329216057032},{""term"":""u1"",""term_index"":2,""coefficient"":0.6169933376396856},{""term"":""u2"",""term_index"":3,""coefficient"":-0.5536871527460837},{""term"":""u1^2"",""term_index"":4,""coefficient"":0.055076763752179445},{""term"":""u2^2"",""term_index"":5,""coefficient"":1.7830142577782129},{""term"":""u1*u2"",""term_index"":6,""coefficient"":-0.9961044208264075}]]",capped,False,3,30,29,,"[5,5]","[null,5]","[""Success"",""Unstable"",""MaxIters""]","[""Failure"",""Success"",""MaxLossEvals""]",421342,423361,0,421342,2019,530,139,0.0,0.0,0.0,0.0,0.0,0.0,,,0,2,12,0,0,0,12,0.0,0.0,0.0
518_evogrow_v2_2_stage_local_44_1_42,paper1_phaseC_v1,C,,campaign_cell,,44,Driven pendulum with quadratic damping (dimensionless),2,surrogate,,evogrow_v2_2_stage_local,evogrow_v2_2_stage_local,42,finished,finished,True,,,2026-09-23T22:52:17.947Z,0.0171903605662006,,,,,pruned_support_terms_exact_match,5,,,5936530,,22459.912983083,False,True,False,518,1,0c9672de35c75a9d,221a3a7,False,0.9443175296879708,"[0.9999080101105567, 0.8887270492653849]",590,794,5936530,ffb0266c7913352c,staged_polynomial_basis_with_constant,"[[""1"",""u1"",""u2"",""u1^2"",""u2^2"",""u1^3""],[""1"",""u1"",""u2"",""u1^2"",""u2^2"",""u1*u2""]]","[[""1"",""u1"",""u2"",""u1^2"",""u2^2"",""u1^3""],[""1"",""u1"",""u2"",""u1^2"",""u2^2"",""u1*u2""]]","[[{""term"":""1"",""term_index"":1,""coefficient"":1.4327328704742002},{""term"":""u1"",""term_index"":2,""coefficient"":-1.4102618535948703},{""term"":""u2"",""term_index"":3,""coefficient"":2.0628501307084024},{""term"":""u1^2"",""term_index"":4,""coefficient"":0.18980234066769386},{""term"":""u2^2"",""term_index"":5,""coefficient"":-0.03869735666640556},{""term"":""u1^3"",""term_index"":7,""coefficient"":-0.0075967999653769455}],[{""term"":""1"",""term_index"":1,""coefficient"":-0.11323329216057032},{""term"":""u1"",""term_index"":2,""coefficient"":0.6169933376396856},{""term"":""u2"",""term_index"":3,""coefficient"":-0.5536871527460837},{""term"":""u1^2"",""term_index"":4,""coefficient"":0.055076763752179445},{""term"":""u2^2"",""term_index"":5,""coefficient"":1.7830142577782129},{""term"":""u1*u2"",""term_index"":6,""coefficient"":-0.9961044208264075}]]",uncapped,False,3,30,29,,,,"[""Success"",""Unstable"",""MaxIters""]","[""Failure"",""Success"",""MaxLossEvals""]",421342,423361,0,421342,2019,530,139,0.0,0.0,0.0,0.0,0.0,0.0,,,0,2,12,0,0,0,12,0.0,0.0,0.0
519_evogrow_v2_2_stage_capped_44_1_123,paper1_phaseC_v1,C,,campaign_cell,,44,Driven pendulum with quadratic damping (dimensionless),2,surrogate,,evogrow_v2_2_stage_capped,evogrow_v2_2_stage_capped,123,finished,finished,True,,,2026-09-24T00:08:22.399Z,0.0164577775371613,,,,,pruned_support_terms_exact_match,5,,,3550065,,87241.205961612,False,True,False,519,1,0c9672de35c75a9d,221a3a7,False,0.9443142630133292,"[0.9999934652739165, 0.8886350607527418]",470,568,3550065,ffb0266c7913352c,staged_polynomial_basis_with_constant,"[[""1"",""u2"",""sin(u1)"",""cos(u1)"",""sin(u2)""],[""1"",""u1"",""u2"",""u1^2"",""u2^2"",""u1*u2""]]","[[""1"",""u2"",""sin(u1)"",""cos(u1)"",""sin(u2)""],[""1"",""u1"",""u2"",""u1^2"",""u2^2"",""u1*u2""]]","[[{""term"":""1"",""term_index"":1,""coefficient"":0.17290751864066908},{""term"":""u2"",""term_index"":3,""coefficient"":0.13789980880504857},{""term"":""sin(u1)"",""term_index"":9,""coefficient"":-0.2933025257339717},{""term"":""cos(u1)"",""term_index"":10,""coefficient"":0.21055912623775933},{""term"":""sin(u2)"",""term_index"":11,""coefficient"":1.2187240553237582}],[{""term"":""1"",""term_index"":1,""coefficient"":-0.3102774936716308},{""term"":""u1"",""term_index"":2,""coefficient"":0.7651992178026202},{""term"":""u2"",""term_index"":3,""coefficient"":-0.592947586364509},{""term"":""u1^2"",""term_index"":4,""coefficient"":0.05767273054149073},{""term"":""u2^2"",""term_index"":5,""coefficient"":1.9497102249670542},{""term"":""u1*u2"",""term_index"":6,""coefficient"":-1.1193000813027028}]]",capped,False,3,30,23,,"[5,5]","[null,5]","[""Success"",""Unstable"",""MaxIters""]","[""Failure"",""Success"",""MaxLossEvals""]",198003,208176,0,198003,10173,429,46,0.0,0.0,0.0,0.0,0.0,0.0,,,0,2,11,0,0,0,11,0.0,0.0,0.0
520_evogrow_v2_2_stage_local_44_1_123,paper1_phaseC_v1,C,,campaign_cell,,44,Driven pendulum with quadratic damping (dimensionless),2,surrogate,,evogrow_v2_2_stage_local,evogrow_v2_2_stage_local,123,finished,finished,True,,,2026-09-24T00:22:15.069Z,0.0164577775371613,,,,,pruned_support_terms_exact_match,5,,,3550065,,81229.857767177,False,True,False,520,1,0c9672de35c75a9d,221a3a7,False,0.9443142630133292,"[0.9999934652739165, 0.8886350607527418]",470,568,3550065,ffb0266c7913352c,staged_polynomial_basis_with_constant,"[[""1"",""u2"",""sin(u1)"",""cos(u1)"",""sin(u2)""],[""1"",""u1"",""u2"",""u1^2"",""u2^2"",""u1*u2""]]","[[""1"",""u2"",""sin(u1)"",""cos(u1)"",""sin(u2)""],[""1"",""u1"",""u2"",""u1^2"",""u2^2"",""u1*u2""]]","[[{""term"":""1"",""term_index"":1,""coefficient"":0.17290751864066908},{""term"":""u2"",""term_index"":3,""coefficient"":0.13789980880504857},{""term"":""sin(u1)"",""term_index"":9,""coefficient"":-0.2933025257339717},{""term"":""cos(u1)"",""term_index"":10,""coefficient"":0.21055912623775933},{""term"":""sin(u2)"",""term_index"":11,""coefficient"":1.2187240553237582}],[{""term"":""1"",""term_index"":1,""coefficient"":-0.3102774936716308},{""term"":""u1"",""term_index"":2,""coefficient"":0.7651992178026202},{""term"":""u2"",""term_index"":3,""coefficient"":-0.592947586364509},{""term"":""u1^2"",""term_index"":4,""coefficient"":0.05767273054149073},{""term"":""u2^2"",""term_index"":5,""coefficient"":1.9497102249670542},{""term"":""u1*u2"",""term_index"":6,""coefficient"":-1.1193000813027028}]]",uncapped,False,3,30,23,,,,"[""Success"",""Unstable"",""MaxIters""]","[""Failure"",""Success"",""MaxLossEvals""]",198003,208176,0,198003,10173,429,46,0.0,0.0,0.0,0.0,0.0,0.0,,,0,2,11,0,0,0,11,0.0,0.0,0.0
521_evogrow_v2_2_stage_capped_44_1_7,paper1_phaseC_v1,C,,campaign_cell,,44,Driven pendulum with quadratic damping (dimensionless),2,surrogate,,evogrow_v2_2_stage_capped,evogrow_v2_2_stage_capped,7,finished,finished,True,,,2026-09-24T01:03:21.954Z,0.0164577775359396,,,,,pruned_support_terms_exact_match,5,,,3616520,,114898.252385665,False,True,False,521,1,0c9672de35c75a9d,221a3a7,False,0.9443142564674708,"[0.9999934654986654, 0.8886350474362759]",470,601,3616520,ffb0266c7913352c,staged_polynomial_basis_with_constant,"[[""1"",""u2"",""sin(u1)"",""cos(u1)"",""sin(u2)""],[""1"",""u1"",""u2"",""u1^2"",""u2^2"",""u1*u2""]]","[[""1"",""u2"",""sin(u1)"",""cos(u1)"",""sin(u2)""],[""1"",""u1"",""u2"",""u1^2"",""u2^2"",""u1*u2""]]","[[{""term"":""1"",""term_index"":1,""coefficient"":0.17290763465970502},{""term"":""u2"",""term_index"":3,""coefficient"":0.13789481157416233},{""term"":""sin(u1)"",""term_index"":9,""coefficient"":-0.29330406794391417},{""term"":""cos(u1)"",""term_index"":10,""coefficient"":0.210560338851438},{""term"":""sin(u2)"",""term_index"":11,""coefficient"":1.2187320684861391}],[{""term"":""1"",""term_index"":1,""coefficient"":-0.31026906095458134},{""term"":""u1"",""term_index"":2,""coefficient"":0.7651934361913897},{""term"":""u2"",""term_index"":3,""coefficient"":-0.592947570340966},{""term"":""u1^2"",""term_index"":4,""coefficient"":0.05767308196915031},{""term"":""u2^2"",""term_index"":5,""coefficient"":1.9497119861296384},{""term"":""u1*u2"",""term_index"":6,""coefficient"":-1.1192994365879887}]]",capped,False,3,30,23,,"[5,5]","[null,5]","[""Success"",""Unstable"",""MaxIters""]","[""Success"",""Failure"",""MaxLossEvals""]",206036,219247,0,206036,13211,411,60,0.0,0.0,0.0,0.0,0.0,0.0,,,0,2,11,0,0,0,11,0.0,0.0,0.0
522_evogrow_v2_2_stage_local_44_1_7,paper1_phaseC_v1,C,,campaign_cell,,44,Driven pendulum with quadratic damping (dimensionless),2,surrogate,,evogrow_v2_2_stage_local,evogrow_v2_2_stage_local,7,finished,finished,True,,,2026-09-24T01:08:15.288Z,0.0164577775359396,,,,,pruned_support_terms_exact_match,5,,,3616520,,109043.111450987,False,True,False,522,1,0c9672de35c75a9d,221a3a7,False,0.9443142564674708,"[0.9999934654986654, 0.8886350474362759]",470,601,3616520,ffb0266c7913352c,staged_polynomial_basis_with_constant,"[[""1"",""u2"",""sin(u1)"",""cos(u1)"",""sin(u2)""],[""1"",""u1"",""u2"",""u1^2"",""u2^2"",""u1*u2""]]","[[""1"",""u2"",""sin(u1)"",""cos(u1)"",""sin(u2)""],[""1"",""u1"",""u2"",""u1^2"",""u2^2"",""u1*u2""]]","[[{""term"":""1"",""term_index"":1,""coefficient"":0.17290763465970502},{""term"":""u2"",""term_index"":3,""coefficient"":0.13789481157416233},{""term"":""sin(u1)"",""term_index"":9,""coefficient"":-0.29330406794391417},{""term"":""cos(u1)"",""term_index"":10,""coefficient"":0.210560338851438},{""term"":""sin(u2)"",""term_index"":11,""coefficient"":1.2187320684861391}],[{""term"":""1"",""term_index"":1,""coefficient"":-0.31026906095458134},{""term"":""u1"",""term_index"":2,""coefficient"":0.7651934361913897},{""term"":""u2"",""term_index"":3,""coefficient"":-0.592947570340966},{""term"":""u1^2"",""term_index"":4,""coefficient"":0.05767308196915031},{""term"":""u2^2"",""term_index"":5,""coefficient"":1.9497119861296384},{""term"":""u1*u2"",""term_index"":6,""coefficient"":-1.1192994365879887}]]",uncapped,False,3,30,23,,,,"[""Success"",""Unstable"",""MaxIters""]","[""Success"",""Failure"",""MaxLossEvals""]",206036,219247,0,206036,13211,411,60,0.0,0.0,0.0,0.0,0.0,0.0,,,0,2,11,0,0,0,11,0.0,0.0,0.0
523_evogrow_v2_2_stage_capped_44_2_42,paper1_phaseC_v1,C,,campaign_cell,,44,Driven pendulum with quadratic damping (dimensionless),2,surrogate,,evogrow_v2_2_stage_capped,evogrow_v2_2_stage_capped,42,finished,finished,True,,,2026-09-24T01:10:52.995Z,0.0281841468256719,,,,,pruned_support_terms_exact_match,5,,,3429265,,210493.921446863,False,True,False,523,2,0c9672de35c75a9d,221a3a7,False,0.7616449120871507,"[0.9999238609765665, 0.523365963197735]",490,665,3429265,ffb0266c7913352c,staged_polynomial_basis_with_constant,"[[""1"",""u2"",""u2^3"",""sin(u1)"",""cos(u1)""],[""1"",""u1"",""u2"",""u1^2"",""u2^2"",""u1*u2""]]","[[""1"",""u2"",""u2^3"",""sin(u1)"",""cos(u1)""],[""1"",""u1"",""u2"",""u1^2"",""u2^2"",""u1*u2""]]","[[{""term"":""1"",""term_index"":1,""coefficient"":-1.6302191017901733},{""term"":""u2"",""term_index"":3,""coefficient"":3.137709214868325},{""term"":""u2^3"",""term_index"":8,""coefficient"":-0.43965506313053865},{""term"":""sin(u1)"",""term_index"":9,""coefficient"":-0.31999066072616694},{""term"":""cos(u1)"",""term_index"":10,""coefficient"":0.19694801577746987}],[{""term"":""1"",""term_index"":1,""coefficient"":10.0},{""term"":""u1"",""term_index"":2,""coefficient"":3.432853974239832},{""term"":""u2"",""term_index"":3,""coefficient"":-9.630662255108668},{""term"":""u1^2"",""term_index"":4,""coefficient"":0.12219507944494967},{""term"":""u2^2"",""term_index"":5,""coefficient"":2.074499292575085},{""term"":""u1*u2"",""term_index"":6,""coefficient"":-2.8219427298796607}]]",capped,False,3,30,24,,"[5,5]","[null,5]","[""Success"",""Unstable"",""MaxIters""]","[""Success"",""Failure"",""MaxLossEvals""]",268591,312791,0,268591,44200,349,72,0.0,0.0,0.0,0.0,0.0,0.0,,,0,2,11,0,0,0,11,0.0,0.0,0.0
524_evogrow_v2_2_stage_local_44_2_42,paper1_phaseC_v1,C,,campaign_cell,,44,Driven pendulum with quadratic damping (dimensionless),2,surrogate,,evogrow_v2_2_stage_local,evogrow_v2_2_stage_local,42,finished,finished,True,,,2026-09-24T01:17:51.102Z,0.0281841468256719,,,,,pruned_support_terms_exact_match,5,,,3429265,,212247.52473083,False,True,False,524,2,0c9672de35c75a9d,221a3a7,False,0.7616449120871507,"[0.9999238609765665, 0.523365963197735]",490,665,3429265,ffb0266c7913352c,staged_polynomial_basis_with_constant,"[[""1"",""u2"",""u2^3"",""sin(u1)"",""cos(u1)""],[""1"",""u1"",""u2"",""u1^2"",""u2^2"",""u1*u2""]]","[[""1"",""u2"",""u2^3"",""sin(u1)"",""cos(u1)""],[""1"",""u1"",""u2"",""u1^2"",""u2^2"",""u1*u2""]]","[[{""term"":""1"",""term_index"":1,""coefficient"":-1.6302191017901733},{""term"":""u2"",""term_index"":3,""coefficient"":3.137709214868325},{""term"":""u2^3"",""term_index"":8,""coefficient"":-0.43965506313053865},{""term"":""sin(u1)"",""term_index"":9,""coefficient"":-0.31999066072616694},{""term"":""cos(u1)"",""term_index"":10,""coefficient"":0.19694801577746987}],[{""term"":""1"",""term_index"":1,""coefficient"":10.0},{""term"":""u1"",""term_index"":2,""coefficient"":3.432853974239832},{""term"":""u2"",""term_index"":3,""coefficient"":-9.630662255108668},{""term"":""u1^2"",""term_index"":4,""coefficient"":0.12219507944494967},{""term"":""u2^2"",""term_index"":5,""coefficient"":2.074499292575085},{""term"":""u1*u2"",""term_index"":6,""coefficient"":-2.8219427298796607}]]",uncapped,False,3,30,24,,,,"[""Success"",""Unstable"",""MaxIters""]","[""Success"",""Failure"",""MaxLossEvals""]",268591,312791,0,268591,44200,349,72,0.0,0.0,0.0,0.0,0.0,0.0,,,0,2,11,0,0,0,11,0.0,0.0,0.0
525_evogrow_v2_2_stage_capped_44_2_123,paper1_phaseC_v1,C,,campaign_cell,,44,Driven pendulum with quadratic damping (dimensionless),2,surrogate,,evogrow_v2_2_stage_capped,evogrow_v2_2_stage_capped,123,finished,finished,True,,,2026-09-24T01:39:28.485Z,0.0002959643778845,,,,,pruned_support_terms_exact_match,5,,,3004312,,246934.675685784,False,True,False,525,2,0c9672de35c75a9d,221a3a7,False,0.9983508888431276,"[0.9999889463578514, 0.9967128313284039]",470,626,3004312,ffb0266c7913352c,staged_polynomial_basis_with_constant,"[[""u2""],[""1"",""u1"",""u2"",""u1^2"",""u1*u2"",""sin(u1)""]]","[[""u2""],[""1"",""u1"",""u2"",""u1*u2"",""sin(u1)""]]","[[{""term"":""u2"",""term_index"":3,""coefficient"":0.9977406186223166}],[{""term"":""1"",""term_index"":1,""coefficient"":2.5635909833183375},{""term"":""u1"",""term_index"":2,""coefficient"":0.04860412532484181},{""term"":""u2"",""term_index"":3,""coefficient"":-1.5853094548105524},{""term"":""u1^2"",""term_index"":4,""coefficient"":0.0005197609957171847},{""term"":""u1*u2"",""term_index"":6,""coefficient"":-0.03661324733471932},{""term"":""sin(u1)"",""term_index"":9,""coefficient"":-0.9321710809950087}]]",capped,False,3,30,23,,"[5,5]","[null,5]","[""Success"",""Unstable"",""MaxIters""]","[""Success"",""Failure"",""MaxLossEvals""]",203221,242251,0,203221,39030,314,76,0.0,0.0,0.0,0.0,0.0,0.0,,,0,2,7,0,0,0,7,0.0,0.0,0.0
526_evogrow_v2_2_stage_local_44_2_123,paper1_phaseC_v1,C,,campaign_cell,,44,Driven pendulum with quadratic damping (dimensionless),2,surrogate,,evogrow_v2_2_stage_local,evogrow_v2_2_stage_local,123,finished,finished,True,,,2026-09-24T01:54:47.267Z,0.0002959643778845,,,,,pruned_support_terms_exact_match,5,,,3004312,,228726.42283157,False,True,False,526,2,0c9672de35c75a9d,221a3a7,False,0.9983508888431276,"[0.9999889463578514, 0.9967128313284039]",470,626,3004312,ffb0266c7913352c,staged_polynomial_basis_with_constant,"[[""u2""],[""1"",""u1"",""u2"",""u1^2"",""u1*u2"",""sin(u1)""]]","[[""u2""],[""1"",""u1"",""u2"",""u1*u2"",""sin(u1)""]]","[[{""term"":""u2"",""term_index"":3,""coefficient"":0.9977406186223166}],[{""term"":""1"",""term_index"":1,""coefficient"":2.5635909833183375},{""term"":""u1"",""term_index"":2,""coefficient"":0.04860412532484181},{""term"":""u2"",""term_index"":3,""coefficient"":-1.5853094548105524},{""term"":""u1^2"",""term_index"":4,""coefficient"":0.0005197609957171847},{""term"":""u1*u2"",""term_index"":6,""coefficient"":-0.03661324733471932},{""term"":""sin(u1)"",""term_index"":9,""coefficient"":-0.9321710809950087}]]",uncapped,False,3,30,23,,,,"[""Success"",""Unstable"",""MaxIters""]","[""Success"",""Failure"",""MaxLossEvals""]",203221,242251,0,203221,39030,314,76,0.0,0.0,0.0,0.0,0.0,0.0,,,0,2,7,0,0,0,7,0.0,0.0,0.0
527_evogrow_v2_2_stage_capped_44_2_7,paper1_phaseC_v1,C,,campaign_cell,,44,Driven pendulum with quadratic damping (dimensionless),2,surrogate,,evogrow_v2_2_stage_capped,evogrow_v2_2_stage_capped,7,finished,finished,True,,,2026-09-24T02:39:32.973Z,0.0002959643778619,,,,,pruned_support_terms_exact_match,5,,,3163306,,153254.993453364,False,True,False,527,2,0c9672de35c75a9d,221a3a7,False,0.9983508881596902,"[0.9999889463660611, 0.9967128299533193]",450,572,3163306,ffb0266c7913352c,staged_polynomial_basis_with_constant,"[[""u2""],[""1"",""u1"",""u2"",""u1^2"",""u1*u2"",""sin(u1)""]]","[[""u2""],[""1"",""u1"",""u2"",""u1*u2"",""sin(u1)""]]","[[{""term"":""u2"",""term_index"":3,""coefficient"":0.9977406056601555}],[{""term"":""1"",""term_index"":1,""coefficient"":2.5635908443180844},{""term"":""u1"",""term_index"":2,""coefficient"":0.04860420792517976},{""term"":""u2"",""term_index"":3,""coefficient"":-1.585309332452003},{""term"":""u1^2"",""term_index"":4,""coefficient"":0.0005197626858119313},{""term"":""u1*u2"",""term_index"":6,""coefficient"":-0.036613311869550816},{""term"":""sin(u1)"",""term_index"":9,""coefficient"":-0.9321710556719457}]]",capped,False,3,30,22,,"[5,5]","[null,5]","[""Success"",""Unstable"",""MaxIters""]","[""Success"",""Failure"",""MaxLossEvals""]",183080,210149,0,183080,27069,327,78,0.0,0.0,0.0,0.0,0.0,0.0,,,0,2,7,0,0,0,7,0.0,0.0,0.0
528_evogrow_v2_2_stage_local_44_2_7,paper1_phaseC_v1,C,,campaign_cell,,44,Driven pendulum with quadratic damping (dimensionless),2,surrogate,,evogrow_v2_2_stage_local,evogrow_v2_2_stage_local,7,finished,finished,True,,,2026-09-24T03:08:09.564Z,0.0002959643778619,,,,,pruned_support_terms_exact_match,5,,,3163306,,187822.417856944,False,True,False,528,2,0c9672de35c75a9d,221a3a7,False,0.9983508881596902,"[0.9999889463660611, 0.9967128299533193]",450,572,3163306,ffb0266c7913352c,staged_polynomial_basis_with_constant,"[[""u2""],[""1"",""u1"",""u2"",""u1^2"",""u1*u2"",""sin(u1)""]]","[[""u2""],[""1"",""u1"",""u2"",""u1*u2"",""sin(u1)""]]","[[{""term"":""u2"",""term_index"":3,""coefficient"":0.9977406056601555}],[{""term"":""1"",""term_index"":1,""coefficient"":2.5635908443180844},{""term"":""u1"",""term_index"":2,""coefficient"":0.04860420792517976},{""term"":""u2"",""term_index"":3,""coefficient"":-1.585309332452003},{""term"":""u1^2"",""term_index"":4,""coefficient"":0.0005197626858119313},{""term"":""u1*u2"",""term_index"":6,""coefficient"":-0.036613311869550816},{""term"":""sin(u1)"",""term_index"":9,""coefficient"":-0.9321710556719457}]]",uncapped,False,3,30,22,,,,"[""Success"",""Unstable"",""MaxIters""]","[""Success"",""Failure"",""MaxLossEvals""]",183080,210149,0,183080,27069,327,78,0.0,0.0,0.0,0.0,0.0,0.0,,,0,2,7,0,0,0,7,0.0,0.0,0.0
529_evogrow_v2_2_stage_capped_45_1_42,paper1_phaseC_v1,C,,campaign_cell,,45,Isothermal autocatalytic reaction model by Gray and Scott 1985 (dimensionless),2,surrogate,,evogrow_v2_2_stage_capped,evogrow_v2_2_stage_capped,42,finished,finished,True,,,2026-09-24T05:03:35.148Z,0.0012482032028174,,,,,pruned_support_terms_exact_match,5,,,2845153,,32966.769809343,False,True,False,529,1,0c9672de35c75a9d,221a3a7,False,0.9969308155073456,"[0.9948938019499529, 0.9989678290647384]",470,507,2845153,ffb0266c7913352c,staged_polynomial_basis_with_constant,"[[""1"",""u1"",""u2"",""u1*u2""],[""1"",""u1"",""u2""]]","[[""1"",""u1"",""u2"",""u1*u2""],[""1"",""u1"",""u2""]]","[[{""term"":""1"",""term_index"":1,""coefficient"":0.2761222963498504},{""term"":""u1"",""term_index"":2,""coefficient"":-0.17351767965621004},{""term"":""u2"",""term_index"":3,""coefficient"":-0.06008566445722854},{""term"":""u1*u2"",""term_index"":6,""coefficient"":-0.7487347656794384}],[{""term"":""1"",""term_index"":1,""coefficient"":1.0325242190317951},{""term"":""u1"",""term_index"":2,""coefficient"":-0.7432613010502331},{""term"":""u2"",""term_index"":3,""coefficient"":-0.19274376623925119}]]",capped,False,3,30,23,,"[5,5]","[null,5]","[""Success"",""Unstable"",""MaxIters""]","[""Failure"",""Success"",""MaxLossEvals""]",70832,78161,0,70832,7329,283,63,0.0,0.0,0.0,0.0,0.0,0.0,,,0,2,7,0,0,0,7,0.0,0.0,0.0
530_evogrow_v2_2_stage_local_45_1_42,paper1_phaseC_v1,C,,campaign_cell,,45,Isothermal autocatalytic reaction model by Gray and Scott 1985 (dimensionless),2,surrogate,,evogrow_v2_2_stage_local,evogrow_v2_2_stage_local,42,finished,finished,True,,,2026-09-24T05:07:26.931Z,0.0012482032028174,,,,,pruned_support_terms_exact_match,5,,,2845153,,34898.637960271,False,True,False,530,1,0c9672de35c75a9d,221a3a7,False,0.9969308155073456,"[0.9948938019499529, 0.9989678290647384]",470,507,2845153,ffb0266c7913352c,staged_polynomial_basis_with_constant,"[[""1"",""u1"",""u2"",""u1*u2""],[""1"",""u1"",""u2""]]","[[""1"",""u1"",""u2"",""u1*u2""],[""1"",""u1"",""u2""]]","[[{""term"":""1"",""term_index"":1,""coefficient"":0.2761222963498504},{""term"":""u1"",""term_index"":2,""coefficient"":-0.17351767965621004},{""term"":""u2"",""term_index"":3,""coefficient"":-0.06008566445722854},{""term"":""u1*u2"",""term_index"":6,""coefficient"":-0.7487347656794384}],[{""term"":""1"",""term_index"":1,""coefficient"":1.0325242190317951},{""term"":""u1"",""term_index"":2,""coefficient"":-0.7432613010502331},{""term"":""u2"",""term_index"":3,""coefficient"":-0.19274376623925119}]]",uncapped,False,3,30,23,,,,"[""Success"",""Unstable"",""MaxIters""]","[""Failure"",""Success"",""MaxLossEvals""]",70832,78161,0,70832,7329,283,63,0.0,0.0,0.0,0.0,0.0,0.0,,,0,2,7,0,0,0,7,0.0,0.0,0.0
531_evogrow_v2_2_stage_capped_45_1_123,paper1_phaseC_v1,C,,campaign_cell,,45,Isothermal autocatalytic reaction model by Gray and Scott 1985 (dimensionless),2,surrogate,,evogrow_v2_2_stage_capped,evogrow_v2_2_stage_capped,123,finished,finished,True,,,2026-09-24T05:35:51.790Z,0.0012482032026366,,,,,pruned_support_terms_exact_match,5,,,2829838,,38370.180406187,False,True,False,531,1,0c9672de35c75a9d,221a3a7,False,0.9969308104249596,"[0.9948937898813601, 0.9989678309685593]",470,513,2829838,ffb0266c7913352c,staged_polynomial_basis_with_constant,"[[""1"",""u1"",""u2"",""u1*u2""],[""1"",""u1"",""u2""]]","[[""1"",""u1"",""u2"",""u1*u2""],[""1"",""u1"",""u2""]]","[[{""term"":""1"",""term_index"":1,""coefficient"":0.2761262741425281},{""term"":""u1"",""term_index"":2,""coefficient"":-0.17351979664804862},{""term"":""u2"",""term_index"":3,""coefficient"":-0.06008682171303094},{""term"":""u1*u2"",""term_index"":6,""coefficient"":-0.748738363467006}],[{""term"":""1"",""term_index"":1,""coefficient"":1.032524174392075},{""term"":""u1"",""term_index"":2,""coefficient"":-0.7432612646815954},{""term"":""u2"",""term_index"":3,""coefficient"":-0.19274374788298093}]]",capped,False,3,30,23,,"[5,5]","[null,5]","[""Success"",""Unstable"",""MaxIters""]","[""Success"",""Failure"",""MaxLossEvals""]",56988,63608,0,56988,6620,279,70,0.0,0.0,0.0,0.0,0.0,0.0,,,0,2,7,0,0,0,7,0.0,0.0,0.0
532_evogrow_v2_2_stage_local_45_1_123,paper1_phaseC_v1,C,,campaign_cell,,45,Isothermal autocatalytic reaction model by Gray and Scott 1985 (dimensionless),2,surrogate,,evogrow_v2_2_stage_local,evogrow_v2_2_stage_local,123,finished,finished,True,,,2026-09-24T05:51:04.366Z,0.0012482032026366,,,,,pruned_support_terms_exact_match,5,,,2829838,,29700.005016442,False,True,False,532,1,0c9672de35c75a9d,221a3a7,False,0.9969308104249596,"[0.9948937898813601, 0.9989678309685593]",470,513,2829838,ffb0266c7913352c,staged_polynomial_basis_with_constant,"[[""1"",""u1"",""u2"",""u1*u2""],[""1"",""u1"",""u2""]]","[[""1"",""u1"",""u2"",""u1*u2""],[""1"",""u1"",""u2""]]","[[{""term"":""1"",""term_index"":1,""coefficient"":0.2761262741425281},{""term"":""u1"",""term_index"":2,""coefficient"":-0.17351979664804862},{""term"":""u2"",""term_index"":3,""coefficient"":-0.06008682171303094},{""term"":""u1*u2"",""term_index"":6,""coefficient"":-0.748738363467006}],[{""term"":""1"",""term_index"":1,""coefficient"":1.032524174392075},{""term"":""u1"",""term_index"":2,""coefficient"":-0.7432612646815954},{""term"":""u2"",""term_index"":3,""coefficient"":-0.19274374788298093}]]",uncapped,False,3,30,23,,,,"[""Success"",""Unstable"",""MaxIters""]","[""Success"",""Failure"",""MaxLossEvals""]",56988,63608,0,56988,6620,279,70,0.0,0.0,0.0,0.0,0.0,0.0,,,0,2,7,0,0,0,7,0.0,0.0,0.0
533_evogrow_v2_2_stage_capped_45_1_7,paper1_phaseC_v1,C,,campaign_cell,,45,Isothermal autocatalytic reaction model by Gray and Scott 1985 (dimensionless),2,surrogate,,evogrow_v2_2_stage_capped,evogrow_v2_2_stage_capped,7,finished,finished,True,,,2026-09-24T07:39:40.221Z,0.0012482032029244,,,,,pruned_support_terms_exact_match,5,,,2814621,,47174.803683365,False,True,False,533,1,0c9672de35c75a9d,221a3a7,False,0.9969308184237804,"[0.9948938088753009, 0.9989678279722597]",470,505,2814621,ffb0266c7913352c,staged_polynomial_basis_with_constant,"[[""1"",""u1"",""u2"",""u1*u2""],[""1"",""u1"",""u2""]]","[[""1"",""u1"",""u2"",""u1*u2""],[""1"",""u1"",""u2""]]","[[{""term"":""1"",""term_index"":1,""coefficient"":0.27611956904263446},{""term"":""u1"",""term_index"":2,""coefficient"":-0.1735161613140728},{""term"":""u2"",""term_index"":3,""coefficient"":-0.06008489239978258},{""term"":""u1*u2"",""term_index"":6,""coefficient"":-0.7487323763737582}],[{""term"":""1"",""term_index"":1,""coefficient"":1.032524221243018},{""term"":""u1"",""term_index"":2,""coefficient"":-0.7432612694567109},{""term"":""u2"",""term_index"":3,""coefficient"":-0.19274378086158278}]]",capped,False,3,30,23,,"[5,5]","[null,5]","[""Success"",""Unstable"",""MaxIters""]","[""Failure"",""Success"",""MaxLossEvals""]",51574,59688,0,51574,8114,279,63,0.0,0.0,0.0,0.0,0.0,0.0,,,0,2,7,0,0,0,7,0.0,0.0,0.0
534_evogrow_v2_2_stage_local_45_1_7,paper1_phaseC_v1,C,,campaign_cell,,45,Isothermal autocatalytic reaction model by Gray and Scott 1985 (dimensionless),2,surrogate,,evogrow_v2_2_stage_local,evogrow_v2_2_stage_local,7,finished,finished,True,,,2026-09-24T08:05:07.570Z,0.0012482032029244,,,,,pruned_support_terms_exact_match,5,,,2814621,,37140.752699866,False,True,False,534,1,0c9672de35c75a9d,221a3a7,False,0.9969308184237804,"[0.9948938088753009, 0.9989678279722597]",470,505,2814621,ffb0266c7913352c,staged_polynomial_basis_with_constant,"[[""1"",""u1"",""u2"",""u1*u2""],[""1"",""u1"",""u2""]]","[[""1"",""u1"",""u2"",""u1*u2""],[""1"",""u1"",""u2""]]","[[{""term"":""1"",""term_index"":1,""coefficient"":0.27611956904263446},{""term"":""u1"",""term_index"":2,""coefficient"":-0.1735161613140728},{""term"":""u2"",""term_index"":3,""coefficient"":-0.06008489239978258},{""term"":""u1*u2"",""term_index"":6,""coefficient"":-0.7487323763737582}],[{""term"":""1"",""term_index"":1,""coefficient"":1.032524221243018},{""term"":""u1"",""term_index"":2,""coefficient"":-0.7432612694567109},{""term"":""u2"",""term_index"":3,""coefficient"":-0.19274378086158278}]]",uncapped,False,3,30,23,,,,"[""Success"",""Unstable"",""MaxIters""]","[""Failure"",""Success"",""MaxLossEvals""]",51574,59688,0,51574,8114,279,63,0.0,0.0,0.0,0.0,0.0,0.0,,,0,2,7,0,0,0,7,0.0,0.0,0.0
535_evogrow_v2_2_stage_capped_45_2_42,paper1_phaseC_v1,C,,campaign_cell,,45,Isothermal autocatalytic reaction model by Gray and Scott 1985 (dimensionless),2,surrogate,,evogrow_v2_2_stage_capped,evogrow_v2_2_stage_capped,42,finished,finished,True,,,2026-09-24T08:06:19.105Z,0.0028899359852572,,,,,pruned_support_terms_exact_match,5,,,1441203,,5403.660656766,False,True,False,535,2,0c9672de35c75a9d,221a3a7,False,0.8752689688551886,"[0.751125690730772, 0.9994122469796052]",430,439,1441203,ffb0266c7913352c,staged_polynomial_basis_with_constant,"[[""u1""],[""1"",""u1"",""u2""]]","[[""u1""],[""1"",""u1"",""u2""]]","[[{""term"":""u1"",""term_index"":2,""coefficient"":-0.2114622533570821}],[{""term"":""1"",""term_index"":1,""coefficient"":1.310179509272516},{""term"":""u1"",""term_index"":2,""coefficient"":-3.2523711061916987},{""term"":""u2"",""term_index"":3,""coefficient"":-0.18506574682128815}]]",capped,False,3,30,21,,"[5,5]","[null,null]","[""Success"",""Unstable"",""MaxIters""]","[""Success"",""Failure"",""MaxLossEvals""]",16511,18172,0,16511,1661,228,3,0.0,0.0,0.0,0.0,0.0,0.0,,,0,2,4,0,0,0,4,0.0,0.0,0.0
536_evogrow_v2_2_stage_local_45_2_42,paper1_phaseC_v1,C,,campaign_cell,,45,Isothermal autocatalytic reaction model by Gray and Scott 1985 (dimensionless),2,surrogate,,evogrow_v2_2_stage_local,evogrow_v2_2_stage_local,42,finished,finished,True,,,2026-09-24T08:40:58.244Z,0.0028899359852572,,,,,pruned_support_terms_exact_match,5,,,1441203,,8573.599771579,False,True,False,536,2,0c9672de35c75a9d,221a3a7,False,0.8752689688551886,"[0.751125690730772, 0.9994122469796052]",430,439,1441203,ffb0266c7913352c,staged_polynomial_basis_with_constant,"[[""u1""],[""1"",""u1"",""u2""]]","[[""u1""],[""1"",""u1"",""u2""]]","[[{""term"":""u1"",""term_index"":2,""coefficient"":-0.2114622533570821}],[{""term"":""1"",""term_index"":1,""coefficient"":1.310179509272516},{""term"":""u1"",""term_index"":2,""coefficient"":-3.2523711061916987},{""term"":""u2"",""term_index"":3,""coefficient"":-0.18506574682128815}]]",uncapped,False,3,30,21,,,,"[""Success"",""Unstable"",""MaxIters""]","[""Success"",""Failure"",""MaxLossEvals""]",16511,18172,0,16511,1661,228,3,0.0,0.0,0.0,0.0,0.0,0.0,,,0,2,4,0,0,0,4,0.0,0.0,0.0
537_evogrow_v2_2_stage_capped_45_2_123,paper1_phaseC_v1,C,,campaign_cell,,45,Isothermal autocatalytic reaction model by Gray and Scott 1985 (dimensionless),2,surrogate,,evogrow_v2_2_stage_capped,evogrow_v2_2_stage_capped,123,finished,finished,True,,,2026-09-24T09:28:30.806Z,0.0028899359853195,,,,,pruned_support_terms_exact_match,5,,,1428923,,6896.739518381,False,True,False,537,2,0c9672de35c75a9d,221a3a7,False,0.8752689681329655,"[0.7511256892679493, 0.9994122469979818]",430,438,1428923,ffb0266c7913352c,staged_polynomial_basis_with_constant,"[[""u1""],[""1"",""u1"",""u2""]]","[[""u1""],[""1"",""u1"",""u2""]]","[[{""term"":""u1"",""term_index"":2,""coefficient"":-0.21146235273606778}],[{""term"":""1"",""term_index"":1,""coefficient"":1.310180634650331},{""term"":""u1"",""term_index"":2,""coefficient"":-3.2523752382912012},{""term"":""u2"",""term_index"":3,""coefficient"":-0.18506603691668175}]]",capped,False,3,30,21,,"[5,5]","[null,null]","[""Success"",""Unstable"",""MaxIters""]","[""Success"",""Failure"",""MaxLossEvals""]",16852,19113,0,16852,2261,200,4,0.0,0.0,0.0,0.0,0.0,0.0,,,0,2,4,0,0,0,4,0.0,0.0,0.0
538_evogrow_v2_2_stage_local_45_2_123,paper1_phaseC_v1,C,,campaign_cell,,45,Isothermal autocatalytic reaction model by Gray and Scott 1985 (dimensionless),2,surrogate,,evogrow_v2_2_stage_local,evogrow_v2_2_stage_local,123,finished,finished,True,,,2026-09-24T09:37:16.268Z,0.0028899359853195,,,,,pruned_support_terms_exact_match,5,,,1428923,,7003.95313072,False,True,False,538,2,0c9672de35c75a9d,221a3a7,False,0.8752689681329655,"[0.7511256892679493, 0.9994122469979818]",430,438,1428923,ffb0266c7913352c,staged_polynomial_basis_with_constant,"[[""u1""],[""1"",""u1"",""u2""]]","[[""u1""],[""1"",""u1"",""u2""]]","[[{""term"":""u1"",""term_index"":2,""coefficient"":-0.21146235273606778}],[{""term"":""1"",""term_index"":1,""coefficient"":1.310180634650331},{""term"":""u1"",""term_index"":2,""coefficient"":-3.2523752382912012},{""term"":""u2"",""term_index"":3,""coefficient"":-0.18506603691668175}]]",uncapped,False,3,30,21,,,,"[""Success"",""Unstable"",""MaxIters""]","[""Success"",""Failure"",""MaxLossEvals""]",16852,19113,0,16852,2261,200,4,0.0,0.0,0.0,0.0,0.0,0.0,,,0,2,4,0,0,0,4,0.0,0.0,0.0
539_evogrow_v2_2_stage_capped_45_2_7,paper1_phaseC_v1,C,,campaign_cell,,45,Isothermal autocatalytic reaction model by Gray and Scott 1985 (dimensionless),2,surrogate,,evogrow_v2_2_stage_capped,evogrow_v2_2_stage_capped,7,finished,finished,True,,,2026-09-24T10:13:51.599Z,0.0028899359853235,,,,,pruned_support_terms_exact_match,5,,,1926055,,31802.031673743,False,True,False,539,2,0c9672de35c75a9d,221a3a7,False,0.8752689666677891,"[0.7511256863001559, 0.9994122470354223]",470,482,1926055,ffb0266c7913352c,staged_polynomial_basis_with_constant,"[[""u1""],[""1"",""u1"",""u2""]]","[[""u1""],[""1"",""u1"",""u2""]]","[[{""term"":""u1"",""term_index"":2,""coefficient"":-0.21146255430395872}],[{""term"":""1"",""term_index"":1,""coefficient"":1.3101774293943722},{""term"":""u1"",""term_index"":2,""coefficient"":-3.252365086095801},{""term"":""u2"",""term_index"":3,""coefficient"":-0.1850654181366178}]]",capped,False,3,30,23,,"[5,5]","[null,null]","[""Success"",""Unstable"",""MaxIters""]","[""Failure"",""Success"",""MaxLossEvals""]",22129,28096,0,22129,5967,188,20,0.0,0.0,0.0,0.0,0.0,0.0,,,0,2,4,0,0,0,4,0.0,0.0,0.0
540_evogrow_v2_2_stage_local_45_2_7,paper1_phaseC_v1,C,,campaign_cell,,45,Isothermal autocatalytic reaction model by Gray and Scott 1985 (dimensionless),2,surrogate,,evogrow_v2_2_stage_local,evogrow_v2_2_stage_local,7,finished,finished,True,,,2026-09-24T10:43:41.951Z,0.0028899359853235,,,,,pruned_support_terms_exact_match,5,,,1926055,,24645.300424174,False,True,False,540,2,0c9672de35c75a9d,221a3a7,False,0.8752689666677891,"[0.7511256863001559, 0.9994122470354223]",470,482,1926055,ffb0266c7913352c,staged_polynomial_basis_with_constant,"[[""u1""],[""1"",""u1"",""u2""]]","[[""u1""],[""1"",""u1"",""u2""]]","[[{""term"":""u1"",""term_index"":2,""coefficient"":-0.21146255430395872}],[{""term"":""1"",""term_index"":1,""coefficient"":1.3101774293943722},{""term"":""u1"",""term_index"":2,""coefficient"":-3.252365086095801},{""term"":""u2"",""term_index"":3,""coefficient"":-0.1850654181366178}]]",uncapped,False,3,30,23,,,,"[""Success"",""Unstable"",""MaxIters""]","[""Failure"",""Success"",""MaxLossEvals""]",22129,28096,0,22129,5967,188,20,0.0,0.0,0.0,0.0,0.0,0.0,,,0,2,4,0,0,0,4,0.0,0.0,0.0
541_evogrow_v2_2_stage_capped_46_1_42,paper1_phaseC_v1,C,,campaign_cell,,46,Interacting bar magnets,2,surrogate,,evogrow_v2_2_stage_capped,evogrow_v2_2_stage_capped,42,finished,finished,True,,,2026-09-24T11:05:04.918Z,0.0003565797120979,,,,,pruned_support_terms_exact_match,5,,,275761,,765.677297256,False,True,False,541,1,0c9672de35c75a9d,221a3a7,False,0.8532276555381075,"[0.9916862116869629, 0.7147690993892523]",410,417,275761,ffb0266c7913352c,staged_polynomial_basis_with_constant,"[[""u1""],[""1""]]","[[""u1""],[""1""]]","[[{""term"":""u1"",""term_index"":2,""coefficient"":-0.492508769714792}],[{""term"":""1"",""term_index"":1,""coefficient"":0.00876726983929442}]]",capped,False,3,30,20,,"[5,5]","[null,null]","[""Success"",""Unstable"",""MaxIters""]","[""Success"",""Failure"",""MaxLossEvals""]",1762,2023,0,1762,261,6,4,0.0,0.0,0.0,0.0,0.0,0.0,,,0,2,2,0,0,0,2,0.0,0.0,0.0
542_evogrow_v2_2_stage_local_46_1_42,paper1_phaseC_v1,C,,campaign_cell,,46,Interacting bar magnets,2,surrogate,,evogrow_v2_2_stage_local,evogrow_v2_2_stage_local,42,finished,finished,True,,,2026-09-24T11:19:10.631Z,0.0003565797120979,,,,,pruned_support_terms_exact_match,5,,,275761,,763.362776272,False,True,False,542,1,0c9672de35c75a9d,221a3a7,False,0.8532276555381075,"[0.9916862116869629, 0.7147690993892523]",410,417,275761,ffb0266c7913352c,staged_polynomial_basis_with_constant,"[[""u1""],[""1""]]","[[""u1""],[""1""]]","[[{""term"":""u1"",""term_index"":2,""coefficient"":-0.492508769714792}],[{""term"":""1"",""term_index"":1,""coefficient"":0.00876726983929442}]]",uncapped,False,3,30,20,,,,"[""Success"",""Unstable"",""MaxIters""]","[""Success"",""Failure"",""MaxLossEvals""]",1762,2023,0,1762,261,6,4,0.0,0.0,0.0,0.0,0.0,0.0,,,0,2,2,0,0,0,2,0.0,0.0,0.0
543_evogrow_v2_2_stage_capped_46_1_123,paper1_phaseC_v1,C,,campaign_cell,,46,Interacting bar magnets,2,surrogate,,evogrow_v2_2_stage_capped,evogrow_v2_2_stage_capped,123,finished,finished,True,,,2026-09-24T11:24:21.419Z,0.0003565797120978,,,,,pruned_support_terms_exact_match,5,,,335295,,863.793455595,False,True,False,543,1,0c9672de35c75a9d,221a3a7,False,0.8532276555381326,"[0.9916862116869604, 0.7147690993893048]",410,418,335295,ffb0266c7913352c,staged_polynomial_basis_with_constant,"[[""u1""],[""1""]]","[[""u1""],[""1""]]","[[{""term"":""u1"",""term_index"":2,""coefficient"":-0.4925087800113934}],[{""term"":""1"",""term_index"":1,""coefficient"":0.008767270052907367}]]",capped,False,3,30,20,,"[5,5]","[null,null]","[""Success"",""Unstable"",""MaxIters""]","[""Success"",""Failure"",""MaxLossEvals""]",2279,2631,0,2279,352,9,7,0.0,0.0,0.0,0.0,0.0,0.0,,,0,2,2,0,0,0,2,0.0,0.0,0.0
544_evogrow_v2_2_stage_local_46_1_123,paper1_phaseC_v1,C,,campaign_cell,,46,Interacting bar magnets,2,surrogate,,evogrow_v2_2_stage_local,evogrow_v2_2_stage_local,123,finished,finished,True,,,2026-09-24T11:27:45.334Z,0.0003565797120978,,,,,pruned_support_terms_exact_match,5,,,335295,,1106.939038496,False,True,False,544,1,0c9672de35c75a9d,221a3a7,False,0.8532276555381326,"[0.9916862116869604, 0.7147690993893048]",410,418,335295,ffb0266c7913352c,staged_polynomial_basis_with_constant,"[[""u1""],[""1""]]","[[""u1""],[""1""]]","[[{""term"":""u1"",""term_index"":2,""coefficient"":-0.4925087800113934}],[{""term"":""1"",""term_index"":1,""coefficient"":0.008767270052907367}]]",uncapped,False,3,30,20,,,,"[""Success"",""Unstable"",""MaxIters""]","[""Success"",""Failure"",""MaxLossEvals""]",2279,2631,0,2279,352,9,7,0.0,0.0,0.0,0.0,0.0,0.0,,,0,2,2,0,0,0,2,0.0,0.0,0.0
545_evogrow_v2_2_stage_capped_46_1_7,paper1_phaseC_v1,C,,campaign_cell,,46,Interacting bar magnets,2,surrogate,,evogrow_v2_2_stage_capped,evogrow_v2_2_stage_capped,7,finished,finished,True,,,2026-09-24T11:29:50.739Z,0.0003565797120978,,,,,pruned_support_terms_exact_match,5,,,199679,,373.927669214,False,True,False,545,1,0c9672de35c75a9d,221a3a7,False,0.8532276555381391,"[0.9916862116869617, 0.7147690993893163]",410,425,199679,ffb0266c7913352c,staged_polynomial_basis_with_constant,"[[""u1""],[""1""]]","[[""u1""],[""1""]]","[[{""term"":""u1"",""term_index"":2,""coefficient"":-0.4925087567918688}],[{""term"":""1"",""term_index"":1,""coefficient"":0.008767270105722516}]]",capped,False,3,30,20,,"[5,5]","[null,null]","[""Success"",""Unstable"",""MaxIters""]","[""Success"",""Failure""]",2226,2346,0,2226,90,3,0,0.0,0.0,0.0,0.0,0.0,0.0,,,0,2,2,0,0,0,2,0.0,0.0,0.0
546_evogrow_v2_2_stage_local_46_1_7,paper1_phaseC_v1,C,,campaign_cell,,46,Interacting bar magnets,2,surrogate,,evogrow_v2_2_stage_local,evogrow_v2_2_stage_local,7,finished,finished,True,,,2026-09-24T11:33:01.369Z,0.0003565797120978,,,,,pruned_support_terms_exact_match,5,,,199679,,357.616847242,False,True,False,546,1,0c9672de35c75a9d,221a3a7,False,0.8532276555381391,"[0.9916862116869617, 0.7147690993893163]",410,425,199679,ffb0266c7913352c,staged_polynomial_basis_with_constant,"[[""u1""],[""1""]]","[[""u1""],[""1""]]","[[{""term"":""u1"",""term_index"":2,""coefficient"":-0.4925087567918688}],[{""term"":""1"",""term_index"":1,""coefficient"":0.008767270105722516}]]",uncapped,False,3,30,20,,,,"[""Success"",""Unstable"",""MaxIters""]","[""Success"",""Failure""]",2226,2346,0,2226,90,3,0,0.0,0.0,0.0,0.0,0.0,0.0,,,0,2,2,0,0,0,2,0.0,0.0,0.0
547_evogrow_v2_2_stage_capped_46_2_42,paper1_phaseC_v1,C,,campaign_cell,,46,Interacting bar magnets,2,surrogate,,evogrow_v2_2_stage_capped,evogrow_v2_2_stage_capped,42,finished,finished,True,,,2026-09-24T11:35:09.392Z,0.0001718203144461,,,,,pruned_support_terms_exact_match,5,,,320952,,4230.487987881,False,True,False,547,2,0c9672de35c75a9d,221a3a7,False,0.9964055080956444,"[0.9969709203554467, 0.9958400958358423]",410,442,320952,ffb0266c7913352c,staged_polynomial_basis_with_constant,"[[""u1"",""u2""],[""u2""]]","[[""u1"",""u2""],[""u2""]]","[[{""term"":""u1"",""term_index"":2,""coefficient"":-0.5991090066576495},{""term"":""u2"",""term_index"":3,""coefficient"":-0.306620051285201}],[{""term"":""u2"",""term_index"":3,""coefficient"":-0.5911022839456515}]]",capped,False,3,30,20,,"[5,4]","[5,4]","[""Success"",""Unstable"",""MaxIters""]","[""Success"",""Failure"",""MaxLossEvals""]",11749,12738,0,11749,989,16,5,0.0,0.0,0.0,0.0,0.0,0.0,,,0,2,3,0,0,0,3,0.0,0.0,0.0
548_evogrow_v2_2_stage_local_46_2_42,paper1_phaseC_v1,C,,campaign_cell,,46,Interacting bar magnets,2,surrogate,,evogrow_v2_2_stage_local,evogrow_v2_2_stage_local,42,finished,finished,True,,,2026-09-24T11:36:58.566Z,0.0001718203144461,,,,,pruned_support_terms_exact_match,5,,,327023,,3538.542673841,False,True,False,548,2,0c9672de35c75a9d,221a3a7,False,0.9964055080956444,"[0.9969709203554467, 0.9958400958358423]",410,432,327023,ffb0266c7913352c,staged_polynomial_basis_with_constant,"[[""u1"",""u2""],[""u2""]]","[[""u1"",""u2""],[""u2""]]","[[{""term"":""u1"",""term_index"":2,""coefficient"":-0.5991090066576495},{""term"":""u2"",""term_index"":3,""coefficient"":-0.306620051285201}],[{""term"":""u2"",""term_index"":3,""coefficient"":-0.5911022839456515}]]",uncapped,False,3,30,20,,,,"[""Success"",""Unstable"",""MaxIters""]","[""Success"",""Failure"",""MaxLossEvals""]",11175,12374,0,11175,1199,19,4,0.0,0.0,0.0,0.0,0.0,0.0,,,0,2,3,0,0,0,3,0.0,0.0,0.0
549_evogrow_v2_2_stage_capped_46_2_123,paper1_phaseC_v1,C,,campaign_cell,,46,Interacting bar magnets,2,surrogate,,evogrow_v2_2_stage_capped,evogrow_v2_2_stage_capped,123,finished,finished,True,,,2026-09-24T11:39:53.367Z,0.0001718203144461,,,,,pruned_support_terms_exact_match,5,,,453427,,3929.641883081,False,True,False,549,2,0c9672de35c75a9d,221a3a7,False,0.9964055080920928,"[0.9969709203474947, 0.9958400958366909]",430,471,453427,ffb0266c7913352c,staged_polynomial_basis_with_constant,"[[""u1"",""u2""],[""u2""]]","[[""u1"",""u2""],[""u2""]]","[[{""term"":""u1"",""term_index"":2,""coefficient"":-0.5991090146279694},{""term"":""u2"",""term_index"":3,""coefficient"":-0.3066200813647301}],[{""term"":""u2"",""term_index"":3,""coefficient"":-0.5911022960849116}]]",capped,False,3,30,21,,"[5,4]","[5,4]","[""Success"",""Unstable"",""MaxIters""]","[""Success"",""MaxLossEvals"",""Failure""]",7506,8386,0,7506,880,18,8,0.0,0.0,0.0,0.0,0.0,0.0,,,0,2,3,0,0,0,3,0.0,0.0,0.0
550_evogrow_v2_2_stage_local_46_2_123,paper1_phaseC_v1,C,,campaign_cell,,46,Interacting bar magnets,2,surrogate,,evogrow_v2_2_stage_local,evogrow_v2_2_stage_local,123,finished,finished,True,,,2026-09-24T11:39:53.346Z,0.0001718203144461,,,,,pruned_support_terms_exact_match,5,,,483578,,2661.897069099,False,True,False,550,2,0c9672de35c75a9d,221a3a7,False,0.9964055080920928,"[0.9969709203474947, 0.9958400958366909]",430,460,483578,ffb0266c7913352c,staged_polynomial_basis_with_constant,"[[""u1"",""u2""],[""u2""]]","[[""u1"",""u2""],[""u2""]]","[[{""term"":""u1"",""term_index"":2,""coefficient"":-0.5991090146279694},{""term"":""u2"",""term_index"":3,""coefficient"":-0.3066200813647301}],[{""term"":""u2"",""term_index"":3,""coefficient"":-0.5911022960849116}]]",uncapped,False,3,30,21,,,,"[""Success"",""Unstable"",""MaxIters""]","[""Success"",""MaxLossEvals"",""Failure""]",6762,7642,0,6762,880,23,9,0.0,0.0,0.0,0.0,0.0,0.0,,,0,2,3,0,0,0,3,0.0,0.0,0.0
551_evogrow_v2_2_stage_capped_46_2_7,paper1_phaseC_v1,C,,campaign_cell,,46,Interacting bar magnets,2,surrogate,,evogrow_v2_2_stage_capped,evogrow_v2_2_stage_capped,7,finished,finished,True,,,2026-09-24T11:47:22.508Z,0.0001718203144462,,,,,pruned_support_terms_exact_match,5,,,382712,,3052.572814712,False,True,False,551,2,0c9672de35c75a9d,221a3a7,False,0.996405508090338,"[0.99697092034357, 0.9958400958371058]",410,464,382712,ffb0266c7913352c,staged_polynomial_basis_with_constant,"[[""u1"",""u2""],[""u2""]]","[[""u1"",""u2""],[""u2""]]","[[{""term"":""u1"",""term_index"":2,""coefficient"":-0.5991090932901183},{""term"":""u2"",""term_index"":3,""coefficient"":-0.30662011493859226}],[{""term"":""u2"",""term_index"":3,""coefficient"":-0.5911023020361846}]]",capped,False,3,30,20,,"[5,4]","[5,4]","[""Success"",""Unstable"",""MaxIters""]","[""Success"",""MaxLossEvals"",""Failure""]",6584,7373,0,6584,789,28,5,0.0,0.0,0.0,0.0,0.0,0.0,,,0,2,3,0,0,0,3,0.0,0.0,0.0
552_evogrow_v2_2_stage_local_46_2_7,paper1_phaseC_v1,C,,campaign_cell,,46,Interacting bar magnets,2,surrogate,,evogrow_v2_2_stage_local,evogrow_v2_2_stage_local,7,finished,finished,True,,,2026-09-24T12:25:07.803Z,0.0001718203144462,,,,,pruned_support_terms_exact_match,5,,,361041,,1951.116818617,False,True,False,552,2,0c9672de35c75a9d,221a3a7,False,0.996405508090338,"[0.99697092034357, 0.9958400958371058]",410,456,361041,ffb0266c7913352c,staged_polynomial_basis_with_constant,"[[""u1"",""u2""],[""u2""]]","[[""u1"",""u2""],[""u2""]]","[[{""term"":""u1"",""term_index"":2,""coefficient"":-0.5991090932901183},{""term"":""u2"",""term_index"":3,""coefficient"":-0.30662011493859226}],[{""term"":""u2"",""term_index"":3,""coefficient"":-0.5911023020361846}]]",uncapped,False,3,30,20,,,,"[""Success"",""Unstable"",""MaxIters""]","[""Success"",""MaxLossEvals"",""Failure""]",5582,6258,0,5582,676,27,5,0.0,0.0,0.0,0.0,0.0,0.0,,,0,2,3,0,0,0,3,0.0,0.0,0.0
553_evogrow_v2_2_stage_capped_47_1_42,paper1_phaseC_v1,C,,campaign_cell,,47,Binocular rivalry model (no oscillations),2,surrogate,,evogrow_v2_2_stage_capped,evogrow_v2_2_stage_capped,42,finished,finished,True,,,2026-09-24T12:35:09.022Z,0.0001740819030622,,,,,pruned_support_terms_exact_match,5,,,2135354,,1817.821139667,False,True,False,553,1,0c9672de35c75a9d,221a3a7,False,0.9231891994947128,"[0.9762869201361318, 0.8700914788532936]",430,448,2135354,ffb0266c7913352c,staged_polynomial_basis_with_constant,"[[""1"",""u2""],[""1"",""u2""]]","[[""1"",""u2""],[""1"",""u2""]]","[[{""term"":""1"",""term_index"":1,""coefficient"":0.4863667217025978},{""term"":""u2"",""term_index"":3,""coefficient"":-1.4817031313415117}],[{""term"":""1"",""term_index"":1,""coefficient"":0.4747123852430069},{""term"":""u2"",""term_index"":3,""coefficient"":-1.479672248273972}]]",capped,False,3,30,21,,"[5,5]","[null,null]","[""Success"",""Unstable"",""MaxIters""]","[""Success"",""Failure"",""MaxLossEvals""]",10019,10321,0,10019,302,120,72,0.0,0.0,0.0,0.0,0.0,0.0,,,0,2,4,0,0,0,4,0.0,0.0,0.0
554_evogrow_v2_2_stage_local_47_1_42,paper1_phaseC_v1,C,,campaign_cell,,47,Binocular rivalry model (no oscillations),2,surrogate,,evogrow_v2_2_stage_local,evogrow_v2_2_stage_local,42,finished,finished,True,,,2026-09-24T12:36:49.323Z,0.0001740819030622,,,,,pruned_support_terms_exact_match,5,,,2135354,,1453.222329566,False,True,False,554,1,0c9672de35c75a9d,221a3a7,False,0.9231891994947128,"[0.9762869201361318, 0.8700914788532936]",430,448,2135354,ffb0266c7913352c,staged_polynomial_basis_with_constant,"[[""1"",""u2""],[""1"",""u2""]]","[[""1"",""u2""],[""1"",""u2""]]","[[{""term"":""1"",""term_index"":1,""coefficient"":0.4863667217025978},{""term"":""u2"",""term_index"":3,""coefficient"":-1.4817031313415117}],[{""term"":""1"",""term_index"":1,""coefficient"":0.4747123852430069},{""term"":""u2"",""term_index"":3,""coefficient"":-1.479672248273972}]]",uncapped,False,3,30,21,,,,"[""Success"",""Unstable"",""MaxIters""]","[""Success"",""Failure"",""MaxLossEvals""]",10019,10321,0,10019,302,120,72,0.0,0.0,0.0,0.0,0.0,0.0,,,0,2,4,0,0,0,4,0.0,0.0,0.0
555_evogrow_v2_2_stage_capped_47_1_123,paper1_phaseC_v1,C,,campaign_cell,,47,Binocular rivalry model (no oscillations),2,surrogate,,evogrow_v2_2_stage_capped,evogrow_v2_2_stage_capped,123,finished,finished,True,,,2026-09-24T12:39:10.982Z,0.0003728640835891,,,,,pruned_support_terms_exact_match,5,,,1814989,,7549.801152194,False,True,False,555,1,0c9672de35c75a9d,221a3a7,False,0.7553573555470895,"[0.633628467477076, 0.877086243617103]",430,444,1814989,ffb0266c7913352c,staged_polynomial_basis_with_constant,"[[""1"",""u1""],[""1"",""u2""]]","[[""1"",""u1""],[""1"",""u2""]]","[[{""term"":""1"",""term_index"":1,""coefficient"":1.3423920103434064},{""term"":""u1"",""term_index"":2,""coefficient"":-3.0092538237459014}],[{""term"":""1"",""term_index"":1,""coefficient"":0.40478868842464333},{""term"":""u2"",""term_index"":3,""coefficient"":-1.2718229232560305}]]",capped,False,3,30,21,,"[5,5]","[null,null]","[""Success"",""Unstable"",""MaxIters""]","[""Success"",""Failure"",""MaxLossEvals""]",12095,14556,0,12095,2461,99,60,0.0,0.0,0.0,0.0,0.0,0.0,,,0,2,4,0,0,0,4,0.0,0.0,0.0
556_evogrow_v2_2_stage_local_47_1_123,paper1_phaseC_v1,C,,campaign_cell,,47,Binocular rivalry model (no oscillations),2,surrogate,,evogrow_v2_2_stage_local,evogrow_v2_2_stage_local,123,finished,finished,True,,,2026-09-24T12:41:26.833Z,0.0003728640835891,,,,,pruned_support_terms_exact_match,5,,,1814989,,10156.888345106,False,True,False,556,1,0c9672de35c75a9d,221a3a7,False,0.7553573555470895,"[0.633628467477076, 0.877086243617103]",430,444,1814989,ffb0266c7913352c,staged_polynomial_basis_with_constant,"[[""1"",""u1""],[""1"",""u2""]]","[[""1"",""u1""],[""1"",""u2""]]","[[{""term"":""1"",""term_index"":1,""coefficient"":1.3423920103434064},{""term"":""u1"",""term_index"":2,""coefficient"":-3.0092538237459014}],[{""term"":""1"",""term_index"":1,""coefficient"":0.40478868842464333},{""term"":""u2"",""term_index"":3,""coefficient"":-1.2718229232560305}]]",uncapped,False,3,30,21,,,,"[""Success"",""Unstable"",""MaxIters""]","[""Success"",""Failure"",""MaxLossEvals""]",12095,14556,0,12095,2461,99,60,0.0,0.0,0.0,0.0,0.0,0.0,,,0,2,4,0,0,0,4,0.0,0.0,0.0
557_evogrow_v2_2_stage_capped_47_1_7,paper1_phaseC_v1,C,,campaign_cell,,47,Binocular rivalry model (no oscillations),2,surrogate,,evogrow_v2_2_stage_capped,evogrow_v2_2_stage_capped,7,finished,finished,True,,,2026-09-24T12:46:19.969Z,0.0001740819030775,,,,,pruned_support_terms_exact_match,5,,,2384055,,1347.305265324,False,True,False,557,1,0c9672de35c75a9d,221a3a7,False,0.9231891919921138,"[0.9762868906100127, 0.8700914933742148]",430,444,2384055,ffb0266c7913352c,staged_polynomial_basis_with_constant,"[[""1"",""u2""],[""1"",""u2""]]","[[""1"",""u2""],[""1"",""u2""]]","[[{""term"":""1"",""term_index"":1,""coefficient"":0.4863666496384016},{""term"":""u2"",""term_index"":3,""coefficient"":-1.4817029115008404}],[{""term"":""1"",""term_index"":1,""coefficient"":0.47471230640095863},{""term"":""u2"",""term_index"":3,""coefficient"":-1.4796720090228115}]]",capped,False,3,30,21,,"[5,5]","[null,null]","[""Success"",""Unstable"",""MaxIters""]","[""Success"",""Failure"",""MaxLossEvals""]",9423,9685,0,9423,262,149,82,0.0,0.0,0.0,0.0,0.0,0.0,,,0,2,4,0,0,0,4,0.0,0.0,0.0
558_evogrow_v2_2_stage_local_47_1_7,paper1_phaseC_v1,C,,campaign_cell,,47,Binocular rivalry model (no oscillations),2,surrogate,,evogrow_v2_2_stage_local,evogrow_v2_2_stage_local,7,finished,finished,True,,,2026-09-24T12:46:57.437Z,0.0001740819030775,,,,,pruned_support_terms_exact_match,5,,,2384055,,1871.005364467,False,True,False,558,1,0c9672de35c75a9d,221a3a7,False,0.9231891919921138,"[0.9762868906100127, 0.8700914933742148]",430,444,2384055,ffb0266c7913352c,staged_polynomial_basis_with_constant,"[[""1"",""u2""],[""1"",""u2""]]","[[""1"",""u2""],[""1"",""u2""]]","[[{""term"":""1"",""term_index"":1,""coefficient"":0.4863666496384016},{""term"":""u2"",""term_index"":3,""coefficient"":-1.4817029115008404}],[{""term"":""1"",""term_index"":1,""coefficient"":0.47471230640095863},{""term"":""u2"",""term_index"":3,""coefficient"":-1.4796720090228115}]]",uncapped,False,3,30,21,,,,"[""Success"",""Unstable"",""MaxIters""]","[""Success"",""Failure"",""MaxLossEvals""]",9423,9685,0,9423,262,149,82,0.0,0.0,0.0,0.0,0.0,0.0,,,0,2,4,0,0,0,4,0.0,0.0,0.0
559_evogrow_v2_2_stage_capped_47_2_42,paper1_phaseC_v1,C,,campaign_cell,,47,Binocular rivalry model (no oscillations),2,surrogate,,evogrow_v2_2_stage_capped,evogrow_v2_2_stage_capped,42,finished,finished,True,,,2026-09-24T12:52:33.382Z,0.000471557189596,,,,,pruned_support_terms_exact_match,5,,,1726881,,22828.27418066,False,True,False,559,2,0c9672de35c75a9d,221a3a7,False,0.9996273191890463,"[0.9994664871712052, 0.9997881512068875]",530,720,1726881,ffb0266c7913352c,staged_polynomial_basis_with_constant,"[[""u1"",""u2""],[""1"",""u1""]]","[[""u1"",""u2""],[""1"",""u1""]]","[[{""term"":""u1"",""term_index"":2,""coefficient"":-1.9331276182649237},{""term"":""u2"",""term_index"":3,""coefficient"":0.2993319146549958}],[{""term"":""1"",""term_index"":1,""coefficient"":0.3788220527557879},{""term"":""u1"",""term_index"":2,""coefficient"":-3.3966654971543173}]]",capped,False,3,30,26,,"[5,5]","[5,5]","[""Success"",""Unstable"",""MaxIters""]","[""Success"",""MaxLossEvals"",""Failure""]",87356,92410,0,87356,5054,112,51,0.0,0.0,0.0,0.0,0.0,0.0,,,0,2,4,0,0,0,4,0.0,0.0,0.0
560_evogrow_v2_2_stage_local_47_2_42,paper1_phaseC_v1,C,,campaign_cell,,47,Binocular rivalry model (no oscillations),2,surrogate,,evogrow_v2_2_stage_local,evogrow_v2_2_stage_local,42,finished,finished,True,,,2026-09-24T12:58:31.042Z,0.000471557189596,,,,,pruned_support_terms_exact_match,5,,,1726881,,18309.92897062,False,True,False,560,2,0c9672de35c75a9d,221a3a7,False,0.9996273191890463,"[0.9994664871712052, 0.9997881512068875]",530,720,1726881,ffb0266c7913352c,staged_polynomial_basis_with_constant,"[[""u1"",""u2""],[""1"",""u1""]]","[[""u1"",""u2""],[""1"",""u1""]]","[[{""term"":""u1"",""term_index"":2,""coefficient"":-1.9331276182649237},{""term"":""u2"",""term_index"":3,""coefficient"":0.2993319146549958}],[{""term"":""1"",""term_index"":1,""coefficient"":0.3788220527557879},{""term"":""u1"",""term_index"":2,""coefficient"":-3.3966654971543173}]]",uncapped,False,3,30,26,,,,"[""Success"",""Unstable"",""MaxIters""]","[""Success"",""MaxLossEvals"",""Failure""]",87356,92410,0,87356,5054,112,51,0.0,0.0,0.0,0.0,0.0,0.0,,,0,2,4,0,0,0,4,0.0,0.0,0.0
561_evogrow_v2_2_stage_capped_47_2_123,paper1_phaseC_v1,C,,campaign_cell,,47,Binocular rivalry model (no oscillations),2,surrogate,,evogrow_v2_2_stage_capped,evogrow_v2_2_stage_capped,123,finished,finished,True,,,2026-09-24T13:02:10.627Z,0.0004715571895757,,,,,pruned_support_terms_exact_match,5,,,1852787,,40772.19471188,False,True,False,561,2,0c9672de35c75a9d,221a3a7,False,0.9996273185501912,"[0.9994664857379603, 0.9997881513624219]",470,655,1852787,ffb0266c7913352c,staged_polynomial_basis_with_constant,"[[""u1"",""u2""],[""1"",""u1""]]","[[""u1"",""u2""],[""1"",""u1""]]","[[{""term"":""u1"",""term_index"":2,""coefficient"":-1.9331280684114152},{""term"":""u2"",""term_index"":3,""coefficient"":0.29933207515913196}],[{""term"":""1"",""term_index"":1,""coefficient"":0.37882214993984975},{""term"":""u1"",""term_index"":2,""coefficient"":-3.3966654820940216}]]",capped,False,3,30,23,,"[5,5]","[5,5]","[""Success"",""Unstable"",""MaxIters""]","[""Success"",""Failure"",""MaxLossEvals""]",77559,86782,0,77559,9223,117,65,0.0,0.0,0.0,0.0,0.0,0.0,,,0,2,4,0,0,0,4,0.0,0.0,0.0
562_evogrow_v2_2_stage_local_47_2_123,paper1_phaseC_v1,C,,campaign_cell,,47,Binocular rivalry model (no oscillations),2,surrogate,,evogrow_v2_2_stage_local,evogrow_v2_2_stage_local,123,finished,finished,True,,,2026-09-24T13:06:32.462Z,0.0004715571895757,,,,,pruned_support_terms_exact_match,5,,,1852787,,40843.124374163,False,True,False,562,2,0c9672de35c75a9d,221a3a7,False,0.9996273185501912,"[0.9994664857379603, 0.9997881513624219]",470,655,1852787,ffb0266c7913352c,staged_polynomial_basis_with_constant,"[[""u1"",""u2""],[""1"",""u1""]]","[[""u1"",""u2""],[""1"",""u1""]]","[[{""term"":""u1"",""term_index"":2,""coefficient"":-1.9331280684114152},{""term"":""u2"",""term_index"":3,""coefficient"":0.29933207515913196}],[{""term"":""1"",""term_index"":1,""coefficient"":0.37882214993984975},{""term"":""u1"",""term_index"":2,""coefficient"":-3.3966654820940216}]]",uncapped,False,3,30,23,,,,"[""Success"",""Unstable"",""MaxIters""]","[""Success"",""Failure"",""MaxLossEvals""]",77559,86782,0,77559,9223,117,65,0.0,0.0,0.0,0.0,0.0,0.0,,,0,2,4,0,0,0,4,0.0,0.0,0.0
563_evogrow_v2_2_stage_capped_47_2_7,paper1_phaseC_v1,C,,campaign_cell,,47,Binocular rivalry model (no oscillations),2,surrogate,,evogrow_v2_2_stage_capped,evogrow_v2_2_stage_capped,7,finished,finished,True,,,2026-09-24T13:09:39.477Z,0.0001637997311793,,,,,pruned_support_terms_exact_match,5,,,2064055,,20024.280950551,False,True,False,563,2,0c9672de35c75a9d,221a3a7,False,0.9998334308898148,"[0.9997314142164374, 0.9999354475631923]",550,675,2064055,ffb0266c7913352c,staged_polynomial_basis_with_constant,"[[""1"",""u1"",""u2""],[""u1"",""u2""]]","[[""1"",""u1"",""u2""],[""u1"",""u2""]]","[[{""term"":""1"",""term_index"":1,""coefficient"":-0.18218946436159708},{""term"":""u1"",""term_index"":2,""coefficient"":-3.3749711221719774},{""term"":""u2"",""term_index"":3,""coefficient"":0.778355352606299}],[{""term"":""u1"",""term_index"":2,""coefficient"":-6.300775778213007},{""term"":""u2"",""term_index"":3,""coefficient"":0.9759274578144526}]]",capped,False,3,30,27,,"[5,5]","[5,5]","[""Success"",""Unstable"",""MaxIters""]","[""Success"",""MaxLossEvals"",""Failure""]",72812,78025,0,72812,5213,131,70,0.0,0.0,0.0,0.0,0.0,0.0,,,0,2,5,0,0,0,5,0.0,0.0,0.0
564_evogrow_v2_2_stage_local_47_2_7,paper1_phaseC_v1,C,,campaign_cell,,47,Binocular rivalry model (no oscillations),2,surrogate,,evogrow_v2_2_stage_local,evogrow_v2_2_stage_local,7,finished,finished,True,,,2026-09-24T13:19:02.314Z,0.0001637997311793,,,,,pruned_support_terms_exact_match,5,,,2064055,,19530.716116406,False,True,False,564,2,0c9672de35c75a9d,221a3a7,False,0.9998334308898148,"[0.9997314142164374, 0.9999354475631923]",550,675,2064055,ffb0266c7913352c,staged_polynomial_basis_with_constant,"[[""1"",""u1"",""u2""],[""u1"",""u2""]]","[[""1"",""u1"",""u2""],[""u1"",""u2""]]","[[{""term"":""1"",""term_index"":1,""coefficient"":-0.18218946436159708},{""term"":""u1"",""term_index"":2,""coefficient"":-3.3749711221719774},{""term"":""u2"",""term_index"":3,""coefficient"":0.778355352606299}],[{""term"":""u1"",""term_index"":2,""coefficient"":-6.300775778213007},{""term"":""u2"",""term_index"":3,""coefficient"":0.9759274578144526}]]",uncapped,False,3,30,27,,,,"[""Success"",""Unstable"",""MaxIters""]","[""Success"",""MaxLossEvals"",""Failure""]",72812,78025,0,72812,5213,131,70,0.0,0.0,0.0,0.0,0.0,0.0,,,0,2,5,0,0,0,5,0.0,0.0,0.0
565_evogrow_v2_2_stage_capped_48_1_42,paper1_phaseC_v1,C,,campaign_cell,,48,Bacterial respiration model for nutrients and oxygen levels,2,surrogate,,evogrow_v2_2_stage_capped,evogrow_v2_2_stage_capped,42,finished,finished,True,,,2026-09-24T13:46:41.019Z,0.0635939840352586,,,,,pruned_support_terms_exact_match,5,,,4229378,,48694.441753783,False,True,False,565,1,0c9672de35c75a9d,221a3a7,False,0.997768036276785,"[0.9961841661231732, 0.9993519064303968]",610,1242,4229378,ffb0266c7913352c,staged_polynomial_basis_with_constant,"[[""1"",""u1"",""u2"",""u1^2"",""u2^2"",""u1*u2""],[""1"",""u1"",""u2"",""u1^2"",""u2^2""]]","[[""1"",""u1"",""u2"",""u1^2"",""u2^2"",""u1*u2""],[""1"",""u1"",""u2"",""u1^2""]]","[[{""term"":""1"",""term_index"":1,""coefficient"":-10.0},{""term"":""u1"",""term_index"":2,""coefficient"":1.150065699001772},{""term"":""u2"",""term_index"":3,""coefficient"":0.8700717469101398},{""term"":""u1^2"",""term_index"":4,""coefficient"":-0.15055292935905695},{""term"":""u2^2"",""term_index"":5,""coefficient"":-0.018327979368818983},{""term"":""u1*u2"",""term_index"":6,""coefficient"":0.024515939360871406}],[{""term"":""1"",""term_index"":1,""coefficient"":-10.0},{""term"":""u1"",""term_index"":2,""coefficient"":2.0157420004901225},{""term"":""u2"",""term_index"":3,""coefficient"":0.35899837031744025},{""term"":""u1^2"",""term_index"":4,""coefficient"":-0.08190963929707659},{""term"":""u2^2"",""term_index"":5,""coefficient"":-0.007811530823909191}]]",capped,False,3,30,30,,"[5,5]","[null,null]","[""Success"",""Unstable"",""MaxIters""]","[""Failure"",""Success"",""MaxLossEvals""]",415365,423233,0,415365,7868,336,148,0.0,0.0,0.0,0.0,0.0,0.0,,,0,2,11,0,0,0,11,0.0,0.0,0.0
566_evogrow_v2_2_stage_local_48_1_42,paper1_phaseC_v1,C,,campaign_cell,,48,Bacterial respiration model for nutrients and oxygen levels,2,surrogate,,evogrow_v2_2_stage_local,evogrow_v2_2_stage_local,42,finished,finished,True,,,2026-09-24T14:06:58.227Z,0.0635939840352586,,,,,pruned_support_terms_exact_match,5,,,4229378,,48862.371025595,False,True,False,566,1,0c9672de35c75a9d,221a3a7,False,0.997768036276785,"[0.9961841661231732, 0.9993519064303968]",610,1242,4229378,ffb0266c7913352c,staged_polynomial_basis_with_constant,"[[""1"",""u1"",""u2"",""u1^2"",""u2^2"",""u1*u2""],[""1"",""u1"",""u2"",""u1^2"",""u2^2""]]","[[""1"",""u1"",""u2"",""u1^2"",""u2^2"",""u1*u2""],[""1"",""u1"",""u2"",""u1^2""]]","[[{""term"":""1"",""term_index"":1,""coefficient"":-10.0},{""term"":""u1"",""term_index"":2,""coefficient"":1.150065699001772},{""term"":""u2"",""term_index"":3,""coefficient"":0.8700717469101398},{""term"":""u1^2"",""term_index"":4,""coefficient"":-0.15055292935905695},{""term"":""u2^2"",""term_index"":5,""coefficient"":-0.018327979368818983},{""term"":""u1*u2"",""term_index"":6,""coefficient"":0.024515939360871406}],[{""term"":""1"",""term_index"":1,""coefficient"":-10.0},{""term"":""u1"",""term_index"":2,""coefficient"":2.0157420004901225},{""term"":""u2"",""term_index"":3,""coefficient"":0.35899837031744025},{""term"":""u1^2"",""term_index"":4,""coefficient"":-0.08190963929707659},{""term"":""u2^2"",""term_index"":5,""coefficient"":-0.007811530823909191}]]",uncapped,False,3,30,30,,,,"[""Success"",""Unstable"",""MaxIters""]","[""Failure"",""Success"",""MaxLossEvals""]",415365,423233,0,415365,7868,336,148,0.0,0.0,0.0,0.0,0.0,0.0,,,0,2,11,0,0,0,11,0.0,0.0,0.0
567_evogrow_v2_2_stage_capped_48_1_123,paper1_phaseC_v1,C,,campaign_cell,,48,Bacterial respiration model for nutrients and oxygen levels,2,surrogate,,evogrow_v2_2_stage_capped,evogrow_v2_2_stage_capped,123,finished,finished,True,,,2026-09-24T14:13:56.075Z,0.05937488621246,,,,,pruned_support_terms_exact_match,5,,,4348994,,37765.126828854,False,True,False,567,1,0c9672de35c75a9d,221a3a7,False,0.997575648819969,"[0.9956070282490612, 0.9995442693908768]",610,1221,4348994,ffb0266c7913352c,staged_polynomial_basis_with_constant,"[[""1"",""u1"",""u2"",""u1^2"",""u2^2""],[""1"",""u1"",""u2"",""u1^2"",""u2^2"",""sin(u1)""]]","[[""1"",""u1"",""u2"",""u1^2"",""u2^2""],[""1"",""u1"",""u2"",""u1^2"",""sin(u1)""]]","[[{""term"":""1"",""term_index"":1,""coefficient"":-2.4869993598169398},{""term"":""u1"",""term_index"":2,""coefficient"":1.3400502151332998},{""term"":""u2"",""term_index"":3,""coefficient"":0.2894924381136508},{""term"":""u1^2"",""term_index"":4,""coefficient"":-0.10194963388343362},{""term"":""u2^2"",""term_index"":5,""coefficient"":-0.007100888012511621}],[{""term"":""1"",""term_index"":1,""coefficient"":-10.0},{""term"":""u1"",""term_index"":2,""coefficient"":2.1431410888983216},{""term"":""u2"",""term_index"":3,""coefficient"":0.37116805301017564},{""term"":""u1^2"",""term_index"":4,""coefficient"":-0.09715664450780649},{""term"":""u2^2"",""term_index"":5,""coefficient"":-0.008094866776046285},{""term"":""sin(u1)"",""term_index"":9,""coefficient"":-0.815831786741463}]]",capped,False,3,30,30,,"[5,5]","[null,null]","[""Success"",""Unstable"",""MaxIters""]","[""Failure"",""Success"",""MaxLossEvals""]",441297,445306,0,441297,4009,343,149,0.0,0.0,0.0,0.0,0.0,0.0,,,0,2,11,0,0,0,11,0.0,0.0,0.0
568_evogrow_v2_2_stage_local_48_1_123,paper1_phaseC_v1,C,,campaign_cell,,48,Bacterial respiration model for nutrients and oxygen levels,2,surrogate,,evogrow_v2_2_stage_local,evogrow_v2_2_stage_local,123,finished,finished,True,,,2026-09-24T14:45:55.141Z,0.05937488621246,,,,,pruned_support_terms_exact_match,5,,,4348994,,38455.312119813,False,True,False,568,1,0c9672de35c75a9d,221a3a7,False,0.997575648819969,"[0.9956070282490612, 0.9995442693908768]",610,1221,4348994,ffb0266c7913352c,staged_polynomial_basis_with_constant,"[[""1"",""u1"",""u2"",""u1^2"",""u2^2""],[""1"",""u1"",""u2"",""u1^2"",""u2^2"",""sin(u1)""]]","[[""1"",""u1"",""u2"",""u1^2"",""u2^2""],[""1"",""u1"",""u2"",""u1^2"",""sin(u1)""]]","[[{""term"":""1"",""term_index"":1,""coefficient"":-2.4869993598169398},{""term"":""u1"",""term_index"":2,""coefficient"":1.3400502151332998},{""term"":""u2"",""term_index"":3,""coefficient"":0.2894924381136508},{""term"":""u1^2"",""term_index"":4,""coefficient"":-0.10194963388343362},{""term"":""u2^2"",""term_index"":5,""coefficient"":-0.007100888012511621}],[{""term"":""1"",""term_index"":1,""coefficient"":-10.0},{""term"":""u1"",""term_index"":2,""coefficient"":2.1431410888983216},{""term"":""u2"",""term_index"":3,""coefficient"":0.37116805301017564},{""term"":""u1^2"",""term_index"":4,""coefficient"":-0.09715664450780649},{""term"":""u2^2"",""term_index"":5,""coefficient"":-0.008094866776046285},{""term"":""sin(u1)"",""term_index"":9,""coefficient"":-0.815831786741463}]]",uncapped,False,3,30,30,,,,"[""Success"",""Unstable"",""MaxIters""]","[""Failure"",""Success"",""MaxLossEvals""]",441297,445306,0,441297,4009,343,149,0.0,0.0,0.0,0.0,0.0,0.0,,,0,2,11,0,0,0,11,0.0,0.0,0.0
569_evogrow_v2_2_stage_capped_48_1_7,paper1_phaseC_v1,C,,campaign_cell,,48,Bacterial respiration model for nutrients and oxygen levels,2,surrogate,,evogrow_v2_2_stage_capped,evogrow_v2_2_stage_capped,7,finished,finished,True,,,2026-09-24T14:49:58.414Z,0.0567673202555375,,,,,pruned_support_terms_exact_match,5,,,4007432,,41245.24437322,False,True,False,569,1,0c9672de35c75a9d,221a3a7,False,0.9978306886065244,"[0.9961622724867197, 0.9994991047263292]",610,1235,4007432,ffb0266c7913352c,staged_polynomial_basis_with_constant,"[[""1"",""u1"",""u2"",""u1^2"",""u2^2"",""cos(u2)""],[""1"",""u1"",""u2"",""u1^2"",""u2^2"",""sin(u1)""]]","[[""1"",""u1"",""u2"",""u1^2"",""u2^2"",""cos(u2)""],[""1"",""u1"",""u2"",""u1^2"",""sin(u1)""]]","[[{""term"":""1"",""term_index"":1,""coefficient"":-9.995777330972386},{""term"":""u1"",""term_index"":2,""coefficient"":1.7197285793775368},{""term"":""u2"",""term_index"":3,""coefficient"":0.7326192976028056},{""term"":""u1^2"",""term_index"":4,""coefficient"":-0.13664036965421145},{""term"":""u2^2"",""term_index"":5,""coefficient"":-0.01330122611351327},{""term"":""cos(u2)"",""term_index"":12,""coefficient"":0.13907876671406266}],[{""term"":""1"",""term_index"":1,""coefficient"":-9.99858547352596},{""term"":""u1"",""term_index"":2,""coefficient"":2.1741638577861626},{""term"":""u2"",""term_index"":3,""coefficient"":0.3647139992531312},{""term"":""u1^2"",""term_index"":4,""coefficient"":-0.0998278316140835},{""term"":""u2^2"",""term_index"":5,""coefficient"":-0.008001984144958936},{""term"":""sin(u1)"",""term_index"":9,""coefficient"":-0.9491740401534602}]]",capped,False,3,30,30,,"[5,5]","[null,null]","[""Success"",""Unstable"",""MaxIters""]","[""Success"",""Failure"",""MaxLossEvals""]",380852,385415,0,380852,4563,340,134,0.0,0.0,0.0,0.0,0.0,0.0,,,0,2,12,0,0,0,12,0.0,0.0,0.0
570_evogrow_v2_2_stage_local_48_1_7,paper1_phaseC_v1,C,,campaign_cell,,48,Bacterial respiration model for nutrients and oxygen levels,2,surrogate,,evogrow_v2_2_stage_local,evogrow_v2_2_stage_local,7,finished,finished,True,,,2026-09-24T15:31:52.780Z,0.0567673202555375,,,,,pruned_support_terms_exact_match,5,,,4007432,,55043.790732713,False,True,False,570,1,0c9672de35c75a9d,221a3a7,False,0.9978306886065244,"[0.9961622724867197, 0.9994991047263292]",610,1235,4007432,ffb0266c7913352c,staged_polynomial_basis_with_constant,"[[""1"",""u1"",""u2"",""u1^2"",""u2^2"",""cos(u2)""],[""1"",""u1"",""u2"",""u1^2"",""u2^2"",""sin(u1)""]]","[[""1"",""u1"",""u2"",""u1^2"",""u2^2"",""cos(u2)""],[""1"",""u1"",""u2"",""u1^2"",""sin(u1)""]]","[[{""term"":""1"",""term_index"":1,""coefficient"":-9.995777330972386},{""term"":""u1"",""term_index"":2,""coefficient"":1.7197285793775368},{""term"":""u2"",""term_index"":3,""coefficient"":0.7326192976028056},{""term"":""u1^2"",""term_index"":4,""coefficient"":-0.13664036965421145},{""term"":""u2^2"",""term_index"":5,""coefficient"":-0.01330122611351327},{""term"":""cos(u2)"",""term_index"":12,""coefficient"":0.13907876671406266}],[{""term"":""1"",""term_index"":1,""coefficient"":-9.99858547352596},{""term"":""u1"",""term_index"":2,""coefficient"":2.1741638577861626},{""term"":""u2"",""term_index"":3,""coefficient"":0.3647139992531312},{""term"":""u1^2"",""term_index"":4,""coefficient"":-0.0998278316140835},{""term"":""u2^2"",""term_index"":5,""coefficient"":-0.008001984144958936},{""term"":""sin(u1)"",""term_index"":9,""coefficient"":-0.9491740401534602}]]",uncapped,False,3,30,30,,,,"[""Success"",""Unstable"",""MaxIters""]","[""Success"",""Failure"",""MaxLossEvals""]",380852,385415,0,380852,4563,340,134,0.0,0.0,0.0,0.0,0.0,0.0,,,0,2,12,0,0,0,12,0.0,0.0,0.0
571_evogrow_v2_2_stage_capped_48_2_42,paper1_phaseC_v1,C,,campaign_cell,,48,Bacterial respiration model for nutrients and oxygen levels,2,surrogate,,evogrow_v2_2_stage_capped,evogrow_v2_2_stage_capped,42,finished,finished,True,,,2026-09-24T16:16:25.973Z,0.0123831605887732,,,,,pruned_support_terms_exact_match,5,,,4713295,,72231.593317576,False,True,False,571,2,0c9672de35c75a9d,221a3a7,False,0.9995514099118388,"[0.9991817241125662, 0.9999210957111112]",610,1119,4713295,ffb0266c7913352c,staged_polynomial_basis_with_constant,"[[""1"",""u1"",""u2"",""u1^2"",""sin(u2)""],[""1"",""u1"",""u2"",""u1^2"",""u1*u2"",""sin(u1)""]]","[[""1"",""u1"",""u2"",""u1^2"",""sin(u2)""],[""1"",""u1"",""u2"",""u1^2"",""sin(u1)""]]","[[{""term"":""1"",""term_index"":1,""coefficient"":-5.434209461114492},{""term"":""u1"",""term_index"":2,""coefficient"":2.119360146822188},{""term"":""u2"",""term_index"":3,""coefficient"":-0.14989694174291693},{""term"":""u1^2"",""term_index"":4,""coefficient"":-0.10121090773911265},{""term"":""sin(u2)"",""term_index"":11,""coefficient"":-0.22644016601266406}],[{""term"":""1"",""term_index"":1,""coefficient"":-10.0},{""term"":""u1"",""term_index"":2,""coefficient"":2.8560444980911526},{""term"":""u2"",""term_index"":3,""coefficient"":-0.18535054464918538},{""term"":""u1^2"",""term_index"":4,""coefficient"":-0.09511451385894555},{""term"":""u1*u2"",""term_index"":6,""coefficient"":0.0025298757056602846},{""term"":""sin(u1)"",""term_index"":9,""coefficient"":0.05357453992405906}]]",capped,False,3,30,30,,"[5,5]","[null,null]","[""Success"",""Unstable"",""MaxIters""]","[""Failure"",""Success"",""MaxLossEvals""]",392889,401415,0,392889,8526,383,142,0.0,0.0,0.0,0.0,0.0,0.0,,,0,2,11,0,0,0,11,0.0,0.0,0.0
572_evogrow_v2_2_stage_local_48_2_42,paper1_phaseC_v1,C,,campaign_cell,,48,Bacterial respiration model for nutrients and oxygen levels,2,surrogate,,evogrow_v2_2_stage_local,evogrow_v2_2_stage_local,42,finished,finished,True,,,2026-09-24T16:40:20.900Z,0.0123831605887732,,,,,pruned_support_terms_exact_match,5,,,4713295,,71964.460628708,False,True,False,572,2,0c9672de35c75a9d,221a3a7,False,0.9995514099118388,"[0.9991817241125662, 0.9999210957111112]",610,1119,4713295,ffb0266c7913352c,staged_polynomial_basis_with_constant,"[[""1"",""u1"",""u2"",""u1^2"",""sin(u2)""],[""1"",""u1"",""u2"",""u1^2"",""u1*u2"",""sin(u1)""]]","[[""1"",""u1"",""u2"",""u1^2"",""sin(u2)""],[""1"",""u1"",""u2"",""u1^2"",""sin(u1)""]]","[[{""term"":""1"",""term_index"":1,""coefficient"":-5.434209461114492},{""term"":""u1"",""term_index"":2,""coefficient"":2.119360146822188},{""term"":""u2"",""term_index"":3,""coefficient"":-0.14989694174291693},{""term"":""u1^2"",""term_index"":4,""coefficient"":-0.10121090773911265},{""term"":""sin(u2)"",""term_index"":11,""coefficient"":-0.22644016601266406}],[{""term"":""1"",""term_index"":1,""coefficient"":-10.0},{""term"":""u1"",""term_index"":2,""coefficient"":2.8560444980911526},{""term"":""u2"",""term_index"":3,""coefficient"":-0.18535054464918538},{""term"":""u1^2"",""term_index"":4,""coefficient"":-0.09511451385894555},{""term"":""u1*u2"",""term_index"":6,""coefficient"":0.0025298757056602846},{""term"":""sin(u1)"",""term_index"":9,""coefficient"":0.05357453992405906}]]",uncapped,False,3,30,30,,,,"[""Success"",""Unstable"",""MaxIters""]","[""Failure"",""Success"",""MaxLossEvals""]",392889,401415,0,392889,8526,383,142,0.0,0.0,0.0,0.0,0.0,0.0,,,0,2,11,0,0,0,11,0.0,0.0,0.0
573_evogrow_v2_2_stage_capped_48_2_123,paper1_phaseC_v1,C,,campaign_cell,,48,Bacterial respiration model for nutrients and oxygen levels,2,surrogate,,evogrow_v2_2_stage_capped,evogrow_v2_2_stage_capped,123,finished,finished,True,,,2026-09-24T16:47:11.252Z,0.0126052436809062,,,,,pruned_support_terms_exact_match,5,,,4568544,,74909.940667898,False,True,False,573,2,0c9672de35c75a9d,221a3a7,False,0.9995967315517208,"[0.9992845732393711, 0.9999088898640708]",590,1092,4568544,ffb0266c7913352c,staged_polynomial_basis_with_constant,"[[""1"",""u1"",""u2"",""u1^2"",""u1*u2""],[""1"",""u1"",""u2"",""u1^2"",""u1*u2""]]","[[""1"",""u1"",""u2"",""u1^2""],[""1"",""u1"",""u2"",""u1^2""]]","[[{""term"":""1"",""term_index"":1,""coefficient"":-9.640438751062918},{""term"":""u1"",""term_index"":2,""coefficient"":2.403720719949118},{""term"":""u2"",""term_index"":3,""coefficient"":-0.055524126706711516},{""term"":""u1^2"",""term_index"":4,""coefficient"":-0.10138302825877758},{""term"":""u1*u2"",""term_index"":6,""coefficient"":-0.006342872827633275}],[{""term"":""1"",""term_index"":1,""coefficient"":-10.0},{""term"":""u1"",""term_index"":2,""coefficient"":2.83631628104325},{""term"":""u2"",""term_index"":3,""coefficient"":-0.18293400054646705},{""term"":""u1^2"",""term_index"":4,""coefficient"":-0.09369622920570388},{""term"":""u1*u2"",""term_index"":6,""coefficient"":0.002389778061429927}]]",capped,False,3,30,29,,"[5,5]","[null,null]","[""Success"",""Unstable"",""MaxIters""]","[""Success"",""Failure"",""MaxLossEvals""]",447418,455757,0,447418,8339,349,150,0.0,0.0,0.0,0.0,0.0,0.0,,,0,2,10,0,0,0,10,0.0,0.0,0.0
574_evogrow_v2_2_stage_local_48_2_123,paper1_phaseC_v1,C,,campaign_cell,,48,Bacterial respiration model for nutrients and oxygen levels,2,surrogate,,evogrow_v2_2_stage_local,evogrow_v2_2_stage_local,123,finished,finished,True,,,2026-09-24T17:35:22.079Z,0.0126052436809062,,,,,pruned_support_terms_exact_match,5,,,4568544,,65033.50977556,False,True,False,574,2,0c9672de35c75a9d,221a3a7,False,0.9995967315517208,"[0.9992845732393711, 0.9999088898640708]",590,1092,4568544,ffb0266c7913352c,staged_polynomial_basis_with_constant,"[[""1"",""u1"",""u2"",""u1^2"",""u1*u2""],[""1"",""u1"",""u2"",""u1^2"",""u1*u2""]]","[[""1"",""u1"",""u2"",""u1^2""],[""1"",""u1"",""u2"",""u1^2""]]","[[{""term"":""1"",""term_index"":1,""coefficient"":-9.640438751062918},{""term"":""u1"",""term_index"":2,""coefficient"":2.403720719949118},{""term"":""u2"",""term_index"":3,""coefficient"":-0.055524126706711516},{""term"":""u1^2"",""term_index"":4,""coefficient"":-0.10138302825877758},{""term"":""u1*u2"",""term_index"":6,""coefficient"":-0.006342872827633275}],[{""term"":""1"",""term_index"":1,""coefficient"":-10.0},{""term"":""u1"",""term_index"":2,""coefficient"":2.83631628104325},{""term"":""u2"",""term_index"":3,""coefficient"":-0.18293400054646705},{""term"":""u1^2"",""term_index"":4,""coefficient"":-0.09369622920570388},{""term"":""u1*u2"",""term_index"":6,""coefficient"":0.002389778061429927}]]",uncapped,False,3,30,29,,,,"[""Success"",""Unstable"",""MaxIters""]","[""Success"",""Failure"",""MaxLossEvals""]",447418,455757,0,447418,8339,349,150,0.0,0.0,0.0,0.0,0.0,0.0,,,0,2,10,0,0,0,10,0.0,0.0,0.0
575_evogrow_v2_2_stage_capped_48_2_7,paper1_phaseC_v1,C,,campaign_cell,,48,Bacterial respiration model for nutrients and oxygen levels,2,surrogate,,evogrow_v2_2_stage_capped,evogrow_v2_2_stage_capped,7,finished,finished,True,,,2026-09-24T18:04:33.362Z,0.0125526319558563,,,,,pruned_support_terms_exact_match,5,,,3765121,,100846.173307498,False,True,False,575,2,0c9672de35c75a9d,221a3a7,False,0.9995424874084378,"[0.9991643961849836, 0.999920578631892]",570,1040,3765121,ffb0266c7913352c,staged_polynomial_basis_with_constant,"[[""1"",""u1"",""u2"",""u1^2"",""sin(u2)""],[""1"",""u1"",""u2"",""u1^2"",""u1*u2""]]","[[""1"",""u1"",""u2"",""u1^2"",""sin(u2)""],[""1"",""u1"",""u2"",""u1^2""]]","[[{""term"":""1"",""term_index"":1,""coefficient"":-5.448463089536914},{""term"":""u1"",""term_index"":2,""coefficient"":2.1156880630932893},{""term"":""u2"",""term_index"":3,""coefficient"":-0.1496669203331323},{""term"":""u1^2"",""term_index"":4,""coefficient"":-0.10091272815276332},{""term"":""sin(u2)"",""term_index"":11,""coefficient"":-0.2540493288193727}],[{""term"":""1"",""term_index"":1,""coefficient"":-10.0},{""term"":""u1"",""term_index"":2,""coefficient"":2.8419335938794688},{""term"":""u2"",""term_index"":3,""coefficient"":-0.18401418365377772},{""term"":""u1^2"",""term_index"":4,""coefficient"":-0.09408387200708075},{""term"":""u1*u2"",""term_index"":6,""coefficient"":0.002459554209431589}]]",capped,False,3,30,28,,"[5,5]","[null,null]","[""Success"",""Unstable"",""MaxIters""]","[""Failure"",""Success"",""MaxLossEvals""]",293021,307642,0,293021,14621,331,103,0.0,0.0,0.0,0.0,0.0,0.0,,,0,2,10,0,0,0,10,0.0,0.0,0.0
576_evogrow_v2_2_stage_local_48_2_7,paper1_phaseC_v1,C,,campaign_cell,,48,Bacterial respiration model for nutrients and oxygen levels,2,surrogate,,evogrow_v2_2_stage_local,evogrow_v2_2_stage_local,7,finished,finished,True,,,2026-09-24T18:25:01.040Z,0.0125526319558563,,,,,pruned_support_terms_exact_match,5,,,3765121,,99469.669337644,False,True,False,576,2,0c9672de35c75a9d,221a3a7,False,0.9995424874084378,"[0.9991643961849836, 0.999920578631892]",570,1040,3765121,ffb0266c7913352c,staged_polynomial_basis_with_constant,"[[""1"",""u1"",""u2"",""u1^2"",""sin(u2)""],[""1"",""u1"",""u2"",""u1^2"",""u1*u2""]]","[[""1"",""u1"",""u2"",""u1^2"",""sin(u2)""],[""1"",""u1"",""u2"",""u1^2""]]","[[{""term"":""1"",""term_index"":1,""coefficient"":-5.448463089536914},{""term"":""u1"",""term_index"":2,""coefficient"":2.1156880630932893},{""term"":""u2"",""term_index"":3,""coefficient"":-0.1496669203331323},{""term"":""u1^2"",""term_index"":4,""coefficient"":-0.10091272815276332},{""term"":""sin(u2)"",""term_index"":11,""coefficient"":-0.2540493288193727}],[{""term"":""1"",""term_index"":1,""coefficient"":-10.0},{""term"":""u1"",""term_index"":2,""coefficient"":2.8419335938794688},{""term"":""u2"",""term_index"":3,""coefficient"":-0.18401418365377772},{""term"":""u1^2"",""term_index"":4,""coefficient"":-0.09408387200708075},{""term"":""u1*u2"",""term_index"":6,""coefficient"":0.002459554209431589}]]",uncapped,False,3,30,28,,,,"[""Success"",""Unstable"",""MaxIters""]","[""Failure"",""Success"",""MaxLossEvals""]",293021,307642,0,293021,14621,331,103,0.0,0.0,0.0,0.0,0.0,0.0,,,0,2,10,0,0,0,10,0.0,0.0,0.0
577_evogrow_v2_2_stage_capped_49_1_42,paper1_phaseC_v1,C,,campaign_cell,,49,Brusselator: hypothetical chemical oscillation model (dimensionless),2,surrogate,,evogrow_v2_2_stage_capped,evogrow_v2_2_stage_capped,42,finished,finished,True,,,2026-09-24T18:44:16.169Z,0.0003528726569367,,,,,pruned_support_terms_exact_match,5,,,4468068,,5057.373176703,False,True,False,577,1,0c9672de35c75a9d,221a3a7,False,0.9983617171405936,"[0.9974434672370041, 0.999279967044183]",550,768,4468068,ffb0266c7913352c,staged_polynomial_basis_with_constant,"[[""1"",""u1"",""u2"",""u1^2"",""u2^2"",""u1*u2""],[""1"",""u1"",""u2"",""u1^2"",""u2^2"",""u1*u2""]]","[[""1"",""u1"",""u2"",""u1^2"",""u2^2"",""u1*u2""],[""1"",""u1"",""u2"",""u1^2"",""u2^2"",""u1*u2""]]","[[{""term"":""1"",""term_index"":1,""coefficient"":1.6822112964132634},{""term"":""u1"",""term_index"":2,""coefficient"":-6.7929678521564725},{""term"":""u2"",""term_index"":3,""coefficient"":-0.8378694314632436},{""term"":""u1^2"",""term_index"":4,""coefficient"":2.069241787488458},{""term"":""u2^2"",""term_index"":5,""coefficient"":-0.1693544114243746},{""term"":""u1*u2"",""term_index"":6,""coefficient"":4.118914244388824}],[{""term"":""1"",""term_index"":1,""coefficient"":-0.5498520329547266},{""term"":""u1"",""term_index"":2,""coefficient"":5.3725782590786375},{""term"":""u2"",""term_index"":3,""coefficient"":0.7307261667211066},{""term"":""u1^2"",""term_index"":4,""coefficient"":-1.9956527258359906},{""term"":""u2^2"",""term_index"":5,""coefficient"":0.14581698670977009},{""term"":""u1*u2"",""term_index"":6,""coefficient"":-3.7639678305839444}]]",capped,False,3,30,27,,"[5,5]","[null,null]","[""Success"",""Unstable"",""MaxIters""]","[""Failure"",""Success"",""MaxLossEvals""]",207710,208257,0,207710,547,436,96,0.0,0.0,0.0,0.0,0.0,0.0,,,0,2,12,0,0,0,12,0.0,0.0,0.0
578_evogrow_v2_2_stage_local_49_1_42,paper1_phaseC_v1,C,,campaign_cell,,49,Brusselator: hypothetical chemical oscillation model (dimensionless),2,surrogate,,evogrow_v2_2_stage_local,evogrow_v2_2_stage_local,42,finished,finished,True,,,2026-09-24T18:45:26.936Z,0.0003528726569367,,,,,pruned_support_terms_exact_match,5,,,4468068,,5237.79039648,False,True,False,578,1,0c9672de35c75a9d,221a3a7,False,0.9983617171405936,"[0.9974434672370041, 0.999279967044183]",550,768,4468068,ffb0266c7913352c,staged_polynomial_basis_with_constant,"[[""1"",""u1"",""u2"",""u1^2"",""u2^2"",""u1*u2""],[""1"",""u1"",""u2"",""u1^2"",""u2^2"",""u1*u2""]]","[[""1"",""u1"",""u2"",""u1^2"",""u2^2"",""u1*u2""],[""1"",""u1"",""u2"",""u1^2"",""u2^2"",""u1*u2""]]","[[{""term"":""1"",""term_index"":1,""coefficient"":1.6822112964132634},{""term"":""u1"",""term_index"":2,""coefficient"":-6.7929678521564725},{""term"":""u2"",""term_index"":3,""coefficient"":-0.8378694314632436},{""term"":""u1^2"",""term_index"":4,""coefficient"":2.069241787488458},{""term"":""u2^2"",""term_index"":5,""coefficient"":-0.1693544114243746},{""term"":""u1*u2"",""term_index"":6,""coefficient"":4.118914244388824}],[{""term"":""1"",""term_index"":1,""coefficient"":-0.5498520329547266},{""term"":""u1"",""term_index"":2,""coefficient"":5.3725782590786375},{""term"":""u2"",""term_index"":3,""coefficient"":0.7307261667211066},{""term"":""u1^2"",""term_index"":4,""coefficient"":-1.9956527258359906},{""term"":""u2^2"",""term_index"":5,""coefficient"":0.14581698670977009},{""term"":""u1*u2"",""term_index"":6,""coefficient"":-3.7639678305839444}]]",uncapped,False,3,30,27,,,,"[""Success"",""Unstable"",""MaxIters""]","[""Failure"",""Success"",""MaxLossEvals""]",207710,208257,0,207710,547,436,96,0.0,0.0,0.0,0.0,0.0,0.0,,,0,2,12,0,0,0,12,0.0,0.0,0.0
579_evogrow_v2_2_stage_capped_49_1_123,paper1_phaseC_v1,C,,campaign_cell,,49,Brusselator: hypothetical chemical oscillation model (dimensionless),2,surrogate,,evogrow_v2_2_stage_capped,evogrow_v2_2_stage_capped,123,finished,finished,True,,,2026-09-24T19:05:21.353Z,0.0003528726585487,,,,,pruned_support_terms_exact_match,5,,,4574259,,6382.717558845,False,True,False,579,1,0c9672de35c75a9d,221a3a7,False,0.9983617186940108,"[0.9974434723766417, 0.9992799650113798]",550,751,4574259,ffb0266c7913352c,staged_polynomial_basis_with_constant,"[[""1"",""u1"",""u2"",""u1^2"",""u2^2"",""u1*u2""],[""1"",""u1"",""u2"",""u1^2"",""u2^2"",""u1*u2""]]","[[""1"",""u1"",""u2"",""u1^2"",""u2^2"",""u1*u2""],[""1"",""u1"",""u2"",""u1^2"",""u2^2"",""u1*u2""]]","[[{""term"":""1"",""term_index"":1,""coefficient"":1.6821550068386906},{""term"":""u1"",""term_index"":2,""coefficient"":-6.792777301889851},{""term"":""u2"",""term_index"":3,""coefficient"":-0.8378451418477847},{""term"":""u1^2"",""term_index"":4,""coefficient"":2.069144690191432},{""term"":""u2^2"",""term_index"":5,""coefficient"":-0.169356120123008},{""term"":""u1*u2"",""term_index"":6,""coefficient"":4.118856810412912}],[{""term"":""1"",""term_index"":1,""coefficient"":-0.5497773754316604},{""term"":""u1"",""term_index"":2,""coefficient"":5.3723160997994714},{""term"":""u2"",""term_index"":3,""coefficient"":0.7306912905217743},{""term"":""u1^2"",""term_index"":4,""coefficient"":-1.9955429745289122},{""term"":""u2^2"",""term_index"":5,""coefficient"":0.14581461152061564},{""term"":""u1*u2"",""term_index"":6,""coefficient"":-3.7638550098342876}]]",capped,False,3,30,27,,"[5,5]","[null,null]","[""Success"",""Unstable"",""MaxIters""]","[""Success"",""Failure"",""MaxLossEvals""]",200467,200995,0,200467,528,447,91,0.0,0.0,0.0,0.0,0.0,0.0,,,0,2,12,0,0,0,12,0.0,0.0,0.0
580_evogrow_v2_2_stage_local_49_1_123,paper1_phaseC_v1,C,,campaign_cell,,49,Brusselator: hypothetical chemical oscillation model (dimensionless),2,surrogate,,evogrow_v2_2_stage_local,evogrow_v2_2_stage_local,123,finished,finished,True,,,2026-09-24T19:14:06.212Z,0.0003528726585487,,,,,pruned_support_terms_exact_match,5,,,4574259,,5780.889657026,False,True,False,580,1,0c9672de35c75a9d,221a3a7,False,0.9983617186940108,"[0.9974434723766417, 0.9992799650113798]",550,751,4574259,ffb0266c7913352c,staged_polynomial_basis_with_constant,"[[""1"",""u1"",""u2"",""u1^2"",""u2^2"",""u1*u2""],[""1"",""u1"",""u2"",""u1^2"",""u2^2"",""u1*u2""]]","[[""1"",""u1"",""u2"",""u1^2"",""u2^2"",""u1*u2""],[""1"",""u1"",""u2"",""u1^2"",""u2^2"",""u1*u2""]]","[[{""term"":""1"",""term_index"":1,""coefficient"":1.6821550068386906},{""term"":""u1"",""term_index"":2,""coefficient"":-6.792777301889851},{""term"":""u2"",""term_index"":3,""coefficient"":-0.8378451418477847},{""term"":""u1^2"",""term_index"":4,""coefficient"":2.069144690191432},{""term"":""u2^2"",""term_index"":5,""coefficient"":-0.169356120123008},{""term"":""u1*u2"",""term_index"":6,""coefficient"":4.118856810412912}],[{""term"":""1"",""term_index"":1,""coefficient"":-0.5497773754316604},{""term"":""u1"",""term_index"":2,""coefficient"":5.3723160997994714},{""term"":""u2"",""term_index"":3,""coefficient"":0.7306912905217743},{""term"":""u1^2"",""term_index"":4,""coefficient"":-1.9955429745289122},{""term"":""u2^2"",""term_index"":5,""coefficient"":0.14581461152061564},{""term"":""u1*u2"",""term_index"":6,""coefficient"":-3.7638550098342876}]]",uncapped,False,3,30,27,,,,"[""Success"",""Unstable"",""MaxIters""]","[""Success"",""Failure"",""MaxLossEvals""]",200467,200995,0,200467,528,447,91,0.0,0.0,0.0,0.0,0.0,0.0,,,0,2,12,0,0,0,12,0.0,0.0,0.0
581_evogrow_v2_2_stage_capped_49_1_7,paper1_phaseC_v1,C,,campaign_cell,,49,Brusselator: hypothetical chemical oscillation model (dimensionless),2,surrogate,,evogrow_v2_2_stage_capped,evogrow_v2_2_stage_capped,7,finished,finished,True,,,2026-09-24T20:09:26.181Z,0.0003528726585342,,,,,pruned_support_terms_exact_match,5,,,4640136,,5187.603148468,False,True,False,581,1,0c9672de35c75a9d,221a3a7,False,0.9983617209121842,"[0.9974434796969833, 0.9992799621273852]",570,771,4640136,ffb0266c7913352c,staged_polynomial_basis_with_constant,"[[""1"",""u1"",""u2"",""u1^2"",""u2^2"",""u1*u2""],[""1"",""u1"",""u2"",""u1^2"",""u2^2"",""u1*u2""]]","[[""1"",""u1"",""u2"",""u1^2"",""u2^2"",""u1*u2""],[""1"",""u1"",""u2"",""u1^2"",""u2^2"",""u1*u2""]]","[[{""term"":""1"",""term_index"":1,""coefficient"":1.682222629918797},{""term"":""u1"",""term_index"":2,""coefficient"":-6.793016229739302},{""term"":""u2"",""term_index"":3,""coefficient"":-0.8378714706761624},{""term"":""u1^2"",""term_index"":4,""coefficient"":2.069266117963441},{""term"":""u2^2"",""term_index"":5,""coefficient"":-0.16935555216242343},{""term"":""u1*u2"",""term_index"":6,""coefficient"":4.118929459626847}],[{""term"":""1"",""term_index"":1,""coefficient"":-0.5498702662506808},{""term"":""u1"",""term_index"":2,""coefficient"":5.372651009717151},{""term"":""u2"",""term_index"":3,""coefficient"":0.7307337660814094},{""term"":""u1^2"",""term_index"":4,""coefficient"":-1.9956823587333847},{""term"":""u2^2"",""term_index"":5,""coefficient"":0.14581858757515162},{""term"":""u1*u2"",""term_index"":6,""coefficient"":-3.7640016236483653}]]",capped,False,3,30,28,,"[5,5]","[null,null]","[""Success"",""Unstable"",""MaxIters""]","[""Success"",""Failure"",""MaxLossEvals""]",208077,208684,0,208077,607,465,90,0.0,0.0,0.0,0.0,0.0,0.0,,,0,2,12,0,0,0,12,0.0,0.0,0.0
582_evogrow_v2_2_stage_local_49_1_7,paper1_phaseC_v1,C,,campaign_cell,,49,Brusselator: hypothetical chemical oscillation model (dimensionless),2,surrogate,,evogrow_v2_2_stage_local,evogrow_v2_2_stage_local,7,finished,finished,True,,,2026-09-24T20:13:37.528Z,0.0003528726585342,,,,,pruned_support_terms_exact_match,5,,,4640136,,5235.412543521,False,True,False,582,1,0c9672de35c75a9d,221a3a7,False,0.9983617209121842,"[0.9974434796969833, 0.9992799621273852]",570,771,4640136,ffb0266c7913352c,staged_polynomial_basis_with_constant,"[[""1"",""u1"",""u2"",""u1^2"",""u2^2"",""u1*u2""],[""1"",""u1"",""u2"",""u1^2"",""u2^2"",""u1*u2""]]","[[""1"",""u1"",""u2"",""u1^2"",""u2^2"",""u1*u2""],[""1"",""u1"",""u2"",""u1^2"",""u2^2"",""u1*u2""]]","[[{""term"":""1"",""term_index"":1,""coefficient"":1.682222629918797},{""term"":""u1"",""term_index"":2,""coefficient"":-6.793016229739302},{""term"":""u2"",""term_index"":3,""coefficient"":-0.8378714706761624},{""term"":""u1^2"",""term_index"":4,""coefficient"":2.069266117963441},{""term"":""u2^2"",""term_index"":5,""coefficient"":-0.16935555216242343},{""term"":""u1*u2"",""term_index"":6,""coefficient"":4.118929459626847}],[{""term"":""1"",""term_index"":1,""coefficient"":-0.5498702662506808},{""term"":""u1"",""term_index"":2,""coefficient"":5.372651009717151},{""term"":""u2"",""term_index"":3,""coefficient"":0.7307337660814094},{""term"":""u1^2"",""term_index"":4,""coefficient"":-1.9956823587333847},{""term"":""u2^2"",""term_index"":5,""coefficient"":0.14581858757515162},{""term"":""u1*u2"",""term_index"":6,""coefficient"":-3.7640016236483653}]]",uncapped,False,3,30,28,,,,"[""Success"",""Unstable"",""MaxIters""]","[""Success"",""Failure"",""MaxLossEvals""]",208077,208684,0,208077,607,465,90,0.0,0.0,0.0,0.0,0.0,0.0,,,0,2,12,0,0,0,12,0.0,0.0,0.0
583_evogrow_v2_2_stage_capped_49_2_42,paper1_phaseC_v1,C,,campaign_cell,,49,Brusselator: hypothetical chemical oscillation model (dimensionless),2,surrogate,,evogrow_v2_2_stage_capped,evogrow_v2_2_stage_capped,42,finished,finished,True,,,2026-09-24T20:46:51.093Z,0.0030516303741937,,,,,pruned_support_terms_exact_match,5,,,1373096,,8931.142702847,False,True,False,583,2,0c9672de35c75a9d,221a3a7,False,0.936812737275544,"[0.980695829380239, 0.8929296451708489]",470,525,1373096,ffb0266c7913352c,staged_polynomial_basis_with_constant,"[[""1"",""u1"",""u2""],[""1"",""u1"",""u2""]]","[[""1"",""u1"",""u2""],[""1"",""u1"",""u2""]]","[[{""term"":""1"",""term_index"":1,""coefficient"":-8.102978947445191},{""term"":""u1"",""term_index"":2,""coefficient"":2.0325258527009558},{""term"":""u2"",""term_index"":3,""coefficient"":6.272325345957259}],[{""term"":""1"",""term_index"":1,""coefficient"":10.0},{""term"":""u1"",""term_index"":2,""coefficient"":-3.2849251748181865},{""term"":""u2"",""term_index"":3,""coefficient"":-6.9540105563374635}]]",capped,False,3,30,23,,"[5,5]","[5,5]","[""Success"",""Unstable"",""MaxIters""]","[""Success"",""Failure"",""MaxLossEvals""]",25312,27481,0,25312,2169,58,23,0.0,0.0,0.0,0.0,0.0,0.0,,,0,2,6,0,0,0,6,0.0,0.0,0.0
584_evogrow_v2_2_stage_local_49_2_42,paper1_phaseC_v1,C,,campaign_cell,,49,Brusselator: hypothetical chemical oscillation model (dimensionless),2,surrogate,,evogrow_v2_2_stage_local,evogrow_v2_2_stage_local,42,finished,finished,True,,,2026-09-24T20:51:33.121Z,0.0030516303741937,,,,,pruned_support_terms_exact_match,5,,,1373096,,11570.093874593,False,True,False,584,2,0c9672de35c75a9d,221a3a7,False,0.936812737275544,"[0.980695829380239, 0.8929296451708489]",470,525,1373096,ffb0266c7913352c,staged_polynomial_basis_with_constant,"[[""1"",""u1"",""u2""],[""1"",""u1"",""u2""]]","[[""1"",""u1"",""u2""],[""1"",""u1"",""u2""]]","[[{""term"":""1"",""term_index"":1,""coefficient"":-8.102978947445191},{""term"":""u1"",""term_index"":2,""coefficient"":2.0325258527009558},{""term"":""u2"",""term_index"":3,""coefficient"":6.272325345957259}],[{""term"":""1"",""term_index"":1,""coefficient"":10.0},{""term"":""u1"",""term_index"":2,""coefficient"":-3.2849251748181865},{""term"":""u2"",""term_index"":3,""coefficient"":-6.9540105563374635}]]",uncapped,False,3,30,23,,,,"[""Success"",""Unstable"",""MaxIters""]","[""Success"",""Failure"",""MaxLossEvals""]",25312,27481,0,25312,2169,58,23,0.0,0.0,0.0,0.0,0.0,0.0,,,0,2,6,0,0,0,6,0.0,0.0,0.0
585_evogrow_v2_2_stage_capped_49_2_123,paper1_phaseC_v1,C,,campaign_cell,,49,Brusselator: hypothetical chemical oscillation model (dimensionless),2,surrogate,,evogrow_v2_2_stage_capped,evogrow_v2_2_stage_capped,123,finished,finished,True,,,2026-09-24T20:52:49.967Z,0.0030516303740237,,,,,pruned_support_terms_exact_match,5,,,1468306,,15761.053502968,False,True,False,585,2,0c9672de35c75a9d,221a3a7,False,0.9368127524422384,"[0.9806958219770376, 0.8929296829074389]",470,513,1468306,ffb0266c7913352c,staged_polynomial_basis_with_constant,"[[""1"",""u1"",""u2""],[""1"",""u1"",""u2""]]","[[""1"",""u1"",""u2""],[""1"",""u1"",""u2""]]","[[{""term"":""1"",""term_index"":1,""coefficient"":-8.102973164263618},{""term"":""u1"",""term_index"":2,""coefficient"":2.0325249689441356},{""term"":""u2"",""term_index"":3,""coefficient"":6.272320368943689}],[{""term"":""1"",""term_index"":1,""coefficient"":10.0},{""term"":""u1"",""term_index"":2,""coefficient"":-3.2849262749973707},{""term"":""u2"",""term_index"":3,""coefficient"":-6.954009540127002}]]",capped,False,3,30,23,,"[5,5]","[5,5]","[""Success"",""Unstable"",""MaxIters""]","[""Failure"",""Success"",""MaxLossEvals""]",29704,32575,0,29704,2871,71,26,0.0,0.0,0.0,0.0,0.0,0.0,,,0,2,6,0,0,0,6,0.0,0.0,0.0
586_evogrow_v2_2_stage_local_49_2_123,paper1_phaseC_v1,C,,campaign_cell,,49,Brusselator: hypothetical chemical oscillation model (dimensionless),2,surrogate,,evogrow_v2_2_stage_local,evogrow_v2_2_stage_local,123,finished,finished,True,,,2026-09-24T21:37:00.189Z,0.0030516303740237,,,,,pruned_support_terms_exact_match,5,,,1468306,,15453.784970229,False,True,False,586,2,0c9672de35c75a9d,221a3a7,False,0.9368127524422384,"[0.9806958219770376, 0.8929296829074389]",470,513,1468306,ffb0266c7913352c,staged_polynomial_basis_with_constant,"[[""1"",""u1"",""u2""],[""1"",""u1"",""u2""]]","[[""1"",""u1"",""u2""],[""1"",""u1"",""u2""]]","[[{""term"":""1"",""term_index"":1,""coefficient"":-8.102973164263618},{""term"":""u1"",""term_index"":2,""coefficient"":2.0325249689441356},{""term"":""u2"",""term_index"":3,""coefficient"":6.272320368943689}],[{""term"":""1"",""term_index"":1,""coefficient"":10.0},{""term"":""u1"",""term_index"":2,""coefficient"":-3.2849262749973707},{""term"":""u2"",""term_index"":3,""coefficient"":-6.954009540127002}]]",uncapped,False,3,30,23,,,,"[""Success"",""Unstable"",""MaxIters""]","[""Failure"",""Success"",""MaxLossEvals""]",29704,32575,0,29704,2871,71,26,0.0,0.0,0.0,0.0,0.0,0.0,,,0,2,6,0,0,0,6,0.0,0.0,0.0
587_evogrow_v2_2_stage_capped_49_2_7,paper1_phaseC_v1,C,,campaign_cell,,49,Brusselator: hypothetical chemical oscillation model (dimensionless),2,surrogate,,evogrow_v2_2_stage_capped,evogrow_v2_2_stage_capped,7,finished,finished,True,,,2026-09-24T21:39:14.496Z,0.0030516303741032,,,,,pruned_support_terms_exact_match,5,,,1415955,,10428.138542896,False,True,False,587,2,0c9672de35c75a9d,221a3a7,False,0.9368127500795488,"[0.9806958231294467, 0.8929296770296512]",470,528,1415955,ffb0266c7913352c,staged_polynomial_basis_with_constant,"[[""1"",""u1"",""u2""],[""1"",""u1"",""u2""]]","[[""1"",""u1"",""u2""],[""1"",""u1"",""u2""]]","[[{""term"":""1"",""term_index"":1,""coefficient"":-8.102975836839782},{""term"":""u1"",""term_index"":2,""coefficient"":2.0325254213171076},{""term"":""u2"",""term_index"":3,""coefficient"":6.272322519885802}],[{""term"":""1"",""term_index"":1,""coefficient"":10.0},{""term"":""u1"",""term_index"":2,""coefficient"":-3.2849257601961828},{""term"":""u2"",""term_index"":3,""coefficient"":-6.954009904884876}]]",capped,False,3,30,23,,"[5,5]","[5,5]","[""Success"",""Unstable"",""MaxIters""]","[""Success"",""Failure"",""MaxLossEvals""]",42210,44712,0,42210,2502,67,26,0.0,0.0,0.0,0.0,0.0,0.0,,,0,2,6,0,0,0,6,0.0,0.0,0.0
588_evogrow_v2_2_stage_local_49_2_7,paper1_phaseC_v1,C,,campaign_cell,,49,Brusselator: hypothetical chemical oscillation model (dimensionless),2,surrogate,,evogrow_v2_2_stage_local,evogrow_v2_2_stage_local,7,finished,finished,True,,,2026-09-24T21:41:46.468Z,0.0030516303741032,,,,,pruned_support_terms_exact_match,5,,,1415955,,10779.498266082,False,True,False,588,2,0c9672de35c75a9d,221a3a7,False,0.9368127500795488,"[0.9806958231294467, 0.8929296770296512]",470,528,1415955,ffb0266c7913352c,staged_polynomial_basis_with_constant,"[[""1"",""u1"",""u2""],[""1"",""u1"",""u2""]]","[[""1"",""u1"",""u2""],[""1"",""u1"",""u2""]]","[[{""term"":""1"",""term_index"":1,""coefficient"":-8.102975836839782},{""term"":""u1"",""term_index"":2,""coefficient"":2.0325254213171076},{""term"":""u2"",""term_index"":3,""coefficient"":6.272322519885802}],[{""term"":""1"",""term_index"":1,""coefficient"":10.0},{""term"":""u1"",""term_index"":2,""coefficient"":-3.2849257601961828},{""term"":""u2"",""term_index"":3,""coefficient"":-6.954009904884876}]]",uncapped,False,3,30,23,,,,"[""Success"",""Unstable"",""MaxIters""]","[""Success"",""Failure"",""MaxLossEvals""]",42210,44712,0,42210,2502,67,26,0.0,0.0,0.0,0.0,0.0,0.0,,,0,2,6,0,0,0,6,0.0,0.0,0.0
589_evogrow_v2_2_stage_capped_50_1_42,paper1_phaseC_v1,C,,campaign_cell,,50,Chemical oscillator model by Schnackenberg 1979 (dimensionless),2,surrogate,,evogrow_v2_2_stage_capped,evogrow_v2_2_stage_capped,42,finished,finished,True,,,2026-09-24T21:42:28.347Z,0.0026269011222831,,,,,pruned_support_terms_exact_match,4,,,9117314,,37795.843705745,False,True,False,589,1,0c9672de35c75a9d,221a3a7,False,0.9965477495444082,"[0.9960009280156815, 0.9970945710731348]",610,685,9117314,ffb0266c7913352c,staged_polynomial_basis_with_constant,"[[""1"",""u1"",""u2"",""u1^2"",""u2^2"",""u1*u2""],[""1"",""u1"",""u2"",""u1^2"",""u2^2"",""u1*u2""]]","[[""1"",""u1"",""u2"",""u1^2"",""u2^2"",""u1*u2""],[""1"",""u1"",""u2"",""u1^2"",""u2^2"",""u1*u2""]]","[[{""term"":""1"",""term_index"":1,""coefficient"":0.28155115781523055},{""term"":""u1"",""term_index"":2,""coefficient"":-2.3593858229992395},{""term"":""u2"",""term_index"":3,""coefficient"":0.020480242168221304},{""term"":""u1^2"",""term_index"":4,""coefficient"":0.5914472711682279},{""term"":""u2^2"",""term_index"":5,""coefficient"":-0.21147641590506425},{""term"":""u1*u2"",""term_index"":6,""coefficient"":2.355601564985938}],[{""term"":""1"",""term_index"":1,""coefficient"":1.6277718945490964},{""term"":""u1"",""term_index"":2,""coefficient"":1.35637395148542},{""term"":""u2"",""term_index"":3,""coefficient"":-0.3196576873267048},{""term"":""u1^2"",""term_index"":4,""coefficient"":-0.5989698639733655},{""term"":""u2^2"",""term_index"":5,""coefficient"":0.2851873844200366},{""term"":""u1*u2"",""term_index"":6,""coefficient"":-2.4352716163311836}]]",capped,False,3,30,30,,"[3,4]","[3,null]","[""Success"",""Unstable"",""MaxIters""]","[""Success"",""Failure"",""MaxLossEvals""]",439739,443600,0,439739,3861,573,397,0.0,0.0,0.0,0.0,0.0,0.0,,,0,2,12,0,0,0,12,0.0,0.0,0.0
590_evogrow_v2_2_stage_local_50_1_42,paper1_phaseC_v1,C,,campaign_cell,,50,Chemical oscillator model by Schnackenberg 1979 (dimensionless),2,surrogate,,evogrow_v2_2_stage_local,evogrow_v2_2_stage_local,42,finished,finished,True,,,2026-09-24T22:22:51.467Z,0.0026269011222831,,,,,pruned_support_terms_exact_match,4,,,9117314,,36095.917775483,False,True,False,590,1,0c9672de35c75a9d,221a3a7,False,0.9965477495444082,"[0.9960009280156815, 0.9970945710731348]",610,685,9117314,ffb0266c7913352c,staged_polynomial_basis_with_constant,"[[""1"",""u1"",""u2"",""u1^2"",""u2^2"",""u1*u2""],[""1"",""u1"",""u2"",""u1^2"",""u2^2"",""u1*u2""]]","[[""1"",""u1"",""u2"",""u1^2"",""u2^2"",""u1*u2""],[""1"",""u1"",""u2"",""u1^2"",""u2^2"",""u1*u2""]]","[[{""term"":""1"",""term_index"":1,""coefficient"":0.28155115781523055},{""term"":""u1"",""term_index"":2,""coefficient"":-2.3593858229992395},{""term"":""u2"",""term_index"":3,""coefficient"":0.020480242168221304},{""term"":""u1^2"",""term_index"":4,""coefficient"":0.5914472711682279},{""term"":""u2^2"",""term_index"":5,""coefficient"":-0.21147641590506425},{""term"":""u1*u2"",""term_index"":6,""coefficient"":2.355601564985938}],[{""term"":""1"",""term_index"":1,""coefficient"":1.6277718945490964},{""term"":""u1"",""term_index"":2,""coefficient"":1.35637395148542},{""term"":""u2"",""term_index"":3,""coefficient"":-0.3196576873267048},{""term"":""u1^2"",""term_index"":4,""coefficient"":-0.5989698639733655},{""term"":""u2^2"",""term_index"":5,""coefficient"":0.2851873844200366},{""term"":""u1*u2"",""term_index"":6,""coefficient"":-2.4352716163311836}]]",uncapped,False,3,30,30,,,,"[""Success"",""Unstable"",""MaxIters""]","[""Success"",""Failure"",""MaxLossEvals""]",439739,443600,0,439739,3861,573,397,0.0,0.0,0.0,0.0,0.0,0.0,,,0,2,12,0,0,0,12,0.0,0.0,0.0
591_evogrow_v2_2_stage_capped_50_1_123,paper1_phaseC_v1,C,,campaign_cell,,50,Chemical oscillator model by Schnackenberg 1979 (dimensionless),2,surrogate,,evogrow_v2_2_stage_capped,evogrow_v2_2_stage_capped,123,finished,finished,True,,,2026-09-24T22:34:48.297Z,0.0021973379988005,,,,,pruned_support_terms_exact_match,5,,,8975651,,16349.902023546,False,True,False,591,1,0c9672de35c75a9d,221a3a7,False,0.9971367133799878,"[0.9968753902156411, 0.9973980365443343]",610,682,8975651,ffb0266c7913352c,staged_polynomial_basis_with_constant,"[[""1"",""u1"",""u2"",""u1^2"",""u2^2"",""u1*u2""],[""1"",""u1"",""u2"",""u1^2"",""u2^2"",""u1*u2""]]","[[""1"",""u1"",""u2"",""u1^2"",""u2^2"",""u1*u2""],[""1"",""u1"",""u2"",""u1^2"",""u2^2"",""u1*u2""]]","[[{""term"":""1"",""term_index"":1,""coefficient"":-0.34766642323619557},{""term"":""u1"",""term_index"":2,""coefficient"":-1.5154135410514915},{""term"":""u2"",""term_index"":3,""coefficient"":0.6470245682325734},{""term"":""u1^2"",""term_index"":4,""coefficient"":0.3753984637828199},{""term"":""u2^2"",""term_index"":5,""coefficient"":-0.32998924279715014},{""term"":""u1*u2"",""term_index"":6,""coefficient"":1.9372786032270477}],[{""term"":""1"",""term_index"":1,""coefficient"":2.275334527846556},{""term"":""u1"",""term_index"":2,""coefficient"":0.5186123287432348},{""term"":""u2"",""term_index"":3,""coefficient"":-1.028741431141413},{""term"":""u1^2"",""term_index"":4,""coefficient"":-0.39116181301839625},{""term"":""u2^2"",""term_index"":5,""coefficient"":0.439463461208386},{""term"":""u1*u2"",""term_index"":6,""coefficient"":-2.0228567263945214}]]",capped,False,3,30,30,,"[3,5]","[3,null]","[""Success"",""Unstable"",""MaxIters""]","[""Success"",""Failure"",""MaxLossEvals""]",440281,441310,0,440281,1029,572,391,0.0,0.0,0.0,0.0,0.0,0.0,,,0,2,12,0,0,0,12,0.0,0.0,0.0
592_evogrow_v2_2_stage_local_50_1_123,paper1_phaseC_v1,C,,campaign_cell,,50,Chemical oscillator model by Schnackenberg 1979 (dimensionless),2,surrogate,,evogrow_v2_2_stage_local,evogrow_v2_2_stage_local,123,finished,finished,True,,,2026-09-24T22:57:17.230Z,0.0021973379988005,,,,,pruned_support_terms_exact_match,5,,,8975651,,15640.2588407,False,True,False,592,1,0c9672de35c75a9d,221a3a7,False,0.9971367133799878,"[0.9968753902156411, 0.9973980365443343]",610,682,8975651,ffb0266c7913352c,staged_polynomial_basis_with_constant,"[[""1"",""u1"",""u2"",""u1^2"",""u2^2"",""u1*u2""],[""1"",""u1"",""u2"",""u1^2"",""u2^2"",""u1*u2""]]","[[""1"",""u1"",""u2"",""u1^2"",""u2^2"",""u1*u2""],[""1"",""u1"",""u2"",""u1^2"",""u2^2"",""u1*u2""]]","[[{""term"":""1"",""term_index"":1,""coefficient"":-0.34766642323619557},{""term"":""u1"",""term_index"":2,""coefficient"":-1.5154135410514915},{""term"":""u2"",""term_index"":3,""coefficient"":0.6470245682325734},{""term"":""u1^2"",""term_index"":4,""coefficient"":0.3753984637828199},{""term"":""u2^2"",""term_index"":5,""coefficient"":-0.32998924279715014},{""term"":""u1*u2"",""term_index"":6,""coefficient"":1.9372786032270477}],[{""term"":""1"",""term_index"":1,""coefficient"":2.275334527846556},{""term"":""u1"",""term_index"":2,""coefficient"":0.5186123287432348},{""term"":""u2"",""term_index"":3,""coefficient"":-1.028741431141413},{""term"":""u1^2"",""term_index"":4,""coefficient"":-0.39116181301839625},{""term"":""u2^2"",""term_index"":5,""coefficient"":0.439463461208386},{""term"":""u1*u2"",""term_index"":6,""coefficient"":-2.0228567263945214}]]",uncapped,False,3,30,30,,,,"[""Success"",""Unstable"",""MaxIters""]","[""Success"",""Failure"",""MaxLossEvals""]",440281,441310,0,440281,1029,572,391,0.0,0.0,0.0,0.0,0.0,0.0,,,0,2,12,0,0,0,12,0.0,0.0,0.0
593_evogrow_v2_2_stage_capped_50_1_7,paper1_phaseC_v1,C,,campaign_cell,,50,Chemical oscillator model by Schnackenberg 1979 (dimensionless),2,surrogate,,evogrow_v2_2_stage_capped,evogrow_v2_2_stage_capped,7,finished,finished,True,,,2026-09-24T23:16:34.860Z,0.0020808582631445,,,,,pruned_support_terms_exact_match,5,,,9116213,,18525.876380371,False,True,False,593,1,0c9672de35c75a9d,221a3a7,False,0.9972378559519016,"[0.996584045167841, 0.9978916667359625]",610,698,9116213,ffb0266c7913352c,staged_polynomial_basis_with_constant,"[[""1"",""u1"",""u2"",""u1^2"",""u2^2"",""u1*u2""],[""1"",""u1"",""u2"",""u1^2"",""u2^2"",""u1*u2""]]","[[""1"",""u1"",""u2"",""u1^2"",""u2^2"",""u1*u2""],[""1"",""u1"",""u2"",""u1^2"",""u2^2"",""u1*u2""]]","[[{""term"":""1"",""term_index"":1,""coefficient"":-0.2788744143366678},{""term"":""u1"",""term_index"":2,""coefficient"":-1.7922160130310014},{""term"":""u2"",""term_index"":3,""coefficient"":0.732634580678607},{""term"":""u1^2"",""term_index"":4,""coefficient"":0.46548214989655956},{""term"":""u2^2"",""term_index"":5,""coefficient"":-0.4126788198840875},{""term"":""u1*u2"",""term_index"":6,""coefficient"":2.066389931421861}],[{""term"":""1"",""term_index"":1,""coefficient"":1.769907669202086},{""term"":""u1"",""term_index"":2,""coefficient"":1.0152836435786408},{""term"":""u2"",""term_index"":3,""coefficient"":-0.5257948890204177},{""term"":""u1^2"",""term_index"":4,""coefficient"":-0.497506871253683},{""term"":""u2^2"",""term_index"":5,""coefficient"":0.38900284793426143},{""term"":""u1*u2"",""term_index"":6,""coefficient"":-2.3258429699527436}]]",capped,False,3,30,30,,"[3,5]","[3,null]","[""Success"",""Unstable"",""MaxIters""]","[""Success"",""Failure"",""MaxLossEvals""]",429547,431759,0,429547,2212,578,401,0.0,0.0,0.0,0.0,0.0,0.0,,,0,2,12,0,0,0,12,0.0,0.0,0.0
594_evogrow_v2_2_stage_local_50_1_7,paper1_phaseC_v1,C,,campaign_cell,,50,Chemical oscillator model by Schnackenberg 1979 (dimensionless),2,surrogate,,evogrow_v2_2_stage_local,evogrow_v2_2_stage_local,7,finished,finished,True,,,2026-09-24T23:25:03.802Z,0.0020808582631445,,,,,pruned_support_terms_exact_match,5,,,9116213,,18946.494850651,False,True,False,594,1,0c9672de35c75a9d,221a3a7,False,0.9972378559519016,"[0.996584045167841, 0.9978916667359625]",610,698,9116213,ffb0266c7913352c,staged_polynomial_basis_with_constant,"[[""1"",""u1"",""u2"",""u1^2"",""u2^2"",""u1*u2""],[""1"",""u1"",""u2"",""u1^2"",""u2^2"",""u1*u2""]]","[[""1"",""u1"",""u2"",""u1^2"",""u2^2"",""u1*u2""],[""1"",""u1"",""u2"",""u1^2"",""u2^2"",""u1*u2""]]","[[{""term"":""1"",""term_index"":1,""coefficient"":-0.2788744143366678},{""term"":""u1"",""term_index"":2,""coefficient"":-1.7922160130310014},{""term"":""u2"",""term_index"":3,""coefficient"":0.732634580678607},{""term"":""u1^2"",""term_index"":4,""coefficient"":0.46548214989655956},{""term"":""u2^2"",""term_index"":5,""coefficient"":-0.4126788198840875},{""term"":""u1*u2"",""term_index"":6,""coefficient"":2.066389931421861}],[{""term"":""1"",""term_index"":1,""coefficient"":1.769907669202086},{""term"":""u1"",""term_index"":2,""coefficient"":1.0152836435786408},{""term"":""u2"",""term_index"":3,""coefficient"":-0.5257948890204177},{""term"":""u1^2"",""term_index"":4,""coefficient"":-0.497506871253683},{""term"":""u2^2"",""term_index"":5,""coefficient"":0.38900284793426143},{""term"":""u1*u2"",""term_index"":6,""coefficient"":-2.3258429699527436}]]",uncapped,False,3,30,30,,,,"[""Success"",""Unstable"",""MaxIters""]","[""Success"",""Failure"",""MaxLossEvals""]",429337,431549,0,429337,2212,578,401,0.0,0.0,0.0,0.0,0.0,0.0,,,0,2,12,0,0,0,12,0.0,0.0,0.0
595_evogrow_v2_2_stage_capped_50_2_42,paper1_phaseC_v1,C,,campaign_cell,,50,Chemical oscillator model by Schnackenberg 1979 (dimensionless),2,surrogate,,evogrow_v2_2_stage_capped,evogrow_v2_2_stage_capped,42,finished,finished,True,,,2026-09-25T00:05:39.080Z,0.0005845143417865,,,,,pruned_support_terms_exact_match,5,,,1720349,,7417.899965826,False,True,False,595,2,0c9672de35c75a9d,221a3a7,False,0.8436937577347758,"[0.9009232785972047, 0.7864642368723471]",430,457,1720349,ffb0266c7913352c,staged_polynomial_basis_with_constant,"[[""u1"",""u2""],[""1"",""u2""]]","[[""u1"",""u2""],[""1"",""u2""]]","[[{""term"":""u1"",""term_index"":2,""coefficient"":-1.015182568552138},{""term"":""u2"",""term_index"":3,""coefficient"":3.3751624567445537}],[{""term"":""1"",""term_index"":1,""coefficient"":1.47039564693901},{""term"":""u2"",""term_index"":3,""coefficient"":-2.9383713723420297}]]",capped,False,3,30,21,,"[3,5]","[3,null]","[""Success"",""Unstable"",""MaxIters""]","[""Success"",""Failure"",""MaxLossEvals""]",31107,32578,0,31107,1471,72,53,0.0,0.0,0.0,0.0,0.0,0.0,,,0,2,4,0,0,0,4,0.0,0.0,0.0
596_evogrow_v2_2_stage_local_50_2_42,paper1_phaseC_v1,C,,campaign_cell,,50,Chemical oscillator model by Schnackenberg 1979 (dimensionless),2,surrogate,,evogrow_v2_2_stage_local,evogrow_v2_2_stage_local,42,finished,finished,True,,,2026-09-25T00:22:50.116Z,0.0005845143417865,,,,,pruned_support_terms_exact_match,5,,,1366041,,5150.794443438,False,True,False,596,2,0c9672de35c75a9d,221a3a7,False,0.8436937577347758,"[0.9009232785972047, 0.7864642368723471]",430,470,1366041,ffb0266c7913352c,staged_polynomial_basis_with_constant,"[[""u1"",""u2""],[""1"",""u2""]]","[[""u1"",""u2""],[""1"",""u2""]]","[[{""term"":""u1"",""term_index"":2,""coefficient"":-1.015182568552138},{""term"":""u2"",""term_index"":3,""coefficient"":3.3751624567445537}],[{""term"":""1"",""term_index"":1,""coefficient"":1.47039564693901},{""term"":""u2"",""term_index"":3,""coefficient"":-2.9383713723420297}]]",uncapped,False,3,30,21,,,,"[""Success"",""Unstable"",""MaxIters""]","[""Success"",""Failure"",""MaxLossEvals""]",28788,29817,0,28788,1029,57,37,0.0,0.0,0.0,0.0,0.0,0.0,,,0,2,4,0,0,0,4,0.0,0.0,0.0
597_evogrow_v2_2_stage_capped_50_2_123,paper1_phaseC_v1,C,,campaign_cell,,50,Chemical oscillator model by Schnackenberg 1979 (dimensionless),2,surrogate,,evogrow_v2_2_stage_capped,evogrow_v2_2_stage_capped,123,finished,finished,True,,,2026-09-25T00:23:28.681Z,0.0005845143417864,,,,,pruned_support_terms_exact_match,5,,,1805875,,7808.110688804,False,True,False,597,2,0c9672de35c75a9d,221a3a7,False,0.8436937577959014,"[0.9009232796962451, 0.7864642358955577]",430,452,1805875,ffb0266c7913352c,staged_polynomial_basis_with_constant,"[[""u1"",""u2""],[""1"",""u2""]]","[[""u1"",""u2""],[""1"",""u2""]]","[[{""term"":""u1"",""term_index"":2,""coefficient"":-1.0151825461217525},{""term"":""u2"",""term_index"":3,""coefficient"":3.375162365030805}],[{""term"":""1"",""term_index"":1,""coefficient"":1.4703956445021817},{""term"":""u2"",""term_index"":3,""coefficient"":-2.93837134872943}]]",capped,False,3,30,21,,"[3,5]","[3,null]","[""Success"",""Unstable"",""MaxIters""]","[""Success"",""Failure"",""MaxLossEvals""]",25992,27573,0,25992,1581,76,60,0.0,0.0,0.0,0.0,0.0,0.0,,,0,2,4,0,0,0,4,0.0,0.0,0.0
598_evogrow_v2_2_stage_local_50_2_123,paper1_phaseC_v1,C,,campaign_cell,,50,Chemical oscillator model by Schnackenberg 1979 (dimensionless),2,surrogate,,evogrow_v2_2_stage_local,evogrow_v2_2_stage_local,123,finished,finished,True,,,2026-09-25T00:28:20.584Z,0.0005845143417864,,,,,pruned_support_terms_exact_match,5,,,1642175,,6126.802713408,False,True,False,598,2,0c9672de35c75a9d,221a3a7,False,0.8436937577959014,"[0.9009232796962451, 0.7864642358955577]",430,459,1642175,ffb0266c7913352c,staged_polynomial_basis_with_constant,"[[""u1"",""u2""],[""1"",""u2""]]","[[""u1"",""u2""],[""1"",""u2""]]","[[{""term"":""u1"",""term_index"":2,""coefficient"":-1.0151825461217525},{""term"":""u2"",""term_index"":3,""coefficient"":3.375162365030805}],[{""term"":""1"",""term_index"":1,""coefficient"":1.4703956445021817},{""term"":""u2"",""term_index"":3,""coefficient"":-2.93837134872943}]]",uncapped,False,3,30,21,,,,"[""Success"",""Unstable"",""MaxIters""]","[""Success"",""Failure"",""MaxLossEvals""]",22126,23363,0,22126,1237,70,52,0.0,0.0,0.0,0.0,0.0,0.0,,,0,2,4,0,0,0,4,0.0,0.0,0.0
599_evogrow_v2_2_stage_capped_50_2_7,paper1_phaseC_v1,C,,campaign_cell,,50,Chemical oscillator model by Schnackenberg 1979 (dimensionless),2,surrogate,,evogrow_v2_2_stage_capped,evogrow_v2_2_stage_capped,7,finished,finished,True,,,2026-09-25T00:34:08.234Z,0.0005845143417865,,,,,pruned_support_terms_exact_match,5,,,2724131,,14178.143581046,False,True,False,599,2,0c9672de35c75a9d,221a3a7,False,0.8436937576224985,"[0.9009232765781111, 0.786464238666886]",430,449,2724131,ffb0266c7913352c,staged_polynomial_basis_with_constant,"[[""u1"",""u2""],[""1"",""u2""]]","[[""u1"",""u2""],[""1"",""u2""]]","[[{""term"":""u1"",""term_index"":2,""coefficient"":-1.0151825813304411},{""term"":""u2"",""term_index"":3,""coefficient"":3.3751624715089203}],[{""term"":""1"",""term_index"":1,""coefficient"":1.4703956844313208},{""term"":""u2"",""term_index"":3,""coefficient"":-2.9383714231920957}]]",capped,False,3,30,21,,"[3,5]","[3,null]","[""Success"",""Unstable"",""MaxIters""]","[""Success"",""Failure"",""MaxLossEvals""]",35723,38796,0,35723,3073,117,100,0.0,0.0,0.0,0.0,0.0,0.0,,,0,2,4,0,0,0,4,0.0,0.0,0.0
600_evogrow_v2_2_stage_local_50_2_7,paper1_phaseC_v1,C,,campaign_cell,,50,Chemical oscillator model by Schnackenberg 1979 (dimensionless),2,surrogate,,evogrow_v2_2_stage_local,evogrow_v2_2_stage_local,7,finished,finished,True,,,2026-09-25T00:42:18.530Z,0.0005845143417865,,,,,pruned_support_terms_exact_match,5,,,2633945,,8651.204204195,False,True,False,600,2,0c9672de35c75a9d,221a3a7,False,0.8436937576224985,"[0.9009232765781111, 0.786464238666886]",430,460,2633945,ffb0266c7913352c,staged_polynomial_basis_with_constant,"[[""u1"",""u2""],[""1"",""u2""]]","[[""u1"",""u2""],[""1"",""u2""]]","[[{""term"":""u1"",""term_index"":2,""coefficient"":-1.0151825813304411},{""term"":""u2"",""term_index"":3,""coefficient"":3.3751624715089203}],[{""term"":""1"",""term_index"":1,""coefficient"":1.4703956844313208},{""term"":""u2"",""term_index"":3,""coefficient"":-2.9383714231920957}]]",uncapped,False,3,30,21,,,,"[""Success"",""Unstable"",""MaxIters""]","[""Success"",""Failure"",""MaxLossEvals""]",34431,36747,0,34431,2316,116,97,0.0,0.0,0.0,0.0,0.0,0.0,,,0,2,4,0,0,0,4,0.0,0.0,0.0
601_evogrow_v2_2_stage_capped_51_1_42,paper1_phaseC_v1,C,,campaign_cell,,51,Oscillator death model by Ermentrout and Kopell 1990,2,surrogate,,evogrow_v2_2_stage_capped,evogrow_v2_2_stage_capped,42,finished,finished,True,,,2026-09-25T00:44:14.131Z,0.0098751502934345,,,,,pruned_support_terms_exact_match,3,,,4361155,,12903.917709212,False,True,False,601,1,0c9672de35c75a9d,221a3a7,False,0.9991695969537644,"[0.9995115685155403, 0.9988276253919884]",390,555,4361155,ffb0266c7913352c,staged_polynomial_basis_with_constant,"[[""1"",""u1"",""u2"",""u1^2"",""u2^2"",""u1*u2""],[""1"",""u1"",""u2"",""u1^2"",""u2^2""]]","[[""1"",""u1"",""u2"",""u1^2"",""u2^2"",""u1*u2""],[""1"",""u1"",""u2"",""u1^2"",""u2^2""]]","[[{""term"":""1"",""term_index"":1,""coefficient"":4.083412677509931},{""term"":""u1"",""term_index"":2,""coefficient"":-4.35933722116256},{""term"":""u2"",""term_index"":3,""coefficient"":6.326841623785897},{""term"":""u1^2"",""term_index"":4,""coefficient"":1.1866131723073325},{""term"":""u2^2"",""term_index"":5,""coefficient"":2.103375936998998},{""term"":""u1*u2"",""term_index"":6,""coefficient"":-3.1925606105345623}],[{""term"":""1"",""term_index"":1,""coefficient"":8.004440786587102},{""term"":""u1"",""term_index"":2,""coefficient"":-5.606734299990117},{""term"":""u2"",""term_index"":3,""coefficient"":2.749103310635866},{""term"":""u1^2"",""term_index"":4,""coefficient"":0.8712166541195878},{""term"":""u2^2"",""term_index"":5,""coefficient"":-1.7195206180844695}]]",capped,False,3,30,19,,"[3,3]","[3,3]","[""Success"",""Unstable"",""MaxIters""]","[""Failure"",""Success"",""MaxLossEvals""]",170297,172533,0,170297,2236,350,147,0.0,0.0,0.0,0.0,0.0,0.0,,,0,2,11,0,0,0,11,0.0,0.0,0.0
602_evogrow_v2_2_stage_local_51_1_42,paper1_phaseC_v1,C,,campaign_cell,,51,Oscillator death model by Ermentrout and Kopell 1990,2,surrogate,,evogrow_v2_2_stage_local,evogrow_v2_2_stage_local,42,finished,finished,True,,,2026-09-25T00:55:06.372Z,0.0081323656987759,,,,,pruned_support_terms_exact_match,5,,,6479498,,54108.239504598,False,True,False,602,1,0c9672de35c75a9d,221a3a7,False,0.99933310059726,"[0.9995657705414428, 0.9991004306530773]",550,845,6479498,ffb0266c7913352c,staged_polynomial_basis_with_constant,"[[""1"",""u1"",""u2"",""u1^2"",""u2^2""],[""1"",""u1"",""u2"",""u1^2"",""u2^2"",""u2^3""]]","[[""1"",""u1"",""u2"",""u1^2"",""u2^2""],[""1"",""u1"",""u2"",""u1^2"",""u2^2"",""u2^3""]]","[[{""term"":""1"",""term_index"":1,""coefficient"":4.713974493771896},{""term"":""u1"",""term_index"":2,""coefficient"":-3.028066225574463},{""term"":""u2"",""term_index"":3,""coefficient"":1.4856639979204593},{""term"":""u1^2"",""term_index"":4,""coefficient"":0.4974402953503155},{""term"":""u2^2"",""term_index"":5,""coefficient"":-0.9909423260757961}],[{""term"":""1"",""term_index"":1,""coefficient"":6.5125154397724385},{""term"":""u1"",""term_index"":2,""coefficient"":-4.783986098597296},{""term"":""u2"",""term_index"":3,""coefficient"":2.8313556944535687},{""term"":""u1^2"",""term_index"":4,""coefficient"":0.7387065698232689},{""term"":""u2^2"",""term_index"":5,""coefficient"":-1.5636311283452433},{""term"":""u2^3"",""term_index"":8,""coefficient"":0.007547349127351092}]]",uncapped,False,3,30,27,,,,"[""Success"",""Unstable"",""MaxIters""]","[""Failure"",""Success"",""MaxLossEvals""]",288257,292740,0,288257,4483,469,234,0.0,0.0,0.0,0.0,0.0,0.0,,,0,2,11,0,0,0,11,0.0,0.0,0.0
603_evogrow_v2_2_stage_capped_51_1_123,paper1_phaseC_v1,C,,campaign_cell,,51,Oscillator death model by Ermentrout and Kopell 1990,2,surrogate,,evogrow_v2_2_stage_capped,evogrow_v2_2_stage_capped,123,finished,finished,True,,,2026-09-25T01:16:27.887Z,0.0090323480761645,,,,,pruned_support_terms_exact_match,3,,,5080290,,17336.329852353,False,True,False,603,1,0c9672de35c75a9d,221a3a7,False,0.9992435815808072,"[0.9995473779590094, 0.9989397852026048]",430,593,5080290,ffb0266c7913352c,staged_polynomial_basis_with_constant,"[[""1"",""u1"",""u2"",""u1^2"",""u2^2"",""u1*u2""],[""1"",""u1"",""u2"",""u1^2"",""u2^2""]]","[[""1"",""u1"",""u2"",""u1^2"",""u2^2"",""u1*u2""],[""1"",""u1"",""u2"",""u1^2"",""u2^2""]]","[[{""term"":""1"",""term_index"":1,""coefficient"":3.450662347967649},{""term"":""u1"",""term_index"":2,""coefficient"":-5.22382983340729},{""term"":""u2"",""term_index"":3,""coefficient"":10.0},{""term"":""u1^2"",""term_index"":4,""coefficient"":1.70298237749996},{""term"":""u2^2"",""term_index"":5,""coefficient"":4.633018929168219},{""term"":""u1*u2"",""term_index"":6,""coefficient"":-5.727635921580902}],[{""term"":""1"",""term_index"":1,""coefficient"":4.7571643785451005},{""term"":""u1"",""term_index"":2,""coefficient"":-3.4692922170475193},{""term"":""u2"",""term_index"":3,""coefficient"":2.1080447464879053},{""term"":""u1^2"",""term_index"":4,""coefficient"":0.5268398540603181},{""term"":""u2^2"",""term_index"":5,""coefficient"":-1.0707112686515197}]]",capped,False,3,30,21,,"[3,3]","[3,3]","[""Success"",""Unstable"",""MaxIters""]","[""Success"",""Failure"",""MaxLossEvals""]",212641,215610,0,212641,2969,388,187,0.0,0.0,0.0,0.0,0.0,0.0,,,0,2,11,0,0,0,11,0.0,0.0,0.0
604_evogrow_v2_2_stage_local_51_1_123,paper1_phaseC_v1,C,,campaign_cell,,51,Oscillator death model by Ermentrout and Kopell 1990,2,surrogate,,evogrow_v2_2_stage_local,evogrow_v2_2_stage_local,123,finished,finished,True,,,2026-09-25T01:27:52.874Z,0.0081740526604157,,,,,pruned_support_terms_exact_match,5,,,7417574,,46607.031582606,False,True,False,604,1,0c9672de35c75a9d,221a3a7,False,0.9993317895505917,"[0.9995595668137897, 0.9991040122873933]",590,871,7417574,ffb0266c7913352c,staged_polynomial_basis_with_constant,"[[""1"",""u1"",""u2"",""u1^2"",""u2^2""],[""1"",""u1"",""u2"",""u1^2"",""u2^2"",""u2^3""]]","[[""1"",""u1"",""u2"",""u1^2"",""u2^2""],[""1"",""u1"",""u2"",""u1^2"",""u2^2"",""u2^3""]]","[[{""term"":""1"",""term_index"":1,""coefficient"":4.684156587055692},{""term"":""u1"",""term_index"":2,""coefficient"":-2.947754725611744},{""term"":""u2"",""term_index"":3,""coefficient"":1.3018186457785434},{""term"":""u1^2"",""term_index"":4,""coefficient"":0.49309026740427503},{""term"":""u2^2"",""term_index"":5,""coefficient"":-0.9765277901701224}],[{""term"":""1"",""term_index"":1,""coefficient"":6.465523316409718},{""term"":""u1"",""term_index"":2,""coefficient"":-4.6750547575535615},{""term"":""u2"",""term_index"":3,""coefficient"":2.6373694195704647},{""term"":""u1^2"",""term_index"":4,""coefficient"":0.7269087519311267},{""term"":""u2^2"",""term_index"":5,""coefficient"":-1.5361761767537947},{""term"":""u2^3"",""term_index"":8,""coefficient"":0.007731894136903241}]]",uncapped,False,3,30,29,,,,"[""Success"",""Unstable"",""MaxIters""]","[""Success"",""Failure"",""MaxLossEvals""]",354855,359140,0,354855,4285,512,289,0.0,0.0,0.0,0.0,0.0,0.0,,,0,2,11,0,0,0,11,0.0,0.0,0.0
605_evogrow_v2_2_stage_capped_51_1_7,paper1_phaseC_v1,C,,campaign_cell,,51,Oscillator death model by Ermentrout and Kopell 1990,2,surrogate,,evogrow_v2_2_stage_capped,evogrow_v2_2_stage_capped,7,finished,finished,True,,,2026-09-25T01:49:36.408Z,0.0094198082294937,,,,,pruned_support_terms_exact_match,3,,,4635429,,14702.752525346,False,True,False,605,1,0c9672de35c75a9d,221a3a7,False,0.9992261997824796,"[0.999499525003587, 0.998952874561372]",410,559,4635429,ffb0266c7913352c,staged_polynomial_basis_with_constant,"[[""1"",""u1"",""u2"",""u1^2"",""u2^2""],[""1"",""u1"",""u2"",""u1^2"",""u2^2"",""u1*u2""]]","[[""1"",""u1"",""u2"",""u1^2"",""u2^2""],[""1"",""u1"",""u2"",""u1^2"",""u2^2"",""u1*u2""]]","[[{""term"":""1"",""term_index"":1,""coefficient"":3.5114260178259116},{""term"":""u1"",""term_index"":2,""coefficient"":-2.2606403313020094},{""term"":""u2"",""term_index"":3,""coefficient"":1.3622519644338733},{""term"":""u1^2"",""term_index"":4,""coefficient"":0.3657503737543624},{""term"":""u2^2"",""term_index"":5,""coefficient"":-0.7513925087444179}],[{""term"":""1"",""term_index"":1,""coefficient"":6.341256949407717},{""term"":""u1"",""term_index"":2,""coefficient"":-0.3699949244638474},{""term"":""u2"",""term_index"":3,""coefficient"":-9.992159278562292},{""term"":""u1^2"",""term_index"":4,""coefficient"":-1.1373984723247819},{""term"":""u2^2"",""term_index"":5,""coefficient"":-9.014529722022289},{""term"":""u1*u2"",""term_index"":6,""coefficient"":8.030384241286647}]]",capped,False,3,30,20,,"[3,3]","[3,3]","[""Success"",""Unstable"",""MaxIters""]","[""Failure"",""Success"",""MaxLossEvals""]",187816,190168,0,187816,2352,365,163,0.0,0.0,0.0,0.0,0.0,0.0,,,0,2,11,0,0,0,11,0.0,0.0,0.0
606_evogrow_v2_2_stage_local_51_1_7,paper1_phaseC_v1,C,,campaign_cell,,51,Oscillator death model by Ermentrout and Kopell 1990,2,surrogate,,evogrow_v2_2_stage_local,evogrow_v2_2_stage_local,7,finished,finished,True,,,2026-09-25T01:55:47.154Z,0.0081020029205818,,,,,pruned_support_terms_exact_match,5,,,7373776,,39816.780099772,False,True,False,606,1,0c9672de35c75a9d,221a3a7,False,0.9993361073893272,"[0.9995664161910311, 0.9991057985876232]",610,915,7373776,ffb0266c7913352c,staged_polynomial_basis_with_constant,"[[""1"",""u1"",""u2"",""u1^2"",""u2^2""],[""1"",""u1"",""u2"",""u1^2"",""u2^2"",""u2^3""]]","[[""1"",""u1"",""u2"",""u1^2"",""u2^2""],[""1"",""u1"",""u2"",""u1^2"",""u2^2"",""u2^3""]]","[[{""term"":""1"",""term_index"":1,""coefficient"":4.837671739055766},{""term"":""u1"",""term_index"":2,""coefficient"":-3.1031787313493218},{""term"":""u2"",""term_index"":3,""coefficient"":1.4858403665587205},{""term"":""u1^2"",""term_index"":4,""coefficient"":0.5109734429908231},{""term"":""u2^2"",""term_index"":5,""coefficient"":-1.0158904941768245}],[{""term"":""1"",""term_index"":1,""coefficient"":6.591625242518057},{""term"":""u1"",""term_index"":2,""coefficient"":-4.812837812537724},{""term"":""u2"",""term_index"":3,""coefficient"":2.7632901393686047},{""term"":""u1^2"",""term_index"":4,""coefficient"":0.7478190404607562},{""term"":""u2^2"",""term_index"":5,""coefficient"":-1.574036363879166},{""term"":""u2^3"",""term_index"":8,""coefficient"":0.007183458007733042}]]",uncapped,False,3,30,30,,,,"[""Success"",""Unstable"",""MaxIters""]","[""Failure"",""Success"",""MaxLossEvals""]",374827,378006,0,374827,3179,515,283,0.0,0.0,0.0,0.0,0.0,0.0,,,0,2,11,0,0,0,11,0.0,0.0,0.0
607_evogrow_v2_2_stage_capped_51_2_42,paper1_phaseC_v1,C,,campaign_cell,,51,Oscillator death model by Ermentrout and Kopell 1990,2,surrogate,,evogrow_v2_2_stage_capped,evogrow_v2_2_stage_capped,42,finished,finished,True,,,2026-09-25T02:10:38.447Z,0.0042125276625257,,,,,pruned_support_terms_exact_match,5,,,7436724,,44313.647453366,False,True,False,607,2,0c9672de35c75a9d,221a3a7,False,0.99915789443052,"[0.9996057351984278, 0.9987100536626121]",590,644,7436724,ffb0266c7913352c,staged_polynomial_basis_with_constant,"[[""1"",""u1"",""u2"",""u1^2"",""u2^2"",""cos(u1)""],[""1"",""u1"",""u2"",""u1^2"",""u2^2"",""u1^3""]]","[[""1"",""u1"",""u2"",""u1^2"",""u2^2"",""cos(u1)""],[""1"",""u1"",""u2"",""u1^2"",""u2^2"",""u1^3""]]","[[{""term"":""1"",""term_index"":1,""coefficient"":2.8358846870848},{""term"":""u1"",""term_index"":2,""coefficient"":-3.389939308096242},{""term"":""u2"",""term_index"":3,""coefficient"":3.8359273947861054},{""term"":""u1^2"",""term_index"":4,""coefficient"":0.5439842666356535},{""term"":""u2^2"",""term_index"":5,""coefficient"":-1.3437872622943097},{""term"":""cos(u1)"",""term_index"":10,""coefficient"":-0.17412225488298616}],[{""term"":""1"",""term_index"":1,""coefficient"":1.967710801989648},{""term"":""u1"",""term_index"":2,""coefficient"":-3.5148839541187242},{""term"":""u2"",""term_index"":3,""coefficient"":4.880681293797017},{""term"":""u1^2"",""term_index"":4,""coefficient"":0.5104560124150916},{""term"":""u2^2"",""term_index"":5,""coefficient"":-1.5816100885927409},{""term"":""u1^3"",""term_index"":7,""coefficient"":0.006632274272926025}]]",capped,False,3,30,29,,"[5,5]","[null,null]","[""Success"",""Unstable"",""MaxIters""]","[""Failure"",""Success"",""MaxLossEvals""]",360151,365735,0,360151,5584,542,225,0.0,0.0,0.0,0.0,0.0,0.0,,,0,2,12,0,0,0,12,0.0,0.0,0.0
608_evogrow_v2_2_stage_local_51_2_42,paper1_phaseC_v1,C,,campaign_cell,,51,Oscillator death model by Ermentrout and Kopell 1990,2,surrogate,,evogrow_v2_2_stage_local,evogrow_v2_2_stage_local,42,finished,finished,True,,,2026-09-25T02:11:31.554Z,0.0042125276625257,,,,,pruned_support_terms_exact_match,5,,,7436724,,44327.38034973,False,True,False,608,2,0c9672de35c75a9d,221a3a7,False,0.99915789443052,"[0.9996057351984278, 0.9987100536626121]",590,644,7436724,ffb0266c7913352c,staged_polynomial_basis_with_constant,"[[""1"",""u1"",""u2"",""u1^2"",""u2^2"",""cos(u1)""],[""1"",""u1"",""u2"",""u1^2"",""u2^2"",""u1^3""]]","[[""1"",""u1"",""u2"",""u1^2"",""u2^2"",""cos(u1)""],[""1"",""u1"",""u2"",""u1^2"",""u2^2"",""u1^3""]]","[[{""term"":""1"",""term_index"":1,""coefficient"":2.8358846870848},{""term"":""u1"",""term_index"":2,""coefficient"":-3.389939308096242},{""term"":""u2"",""term_index"":3,""coefficient"":3.8359273947861054},{""term"":""u1^2"",""term_index"":4,""coefficient"":0.5439842666356535},{""term"":""u2^2"",""term_index"":5,""coefficient"":-1.3437872622943097},{""term"":""cos(u1)"",""term_index"":10,""coefficient"":-0.17412225488298616}],[{""term"":""1"",""term_index"":1,""coefficient"":1.967710801989648},{""term"":""u1"",""term_index"":2,""coefficient"":-3.5148839541187242},{""term"":""u2"",""term_index"":3,""coefficient"":4.880681293797017},{""term"":""u1^2"",""term_index"":4,""coefficient"":0.5104560124150916},{""term"":""u2^2"",""term_index"":5,""coefficient"":-1.5816100885927409},{""term"":""u1^3"",""term_index"":7,""coefficient"":0.006632274272926025}]]",uncapped,False,3,30,29,,,,"[""Success"",""Unstable"",""MaxIters""]","[""Failure"",""Success"",""MaxLossEvals""]",360151,365735,0,360151,5584,542,225,0.0,0.0,0.0,0.0,0.0,0.0,,,0,2,12,0,0,0,12,0.0,0.0,0.0
609_evogrow_v2_2_stage_capped_51_2_123,paper1_phaseC_v1,C,,campaign_cell,,51,Oscillator death model by Ermentrout and Kopell 1990,2,surrogate,,evogrow_v2_2_stage_capped,evogrow_v2_2_stage_capped,123,finished,finished,True,,,2026-09-25T02:18:17.833Z,0.0050644269498154,,,,,pruned_support_terms_exact_match,5,,,7813461,,41759.212934685,False,True,False,609,2,0c9672de35c75a9d,221a3a7,False,0.9989018788913888,"[0.999619278111998, 0.9981844796707798]",610,666,7813461,ffb0266c7913352c,staged_polynomial_basis_with_constant,"[[""1"",""u1"",""u2"",""u1^2"",""u2^2"",""cos(u2)""],[""1"",""u1"",""u2"",""u1^2"",""u2^2"",""u2^3""]]","[[""1"",""u1"",""u2"",""u1^2"",""u2^2"",""cos(u2)""],[""1"",""u1"",""u2"",""u1^2"",""u2^2"",""u2^3""]]","[[{""term"":""1"",""term_index"":1,""coefficient"":1.6229732315378713},{""term"":""u1"",""term_index"":2,""coefficient"":-3.036647616124024},{""term"":""u2"",""term_index"":3,""coefficient"":4.329087426198999},{""term"":""u1^2"",""term_index"":4,""coefficient"":0.4897577722436443},{""term"":""u2^2"",""term_index"":5,""coefficient"":-1.3312427681056227},{""term"":""cos(u2)"",""term_index"":12,""coefficient"":0.550617095624}],[{""term"":""1"",""term_index"":1,""coefficient"":1.8326661093206396},{""term"":""u1"",""term_index"":2,""coefficient"":-3.4780221998750758},{""term"":""u2"",""term_index"":3,""coefficient"":4.713176006530712},{""term"":""u1^2"",""term_index"":4,""coefficient"":0.5380836007606608},{""term"":""u2^2"",""term_index"":5,""coefficient"":-1.5063782319162577},{""term"":""u2^3"",""term_index"":8,""coefficient"":0.013824490882273374}]]",capped,False,3,30,30,,"[5,5]","[null,null]","[""Success"",""Unstable"",""MaxIters""]","[""Success"",""Failure"",""MaxLossEvals""]",395481,400219,0,395481,4738,550,243,0.0,0.0,0.0,0.0,0.0,0.0,,,0,2,12,0,0,0,12,0.0,0.0,0.0
610_evogrow_v2_2_stage_local_51_2_123,paper1_phaseC_v1,C,,campaign_cell,,51,Oscillator death model by Ermentrout and Kopell 1990,2,surrogate,,evogrow_v2_2_stage_local,evogrow_v2_2_stage_local,123,finished,finished,True,,,2026-09-25T02:34:42.092Z,0.0050644269498154,,,,,pruned_support_terms_exact_match,5,,,7813461,,50105.400538093,False,True,False,610,2,0c9672de35c75a9d,221a3a7,False,0.9989018788913888,"[0.999619278111998, 0.9981844796707798]",610,666,7813461,ffb0266c7913352c,staged_polynomial_basis_with_constant,"[[""1"",""u1"",""u2"",""u1^2"",""u2^2"",""cos(u2)""],[""1"",""u1"",""u2"",""u1^2"",""u2^2"",""u2^3""]]","[[""1"",""u1"",""u2"",""u1^2"",""u2^2"",""cos(u2)""],[""1"",""u1"",""u2"",""u1^2"",""u2^2"",""u2^3""]]","[[{""term"":""1"",""term_index"":1,""coefficient"":1.6229732315378713},{""term"":""u1"",""term_index"":2,""coefficient"":-3.036647616124024},{""term"":""u2"",""term_index"":3,""coefficient"":4.329087426198999},{""term"":""u1^2"",""term_index"":4,""coefficient"":0.4897577722436443},{""term"":""u2^2"",""term_index"":5,""coefficient"":-1.3312427681056227},{""term"":""cos(u2)"",""term_index"":12,""coefficient"":0.550617095624}],[{""term"":""1"",""term_index"":1,""coefficient"":1.8326661093206396},{""term"":""u1"",""term_index"":2,""coefficient"":-3.4780221998750758},{""term"":""u2"",""term_index"":3,""coefficient"":4.713176006530712},{""term"":""u1^2"",""term_index"":4,""coefficient"":0.5380836007606608},{""term"":""u2^2"",""term_index"":5,""coefficient"":-1.5063782319162577},{""term"":""u2^3"",""term_index"":8,""coefficient"":0.013824490882273374}]]",uncapped,False,3,30,30,,,,"[""Success"",""Unstable"",""MaxIters""]","[""Success"",""Failure"",""MaxLossEvals""]",395481,400219,0,395481,4738,550,243,0.0,0.0,0.0,0.0,0.0,0.0,,,0,2,12,0,0,0,12,0.0,0.0,0.0
611_evogrow_v2_2_stage_capped_51_2_7,paper1_phaseC_v1,C,,campaign_cell,,51,Oscillator death model by Ermentrout and Kopell 1990,2,surrogate,,evogrow_v2_2_stage_capped,evogrow_v2_2_stage_capped,7,finished,finished,True,,,2026-09-25T02:37:49.666Z,0.0052615149271966,,,,,pruned_support_terms_exact_match,5,,,7459824,,28162.954898781,False,True,False,611,2,0c9672de35c75a9d,221a3a7,False,0.999035066877252,"[0.9994130263697516, 0.9986571073847526]",610,640,7459824,ffb0266c7913352c,staged_polynomial_basis_with_constant,"[[""1"",""u1"",""u2"",""u1^2"",""u2^2"",""cos(u2)""],[""1"",""u1"",""u2"",""u1^2"",""u2^2"",""u2^3""]]","[[""1"",""u1"",""u2"",""u1^2"",""u2^2"",""cos(u2)""],[""1"",""u1"",""u2"",""u1^2"",""u2^2"",""u2^3""]]","[[{""term"":""1"",""term_index"":1,""coefficient"":2.221339182702361},{""term"":""u1"",""term_index"":2,""coefficient"":-2.4135678433861223},{""term"":""u2"",""term_index"":3,""coefficient"":2.7138459794968774},{""term"":""u1^2"",""term_index"":4,""coefficient"":0.4057106220726394},{""term"":""u2^2"",""term_index"":5,""coefficient"":-0.997051790958635},{""term"":""cos(u2)"",""term_index"":12,""coefficient"":0.29803117431215387}],[{""term"":""1"",""term_index"":1,""coefficient"":2.0490011699460973},{""term"":""u1"",""term_index"":2,""coefficient"":-3.744486623716059},{""term"":""u2"",""term_index"":3,""coefficient"":5.245459283193003},{""term"":""u1^2"",""term_index"":4,""coefficient"":0.569297862926865},{""term"":""u2^2"",""term_index"":5,""coefficient"":-1.7632651238828136},{""term"":""u2^3"",""term_index"":8,""coefficient"":0.03864095753629797}]]",capped,False,3,30,30,,"[5,5]","[null,null]","[""Success"",""Unstable"",""MaxIters""]","[""Success"",""Failure"",""MaxLossEvals""]",380841,383045,0,380841,2204,537,218,0.0,0.0,0.0,0.0,0.0,0.0,,,0,2,12,0,0,0,12,0.0,0.0,0.0
612_evogrow_v2_2_stage_local_51_2_7,paper1_phaseC_v1,C,,campaign_cell,,51,Oscillator death model by Ermentrout and Kopell 1990,2,surrogate,,evogrow_v2_2_stage_local,evogrow_v2_2_stage_local,7,finished,finished,True,,,2026-09-25T03:07:32.702Z,0.0052615149271966,,,,,pruned_support_terms_exact_match,5,,,7459824,,34886.430837154,False,True,False,612,2,0c9672de35c75a9d,221a3a7,False,0.999035066877252,"[0.9994130263697516, 0.9986571073847526]",610,640,7459824,ffb0266c7913352c,staged_polynomial_basis_with_constant,"[[""1"",""u1"",""u2"",""u1^2"",""u2^2"",""cos(u2)""],[""1"",""u1"",""u2"",""u1^2"",""u2^2"",""u2^3""]]","[[""1"",""u1"",""u2"",""u1^2"",""u2^2"",""cos(u2)""],[""1"",""u1"",""u2"",""u1^2"",""u2^2"",""u2^3""]]","[[{""term"":""1"",""term_index"":1,""coefficient"":2.221339182702361},{""term"":""u1"",""term_index"":2,""coefficient"":-2.4135678433861223},{""term"":""u2"",""term_index"":3,""coefficient"":2.7138459794968774},{""term"":""u1^2"",""term_index"":4,""coefficient"":0.4057106220726394},{""term"":""u2^2"",""term_index"":5,""coefficient"":-0.997051790958635},{""term"":""cos(u2)"",""term_index"":12,""coefficient"":0.29803117431215387}],[{""term"":""1"",""term_index"":1,""coefficient"":2.0490011699460973},{""term"":""u1"",""term_index"":2,""coefficient"":-3.744486623716059},{""term"":""u2"",""term_index"":3,""coefficient"":5.245459283193003},{""term"":""u1^2"",""term_index"":4,""coefficient"":0.569297862926865},{""term"":""u2^2"",""term_index"":5,""coefficient"":-1.7632651238828136},{""term"":""u2^3"",""term_index"":8,""coefficient"":0.03864095753629797}]]",uncapped,False,3,30,30,,,,"[""Success"",""Unstable"",""MaxIters""]","[""Success"",""Failure"",""MaxLossEvals""]",380841,383045,0,380841,2204,537,218,0.0,0.0,0.0,0.0,0.0,0.0,,,0,2,12,0,0,0,12,0.0,0.0,0.0
613_evogrow_v2_2_stage_capped_52_1_42,paper1_phaseC_v1,C,,campaign_cell,,52,Maxwell-Bloch equations (laser dynamics),3,exact,3.0,evogrow_v2_2_stage_capped,evogrow_v2_2_stage_capped,42,finished,finished,True,,,2026-09-14T10:53:27.836Z,0.0002265106267314,,False,False,False,pruned_support_terms_exact_match,5,2.0,8.0,3229177,,6577.82245342,False,True,False,613,1,0c9672de35c75a9d,221a3a7,False,0.9752764322277324,"[0.9825062434514769, 0.9482815791137325, 0.9950414741179877]",490,509,3229177,ffb0266c7913352c,staged_polynomial_basis_with_constant,"[[""u2""],[""1"",""u2"",""u3""],[""1"",""u2""]]","[[""u2""],[""1"",""u2"",""u3""],[""1"",""u2""]]","[[{""term"":""u2"",""term_index"":3,""coefficient"":-0.02947136116391693}],[{""term"":""1"",""term_index"":1,""coefficient"":0.21027272155176993},{""term"":""u2"",""term_index"":3,""coefficient"":-0.3682791723368995},{""term"":""u3"",""term_index"":4,""coefficient"":0.14756196158895196}],[{""term"":""1"",""term_index"":1,""coefficient"":1.9032051014462048},{""term"":""u2"",""term_index"":3,""coefficient"":-2.0764546552198846}]]",capped,False,3,30,24,"[2,2,2]","[5,5,5]","[null,null,null]","[""Success"",""Unstable"",""MaxIters""]","[""Success"",""Failure"",""MaxLossEvals""]",21629,23141,0,21629,1512,280,66,0.4615384615384615,0.4888888888888889,0.5,0.611111111111111,0.4285714285714285,0.4444444444444444,0.9162439123027706,1.294713611639169,7,3,6,7,3,4,3,0.4615384615384615,0.5,0.4285714285714285
614_evogrow_v2_2_stage_local_52_1_42,paper1_phaseC_v1,C,,campaign_cell,,52,Maxwell-Bloch equations (laser dynamics),3,exact,3.0,evogrow_v2_2_stage_local,evogrow_v2_2_stage_local,42,finished,finished,True,,,2026-09-14T10:53:28.089Z,0.0002265106267314,,False,False,False,pruned_support_terms_exact_match,5,2.0,8.0,3229177,,6468.88611838,False,True,False,614,1,0c9672de35c75a9d,221a3a7,False,0.9752764322277324,"[0.9825062434514769, 0.9482815791137325, 0.9950414741179877]",490,509,3229177,ffb0266c7913352c,staged_polynomial_basis_with_constant,"[[""u2""],[""1"",""u2"",""u3""],[""1"",""u2""]]","[[""u2""],[""1"",""u2"",""u3""],[""1"",""u2""]]","[[{""term"":""u2"",""term_index"":3,""coefficient"":-0.02947136116391693}],[{""term"":""1"",""term_index"":1,""coefficient"":0.21027272155176993},{""term"":""u2"",""term_index"":3,""coefficient"":-0.3682791723368995},{""term"":""u3"",""term_index"":4,""coefficient"":0.14756196158895196}],[{""term"":""1"",""term_index"":1,""coefficient"":1.9032051014462048},{""term"":""u2"",""term_index"":3,""coefficient"":-2.0764546552198846}]]",uncapped,False,3,30,24,,,,"[""Success"",""Unstable"",""MaxIters""]","[""Success"",""Failure"",""MaxLossEvals""]",21629,23141,0,21629,1512,280,66,0.4615384615384615,0.4888888888888889,0.5,0.611111111111111,0.4285714285714285,0.4444444444444444,0.9162439123027706,1.294713611639169,7,3,6,7,3,4,3,0.4615384615384615,0.5,0.4285714285714285
615_evogrow_v2_2_stage_capped_52_1_123,paper1_phaseC_v1,C,,campaign_cell,,52,Maxwell-Bloch equations (laser dynamics),3,exact,3.0,evogrow_v2_2_stage_capped,evogrow_v2_2_stage_capped,123,finished,finished,True,,,2026-09-14T10:53:28.449Z,0.0005880289599779,,False,False,False,pruned_support_terms_exact_match,5,2.0,8.0,1933900,,5308.267866923,False,True,False,615,1,0c9672de35c75a9d,221a3a7,False,0.9761214788196604,"[0.9871659702190563, 0.9746260265120342, 0.9665724397278909]",450,490,1933900,ffb0266c7913352c,staged_polynomial_basis_with_constant,"[[""1""],[""u2"",""u3""],[""1"",""u2""]]","[[""1""],[""u2"",""u3""],[""1"",""u2""]]","[[{""term"":""1"",""term_index"":1,""coefficient"":-0.0271327698364656}],[{""term"":""u2"",""term_index"":3,""coefficient"":-0.19883586907070352},{""term"":""u3"",""term_index"":4,""coefficient"":0.22489036698985806}],[{""term"":""1"",""term_index"":1,""coefficient"":1.4127554590025868},{""term"":""u2"",""term_index"":3,""coefficient"":-1.5436706209052171}]]",capped,False,3,30,22,"[2,2,2]","[5,5,5]","[null,null,null]","[""Success"",""Unstable"",""MaxIters""]","[""Success"",""Failure"",""MaxLossEvals""]",26630,27923,0,26630,1284,156,21,0.3333333333333333,0.3,0.4,0.3333333333333333,0.2857142857142857,0.2777777777777777,0.7238024209225068,1.0,7,3,5,7,2,5,3,0.3333333333333333,0.4,0.2857142857142857
616_evogrow_v2_2_stage_local_52_1_123,paper1_phaseC_v1,C,,campaign_cell,,52,Maxwell-Bloch equations (laser dynamics),3,exact,3.0,evogrow_v2_2_stage_local,evogrow_v2_2_stage_local,123,finished,finished,True,,,2026-09-14T10:53:28.998Z,0.0005880289599779,,False,False,False,pruned_support_terms_exact_match,5,2.0,8.0,1933900,,5413.478818501,False,True,False,616,1,0c9672de35c75a9d,221a3a7,False,0.9761214788196604,"[0.9871659702190563, 0.9746260265120342, 0.9665724397278909]",450,490,1933900,ffb0266c7913352c,staged_polynomial_basis_with_constant,"[[""1""],[""u2"",""u3""],[""1"",""u2""]]","[[""1""],[""u2"",""u3""],[""1"",""u2""]]","[[{""term"":""1"",""term_index"":1,""coefficient"":-0.0271327698364656}],[{""term"":""u2"",""term_index"":3,""coefficient"":-0.19883586907070352},{""term"":""u3"",""term_index"":4,""coefficient"":0.22489036698985806}],[{""term"":""1"",""term_index"":1,""coefficient"":1.4127554590025868},{""term"":""u2"",""term_index"":3,""coefficient"":-1.5436706209052171}]]",uncapped,False,3,30,22,,,,"[""Success"",""Unstable"",""MaxIters""]","[""Success"",""Failure"",""MaxLossEvals""]",26630,27923,0,26630,1284,156,21,0.3333333333333333,0.3,0.4,0.3333333333333333,0.2857142857142857,0.2777777777777777,0.7238024209225068,1.0,7,3,5,7,2,5,3,0.3333333333333333,0.4,0.2857142857142857
617_evogrow_v2_2_stage_capped_52_1_7,paper1_phaseC_v1,C,,campaign_cell,,52,Maxwell-Bloch equations (laser dynamics),3,exact,3.0,evogrow_v2_2_stage_capped,evogrow_v2_2_stage_capped,7,finished,finished,True,,,2026-09-14T10:53:28.709Z,0.0004043623852638,,False,False,False,pruned_support_terms_exact_match,5,2.0,8.0,2013248,,5162.638830488,False,True,False,617,1,0c9672de35c75a9d,221a3a7,False,0.9652749172691808,"[0.9260657174921494, 0.9837123242522527, 0.9860467100631404]",450,476,2013248,ffb0266c7913352c,staged_polynomial_basis_with_constant,"[[""u3""],[""u2"",""u3""],[""u1"",""u2"",""u2^3""]]","[[""u3""],[""u2"",""u3""],[""u1"",""u2"",""u2^3""]]","[[{""term"":""u3"",""term_index"":4,""coefficient"":-0.04010473598975965}],[{""term"":""u2"",""term_index"":3,""coefficient"":-0.19135590851548628},{""term"":""u3"",""term_index"":4,""coefficient"":0.217031312336291}],[{""term"":""u1"",""term_index"":2,""coefficient"":0.0868951933043358},{""term"":""u2"",""term_index"":3,""coefficient"":0.6114650756104746},{""term"":""u2^3"",""term_index"":12,""coefficient"":-0.8390232762742983}]]",capped,False,3,30,22,"[2,2,2]","[5,5,5]","[null,null,null]","[""Success"",""Unstable"",""MaxIters""]","[""Success"",""Failure"",""MaxLossEvals""]",23644,24855,0,23644,1211,217,19,0.1538461538461538,0.1666666666666666,0.1666666666666666,0.1666666666666666,0.1428571428571428,0.1666666666666666,0.8698259125744991,1.0,7,3,6,7,1,6,5,0.1538461538461538,0.1666666666666666,0.1428571428571428
618_evogrow_v2_2_stage_local_52_1_7,paper1_phaseC_v1,C,,campaign_cell,,52,Maxwell-Bloch equations (laser dynamics),3,exact,3.0,evogrow_v2_2_stage_local,evogrow_v2_2_stage_local,7,finished,finished,True,,,2026-09-14T10:53:28.476Z,0.0004043623852638,,False,False,False,pruned_support_terms_exact_match,5,2.0,8.0,2013248,,5151.415098193,False,True,False,618,1,0c9672de35c75a9d,221a3a7,False,0.9652749172691808,"[0.9260657174921494, 0.9837123242522527, 0.9860467100631404]",450,476,2013248,ffb0266c7913352c,staged_polynomial_basis_with_constant,"[[""u3""],[""u2"",""u3""],[""u1"",""u2"",""u2^3""]]","[[""u3""],[""u2"",""u3""],[""u1"",""u2"",""u2^3""]]","[[{""term"":""u3"",""term_index"":4,""coefficient"":-0.04010473598975965}],[{""term"":""u2"",""term_index"":3,""coefficient"":-0.19135590851548628},{""term"":""u3"",""term_index"":4,""coefficient"":0.217031312336291}],[{""term"":""u1"",""term_index"":2,""coefficient"":0.0868951933043358},{""term"":""u2"",""term_index"":3,""coefficient"":0.6114650756104746},{""term"":""u2^3"",""term_index"":12,""coefficient"":-0.8390232762742983}]]",uncapped,False,3,30,22,,,,"[""Success"",""Unstable"",""MaxIters""]","[""Success"",""Failure"",""MaxLossEvals""]",23644,24855,0,23644,1211,217,19,0.1538461538461538,0.1666666666666666,0.1666666666666666,0.1666666666666666,0.1428571428571428,0.1666666666666666,0.8698259125744991,1.0,7,3,6,7,1,6,5,0.1538461538461538,0.1666666666666666,0.1428571428571428
619_evogrow_v2_2_stage_capped_52_2_42,paper1_phaseC_v1,C,,campaign_cell,,52,Maxwell-Bloch equations (laser dynamics),3,exact,3.0,evogrow_v2_2_stage_capped,evogrow_v2_2_stage_capped,42,finished,finished,True,,,2026-09-14T10:53:33.378Z,0.0004555103599995,,False,False,False,pruned_support_terms_exact_match,5,2.0,8.0,2325093,,3532.151866025,False,True,False,619,2,0c9672de35c75a9d,221a3a7,False,0.5726793383947749,"[-0.18644887826826118, 0.9768320052952043, 0.9276548881573818]",430,456,2325093,ffb0266c7913352c,staged_polynomial_basis_with_constant,"[[""u3""],[""1"",""u1""],[""1"",""u2""]]","[[""u3""],[""1"",""u1""],[""1"",""u2""]]","[[{""term"":""u3"",""term_index"":4,""coefficient"":0.014100873849310074}],[{""term"":""1"",""term_index"":1,""coefficient"":-1.0823252646855146},{""term"":""u1"",""term_index"":2,""coefficient"":1.107241625595174}],[{""term"":""1"",""term_index"":1,""coefficient"":0.7213354981612229},{""term"":""u2"",""term_index"":3,""coefficient"":-0.6834780640332038}]]",capped,False,3,30,21,"[2,2,2]","[5,5,5]","[null,null,null]","[""Success"",""Unstable"",""MaxIters""]","[""Success"",""Failure"",""MaxLossEvals""]",25488,26253,0,25488,765,158,59,0.1666666666666666,0.1333333333333333,0.2,0.1666666666666666,0.1428571428571428,0.1111111111111111,0.926077526320842,1.0,7,3,5,7,1,6,4,0.1666666666666666,0.2,0.1428571428571428
620_evogrow_v2_2_stage_local_52_2_42,paper1_phaseC_v1,C,,campaign_cell,,52,Maxwell-Bloch equations (laser dynamics),3,exact,3.0,evogrow_v2_2_stage_local,evogrow_v2_2_stage_local,42,finished,finished,True,,,2026-09-14T10:53:29.520Z,0.0004555103599995,,False,False,False,pruned_support_terms_exact_match,5,2.0,8.0,2325093,,3401.465467513,False,True,False,620,2,0c9672de35c75a9d,221a3a7,False,0.5726793383947749,"[-0.18644887826826118, 0.9768320052952043, 0.9276548881573818]",430,456,2325093,ffb0266c7913352c,staged_polynomial_basis_with_constant,"[[""u3""],[""1"",""u1""],[""1"",""u2""]]","[[""u3""],[""1"",""u1""],[""1"",""u2""]]","[[{""term"":""u3"",""term_index"":4,""coefficient"":0.014100873849310074}],[{""term"":""1"",""term_index"":1,""coefficient"":-1.0823252646855146},{""term"":""u1"",""term_index"":2,""coefficient"":1.107241625595174}],[{""term"":""1"",""term_index"":1,""coefficient"":0.7213354981612229},{""term"":""u2"",""term_index"":3,""coefficient"":-0.6834780640332038}]]",uncapped,False,3,30,21,,,,"[""Success"",""Unstable"",""MaxIters""]","[""Success"",""Failure"",""MaxLossEvals""]",25488,26253,0,25488,765,158,59,0.1666666666666666,0.1333333333333333,0.2,0.1666666666666666,0.1428571428571428,0.1111111111111111,0.926077526320842,1.0,7,3,5,7,1,6,4,0.1666666666666666,0.2,0.1428571428571428
621_evogrow_v2_2_stage_capped_52_2_123,paper1_phaseC_v1,C,,campaign_cell,,52,Maxwell-Bloch equations (laser dynamics),3,exact,3.0,evogrow_v2_2_stage_capped,evogrow_v2_2_stage_capped,123,finished,finished,True,,,2026-09-14T10:53:30.208Z,0.0003978174767811,,False,False,False,pruned_support_terms_exact_match,5,2.0,8.0,1142151,,2132.878150226,False,True,False,621,2,0c9672de35c75a9d,221a3a7,False,0.59091215224084,"[-0.156285274873176, 0.9727403684687226, 0.9562813631269735]",430,465,1142151,ffb0266c7913352c,staged_polynomial_basis_with_constant,"[[""1""],[""u2"",""u3""],[""1"",""u2""]]","[[""1""],[""u2"",""u3""],[""1"",""u2""]]","[[{""term"":""1"",""term_index"":1,""coefficient"":0.013065600537874133}],[{""term"":""u2"",""term_index"":3,""coefficient"":-0.32215095205349453},{""term"":""u3"",""term_index"":4,""coefficient"":0.33124750674351633}],[{""term"":""1"",""term_index"":1,""coefficient"":0.667948679899153},{""term"":""u2"",""term_index"":3,""coefficient"":-0.6327383791894656}]]",capped,False,3,30,21,"[2,2,2]","[5,5,5]","[null,null,null]","[""Success"",""Unstable"",""MaxIters""]","[""Success"",""Failure"",""MaxLossEvals""]",12820,13349,0,12820,529,70,17,0.3333333333333333,0.3,0.4,0.3333333333333333,0.2857142857142857,0.2777777777777777,0.8649846301368104,1.0,7,3,5,7,2,5,3,0.3333333333333333,0.4,0.2857142857142857
622_evogrow_v2_2_stage_local_52_2_123,paper1_phaseC_v1,C,,campaign_cell,,52,Maxwell-Bloch equations (laser dynamics),3,exact,3.0,evogrow_v2_2_stage_local,evogrow_v2_2_stage_local,123,finished,finished,True,,,2026-09-14T10:53:29.130Z,0.0003978174767811,,False,False,False,pruned_support_terms_exact_match,5,2.0,8.0,1142151,,2155.497494126,False,True,False,622,2,0c9672de35c75a9d,221a3a7,False,0.59091215224084,"[-0.156285274873176, 0.9727403684687226, 0.9562813631269735]",430,465,1142151,ffb0266c7913352c,staged_polynomial_basis_with_constant,"[[""1""],[""u2"",""u3""],[""1"",""u2""]]","[[""1""],[""u2"",""u3""],[""1"",""u2""]]","[[{""term"":""1"",""term_index"":1,""coefficient"":0.013065600537874133}],[{""term"":""u2"",""term_index"":3,""coefficient"":-0.32215095205349453},{""term"":""u3"",""term_index"":4,""coefficient"":0.33124750674351633}],[{""term"":""1"",""term_index"":1,""coefficient"":0.667948679899153},{""term"":""u2"",""term_index"":3,""coefficient"":-0.6327383791894656}]]",uncapped,False,3,30,21,,,,"[""Success"",""Unstable"",""MaxIters""]","[""Success"",""Failure"",""MaxLossEvals""]",12820,13349,0,12820,529,70,17,0.3333333333333333,0.3,0.4,0.3333333333333333,0.2857142857142857,0.2777777777777777,0.8649846301368104,1.0,7,3,5,7,2,5,3,0.3333333333333333,0.4,0.2857142857142857
623_evogrow_v2_2_stage_capped_52_2_7,paper1_phaseC_v1,C,,campaign_cell,,52,Maxwell-Bloch equations (laser dynamics),3,exact,3.0,evogrow_v2_2_stage_capped,evogrow_v2_2_stage_capped,7,finished,finished,True,,,2026-09-14T10:53:29.231Z,0.0010596251228046,,False,False,False,pruned_support_terms_exact_match,5,2.0,8.0,1301587,,6065.381024342,False,True,False,623,2,0c9672de35c75a9d,221a3a7,False,0.373989550734305,"[-0.5377701708921814, 0.9941499595656088, 0.6655888635294875]",430,452,1301587,ffb0266c7913352c,staged_polynomial_basis_with_constant,"[[""u3""],[""u2"",""u3""],[""u1"",""u3""]]","[[""u3""],[""u2"",""u3""],[""u1"",""u3""]]","[[{""term"":""u3"",""term_index"":4,""coefficient"":0.016519944242685963}],[{""term"":""u2"",""term_index"":3,""coefficient"":-0.29393696407291453},{""term"":""u3"",""term_index"":4,""coefficient"":0.29527437513541616}],[{""term"":""u1"",""term_index"":2,""coefficient"":1.5513324651958562},{""term"":""u3"",""term_index"":4,""coefficient"":-1.5915672626234676}]]",capped,False,3,30,21,"[2,2,2]","[5,5,5]","[null,null,null]","[""Success"",""Unstable"",""MaxIters""]","[""Success"",""Failure"",""MaxLossEvals""]",26180,27618,0,26180,1438,70,20,0.3333333333333333,0.3,0.4,0.3333333333333333,0.2857142857142857,0.2777777777777777,1.2972542875864728,3.6810801841866687,7,3,5,7,2,5,3,0.3333333333333333,0.4,0.2857142857142857
624_evogrow_v2_2_stage_local_52_2_7,paper1_phaseC_v1,C,,campaign_cell,,52,Maxwell-Bloch equations (laser dynamics),3,exact,3.0,evogrow_v2_2_stage_local,evogrow_v2_2_stage_local,7,finished,finished,True,,,2026-09-14T10:53:28.569Z,0.0010596251228046,,False,False,False,pruned_support_terms_exact_match,5,2.0,8.0,1301587,,5874.642081156,False,True,False,624,2,0c9672de35c75a9d,221a3a7,False,0.373989550734305,"[-0.5377701708921814, 0.9941499595656088, 0.6655888635294875]",430,452,1301587,ffb0266c7913352c,staged_polynomial_basis_with_constant,"[[""u3""],[""u2"",""u3""],[""u1"",""u3""]]","[[""u3""],[""u2"",""u3""],[""u1"",""u3""]]","[[{""term"":""u3"",""term_index"":4,""coefficient"":0.016519944242685963}],[{""term"":""u2"",""term_index"":3,""coefficient"":-0.29393696407291453},{""term"":""u3"",""term_index"":4,""coefficient"":0.29527437513541616}],[{""term"":""u1"",""term_index"":2,""coefficient"":1.5513324651958562},{""term"":""u3"",""term_index"":4,""coefficient"":-1.5915672626234676}]]",uncapped,False,3,30,21,,,,"[""Success"",""Unstable"",""MaxIters""]","[""Success"",""Failure"",""MaxLossEvals""]",26180,27618,0,26180,1438,70,20,0.3333333333333333,0.3,0.4,0.3333333333333333,0.2857142857142857,0.2777777777777777,1.2972542875864728,3.6810801841866687,7,3,5,7,2,5,3,0.3333333333333333,0.4,0.2857142857142857
625_evogrow_v2_2_stage_capped_53_1_42,paper1_phaseC_v1,C,,campaign_cell,,53,Model for apoptosis (cell death),3,surrogate,,evogrow_v2_2_stage_capped,evogrow_v2_2_stage_capped,42,finished,finished,True,,,2026-09-14T10:53:29.972Z,0.0001068024038926,,,,,pruned_support_terms_exact_match,5,,,3745177,,15674.389731227,False,True,False,625,1,0c9672de35c75a9d,221a3a7,False,0.4919312306462309,"[-0.52396504264749, 0.9998768945181585, 0.9998818400680244]",510,544,3745177,ffb0266c7913352c,staged_polynomial_basis_with_constant,"[[""1"",""u1"",""u3"",""u2^2""],[""u1""],[""1"",""u1"",""u3""]]","[[""1"",""u1"",""u3"",""u2^2""],[""u1""],[""u1""]]","[[{""term"":""1"",""term_index"":1,""coefficient"":2.5191566012801956},{""term"":""u1"",""term_index"":2,""coefficient"":-10.0},{""term"":""u3"",""term_index"":4,""coefficient"":-0.9922903204565976},{""term"":""u2^2"",""term_index"":6,""coefficient"":-0.4688970263644017}],[{""term"":""u1"",""term_index"":2,""coefficient"":10.0}],[{""term"":""1"",""term_index"":1,""coefficient"":0.0009106363666208022},{""term"":""u1"",""term_index"":2,""coefficient"":-10.0},{""term"":""u3"",""term_index"":4,""coefficient"":-0.0011302256384305735}]]",capped,False,3,30,25,,"[5,5,5]","[null,null,null]","[""Success"",""Unstable"",""MaxIters""]","[""Success"",""Failure"",""MaxLossEvals""]",57531,60668,0,57531,3137,229,82,0.0,0.0,0.0,0.0,0.0,0.0,,,0,3,8,0,0,0,8,0.0,0.0,0.0
626_evogrow_v2_2_stage_local_53_1_42,paper1_phaseC_v1,C,,campaign_cell,,53,Model for apoptosis (cell death),3,surrogate,,evogrow_v2_2_stage_local,evogrow_v2_2_stage_local,42,finished,finished,True,,,2026-09-14T10:53:29.525Z,0.0001068024038926,,,,,pruned_support_terms_exact_match,5,,,3745177,,15468.247550733,False,True,False,626,1,0c9672de35c75a9d,221a3a7,False,0.4919312306462309,"[-0.52396504264749, 0.9998768945181585, 0.9998818400680244]",510,544,3745177,ffb0266c7913352c,staged_polynomial_basis_with_constant,"[[""1"",""u1"",""u3"",""u2^2""],[""u1""],[""1"",""u1"",""u3""]]","[[""1"",""u1"",""u3"",""u2^2""],[""u1""],[""u1""]]","[[{""term"":""1"",""term_index"":1,""coefficient"":2.5191566012801956},{""term"":""u1"",""term_index"":2,""coefficient"":-10.0},{""term"":""u3"",""term_index"":4,""coefficient"":-0.9922903204565976},{""term"":""u2^2"",""term_index"":6,""coefficient"":-0.4688970263644017}],[{""term"":""u1"",""term_index"":2,""coefficient"":10.0}],[{""term"":""1"",""term_index"":1,""coefficient"":0.0009106363666208022},{""term"":""u1"",""term_index"":2,""coefficient"":-10.0},{""term"":""u3"",""term_index"":4,""coefficient"":-0.0011302256384305735}]]",uncapped,False,3,30,25,,,,"[""Success"",""Unstable"",""MaxIters""]","[""Success"",""Failure"",""MaxLossEvals""]",57531,60668,0,57531,3137,229,82,0.0,0.0,0.0,0.0,0.0,0.0,,,0,3,8,0,0,0,8,0.0,0.0,0.0
627_evogrow_v2_2_stage_capped_53_1_123,paper1_phaseC_v1,C,,campaign_cell,,53,Model for apoptosis (cell death),3,surrogate,,evogrow_v2_2_stage_capped,evogrow_v2_2_stage_capped,123,finished,finished,True,,,2026-09-14T10:53:29.177Z,0.0011952190901063,,,,,pruned_support_terms_exact_match,5,,,3459047,,56586.369009074,False,True,False,627,1,0c9672de35c75a9d,221a3a7,False,0.4626392560539694,"[-0.603102148172501, 0.994732130200215, 0.9962877861341942]",470,509,3459047,ffb0266c7913352c,staged_polynomial_basis_with_constant,"[[""u3""],[""1"",""u2"",""u3""],[""1"",""u2"",""u3""]]","[[""u3""],[""1"",""u2"",""u3""],[""1"",""u2"",""u3""]]","[[{""term"":""u3"",""term_index"":4,""coefficient"":0.002315766247328834}],[{""term"":""1"",""term_index"":1,""coefficient"":-7.384999138908094},{""term"":""u2"",""term_index"":3,""coefficient"":3.0963073879157705},{""term"":""u3"",""term_index"":4,""coefficient"":3.1987331977808413}],[{""term"":""1"",""term_index"":1,""coefficient"":10.0},{""term"":""u2"",""term_index"":3,""coefficient"":-4.2064972013252415},{""term"":""u3"",""term_index"":4,""coefficient"":-4.176782426706697}]]",capped,False,3,30,23,,"[5,5,5]","[null,null,null]","[""Success"",""Unstable"",""MaxIters""]","[""Failure"",""Success"",""MaxLossEvals""]",75299,87860,0,75299,12561,206,83,0.0,0.0,0.0,0.0,0.0,0.0,,,0,3,7,0,0,0,7,0.0,0.0,0.0
628_evogrow_v2_2_stage_local_53_1_123,paper1_phaseC_v1,C,,campaign_cell,,53,Model for apoptosis (cell death),3,surrogate,,evogrow_v2_2_stage_local,evogrow_v2_2_stage_local,123,finished,finished,True,,,2026-09-14T10:53:21.189Z,0.0011952190901063,,,,,pruned_support_terms_exact_match,5,,,3459047,,51214.186480813,False,True,False,628,1,0c9672de35c75a9d,221a3a7,False,0.4626392560539694,"[-0.603102148172501, 0.994732130200215, 0.9962877861341942]",470,509,3459047,ffb0266c7913352c,staged_polynomial_basis_with_constant,"[[""u3""],[""1"",""u2"",""u3""],[""1"",""u2"",""u3""]]","[[""u3""],[""1"",""u2"",""u3""],[""1"",""u2"",""u3""]]","[[{""term"":""u3"",""term_index"":4,""coefficient"":0.002315766247328834}],[{""term"":""1"",""term_index"":1,""coefficient"":-7.384999138908094},{""term"":""u2"",""term_index"":3,""coefficient"":3.0963073879157705},{""term"":""u3"",""term_index"":4,""coefficient"":3.1987331977808413}],[{""term"":""1"",""term_index"":1,""coefficient"":10.0},{""term"":""u2"",""term_index"":3,""coefficient"":-4.2064972013252415},{""term"":""u3"",""term_index"":4,""coefficient"":-4.176782426706697}]]",uncapped,False,3,30,23,,,,"[""Success"",""Unstable"",""MaxIters""]","[""Failure"",""Success"",""MaxLossEvals""]",75299,87860,0,75299,12561,206,83,0.0,0.0,0.0,0.0,0.0,0.0,,,0,3,7,0,0,0,7,0.0,0.0,0.0
629_evogrow_v2_2_stage_capped_53_1_7,paper1_phaseC_v1,C,,campaign_cell,,53,Model for apoptosis (cell death),3,surrogate,,evogrow_v2_2_stage_capped,evogrow_v2_2_stage_capped,7,finished,finished,True,,,2026-09-14T10:53:30.068Z,0.0003865901216685,,,,,pruned_support_terms_exact_match,5,,,3836355,,34181.81529961,False,True,False,629,1,0c9672de35c75a9d,221a3a7,False,0.5105331361645787,"[-0.465881055103023, 0.9987531944143776, 0.9987272691823814]",530,559,3836355,ffb0266c7913352c,staged_polynomial_basis_with_constant,"[[""1"",""u1"",""u3""],[""u1"",""u3""],[""u1"",""u3""]]","[[""1"",""u1"",""u3""],[""u1""],[""u1""]]","[[{""term"":""1"",""term_index"":1,""coefficient"":-0.012433217781645077},{""term"":""u1"",""term_index"":2,""coefficient"":-1.2374460493850075},{""term"":""u3"",""term_index"":4,""coefficient"":0.06305234770240355}],[{""term"":""u1"",""term_index"":2,""coefficient"":9.790597802170264},{""term"":""u3"",""term_index"":4,""coefficient"":0.0020317172576586728}],[{""term"":""u1"",""term_index"":2,""coefficient"":-10.0},{""term"":""u3"",""term_index"":4,""coefficient"":0.005885189492777088}]]",capped,False,3,30,26,,"[5,5,5]","[null,null,null]","[""Success"",""Unstable"",""MaxIters""]","[""Success"",""Failure"",""MaxLossEvals""]",60951,67924,0,60951,6973,224,80,0.0,0.0,0.0,0.0,0.0,0.0,,,0,3,7,0,0,0,7,0.0,0.0,0.0
630_evogrow_v2_2_stage_local_53_1_7,paper1_phaseC_v1,C,,campaign_cell,,53,Model for apoptosis (cell death),3,surrogate,,evogrow_v2_2_stage_local,evogrow_v2_2_stage_local,7,finished,finished,True,,,2026-09-14T10:53:31.452Z,0.0003865901216685,,,,,pruned_support_terms_exact_match,5,,,3836355,,34410.369871973,False,True,False,630,1,0c9672de35c75a9d,221a3a7,False,0.5105331361645787,"[-0.465881055103023, 0.9987531944143776, 0.9987272691823814]",530,559,3836355,ffb0266c7913352c,staged_polynomial_basis_with_constant,"[[""1"",""u1"",""u3""],[""u1"",""u3""],[""u1"",""u3""]]","[[""1"",""u1"",""u3""],[""u1""],[""u1""]]","[[{""term"":""1"",""term_index"":1,""coefficient"":-0.012433217781645077},{""term"":""u1"",""term_index"":2,""coefficient"":-1.2374460493850075},{""term"":""u3"",""term_index"":4,""coefficient"":0.06305234770240355}],[{""term"":""u1"",""term_index"":2,""coefficient"":9.790597802170264},{""term"":""u3"",""term_index"":4,""coefficient"":0.0020317172576586728}],[{""term"":""u1"",""term_index"":2,""coefficient"":-10.0},{""term"":""u3"",""term_index"":4,""coefficient"":0.005885189492777088}]]",uncapped,False,3,30,26,,,,"[""Success"",""Unstable"",""MaxIters""]","[""Success"",""Failure"",""MaxLossEvals""]",60951,67924,0,60951,6973,224,80,0.0,0.0,0.0,0.0,0.0,0.0,,,0,3,7,0,0,0,7,0.0,0.0,0.0
631_evogrow_v2_2_stage_capped_53_2_42,paper1_phaseC_v1,C,,campaign_cell,,53,Model for apoptosis (cell death),3,surrogate,,evogrow_v2_2_stage_capped,evogrow_v2_2_stage_capped,42,finished,finished,True,,,2026-09-14T10:53:30.423Z,3.2618318612739462e-06,,,,,pruned_support_terms_exact_match,5,,,526669,,423.125329411,False,True,False,631,2,0c9672de35c75a9d,221a3a7,False,0.9966060993075568,"[0.9998021980481759, 0.9921798912588246, 0.9978362086156698]",450,452,526669,ffb0266c7913352c,staged_polynomial_basis_with_constant,"[[""1"",""u1""],[""u2""],[""u2""]]","[[""1"",""u1""],[""u2""],[""u2""]]","[[{""term"":""1"",""term_index"":1,""coefficient"":0.09208816100410194},{""term"":""u1"",""term_index"":2,""coefficient"":-0.03911694794386495}],[{""term"":""u2"",""term_index"":3,""coefficient"":-2.260160399934331}],[{""term"":""u2"",""term_index"":3,""coefficient"":2.2346031876670263}]]",capped,False,3,30,22,,"[5,5,5]","[null,null,null]","[""Success"",""Unstable"",""MaxIters""]","[""Failure"",""Success"",""MaxLossEvals""]",1278,1366,0,1278,88,33,3,0.0,0.0,0.0,0.0,0.0,0.0,,,0,3,4,0,0,0,4,0.0,0.0,0.0
632_evogrow_v2_2_stage_local_53_2_42,paper1_phaseC_v1,C,,campaign_cell,,53,Model for apoptosis (cell death),3,surrogate,,evogrow_v2_2_stage_local,evogrow_v2_2_stage_local,42,finished,finished,True,,,2026-09-14T10:53:21.129Z,3.2618318612739462e-06,,,,,pruned_support_terms_exact_match,5,,,526669,,356.621998367,False,True,False,632,2,0c9672de35c75a9d,221a3a7,False,0.9966060993075568,"[0.9998021980481759, 0.9921798912588246, 0.9978362086156698]",450,452,526669,ffb0266c7913352c,staged_polynomial_basis_with_constant,"[[""1"",""u1""],[""u2""],[""u2""]]","[[""1"",""u1""],[""u2""],[""u2""]]","[[{""term"":""1"",""term_index"":1,""coefficient"":0.09208816100410194},{""term"":""u1"",""term_index"":2,""coefficient"":-0.03911694794386495}],[{""term"":""u2"",""term_index"":3,""coefficient"":-2.260160399934331}],[{""term"":""u2"",""term_index"":3,""coefficient"":2.2346031876670263}]]",uncapped,False,3,30,22,,,,"[""Success"",""Unstable"",""MaxIters""]","[""Failure"",""Success"",""MaxLossEvals""]",1278,1366,0,1278,88,33,3,0.0,0.0,0.0,0.0,0.0,0.0,,,0,3,4,0,0,0,4,0.0,0.0,0.0
633_evogrow_v2_2_stage_capped_53_2_123,paper1_phaseC_v1,C,,campaign_cell,,53,Model for apoptosis (cell death),3,surrogate,,evogrow_v2_2_stage_capped,evogrow_v2_2_stage_capped,123,finished,finished,True,,,2026-09-14T10:53:29.977Z,8.107526273031167e-05,,,,,pruned_support_terms_exact_match,5,,,403073,,476.748029964,False,True,False,633,2,0c9672de35c75a9d,221a3a7,False,0.9946308936204936,"[0.9938765809869792, 0.9921798925517772, 0.9978362073227244]",410,413,403073,ffb0266c7913352c,staged_polynomial_basis_with_constant,"[[""1""],[""u2""],[""u2""]]","[[""1""],[""u2""],[""u2""]]","[[{""term"":""1"",""term_index"":1,""coefficient"":0.0714562806369574}],[{""term"":""u2"",""term_index"":3,""coefficient"":-2.260160234455708}],[{""term"":""u2"",""term_index"":3,""coefficient"":2.234603071988719}]]",capped,False,3,30,20,,"[5,5,5]","[null,null,null]","[""Success"",""Unstable"",""MaxIters""]","[""Failure"",""Success"",""MaxLossEvals""]",1047,1201,0,1047,126,15,4,0.0,0.0,0.0,0.0,0.0,0.0,,,0,3,3,0,0,0,3,0.0,0.0,0.0
634_evogrow_v2_2_stage_local_53_2_123,paper1_phaseC_v1,C,,campaign_cell,,53,Model for apoptosis (cell death),3,surrogate,,evogrow_v2_2_stage_local,evogrow_v2_2_stage_local,123,finished,finished,True,,,2026-09-14T10:53:31.226Z,8.107526273031167e-05,,,,,pruned_support_terms_exact_match,5,,,403073,,470.066634648,False,True,False,634,2,0c9672de35c75a9d,221a3a7,False,0.9946308936204936,"[0.9938765809869792, 0.9921798925517772, 0.9978362073227244]",410,413,403073,ffb0266c7913352c,staged_polynomial_basis_with_constant,"[[""1""],[""u2""],[""u2""]]","[[""1""],[""u2""],[""u2""]]","[[{""term"":""1"",""term_index"":1,""coefficient"":0.0714562806369574}],[{""term"":""u2"",""term_index"":3,""coefficient"":-2.260160234455708}],[{""term"":""u2"",""term_index"":3,""coefficient"":2.234603071988719}]]",uncapped,False,3,30,20,,,,"[""Success"",""Unstable"",""MaxIters""]","[""Failure"",""Success"",""MaxLossEvals""]",1047,1201,0,1047,126,15,4,0.0,0.0,0.0,0.0,0.0,0.0,,,0,3,3,0,0,0,3,0.0,0.0,0.0
635_evogrow_v2_2_stage_capped_53_2_7,paper1_phaseC_v1,C,,campaign_cell,,53,Model for apoptosis (cell death),3,surrogate,,evogrow_v2_2_stage_capped,evogrow_v2_2_stage_capped,7,finished,finished,True,,,2026-09-14T10:53:23.148Z,3.75486604083166e-05,,,,,pruned_support_terms_exact_match,5,,,1985975,,3079.284577601,False,True,False,635,2,0c9672de35c75a9d,221a3a7,False,0.9935781390039452,"[0.9972241686052195, 0.9901786668826676, 0.9933315815239482]",410,412,1985975,ffb0266c7913352c,staged_polynomial_basis_with_constant,"[[""u2"",""u3""],[""u2""],[""u2""]]","[[""u2"",""u3""],[""u2""],[""u2""]]","[[{""term"":""u2"",""term_index"":3,""coefficient"":1.2478643815618333},{""term"":""u3"",""term_index"":4,""coefficient"":0.6803326863237588}],[{""term"":""u2"",""term_index"":3,""coefficient"":-2.0888093096745806}],[{""term"":""u2"",""term_index"":3,""coefficient"":2.071123295023073}]]",capped,False,3,30,20,,"[5,5,5]","[null,null,null]","[""Success"",""Unstable"",""MaxIters""]","[""Success"",""Failure"",""MaxLossEvals""]",13491,14506,0,13491,1015,102,80,0.0,0.0,0.0,0.0,0.0,0.0,,,0,3,4,0,0,0,4,0.0,0.0,0.0
636_evogrow_v2_2_stage_local_53_2_7,paper1_phaseC_v1,C,,campaign_cell,,53,Model for apoptosis (cell death),3,surrogate,,evogrow_v2_2_stage_local,evogrow_v2_2_stage_local,7,finished,finished,True,,,2026-09-14T10:53:30.124Z,3.75486604083166e-05,,,,,pruned_support_terms_exact_match,5,,,1985975,,3670.510992437,False,True,False,636,2,0c9672de35c75a9d,221a3a7,False,0.9935781390039452,"[0.9972241686052195, 0.9901786668826676, 0.9933315815239482]",410,412,1985975,ffb0266c7913352c,staged_polynomial_basis_with_constant,"[[""u2"",""u3""],[""u2""],[""u2""]]","[[""u2"",""u3""],[""u2""],[""u2""]]","[[{""term"":""u2"",""term_index"":3,""coefficient"":1.2478643815618333},{""term"":""u3"",""term_index"":4,""coefficient"":0.6803326863237588}],[{""term"":""u2"",""term_index"":3,""coefficient"":-2.0888093096745806}],[{""term"":""u2"",""term_index"":3,""coefficient"":2.071123295023073}]]",uncapped,False,3,30,20,,,,"[""Success"",""Unstable"",""MaxIters""]","[""Success"",""Failure"",""MaxLossEvals""]",13491,14506,0,13491,1015,102,80,0.0,0.0,0.0,0.0,0.0,0.0,,,0,3,4,0,0,0,4,0.0,0.0,0.0
637_evogrow_v2_2_stage_capped_54_1_42,paper1_phaseC_v1,C,,campaign_cell,,54,Lorenz equations in well-behaved periodic regime,3,exact,3.0,evogrow_v2_2_stage_capped,evogrow_v2_2_stage_capped,42,finished,finished,True,,,2026-09-14T10:53:30.726Z,0.0020647038762495,,False,False,False,pruned_support_terms_exact_match,5,2.0,5.0,5779356,,412018.69301233,False,True,False,637,1,0c9672de35c75a9d,221a3a7,False,0.9971170621935128,"[0.9964908677983915, 0.9954586129554686, 0.9994017058266782]",610,958,5779356,ffb0266c7913352c,staged_polynomial_basis_with_constant,"[[""1"",""u1"",""u2"",""u1*u3""],[""1"",""u1"",""u2"",""u3"",""u2^2"",""u3^2""],[""1"",""u1"",""u2"",""u3"",""u1*u2""]]","[[""1"",""u1"",""u2"",""u1*u3""],[""1"",""u1"",""u2"",""u3"",""u2^2"",""u3^2""],[""1"",""u1"",""u2"",""u3"",""u1*u2""]]","[[{""term"":""1"",""term_index"":1,""coefficient"":-0.5272619872415313},{""term"":""u1"",""term_index"":2,""coefficient"":-4.6851438855344085},{""term"":""u2"",""term_index"":3,""coefficient"":5.02952235637346},{""term"":""u1*u3"",""term_index"":9,""coefficient"":-0.019572010226721386}],[{""term"":""1"",""term_index"":1,""coefficient"":10.0},{""term"":""u1"",""term_index"":2,""coefficient"":0.6741672282568533},{""term"":""u2"",""term_index"":3,""coefficient"":-0.1154775138407399},{""term"":""u3"",""term_index"":4,""coefficient"":1.9744274753736297},{""term"":""u2^2"",""term_index"":6,""coefficient"":-0.07159453335922857},{""term"":""u3^2"",""term_index"":7,""coefficient"":-0.2713565138496934}],[{""term"":""1"",""term_index"":1,""coefficient"":6.952353980840448},{""term"":""u1"",""term_index"":2,""coefficient"":-2.0296223103421025},{""term"":""u2"",""term_index"":3,""coefficient"":-1.7019323853045611},{""term"":""u3"",""term_index"":4,""coefficient"":-1.6327962751581688},{""term"":""u1*u2"",""term_index"":8,""coefficient"":1.462047072823128}]]",capped,False,3,30,30,"[2,0,0]","[5,3,3]","[null,3,3]","[""Success"",""Unstable"",""MaxIters""]","[""Failure"",""Success"",""MaxLossEvals""]",294071,347248,0,294071,53177,440,127,0.5454545454545455,0.5608465608465608,0.4,0.4111111111111111,0.8571428571428571,0.8888888888888888,0.4868328740217865,1.0,7,3,15,7,6,1,9,0.5454545454545455,0.4,0.8571428571428571
638_evogrow_v2_2_stage_local_54_1_42,paper1_phaseC_v1,C,,campaign_cell,,54,Lorenz equations in well-behaved periodic regime,3,exact,3.0,evogrow_v2_2_stage_local,evogrow_v2_2_stage_local,42,finished,finished,True,,,2026-09-14T10:53:32.161Z,0.0020647038762495,,False,False,False,pruned_support_terms_exact_match,5,2.0,5.0,5743947,,490598.761287248,False,True,False,638,1,0c9672de35c75a9d,221a3a7,False,0.9971170621935128,"[0.9964908677983915, 0.9954586129554686, 0.9994017058266782]",610,957,5743947,ffb0266c7913352c,staged_polynomial_basis_with_constant,"[[""1"",""u1"",""u2"",""u1*u3""],[""1"",""u1"",""u2"",""u3"",""u2^2"",""u3^2""],[""1"",""u1"",""u2"",""u3"",""u1*u2""]]","[[""1"",""u1"",""u2"",""u1*u3""],[""1"",""u1"",""u2"",""u3"",""u2^2"",""u3^2""],[""1"",""u1"",""u2"",""u3"",""u1*u2""]]","[[{""term"":""1"",""term_index"":1,""coefficient"":-0.5272619872415313},{""term"":""u1"",""term_index"":2,""coefficient"":-4.6851438855344085},{""term"":""u2"",""term_index"":3,""coefficient"":5.02952235637346},{""term"":""u1*u3"",""term_index"":9,""coefficient"":-0.019572010226721386}],[{""term"":""1"",""term_index"":1,""coefficient"":10.0},{""term"":""u1"",""term_index"":2,""coefficient"":0.6741672282568533},{""term"":""u2"",""term_index"":3,""coefficient"":-0.1154775138407399},{""term"":""u3"",""term_index"":4,""coefficient"":1.9744274753736297},{""term"":""u2^2"",""term_index"":6,""coefficient"":-0.07159453335922857},{""term"":""u3^2"",""term_index"":7,""coefficient"":-0.2713565138496934}],[{""term"":""1"",""term_index"":1,""coefficient"":6.952353980840448},{""term"":""u1"",""term_index"":2,""coefficient"":-2.0296223103421025},{""term"":""u2"",""term_index"":3,""coefficient"":-1.7019323853045611},{""term"":""u3"",""term_index"":4,""coefficient"":-1.6327962751581688},{""term"":""u1*u2"",""term_index"":8,""coefficient"":1.462047072823128}]]",uncapped,False,3,30,30,,,,"[""Success"",""Unstable"",""MaxIters""]","[""Failure"",""Success"",""MaxLossEvals""]",275962,336776,0,275962,60814,433,135,0.5454545454545455,0.5608465608465608,0.4,0.4111111111111111,0.8571428571428571,0.8888888888888888,0.4868328740217865,1.0,7,3,15,7,6,1,9,0.5454545454545455,0.4,0.8571428571428571
639_evogrow_v2_2_stage_capped_54_1_123,paper1_phaseC_v1,C,,campaign_cell,,54,Lorenz equations in well-behaved periodic regime,3,exact,3.0,evogrow_v2_2_stage_capped,evogrow_v2_2_stage_capped,123,finished,finished,True,,,2026-09-14T10:53:21.102Z,0.0054757765575008,,False,False,False,pruned_support_terms_exact_match,5,2.0,6.0,5431171,,304949.573110123,False,True,False,639,1,0c9672de35c75a9d,221a3a7,False,0.993554829962508,"[0.9945485294570741, 0.9901947884643048, 0.9959211719661455]",610,1081,5431171,ffb0266c7913352c,staged_polynomial_basis_with_constant,"[[""1"",""u2"",""u3"",""u1*u3"",""u2*u3""],[""u2"",""u3"",""u3^2""],[""1"",""u1"",""u2"",""u3"",""u1^2""]]","[[""1"",""u2"",""u3"",""u1*u3"",""u2*u3""],[""u2"",""u3"",""u3^2""],[""1"",""u1"",""u2"",""u3"",""u1^2""]]","[[{""term"":""1"",""term_index"":1,""coefficient"":-10.0},{""term"":""u2"",""term_index"":3,""coefficient"":3.1664983645752467},{""term"":""u3"",""term_index"":4,""coefficient"":0.9313349759544675},{""term"":""u1*u3"",""term_index"":9,""coefficient"":-0.450674016941538},{""term"":""u2*u3"",""term_index"":10,""coefficient"":0.16140028392719769}],[{""term"":""u2"",""term_index"":3,""coefficient"":-0.38261177113273037},{""term"":""u3"",""term_index"":4,""coefficient"":4.109088154359719},{""term"":""u3^2"",""term_index"":7,""coefficient"":-0.3601166377808368}],[{""term"":""1"",""term_index"":1,""coefficient"":4.204063722335825},{""term"":""u1"",""term_index"":2,""coefficient"":-4.362902342780006},{""term"":""u2"",""term_index"":3,""coefficient"":3.538141705511145},{""term"":""u3"",""term_index"":4,""coefficient"":-2.0109068909057033},{""term"":""u1^2"",""term_index"":5,""coefficient"":1.1656104819523432}]]",capped,False,3,30,30,"[2,0,0]","[5,3,3]","[null,3,3]","[""Success"",""MaxIters"",""Unstable""]","[""Failure"",""Success"",""MaxLossEvals""]",426454,473645,0,426454,47191,415,129,0.3,0.3015873015873016,0.2307692307692307,0.2444444444444444,0.4285714285714285,0.4444444444444444,0.7429488656307714,1.0,7,3,13,7,3,4,10,0.3,0.2307692307692307,0.4285714285714285
640_evogrow_v2_2_stage_local_54_1_123,paper1_phaseC_v1,C,,campaign_cell,,54,Lorenz equations in well-behaved periodic regime,3,exact,3.0,evogrow_v2_2_stage_local,evogrow_v2_2_stage_local,123,finished,finished,True,,,2026-09-14T10:53:23.537Z,0.0054757765575008,,False,False,False,pruned_support_terms_exact_match,5,2.0,6.0,5359313,,374109.098299013,False,True,False,640,1,0c9672de35c75a9d,221a3a7,False,0.993554829962508,"[0.9945485294570741, 0.9901947884643048, 0.9959211719661455]",610,1085,5359313,ffb0266c7913352c,staged_polynomial_basis_with_constant,"[[""1"",""u2"",""u3"",""u1*u3"",""u2*u3""],[""u2"",""u3"",""u3^2""],[""1"",""u1"",""u2"",""u3"",""u1^2""]]","[[""1"",""u2"",""u3"",""u1*u3"",""u2*u3""],[""u2"",""u3"",""u3^2""],[""1"",""u1"",""u2"",""u3"",""u1^2""]]","[[{""term"":""1"",""term_index"":1,""coefficient"":-10.0},{""term"":""u2"",""term_index"":3,""coefficient"":3.1664983645752467},{""term"":""u3"",""term_index"":4,""coefficient"":0.9313349759544675},{""term"":""u1*u3"",""term_index"":9,""coefficient"":-0.450674016941538},{""term"":""u2*u3"",""term_index"":10,""coefficient"":0.16140028392719769}],[{""term"":""u2"",""term_index"":3,""coefficient"":-0.38261177113273037},{""term"":""u3"",""term_index"":4,""coefficient"":4.109088154359719},{""term"":""u3^2"",""term_index"":7,""coefficient"":-0.3601166377808368}],[{""term"":""1"",""term_index"":1,""coefficient"":4.204063722335825},{""term"":""u1"",""term_index"":2,""coefficient"":-4.362902342780006},{""term"":""u2"",""term_index"":3,""coefficient"":3.538141705511145},{""term"":""u3"",""term_index"":4,""coefficient"":-2.0109068909057033},{""term"":""u1^2"",""term_index"":5,""coefficient"":1.1656104819523432}]]",uncapped,False,3,30,30,,,,"[""Success"",""MaxIters"",""Unstable""]","[""Failure"",""Success"",""MaxLossEvals""]",420310,473565,0,420310,53255,407,126,0.3,0.3015873015873016,0.2307692307692307,0.2444444444444444,0.4285714285714285,0.4444444444444444,0.7429488656307714,1.0,7,3,13,7,3,4,10,0.3,0.2307692307692307,0.4285714285714285
641_evogrow_v2_2_stage_capped_54_1_7,paper1_phaseC_v1,C,,campaign_cell,,54,Lorenz equations in well-behaved periodic regime,3,exact,3.0,evogrow_v2_2_stage_capped,evogrow_v2_2_stage_capped,7,finished,finished,True,,,2026-09-14T10:53:21.474Z,0.0059581552456361,,False,False,False,pruned_support_terms_exact_match,5,2.0,5.0,5692463,,273705.986105309,False,True,False,641,1,0c9672de35c75a9d,221a3a7,False,0.9900739270592452,"[0.9802993676536366, 0.9925848311840239, 0.9973375823400751]",610,968,5692463,ffb0266c7913352c,staged_polynomial_basis_with_constant,"[[""1"",""u1"",""u2^2""],[""1"",""u1"",""u2"",""u3"",""u2^2"",""u1*u3""],[""1"",""u1"",""u2"",""u3"",""u2^2"",""u3^2""]]","[[""1"",""u1"",""u2^2""],[""1"",""u1"",""u2"",""u3"",""u2^2"",""u1*u3""],[""1"",""u1"",""u2"",""u3"",""u2^2"",""u3^2""]]","[[{""term"":""1"",""term_index"":1,""coefficient"":9.138529245035555},{""term"":""u1"",""term_index"":2,""coefficient"":-4.468238223130897},{""term"":""u2^2"",""term_index"":6,""coefficient"":0.5307511813735749}],[{""term"":""1"",""term_index"":1,""coefficient"":5.342037391285304},{""term"":""u1"",""term_index"":2,""coefficient"":9.143687765362806},{""term"":""u2"",""term_index"":3,""coefficient"":1.4901216644392787},{""term"":""u3"",""term_index"":4,""coefficient"":-0.7391984396811511},{""term"":""u2^2"",""term_index"":6,""coefficient"":-0.2459747413574333},{""term"":""u1*u3"",""term_index"":9,""coefficient"":-0.8097279118782793}],[{""term"":""1"",""term_index"":1,""coefficient"":-10.0},{""term"":""u1"",""term_index"":2,""coefficient"":6.216270076387856},{""term"":""u2"",""term_index"":3,""coefficient"":0.43415610241324837},{""term"":""u3"",""term_index"":4,""coefficient"":-1.8760402377149856},{""term"":""u2^2"",""term_index"":6,""coefficient"":0.33038001344196427},{""term"":""u3^2"",""term_index"":7,""coefficient"":-0.03115016447303683}]]",capped,False,3,30,30,"[2,0,0]","[5,3,3]","[null,3,3]","[""Success"",""Unstable"",""MaxIters""]","[""Success"",""Failure"",""MaxLossEvals""]",303856,343061,0,303856,39205,398,133,0.4545454545454545,0.4388888888888889,0.3333333333333333,0.3333333333333333,0.7142857142857143,0.6666666666666666,0.7379531454538588,2.490121664439279,7,3,15,7,5,2,10,0.4545454545454545,0.3333333333333333,0.7142857142857143
642_evogrow_v2_2_stage_local_54_1_7,paper1_phaseC_v1,C,,campaign_cell,,54,Lorenz equations in well-behaved periodic regime,3,exact,3.0,evogrow_v2_2_stage_local,evogrow_v2_2_stage_local,7,finished,finished,True,,,2026-09-14T10:53:31.143Z,0.0059581552456361,,False,False,False,pruned_support_terms_exact_match,5,2.0,5.0,5602929,,265498.463149364,False,True,False,642,1,0c9672de35c75a9d,221a3a7,False,0.9900739270592452,"[0.9802993676536366, 0.9925848311840239, 0.9973375823400751]",610,982,5602929,ffb0266c7913352c,staged_polynomial_basis_with_constant,"[[""1"",""u1"",""u2^2""],[""1"",""u1"",""u2"",""u3"",""u2^2"",""u1*u3""],[""1"",""u1"",""u2"",""u3"",""u2^2"",""u3^2""]]","[[""1"",""u1"",""u2^2""],[""1"",""u1"",""u2"",""u3"",""u2^2"",""u1*u3""],[""1"",""u1"",""u2"",""u3"",""u2^2"",""u3^2""]]","[[{""term"":""1"",""term_index"":1,""coefficient"":9.138529245035555},{""term"":""u1"",""term_index"":2,""coefficient"":-4.468238223130897},{""term"":""u2^2"",""term_index"":6,""coefficient"":0.5307511813735749}],[{""term"":""1"",""term_index"":1,""coefficient"":5.342037391285304},{""term"":""u1"",""term_index"":2,""coefficient"":9.143687765362806},{""term"":""u2"",""term_index"":3,""coefficient"":1.4901216644392787},{""term"":""u3"",""term_index"":4,""coefficient"":-0.7391984396811511},{""term"":""u2^2"",""term_index"":6,""coefficient"":-0.2459747413574333},{""term"":""u1*u3"",""term_index"":9,""coefficient"":-0.8097279118782793}],[{""term"":""1"",""term_index"":1,""coefficient"":-10.0},{""term"":""u1"",""term_index"":2,""coefficient"":6.216270076387856},{""term"":""u2"",""term_index"":3,""coefficient"":0.43415610241324837},{""term"":""u3"",""term_index"":4,""coefficient"":-1.8760402377149856},{""term"":""u2^2"",""term_index"":6,""coefficient"":0.33038001344196427},{""term"":""u3^2"",""term_index"":7,""coefficient"":-0.03115016447303683}]]",uncapped,False,3,30,30,,,,"[""Success"",""Unstable"",""MaxIters""]","[""Success"",""Failure"",""MaxLossEvals""]",296709,333350,0,296709,36641,393,131,0.4545454545454545,0.4388888888888889,0.3333333333333333,0.3333333333333333,0.7142857142857143,0.6666666666666666,0.7379531454538588,2.490121664439279,7,3,15,7,5,2,10,0.4545454545454545,0.3333333333333333,0.7142857142857143
643_evogrow_v2_2_stage_capped_54_2_42,paper1_phaseC_v1,C,,campaign_cell,,54,Lorenz equations in well-behaved periodic regime,3,exact,3.0,evogrow_v2_2_stage_capped,evogrow_v2_2_stage_capped,42,finished,finished,True,,,2026-09-14T10:53:29.957Z,0.5691787149607132,,False,False,False,pruned_support_terms_exact_match,2,0.0,0.0,4098604,,114447.67709844,False,True,False,643,2,0c9672de35c75a9d,221a3a7,False,0.9420071096060996,"[0.9534494977248158, 0.9009440637113945, 0.9716277673820878]",610,1012,4098604,ffb0266c7913352c,staged_polynomial_basis_with_constant,"[[""1"",""u1"",""u2""],[""1"",""u1"",""u2"",""u3"",""u2^2"",""u3^2""],[""1"",""u1"",""u2"",""u3"",""u2^2"",""u3^2""]]","[[""1"",""u1"",""u2""],[""1"",""u1"",""u2"",""u3"",""u2^2"",""u3^2""],[""1"",""u1"",""u2"",""u3"",""u2^2"",""u3^2""]]","[[{""term"":""1"",""term_index"":1,""coefficient"":7.367601225055378},{""term"":""u1"",""term_index"":2,""coefficient"":-8.015354220520623},{""term"":""u2"",""term_index"":3,""coefficient"":6.024202630040941}],[{""term"":""1"",""term_index"":1,""coefficient"":-10.0},{""term"":""u1"",""term_index"":2,""coefficient"":3.6253932635669472},{""term"":""u2"",""term_index"":3,""coefficient"":-10.0},{""term"":""u3"",""term_index"":4,""coefficient"":7.609787484103635},{""term"":""u2^2"",""term_index"":6,""coefficient"":1.1862008925422285},{""term"":""u3^2"",""term_index"":7,""coefficient"":-0.574073846086145}],[{""term"":""1"",""term_index"":1,""coefficient"":-10.0},{""term"":""u1"",""term_index"":2,""coefficient"":-2.4241221643438413},{""term"":""u2"",""term_index"":3,""coefficient"":3.8178392094267632},{""term"":""u3"",""term_index"":4,""coefficient"":0.12375901889829248},{""term"":""u2^2"",""term_index"":6,""coefficient"":0.5637937355806268},{""term"":""u3^2"",""term_index"":7,""coefficient"":-0.07256292375797041}]]",capped,False,3,30,30,"[0,0,0]","[2,2,2]","[null,3,3]","[""Success"",""MaxIters"",""Unstable""]","[""MaxLossEvals"",""Success"",""Failure""]",225739,242372,0,225739,16633,281,118,0.4545454545454545,0.4981481481481482,0.3333333333333333,0.3888888888888888,0.7142857142857143,0.7222222222222222,1.9321207680102392,9.0,7,3,15,7,5,2,10,0.4545454545454545,0.3333333333333333,0.7142857142857143
644_evogrow_v2_2_stage_local_54_2_42,paper1_phaseC_v1,C,,campaign_cell,,54,Lorenz equations in well-behaved periodic regime,3,exact,3.0,evogrow_v2_2_stage_local,evogrow_v2_2_stage_local,42,finished,finished,True,,,2026-09-14T10:53:23.653Z,0.5691787149607132,,False,False,False,pruned_support_terms_exact_match,2,0.0,0.0,4098604,,105511.667791186,False,True,False,644,2,0c9672de35c75a9d,221a3a7,False,0.9420071096060996,"[0.9534494977248158, 0.9009440637113945, 0.9716277673820878]",610,1012,4098604,ffb0266c7913352c,staged_polynomial_basis_with_constant,"[[""1"",""u1"",""u2""],[""1"",""u1"",""u2"",""u3"",""u2^2"",""u3^2""],[""1"",""u1"",""u2"",""u3"",""u2^2"",""u3^2""]]","[[""1"",""u1"",""u2""],[""1"",""u1"",""u2"",""u3"",""u2^2"",""u3^2""],[""1"",""u1"",""u2"",""u3"",""u2^2"",""u3^2""]]","[[{""term"":""1"",""term_index"":1,""coefficient"":7.367601225055378},{""term"":""u1"",""term_index"":2,""coefficient"":-8.015354220520623},{""term"":""u2"",""term_index"":3,""coefficient"":6.024202630040941}],[{""term"":""1"",""term_index"":1,""coefficient"":-10.0},{""term"":""u1"",""term_index"":2,""coefficient"":3.6253932635669472},{""term"":""u2"",""term_index"":3,""coefficient"":-10.0},{""term"":""u3"",""term_index"":4,""coefficient"":7.609787484103635},{""term"":""u2^2"",""term_index"":6,""coefficient"":1.1862008925422285},{""term"":""u3^2"",""term_index"":7,""coefficient"":-0.574073846086145}],[{""term"":""1"",""term_index"":1,""coefficient"":-10.0},{""term"":""u1"",""term_index"":2,""coefficient"":-2.4241221643438413},{""term"":""u2"",""term_index"":3,""coefficient"":3.8178392094267632},{""term"":""u3"",""term_index"":4,""coefficient"":0.12375901889829248},{""term"":""u2^2"",""term_index"":6,""coefficient"":0.5637937355806268},{""term"":""u3^2"",""term_index"":7,""coefficient"":-0.07256292375797041}]]",uncapped,False,3,30,30,,,,"[""Success"",""MaxIters"",""Unstable""]","[""MaxLossEvals"",""Success"",""Failure""]",225739,242372,0,225739,16633,281,118,0.4545454545454545,0.4981481481481482,0.3333333333333333,0.3888888888888888,0.7142857142857143,0.7222222222222222,1.9321207680102392,9.0,7,3,15,7,5,2,10,0.4545454545454545,0.3333333333333333,0.7142857142857143
645_evogrow_v2_2_stage_capped_54_2_123,paper1_phaseC_v1,C,,campaign_cell,,54,Lorenz equations in well-behaved periodic regime,3,exact,3.0,evogrow_v2_2_stage_capped,evogrow_v2_2_stage_capped,123,finished,finished,True,,,2026-09-14T11:00:01.413Z,0.1612203245753104,,False,False,False,pruned_support_terms_exact_match,4,1.0,3.0,3790788,,202673.345008812,False,True,False,645,2,0c9672de35c75a9d,221a3a7,False,0.9787287731317564,"[0.9574155581369561, 0.9863405224309285, 0.9924302388273848]",610,1182,3790788,ffb0266c7913352c,staged_polynomial_basis_with_constant,"[[""u1"",""u2"",""u1^2"",""u3^2"",""u1*u2""],[""1"",""u1"",""u2"",""u3"",""u1^2"",""u1*u3""],[""u1"",""u3"",""u1^2"",""u3^2""]]","[[""u1"",""u2"",""u1^2"",""u3^2"",""u1*u2""],[""1"",""u1"",""u2"",""u3"",""u1^2"",""u1*u3""],[""u1"",""u3"",""u1^2"",""u3^2""]]","[[{""term"":""u1"",""term_index"":2,""coefficient"":-9.487938753993928},{""term"":""u2"",""term_index"":3,""coefficient"":8.20539770725814},{""term"":""u1^2"",""term_index"":5,""coefficient"":0.2645611783522381},{""term"":""u3^2"",""term_index"":7,""coefficient"":0.010054541261185507},{""term"":""u1*u2"",""term_index"":8,""coefficient"":-0.28620834752814045}],[{""term"":""1"",""term_index"":1,""coefficient"":-1.0516899065546432},{""term"":""u1"",""term_index"":2,""coefficient"":10.0},{""term"":""u2"",""term_index"":3,""coefficient"":0.319692256488621},{""term"":""u3"",""term_index"":4,""coefficient"":0.21346657820434414},{""term"":""u1^2"",""term_index"":5,""coefficient"":-0.2627761837811424},{""term"":""u1*u3"",""term_index"":9,""coefficient"":-0.8884982646759397}],[{""term"":""u1"",""term_index"":2,""coefficient"":-1.903667802804092},{""term"":""u3"",""term_index"":4,""coefficient"":-0.5074717445543974},{""term"":""u1^2"",""term_index"":5,""coefficient"":1.60996424924911},{""term"":""u3^2"",""term_index"":7,""coefficient"":-0.10235518582020206}]]",capped,False,3,30,30,"[1,0,0]","[4,3,3]","[null,3,3]","[""Success"",""MaxIters"",""Unstable""]","[""Success"",""MaxLossEvals"",""Failure""]",326328,360071,0,326328,33743,249,121,0.5454545454545455,0.5238095238095238,0.4,0.3833333333333333,0.8571428571428571,0.8333333333333334,0.6804667173440032,1.3196922564886209,7,3,15,7,6,1,9,0.5454545454545455,0.4,0.8571428571428571
646_evogrow_v2_2_stage_local_54_2_123,paper1_phaseC_v1,C,,campaign_cell,,54,Lorenz equations in well-behaved periodic regime,3,exact,3.0,evogrow_v2_2_stage_local,evogrow_v2_2_stage_local,123,finished,finished,True,,,2026-09-14T11:01:25.193Z,0.5631662983280155,,False,False,False,pruned_support_terms_exact_match,4,1.0,3.0,3816663,,217274.69623019,False,True,False,646,2,0c9672de35c75a9d,221a3a7,False,0.9439441652653046,"[0.9425725587599091, 0.9275201121194685, 0.9617398249165362]",610,1173,3816663,ffb0266c7913352c,staged_polynomial_basis_with_constant,"[[""u1"",""u2""],[""1"",""u1"",""u2"",""u3"",""u2^2"",""u3^2""],[""u1"",""u3"",""u1^2"",""u3^2""]]","[[""u1"",""u2""],[""1"",""u1"",""u2"",""u3"",""u2^2"",""u3^2""],[""u1"",""u3"",""u1^2"",""u3^2""]]","[[{""term"":""u1"",""term_index"":2,""coefficient"":-5.355654879161289},{""term"":""u2"",""term_index"":3,""coefficient"":5.203178863734167}],[{""term"":""1"",""term_index"":1,""coefficient"":10.0},{""term"":""u1"",""term_index"":2,""coefficient"":3.592563781009179},{""term"":""u2"",""term_index"":3,""coefficient"":-10.0},{""term"":""u3"",""term_index"":4,""coefficient"":5.314137880955314},{""term"":""u2^2"",""term_index"":6,""coefficient"":0.7772104922058167},{""term"":""u3^2"",""term_index"":7,""coefficient"":-0.46424976316115524}],[{""term"":""u1"",""term_index"":2,""coefficient"":-0.7826241033608348},{""term"":""u3"",""term_index"":4,""coefficient"":-1.2012096959228062},{""term"":""u1^2"",""term_index"":5,""coefficient"":1.4881866574858844},{""term"":""u3^2"",""term_index"":7,""coefficient"":-0.08291969832791095}]]",uncapped,False,3,30,30,,,,"[""Success"",""MaxIters"",""Unstable""]","[""Success"",""MaxLossEvals"",""Failure""]",323233,358894,0,323233,35661,249,123,0.5263157894736842,0.5925925925925926,0.4166666666666667,0.5277777777777778,0.7142857142857143,0.7222222222222222,1.7216702856112622,9.0,7,3,12,7,5,2,7,0.5263157894736842,0.4166666666666667,0.7142857142857143
647_evogrow_v2_2_stage_capped_54_2_7,paper1_phaseC_v1,C,,campaign_cell,,54,Lorenz equations in well-behaved periodic regime,3,exact,3.0,evogrow_v2_2_stage_capped,evogrow_v2_2_stage_capped,7,finished,finished,True,,,2026-09-14T11:02:12.933Z,0.5338300231193075,,False,False,False,pruned_support_terms_exact_match,3,0.0,0.0,4297423,,178033.411936953,False,True,False,647,2,0c9672de35c75a9d,221a3a7,False,0.9354621446136836,"[0.9025482806206953, 0.9254376175282599, 0.9784005356920953]",610,1007,4297423,ffb0266c7913352c,staged_polynomial_basis_with_constant,"[[""1"",""u1"",""u2"",""u3"",""u1^2""],[""1"",""u1"",""u2"",""u3"",""u3^2"",""u2*u3""],[""1"",""u1"",""u2"",""u1^2"",""u3^2"",""u1*u3""]]","[[""1"",""u1"",""u2"",""u3"",""u1^2""],[""1"",""u1"",""u2"",""u3"",""u3^2"",""u2*u3""],[""1"",""u1"",""u2"",""u1^2"",""u3^2"",""u1*u3""]]","[[{""term"":""1"",""term_index"":1,""coefficient"":10.0},{""term"":""u1"",""term_index"":2,""coefficient"":-10.0},{""term"":""u2"",""term_index"":3,""coefficient"":7.602961552717159},{""term"":""u3"",""term_index"":4,""coefficient"":0.45639251238035367},{""term"":""u1^2"",""term_index"":5,""coefficient"":-0.1768084428338065}],[{""term"":""1"",""term_index"":1,""coefficient"":-10.0},{""term"":""u1"",""term_index"":2,""coefficient"":-3.1593625286375797},{""term"":""u2"",""term_index"":3,""coefficient"":5.487360898345528},{""term"":""u3"",""term_index"":4,""coefficient"":4.550881234325862},{""term"":""u3^2"",""term_index"":7,""coefficient"":-0.2445607067657166},{""term"":""u2*u3"",""term_index"":10,""coefficient"":-0.44240059868948267}],[{""term"":""1"",""term_index"":1,""coefficient"":10.0},{""term"":""u1"",""term_index"":2,""coefficient"":-10.0},{""term"":""u2"",""term_index"":3,""coefficient"":-4.6214988684966},{""term"":""u1^2"",""term_index"":5,""coefficient"":3.154398228220846},{""term"":""u3^2"",""term_index"":7,""coefficient"":-0.23399624707683553},{""term"":""u1*u3"",""term_index"":9,""coefficient"":0.45184631538859243}]]",capped,False,3,30,30,"[0,0,0]","[3,3,3]","[null,3,3]","[""Success"",""MaxIters"",""Unstable""]","[""Success"",""Failure"",""MaxLossEvals""]",244900,270411,0,244900,25511,291,138,0.3333333333333333,0.3386243386243386,0.2352941176470588,0.2444444444444444,0.5714285714285714,0.5555555555555555,1.7431717425476283,6.487360898345528,7,3,17,7,4,3,13,0.3333333333333333,0.2352941176470588,0.5714285714285714
648_evogrow_v2_2_stage_local_54_2_7,paper1_phaseC_v1,C,,campaign_cell,,54,Lorenz equations in well-behaved periodic regime,3,exact,3.0,evogrow_v2_2_stage_local,evogrow_v2_2_stage_local,7,finished,finished,True,,,2026-09-14T11:02:16.747Z,0.5338300231193075,,False,False,False,pruned_support_terms_exact_match,3,0.0,0.0,4297423,,180732.634317357,False,True,False,648,2,0c9672de35c75a9d,221a3a7,False,0.9354621446136836,"[0.9025482806206953, 0.9254376175282599, 0.9784005356920953]",610,1007,4297423,ffb0266c7913352c,staged_polynomial_basis_with_constant,"[[""1"",""u1"",""u2"",""u3"",""u1^2""],[""1"",""u1"",""u2"",""u3"",""u3^2"",""u2*u3""],[""1"",""u1"",""u2"",""u1^2"",""u3^2"",""u1*u3""]]","[[""1"",""u1"",""u2"",""u3"",""u1^2""],[""1"",""u1"",""u2"",""u3"",""u3^2"",""u2*u3""],[""1"",""u1"",""u2"",""u1^2"",""u3^2"",""u1*u3""]]","[[{""term"":""1"",""term_index"":1,""coefficient"":10.0},{""term"":""u1"",""term_index"":2,""coefficient"":-10.0},{""term"":""u2"",""term_index"":3,""coefficient"":7.602961552717159},{""term"":""u3"",""term_index"":4,""coefficient"":0.45639251238035367},{""term"":""u1^2"",""term_index"":5,""coefficient"":-0.1768084428338065}],[{""term"":""1"",""term_index"":1,""coefficient"":-10.0},{""term"":""u1"",""term_index"":2,""coefficient"":-3.1593625286375797},{""term"":""u2"",""term_index"":3,""coefficient"":5.487360898345528},{""term"":""u3"",""term_index"":4,""coefficient"":4.550881234325862},{""term"":""u3^2"",""term_index"":7,""coefficient"":-0.2445607067657166},{""term"":""u2*u3"",""term_index"":10,""coefficient"":-0.44240059868948267}],[{""term"":""1"",""term_index"":1,""coefficient"":10.0},{""term"":""u1"",""term_index"":2,""coefficient"":-10.0},{""term"":""u2"",""term_index"":3,""coefficient"":-4.6214988684966},{""term"":""u1^2"",""term_index"":5,""coefficient"":3.154398228220846},{""term"":""u3^2"",""term_index"":7,""coefficient"":-0.23399624707683553},{""term"":""u1*u3"",""term_index"":9,""coefficient"":0.45184631538859243}]]",uncapped,False,3,30,30,,,,"[""Success"",""MaxIters"",""Unstable""]","[""Success"",""Failure"",""MaxLossEvals""]",244900,270411,0,244900,25511,291,138,0.3333333333333333,0.3386243386243386,0.2352941176470588,0.2444444444444444,0.5714285714285714,0.5555555555555555,1.7431717425476283,6.487360898345528,7,3,17,7,4,3,13,0.3333333333333333,0.2352941176470588,0.5714285714285714
649_evogrow_v2_2_stage_capped_55_1_42,paper1_phaseC_v1,C,,campaign_cell,,55,Lorenz equations in complex periodic regime,3,exact,3.0,evogrow_v2_2_stage_capped,evogrow_v2_2_stage_capped,42,finished,finished,True,,,2026-09-14T11:29:53.683Z,367.69005911308767,,False,False,False,pruned_support_terms_exact_match,4,1.0,3.0,5752257,,619122.628549064,False,True,False,649,1,0c9672de35c75a9d,221a3a7,False,0.1273642665656356,"[0.008863346001618533, 0.009983049455642323, 0.36324640423964605]",610,861,5752257,ffb0266c7913352c,staged_polynomial_basis_with_constant,"[[""u1"",""u2"",""u3"",""u3^2"",""u1*u2""],[""u1"",""u2"",""u3"",""u1*u2""],[""1"",""u1"",""u2"",""u3"",""u2^2"",""u3^2""]]","[[""u1"",""u2"",""u3"",""u3^2"",""u1*u2""],[""u1"",""u2"",""u3"",""u1*u2""],[""1"",""u1"",""u2"",""u3"",""u2^2"",""u3^2""]]","[[{""term"":""u1"",""term_index"":2,""coefficient"":-10.0},{""term"":""u2"",""term_index"":3,""coefficient"":-10.0},{""term"":""u3"",""term_index"":4,""coefficient"":10.0},{""term"":""u3^2"",""term_index"":7,""coefficient"":-0.08929043719460845},{""term"":""u1*u2"",""term_index"":8,""coefficient"":-3.6085716043695615}],[{""term"":""u1"",""term_index"":2,""coefficient"":9.999594339642034},{""term"":""u2"",""term_index"":3,""coefficient"":-1.6269993729551917},{""term"":""u3"",""term_index"":4,""coefficient"":-0.3120490034191151},{""term"":""u1*u2"",""term_index"":8,""coefficient"":0.09132902449921322}],[{""term"":""1"",""term_index"":1,""coefficient"":-10.0},{""term"":""u1"",""term_index"":2,""coefficient"":10.0},{""term"":""u2"",""term_index"":3,""coefficient"":10.0},{""term"":""u3"",""term_index"":4,""coefficient"":-10.0},{""term"":""u2^2"",""term_index"":6,""coefficient"":10.0},{""term"":""u3^2"",""term_index"":7,""coefficient"":0.06870668841657875}]]",capped,False,3,30,30,"[1,0,0]","[4,3,3]","[null,3,3]","[""Success"",""Unstable"",""MaxIters""]","[""Success"",""Failure"",""MaxLossEvals""]",355724,428491,0,355724,72767,422,98,0.4545454545454545,0.4642857142857143,0.3333333333333333,0.3555555555555555,0.7142857142857143,0.7222222222222222,1.1824233450250934,2.749999999999996,7,3,15,7,5,2,10,0.4545454545454545,0.3333333333333333,0.7142857142857143
650_evogrow_v2_2_stage_local_55_1_42,paper1_phaseC_v1,C,,campaign_cell,,55,Lorenz equations in complex periodic regime,3,exact,3.0,evogrow_v2_2_stage_local,evogrow_v2_2_stage_local,42,finished,finished,True,,,2026-09-14T11:30:14.639Z,365.44645986302606,,False,False,False,pruned_support_terms_exact_match,4,1.0,3.0,5700131,,600805.583874074,False,True,False,650,1,0c9672de35c75a9d,221a3a7,False,0.1444474092998087,"[0.07938470609305237, 0.02761995002050477, 0.326337571785869]",610,870,5700131,ffb0266c7913352c,staged_polynomial_basis_with_constant,"[[""u1"",""u2"",""u3"",""u1*u2"",""u3^3""],[""1"",""u1"",""u2"",""u3"",""u1*u3"",""u2*u3""],[""1"",""u1"",""u2"",""u1^2"",""u2^2"",""u2*u3""]]","[[""u1"",""u2"",""u3"",""u1*u2""],[""1"",""u1"",""u2"",""u3"",""u2*u3""],[""1"",""u1"",""u2"",""u1^2"",""u2^2"",""u2*u3""]]","[[{""term"":""u1"",""term_index"":2,""coefficient"":-10.0},{""term"":""u2"",""term_index"":3,""coefficient"":-10.0},{""term"":""u3"",""term_index"":4,""coefficient"":10.0},{""term"":""u1*u2"",""term_index"":8,""coefficient"":1.6561725605135358},{""term"":""u3^3"",""term_index"":13,""coefficient"":-0.001079692809818202}],[{""term"":""1"",""term_index"":1,""coefficient"":10.0},{""term"":""u1"",""term_index"":2,""coefficient"":10.0},{""term"":""u2"",""term_index"":3,""coefficient"":10.0},{""term"":""u3"",""term_index"":4,""coefficient"":1.400872347817736},{""term"":""u1*u3"",""term_index"":9,""coefficient"":-0.0036703412789200122},{""term"":""u2*u3"",""term_index"":10,""coefficient"":-0.44243127972496127}],[{""term"":""1"",""term_index"":1,""coefficient"":-10.0},{""term"":""u1"",""term_index"":2,""coefficient"":10.0},{""term"":""u2"",""term_index"":3,""coefficient"":-10.0},{""term"":""u1^2"",""term_index"":5,""coefficient"":-0.18403856372756733},{""term"":""u2^2"",""term_index"":6,""coefficient"":6.439243212049704},{""term"":""u2*u3"",""term_index"":10,""coefficient"":-0.3777236217500053}]]",uncapped,False,3,30,30,,,,"[""Success"",""Unstable"",""MaxIters""]","[""Success"",""Failure"",""MaxLossEvals""]",330650,404777,0,330650,74127,420,104,0.4166666666666667,0.4126984126984127,0.2941176470588235,0.3,0.7142857142857143,0.6666666666666666,2.4137556632449537,11.0,7,3,17,7,5,2,12,0.4166666666666667,0.2941176470588235,0.7142857142857143
651_evogrow_v2_2_stage_capped_55_1_123,paper1_phaseC_v1,C,,campaign_cell,,55,Lorenz equations in complex periodic regime,3,exact,3.0,evogrow_v2_2_stage_capped,evogrow_v2_2_stage_capped,123,finished,finished,True,,,2026-09-14T11:45:25.790Z,350.5945438128772,,False,False,False,pruned_support_terms_exact_match,2,0.0,0.0,5335507,,383837.089030126,False,True,False,651,1,0c9672de35c75a9d,221a3a7,False,0.1699249050160327,"[0.06957608715731112, 0.1492927043506751, 0.2909059235401119]",610,885,5335507,ffb0266c7913352c,staged_polynomial_basis_with_constant,"[[""u1"",""u2"",""u3""],[""1"",""u1"",""u2"",""u3"",""u2^2"",""u3^2""],[""1"",""u1"",""u2"",""u1^2"",""u2^2"",""u3^2""]]","[[""u1"",""u2"",""u3""],[""1"",""u1"",""u2"",""u3"",""u2^2"",""u3^2""],[""1"",""u1"",""u2"",""u1^2"",""u2^2"",""u3^2""]]","[[{""term"":""u1"",""term_index"":2,""coefficient"":-10.0},{""term"":""u2"",""term_index"":3,""coefficient"":7.047286570176856},{""term"":""u3"",""term_index"":4,""coefficient"":0.2253729218518144}],[{""term"":""1"",""term_index"":1,""coefficient"":10.0},{""term"":""u1"",""term_index"":2,""coefficient"":-10.0},{""term"":""u2"",""term_index"":3,""coefficient"":-10.0},{""term"":""u3"",""term_index"":4,""coefficient"":10.0},{""term"":""u2^2"",""term_index"":6,""coefficient"":0.47137467788709736},{""term"":""u3^2"",""term_index"":7,""coefficient"":-0.10315300579336668}],[{""term"":""1"",""term_index"":1,""coefficient"":10.0},{""term"":""u1"",""term_index"":2,""coefficient"":10.0},{""term"":""u2"",""term_index"":3,""coefficient"":10.0},{""term"":""u1^2"",""term_index"":5,""coefficient"":10.0},{""term"":""u2^2"",""term_index"":6,""coefficient"":-0.222977376432323},{""term"":""u3^2"",""term_index"":7,""coefficient"":-0.02808999776358637}]]",capped,False,3,30,30,"[0,0,0]","[2,2,2]","[null,3,3]","[""Success"",""Unstable"",""MaxIters""]","[""Failure"",""Success"",""MaxLossEvals""]",328432,386366,0,328432,57934,403,91,0.3636363636363636,0.4148148148148148,0.2666666666666666,0.3333333333333333,0.5714285714285714,0.5555555555555555,1.91361590842696,9.0,7,3,15,7,4,3,11,0.3636363636363636,0.2666666666666666,0.5714285714285714
652_evogrow_v2_2_stage_local_55_1_123,paper1_phaseC_v1,C,,campaign_cell,,55,Lorenz equations in complex periodic regime,3,exact,3.0,evogrow_v2_2_stage_local,evogrow_v2_2_stage_local,123,finished,finished,True,,,2026-09-14T11:50:54.966Z,350.5945438128772,,False,False,False,pruned_support_terms_exact_match,2,0.0,0.0,5335507,,385106.639759351,False,True,False,652,1,0c9672de35c75a9d,221a3a7,False,0.1699249050160327,"[0.06957608715731112, 0.1492927043506751, 0.2909059235401119]",610,885,5335507,ffb0266c7913352c,staged_polynomial_basis_with_constant,"[[""u1"",""u2"",""u3""],[""1"",""u1"",""u2"",""u3"",""u2^2"",""u3^2""],[""1"",""u1"",""u2"",""u1^2"",""u2^2"",""u3^2""]]","[[""u1"",""u2"",""u3""],[""1"",""u1"",""u2"",""u3"",""u2^2"",""u3^2""],[""1"",""u1"",""u2"",""u1^2"",""u2^2"",""u3^2""]]","[[{""term"":""u1"",""term_index"":2,""coefficient"":-10.0},{""term"":""u2"",""term_index"":3,""coefficient"":7.047286570176856},{""term"":""u3"",""term_index"":4,""coefficient"":0.2253729218518144}],[{""term"":""1"",""term_index"":1,""coefficient"":10.0},{""term"":""u1"",""term_index"":2,""coefficient"":-10.0},{""term"":""u2"",""term_index"":3,""coefficient"":-10.0},{""term"":""u3"",""term_index"":4,""coefficient"":10.0},{""term"":""u2^2"",""term_index"":6,""coefficient"":0.47137467788709736},{""term"":""u3^2"",""term_index"":7,""coefficient"":-0.10315300579336668}],[{""term"":""1"",""term_index"":1,""coefficient"":10.0},{""term"":""u1"",""term_index"":2,""coefficient"":10.0},{""term"":""u2"",""term_index"":3,""coefficient"":10.0},{""term"":""u1^2"",""term_index"":5,""coefficient"":10.0},{""term"":""u2^2"",""term_index"":6,""coefficient"":-0.222977376432323},{""term"":""u3^2"",""term_index"":7,""coefficient"":-0.02808999776358637}]]",uncapped,False,3,30,30,,,,"[""Success"",""Unstable"",""MaxIters""]","[""Failure"",""Success"",""MaxLossEvals""]",328432,386366,0,328432,57934,403,91,0.3636363636363636,0.4148148148148148,0.2666666666666666,0.3333333333333333,0.5714285714285714,0.5555555555555555,1.91361590842696,9.0,7,3,15,7,4,3,11,0.3636363636363636,0.2666666666666666,0.5714285714285714
653_evogrow_v2_2_stage_capped_55_1_7,paper1_phaseC_v1,C,,campaign_cell,,55,Lorenz equations in complex periodic regime,3,exact,3.0,evogrow_v2_2_stage_capped,evogrow_v2_2_stage_capped,7,finished,finished,True,,,2026-09-14T11:53:10.964Z,355.64026764153346,,False,False,False,pruned_support_terms_exact_match,3,0.0,0.0,5505489,,374718.737636372,False,True,False,653,1,0c9672de35c75a9d,221a3a7,False,0.1544711583710739,"[0.034625949601332695, 0.07659600291290514, 0.3521915225989841]",610,963,5505489,ffb0266c7913352c,staged_polynomial_basis_with_constant,"[[""1"",""u1"",""u2"",""u3"",""u2^2""],[""1"",""u1"",""u2"",""u3"",""u3^2""],[""1"",""u1"",""u2"",""u3"",""u1^2"",""u2^2""]]","[[""1"",""u1"",""u2"",""u3"",""u2^2""],[""1"",""u1"",""u2"",""u3"",""u3^2""],[""1"",""u1"",""u2"",""u3"",""u1^2"",""u2^2""]]","[[{""term"":""1"",""term_index"":1,""coefficient"":10.0},{""term"":""u1"",""term_index"":2,""coefficient"":-10.0},{""term"":""u2"",""term_index"":3,""coefficient"":-10.0},{""term"":""u3"",""term_index"":4,""coefficient"":-0.030695095381507134},{""term"":""u2^2"",""term_index"":6,""coefficient"":1.4388371566803428}],[{""term"":""1"",""term_index"":1,""coefficient"":-10.0},{""term"":""u1"",""term_index"":2,""coefficient"":10.0},{""term"":""u2"",""term_index"":3,""coefficient"":-1.3199881037087169},{""term"":""u3"",""term_index"":4,""coefficient"":8.319675837065365},{""term"":""u3^2"",""term_index"":7,""coefficient"":-0.08905490717372766}],[{""term"":""1"",""term_index"":1,""coefficient"":-10.0},{""term"":""u1"",""term_index"":2,""coefficient"":10.0},{""term"":""u2"",""term_index"":3,""coefficient"":-8.253760700976205},{""term"":""u3"",""term_index"":4,""coefficient"":-2.0003549862193335},{""term"":""u1^2"",""term_index"":5,""coefficient"":-0.7903030476161464},{""term"":""u2^2"",""term_index"":6,""coefficient"":3.6101655204881786}]]",capped,False,3,30,30,"[0,0,0]","[3,3,3]","[null,3,3]","[""Success"",""Unstable"",""MaxIters""]","[""Failure"",""Success"",""MaxLossEvals""]",467660,518902,0,467660,51242,419,113,0.4347826086956521,0.4404761904761905,0.3125,0.3222222222222222,0.7142857142857143,0.7222222222222222,0.7814021382671522,2.0,7,3,16,7,5,2,11,0.4347826086956521,0.3125,0.7142857142857143
654_evogrow_v2_2_stage_local_55_1_7,paper1_phaseC_v1,C,,campaign_cell,,55,Lorenz equations in complex periodic regime,3,exact,3.0,evogrow_v2_2_stage_local,evogrow_v2_2_stage_local,7,finished,finished,True,,,2026-09-14T11:55:29.137Z,355.64026764153346,,False,False,False,pruned_support_terms_exact_match,3,0.0,0.0,5505489,,373798.244109839,False,True,False,654,1,0c9672de35c75a9d,221a3a7,False,0.1544711583710739,"[0.034625949601332695, 0.07659600291290514, 0.3521915225989841]",610,963,5505489,ffb0266c7913352c,staged_polynomial_basis_with_constant,"[[""1"",""u1"",""u2"",""u3"",""u2^2""],[""1"",""u1"",""u2"",""u3"",""u3^2""],[""1"",""u1"",""u2"",""u3"",""u1^2"",""u2^2""]]","[[""1"",""u1"",""u2"",""u3"",""u2^2""],[""1"",""u1"",""u2"",""u3"",""u3^2""],[""1"",""u1"",""u2"",""u3"",""u1^2"",""u2^2""]]","[[{""term"":""1"",""term_index"":1,""coefficient"":10.0},{""term"":""u1"",""term_index"":2,""coefficient"":-10.0},{""term"":""u2"",""term_index"":3,""coefficient"":-10.0},{""term"":""u3"",""term_index"":4,""coefficient"":-0.030695095381507134},{""term"":""u2^2"",""term_index"":6,""coefficient"":1.4388371566803428}],[{""term"":""1"",""term_index"":1,""coefficient"":-10.0},{""term"":""u1"",""term_index"":2,""coefficient"":10.0},{""term"":""u2"",""term_index"":3,""coefficient"":-1.3199881037087169},{""term"":""u3"",""term_index"":4,""coefficient"":8.319675837065365},{""term"":""u3^2"",""term_index"":7,""coefficient"":-0.08905490717372766}],[{""term"":""1"",""term_index"":1,""coefficient"":-10.0},{""term"":""u1"",""term_index"":2,""coefficient"":10.0},{""term"":""u2"",""term_index"":3,""coefficient"":-8.253760700976205},{""term"":""u3"",""term_index"":4,""coefficient"":-2.0003549862193335},{""term"":""u1^2"",""term_index"":5,""coefficient"":-0.7903030476161464},{""term"":""u2^2"",""term_index"":6,""coefficient"":3.6101655204881786}]]",uncapped,False,3,30,30,,,,"[""Success"",""Unstable"",""MaxIters""]","[""Failure"",""Success"",""MaxLossEvals""]",467660,518902,0,467660,51242,419,113,0.4347826086956521,0.4404761904761905,0.3125,0.3222222222222222,0.7142857142857143,0.7222222222222222,0.7814021382671522,2.0,7,3,16,7,5,2,11,0.4347826086956521,0.3125,0.7142857142857143
655_evogrow_v2_2_stage_capped_55_2_42,paper1_phaseC_v1,C,,campaign_cell,,55,Lorenz equations in complex periodic regime,3,exact,3.0,evogrow_v2_2_stage_capped,evogrow_v2_2_stage_capped,42,finished,finished,True,,,2026-09-14T12:20:04.448Z,343.5102959533008,,False,False,False,pruned_support_terms_exact_match,5,2.0,12.0,5445811,,829119.215917895,False,True,False,655,2,0c9672de35c75a9d,221a3a7,False,0.1916227392792346,"[0.2194954376960454, 0.28843452904978895, 0.06693825109186968]",610,1083,5445811,ffb0266c7913352c,staged_polynomial_basis_with_constant,"[[""u1"",""u2"",""u3"",""u2^3""],[""1"",""u1"",""u3"",""u1*u3"",""u2*u3""],[""u1"",""u2"",""u3"",""u2^2"",""u3^2"",""u2*u3""]]","[[""u1"",""u2"",""u3"",""u2^3""],[""1"",""u1"",""u3"",""u1*u3"",""u2*u3""],[""u1"",""u2"",""u3"",""u2^2"",""u3^2"",""u2*u3""]]","[[{""term"":""u1"",""term_index"":2,""coefficient"":-5.563502000904219},{""term"":""u2"",""term_index"":3,""coefficient"":-1.7811990677063962},{""term"":""u3"",""term_index"":4,""coefficient"":0.033369070610177055},{""term"":""u2^3"",""term_index"":12,""coefficient"":0.016154413062743022}],[{""term"":""1"",""term_index"":1,""coefficient"":-10.0},{""term"":""u1"",""term_index"":2,""coefficient"":-10.0},{""term"":""u3"",""term_index"":4,""coefficient"":-0.06922303514576329},{""term"":""u1*u3"",""term_index"":9,""coefficient"":-0.17241676369833733},{""term"":""u2*u3"",""term_index"":10,""coefficient"":0.05619282265233411}],[{""term"":""u1"",""term_index"":2,""coefficient"":10.0},{""term"":""u2"",""term_index"":3,""coefficient"":10.0},{""term"":""u3"",""term_index"":4,""coefficient"":10.0},{""term"":""u2^2"",""term_index"":6,""coefficient"":0.4695887601246598},{""term"":""u3^2"",""term_index"":7,""coefficient"":-0.11335093556348358},{""term"":""u2*u3"",""term_index"":10,""coefficient"":-0.11907745881866315}]]",capped,False,3,30,30,"[2,0,0]","[5,3,3]","[null,3,3]","[""Success"",""MaxIters"",""Unstable""]","[""Success"",""Failure"",""MaxLossEvals""]",444587,553455,0,444587,108868,366,145,0.4545454545454545,0.4722222222222221,0.3333333333333333,0.3555555555555555,0.7142857142857143,0.7222222222222222,1.4713418512840395,4.749999999999995,7,3,15,7,5,2,10,0.4545454545454545,0.3333333333333333,0.7142857142857143
656_evogrow_v2_2_stage_local_55_2_42,paper1_phaseC_v1,C,,campaign_cell,,55,Lorenz equations in complex periodic regime,3,exact,3.0,evogrow_v2_2_stage_local,evogrow_v2_2_stage_local,42,finished,finished,True,,,2026-09-14T12:20:20.550Z,341.37443458218405,,False,False,False,pruned_support_terms_exact_match,5,2.0,11.0,4867692,,900089.637340562,False,True,False,656,2,0c9672de35c75a9d,221a3a7,False,0.1555732917935554,"[-0.05450824073341343, 0.18816020656318333, 0.3330679095508964]",590,1071,4867692,ffb0266c7913352c,staged_polynomial_basis_with_constant,"[[""u1"",""u2"",""u3"",""u1*u3"",""u1^3""],[""1"",""u1"",""u3"",""u1*u3""],[""u1"",""u2"",""u3"",""u2^2"",""u3^2"",""u1*u3""]]","[[""u1"",""u2"",""u3"",""u1*u3"",""u1^3""],[""1"",""u1"",""u3"",""u1*u3""],[""u1"",""u2"",""u3"",""u2^2"",""u3^2"",""u1*u3""]]","[[{""term"":""u1"",""term_index"":2,""coefficient"":10.0},{""term"":""u2"",""term_index"":3,""coefficient"":-2.61057623469837},{""term"":""u3"",""term_index"":4,""coefficient"":-0.06522983564524558},{""term"":""u1*u3"",""term_index"":9,""coefficient"":-0.03481214930976341},{""term"":""u1^3"",""term_index"":11,""coefficient"":-1.8339282885331163}],[{""term"":""1"",""term_index"":1,""coefficient"":-10.0},{""term"":""u1"",""term_index"":2,""coefficient"":-10.0},{""term"":""u3"",""term_index"":4,""coefficient"":0.9940007576851965},{""term"":""u1*u3"",""term_index"":9,""coefficient"":1.3587104832124655}],[{""term"":""u1"",""term_index"":2,""coefficient"":10.0},{""term"":""u2"",""term_index"":3,""coefficient"":-0.5619131050046462},{""term"":""u3"",""term_index"":4,""coefficient"":2.8609899172668696},{""term"":""u2^2"",""term_index"":6,""coefficient"":1.655836684140505},{""term"":""u3^2"",""term_index"":7,""coefficient"":-0.028236591893318744},{""term"":""u1*u3"",""term_index"":9,""coefficient"":1.734599507763945}]]",uncapped,False,3,30,29,,,,"[""Success"",""MaxIters"",""Unstable""]","[""Success"",""Failure"",""MaxLossEvals""]",361360,464739,0,361360,103379,344,128,0.4545454545454545,0.4642857142857143,0.3333333333333333,0.3555555555555555,0.7142857142857143,0.7222222222222222,1.5418113345233972,2.358710483212465,7,3,15,7,5,2,10,0.4545454545454545,0.3333333333333333,0.7142857142857143
657_evogrow_v2_2_stage_capped_55_2_123,paper1_phaseC_v1,C,,campaign_cell,,55,Lorenz equations in complex periodic regime,3,exact,3.0,evogrow_v2_2_stage_capped,evogrow_v2_2_stage_capped,123,finished,finished,True,,,2026-09-14T12:22:45.623Z,377.9655875944823,,False,False,False,pruned_support_terms_exact_match,5,2.0,7.0,5529987,,489652.758477243,False,True,False,657,2,0c9672de35c75a9d,221a3a7,False,0.0857797487047754,"[-0.015448006025740257, 0.19825199713329256, 0.07453525500677394]",610,972,5529987,ffb0266c7913352c,staged_polynomial_basis_with_constant,"[[""1"",""u1"",""u2"",""u3"",""u1*u3"",""u1^3""],[""u1"",""u3"",""u1*u2"",""u1*u3"",""u2*u3""],[""1"",""u1"",""u2"",""u3"",""u1^2"",""u1*u2""]]","[[""1"",""u1"",""u2"",""u3"",""u1*u3"",""u1^3""],[""u1"",""u3"",""u1*u2"",""u1*u3"",""u2*u3""],[""1"",""u1"",""u2"",""u3"",""u1^2"",""u1*u2""]]","[[{""term"":""1"",""term_index"":1,""coefficient"":-9.561760405967176},{""term"":""u1"",""term_index"":2,""coefficient"":9.836272455857332},{""term"":""u2"",""term_index"":3,""coefficient"":1.30108321676128},{""term"":""u3"",""term_index"":4,""coefficient"":0.08168351932756399},{""term"":""u1*u3"",""term_index"":9,""coefficient"":-0.06888812500502692},{""term"":""u1^3"",""term_index"":11,""coefficient"":-0.0462982963802156}],[{""term"":""u1"",""term_index"":2,""coefficient"":10.0},{""term"":""u3"",""term_index"":4,""coefficient"":0.8111284755956669},{""term"":""u1*u2"",""term_index"":8,""coefficient"":2.107023903398199},{""term"":""u1*u3"",""term_index"":9,""coefficient"":-0.8132503273377863},{""term"":""u2*u3"",""term_index"":10,""coefficient"":-0.06770099766884045}],[{""term"":""1"",""term_index"":1,""coefficient"":-8.933528903631244},{""term"":""u1"",""term_index"":2,""coefficient"":-2.754063188763061},{""term"":""u2"",""term_index"":3,""coefficient"":-2.7676378846692833},{""term"":""u3"",""term_index"":4,""coefficient"":0.12727017480476},{""term"":""u1^2"",""term_index"":5,""coefficient"":2.4719236071248853},{""term"":""u1*u2"",""term_index"":8,""coefficient"":2.3225613329707215}]]",capped,False,3,30,30,"[2,0,0]","[5,3,3]","[null,3,3]","[""Success"",""MaxIters"",""Unstable""]","[""Failure"",""Success"",""MaxLossEvals""]",350331,414170,0,350331,63839,401,131,0.5,0.5,0.3529411764705882,0.3555555555555555,0.8571428571428571,0.8888888888888888,1.0443594612982747,1.9836272455857331,7,3,17,7,6,1,11,0.5,0.3529411764705882,0.8571428571428571
658_evogrow_v2_2_stage_local_55_2_123,paper1_phaseC_v1,C,,campaign_cell,,55,Lorenz equations in complex periodic regime,3,exact,3.0,evogrow_v2_2_stage_local,evogrow_v2_2_stage_local,123,finished,finished,True,,,2026-09-14T12:24:30.598Z,383.4306965360907,,False,False,False,pruned_support_terms_exact_match,4,1.0,7.0,5476422,,488023.069927026,False,True,False,658,2,0c9672de35c75a9d,221a3a7,False,0.1077885343471838,"[0.1648145383154439, 0.10517384493708426, 0.05337721978902343]",610,1011,5476422,ffb0266c7913352c,staged_polynomial_basis_with_constant,"[[""1"",""u1"",""u2"",""u3"",""u1*u3"",""u2*u3""],[""u1"",""u3"",""u2*u3""],[""1"",""u1"",""u2"",""u3"",""u1^2"",""u2^3""]]","[[""1"",""u1"",""u2"",""u3"",""u1*u3"",""u2*u3""],[""u1"",""u3"",""u2*u3""],[""1"",""u1"",""u2"",""u3"",""u1^2"",""u2^3""]]","[[{""term"":""1"",""term_index"":1,""coefficient"":10.0},{""term"":""u1"",""term_index"":2,""coefficient"":1.3270058052095166},{""term"":""u2"",""term_index"":3,""coefficient"":-10.0},{""term"":""u3"",""term_index"":4,""coefficient"":-0.17032109431587344},{""term"":""u1*u3"",""term_index"":9,""coefficient"":-0.0769210280077208},{""term"":""u2*u3"",""term_index"":10,""coefficient"":0.22808175452613896}],[{""term"":""u1"",""term_index"":2,""coefficient"":-10.0},{""term"":""u3"",""term_index"":4,""coefficient"":-0.32087023677539583},{""term"":""u2*u3"",""term_index"":10,""coefficient"":0.056022967015228305}],[{""term"":""1"",""term_index"":1,""coefficient"":10.0},{""term"":""u1"",""term_index"":2,""coefficient"":1.166993729060504},{""term"":""u2"",""term_index"":3,""coefficient"":-9.938366289431274},{""term"":""u3"",""term_index"":4,""coefficient"":-0.27132784920772973},{""term"":""u1^2"",""term_index"":5,""coefficient"":0.5126447479356016},{""term"":""u2^3"",""term_index"":12,""coefficient"":0.19288757857360486}]]",uncapped,False,3,30,30,,,,"[""Success"",""MaxIters"",""Unstable""]","[""Failure"",""Success"",""MaxLossEvals""]",330231,394955,0,330231,64724,399,135,0.3636363636363636,0.3611111111111111,0.2666666666666666,0.2777777777777777,0.5714285714285714,0.611111111111111,1.1615703790106366,2.0,7,3,15,7,4,3,11,0.3636363636363636,0.2666666666666666,0.5714285714285714
659_evogrow_v2_2_stage_capped_55_2_7,paper1_phaseC_v1,C,,campaign_cell,,55,Lorenz equations in complex periodic regime,3,exact,3.0,evogrow_v2_2_stage_capped,evogrow_v2_2_stage_capped,7,finished,finished,True,,,2026-09-14T12:32:12.281Z,358.7679310736733,,False,False,False,pruned_support_terms_exact_match,5,2.0,5.0,5102641,,525300.757952925,False,True,False,659,2,0c9672de35c75a9d,221a3a7,False,0.1807061523553327,"[0.29405943616123054, 0.0864683709444638, 0.16159064996030392]",610,1061,5102641,ffb0266c7913352c,staged_polynomial_basis_with_constant,"[[""1"",""u2"",""u3"",""u3^2""],[""u1"",""u2"",""u3""],[""u1"",""u2"",""u3"",""u1*u2"",""u1*u3"",""u2*u3""]]","[[""1"",""u2"",""u3"",""u3^2""],[""u1"",""u2"",""u3""],[""u1"",""u2"",""u3"",""u1*u2"",""u1*u3"",""u2*u3""]]","[[{""term"":""1"",""term_index"":1,""coefficient"":10.0},{""term"":""u2"",""term_index"":3,""coefficient"":-9.766234151284563},{""term"":""u3"",""term_index"":4,""coefficient"":4.690012290290151},{""term"":""u3^2"",""term_index"":7,""coefficient"":-0.05502111651268899}],[{""term"":""u1"",""term_index"":2,""coefficient"":3.7960051823348855},{""term"":""u2"",""term_index"":3,""coefficient"":-8.550575416005373},{""term"":""u3"",""term_index"":4,""coefficient"":-0.2523809282153874}],[{""term"":""u1"",""term_index"":2,""coefficient"":10.0},{""term"":""u2"",""term_index"":3,""coefficient"":6.4865189695777765},{""term"":""u3"",""term_index"":4,""coefficient"":0.3542620615864285},{""term"":""u1*u2"",""term_index"":8,""coefficient"":1.356407308922457},{""term"":""u1*u3"",""term_index"":9,""coefficient"":-0.06251561325206394},{""term"":""u2*u3"",""term_index"":10,""coefficient"":0.14240884526197142}]]",capped,False,3,30,30,"[2,0,0]","[5,3,3]","[null,3,3]","[""Success"",""MaxIters"",""Unstable""]","[""Success"",""Failure"",""MaxLossEvals""]",375055,454713,0,375055,79658,369,129,0.5,0.5,0.3846153846153846,0.4166666666666667,0.7142857142857143,0.7222222222222222,1.9969255958901544,7.550575416005373,7,3,13,7,5,2,8,0.5,0.3846153846153846,0.7142857142857143
660_evogrow_v2_2_stage_local_55_2_7,paper1_phaseC_v1,C,,campaign_cell,,55,Lorenz equations in complex periodic regime,3,exact,3.0,evogrow_v2_2_stage_local,evogrow_v2_2_stage_local,7,finished,finished,True,,,2026-09-14T12:35:25.007Z,362.1588372669817,,False,False,False,pruned_support_terms_exact_match,5,2.0,5.0,4986390,,476080.931883929,False,True,False,660,2,0c9672de35c75a9d,221a3a7,False,0.143575895107775,"[0.11342806865498778, 0.10188490688248397, 0.2154147097858533]",610,1075,4986390,ffb0266c7913352c,staged_polynomial_basis_with_constant,"[[""u1"",""u2"",""u3"",""u1*u3""],[""u2"",""u3"",""u1^2"",""u1*u3""],[""u1"",""u2"",""u3"",""u1^2"",""u2^2"",""u3^2""]]","[[""u1"",""u2"",""u3"",""u1*u3""],[""u2"",""u3"",""u1^2"",""u1*u3""],[""u1"",""u2"",""u3"",""u1^2"",""u2^2"",""u3^2""]]","[[{""term"":""u1"",""term_index"":2,""coefficient"":10.0},{""term"":""u2"",""term_index"":3,""coefficient"":5.1706524404741385},{""term"":""u3"",""term_index"":4,""coefficient"":0.1424119398484537},{""term"":""u1*u3"",""term_index"":9,""coefficient"":-0.10374869704586573}],[{""term"":""u2"",""term_index"":3,""coefficient"":-0.44425072856772757},{""term"":""u3"",""term_index"":4,""coefficient"":-0.08422033022908815},{""term"":""u1^2"",""term_index"":5,""coefficient"":-0.08053462732129049},{""term"":""u1*u3"",""term_index"":9,""coefficient"":-0.1423881023343716}],[{""term"":""u1"",""term_index"":2,""coefficient"":10.0},{""term"":""u2"",""term_index"":3,""coefficient"":-7.627940893338482},{""term"":""u3"",""term_index"":4,""coefficient"":10.0},{""term"":""u1^2"",""term_index"":5,""coefficient"":10.0},{""term"":""u2^2"",""term_index"":6,""coefficient"":-0.8909566083268784},{""term"":""u3^2"",""term_index"":7,""coefficient"":-0.1284207089140419}]]",uncapped,False,3,30,30,,,,"[""Success"",""MaxIters"",""Unstable""]","[""Success"",""Failure"",""MaxLossEvals""]",362826,432800,0,362826,69974,361,128,0.4761904761904762,0.496031746031746,0.3571428571428571,0.3888888888888889,0.7142857142857143,0.7222222222222222,1.520899417864355,4.749999999999995,7,3,14,7,5,2,9,0.4761904761904762,0.3571428571428571,0.7142857142857143
661_evogrow_v2_2_stage_capped_56_1_42,paper1_phaseC_v1,C,,campaign_cell,,56,Lorenz equations standard parameters (chaotic),3,exact,3.0,evogrow_v2_2_stage_capped,evogrow_v2_2_stage_capped,42,finished,finished,True,,,2026-09-14T12:42:08.792Z,56.482531506111606,,False,False,False,pruned_support_terms_exact_match,4,1.0,5.0,6876677,,514836.622699567,False,True,False,661,1,0c9672de35c75a9d,221a3a7,False,0.2289484298019556,"[0.3195447862822678, 0.37228251852124805, -0.004982015397648976]",610,842,6876677,ffb0266c7913352c,staged_polynomial_basis_with_constant,"[[""u1"",""u2"",""u3"",""u3^3""],[""1"",""u1"",""u2"",""u3"",""u2*u3""],[""1"",""u1"",""u2"",""u3"",""u2^2""]]","[[""u1"",""u2"",""u3""],[""1"",""u1"",""u2"",""u3"",""u2*u3""],[""1"",""u1"",""u2"",""u3"",""u2^2""]]","[[{""term"":""u1"",""term_index"":2,""coefficient"":-5.628465471702012},{""term"":""u2"",""term_index"":3,""coefficient"":4.0165324580592605},{""term"":""u3"",""term_index"":4,""coefficient"":-1.5978058992131388},{""term"":""u3^3"",""term_index"":13,""coefficient"":0.0019422258636198095}],[{""term"":""1"",""term_index"":1,""coefficient"":-10.0},{""term"":""u1"",""term_index"":2,""coefficient"":-10.0},{""term"":""u2"",""term_index"":3,""coefficient"":10.0},{""term"":""u3"",""term_index"":4,""coefficient"":-0.8168978866657013},{""term"":""u2*u3"",""term_index"":10,""coefficient"":-0.25669729238621053}],[{""term"":""1"",""term_index"":1,""coefficient"":-9.999052071735772},{""term"":""u1"",""term_index"":2,""coefficient"":-0.09685166364505866},{""term"":""u2"",""term_index"":3,""coefficient"":1.5582573949017267},{""term"":""u3"",""term_index"":4,""coefficient"":0.19565530448347432},{""term"":""u2^2"",""term_index"":6,""coefficient"":0.2500251089711313}]]",capped,False,3,30,30,"[1,0,0]","[4,3,3]","[null,3,3]","[""Success"",""Unstable"",""MaxIters""]","[""Success"",""Failure"",""MaxLossEvals""]",335855,402815,0,335855,66960,454,200,0.4761904761904762,0.4841269841269841,0.3571428571428571,0.3666666666666667,0.7142857142857143,0.7222222222222222,2.352287686192576,11.0,7,3,14,7,5,2,9,0.4761904761904762,0.3571428571428571,0.7142857142857143
662_evogrow_v2_2_stage_local_56_1_42,paper1_phaseC_v1,C,,campaign_cell,,56,Lorenz equations standard parameters (chaotic),3,exact,3.0,evogrow_v2_2_stage_local,evogrow_v2_2_stage_local,42,finished,finished,True,,,2026-09-14T12:43:54.923Z,58.35211239025545,,False,False,False,pruned_support_terms_exact_match,4,1.0,5.0,6765685,,465490.329757569,False,True,False,662,1,0c9672de35c75a9d,221a3a7,False,0.1984069628756473,"[0.23932509903470844, 0.2566090111582142, 0.09928677843401945]",610,854,6765685,ffb0266c7913352c,staged_polynomial_basis_with_constant,"[[""1"",""u1"",""u2"",""u3"",""u1^3""],[""1"",""u1"",""u2"",""u3"",""u3^2"",""u2*u3""],[""1"",""u1"",""u2"",""u1^2"",""u3^3""]]","[[""1"",""u1"",""u2"",""u3"",""u1^3""],[""1"",""u1"",""u2"",""u3"",""u3^2"",""u2*u3""],[""1"",""u1"",""u2"",""u1^2""]]","[[{""term"":""1"",""term_index"":1,""coefficient"":10.0},{""term"":""u1"",""term_index"":2,""coefficient"":10.0},{""term"":""u2"",""term_index"":3,""coefficient"":10.0},{""term"":""u3"",""term_index"":4,""coefficient"":-1.730057067113335},{""term"":""u1^3"",""term_index"":11,""coefficient"":-4.064710755598069}],[{""term"":""1"",""term_index"":1,""coefficient"":10.0},{""term"":""u1"",""term_index"":2,""coefficient"":10.0},{""term"":""u2"",""term_index"":3,""coefficient"":-10.0},{""term"":""u3"",""term_index"":4,""coefficient"":10.0},{""term"":""u3^2"",""term_index"":7,""coefficient"":-0.4158232681765978},{""term"":""u2*u3"",""term_index"":10,""coefficient"":0.4973730401776141}],[{""term"":""1"",""term_index"":1,""coefficient"":10.0},{""term"":""u1"",""term_index"":2,""coefficient"":9.761049051697082},{""term"":""u2"",""term_index"":3,""coefficient"":7.43280368885304},{""term"":""u1^2"",""term_index"":5,""coefficient"":10.0},{""term"":""u3^3"",""term_index"":13,""coefficient"":-0.003658323668208067}]]",uncapped,False,3,30,30,,,,"[""Success"",""Unstable"",""MaxIters""]","[""Success"",""Failure"",""MaxLossEvals""]",329577,393547,0,329577,63970,450,201,0.3478260869565217,0.3386243386243386,0.25,0.2444444444444444,0.5714285714285714,0.5555555555555555,2.091836734693877,9.0,7,3,16,7,4,3,12,0.3478260869565217,0.25,0.5714285714285714
663_evogrow_v2_2_stage_capped_56_1_123,paper1_phaseC_v1,C,,campaign_cell,,56,Lorenz equations standard parameters (chaotic),3,exact,3.0,evogrow_v2_2_stage_capped,evogrow_v2_2_stage_capped,123,finished,finished,True,,,2026-09-14T15:12:03.033Z,52.51955001415246,,False,False,False,pruned_support_terms_exact_match,3,0.0,0.0,6281083,,531622.700342795,False,True,False,663,1,0c9672de35c75a9d,221a3a7,False,0.2575099440067282,"[0.0730386536732095, 0.07568429318570924, 0.6238068851612659]",610,850,6281083,ffb0266c7913352c,staged_polynomial_basis_with_constant,"[[""1"",""u1"",""u2"",""u3"",""u1*u2""],[""u1"",""u2"",""u3"",""u1^2"",""u3^2"",""u2*u3""],[""1"",""u1"",""u2"",""u3"",""u1*u3"",""u2*u3""]]","[[""1"",""u1"",""u2"",""u3"",""u1*u2""],[""u1"",""u2"",""u3"",""u1^2"",""u3^2"",""u2*u3""],[""1"",""u1"",""u2"",""u3"",""u1*u3"",""u2*u3""]]","[[{""term"":""1"",""term_index"":1,""coefficient"":-10.0},{""term"":""u1"",""term_index"":2,""coefficient"":-6.566855369093511},{""term"":""u2"",""term_index"":3,""coefficient"":10.0},{""term"":""u3"",""term_index"":4,""coefficient"":1.0069893143475321},{""term"":""u1*u2"",""term_index"":8,""coefficient"":-0.19351071679204088}],[{""term"":""u1"",""term_index"":2,""coefficient"":-4.02470981209838},{""term"":""u2"",""term_index"":3,""coefficient"":1.6084987597705074},{""term"":""u3"",""term_index"":4,""coefficient"":2.083066008587324},{""term"":""u1^2"",""term_index"":5,""coefficient"":-0.03131044944569936},{""term"":""u3^2"",""term_index"":7,""coefficient"":-0.07658890048859342},{""term"":""u2*u3"",""term_index"":10,""coefficient"":0.12028278931052748}],[{""term"":""1"",""term_index"":1,""coefficient"":9.969808307384152},{""term"":""u1"",""term_index"":2,""coefficient"":10.0},{""term"":""u2"",""term_index"":3,""coefficient"":10.0},{""term"":""u3"",""term_index"":4,""coefficient"":1.4897257286860608},{""term"":""u1*u3"",""term_index"":9,""coefficient"":-1.0021098892261564},{""term"":""u2*u3"",""term_index"":10,""coefficient"":0.5994163456228557}]]",capped,False,3,30,30,"[0,0,0]","[3,3,3]","[null,3,3]","[""Success"",""MaxIters"",""Unstable""]","[""Success"",""Failure"",""MaxLossEvals""]",313339,382719,0,313339,69380,436,171,0.4166666666666667,0.4219576719576719,0.2941176470588235,0.3,0.7142857142857143,0.7222222222222222,1.0934571438949712,2.6084987597705074,7,3,17,7,5,2,12,0.4166666666666667,0.2941176470588235,0.7142857142857143
664_evogrow_v2_2_stage_local_56_1_123,paper1_phaseC_v1,C,,campaign_cell,,56,Lorenz equations standard parameters (chaotic),3,exact,3.0,evogrow_v2_2_stage_local,evogrow_v2_2_stage_local,123,finished,finished,True,,,2026-09-14T15:15:29.823Z,52.51955001415246,,False,False,False,pruned_support_terms_exact_match,3,0.0,0.0,6281083,,509224.923178137,False,True,False,664,1,0c9672de35c75a9d,221a3a7,False,0.2575099440067282,"[0.0730386536732095, 0.07568429318570924, 0.6238068851612659]",610,850,6281083,ffb0266c7913352c,staged_polynomial_basis_with_constant,"[[""1"",""u1"",""u2"",""u3"",""u1*u2""],[""u1"",""u2"",""u3"",""u1^2"",""u3^2"",""u2*u3""],[""1"",""u1"",""u2"",""u3"",""u1*u3"",""u2*u3""]]","[[""1"",""u1"",""u2"",""u3"",""u1*u2""],[""u1"",""u2"",""u3"",""u1^2"",""u3^2"",""u2*u3""],[""1"",""u1"",""u2"",""u3"",""u1*u3"",""u2*u3""]]","[[{""term"":""1"",""term_index"":1,""coefficient"":-10.0},{""term"":""u1"",""term_index"":2,""coefficient"":-6.566855369093511},{""term"":""u2"",""term_index"":3,""coefficient"":10.0},{""term"":""u3"",""term_index"":4,""coefficient"":1.0069893143475321},{""term"":""u1*u2"",""term_index"":8,""coefficient"":-0.19351071679204088}],[{""term"":""u1"",""term_index"":2,""coefficient"":-4.02470981209838},{""term"":""u2"",""term_index"":3,""coefficient"":1.6084987597705074},{""term"":""u3"",""term_index"":4,""coefficient"":2.083066008587324},{""term"":""u1^2"",""term_index"":5,""coefficient"":-0.03131044944569936},{""term"":""u3^2"",""term_index"":7,""coefficient"":-0.07658890048859342},{""term"":""u2*u3"",""term_index"":10,""coefficient"":0.12028278931052748}],[{""term"":""1"",""term_index"":1,""coefficient"":9.969808307384152},{""term"":""u1"",""term_index"":2,""coefficient"":10.0},{""term"":""u2"",""term_index"":3,""coefficient"":10.0},{""term"":""u3"",""term_index"":4,""coefficient"":1.4897257286860608},{""term"":""u1*u3"",""term_index"":9,""coefficient"":-1.0021098892261564},{""term"":""u2*u3"",""term_index"":10,""coefficient"":0.5994163456228557}]]",uncapped,False,3,30,30,,,,"[""Success"",""MaxIters"",""Unstable""]","[""Success"",""Failure"",""MaxLossEvals""]",313339,382719,0,313339,69380,436,171,0.4166666666666667,0.4219576719576719,0.2941176470588235,0.3,0.7142857142857143,0.7222222222222222,1.0934571438949712,2.6084987597705074,7,3,17,7,5,2,12,0.4166666666666667,0.2941176470588235,0.7142857142857143
665_evogrow_v2_2_stage_capped_56_1_7,paper1_phaseC_v1,C,,campaign_cell,,56,Lorenz equations standard parameters (chaotic),3,exact,3.0,evogrow_v2_2_stage_capped,evogrow_v2_2_stage_capped,7,finished,finished,True,,,2026-09-14T20:23:59.438Z,54.910102384824114,,False,False,False,pruned_support_terms_exact_match,2,0.0,0.0,6567719,,176230.976508913,False,True,False,665,1,0c9672de35c75a9d,221a3a7,False,0.2090725455188926,"[-0.1387814329325585, 0.024971268183157425, 0.7410278013060791]",610,750,6567719,ffb0266c7913352c,staged_polynomial_basis_with_constant,"[[""u1"",""u2"",""u3""],[""1"",""u1"",""u2"",""u3""],[""1"",""u1"",""u2"",""u3"",""u1^2"",""u2^2""]]","[[""u1"",""u2"",""u3""],[""1"",""u1"",""u2"",""u3""],[""1"",""u1"",""u2"",""u3"",""u1^2"",""u2^2""]]","[[{""term"":""u1"",""term_index"":2,""coefficient"":-7.851374210991129},{""term"":""u2"",""term_index"":3,""coefficient"":-1.8383897100663893},{""term"":""u3"",""term_index"":4,""coefficient"":-1.5025195443271364}],[{""term"":""1"",""term_index"":1,""coefficient"":10.0},{""term"":""u1"",""term_index"":2,""coefficient"":10.0},{""term"":""u2"",""term_index"":3,""coefficient"":-10.0},{""term"":""u3"",""term_index"":4,""coefficient"":0.7217085880295917}],[{""term"":""1"",""term_index"":1,""coefficient"":-10.0},{""term"":""u1"",""term_index"":2,""coefficient"":10.0},{""term"":""u2"",""term_index"":3,""coefficient"":-6.261843507729112},{""term"":""u3"",""term_index"":4,""coefficient"":9.59490137755889},{""term"":""u1^2"",""term_index"":5,""coefficient"":-10.0},{""term"":""u2^2"",""term_index"":6,""coefficient"":-0.8790550265158078}]]",capped,False,3,30,30,"[0,0,0]","[2,2,2]","[null,3,3]","[""Success"",""Unstable"",""MaxIters""]","[""Success"",""Failure"",""MaxLossEvals""]",241220,263005,0,241220,21785,464,175,0.5,0.5404761904761904,0.3846153846153846,0.4444444444444444,0.7142857142857143,0.7222222222222222,2.519949529907035,9.0,7,3,13,7,5,2,8,0.5,0.3846153846153846,0.7142857142857143
666_evogrow_v2_2_stage_local_56_1_7,paper1_phaseC_v1,C,,campaign_cell,,56,Lorenz equations standard parameters (chaotic),3,exact,3.0,evogrow_v2_2_stage_local,evogrow_v2_2_stage_local,7,finished,finished,True,,,2026-09-14T20:27:49.849Z,54.910102384824114,,False,False,False,pruned_support_terms_exact_match,2,0.0,0.0,6567719,,173994.377881307,False,True,False,666,1,0c9672de35c75a9d,221a3a7,False,0.2090725455188926,"[-0.1387814329325585, 0.024971268183157425, 0.7410278013060791]",610,750,6567719,ffb0266c7913352c,staged_polynomial_basis_with_constant,"[[""u1"",""u2"",""u3""],[""1"",""u1"",""u2"",""u3""],[""1"",""u1"",""u2"",""u3"",""u1^2"",""u2^2""]]","[[""u1"",""u2"",""u3""],[""1"",""u1"",""u2"",""u3""],[""1"",""u1"",""u2"",""u3"",""u1^2"",""u2^2""]]","[[{""term"":""u1"",""term_index"":2,""coefficient"":-7.851374210991129},{""term"":""u2"",""term_index"":3,""coefficient"":-1.8383897100663893},{""term"":""u3"",""term_index"":4,""coefficient"":-1.5025195443271364}],[{""term"":""1"",""term_index"":1,""coefficient"":10.0},{""term"":""u1"",""term_index"":2,""coefficient"":10.0},{""term"":""u2"",""term_index"":3,""coefficient"":-10.0},{""term"":""u3"",""term_index"":4,""coefficient"":0.7217085880295917}],[{""term"":""1"",""term_index"":1,""coefficient"":-10.0},{""term"":""u1"",""term_index"":2,""coefficient"":10.0},{""term"":""u2"",""term_index"":3,""coefficient"":-6.261843507729112},{""term"":""u3"",""term_index"":4,""coefficient"":9.59490137755889},{""term"":""u1^2"",""term_index"":5,""coefficient"":-10.0},{""term"":""u2^2"",""term_index"":6,""coefficient"":-0.8790550265158078}]]",uncapped,False,3,30,30,,,,"[""Success"",""Unstable"",""MaxIters""]","[""Success"",""Failure"",""MaxLossEvals""]",241220,263005,0,241220,21785,464,175,0.5,0.5404761904761904,0.3846153846153846,0.4444444444444444,0.7142857142857143,0.7222222222222222,2.519949529907035,9.0,7,3,13,7,5,2,8,0.5,0.3846153846153846,0.7142857142857143
667_evogrow_v2_2_stage_capped_56_2_42,paper1_phaseC_v1,C,,campaign_cell,,56,Lorenz equations standard parameters (chaotic),3,exact,3.0,evogrow_v2_2_stage_capped,evogrow_v2_2_stage_capped,42,finished,finished,True,,,2026-09-15T01:07:41.777Z,57.027123828774506,,False,False,False,pruned_support_terms_exact_match,5,2.0,6.0,5418627,,382166.389614312,False,True,False,667,2,0c9672de35c75a9d,221a3a7,False,0.2505406942382631,"[0.41114316214559365, 0.34248802588695837, -0.0020091053177626605]",610,883,5418627,ffb0266c7913352c,staged_polynomial_basis_with_constant,"[[""1"",""u1"",""u2"",""u3"",""u1^2"",""u3^2""],[""u1"",""u2""],[""1"",""u1"",""u2"",""u3""]]","[[""1"",""u1"",""u2"",""u3"",""u1^2"",""u3^2""],[""u1"",""u2""],[""1"",""u1"",""u2"",""u3""]]","[[{""term"":""1"",""term_index"":1,""coefficient"":-10.0},{""term"":""u1"",""term_index"":2,""coefficient"":-10.0},{""term"":""u2"",""term_index"":3,""coefficient"":2.0486121646112156},{""term"":""u3"",""term_index"":4,""coefficient"":-10.0},{""term"":""u1^2"",""term_index"":5,""coefficient"":0.3015559096220425},{""term"":""u3^2"",""term_index"":7,""coefficient"":0.42493906597840775}],[{""term"":""u1"",""term_index"":2,""coefficient"":-10.0},{""term"":""u2"",""term_index"":3,""coefficient"":5.425318645816012}],[{""term"":""1"",""term_index"":1,""coefficient"":-9.99267886565277},{""term"":""u1"",""term_index"":2,""coefficient"":-3.9020688024303394},{""term"":""u2"",""term_index"":3,""coefficient"":2.1397129463955027},{""term"":""u3"",""term_index"":4,""coefficient"":0.42915140634296883}]]",capped,False,3,30,30,"[2,0,0]","[5,3,3]","[null,3,3]","[""Success"",""Unstable"",""MaxIters""]","[""MaxLossEvals"",""Success"",""Failure""]",290194,349990,0,290194,59796,369,164,0.5263157894736842,0.5444444444444444,0.4166666666666667,0.5277777777777778,0.7142857142857143,0.7222222222222222,1.6769331519823372,6.425318645816012,7,3,12,7,5,2,7,0.5263157894736842,0.4166666666666667,0.7142857142857143
668_evogrow_v2_2_stage_local_56_2_42,paper1_phaseC_v1,C,,campaign_cell,,56,Lorenz equations standard parameters (chaotic),3,exact,3.0,evogrow_v2_2_stage_local,evogrow_v2_2_stage_local,42,finished,finished,True,,,2026-09-15T02:37:22.628Z,57.027123828774506,,False,False,False,pruned_support_terms_exact_match,5,2.0,6.0,5223926,,268163.686255432,False,True,False,668,2,0c9672de35c75a9d,221a3a7,False,0.2505406942382631,"[0.41114316214559365, 0.34248802588695837, -0.0020091053177626605]",610,915,5223926,ffb0266c7913352c,staged_polynomial_basis_with_constant,"[[""1"",""u1"",""u2"",""u3"",""u1^2"",""u3^2""],[""u1"",""u2""],[""1"",""u1"",""u2"",""u3""]]","[[""1"",""u1"",""u2"",""u3"",""u1^2"",""u3^2""],[""u1"",""u2""],[""1"",""u1"",""u2"",""u3""]]","[[{""term"":""1"",""term_index"":1,""coefficient"":-10.0},{""term"":""u1"",""term_index"":2,""coefficient"":-10.0},{""term"":""u2"",""term_index"":3,""coefficient"":2.0486121646112156},{""term"":""u3"",""term_index"":4,""coefficient"":-10.0},{""term"":""u1^2"",""term_index"":5,""coefficient"":0.3015559096220425},{""term"":""u3^2"",""term_index"":7,""coefficient"":0.42493906597840775}],[{""term"":""u1"",""term_index"":2,""coefficient"":-10.0},{""term"":""u2"",""term_index"":3,""coefficient"":5.425318645816012}],[{""term"":""1"",""term_index"":1,""coefficient"":-9.99267886565277},{""term"":""u1"",""term_index"":2,""coefficient"":-3.9020688024303394},{""term"":""u2"",""term_index"":3,""coefficient"":2.1397129463955027},{""term"":""u3"",""term_index"":4,""coefficient"":0.42915140634296883}]]",uncapped,False,3,30,30,,,,"[""Success"",""Unstable"",""MaxIters""]","[""MaxLossEvals"",""Success"",""Failure""]",280005,321244,0,280005,41239,358,155,0.5263157894736842,0.5444444444444444,0.4166666666666667,0.5277777777777778,0.7142857142857143,0.7222222222222222,1.6769331519823372,6.425318645816012,7,3,12,7,5,2,7,0.5263157894736842,0.4166666666666667,0.7142857142857143
669_evogrow_v2_2_stage_capped_56_2_123,paper1_phaseC_v1,C,,campaign_cell,,56,Lorenz equations standard parameters (chaotic),3,exact,3.0,evogrow_v2_2_stage_capped,evogrow_v2_2_stage_capped,123,finished,finished,True,,,2026-09-15T16:12:45.116Z,65.40568100851628,,False,False,False,pruned_support_terms_exact_match,5,2.0,8.0,4208231,,289782.86333464,False,True,False,669,2,0c9672de35c75a9d,221a3a7,False,0.1323921852714432,"[0.17051470690240078, 0.1568771883614164, 0.06978466055051247]",610,1133,4208231,ffb0266c7913352c,staged_polynomial_basis_with_constant,"[[""u1"",""u2"",""u2^2"",""cos(u1)""],[""u1"",""u2"",""u2*u3""],[""1"",""u1"",""u2*u3""]]","[[""u1"",""u2"",""u2^2"",""cos(u1)""],[""u1"",""u2"",""u2*u3""],[""1"",""u1"",""u2*u3""]]","[[{""term"":""u1"",""term_index"":2,""coefficient"":-4.796958556818659},{""term"":""u2"",""term_index"":3,""coefficient"":4.472976216840525},{""term"":""u2^2"",""term_index"":6,""coefficient"":-0.08425962404324357},{""term"":""cos(u1)"",""term_index"":15,""coefficient"":4.41305775858141}],[{""term"":""u1"",""term_index"":2,""coefficient"":-8.146718213397907},{""term"":""u2"",""term_index"":3,""coefficient"":9.672856541959227},{""term"":""u2*u3"",""term_index"":10,""coefficient"":-0.27353514402669077}],[{""term"":""1"",""term_index"":1,""coefficient"":-1.1653502365455555},{""term"":""u1"",""term_index"":2,""coefficient"":-3.9440380861592783},{""term"":""u2*u3"",""term_index"":10,""coefficient"":0.026420017067573045}]]",capped,False,3,30,30,"[2,0,0]","[5,3,3]","[null,3,3]","[""Success"",""Unstable"",""MaxIters""]","[""Success"",""Failure"",""MaxLossEvals""]",306514,357105,0,306514,50591,309,131,0.4705882352941176,0.4444444444444444,0.4,0.3888888888888888,0.5714285714285714,0.5555555555555555,2.290973898071482,10.672856541959227,7,3,10,7,4,3,6,0.4705882352941176,0.4,0.5714285714285714
670_evogrow_v2_2_stage_local_56_2_123,paper1_phaseC_v1,C,,campaign_cell,,56,Lorenz equations standard parameters (chaotic),3,exact,3.0,evogrow_v2_2_stage_local,evogrow_v2_2_stage_local,123,finished,finished,True,,,2026-09-15T18:41:45.708Z,58.64337631413014,,False,False,False,pruned_support_terms_exact_match,5,2.0,8.0,3869467,,277114.26153125,False,True,False,670,2,0c9672de35c75a9d,221a3a7,False,0.2271288647271724,"[0.36200923894520975, 0.32559819159869274, -0.00622083636238524]",610,1170,3869467,ffb0266c7913352c,staged_polynomial_basis_with_constant,"[[""u1"",""u2"",""u3"",""u1^2"",""u2^2"",""u1^3""],[""u1"",""u2^2"",""u2^3""],[""1"",""u1"",""u2"",""u3"",""u1^2"",""u2^2""]]","[[""u1"",""u2"",""u3"",""u1^2"",""u2^2"",""u1^3""],[""u1"",""u2^2"",""u2^3""],[""1"",""u1"",""u2"",""u3"",""u1^2"",""u2^2""]]","[[{""term"":""u1"",""term_index"":2,""coefficient"":4.990795332470308},{""term"":""u2"",""term_index"":3,""coefficient"":-1.7343686145156518},{""term"":""u3"",""term_index"":4,""coefficient"":-0.6211584576369024},{""term"":""u1^2"",""term_index"":5,""coefficient"":-1.5185907261229248},{""term"":""u2^2"",""term_index"":6,""coefficient"":2.511773097474966},{""term"":""u1^3"",""term_index"":11,""coefficient"":-0.08362585749224527}],[{""term"":""u1"",""term_index"":2,""coefficient"":7.989266784065662},{""term"":""u2^2"",""term_index"":6,""coefficient"":-1.653283760057428},{""term"":""u2^3"",""term_index"":12,""coefficient"":-0.46239657750432}],[{""term"":""1"",""term_index"":1,""coefficient"":3.9508470510889673},{""term"":""u1"",""term_index"":2,""coefficient"":-0.00416322639061569},{""term"":""u2"",""term_index"":3,""coefficient"":-2.0028825525272347},{""term"":""u3"",""term_index"":4,""coefficient"":0.2295245100091445},{""term"":""u1^2"",""term_index"":5,""coefficient"":0.16261625040174882},{""term"":""u2^2"",""term_index"":6,""coefficient"":-0.9070549977964595}]]",uncapped,False,3,30,30,,,,"[""Success"",""Unstable"",""MaxIters""]","[""Success"",""Failure"",""MaxLossEvals""]",283915,328372,0,283915,44457,287,119,0.3636363636363636,0.3611111111111111,0.2666666666666666,0.2777777777777777,0.5714285714285714,0.611111111111111,1.0676081613397503,1.4990795332470308,7,3,15,7,4,3,11,0.3636363636363636,0.2666666666666666,0.5714285714285714
671_evogrow_v2_2_stage_capped_56_2_7,paper1_phaseC_v1,C,,campaign_cell,,56,Lorenz equations standard parameters (chaotic),3,exact,3.0,evogrow_v2_2_stage_capped,evogrow_v2_2_stage_capped,7,finished,finished,True,,,2026-09-16T12:30:20.255Z,58.87579169160352,,False,False,False,pruned_support_terms_exact_match,4,1.0,1.0,4823839,,303010.04076175,False,True,False,671,2,0c9672de35c75a9d,221a3a7,False,0.2185526523028961,"[0.29224529016331313, 0.3699345457634605, -0.006521879018085208]",610,852,4823839,ffb0266c7913352c,staged_polynomial_basis_with_constant,"[[""1"",""u2"",""u3"",""u2^2"",""u3^2""],[""1"",""u1"",""u2"",""u3""],[""1"",""u1"",""u2"",""u3""]]","[[""1"",""u2"",""u3"",""u2^2"",""u3^2""],[""1"",""u1"",""u2"",""u3""],[""1"",""u1"",""u2"",""u3""]]","[[{""term"":""1"",""term_index"":1,""coefficient"":-10.0},{""term"":""u2"",""term_index"":3,""coefficient"":1.4962069510813139},{""term"":""u3"",""term_index"":4,""coefficient"":10.0},{""term"":""u2^2"",""term_index"":6,""coefficient"":-0.4608560972305697},{""term"":""u3^2"",""term_index"":7,""coefficient"":-0.3873618444232838}],[{""term"":""1"",""term_index"":1,""coefficient"":10.0},{""term"":""u1"",""term_index"":2,""coefficient"":5.670122120787774},{""term"":""u2"",""term_index"":3,""coefficient"":-4.087175835758806},{""term"":""u3"",""term_index"":4,""coefficient"":-0.6684870578446164}],[{""term"":""1"",""term_index"":1,""coefficient"":-9.948072623155388},{""term"":""u1"",""term_index"":2,""coefficient"":2.355446680775745},{""term"":""u2"",""term_index"":3,""coefficient"":-1.3648934841633091},{""term"":""u3"",""term_index"":4,""coefficient"":0.33063676074003584}]]",capped,False,3,30,30,"[1,0,0]","[4,3,3]","[null,3,3]","[""Success"",""Unstable"",""MaxIters""]","[""Success"",""Failure"",""MaxLossEvals""]",241303,278239,0,241303,36936,343,149,0.4,0.3968253968253969,0.3076923076923077,0.3166666666666666,0.5714285714285714,0.5555555555555555,1.2655770806387832,3.0871758357588064,7,3,13,7,4,3,9,0.4,0.3076923076923077,0.5714285714285714
672_evogrow_v2_2_stage_local_56_2_7,paper1_phaseC_v1,C,,campaign_cell,,56,Lorenz equations standard parameters (chaotic),3,exact,3.0,evogrow_v2_2_stage_local,evogrow_v2_2_stage_local,7,finished,finished,True,,,2026-09-16T13:15:17.457Z,58.87579169160352,,False,False,False,pruned_support_terms_exact_match,4,1.0,1.0,4777581,,294856.819052007,False,True,False,672,2,0c9672de35c75a9d,221a3a7,False,0.2185526523028961,"[0.29224529016331313, 0.3699345457634605, -0.006521879018085208]",610,859,4777581,ffb0266c7913352c,staged_polynomial_basis_with_constant,"[[""1"",""u2"",""u3"",""u2^2"",""u3^2""],[""1"",""u1"",""u2"",""u3""],[""1"",""u1"",""u2"",""u3""]]","[[""1"",""u2"",""u3"",""u2^2"",""u3^2""],[""1"",""u1"",""u2"",""u3""],[""1"",""u1"",""u2"",""u3""]]","[[{""term"":""1"",""term_index"":1,""coefficient"":-10.0},{""term"":""u2"",""term_index"":3,""coefficient"":1.4962069510813139},{""term"":""u3"",""term_index"":4,""coefficient"":10.0},{""term"":""u2^2"",""term_index"":6,""coefficient"":-0.4608560972305697},{""term"":""u3^2"",""term_index"":7,""coefficient"":-0.3873618444232838}],[{""term"":""1"",""term_index"":1,""coefficient"":10.0},{""term"":""u1"",""term_index"":2,""coefficient"":5.670122120787774},{""term"":""u2"",""term_index"":3,""coefficient"":-4.087175835758806},{""term"":""u3"",""term_index"":4,""coefficient"":-0.6684870578446164}],[{""term"":""1"",""term_index"":1,""coefficient"":-9.948072623155388},{""term"":""u1"",""term_index"":2,""coefficient"":2.355446680775745},{""term"":""u2"",""term_index"":3,""coefficient"":-1.3648934841633091},{""term"":""u3"",""term_index"":4,""coefficient"":0.33063676074003584}]]",uncapped,False,3,30,30,,,,"[""Success"",""Unstable"",""MaxIters""]","[""Success"",""Failure"",""MaxLossEvals""]",236502,272189,0,236502,35687,338,147,0.4,0.3968253968253969,0.3076923076923077,0.3166666666666666,0.5714285714285714,0.5555555555555555,1.2655770806387832,3.0871758357588064,7,3,13,7,4,3,9,0.4,0.3076923076923077,0.5714285714285714
673_evogrow_v2_2_stage_capped_57_1_42,paper1_phaseC_v1,C,,campaign_cell,,57,Rössler attractor (stable fixed point),3,exact,3.0,evogrow_v2_2_stage_capped,evogrow_v2_2_stage_capped,42,finished,finished,True,,,2026-09-16T19:18:41.409Z,0.0009093653785912,,False,False,False,pruned_support_terms_exact_match,5,2.0,8.0,3994458,,62007.433467169,False,True,False,673,1,0c9672de35c75a9d,221a3a7,False,0.9532956327487576,"[0.996506871405541, 0.994603329662848, 0.868776697177884]",490,524,3994458,ffb0266c7913352c,staged_polynomial_basis_with_constant,"[[""u2""],[""u1"",""u2"",""u3""],[""1"",""u2"",""u3""]]","[[""u2""],[""u1"",""u2"",""u3""],[""1"",""u2"",""u3""]]","[[{""term"":""u2"",""term_index"":3,""coefficient"":-5.3749577361446255}],[{""term"":""u1"",""term_index"":2,""coefficient"":4.6972063313195065},{""term"":""u2"",""term_index"":3,""coefficient"":-1.0636890001647978},{""term"":""u3"",""term_index"":4,""coefficient"":0.40195493971404883}],[{""term"":""1"",""term_index"":1,""coefficient"":0.33142300015389514},{""term"":""u2"",""term_index"":3,""coefficient"":-0.19684117879444427},{""term"":""u3"",""term_index"":4,""coefficient"":-10.0}]]",capped,False,3,30,24,"[2,2,2]","[5,5,5]","[null,null,null]","[""Success"",""Unstable"",""MaxIters""]","[""MaxLossEvals"",""Success"",""Failure""]",100648,112621,0,100648,11973,222,130,0.7142857142857143,0.7111111111111111,0.7142857142857143,0.7777777777777777,0.7142857142857143,0.7222222222222222,0.502419869713353,1.0,7,3,7,7,5,2,2,0.7142857142857143,0.7142857142857143,0.7142857142857143
674_evogrow_v2_2_stage_local_57_1_42,paper1_phaseC_v1,C,,campaign_cell,,57,Rössler attractor (stable fixed point),3,exact,3.0,evogrow_v2_2_stage_local,evogrow_v2_2_stage_local,42,finished,finished,True,,,2026-09-16T20:48:33.767Z,0.0009093653785912,,False,False,False,pruned_support_terms_exact_match,5,2.0,8.0,3994458,,62025.325220918,False,True,False,674,1,0c9672de35c75a9d,221a3a7,False,0.9532956327487576,"[0.996506871405541, 0.994603329662848, 0.868776697177884]",490,524,3994458,ffb0266c7913352c,staged_polynomial_basis_with_constant,"[[""u2""],[""u1"",""u2"",""u3""],[""1"",""u2"",""u3""]]","[[""u2""],[""u1"",""u2"",""u3""],[""1"",""u2"",""u3""]]","[[{""term"":""u2"",""term_index"":3,""coefficient"":-5.3749577361446255}],[{""term"":""u1"",""term_index"":2,""coefficient"":4.6972063313195065},{""term"":""u2"",""term_index"":3,""coefficient"":-1.0636890001647978},{""term"":""u3"",""term_index"":4,""coefficient"":0.40195493971404883}],[{""term"":""1"",""term_index"":1,""coefficient"":0.33142300015389514},{""term"":""u2"",""term_index"":3,""coefficient"":-0.19684117879444427},{""term"":""u3"",""term_index"":4,""coefficient"":-10.0}]]",uncapped,False,3,30,24,,,,"[""Success"",""Unstable"",""MaxIters""]","[""MaxLossEvals"",""Success"",""Failure""]",100648,112621,0,100648,11973,222,130,0.7142857142857143,0.7111111111111111,0.7142857142857143,0.7777777777777777,0.7142857142857143,0.7222222222222222,0.502419869713353,1.0,7,3,7,7,5,2,2,0.7142857142857143,0.7142857142857143,0.7142857142857143
675_evogrow_v2_2_stage_capped_57_1_123,paper1_phaseC_v1,C,,campaign_cell,,57,Rössler attractor (stable fixed point),3,exact,3.0,evogrow_v2_2_stage_capped,evogrow_v2_2_stage_capped,123,finished,finished,True,,,2026-09-16T21:21:57.579Z,0.0001874697391088,,False,False,False,pruned_support_terms_exact_match,5,2.0,8.0,3312923,,59187.480431294,False,True,False,675,1,0c9672de35c75a9d,221a3a7,False,0.9396370248603964,"[0.9998603154357091, 0.999599204745101, 0.8194515544003792]",450,479,3312923,ffb0266c7913352c,staged_polynomial_basis_with_constant,"[[""u2"",""u3""],[""u1"",""u2""],[""1"",""u3""]]","[[""u2"",""u3""],[""u1"",""u2""],[""1"",""u3""]]","[[{""term"":""u2"",""term_index"":3,""coefficient"":-4.939201495429664},{""term"":""u3"",""term_index"":4,""coefficient"":-3.472638697534775}],[{""term"":""u1"",""term_index"":2,""coefficient"":5.052526397496225},{""term"":""u2"",""term_index"":3,""coefficient"":-1.0335298889023652}],[{""term"":""1"",""term_index"":1,""coefficient"":0.37832475843957486},{""term"":""u3"",""term_index"":4,""coefficient"":-10.0}]]",capped,False,3,30,22,"[2,2,2]","[5,5,5]","[null,null,null]","[""Success"",""Unstable"",""MaxIters""]","[""Success"",""MaxLossEvals"",""Failure""]",65418,78921,0,65418,13503,210,107,0.923076923076923,0.9333333333333332,1.0,1.0,0.8571428571428571,0.8888888888888888,0.3760664540552416,1.0,7,3,6,7,6,1,0,0.923076923076923,1.0,0.8571428571428571
676_evogrow_v2_2_stage_local_57_1_123,paper1_phaseC_v1,C,,campaign_cell,,57,Rössler attractor (stable fixed point),3,exact,3.0,evogrow_v2_2_stage_local,evogrow_v2_2_stage_local,123,finished,finished,True,,,2026-09-16T23:23:29.327Z,0.0001874697391088,,False,False,False,pruned_support_terms_exact_match,5,2.0,8.0,3312923,,59206.839511352,False,True,False,676,1,0c9672de35c75a9d,221a3a7,False,0.9396370248603964,"[0.9998603154357091, 0.999599204745101, 0.8194515544003792]",450,479,3312923,ffb0266c7913352c,staged_polynomial_basis_with_constant,"[[""u2"",""u3""],[""u1"",""u2""],[""1"",""u3""]]","[[""u2"",""u3""],[""u1"",""u2""],[""1"",""u3""]]","[[{""term"":""u2"",""term_index"":3,""coefficient"":-4.939201495429664},{""term"":""u3"",""term_index"":4,""coefficient"":-3.472638697534775}],[{""term"":""u1"",""term_index"":2,""coefficient"":5.052526397496225},{""term"":""u2"",""term_index"":3,""coefficient"":-1.0335298889023652}],[{""term"":""1"",""term_index"":1,""coefficient"":0.37832475843957486},{""term"":""u3"",""term_index"":4,""coefficient"":-10.0}]]",uncapped,False,3,30,22,,,,"[""Success"",""Unstable"",""MaxIters""]","[""Success"",""MaxLossEvals"",""Failure""]",65418,78921,0,65418,13503,210,107,0.923076923076923,0.9333333333333332,1.0,1.0,0.8571428571428571,0.8888888888888888,0.3760664540552416,1.0,7,3,6,7,6,1,0,0.923076923076923,1.0,0.8571428571428571
677_evogrow_v2_2_stage_capped_57_1_7,paper1_phaseC_v1,C,,campaign_cell,,57,Rössler attractor (stable fixed point),3,exact,3.0,evogrow_v2_2_stage_capped,evogrow_v2_2_stage_capped,7,finished,finished,True,,,2026-09-17T12:32:56.416Z,0.0004711774647656,,False,False,False,pruned_support_terms_exact_match,5,2.0,8.0,5725857,,90703.710823357,False,True,False,677,1,0c9672de35c75a9d,221a3a7,False,0.8038915724120036,"[0.9998375656338865, 0.9998997746873728, 0.4119373769147515]",530,583,5725857,ffb0266c7913352c,staged_polynomial_basis_with_constant,"[[""1"",""u2"",""u3""],[""u1"",""u2""],[""u2"",""u3""]]","[[""1"",""u2"",""u3""],[""u1"",""u2""],[""u2"",""u3""]]","[[{""term"":""1"",""term_index"":1,""coefficient"":-0.17141638433631176},{""term"":""u2"",""term_index"":3,""coefficient"":-5.041497862451815},{""term"":""u3"",""term_index"":4,""coefficient"":-2.721607292438938}],[{""term"":""u1"",""term_index"":2,""coefficient"":4.99753326958824},{""term"":""u2"",""term_index"":3,""coefficient"":-1.0217219970877174}],[{""term"":""u2"",""term_index"":3,""coefficient"":-0.18587387403704025},{""term"":""u3"",""term_index"":4,""coefficient"":-10.0}]]",capped,False,3,30,26,"[2,2,2]","[5,5,5]","[null,null,null]","[""Success"",""Unstable"",""MaxIters""]","[""Success"",""Failure"",""MaxLossEvals""]",172275,190139,0,172275,17864,309,236,0.7142857142857143,0.7333333333333334,0.7142857142857143,0.7222222222222222,0.7142857142857143,0.7777777777777778,0.4479023234557412,1.0,7,3,7,7,5,2,2,0.7142857142857143,0.7142857142857143,0.7142857142857143
678_evogrow_v2_2_stage_local_57_1_7,paper1_phaseC_v1,C,,campaign_cell,,57,Rössler attractor (stable fixed point),3,exact,3.0,evogrow_v2_2_stage_local,evogrow_v2_2_stage_local,7,finished,finished,True,,,2026-09-17T12:39:17.242Z,0.0004711774647656,,False,False,False,pruned_support_terms_exact_match,5,2.0,8.0,5725857,,88614.369215993,False,True,False,678,1,0c9672de35c75a9d,221a3a7,False,0.8038915724120036,"[0.9998375656338865, 0.9998997746873728, 0.4119373769147515]",530,583,5725857,ffb0266c7913352c,staged_polynomial_basis_with_constant,"[[""1"",""u2"",""u3""],[""u1"",""u2""],[""u2"",""u3""]]","[[""1"",""u2"",""u3""],[""u1"",""u2""],[""u2"",""u3""]]","[[{""term"":""1"",""term_index"":1,""coefficient"":-0.17141638433631176},{""term"":""u2"",""term_index"":3,""coefficient"":-5.041497862451815},{""term"":""u3"",""term_index"":4,""coefficient"":-2.721607292438938}],[{""term"":""u1"",""term_index"":2,""coefficient"":4.99753326958824},{""term"":""u2"",""term_index"":3,""coefficient"":-1.0217219970877174}],[{""term"":""u2"",""term_index"":3,""coefficient"":-0.18587387403704025},{""term"":""u3"",""term_index"":4,""coefficient"":-10.0}]]",uncapped,False,3,30,26,,,,"[""Success"",""Unstable"",""MaxIters""]","[""Success"",""Failure"",""MaxLossEvals""]",172275,190139,0,172275,17864,309,236,0.7142857142857143,0.7333333333333334,0.7142857142857143,0.7222222222222222,0.7142857142857143,0.7777777777777778,0.4479023234557412,1.0,7,3,7,7,5,2,2,0.7142857142857143,0.7142857142857143,0.7142857142857143
679_evogrow_v2_2_stage_capped_57_2_42,paper1_phaseC_v1,C,,campaign_cell,,57,Rössler attractor (stable fixed point),3,exact,3.0,evogrow_v2_2_stage_capped,evogrow_v2_2_stage_capped,42,finished,finished,True,,,2026-09-17T13:49:15.255Z,0.0012187676620197,,False,False,False,pruned_support_terms_exact_match,4,1.0,9.0,4220215,,81070.762499634,False,True,False,679,2,0c9672de35c75a9d,221a3a7,False,0.938980233685076,"[0.9999590987246781, 0.9984363111537371, 0.8185452911768126]",610,690,4220215,ffb0266c7913352c,staged_polynomial_basis_with_constant,"[[""u2"",""u3^3""],[""1"",""u1"",""u2""],[""1"",""u1"",""u3"",""u1*u3""]]","[[""u2"",""u3^3""],[""1"",""u1"",""u2""],[""1"",""u1"",""u3"",""u1*u3""]]","[[{""term"":""u2"",""term_index"":3,""coefficient"":-5.017410989869993},{""term"":""u3^3"",""term_index"":13,""coefficient"":-1.376779907392247}],[{""term"":""1"",""term_index"":1,""coefficient"":0.04314854728998231},{""term"":""u1"",""term_index"":2,""coefficient"":4.983243769297653},{""term"":""u2"",""term_index"":3,""coefficient"":-1.0279714254586154}],[{""term"":""1"",""term_index"":1,""coefficient"":0.37960817899367705},{""term"":""u1"",""term_index"":2,""coefficient"":-0.37896489438282965},{""term"":""u3"",""term_index"":4,""coefficient"":-10.0},{""term"":""u1*u3"",""term_index"":9,""coefficient"":10.0}]]",capped,False,3,30,30,"[1,1,0]","[4,4,3]","[null,null,3]","[""Success"",""Unstable"",""MaxIters""]","[""Failure"",""Success"",""MaxLossEvals""]",112755,128132,0,112755,15377,305,94,0.75,0.719047619047619,0.6666666666666666,0.6388888888888888,0.8571428571428571,0.8333333333333334,0.47204564251385,1.0,7,3,9,7,6,1,3,0.75,0.6666666666666666,0.8571428571428571
680_evogrow_v2_2_stage_local_57_2_42,paper1_phaseC_v1,C,,campaign_cell,,57,Rössler attractor (stable fixed point),3,exact,3.0,evogrow_v2_2_stage_local,evogrow_v2_2_stage_local,42,finished,finished,True,,,2026-09-17T14:03:10.525Z,0.0007110702079113,,False,False,False,pruned_support_terms_exact_match,5,2.0,9.0,4002681,,53952.206795503,False,True,False,680,2,0c9672de35c75a9d,221a3a7,False,0.9478391066158308,"[0.9999162770518657, 0.999923999804304, 0.8436770429913224]",610,704,4002681,ffb0266c7913352c,staged_polynomial_basis_with_constant,"[[""u2"",""sin(u3)""],[""1"",""u1"",""u2""],[""1"",""u1"",""u2"",""u3"",""u1*u3""]]","[[""u2"",""sin(u3)""],[""u1"",""u2""],[""1"",""u1"",""u2"",""u3"",""u1*u3""]]","[[{""term"":""u2"",""term_index"":3,""coefficient"":-5.033751643968944},{""term"":""sin(u3)"",""term_index"":18,""coefficient"":-4.003878287027454}],[{""term"":""1"",""term_index"":1,""coefficient"":0.0036118674333791736},{""term"":""u1"",""term_index"":2,""coefficient"":4.963576629857121},{""term"":""u2"",""term_index"":3,""coefficient"":-1.0191061693098227}],[{""term"":""1"",""term_index"":1,""coefficient"":0.4084465661167778},{""term"":""u1"",""term_index"":2,""coefficient"":-0.38152924924238807},{""term"":""u2"",""term_index"":3,""coefficient"":0.011926867324694744},{""term"":""u3"",""term_index"":4,""coefficient"":-10.0},{""term"":""u1*u3"",""term_index"":9,""coefficient"":10.0}]]",uncapped,False,3,30,30,,,,"[""Success"",""Unstable"",""MaxIters""]","[""Failure"",""Success"",""MaxLossEvals""]",85933,95082,0,85933,8981,290,93,0.7058823529411764,0.6833333333333332,0.6,0.5888888888888889,0.8571428571428571,0.8333333333333334,0.4676882018618505,1.0,7,3,10,7,6,1,4,0.7058823529411764,0.6,0.8571428571428571
681_evogrow_v2_2_stage_capped_57_2_123,paper1_phaseC_v1,C,,campaign_cell,,57,Rössler attractor (stable fixed point),3,exact,3.0,evogrow_v2_2_stage_capped,evogrow_v2_2_stage_capped,123,finished,finished,True,,,2026-09-17T14:55:58.407Z,0.0021872505412168,,False,False,False,pruned_support_terms_exact_match,5,2.0,6.0,5578612,,185408.1471594,False,True,False,681,2,0c9672de35c75a9d,221a3a7,False,0.8299161640019186,"[0.999986241762283, 0.9999891370343063, 0.4897731132091665]",610,679,5578612,ffb0266c7913352c,staged_polynomial_basis_with_constant,"[[""1"",""u2"",""u3^2""],[""1"",""u1"",""u2"",""u3""],[""1"",""u2"",""u3""]]","[[""1"",""u2"",""u3^2""],[""u1"",""u2"",""u3""],[""1"",""u2"",""u3""]]","[[{""term"":""1"",""term_index"":1,""coefficient"":-0.1859073304018829},{""term"":""u2"",""term_index"":3,""coefficient"":-5.018372170279263},{""term"":""u3^2"",""term_index"":7,""coefficient"":1.9731547946074255}],[{""term"":""1"",""term_index"":1,""coefficient"":0.0016836843741628717},{""term"":""u1"",""term_index"":2,""coefficient"":4.999653188836753},{""term"":""u2"",""term_index"":3,""coefficient"":-1.0260700126611786},{""term"":""u3"",""term_index"":4,""coefficient"":-0.10144073395995934}],[{""term"":""1"",""term_index"":1,""coefficient"":0.4664634937207334},{""term"":""u2"",""term_index"":3,""coefficient"":0.43281773442960664},{""term"":""u3"",""term_index"":4,""coefficient"":-10.0}]]",capped,False,3,30,30,"[2,2,0]","[5,5,3]","[null,null,3]","[""Success"",""Unstable"",""MaxIters""]","[""Success"",""MaxLossEvals"",""Failure""]",156794,181675,0,156794,24881,351,163,0.588235294117647,0.5777777777777778,0.5,0.5,0.7142857142857143,0.7222222222222222,0.4589247317494987,1.0,7,3,10,7,5,2,5,0.588235294117647,0.5,0.7142857142857143
682_evogrow_v2_2_stage_local_57_2_123,paper1_phaseC_v1,C,,campaign_cell,,57,Rössler attractor (stable fixed point),3,exact,3.0,evogrow_v2_2_stage_local,evogrow_v2_2_stage_local,123,finished,finished,True,,,2026-09-17T15:51:27.308Z,0.0002912145425984,,False,False,False,pruned_support_terms_exact_match,5,2.0,6.0,5313667,,179957.101005703,False,True,False,682,2,0c9672de35c75a9d,221a3a7,False,0.9778091274109884,"[0.999986200775019, 0.9999884909235675, 0.9334526905343791]",610,704,5313667,ffb0266c7913352c,staged_polynomial_basis_with_constant,"[[""1"",""u2"",""u3^2""],[""1"",""u1"",""u2"",""u3""],[""1"",""u2"",""u3"",""u3^3""]]","[[""1"",""u2"",""u3^2""],[""u1"",""u2"",""u3""],[""1"",""u2"",""u3"",""u3^3""]]","[[{""term"":""1"",""term_index"":1,""coefficient"":-0.18555015512495016},{""term"":""u2"",""term_index"":3,""coefficient"":-5.012207085189409},{""term"":""u3^2"",""term_index"":7,""coefficient"":4.557576738576324}],[{""term"":""1"",""term_index"":1,""coefficient"":-0.0006930457142457822},{""term"":""u1"",""term_index"":2,""coefficient"":5.003438671941979},{""term"":""u2"",""term_index"":3,""coefficient"":-1.0305508810400006},{""term"":""u3"",""term_index"":4,""coefficient"":-0.014629089218845344}],[{""term"":""1"",""term_index"":1,""coefficient"":0.39321163877636045},{""term"":""u2"",""term_index"":3,""coefficient"":0.12498377432464533},{""term"":""u3"",""term_index"":4,""coefficient"":-10.0},{""term"":""u3^3"",""term_index"":13,""coefficient"":-10.0}]]",uncapped,False,3,30,30,,,,"[""Success"",""Unstable"",""MaxIters""]","[""Success"",""MaxLossEvals"",""Failure""]",138190,163386,0,138190,25196,332,150,0.5555555555555556,0.546031746031746,0.4545454545454545,0.4444444444444444,0.7142857142857143,0.7222222222222222,0.469941600101066,1.0,7,3,11,7,5,2,6,0.5555555555555556,0.4545454545454545,0.7142857142857143
683_evogrow_v2_2_stage_capped_57_2_7,paper1_phaseC_v1,C,,campaign_cell,,57,Rössler attractor (stable fixed point),3,exact,3.0,evogrow_v2_2_stage_capped,evogrow_v2_2_stage_capped,7,finished,finished,True,,,2026-09-17T23:36:39.191Z,1.2128727968777864e-05,,False,False,False,pruned_support_terms_exact_match,5,2.0,8.0,4795355,,215466.160163368,False,True,False,683,2,0c9672de35c75a9d,221a3a7,False,0.9993869690976436,"[0.999994533191671, 0.9999895014831283, 0.9981768726181319]",590,735,4795355,ffb0266c7913352c,staged_polynomial_basis_with_constant,"[[""u2"",""u3""],[""1"",""u1"",""u2""],[""1"",""u2"",""u3"",""u2^2"",""u2*u3""]]","[[""u2"",""u3""],[""u1"",""u2""],[""1"",""u2"",""u3"",""u2*u3""]]","[[{""term"":""u2"",""term_index"":3,""coefficient"":-5.023759546291505},{""term"":""u3"",""term_index"":4,""coefficient"":-5.158738657536267}],[{""term"":""1"",""term_index"":1,""coefficient"":-0.0017033898570939197},{""term"":""u1"",""term_index"":2,""coefficient"":4.994581162560965},{""term"":""u2"",""term_index"":3,""coefficient"":-1.013912659955562}],[{""term"":""1"",""term_index"":1,""coefficient"":0.19945628618699535},{""term"":""u2"",""term_index"":3,""coefficient"":0.21146825060884422},{""term"":""u3"",""term_index"":4,""coefficient"":-5.69731416168558},{""term"":""u2^2"",""term_index"":6,""coefficient"":0.0013896537765537389},{""term"":""u2*u3"",""term_index"":10,""coefficient"":-6.317319664795648}]]",capped,False,3,30,29,"[2,2,0]","[5,5,3]","[null,null,3]","[""Success"",""Unstable"",""MaxIters""]","[""Success"",""Failure"",""MaxLossEvals""]",213557,247955,0,213557,34398,341,131,0.7058823529411764,0.7666666666666666,0.6,0.6888888888888888,0.8571428571428571,0.8888888888888888,0.3788762888518264,1.0,7,3,10,7,6,1,4,0.7058823529411764,0.6,0.8571428571428571
684_evogrow_v2_2_stage_local_57_2_7,paper1_phaseC_v1,C,,campaign_cell,,57,Rössler attractor (stable fixed point),3,exact,3.0,evogrow_v2_2_stage_local,evogrow_v2_2_stage_local,7,finished,finished,True,,,2026-09-18T05:03:12.737Z,1.2128727968777864e-05,,False,False,False,pruned_support_terms_exact_match,5,2.0,8.0,4827290,,227904.753741624,False,True,False,684,2,0c9672de35c75a9d,221a3a7,False,0.9993869690976436,"[0.999994533191671, 0.9999895014831283, 0.9981768726181319]",590,744,4827290,ffb0266c7913352c,staged_polynomial_basis_with_constant,"[[""u2"",""u3""],[""1"",""u1"",""u2""],[""1"",""u2"",""u3"",""u2^2"",""u2*u3""]]","[[""u2"",""u3""],[""u1"",""u2""],[""1"",""u2"",""u3"",""u2*u3""]]","[[{""term"":""u2"",""term_index"":3,""coefficient"":-5.023759546291505},{""term"":""u3"",""term_index"":4,""coefficient"":-5.158738657536267}],[{""term"":""1"",""term_index"":1,""coefficient"":-0.0017033898570939197},{""term"":""u1"",""term_index"":2,""coefficient"":4.994581162560965},{""term"":""u2"",""term_index"":3,""coefficient"":-1.013912659955562}],[{""term"":""1"",""term_index"":1,""coefficient"":0.19945628618699535},{""term"":""u2"",""term_index"":3,""coefficient"":0.21146825060884422},{""term"":""u3"",""term_index"":4,""coefficient"":-5.69731416168558},{""term"":""u2^2"",""term_index"":6,""coefficient"":0.0013896537765537389},{""term"":""u2*u3"",""term_index"":10,""coefficient"":-6.317319664795648}]]",uncapped,False,3,30,29,,,,"[""Success"",""Unstable"",""MaxIters""]","[""Success"",""Failure"",""MaxLossEvals""]",217910,252618,0,217910,34708,336,132,0.7058823529411764,0.7666666666666666,0.6,0.6888888888888888,0.8571428571428571,0.8888888888888888,0.3788762888518264,1.0,7,3,10,7,6,1,4,0.7058823529411764,0.6,0.8571428571428571
685_evogrow_v2_2_stage_capped_58_1_42,paper1_phaseC_v1,C,,campaign_cell,,58,Rössler attractor (periodic),3,exact,3.0,evogrow_v2_2_stage_capped,evogrow_v2_2_stage_capped,42,finished,finished,True,,,2026-09-18T05:07:35.949Z,0.2872581988928922,,False,False,False,pruned_support_terms_exact_match,5,2.0,10.0,7114187,,222223.875376957,False,True,False,685,1,0c9672de35c75a9d,221a3a7,False,0.6555194602672759,"[0.9940268208232909, 0.9906436131407793, -0.018112053162242292]",610,687,7114187,ffb0266c7913352c,staged_polynomial_basis_with_constant,"[[""u1"",""u2"",""u2*u3"",""u1^3"",""sin(u2)""],[""1"",""u1"",""u2""],[""u2"",""u2^2"",""u1*u2""]]","[[""u1"",""u2"",""u2*u3"",""u1^3"",""sin(u2)""],[""1"",""u1"",""u2""],[""u2"",""u2^2"",""u1*u2""]]","[[{""term"":""u1"",""term_index"":2,""coefficient"":0.19107856153845013},{""term"":""u2"",""term_index"":3,""coefficient"":-3.949634857279515},{""term"":""u2*u3"",""term_index"":10,""coefficient"":-1.6976192322905146},{""term"":""u1^3"",""term_index"":11,""coefficient"":-0.01336815539695023},{""term"":""sin(u2)"",""term_index"":16,""coefficient"":-0.24638412421892286}],[{""term"":""1"",""term_index"":1,""coefficient"":-0.39527613187948674},{""term"":""u1"",""term_index"":2,""coefficient"":5.039426268567598},{""term"":""u2"",""term_index"":3,""coefficient"":0.4657275125636206}],[{""term"":""u2"",""term_index"":3,""coefficient"":-0.49376915197683147},{""term"":""u2^2"",""term_index"":6,""coefficient"":0.0023541114616889734},{""term"":""u1*u2"",""term_index"":8,""coefficient"":0.023995538716495325}]]",capped,False,3,30,30,"[2,2,0]","[5,5,3]","[null,null,3]","[""Success"",""Unstable"",""MaxIters""]","[""MaxLossEvals"",""Success"",""Failure""]",208318,247513,0,208318,39195,499,267,0.3333333333333332,0.3619047619047619,0.2727272727272727,0.2888888888888889,0.4285714285714285,0.5,0.6123576081614822,1.0,7,3,11,7,3,4,8,0.3333333333333332,0.2727272727272727,0.4285714285714285
686_evogrow_v2_2_stage_local_58_1_42,paper1_phaseC_v1,C,,campaign_cell,,58,Rössler attractor (periodic),3,exact,3.0,evogrow_v2_2_stage_local,evogrow_v2_2_stage_local,42,finished,finished,True,,,2026-09-18T12:21:16.434Z,0.2986659065123451,,False,False,False,pruned_support_terms_exact_match,5,2.0,10.0,7030785,,165767.979186716,False,True,False,686,1,0c9672de35c75a9d,221a3a7,False,0.7313882572029384,"[0.9914641055260583, 0.9854604098758052, 0.21724025620695175]",610,696,7030785,ffb0266c7913352c,staged_polynomial_basis_with_constant,"[[""u1"",""u2""],[""1"",""u1"",""u2"",""u1*u2"",""u1^3"",""u2^3""],[""u1"",""u2"",""u1^2""]]","[[""u1"",""u2""],[""1"",""u1"",""u2"",""u1*u2"",""u1^3"",""u2^3""],[""u1"",""u2"",""u1^2""]]","[[{""term"":""u1"",""term_index"":2,""coefficient"":-0.33969000063571597},{""term"":""u2"",""term_index"":3,""coefficient"":-5.2414595714206715}],[{""term"":""1"",""term_index"":1,""coefficient"":-0.4112011620653771},{""term"":""u1"",""term_index"":2,""coefficient"":4.65898806491134},{""term"":""u2"",""term_index"":3,""coefficient"":0.9467000329926142},{""term"":""u1*u2"",""term_index"":8,""coefficient"":0.09693808840867568},{""term"":""u1^3"",""term_index"":11,""coefficient"":0.009983560675379945},{""term"":""u2^3"",""term_index"":12,""coefficient"":-0.012963705311850444}],[{""term"":""u1"",""term_index"":2,""coefficient"":0.2726132004905049},{""term"":""u2"",""term_index"":3,""coefficient"":-0.5559625149368358},{""term"":""u1^2"",""term_index"":5,""coefficient"":-0.002815407137567185}]]",uncapped,False,3,30,30,,,,"[""Success"",""Unstable"",""MaxIters""]","[""MaxLossEvals"",""Success"",""Failure""]",210077,244509,0,210077,34432,496,254,0.3333333333333332,0.3333333333333333,0.2727272727272727,0.2777777777777777,0.4285714285714285,0.5,0.7156991953267278,1.0,7,3,11,7,3,4,8,0.3333333333333332,0.2727272727272727,0.4285714285714285
687_evogrow_v2_2_stage_capped_58_1_123,paper1_phaseC_v1,C,,campaign_cell,,58,Rössler attractor (periodic),3,exact,3.0,evogrow_v2_2_stage_capped,evogrow_v2_2_stage_capped,123,finished,finished,True,,,2026-09-18T13:17:11.364Z,0.0953141607586669,,False,False,False,pruned_support_terms_exact_match,5,2.0,7.0,7729856,,554817.24195602,False,True,False,687,1,0c9672de35c75a9d,221a3a7,False,0.9140492852455456,"[0.9972188043033049, 0.9954399154903562, 0.7494891359429763]",610,654,7729856,ffb0266c7913352c,staged_polynomial_basis_with_constant,"[[""u2"",""u3"",""u2*u3""],[""u1"",""u2""],[""1"",""u3"",""u1*u3""]]","[[""u2"",""u3"",""u2*u3""],[""u1"",""u2""],[""1"",""u3"",""u1*u3""]]","[[{""term"":""u2"",""term_index"":3,""coefficient"":-4.845630156592909},{""term"":""u3"",""term_index"":4,""coefficient"":-9.05037546563229},{""term"":""u2*u3"",""term_index"":10,""coefficient"":0.7548825193037627}],[{""term"":""u1"",""term_index"":2,""coefficient"":5.043505235705896},{""term"":""u2"",""term_index"":3,""coefficient"":0.640503586986674}],[{""term"":""1"",""term_index"":1,""coefficient"":0.5555971701144987},{""term"":""u3"",""term_index"":4,""coefficient"":-10.0},{""term"":""u1*u3"",""term_index"":9,""coefficient"":2.580267668435668}]]",capped,False,3,30,30,"[2,2,0]","[5,5,3]","[null,null,3]","[""Success"",""Unstable"",""MaxIters""]","[""Success"",""Failure"",""MaxLossEvals""]",252468,344968,0,252468,92454,517,303,0.9333333333333332,0.9333333333333332,0.875,0.8888888888888888,1.0,1.0,0.3868756265911878,0.8100750931264582,7,3,8,7,7,0,1,0.9333333333333332,0.875,1.0
688_evogrow_v2_2_stage_local_58_1_123,paper1_phaseC_v1,C,,campaign_cell,,58,Rössler attractor (periodic),3,exact,3.0,evogrow_v2_2_stage_local,evogrow_v2_2_stage_local,123,finished,finished,True,,,2026-09-18T13:45:38.001Z,0.0953141607586669,,False,False,False,pruned_support_terms_exact_match,5,2.0,7.0,7621689,,463628.591222965,False,True,False,688,1,0c9672de35c75a9d,221a3a7,False,0.9140492852455456,"[0.9972188043033049, 0.9954399154903562, 0.7494891359429763]",610,658,7621689,ffb0266c7913352c,staged_polynomial_basis_with_constant,"[[""u2"",""u3"",""u2*u3""],[""u1"",""u2""],[""1"",""u3"",""u1*u3""]]","[[""u2"",""u3"",""u2*u3""],[""u1"",""u2""],[""1"",""u3"",""u1*u3""]]","[[{""term"":""u2"",""term_index"":3,""coefficient"":-4.845630156592909},{""term"":""u3"",""term_index"":4,""coefficient"":-9.05037546563229},{""term"":""u2*u3"",""term_index"":10,""coefficient"":0.7548825193037627}],[{""term"":""u1"",""term_index"":2,""coefficient"":5.043505235705896},{""term"":""u2"",""term_index"":3,""coefficient"":0.640503586986674}],[{""term"":""1"",""term_index"":1,""coefficient"":0.5555971701144987},{""term"":""u3"",""term_index"":4,""coefficient"":-10.0},{""term"":""u1*u3"",""term_index"":9,""coefficient"":2.580267668435668}]]",uncapped,False,3,30,30,,,,"[""Success"",""Unstable"",""MaxIters""]","[""Success"",""Failure"",""MaxLossEvals""]",242008,319978,0,242008,77648,519,296,0.9333333333333332,0.9333333333333332,0.875,0.8888888888888888,1.0,1.0,0.3868756265911878,0.8100750931264582,7,3,8,7,7,0,1,0.9333333333333332,0.875,1.0
689_evogrow_v2_2_stage_capped_58_1_7,paper1_phaseC_v1,C,,campaign_cell,,58,Rössler attractor (periodic),3,exact,3.0,evogrow_v2_2_stage_capped,evogrow_v2_2_stage_capped,7,finished,finished,True,,,2026-09-18T18:49:22.317Z,0.5843334396317487,,False,False,False,pruned_support_terms_exact_match,4,1.0,7.0,8250569,,195861.403445302,False,True,False,689,1,0c9672de35c75a9d,221a3a7,False,0.5540713410496682,"[0.9791608750511998, 0.9695027233046875, -0.28644957520688274]",610,677,8250569,ffb0266c7913352c,staged_polynomial_basis_with_constant,"[[""u1"",""u2"",""u3""],[""u1""],[""1"",""u2*u3""]]","[[""u1"",""u2"",""u3""],[""u1""],[""1"",""u2*u3""]]","[[{""term"":""u1"",""term_index"":2,""coefficient"":0.07659703704344796},{""term"":""u2"",""term_index"":3,""coefficient"":-5.286434736192717},{""term"":""u3"",""term_index"":4,""coefficient"":8.79497978778022}],[{""term"":""u1"",""term_index"":2,""coefficient"":4.932592987825851}],[{""term"":""1"",""term_index"":1,""coefficient"":-0.006913686544069545},{""term"":""u2*u3"",""term_index"":10,""coefficient"":-1.3324390235548191}]]",capped,False,3,30,30,"[1,1,0]","[4,4,3]","[null,null,3]","[""Success"",""MaxIters"",""Unstable""]","[""Success"",""Failure"",""MaxLossEvals""]",247089,291221,0,247089,44132,547,336,0.6153846153846153,0.6222222222222222,0.6666666666666666,0.7222222222222222,0.5714285714285714,0.611111111111111,0.9766682848247836,2.758995957556044,7,3,6,7,4,3,2,0.6153846153846153,0.6666666666666666,0.5714285714285714
690_evogrow_v2_2_stage_local_58_1_7,paper1_phaseC_v1,C,,campaign_cell,,58,Rössler attractor (periodic),3,exact,3.0,evogrow_v2_2_stage_local,evogrow_v2_2_stage_local,7,finished,finished,True,,,2026-09-18T19:46:16.199Z,0.7825581656426827,,False,False,False,pruned_support_terms_exact_match,5,2.0,7.0,8234565,,144826.679089031,False,True,False,690,1,0c9672de35c75a9d,221a3a7,False,0.5968118405085597,"[0.9637542039535164, 0.9522779204201338, -0.12559660284797114]",610,692,8234565,ffb0266c7913352c,staged_polynomial_basis_with_constant,"[[""u1"",""u2"",""u3""],[""u1""],[""1"",""u3^2"",""u2^3""]]","[[""u1"",""u2"",""u3""],[""u1""],[""1"",""u3^2"",""u2^3""]]","[[{""term"":""u1"",""term_index"":2,""coefficient"":0.5540402099196439},{""term"":""u2"",""term_index"":3,""coefficient"":-4.799876029925108},{""term"":""u3"",""term_index"":4,""coefficient"":-2.5049643578543326}],[{""term"":""u1"",""term_index"":2,""coefficient"":5.344103468969122}],[{""term"":""1"",""term_index"":1,""coefficient"":-0.25416936002114815},{""term"":""u3^2"",""term_index"":7,""coefficient"":0.006304227361787768},{""term"":""u2^3"",""term_index"":12,""coefficient"":-0.020475939596403966}]]",uncapped,False,3,30,30,,,,"[""Success"",""MaxIters"",""Unstable""]","[""Success"",""Failure"",""MaxLossEvals""]",250303,280621,0,250303,30318,543,333,0.5714285714285714,0.6,0.5714285714285714,0.6666666666666666,0.5714285714285714,0.611111111111111,0.694574568037012,1.254169360021148,7,3,7,7,4,3,3,0.5714285714285714,0.5714285714285714,0.5714285714285714
691_evogrow_v2_2_stage_capped_58_2_42,paper1_phaseC_v1,C,,campaign_cell,,58,Rössler attractor (periodic),3,exact,3.0,evogrow_v2_2_stage_capped,evogrow_v2_2_stage_capped,42,finished,finished,True,,,2026-09-18T19:59:18.391Z,0.556793652598398,,False,False,False,pruned_support_terms_exact_match,5,2.0,9.0,6824813,,363941.591837909,False,True,False,691,2,0c9672de35c75a9d,221a3a7,False,0.5964257184611809,"[0.9824576567296012, 0.9864419662134803, -0.1796224675595388]",610,711,6824813,ffb0266c7913352c,staged_polynomial_basis_with_constant,"[[""1"",""u1"",""u2"",""u3"",""sin(u2)""],[""1"",""u1"",""u2"",""u3""],[""u1"",""u2"",""u3^2""]]","[[""1"",""u1"",""u2"",""u3"",""sin(u2)""],[""1"",""u1"",""u2"",""u3""],[""u1"",""u2"",""u3^2""]]","[[{""term"":""1"",""term_index"":1,""coefficient"":-2.5388299721014564},{""term"":""u1"",""term_index"":2,""coefficient"":-0.5233742481260274},{""term"":""u2"",""term_index"":3,""coefficient"":-5.099085224854506},{""term"":""u3"",""term_index"":4,""coefficient"":2.9025615446978636},{""term"":""sin(u2)"",""term_index"":16,""coefficient"":-3.2939721913620685}],[{""term"":""1"",""term_index"":1,""coefficient"":-0.143389085755402},{""term"":""u1"",""term_index"":2,""coefficient"":5.228450851667488},{""term"":""u2"",""term_index"":3,""coefficient"":0.5274908981257103},{""term"":""u3"",""term_index"":4,""coefficient"":-6.965454342776414}],[{""term"":""u1"",""term_index"":2,""coefficient"":-0.03706300549978722},{""term"":""u2"",""term_index"":3,""coefficient"":-0.03438421762796546},{""term"":""u3^2"",""term_index"":7,""coefficient"":4.2005162966021805}]]",capped,False,3,30,30,"[2,2,0]","[5,5,3]","[null,null,3]","[""Success"",""Unstable"",""MaxIters""]","[""Failure"",""Success"",""MaxLossEvals""]",271414,328750,0,271414,57336,477,246,0.4210526315789474,0.4126984126984127,0.3333333333333333,0.3,0.5714285714285714,0.6666666666666666,0.6715716172136273,1.5805123089395727,7,3,12,7,4,3,8,0.4210526315789474,0.3333333333333333,0.5714285714285714
692_evogrow_v2_2_stage_local_58_2_42,paper1_phaseC_v1,C,,campaign_cell,,58,Rössler attractor (periodic),3,exact,3.0,evogrow_v2_2_stage_local,evogrow_v2_2_stage_local,42,finished,finished,True,,,2026-09-18T22:23:32.173Z,0.617140699024972,,False,False,False,pruned_support_terms_exact_match,5,2.0,9.0,6830124,,265707.314304015,False,True,False,692,2,0c9672de35c75a9d,221a3a7,False,0.5730258515840403,"[0.9818696027843462, 0.9818512501538235, -0.2446432981860489]",610,706,6830124,ffb0266c7913352c,staged_polynomial_basis_with_constant,"[[""1"",""u1"",""u2"",""u3""],[""1"",""u1"",""u2"",""u3"",""cos(u3)""],[""u1"",""u2"",""u3^2""]]","[[""1"",""u1"",""u2"",""u3""],[""1"",""u1"",""u2"",""u3"",""cos(u3)""],[""u1"",""u2"",""u3^2""]]","[[{""term"":""1"",""term_index"":1,""coefficient"":-2.8192869410586967},{""term"":""u1"",""term_index"":2,""coefficient"":-0.24273031987036486},{""term"":""u2"",""term_index"":3,""coefficient"":-5.649565970248717},{""term"":""u3"",""term_index"":4,""coefficient"":-10.0}],[{""term"":""1"",""term_index"":1,""coefficient"":8.528234236100056},{""term"":""u1"",""term_index"":2,""coefficient"":4.878244469459037},{""term"":""u2"",""term_index"":3,""coefficient"":0.316689231099313},{""term"":""u3"",""term_index"":4,""coefficient"":-3.0268280966680563},{""term"":""cos(u3)"",""term_index"":19,""coefficient"":-9.997286165817473}],[{""term"":""u1"",""term_index"":2,""coefficient"":-0.08292075279539203},{""term"":""u2"",""term_index"":3,""coefficient"":-0.027148166897535884},{""term"":""u3^2"",""term_index"":7,""coefficient"":4.285603375626427}]]",uncapped,False,3,30,30,,,,"[""Success"",""Unstable"",""MaxIters""]","[""Failure"",""Success"",""MaxLossEvals""]",270084,313207,0,270084,43123,473,250,0.4210526315789474,0.4126984126984127,0.3333333333333333,0.3,0.5714285714285714,0.6666666666666666,0.6458408339941871,1.0,7,3,12,7,4,3,8,0.4210526315789474,0.3333333333333333,0.5714285714285714
693_evogrow_v2_2_stage_capped_58_2_123,paper1_phaseC_v1,C,,campaign_cell,,58,Rössler attractor (periodic),3,exact,3.0,evogrow_v2_2_stage_capped,evogrow_v2_2_stage_capped,123,finished,finished,True,,,2026-09-18T22:50:11.772Z,0.1934576977131872,,False,False,False,pruned_support_terms_exact_match,3,0.0,0.0,6958199,,175613.263613397,False,True,False,693,2,0c9672de35c75a9d,221a3a7,False,0.8347220325611787,"[0.9958317143328094, 0.9954201626689653, 0.5129142206817615]",610,696,6958199,ffb0266c7913352c,staged_polynomial_basis_with_constant,"[[""1"",""u1"",""u2"",""u3"",""u1*u3""],[""1"",""u1""],[""1"",""u1"",""u2"",""u3"",""u3^2""]]","[[""1"",""u1"",""u2"",""u3"",""u1*u3""],[""1"",""u1""],[""1"",""u1"",""u2"",""u3"",""u3^2""]]","[[{""term"":""1"",""term_index"":1,""coefficient"":2.694341266388348},{""term"":""u1"",""term_index"":2,""coefficient"":1.1077247318642838},{""term"":""u2"",""term_index"":3,""coefficient"":-5.156079116145363},{""term"":""u3"",""term_index"":4,""coefficient"":-6.174565963399547},{""term"":""u1*u3"",""term_index"":9,""coefficient"":-1.5613001552774672}],[{""term"":""1"",""term_index"":1,""coefficient"":-0.19843391454049092},{""term"":""u1"",""term_index"":2,""coefficient"":4.897737451673427}],[{""term"":""1"",""term_index"":1,""coefficient"":0.9155945116140796},{""term"":""u1"",""term_index"":2,""coefficient"":0.4862568125610078},{""term"":""u2"",""term_index"":3,""coefficient"":-0.35045126809874166},{""term"":""u3"",""term_index"":4,""coefficient"":-10.0},{""term"":""u3^2"",""term_index"":7,""coefficient"":7.401901772965416}]]",capped,False,3,30,30,"[0,0,0]","[3,3,3]","[null,null,3]","[""Success"",""Unstable"",""MaxIters""]","[""Success"",""Failure"",""MaxLossEvals""]",334933,364305,0,334933,29372,491,243,0.5263157894736842,0.5238095238095238,0.4166666666666667,0.4333333333333333,0.7142857142857143,0.7222222222222222,0.43144426013968,1.0,7,3,12,7,5,2,7,0.5263157894736842,0.4166666666666667,0.7142857142857143
694_evogrow_v2_2_stage_local_58_2_123,paper1_phaseC_v1,C,,campaign_cell,,58,Rössler attractor (periodic),3,exact,3.0,evogrow_v2_2_stage_local,evogrow_v2_2_stage_local,123,finished,finished,True,,,2026-09-18T23:41:18.929Z,0.1934576977131872,,False,False,False,pruned_support_terms_exact_match,3,0.0,0.0,6958199,,209920.658892086,False,True,False,694,2,0c9672de35c75a9d,221a3a7,False,0.8347220325611787,"[0.9958317143328094, 0.9954201626689653, 0.5129142206817615]",610,696,6958199,ffb0266c7913352c,staged_polynomial_basis_with_constant,"[[""1"",""u1"",""u2"",""u3"",""u1*u3""],[""1"",""u1""],[""1"",""u1"",""u2"",""u3"",""u3^2""]]","[[""1"",""u1"",""u2"",""u3"",""u1*u3""],[""1"",""u1""],[""1"",""u1"",""u2"",""u3"",""u3^2""]]","[[{""term"":""1"",""term_index"":1,""coefficient"":2.694341266388348},{""term"":""u1"",""term_index"":2,""coefficient"":1.1077247318642838},{""term"":""u2"",""term_index"":3,""coefficient"":-5.156079116145363},{""term"":""u3"",""term_index"":4,""coefficient"":-6.174565963399547},{""term"":""u1*u3"",""term_index"":9,""coefficient"":-1.5613001552774672}],[{""term"":""1"",""term_index"":1,""coefficient"":-0.19843391454049092},{""term"":""u1"",""term_index"":2,""coefficient"":4.897737451673427}],[{""term"":""1"",""term_index"":1,""coefficient"":0.9155945116140796},{""term"":""u1"",""term_index"":2,""coefficient"":0.4862568125610078},{""term"":""u2"",""term_index"":3,""coefficient"":-0.35045126809874166},{""term"":""u3"",""term_index"":4,""coefficient"":-10.0},{""term"":""u3^2"",""term_index"":7,""coefficient"":7.401901772965416}]]",uncapped,False,3,30,30,,,,"[""Success"",""Unstable"",""MaxIters""]","[""Success"",""Failure"",""MaxLossEvals""]",334933,364305,0,334933,29372,491,243,0.5263157894736842,0.5238095238095238,0.4166666666666667,0.4333333333333333,0.7142857142857143,0.7222222222222222,0.43144426013968,1.0,7,3,12,7,5,2,7,0.5263157894736842,0.4166666666666667,0.7142857142857143
695_evogrow_v2_2_stage_capped_58_2_7,paper1_phaseC_v1,C,,campaign_cell,,58,Rössler attractor (periodic),3,exact,3.0,evogrow_v2_2_stage_capped,evogrow_v2_2_stage_capped,7,finished,finished,True,,,2026-09-19T00:43:29.230Z,2.501761451085997,,False,False,False,pruned_support_terms_exact_match,5,2.0,8.0,4120170,,209004.533925843,False,True,False,695,2,0c9672de35c75a9d,221a3a7,False,-0.1415665219833575,"[0.8836763520671695, 0.9207416035502601, -2.229117521567502]",510,629,4120170,ffb0266c7913352c,staged_polynomial_basis_with_constant,"[[""u3"",""u2^2"",""u2*u3""],[""u1"",""u2"",""u1*u3""],[""u1"",""u3"",""u1*u3""]]","[[""u3"",""u2^2"",""u2*u3""],[""u1"",""u2"",""u1*u3""],[""u3"",""u1*u3""]]","[[{""term"":""u3"",""term_index"":4,""coefficient"":9.21629615876509},{""term"":""u2^2"",""term_index"":6,""coefficient"":0.3471638385227332},{""term"":""u2*u3"",""term_index"":10,""coefficient"":2.883899757405674}],[{""term"":""u1"",""term_index"":2,""coefficient"":10.0},{""term"":""u2"",""term_index"":3,""coefficient"":0.21071890359464931},{""term"":""u1*u3"",""term_index"":9,""coefficient"":9.998502196006731}],[{""term"":""u1"",""term_index"":2,""coefficient"":0.0005381690181827195},{""term"":""u3"",""term_index"":4,""coefficient"":-0.2052224117388303},{""term"":""u1*u3"",""term_index"":9,""coefficient"":3.353421967580191}]]",capped,False,3,30,25,"[2,2,0]","[5,5,3]","[null,null,3]","[""Success"",""Unstable"",""MaxIters""]","[""Success"",""MaxLossEvals"",""Failure""]",171124,213246,0,171124,42122,328,139,0.6250000000000001,0.6222222222222222,0.5555555555555556,0.5555555555555555,0.7142857142857143,0.7222222222222222,1.1062766063815543,2.843259231753018,7,3,9,7,5,2,4,0.6250000000000001,0.5555555555555556,0.7142857142857143
696_evogrow_v2_2_stage_local_58_2_7,paper1_phaseC_v1,C,,campaign_cell,,58,Rössler attractor (periodic),3,exact,3.0,evogrow_v2_2_stage_local,evogrow_v2_2_stage_local,7,finished,finished,True,,,2026-09-19T05:21:31.270Z,2.255097105669849,,False,False,False,pruned_support_terms_exact_match,5,2.0,13.0,5215851,,391965.070032467,False,True,False,696,2,0c9672de35c75a9d,221a3a7,False,-0.2726002389954482,"[0.9014832519306821, 0.9428150248746753, -2.662098993791702]",610,799,5215851,ffb0266c7913352c,staged_polynomial_basis_with_constant,"[[""u3"",""u2^2"",""u3^3"",""sin(u2)""],[""u1"",""u2"",""u1*u3"",""u2^3""],[""u1"",""u3"",""u1*u3""]]","[[""u3"",""u2^2"",""u3^3"",""sin(u2)""],[""u1"",""u2"",""u1*u3"",""u2^3""],[""u1"",""u3"",""u1*u3""]]","[[{""term"":""u3"",""term_index"":4,""coefficient"":7.106330129248412},{""term"":""u2^2"",""term_index"":6,""coefficient"":-0.06815833679237704},{""term"":""u3^3"",""term_index"":13,""coefficient"":7.154211243123268},{""term"":""sin(u2)"",""term_index"":16,""coefficient"":-9.490188069702878}],[{""term"":""u1"",""term_index"":2,""coefficient"":5.4919325810964565},{""term"":""u2"",""term_index"":3,""coefficient"":8.133513706291383},{""term"":""u1*u3"",""term_index"":9,""coefficient"":1.3244740200647924},{""term"":""u2^3"",""term_index"":12,""coefficient"":-0.25908726351891637}],[{""term"":""u1"",""term_index"":2,""coefficient"":-1.4349186433701202},{""term"":""u3"",""term_index"":4,""coefficient"":0.1445222738317231},{""term"":""u1*u3"",""term_index"":9,""coefficient"":0.6858308497623099}]]",uncapped,False,3,30,30,,,,"[""Success"",""Unstable"",""MaxIters""]","[""Success"",""MaxLossEvals"",""Failure""]",222671,285087,0,222671,62416,403,169,0.5555555555555556,0.5555555555555555,0.4545454545454545,0.4722222222222221,0.7142857142857143,0.7222222222222222,3.09351210595369,15.267027412582769,7,3,11,7,5,2,6,0.5555555555555556,0.4545454545454545,0.7142857142857143
697_evogrow_v2_2_stage_capped_59_1_42,paper1_phaseC_v1,C,,campaign_cell,,59,Rössler attractor (chaotic),3,exact,3.0,evogrow_v2_2_stage_capped,evogrow_v2_2_stage_capped,42,finished,finished,True,,,2026-09-19T11:18:08.302Z,5.173759934448978,,False,False,False,pruned_support_terms_exact_match,5,2.0,8.0,6236128,,432634.387623246,False,True,False,697,1,0c9672de35c75a9d,221a3a7,False,0.4995642862511405,"[0.839423044287626, 0.7839484311938052, -0.12467861672800962]",510,603,6236128,ffb0266c7913352c,staged_polynomial_basis_with_constant,"[[""u2"",""u2*u3""],[""u1"",""u1^2"",""u2*u3""],[""u1"",""u1^2"",""u1*u3""]]","[[""u2"",""u2*u3""],[""u1"",""u1^2"",""u2*u3""],[""u1"",""u1*u3""]]","[[{""term"":""u2"",""term_index"":3,""coefficient"":-7.702353888124232},{""term"":""u2*u3"",""term_index"":10,""coefficient"":1.5413929217194613}],[{""term"":""u1"",""term_index"":2,""coefficient"":3.782899816261491},{""term"":""u1^2"",""term_index"":5,""coefficient"":0.0972643556512478},{""term"":""u2*u3"",""term_index"":10,""coefficient"":1.5126737309569842}],[{""term"":""u1"",""term_index"":2,""coefficient"":-0.9532758384310476},{""term"":""u1^2"",""term_index"":5,""coefficient"":-0.00020492593650938402},{""term"":""u1*u3"",""term_index"":9,""coefficient"":2.5959278606859106}]]",capped,False,3,30,25,"[2,2,0]","[5,5,3]","[null,null,3]","[""Success"",""Unstable"",""MaxIters""]","[""Success"",""Failure"",""MaxLossEvals""]",276043,352925,0,276043,76882,426,251,0.3999999999999999,0.4111111111111111,0.375,0.3888888888888888,0.4285714285714285,0.4444444444444444,0.7521007488907666,1.0,7,3,8,7,3,4,5,0.3999999999999999,0.375,0.4285714285714285
698_evogrow_v2_2_stage_local_59_1_42,paper1_phaseC_v1,C,,campaign_cell,,59,Rössler attractor (chaotic),3,exact,3.0,evogrow_v2_2_stage_local,evogrow_v2_2_stage_local,42,finished,finished,True,,,2026-09-19T17:51:41.587Z,4.722647652704556,,False,False,False,pruned_support_terms_exact_match,5,2.0,11.0,7157924,,342369.161265383,False,True,False,698,1,0c9672de35c75a9d,221a3a7,False,0.5367177286155398,"[0.8642467289188444, 0.7995702323353835, -0.05366377540760858]",570,670,7157924,ffb0266c7913352c,staged_polynomial_basis_with_constant,"[[""u2"",""cos(u1)"",""sin(u3)""],[""u1"",""u2*u3""],[""u1"",""cos(u3)""]]","[[""u2"",""cos(u1)"",""sin(u3)""],[""u1"",""u2*u3""],[""u1"",""cos(u3)""]]","[[{""term"":""u2"",""term_index"":3,""coefficient"":-6.3757134454920354},{""term"":""cos(u1)"",""term_index"":15,""coefficient"":4.960375452069574},{""term"":""sin(u3)"",""term_index"":18,""coefficient"":3.689007745437081}],[{""term"":""u1"",""term_index"":2,""coefficient"":5.1093205135666055},{""term"":""u2*u3"",""term_index"":10,""coefficient"":-0.9690471343540186}],[{""term"":""u1"",""term_index"":2,""coefficient"":1.2345728472705062},{""term"":""cos(u3)"",""term_index"":19,""coefficient"":-2.238705564842949}]]",uncapped,False,3,30,28,,,,"[""Success"",""Unstable"",""MaxIters""]","[""Success"",""Failure"",""MaxLossEvals""]",335443,399403,0,335443,63960,488,290,0.2857142857142857,0.3,0.2857142857142857,0.2777777777777777,0.2857142857142857,0.3333333333333333,0.756715255973104,1.0,7,3,7,7,2,5,5,0.2857142857142857,0.2857142857142857,0.2857142857142857
699_evogrow_v2_2_stage_capped_59_1_123,paper1_phaseC_v1,C,,campaign_cell,,59,Rössler attractor (chaotic),3,exact,3.0,evogrow_v2_2_stage_capped,evogrow_v2_2_stage_capped,123,finished,finished,True,,,2026-09-19T18:27:01.057Z,2.86353924724898,,False,False,False,pruned_support_terms_exact_match,4,1.0,2.0,8385468,,651786.934284018,False,True,False,699,1,0c9672de35c75a9d,221a3a7,False,0.6790040537783905,"[0.9059569060056027, 0.9475698928441036, 0.18348536248546488]",610,666,8385468,ffb0266c7913352c,staged_polynomial_basis_with_constant,"[[""1"",""u1"",""u2"",""u3""],[""1"",""u1"",""u2"",""u3"",""u1*u3"",""u2*u3""],[""1"",""u3^2"",""u1*u2""]]","[[""1"",""u1"",""u2"",""u3""],[""1"",""u1"",""u2"",""u3"",""u1*u3"",""u2*u3""],[""1"",""u3^2"",""u1*u2""]]","[[{""term"":""1"",""term_index"":1,""coefficient"":3.4546762033814784},{""term"":""u1"",""term_index"":2,""coefficient"":-0.08763294344996964},{""term"":""u2"",""term_index"":3,""coefficient"":-4.587676943647014},{""term"":""u3"",""term_index"":4,""coefficient"":-9.991880685055147}],[{""term"":""1"",""term_index"":1,""coefficient"":1.6833682242349288},{""term"":""u1"",""term_index"":2,""coefficient"":5.604952842682589},{""term"":""u2"",""term_index"":3,""coefficient"":0.4750531465429454},{""term"":""u3"",""term_index"":4,""coefficient"":-0.2919311342400457},{""term"":""u1*u3"",""term_index"":9,""coefficient"":-0.4854135917953567},{""term"":""u2*u3"",""term_index"":10,""coefficient"":-0.9070298782027472}],[{""term"":""1"",""term_index"":1,""coefficient"":-0.32632454031997904},{""term"":""u3^2"",""term_index"":7,""coefficient"":-0.632994593808683},{""term"":""u1*u2"",""term_index"":8,""coefficient"":-0.5166996251386395}]]",capped,False,3,30,30,"[1,1,0]","[4,4,3]","[null,null,3]","[""Success"",""Unstable"",""MaxIters""]","[""Success"",""MaxLossEvals"",""Failure""]",344250,433764,0,344250,89514,517,321,0.5,0.5,0.3846153846153846,0.3888888888888888,0.7142857142857143,0.7777777777777778,0.7218718157993111,1.326324540319979,7,3,13,7,5,2,8,0.5,0.3846153846153846,0.7142857142857143
700_evogrow_v2_2_stage_local_59_1_123,paper1_phaseC_v1,C,,campaign_cell,,59,Rössler attractor (chaotic),3,exact,3.0,evogrow_v2_2_stage_local,evogrow_v2_2_stage_local,123,finished,finished,True,,,2026-09-19T22:02:59.116Z,2.86353924724898,,False,False,False,pruned_support_terms_exact_match,4,1.0,2.0,8417041,,614433.326172428,False,True,False,700,1,0c9672de35c75a9d,221a3a7,False,0.6790040537783905,"[0.9059569060056027, 0.9475698928441036, 0.18348536248546488]",610,686,8417041,ffb0266c7913352c,staged_polynomial_basis_with_constant,"[[""1"",""u1"",""u2"",""u3""],[""1"",""u1"",""u2"",""u3"",""u1*u3"",""u2*u3""],[""1"",""u3^2"",""u1*u2""]]","[[""1"",""u1"",""u2"",""u3""],[""1"",""u1"",""u2"",""u3"",""u1*u3"",""u2*u3""],[""1"",""u3^2"",""u1*u2""]]","[[{""term"":""1"",""term_index"":1,""coefficient"":3.4546762033814784},{""term"":""u1"",""term_index"":2,""coefficient"":-0.08763294344996964},{""term"":""u2"",""term_index"":3,""coefficient"":-4.587676943647014},{""term"":""u3"",""term_index"":4,""coefficient"":-9.991880685055147}],[{""term"":""1"",""term_index"":1,""coefficient"":1.6833682242349288},{""term"":""u1"",""term_index"":2,""coefficient"":5.604952842682589},{""term"":""u2"",""term_index"":3,""coefficient"":0.4750531465429454},{""term"":""u3"",""term_index"":4,""coefficient"":-0.2919311342400457},{""term"":""u1*u3"",""term_index"":9,""coefficient"":-0.4854135917953567},{""term"":""u2*u3"",""term_index"":10,""coefficient"":-0.9070298782027472}],[{""term"":""1"",""term_index"":1,""coefficient"":-0.32632454031997904},{""term"":""u3^2"",""term_index"":7,""coefficient"":-0.632994593808683},{""term"":""u1*u2"",""term_index"":8,""coefficient"":-0.5166996251386395}]]",uncapped,False,3,30,30,,,,"[""Success"",""Unstable"",""MaxIters""]","[""Success"",""MaxLossEvals"",""Failure""]",345746,427787,0,345746,82041,515,326,0.5,0.5,0.3846153846153846,0.3888888888888888,0.7142857142857143,0.7777777777777778,0.7218718157993111,1.326324540319979,7,3,13,7,5,2,8,0.5,0.3846153846153846,0.7142857142857143
701_evogrow_v2_2_stage_capped_59_1_7,paper1_phaseC_v1,C,,campaign_cell,,59,Rössler attractor (chaotic),3,exact,3.0,evogrow_v2_2_stage_capped,evogrow_v2_2_stage_capped,7,finished,finished,True,,,2026-09-19T23:10:27.484Z,4.3553206256076,,False,False,False,pruned_support_terms_exact_match,5,2.0,12.0,6988550,,486800.672840455,False,True,False,701,1,0c9672de35c75a9d,221a3a7,False,0.5895094733030457,"[0.8739686545148462, 0.7927682243473533, 0.10179154104693766]",550,635,6988550,ffb0266c7913352c,staged_polynomial_basis_with_constant,"[[""1"",""u1"",""u2"",""u3"",""u1^3""],[""u1"",""u2"",""u3"",""u2*u3""],[""u2"",""u1^2""]]","[[""1"",""u1"",""u2"",""u3"",""u1^3""],[""u1"",""u2"",""u3"",""u2*u3""],[""u2"",""u1^2""]]","[[{""term"":""1"",""term_index"":1,""coefficient"":2.9476620412383787},{""term"":""u1"",""term_index"":2,""coefficient"":-2.0571758385166676},{""term"":""u2"",""term_index"":3,""coefficient"":-6.7521020952707955},{""term"":""u3"",""term_index"":4,""coefficient"":4.387035650962724},{""term"":""u1^3"",""term_index"":11,""coefficient"":-0.007210619623528071}],[{""term"":""u1"",""term_index"":2,""coefficient"":7.144855947020812},{""term"":""u2"",""term_index"":3,""coefficient"":2.4322462436107073},{""term"":""u3"",""term_index"":4,""coefficient"":-9.945799285765283},{""term"":""u2*u3"",""term_index"":10,""coefficient"":-1.847138708253529}],[{""term"":""u2"",""term_index"":3,""coefficient"":-1.2527725959700606},{""term"":""u1^2"",""term_index"":5,""coefficient"":0.02555869457016397}]]",capped,False,3,30,27,"[2,2,0]","[5,5,3]","[null,null,3]","[""Success"",""Unstable"",""MaxIters""]","[""Failure"",""Success"",""MaxLossEvals""]",248685,311656,0,248685,62971,459,273,0.4444444444444444,0.4126984126984127,0.3636363636363636,0.3,0.5714285714285714,0.6666666666666666,1.0127207117516532,1.8774071301925448,7,3,11,7,4,3,7,0.4444444444444444,0.3636363636363636,0.5714285714285714
702_evogrow_v2_2_stage_local_59_1_7,paper1_phaseC_v1,C,,campaign_cell,,59,Rössler attractor (chaotic),3,exact,3.0,evogrow_v2_2_stage_local,evogrow_v2_2_stage_local,7,finished,finished,True,,,2026-09-20T00:41:26.745Z,4.723737905092926,,False,False,False,pruned_support_terms_exact_match,5,2.0,15.0,7917499,,619495.248437133,False,True,False,702,1,0c9672de35c75a9d,221a3a7,False,0.5675853319224767,"[0.8335075056972079, 0.7911210539877054, 0.07812743608251682]",610,746,7917499,ffb0266c7913352c,staged_polynomial_basis_with_constant,"[[""1"",""u1"",""u2"",""u3"",""sin(u2)"",""cos(u3)""],[""u1"",""u2"",""u3"",""u2^3"",""cos(u1)""],[""u2"",""u1^2""]]","[[""1"",""u1"",""u2"",""u3"",""sin(u2)"",""cos(u3)""],[""u1"",""u2"",""u3"",""u2^3"",""cos(u1)""],[""u2"",""u1^2""]]","[[{""term"":""1"",""term_index"":1,""coefficient"":-4.741110628156999},{""term"":""u1"",""term_index"":2,""coefficient"":-2.2277272859033004},{""term"":""u2"",""term_index"":3,""coefficient"":-5.7781048656301515},{""term"":""u3"",""term_index"":4,""coefficient"":5.903776480968422},{""term"":""sin(u2)"",""term_index"":16,""coefficient"":9.828282992234898},{""term"":""cos(u3)"",""term_index"":19,""coefficient"":-3.6448714055922324}],[{""term"":""u1"",""term_index"":2,""coefficient"":4.708645107695005},{""term"":""u2"",""term_index"":3,""coefficient"":1.4031990675506099},{""term"":""u3"",""term_index"":4,""coefficient"":-0.6803483184144835},{""term"":""u2^3"",""term_index"":12,""coefficient"":-0.013987136891641563},{""term"":""cos(u1)"",""term_index"":15,""coefficient"":-0.8718221788881269}],[{""term"":""u2"",""term_index"":3,""coefficient"":-1.0147106758682556},{""term"":""u1^2"",""term_index"":5,""coefficient"":-0.024559506454126235}]]",uncapped,False,3,30,30,,,,"[""Success"",""Unstable"",""MaxIters""]","[""Failure"",""Success"",""MaxLossEvals""]",297840,372765,0,297840,74925,523,304,0.4,0.3571428571428572,0.3076923076923077,0.2444444444444444,0.5714285714285714,0.6666666666666666,0.8282637593330462,2.180755296193684,7,3,13,7,4,3,9,0.4,0.3076923076923077,0.5714285714285714
703_evogrow_v2_2_stage_capped_59_2_42,paper1_phaseC_v1,C,,campaign_cell,,59,Rössler attractor (chaotic),3,exact,3.0,evogrow_v2_2_stage_capped,evogrow_v2_2_stage_capped,42,finished,finished,True,,,2026-09-20T00:51:01.269Z,2.42611810938518,,False,False,False,pruned_support_terms_exact_match,5,2.0,11.0,5974330,,123746.313977136,False,True,False,703,2,0c9672de35c75a9d,221a3a7,False,0.7615550826939429,"[0.9340635265176742, 0.904904010925844, 0.44569771063831054]",610,692,5974330,ffb0266c7913352c,staged_polynomial_basis_with_constant,"[[""1"",""u1"",""u2"",""u3""],[""u1"",""u2""],[""1"",""u3"",""u1*u3""]]","[[""1"",""u1"",""u2"",""u3""],[""u1"",""u2""],[""1"",""u3"",""u1*u3""]]","[[{""term"":""1"",""term_index"":1,""coefficient"":0.26400194825177925},{""term"":""u1"",""term_index"":2,""coefficient"":-0.8821522493058124},{""term"":""u2"",""term_index"":3,""coefficient"":-5.441141365391154},{""term"":""u3"",""term_index"":4,""coefficient"":-4.360934618472504}],[{""term"":""u1"",""term_index"":2,""coefficient"":4.9393364477963715},{""term"":""u2"",""term_index"":3,""coefficient"":1.8826919224860441}],[{""term"":""1"",""term_index"":1,""coefficient"":2.154853007281829},{""term"":""u3"",""term_index"":4,""coefficient"":-10.0},{""term"":""u1*u3"",""term_index"":9,""coefficient"":2.277931679825929}]]",capped,False,3,30,30,"[2,2,0]","[5,5,3]","[null,null,3]","[""Success"",""Unstable"",""MaxIters""]","[""Success"",""Failure"",""MaxLossEvals""]",174681,195930,0,174681,21249,445,182,0.8750000000000001,0.8888888888888888,0.7777777777777778,0.8333333333333334,1.0,1.0,0.4941793515206695,1.154853007281829,7,3,9,7,7,0,2,0.8750000000000001,0.7777777777777778,1.0
704_evogrow_v2_2_stage_local_59_2_42,paper1_phaseC_v1,C,,campaign_cell,,59,Rössler attractor (chaotic),3,exact,3.0,evogrow_v2_2_stage_local,evogrow_v2_2_stage_local,42,finished,finished,True,,,2026-09-20T03:11:05.469Z,3.061876082743104,,False,False,False,pruned_support_terms_exact_match,5,2.0,11.0,5846435,,115013.978858047,False,True,False,704,2,0c9672de35c75a9d,221a3a7,False,0.6719705469402145,"[0.9298182963560625, 0.8893277925216937, 0.19676555194288725]",610,734,5846435,ffb0266c7913352c,staged_polynomial_basis_with_constant,"[[""1"",""u2"",""u3^3""],[""1"",""u1"",""u2"",""u3^2"",""u1*u2""],[""1"",""u3"",""u1*u3""]]","[[""1"",""u2"",""u3^3""],[""1"",""u1"",""u2"",""u3^2"",""u1*u2""],[""1"",""u3"",""u1*u3""]]","[[{""term"":""1"",""term_index"":1,""coefficient"":-3.7477366115427615},{""term"":""u2"",""term_index"":3,""coefficient"":-5.605903171623765},{""term"":""u3^3"",""term_index"":13,""coefficient"":-5.575890790253644}],[{""term"":""1"",""term_index"":1,""coefficient"":-5.732021748555178},{""term"":""u1"",""term_index"":2,""coefficient"":3.6634639725539824},{""term"":""u2"",""term_index"":3,""coefficient"":0.1291513498785919},{""term"":""u3^2"",""term_index"":7,""coefficient"":6.735867953488059},{""term"":""u1*u2"",""term_index"":8,""coefficient"":-0.1519015845331323}],[{""term"":""1"",""term_index"":1,""coefficient"":2.718653163151707},{""term"":""u3"",""term_index"":4,""coefficient"":-9.699617302651278},{""term"":""u1*u3"",""term_index"":9,""coefficient"":1.4515545258151665}]]",uncapped,False,3,30,30,,,,"[""Success"",""Unstable"",""MaxIters""]","[""Success"",""Failure"",""MaxLossEvals""]",182102,201747,0,182102,19645,431,179,0.6666666666666665,0.6571428571428571,0.5454545454545454,0.5777777777777778,0.8571428571428571,0.8333333333333334,0.7639058998154578,1.718653163151707,7,3,11,7,6,1,5,0.6666666666666665,0.5454545454545454,0.8571428571428571
705_evogrow_v2_2_stage_capped_59_2_123,paper1_phaseC_v1,C,,campaign_cell,,59,Rössler attractor (chaotic),3,exact,3.0,evogrow_v2_2_stage_capped,evogrow_v2_2_stage_capped,123,finished,finished,True,,,2026-09-20T03:59:08.109Z,3.228796819866943,,False,False,False,pruned_support_terms_exact_match,5,2.0,10.0,6805191,,372446.759411884,False,True,False,705,2,0c9672de35c75a9d,221a3a7,False,0.7076266028068826,"[0.9101756251404611, 0.852884951859086, 0.35981923142110095]",610,727,6805191,ffb0266c7913352c,staged_polynomial_basis_with_constant,"[[""1"",""u1"",""u2""],[""1"",""u1"",""u2"",""u3""],[""1"",""u2"",""u3"",""u3^2"",""u1*u3"",""u2*u3""]]","[[""1"",""u1"",""u2""],[""1"",""u1"",""u2"",""u3""],[""1"",""u2"",""u3"",""u3^2"",""u1*u3"",""u2*u3""]]","[[{""term"":""1"",""term_index"":1,""coefficient"":-8.57507469583032},{""term"":""u1"",""term_index"":2,""coefficient"":-1.1030182065965954},{""term"":""u2"",""term_index"":3,""coefficient"":-6.873976715523645}],[{""term"":""1"",""term_index"":1,""coefficient"":-4.716185787996185},{""term"":""u1"",""term_index"":2,""coefficient"":3.099762127901086},{""term"":""u2"",""term_index"":3,""coefficient"":0.2984596234142747},{""term"":""u3"",""term_index"":4,""coefficient"":5.017680713044212}],[{""term"":""1"",""term_index"":1,""coefficient"":0.036878488909667044},{""term"":""u2"",""term_index"":3,""coefficient"":0.004572518858420428},{""term"":""u3"",""term_index"":4,""coefficient"":-3.7410419509899997},{""term"":""u3^2"",""term_index"":7,""coefficient"":-2.791730211303588},{""term"":""u1*u3"",""term_index"":9,""coefficient"":2.800952540198312},{""term"":""u2*u3"",""term_index"":10,""coefficient"":-2.420114392813853}]]",capped,False,3,30,30,"[2,2,0]","[5,5,3]","[null,null,3]","[""Success"",""MaxIters"",""Unstable""]","[""Success"",""Failure"",""MaxLossEvals""]",352845,398942,0,352845,46097,471,239,0.6,0.5777777777777778,0.4615384615384615,0.4444444444444444,0.8571428571428571,0.8333333333333334,0.6754356667573728,1.0,7,3,13,7,6,1,7,0.6,0.4615384615384615,0.8571428571428571
706_evogrow_v2_2_stage_local_59_2_123,paper1_phaseC_v1,C,,campaign_cell,,59,Rössler attractor (chaotic),3,exact,3.0,evogrow_v2_2_stage_local,evogrow_v2_2_stage_local,123,finished,finished,True,,,2026-09-20T04:24:32.320Z,3.3639596086064025,,False,False,False,pruned_support_terms_exact_match,5,2.0,9.0,6441427,,219767.554393837,False,True,False,706,2,0c9672de35c75a9d,221a3a7,False,0.6588138773544164,"[0.9089964875318175, 0.8773958532930263, 0.19004929123840542]",590,705,6441427,ffb0266c7913352c,staged_polynomial_basis_with_constant,"[[""1"",""u2""],[""1"",""u1"",""u2"",""u3""],[""1"",""u2"",""u3"",""u3^2"",""u1^3""]]","[[""1"",""u2""],[""1"",""u1"",""u2"",""u3""],[""1"",""u2"",""u3"",""u3^2"",""u1^3""]]","[[{""term"":""1"",""term_index"":1,""coefficient"":-4.010986703743399},{""term"":""u2"",""term_index"":3,""coefficient"":-5.9391138306692834}],[{""term"":""1"",""term_index"":1,""coefficient"":3.2804296729384697},{""term"":""u1"",""term_index"":2,""coefficient"":5.308773927512929},{""term"":""u2"",""term_index"":3,""coefficient"":0.5270762093316913},{""term"":""u3"",""term_index"":4,""coefficient"":-3.4728352051482902}],[{""term"":""1"",""term_index"":1,""coefficient"":0.7399532576863903},{""term"":""u2"",""term_index"":3,""coefficient"":-0.7105576916044812},{""term"":""u3"",""term_index"":4,""coefficient"":-2.164276647193833},{""term"":""u3^2"",""term_index"":7,""coefficient"":0.37551653409346664},{""term"":""u1^3"",""term_index"":11,""coefficient"":0.024423137722053925}]]",uncapped,False,3,30,29,,,,"[""Success"",""MaxIters"",""Unstable""]","[""Success"",""Failure"",""MaxLossEvals""]",325008,354558,0,325008,29550,452,218,0.5555555555555556,0.5555555555555555,0.4545454545454545,0.4666666666666666,0.7142857142857143,0.7222222222222222,0.5580869361625537,1.0,7,3,11,7,5,2,6,0.5555555555555556,0.4545454545454545,0.7142857142857143
707_evogrow_v2_2_stage_capped_59_2_7,paper1_phaseC_v1,C,,campaign_cell,,59,Rössler attractor (chaotic),3,exact,3.0,evogrow_v2_2_stage_capped,evogrow_v2_2_stage_capped,7,finished,finished,True,,,2026-09-20T10:24:58.824Z,3.701544517565058,,False,False,False,pruned_support_terms_exact_match,5,2.0,9.0,5602111,,337155.751569594,False,True,False,707,2,0c9672de35c75a9d,221a3a7,False,0.6467424138488408,"[0.8721841620394507, 0.8779294147964887, 0.1901136647105831]",570,659,5602111,ffb0266c7913352c,staged_polynomial_basis_with_constant,"[[""u3"",""u2*u3"",""u2^3"",""cos(u3)""],[""u1"",""u3""],[""1"",""u1"",""u3""]]","[[""u3"",""u2*u3"",""u2^3"",""cos(u3)""],[""u1"",""u3""],[""1"",""u1"",""u3""]]","[[{""term"":""u3"",""term_index"":4,""coefficient"":-1.5483697823326361},{""term"":""u2*u3"",""term_index"":10,""coefficient"":-1.4638055767153102},{""term"":""u2^3"",""term_index"":12,""coefficient"":-0.16886873333002456},{""term"":""cos(u3)"",""term_index"":19,""coefficient"":-8.947060352045805}],[{""term"":""u1"",""term_index"":2,""coefficient"":5.852321408380151},{""term"":""u3"",""term_index"":4,""coefficient"":-6.310720837524368}],[{""term"":""1"",""term_index"":1,""coefficient"":4.993136816726347},{""term"":""u1"",""term_index"":2,""coefficient"":2.136182538195143},{""term"":""u3"",""term_index"":4,""coefficient"":-10.0}]]",capped,False,3,30,28,"[2,2,0]","[5,5,3]","[null,null,3]","[""Success"",""Unstable"",""MaxIters""]","[""Success"",""MaxLossEvals"",""Failure""]",222002,277698,0,222002,55696,431,190,0.5,0.5,0.4444444444444444,0.4722222222222221,0.5714285714285714,0.5555555555555555,1.2147214212790562,3.993136816726347,7,3,9,7,4,3,5,0.5,0.4444444444444444,0.5714285714285714
708_evogrow_v2_2_stage_local_59_2_7,paper1_phaseC_v1,C,,campaign_cell,,59,Rössler attractor (chaotic),3,exact,3.0,evogrow_v2_2_stage_local,evogrow_v2_2_stage_local,7,finished,finished,True,,,2026-09-20T11:28:39.619Z,3.830039930614838,,False,False,False,pruned_support_terms_exact_match,5,2.0,9.0,5312670,,257059.204411549,False,True,False,708,2,0c9672de35c75a9d,221a3a7,False,0.5916733315321282,"[0.9093389457226434, 0.8631726748257755, 0.002508374047965778]",570,680,5312670,ffb0266c7913352c,staged_polynomial_basis_with_constant,"[[""u2"",""u3"",""u2*u3""],[""u2"",""u3"",""u2*u3"",""u1^3""],[""u1"",""u2"",""u3""]]","[[""u2"",""u3"",""u2*u3""],[""u2"",""u3"",""u2*u3"",""u1^3""],[""u1"",""u2"",""u3""]]","[[{""term"":""u2"",""term_index"":3,""coefficient"":-7.041605994982738},{""term"":""u3"",""term_index"":4,""coefficient"":10.0},{""term"":""u2*u3"",""term_index"":10,""coefficient"":-4.126870629303979}],[{""term"":""u2"",""term_index"":3,""coefficient"":-1.2900813789777887},{""term"":""u3"",""term_index"":4,""coefficient"":10.0},{""term"":""u2*u3"",""term_index"":10,""coefficient"":-2.0827078733073052},{""term"":""u1^3"",""term_index"":11,""coefficient"":0.10777980719836783}],[{""term"":""u1"",""term_index"":2,""coefficient"":0.5928410245810943},{""term"":""u2"",""term_index"":3,""coefficient"":-0.037350193607377555},{""term"":""u3"",""term_index"":4,""coefficient"":-4.901239077188976}]]",uncapped,False,3,30,28,,,,"[""Success"",""Unstable"",""MaxIters""]","[""Success"",""MaxLossEvals"",""Failure""]",196582,238379,0,196582,41797,412,174,0.4705882352941176,0.4888888888888889,0.4,0.4166666666666667,0.5714285714285714,0.611111111111111,1.3609184681457624,3.0,7,3,10,7,4,3,6,0.4705882352941176,0.4,0.5714285714285714
709_evogrow_v2_2_stage_capped_60_1_42,paper1_phaseC_v1,C,,campaign_cell,,60,Aizawa attractor (chaotic),3,surrogate,,evogrow_v2_2_stage_capped,evogrow_v2_2_stage_capped,42,finished,finished,True,,,2026-09-20T11:43:40.760Z,0.142216403221187,,,,,pruned_support_terms_exact_match,5,,,5618755,,271208.384207239,False,True,False,709,1,0c9672de35c75a9d,221a3a7,False,0.424404371527165,"[0.30552361839470776, 0.009790002785156737, 0.9578994934016305]",490,492,5618755,ffb0266c7913352c,staged_polynomial_basis_with_constant,"[[""u1"",""u2"",""u3"",""u1*u3"",""u2*u3""],[""u1"",""u1*u3""],[""u1"",""u2""]]","[[""u1"",""u2"",""u3"",""u1*u3"",""u2*u3""],[""u1"",""u1*u3""],[""u1"",""u2""]]","[[{""term"":""u1"",""term_index"":2,""coefficient"":-1.9779617643978948},{""term"":""u2"",""term_index"":3,""coefficient"":8.49391453916974},{""term"":""u3"",""term_index"":4,""coefficient"":-0.11101578488682182},{""term"":""u1*u3"",""term_index"":9,""coefficient"":2.63977365816927},{""term"":""u2*u3"",""term_index"":10,""coefficient"":-9.33628691961769}],[{""term"":""u1"",""term_index"":2,""coefficient"":0.3335566954485034},{""term"":""u1*u3"",""term_index"":9,""coefficient"":-0.46212801893584526}],[{""term"":""u1"",""term_index"":2,""coefficient"":3.4980153362761564},{""term"":""u2"",""term_index"":3,""coefficient"":4.649617952318768}]]",capped,False,3,30,24,,"[3,3,5]","[3,3,null]","[""Success"",""MaxIters"",""Unstable""]","[""MaxLossEvals"",""Failure"",""Success""]",125852,163768,0,125852,37916,445,190,0.0,0.0,0.0,0.0,0.0,0.0,,,0,3,9,0,0,0,9,0.0,0.0,0.0
710_evogrow_v2_2_stage_local_60_1_42,paper1_phaseC_v1,C,,campaign_cell,,60,Aizawa attractor (chaotic),3,surrogate,,evogrow_v2_2_stage_local,evogrow_v2_2_stage_local,42,finished,finished,True,,,2026-09-20T12:00:49.051Z,0.142216403221187,,,,,pruned_support_terms_exact_match,5,,,5770655,,114220.680713174,False,True,False,710,1,0c9672de35c75a9d,221a3a7,False,0.424404371527165,"[0.30552361839470776, 0.009790002785156737, 0.9578994934016305]",490,493,5770655,ffb0266c7913352c,staged_polynomial_basis_with_constant,"[[""u1"",""u2"",""u3"",""u1*u3"",""u2*u3""],[""u1"",""u1*u3""],[""u1"",""u2""]]","[[""u1"",""u2"",""u3"",""u1*u3"",""u2*u3""],[""u1"",""u1*u3""],[""u1"",""u2""]]","[[{""term"":""u1"",""term_index"":2,""coefficient"":-1.9779617643978948},{""term"":""u2"",""term_index"":3,""coefficient"":8.49391453916974},{""term"":""u3"",""term_index"":4,""coefficient"":-0.11101578488682182},{""term"":""u1*u3"",""term_index"":9,""coefficient"":2.63977365816927},{""term"":""u2*u3"",""term_index"":10,""coefficient"":-9.33628691961769}],[{""term"":""u1"",""term_index"":2,""coefficient"":0.3335566954485034},{""term"":""u1*u3"",""term_index"":9,""coefficient"":-0.46212801893584526}],[{""term"":""u1"",""term_index"":2,""coefficient"":3.4980153362761564},{""term"":""u2"",""term_index"":3,""coefficient"":4.649617952318768}]]",uncapped,False,3,30,24,,,,"[""Success"",""MaxIters"",""Unstable""]","[""MaxLossEvals"",""Failure"",""Success""]",127459,147761,0,127459,20302,444,205,0.0,0.0,0.0,0.0,0.0,0.0,,,0,3,9,0,0,0,9,0.0,0.0,0.0
711_evogrow_v2_2_stage_capped_60_1_123,paper1_phaseC_v1,C,,campaign_cell,,60,Aizawa attractor (chaotic),3,surrogate,,evogrow_v2_2_stage_capped,evogrow_v2_2_stage_capped,123,finished,finished,True,,,2026-09-20T12:43:21.059Z,0.129742895707303,,,,,pruned_support_terms_exact_match,4,,,8304025,,345045.136729471,False,True,False,711,1,0c9672de35c75a9d,221a3a7,False,0.4776636791211477,"[0.376603405444896, 0.09978507506496714, 0.95660255685358]",610,614,8304025,ffb0266c7913352c,staged_polynomial_basis_with_constant,"[[""1"",""u1"",""u2"",""u3"",""u1*u3""],[""u1"",""u1*u3"",""u2*u3""],[""1"",""u1"",""u2"",""u3"",""u2*u3""]]","[[""1"",""u1"",""u2"",""u3"",""u1*u3""],[""u1"",""u1*u3"",""u2*u3""],[""1"",""u1"",""u2"",""u3"",""u2*u3""]]","[[{""term"":""1"",""term_index"":1,""coefficient"":0.22923407357828154},{""term"":""u1"",""term_index"":2,""coefficient"":-2.8759096720861668},{""term"":""u2"",""term_index"":3,""coefficient"":-0.8010464470061341},{""term"":""u3"",""term_index"":4,""coefficient"":-0.1314549139039483},{""term"":""u1*u3"",""term_index"":9,""coefficient"":3.6559501867475763}],[{""term"":""u1"",""term_index"":2,""coefficient"":2.7934973519621242},{""term"":""u1*u3"",""term_index"":9,""coefficient"":-1.8076427200664527},{""term"":""u2*u3"",""term_index"":10,""coefficient"":-0.04632153102683598}],[{""term"":""1"",""term_index"":1,""coefficient"":0.18446648440503707},{""term"":""u1"",""term_index"":2,""coefficient"":3.068040373487249},{""term"":""u2"",""term_index"":3,""coefficient"":5.599275783951967},{""term"":""u3"",""term_index"":4,""coefficient"":-1.538002846871829},{""term"":""u2*u3"",""term_index"":10,""coefficient"":5.063202290659581}]]",capped,False,3,30,30,,"[3,3,4]","[3,3,null]","[""Success"",""Unstable"",""MaxIters""]","[""Failure"",""Success"",""MaxLossEvals""]",167856,220246,0,167856,52390,580,310,0.0,0.0,0.0,0.0,0.0,0.0,,,0,3,13,0,0,0,13,0.0,0.0,0.0
712_evogrow_v2_2_stage_local_60_1_123,paper1_phaseC_v1,C,,campaign_cell,,60,Aizawa attractor (chaotic),3,surrogate,,evogrow_v2_2_stage_local,evogrow_v2_2_stage_local,123,finished,finished,True,,,2026-09-20T14:28:06.923Z,0.1326441809490608,,,,,pruned_support_terms_exact_match,5,,,8508280,,468784.344034497,False,True,False,712,1,0c9672de35c75a9d,221a3a7,False,0.4824913538846647,"[0.4110277328892977, 0.10989671893880837, 0.926549609825888]",610,614,8508280,ffb0266c7913352c,staged_polynomial_basis_with_constant,"[[""1"",""u1"",""u2"",""u3"",""u1*u3""],[""u1"",""u1*u3""],[""1"",""u1"",""u2"",""u3"",""u2*u3""]]","[[""1"",""u1"",""u2"",""u3"",""u1*u3""],[""u1"",""u1*u3""],[""1"",""u1"",""u2"",""u3"",""u2*u3""]]","[[{""term"":""1"",""term_index"":1,""coefficient"":0.28921369460704804},{""term"":""u1"",""term_index"":2,""coefficient"":-3.167518343009537},{""term"":""u2"",""term_index"":3,""coefficient"":-1.3500496428712865},{""term"":""u3"",""term_index"":4,""coefficient"":-0.18535140963249203},{""term"":""u1*u3"",""term_index"":9,""coefficient"":3.70278703866533}],[{""term"":""u1"",""term_index"":2,""coefficient"":1.4297719182240611},{""term"":""u1*u3"",""term_index"":9,""coefficient"":-1.393979429999845}],[{""term"":""1"",""term_index"":1,""coefficient"":0.23975859122055743},{""term"":""u1"",""term_index"":2,""coefficient"":3.759663612265407},{""term"":""u2"",""term_index"":3,""coefficient"":4.349138130371374},{""term"":""u3"",""term_index"":4,""coefficient"":-0.2749720204876942},{""term"":""u2*u3"",""term_index"":10,""coefficient"":0.8433099564384904}]]",uncapped,False,3,30,30,,,,"[""Success"",""Unstable"",""MaxIters""]","[""Failure"",""Success"",""MaxLossEvals""]",182029,234927,0,182029,52898,580,328,0.0,0.0,0.0,0.0,0.0,0.0,,,0,3,12,0,0,0,12,0.0,0.0,0.0
713_evogrow_v2_2_stage_capped_60_1_7,paper1_phaseC_v1,C,,campaign_cell,,60,Aizawa attractor (chaotic),3,surrogate,,evogrow_v2_2_stage_capped,evogrow_v2_2_stage_capped,7,finished,finished,True,,,2026-09-20T18:52:07.162Z,0.1486049372929,,,,,pruned_support_terms_exact_match,5,,,7375554,,139575.742643989,False,True,False,713,1,0c9672de35c75a9d,221a3a7,False,0.3847165801583234,"[0.19619521741500867, -0.024278792641453606, 0.9822333157014151]",610,617,7375554,ffb0266c7913352c,staged_polynomial_basis_with_constant,"[[""1"",""u1"",""u2"",""u3"",""u1*u3""],[""u1""],[""1"",""u1"",""u2""]]","[[""1"",""u1"",""u2"",""u3"",""u1*u3""],[""u1""],[""1"",""u1"",""u2""]]","[[{""term"":""1"",""term_index"":1,""coefficient"":0.06485434395324338},{""term"":""u1"",""term_index"":2,""coefficient"":-0.8848778119910387},{""term"":""u2"",""term_index"":3,""coefficient"":-1.1450050151052162},{""term"":""u3"",""term_index"":4,""coefficient"":-0.02384469053915802},{""term"":""u1*u3"",""term_index"":9,""coefficient"":1.6653819165515025}],[{""term"":""u1"",""term_index"":2,""coefficient"":0.6606428674474021}],[{""term"":""1"",""term_index"":1,""coefficient"":1.3389978467896129},{""term"":""u1"",""term_index"":2,""coefficient"":6.9863402173688955},{""term"":""u2"",""term_index"":3,""coefficient"":-10.0}]]",capped,False,3,30,30,,"[3,3,5]","[3,3,null]","[""Success"",""MaxIters"",""Unstable""]","[""Success"",""Failure"",""MaxLossEvals""]",120326,144992,0,120326,24666,585,241,0.0,0.0,0.0,0.0,0.0,0.0,,,0,3,9,0,0,0,9,0.0,0.0,0.0
714_evogrow_v2_2_stage_local_60_1_7,paper1_phaseC_v1,C,,campaign_cell,,60,Aizawa attractor (chaotic),3,surrogate,,evogrow_v2_2_stage_local,evogrow_v2_2_stage_local,7,finished,finished,True,,,2026-09-20T18:53:12.586Z,0.13758479097271,,,,,pruned_support_terms_exact_match,5,,,7559747,,128199.999192769,False,True,False,714,1,0c9672de35c75a9d,221a3a7,False,0.4345060690847025,"[0.3459110814169256, -0.014762440073940786, 0.9723695659111228]",610,624,7559747,ffb0266c7913352c,staged_polynomial_basis_with_constant,"[[""1"",""u1"",""u2"",""u3"",""u1*u3"",""u2^3""],[""u1"",""sin(u2)""],[""1"",""u1"",""u2"",""u3"",""u1*u2"",""u3^3""]]","[[""1"",""u1"",""u2"",""u3"",""u1*u3"",""u2^3""],[""u1"",""sin(u2)""],[""1"",""u1"",""u2"",""u3"",""u1*u2"",""u3^3""]]","[[{""term"":""1"",""term_index"":1,""coefficient"":0.019251917259540022},{""term"":""u1"",""term_index"":2,""coefficient"":-2.5431545122135515},{""term"":""u2"",""term_index"":3,""coefficient"":1.6945947970572643},{""term"":""u3"",""term_index"":4,""coefficient"":-0.15958550315034337},{""term"":""u1*u3"",""term_index"":9,""coefficient"":3.621052603752},{""term"":""u2^3"",""term_index"":12,""coefficient"":-0.15702213696843753}],[{""term"":""u1"",""term_index"":2,""coefficient"":-0.042742110969868005},{""term"":""sin(u2)"",""term_index"":16,""coefficient"":-0.09188111533399677}],[{""term"":""1"",""term_index"":1,""coefficient"":0.4402586662386813},{""term"":""u1"",""term_index"":2,""coefficient"":2.5851633886849164},{""term"":""u2"",""term_index"":3,""coefficient"":-0.07153232336232042},{""term"":""u3"",""term_index"":4,""coefficient"":0.8007817811871336},{""term"":""u1*u2"",""term_index"":8,""coefficient"":0.4475521664540479},{""term"":""u3^3"",""term_index"":13,""coefficient"":-0.33427591666252443}]]",uncapped,False,3,30,30,,,,"[""Success"",""MaxIters"",""Unstable""]","[""Success"",""Failure"",""MaxLossEvals""]",156315,177074,0,156315,20759,586,252,0.0,0.0,0.0,0.0,0.0,0.0,,,0,3,14,0,0,0,14,0.0,0.0,0.0
715_evogrow_v2_2_stage_capped_60_2_42,paper1_phaseC_v1,C,,campaign_cell,,60,Aizawa attractor (chaotic),3,surrogate,,evogrow_v2_2_stage_capped,evogrow_v2_2_stage_capped,42,finished,finished,True,,,2026-09-20T20:22:31.177Z,0.20177613622944,,,,,pruned_support_terms_exact_match,3,,,5719781,,132971.278506395,False,True,False,715,2,0c9672de35c75a9d,221a3a7,False,0.4622355568923055,"[0.3297070803364309, 0.2076329090627519, 0.8493666812777337]",550,555,5719781,ffb0266c7913352c,staged_polynomial_basis_with_constant,"[[""1"",""u1"",""u2"",""u3"",""u1*u2"",""u2*u3""],[""u1"",""u1*u2"",""u2*u3""],[""u2"",""u2^2"",""u3^2""]]","[[""1"",""u1"",""u2"",""u3"",""u1*u2"",""u2*u3""],[""u1"",""u1*u2"",""u2*u3""],[""u2"",""u2^2"",""u3^2""]]","[[{""term"":""1"",""term_index"":1,""coefficient"":0.16570559853413463},{""term"":""u1"",""term_index"":2,""coefficient"":-3.398377026209682},{""term"":""u2"",""term_index"":3,""coefficient"":-2.5169560149120245},{""term"":""u3"",""term_index"":4,""coefficient"":-0.7904182105980259},{""term"":""u1*u2"",""term_index"":8,""coefficient"":-1.708310987879781},{""term"":""u2*u3"",""term_index"":10,""coefficient"":10.0}],[{""term"":""u1"",""term_index"":2,""coefficient"":1.4400043390014234},{""term"":""u1*u2"",""term_index"":8,""coefficient"":-5.265439596547488},{""term"":""u2*u3"",""term_index"":10,""coefficient"":-0.6633826174306544}],[{""term"":""u2"",""term_index"":3,""coefficient"":7.216845599613832},{""term"":""u2^2"",""term_index"":6,""coefficient"":5.962596521707338},{""term"":""u3^2"",""term_index"":7,""coefficient"":-0.28393030799556557}]]",capped,False,3,30,27,,"[3,3,2]","[3,3,2]","[""Success"",""Unstable"",""MaxIters""]","[""MaxLossEvals"",""Failure"",""Success""]",102774,122141,0,102774,19367,510,157,0.0,0.0,0.0,0.0,0.0,0.0,,,0,3,12,0,0,0,12,0.0,0.0,0.0
716_evogrow_v2_2_stage_local_60_2_42,paper1_phaseC_v1,C,,campaign_cell,,60,Aizawa attractor (chaotic),3,surrogate,,evogrow_v2_2_stage_local,evogrow_v2_2_stage_local,42,finished,finished,True,,,2026-09-20T23:37:57.378Z,0.1977610018621693,,,,,pruned_support_terms_exact_match,5,,,7274057,,179428.242550539,False,True,False,716,2,0c9672de35c75a9d,221a3a7,False,0.4653401317155941,"[0.3668479851651347, 0.12491945634150492, 0.9042529536401429]",610,624,7274057,ffb0266c7913352c,staged_polynomial_basis_with_constant,"[[""1"",""u1"",""u2"",""u3"",""u1*u2"",""u2*u3""],[""u1"",""u3^3""],[""u2"",""u2*u3"",""sin(u2)""]]","[[""1"",""u1"",""u2"",""u3"",""u1*u2"",""u2*u3""],[""u1"",""u3^3""],[""u2"",""u2*u3"",""sin(u2)""]]","[[{""term"":""1"",""term_index"":1,""coefficient"":0.0964109345614268},{""term"":""u1"",""term_index"":2,""coefficient"":-0.5316066216158001},{""term"":""u2"",""term_index"":3,""coefficient"":-3.7917232034185453},{""term"":""u3"",""term_index"":4,""coefficient"":-0.1195218709862085},{""term"":""u1*u2"",""term_index"":8,""coefficient"":-5.484841886893439},{""term"":""u2*u3"",""term_index"":10,""coefficient"":10.0}],[{""term"":""u1"",""term_index"":2,""coefficient"":0.9735799452099984},{""term"":""u3^3"",""term_index"":13,""coefficient"":-0.044954711403683255}],[{""term"":""u2"",""term_index"":3,""coefficient"":1.963027693868252},{""term"":""u2*u3"",""term_index"":10,""coefficient"":10.0},{""term"":""sin(u2)"",""term_index"":16,""coefficient"":2.515740791063879}]]",uncapped,False,3,30,30,,,,"[""Success"",""Unstable"",""MaxIters""]","[""MaxLossEvals"",""Failure"",""Success""]",183415,205946,0,183415,22531,574,242,0.0,0.0,0.0,0.0,0.0,0.0,,,0,3,11,0,0,0,11,0.0,0.0,0.0
717_evogrow_v2_2_stage_capped_60_2_123,paper1_phaseC_v1,C,,campaign_cell,,60,Aizawa attractor (chaotic),3,surrogate,,evogrow_v2_2_stage_capped,evogrow_v2_2_stage_capped,123,finished,finished,True,,,2026-09-21T01:14:29.433Z,0.2414341533806748,,,,,pruned_support_terms_exact_match,3,,,3098076,,20266.093264284,False,True,False,717,2,0c9672de35c75a9d,221a3a7,False,0.3305494677412959,"[0.0033832994115639003, -0.0006924671030885676, 0.9889575709154124]",290,292,3098076,ffb0266c7913352c,staged_polynomial_basis_with_constant,"[[""u1"",""u3""],[""1"",""u1"",""u2^2""],[""u1"",""u2"",""u3""]]","[[""u1"",""u3""],[""1"",""u1"",""u2^2""],[""u1"",""u2"",""u3""]]","[[{""term"":""u1"",""term_index"":2,""coefficient"":-10.0},{""term"":""u3"",""term_index"":4,""coefficient"":0.1840027370642996}],[{""term"":""1"",""term_index"":1,""coefficient"":-0.036884863998178224},{""term"":""u1"",""term_index"":2,""coefficient"":9.346904078224357},{""term"":""u2^2"",""term_index"":6,""coefficient"":-8.580657305354565}],[{""term"":""u1"",""term_index"":2,""coefficient"":-10.0},{""term"":""u2"",""term_index"":3,""coefficient"":-10.0},{""term"":""u3"",""term_index"":4,""coefficient"":-0.28281314400473806}]]",capped,False,3,30,14,,"[3,3,2]","[3,3,2]","[""Success"",""MaxIters"",""Unstable""]","[""Success"",""Failure"",""MaxLossEvals""]",81044,85614,0,81044,4570,262,103,0.0,0.0,0.0,0.0,0.0,0.0,,,0,3,8,0,0,0,8,0.0,0.0,0.0
718_evogrow_v2_2_stage_local_60_2_123,paper1_phaseC_v1,C,,campaign_cell,,60,Aizawa attractor (chaotic),3,surrogate,,evogrow_v2_2_stage_local,evogrow_v2_2_stage_local,123,finished,finished,True,,,2026-09-21T06:53:08.334Z,0.2414341533806748,,,,,pruned_support_terms_exact_match,5,,,5336451,,63610.434913534,False,True,False,718,2,0c9672de35c75a9d,221a3a7,False,0.3305494677412959,"[0.0033832994115639003, -0.0006924671030885676, 0.9889575709154124]",450,461,5336451,ffb0266c7913352c,staged_polynomial_basis_with_constant,"[[""u1"",""u3""],[""1"",""u1"",""u2^2""],[""u1"",""u2"",""u3""]]","[[""u1"",""u3""],[""1"",""u1"",""u2^2""],[""u1"",""u2"",""u3""]]","[[{""term"":""u1"",""term_index"":2,""coefficient"":-10.0},{""term"":""u3"",""term_index"":4,""coefficient"":0.1840027370642996}],[{""term"":""1"",""term_index"":1,""coefficient"":-0.036884863998178224},{""term"":""u1"",""term_index"":2,""coefficient"":9.346904078224357},{""term"":""u2^2"",""term_index"":6,""coefficient"":-8.580657305354565}],[{""term"":""u1"",""term_index"":2,""coefficient"":-10.0},{""term"":""u2"",""term_index"":3,""coefficient"":-10.0},{""term"":""u3"",""term_index"":4,""coefficient"":-0.28281314400473806}]]",uncapped,False,3,30,22,,,,"[""Success"",""MaxIters"",""Unstable""]","[""Success"",""Failure"",""MaxLossEvals""]",152118,163034,0,152118,10916,419,189,0.0,0.0,0.0,0.0,0.0,0.0,,,0,3,8,0,0,0,8,0.0,0.0,0.0
719_evogrow_v2_2_stage_capped_60_2_7,paper1_phaseC_v1,C,,campaign_cell,,60,Aizawa attractor (chaotic),3,surrogate,,evogrow_v2_2_stage_capped,evogrow_v2_2_stage_capped,7,finished,finished,True,,,2026-09-21T10:00:52.562Z,0.2346818698725266,,,,,pruned_support_terms_exact_match,3,,,5636346,,103852.370950731,False,True,False,719,2,0c9672de35c75a9d,221a3a7,False,0.4929005008465026,"[0.7175652684385713, 0.7186086008975092, 0.04252763320342734]",490,495,5636346,ffb0266c7913352c,staged_polynomial_basis_with_constant,"[[""1"",""u2"",""u3""],[""u1""],[""1"",""u1"",""u2"",""u3""]]","[[""1"",""u2"",""u3""],[""u1""],[""1"",""u1"",""u2"",""u3""]]","[[{""term"":""1"",""term_index"":1,""coefficient"":-1.1415083816086817},{""term"":""u2"",""term_index"":3,""coefficient"":-3.7696844383388126},{""term"":""u3"",""term_index"":4,""coefficient"":1.4634533926888653}],[{""term"":""u1"",""term_index"":2,""coefficient"":3.5242226541914223}],[{""term"":""1"",""term_index"":1,""coefficient"":3.3224081538246284},{""term"":""u1"",""term_index"":2,""coefficient"":0.9852435443663284},{""term"":""u2"",""term_index"":3,""coefficient"":0.561776063388734},{""term"":""u3"",""term_index"":4,""coefficient"":-4.002475754685289}]]",capped,False,3,30,24,,"[3,3,2]","[3,3,2]","[""Success"",""MaxIters"",""Unstable""]","[""Success"",""Failure"",""MaxLossEvals""]",64787,77170,0,64787,12383,452,180,0.0,0.0,0.0,0.0,0.0,0.0,,,0,3,8,0,0,0,8,0.0,0.0,0.0
720_evogrow_v2_2_stage_local_60_2_7,paper1_phaseC_v1,C,,campaign_cell,,60,Aizawa attractor (chaotic),3,surrogate,,evogrow_v2_2_stage_local,evogrow_v2_2_stage_local,7,finished,finished,True,,,2026-09-21T10:24:33.130Z,0.2242365464802496,,,,,pruned_support_terms_exact_match,5,,,7216525,,160461.23657236,False,True,False,720,2,0c9672de35c75a9d,221a3a7,False,0.5176925348348571,"[0.7370706067263941, 0.7456204406707949, 0.07038655710738217]",610,614,7216525,ffb0266c7913352c,staged_polynomial_basis_with_constant,"[[""1"",""u2"",""u3"",""u1*u3""],[""u1""],[""1"",""u1"",""u2"",""u3"",""u1^3""]]","[[""1"",""u2"",""u3"",""u1*u3""],[""u1""],[""1"",""u1"",""u2"",""u3"",""u1^3""]]","[[{""term"":""1"",""term_index"":1,""coefficient"":-1.660019465024371},{""term"":""u2"",""term_index"":3,""coefficient"":-4.00490314273719},{""term"":""u3"",""term_index"":4,""coefficient"":2.0132034900157576},{""term"":""u1*u3"",""term_index"":9,""coefficient"":0.35829395759474203}],[{""term"":""u1"",""term_index"":2,""coefficient"":3.302381692801275}],[{""term"":""1"",""term_index"":1,""coefficient"":2.5822582840812007},{""term"":""u1"",""term_index"":2,""coefficient"":-2.5221866123804433},{""term"":""u2"",""term_index"":3,""coefficient"":0.8508770911378118},{""term"":""u3"",""term_index"":4,""coefficient"":-3.006683809072954},{""term"":""u1^3"",""term_index"":11,""coefficient"":7.454903937091404}]]",uncapped,False,3,30,30,,,,"[""Success"",""MaxIters"",""Unstable""]","[""Success"",""Failure"",""MaxLossEvals""]",82917,102638,0,82917,19721,570,231,0.0,0.0,0.0,0.0,0.0,0.0,,,0,3,10,0,0,0,10,0.0,0.0,0.0
721_evogrow_v2_2_stage_capped_61_1_42,paper1_phaseC_v1,C,,campaign_cell,,61,Chen-Lee attractor; system for gyro motion with feedback control of rigid body (chaotic),3,exact,3.0,evogrow_v2_2_stage_capped,evogrow_v2_2_stage_capped,42,finished,finished,True,,,2026-09-21T10:47:51.309Z,95.1958596597177,,False,False,False,pruned_support_terms_exact_match,3,0.0,0.0,4795489,,140991.784148168,False,True,False,721,1,0c9672de35c75a9d,221a3a7,False,-0.6249461940969665,"[0.28641855747924583, 0.3103204646614398, -2.471577604431585]",610,708,4795489,ffb0266c7913352c,staged_polynomial_basis_with_constant,"[[""1"",""u2"",""u3""],[""u1"",""u2"",""u3""],[""1"",""u1"",""u2"",""u3""]]","[[""1"",""u2"",""u3""],[""u1"",""u2"",""u3""],[""1"",""u1"",""u2"",""u3""]]","[[{""term"":""1"",""term_index"":1,""coefficient"":-10.0},{""term"":""u2"",""term_index"":3,""coefficient"":8.944376761171252},{""term"":""u3"",""term_index"":4,""coefficient"":-5.630115302979535}],[{""term"":""u1"",""term_index"":2,""coefficient"":-7.8151916042397325},{""term"":""u2"",""term_index"":3,""coefficient"":-3.979640499201714},{""term"":""u3"",""term_index"":4,""coefficient"":-9.993127797928096}],[{""term"":""1"",""term_index"":1,""coefficient"":-4.10973538292262},{""term"":""u1"",""term_index"":2,""coefficient"":-0.5984144943789174},{""term"":""u2"",""term_index"":3,""coefficient"":-3.9584702099608338},{""term"":""u3"",""term_index"":4,""coefficient"":-1.1191652602568765}]]",capped,False,3,30,30,"[0,0,0]","[3,3,3]","[3,3,3]","[""Success"",""MaxIters"",""Unstable""]","[""Success"",""Failure"",""MaxLossEvals""]",130747,148323,0,130747,17576,324,133,0.25,0.2444444444444444,0.2,0.1944444444444444,0.3333333333333333,0.3333333333333333,0.8845864627213365,1.0,6,3,10,6,2,4,8,0.25,0.2,0.3333333333333333
722_evogrow_v2_2_stage_local_61_1_42,paper1_phaseC_v1,C,,campaign_cell,,61,Chen-Lee attractor; system for gyro motion with feedback control of rigid body (chaotic),3,exact,3.0,evogrow_v2_2_stage_local,evogrow_v2_2_stage_local,42,finished,finished,True,,,2026-09-21T11:08:51.530Z,95.1958596597177,,False,False,False,pruned_support_terms_exact_match,3,0.0,0.0,4795489,,144123.298297499,False,True,False,722,1,0c9672de35c75a9d,221a3a7,False,-0.6249461940969665,"[0.28641855747924583, 0.3103204646614398, -2.471577604431585]",610,708,4795489,ffb0266c7913352c,staged_polynomial_basis_with_constant,"[[""1"",""u2"",""u3""],[""u1"",""u2"",""u3""],[""1"",""u1"",""u2"",""u3""]]","[[""1"",""u2"",""u3""],[""u1"",""u2"",""u3""],[""1"",""u1"",""u2"",""u3""]]","[[{""term"":""1"",""term_index"":1,""coefficient"":-10.0},{""term"":""u2"",""term_index"":3,""coefficient"":8.944376761171252},{""term"":""u3"",""term_index"":4,""coefficient"":-5.630115302979535}],[{""term"":""u1"",""term_index"":2,""coefficient"":-7.8151916042397325},{""term"":""u2"",""term_index"":3,""coefficient"":-3.979640499201714},{""term"":""u3"",""term_index"":4,""coefficient"":-9.993127797928096}],[{""term"":""1"",""term_index"":1,""coefficient"":-4.10973538292262},{""term"":""u1"",""term_index"":2,""coefficient"":-0.5984144943789174},{""term"":""u2"",""term_index"":3,""coefficient"":-3.9584702099608338},{""term"":""u3"",""term_index"":4,""coefficient"":-1.1191652602568765}]]",uncapped,False,3,30,30,,,,"[""Success"",""MaxIters"",""Unstable""]","[""Success"",""Failure"",""MaxLossEvals""]",130747,148323,0,130747,17576,324,133,0.25,0.2444444444444444,0.2,0.1944444444444444,0.3333333333333333,0.3333333333333333,0.8845864627213365,1.0,6,3,10,6,2,4,8,0.25,0.2,0.3333333333333333
723_evogrow_v2_2_stage_capped_61_1_123,paper1_phaseC_v1,C,,campaign_cell,,61,Chen-Lee attractor; system for gyro motion with feedback control of rigid body (chaotic),3,exact,3.0,evogrow_v2_2_stage_capped,evogrow_v2_2_stage_capped,123,finished,finished,True,,,2026-09-21T11:14:21.696Z,70.60629474119084,,False,False,False,pruned_support_terms_exact_match,3,0.0,0.0,3549610,,206643.796923342,False,True,False,723,1,0c9672de35c75a9d,221a3a7,False,-0.0161216946544807,"[0.4725755053391436, 0.37748381055380353, -0.8984243998563894]",470,686,3549610,ffb0266c7913352c,staged_polynomial_basis_with_constant,"[[""1"",""u1"",""u2"",""u3^2""],[""1"",""u1"",""u2"",""u3"",""u1^2""],[""u1""]]","[[""1"",""u1"",""u2"",""u3^2""],[""1"",""u1"",""u2"",""u3"",""u1^2""],[""u1""]]","[[{""term"":""1"",""term_index"":1,""coefficient"":-10.0},{""term"":""u1"",""term_index"":2,""coefficient"":6.055762718832229},{""term"":""u2"",""term_index"":3,""coefficient"":10.0},{""term"":""u3^2"",""term_index"":7,""coefficient"":0.26068966770079166}],[{""term"":""1"",""term_index"":1,""coefficient"":-10.0},{""term"":""u1"",""term_index"":2,""coefficient"":-6.391789658622429},{""term"":""u2"",""term_index"":3,""coefficient"":-6.397146892986246},{""term"":""u3"",""term_index"":4,""coefficient"":1.7871786563532877},{""term"":""u1^2"",""term_index"":5,""coefficient"":0.1657260485674711}],[{""term"":""u1"",""term_index"":2,""coefficient"":0.7748738335077444}]]",capped,False,3,30,23,"[0,0,0]","[3,3,3]","[3,3,3]","[""Success"",""MaxIters"",""Unstable""]","[""Success"",""Failure"",""MaxLossEvals""]",203396,228644,0,203396,25248,242,116,0.25,0.2063492063492063,0.2,0.15,0.3333333333333333,0.3333333333333333,0.7619063090779702,1.0,6,3,10,6,2,4,8,0.25,0.2,0.3333333333333333
724_evogrow_v2_2_stage_local_61_1_123,paper1_phaseC_v1,C,,campaign_cell,,61,Chen-Lee attractor; system for gyro motion with feedback control of rigid body (chaotic),3,exact,3.0,evogrow_v2_2_stage_local,evogrow_v2_2_stage_local,123,finished,finished,True,,,2026-09-21T13:17:24.493Z,70.60629474119084,,False,False,False,pruned_support_terms_exact_match,5,2.0,7.0,4597220,,354020.68220283,False,True,False,724,1,0c9672de35c75a9d,221a3a7,False,-0.0161216946544807,"[0.4725755053391436, 0.37748381055380353, -0.8984243998563894]",610,1022,4597220,ffb0266c7913352c,staged_polynomial_basis_with_constant,"[[""1"",""u1"",""u2"",""u3^2""],[""1"",""u1"",""u2"",""u3"",""u1^2""],[""u1""]]","[[""1"",""u1"",""u2"",""u3^2""],[""1"",""u1"",""u2"",""u3"",""u1^2""],[""u1""]]","[[{""term"":""1"",""term_index"":1,""coefficient"":-10.0},{""term"":""u1"",""term_index"":2,""coefficient"":6.055762718832229},{""term"":""u2"",""term_index"":3,""coefficient"":10.0},{""term"":""u3^2"",""term_index"":7,""coefficient"":0.26068966770079166}],[{""term"":""1"",""term_index"":1,""coefficient"":-10.0},{""term"":""u1"",""term_index"":2,""coefficient"":-6.391789658622429},{""term"":""u2"",""term_index"":3,""coefficient"":-6.397146892986246},{""term"":""u3"",""term_index"":4,""coefficient"":1.7871786563532877},{""term"":""u1^2"",""term_index"":5,""coefficient"":0.1657260485674711}],[{""term"":""u1"",""term_index"":2,""coefficient"":0.7748738335077444}]]",uncapped,False,3,30,30,,,,"[""Success"",""MaxIters"",""Unstable""]","[""Success"",""Failure"",""MaxLossEvals""]",286418,339579,0,286418,53161,305,153,0.25,0.2063492063492063,0.2,0.15,0.3333333333333333,0.3333333333333333,0.7619063090779702,1.0,6,3,10,6,2,4,8,0.25,0.2,0.3333333333333333
725_evogrow_v2_2_stage_capped_61_1_7,paper1_phaseC_v1,C,,campaign_cell,,61,Chen-Lee attractor; system for gyro motion with feedback control of rigid body (chaotic),3,exact,3.0,evogrow_v2_2_stage_capped,evogrow_v2_2_stage_capped,7,finished,finished,True,,,2026-09-21T13:17:23.901Z,86.79165119580024,,False,False,False,pruned_support_terms_exact_match,3,0.0,0.0,4938420,,182314.994534989,False,True,False,725,1,0c9672de35c75a9d,221a3a7,False,0.149827826750683,"[0.20094937146842073, 0.33120831026581343, -0.08267420148218507]",610,1106,4938420,ffb0266c7913352c,staged_polynomial_basis_with_constant,"[[""1"",""u2"",""u3"",""u1*u2""],[""u1"",""u2"",""u1^2"",""u3^2"",""u1*u2""],[""1"",""u2"",""u3^2""]]","[[""1"",""u2"",""u3"",""u1*u2""],[""u1"",""u2"",""u1^2"",""u3^2"",""u1*u2""],[""1"",""u2"",""u3^2""]]","[[{""term"":""1"",""term_index"":1,""coefficient"":9.672431362554146},{""term"":""u2"",""term_index"":3,""coefficient"":5.324449445264408},{""term"":""u3"",""term_index"":4,""coefficient"":1.0587581727709308},{""term"":""u1*u2"",""term_index"":8,""coefficient"":-0.21031871363802843}],[{""term"":""u1"",""term_index"":2,""coefficient"":-9.710521346624674},{""term"":""u2"",""term_index"":3,""coefficient"":0.1577477097489947},{""term"":""u1^2"",""term_index"":5,""coefficient"":1.009340374247317},{""term"":""u3^2"",""term_index"":7,""coefficient"":-0.17438407319606553},{""term"":""u1*u2"",""term_index"":8,""coefficient"":-0.8093900453919872}],[{""term"":""1"",""term_index"":1,""coefficient"":-9.105739642031574},{""term"":""u2"",""term_index"":3,""coefficient"":-0.1666518360054487},{""term"":""u3^2"",""term_index"":7,""coefficient"":0.15333013368960954}]]",capped,False,3,30,30,"[0,0,0]","[3,3,3]","[3,3,3]","[""Success"",""Unstable"",""MaxIters""]","[""Success"",""Failure"",""MaxLossEvals""]",326340,359119,0,326340,32779,322,182,0.1111111111111111,0.0952380952380952,0.0833333333333333,0.0666666666666666,0.1666666666666666,0.1666666666666666,1.0026291284958166,1.0157747709748994,6,3,12,6,1,5,11,0.1111111111111111,0.0833333333333333,0.1666666666666666
726_evogrow_v2_2_stage_local_61_1_7,paper1_phaseC_v1,C,,campaign_cell,,61,Chen-Lee attractor; system for gyro motion with feedback control of rigid body (chaotic),3,exact,3.0,evogrow_v2_2_stage_local,evogrow_v2_2_stage_local,7,finished,finished,True,,,2026-09-21T13:17:24.392Z,86.79165119580024,,False,False,False,pruned_support_terms_exact_match,3,0.0,0.0,4938420,,188344.385996759,False,True,False,726,1,0c9672de35c75a9d,221a3a7,False,0.149827826750683,"[0.20094937146842073, 0.33120831026581343, -0.08267420148218507]",610,1106,4938420,ffb0266c7913352c,staged_polynomial_basis_with_constant,"[[""1"",""u2"",""u3"",""u1*u2""],[""u1"",""u2"",""u1^2"",""u3^2"",""u1*u2""],[""1"",""u2"",""u3^2""]]","[[""1"",""u2"",""u3"",""u1*u2""],[""u1"",""u2"",""u1^2"",""u3^2"",""u1*u2""],[""1"",""u2"",""u3^2""]]","[[{""term"":""1"",""term_index"":1,""coefficient"":9.672431362554146},{""term"":""u2"",""term_index"":3,""coefficient"":5.324449445264408},{""term"":""u3"",""term_index"":4,""coefficient"":1.0587581727709308},{""term"":""u1*u2"",""term_index"":8,""coefficient"":-0.21031871363802843}],[{""term"":""u1"",""term_index"":2,""coefficient"":-9.710521346624674},{""term"":""u2"",""term_index"":3,""coefficient"":0.1577477097489947},{""term"":""u1^2"",""term_index"":5,""coefficient"":1.009340374247317},{""term"":""u3^2"",""term_index"":7,""coefficient"":-0.17438407319606553},{""term"":""u1*u2"",""term_index"":8,""coefficient"":-0.8093900453919872}],[{""term"":""1"",""term_index"":1,""coefficient"":-9.105739642031574},{""term"":""u2"",""term_index"":3,""coefficient"":-0.1666518360054487},{""term"":""u3^2"",""term_index"":7,""coefficient"":0.15333013368960954}]]",uncapped,False,3,30,30,,,,"[""Success"",""Unstable"",""MaxIters""]","[""Success"",""Failure"",""MaxLossEvals""]",326340,359119,0,326340,32779,322,182,0.1111111111111111,0.0952380952380952,0.0833333333333333,0.0666666666666666,0.1666666666666666,0.1666666666666666,1.0026291284958166,1.0157747709748994,6,3,12,6,1,5,11,0.1111111111111111,0.0833333333333333,0.1666666666666666
727_evogrow_v2_2_stage_capped_61_2_42,paper1_phaseC_v1,C,,campaign_cell,,61,Chen-Lee attractor; system for gyro motion with feedback control of rigid body (chaotic),3,exact,3.0,evogrow_v2_2_stage_capped,evogrow_v2_2_stage_capped,42,finished,finished,True,,,2026-09-21T13:17:24.523Z,89.21614027195209,,False,False,False,pruned_support_terms_exact_match,3,0.0,0.0,3007136,,84289.292421806,False,True,False,727,2,0c9672de35c75a9d,221a3a7,False,0.0800903223389766,"[0.2856260960206283, 0.34598975755911854, -0.39134488656281685]",350,494,3007136,ffb0266c7913352c,staged_polynomial_basis_with_constant,"[[""u1"",""u2"",""u1^2"",""u2*u3""],[""1"",""u1"",""u2""],[""1"",""u1"",""u1^2""]]","[[""u1"",""u2"",""u1^2"",""u2*u3""],[""1"",""u1"",""u2""],[""1"",""u1"",""u1^2""]]","[[{""term"":""u1"",""term_index"":2,""coefficient"":3.655780746094152},{""term"":""u2"",""term_index"":3,""coefficient"":-10.0},{""term"":""u1^2"",""term_index"":5,""coefficient"":-0.23300460750672},{""term"":""u2*u3"",""term_index"":10,""coefficient"":-4.630614523470326}],[{""term"":""1"",""term_index"":1,""coefficient"":-0.21815157542913122},{""term"":""u1"",""term_index"":2,""coefficient"":-6.02626998496136},{""term"":""u2"",""term_index"":3,""coefficient"":-3.6846294020380013}],[{""term"":""1"",""term_index"":1,""coefficient"":0.21642281142265812},{""term"":""u1"",""term_index"":2,""coefficient"":1.2819665593787577},{""term"":""u1^2"",""term_index"":5,""coefficient"":-0.0037401655792489693}]]",capped,False,3,30,17,"[0,0,0]","[3,3,3]","[3,3,3]","[""Success"",""Unstable"",""MaxIters""]","[""MaxLossEvals"",""Success"",""Failure""]",132716,150054,0,132716,17338,206,102,0.3749999999999999,0.3555555555555555,0.3,0.2777777777777777,0.5,0.5,1.2551659056746158,3.630614523470326,6,3,10,6,3,3,7,0.3749999999999999,0.3,0.5
728_evogrow_v2_2_stage_local_61_2_42,paper1_phaseC_v1,C,,campaign_cell,,61,Chen-Lee attractor; system for gyro motion with feedback control of rigid body (chaotic),3,exact,3.0,evogrow_v2_2_stage_local,evogrow_v2_2_stage_local,42,finished,finished,True,,,2026-09-21T13:17:23.488Z,69.92019441001246,,False,False,False,pruned_support_terms_exact_match,5,2.0,13.0,4944181,,332705.929948387,False,True,False,728,2,0c9672de35c75a9d,221a3a7,False,0.177172319700811,"[0.4813129472890233, 0.4567468421191514, -0.40654283030574145]",610,1030,4944181,ffb0266c7913352c,staged_polynomial_basis_with_constant,"[[""u1"",""u2"",""u3^2""],[""1"",""u1"",""u2"",""u1^3"",""u3^3""],[""1"",""u1"",""u2^2"",""u3^3""]]","[[""u1"",""u2"",""u3^2""],[""1"",""u1"",""u2"",""u1^3"",""u3^3""],[""1"",""u1"",""u2^2"",""u3^3""]]","[[{""term"":""u1"",""term_index"":2,""coefficient"":4.218541473733963},{""term"":""u2"",""term_index"":3,""coefficient"":9.997356639869823},{""term"":""u3^2"",""term_index"":7,""coefficient"":-0.1384041721377536}],[{""term"":""1"",""term_index"":1,""coefficient"":-8.846498743224918},{""term"":""u1"",""term_index"":2,""coefficient"":0.4388636575183946},{""term"":""u2"",""term_index"":3,""coefficient"":-5.9712402983664505},{""term"":""u1^3"",""term_index"":11,""coefficient"":-0.041389551082570225},{""term"":""u3^3"",""term_index"":13,""coefficient"":-0.07915480096827054}],[{""term"":""1"",""term_index"":1,""coefficient"":-10.0},{""term"":""u1"",""term_index"":2,""coefficient"":0.6577534249752356},{""term"":""u2^2"",""term_index"":6,""coefficient"":0.08494612441399844},{""term"":""u3^3"",""term_index"":13,""coefficient"":-0.010693236685829357}]]",uncapped,False,3,30,30,,,,"[""Success"",""Unstable"",""MaxIters""]","[""MaxLossEvals"",""Success"",""Failure""]",270278,327009,0,270278,56731,331,170,0.2222222222222222,0.2285714285714285,0.1666666666666666,0.1777777777777777,0.3333333333333333,0.3333333333333333,0.7598612792360937,1.0,6,3,12,6,2,4,10,0.2222222222222222,0.1666666666666666,0.3333333333333333
729_evogrow_v2_2_stage_capped_61_2_123,paper1_phaseC_v1,C,,campaign_cell,,61,Chen-Lee attractor; system for gyro motion with feedback control of rigid body (chaotic),3,exact,3.0,evogrow_v2_2_stage_capped,evogrow_v2_2_stage_capped,123,finished,finished,True,,,2026-09-21T13:17:24.600Z,53.793331647802006,,False,False,False,pruned_support_terms_exact_match,3,0.0,0.0,5213357,,215558.729274086,False,True,False,729,2,0c9672de35c75a9d,221a3a7,False,0.4312114474049698,"[0.5773750721275224, 0.5961844547759649, 0.12007481531142217]",550,738,5213357,ffb0266c7913352c,staged_polynomial_basis_with_constant,"[[""1"",""u1"",""u2"",""u3""],[""u1"",""u3"",""u1*u2"",""u1*u3"",""u2*u3""],[""u1"",""u3""]]","[[""1"",""u1"",""u2"",""u3""],[""u1"",""u3"",""u1*u2"",""u1*u3"",""u2*u3""],[""u1"",""u3""]]","[[{""term"":""1"",""term_index"":1,""coefficient"":-10.0},{""term"":""u1"",""term_index"":2,""coefficient"":6.29044952485438},{""term"":""u2"",""term_index"":3,""coefficient"":9.785387629095977},{""term"":""u3"",""term_index"":4,""coefficient"":0.7561300726577517}],[{""term"":""u1"",""term_index"":2,""coefficient"":10.0},{""term"":""u3"",""term_index"":4,""coefficient"":-1.0371829639758336},{""term"":""u1*u2"",""term_index"":8,""coefficient"":-0.03402756078622493},{""term"":""u1*u3"",""term_index"":9,""coefficient"":1.7787661302093272},{""term"":""u2*u3"",""term_index"":10,""coefficient"":0.6740792667534788}],[{""term"":""u1"",""term_index"":2,""coefficient"":-1.6309936036232773},{""term"":""u3"",""term_index"":4,""coefficient"":-0.40098115394354933}]]",capped,False,3,30,27,"[0,0,0]","[3,3,3]","[3,3,3]","[""Success"",""MaxIters"",""Unstable""]","[""Success"",""Failure"",""MaxLossEvals""]",251728,288987,0,251728,37259,356,178,0.3529411764705882,0.373015873015873,0.2727272727272727,0.3166666666666666,0.5,0.5,0.8218891131465448,1.0,6,3,11,6,3,3,8,0.3529411764705882,0.2727272727272727,0.5
730_evogrow_v2_2_stage_local_61_2_123,paper1_phaseC_v1,C,,campaign_cell,,61,Chen-Lee attractor; system for gyro motion with feedback control of rigid body (chaotic),3,exact,3.0,evogrow_v2_2_stage_local,evogrow_v2_2_stage_local,123,finished,finished,True,,,2026-09-21T13:17:23.684Z,53.793331647802006,,False,False,False,pruned_support_terms_exact_match,4,1.0,3.0,5729629,,307172.923757876,False,True,False,730,2,0c9672de35c75a9d,221a3a7,False,0.4312114474049698,"[0.5773750721275224, 0.5961844547759649, 0.12007481531142217]",610,863,5729629,ffb0266c7913352c,staged_polynomial_basis_with_constant,"[[""1"",""u1"",""u2"",""u3""],[""u1"",""u3"",""u1*u2"",""u1*u3"",""u2*u3""],[""u1"",""u3""]]","[[""1"",""u1"",""u2"",""u3""],[""u1"",""u3"",""u1*u2"",""u1*u3"",""u2*u3""],[""u1"",""u3""]]","[[{""term"":""1"",""term_index"":1,""coefficient"":-10.0},{""term"":""u1"",""term_index"":2,""coefficient"":6.29044952485438},{""term"":""u2"",""term_index"":3,""coefficient"":9.785387629095977},{""term"":""u3"",""term_index"":4,""coefficient"":0.7561300726577517}],[{""term"":""u1"",""term_index"":2,""coefficient"":10.0},{""term"":""u3"",""term_index"":4,""coefficient"":-1.0371829639758336},{""term"":""u1*u2"",""term_index"":8,""coefficient"":-0.03402756078622493},{""term"":""u1*u3"",""term_index"":9,""coefficient"":1.7787661302093272},{""term"":""u2*u3"",""term_index"":10,""coefficient"":0.6740792667534788}],[{""term"":""u1"",""term_index"":2,""coefficient"":-1.6309936036232773},{""term"":""u3"",""term_index"":4,""coefficient"":-0.40098115394354933}]]",uncapped,False,3,30,30,,,,"[""Success"",""MaxIters"",""Unstable""]","[""Success"",""Failure"",""MaxLossEvals""]",281124,332983,0,281124,51859,385,195,0.3529411764705882,0.373015873015873,0.2727272727272727,0.3166666666666666,0.5,0.5,0.8218891131465448,1.0,6,3,11,6,3,3,8,0.3529411764705882,0.2727272727272727,0.5
731_evogrow_v2_2_stage_capped_61_2_7,paper1_phaseC_v1,C,,campaign_cell,,61,Chen-Lee attractor; system for gyro motion with feedback control of rigid body (chaotic),3,exact,3.0,evogrow_v2_2_stage_capped,evogrow_v2_2_stage_capped,7,finished,finished,True,,,2026-09-21T13:17:29.978Z,85.14808209369306,,False,False,False,pruned_support_terms_exact_match,3,0.0,0.0,3698143,,161878.789458997,False,True,False,731,2,0c9672de35c75a9d,221a3a7,False,0.1730282635954965,"[0.3688823491521104, 0.2361634612350706, -0.08596101960069147]",410,498,3698143,ffb0266c7913352c,staged_polynomial_basis_with_constant,"[[""1"",""u1"",""u2"",""u3"",""u2^2"",""u3^2""],[""u1""],[""1"",""u1"",""u2""]]","[[""1"",""u1"",""u2"",""u3"",""u2^2"",""u3^2""],[""u1""],[""1"",""u1"",""u2""]]","[[{""term"":""1"",""term_index"":1,""coefficient"":10.0},{""term"":""u1"",""term_index"":2,""coefficient"":-0.7065901804028264},{""term"":""u2"",""term_index"":3,""coefficient"":3.632512343479838},{""term"":""u3"",""term_index"":4,""coefficient"":-10.0},{""term"":""u2^2"",""term_index"":6,""coefficient"":0.02598847162108842},{""term"":""u3^2"",""term_index"":7,""coefficient"":-1.2368974522826761}],[{""term"":""u1"",""term_index"":2,""coefficient"":-7.072907360166152}],[{""term"":""1"",""term_index"":1,""coefficient"":0.22344625417808583},{""term"":""u1"",""term_index"":2,""coefficient"":-1.2254257973809533},{""term"":""u2"",""term_index"":3,""coefficient"":0.3565355115050797}]]",capped,False,3,30,20,"[0,0,0]","[3,3,3]","[3,3,3]","[""Success"",""MaxIters"",""Unstable""]","[""Success"",""Failure"",""MaxLossEvals""]",135620,156361,0,135620,20741,268,115,0.125,0.0833333333333333,0.1,0.0555555555555555,0.1666666666666666,0.1666666666666666,1.0235530060134277,1.1413180360805653,6,3,10,6,1,5,9,0.125,0.1,0.1666666666666666
732_evogrow_v2_2_stage_local_61_2_7,paper1_phaseC_v1,C,,campaign_cell,,61,Chen-Lee attractor; system for gyro motion with feedback control of rigid body (chaotic),3,exact,3.0,evogrow_v2_2_stage_local,evogrow_v2_2_stage_local,7,finished,finished,True,,,2026-09-21T13:17:23.137Z,85.14808209369306,,False,False,False,pruned_support_terms_exact_match,5,2.0,8.0,5237566,,248118.657450265,False,True,False,732,2,0c9672de35c75a9d,221a3a7,False,0.1730282635954965,"[0.3688823491521104, 0.2361634612350706, -0.08596101960069147]",570,774,5237566,ffb0266c7913352c,staged_polynomial_basis_with_constant,"[[""1"",""u1"",""u2"",""u3"",""u2^2"",""u3^2""],[""u1""],[""1"",""u1"",""u2""]]","[[""1"",""u1"",""u2"",""u3"",""u2^2"",""u3^2""],[""u1""],[""1"",""u1"",""u2""]]","[[{""term"":""1"",""term_index"":1,""coefficient"":10.0},{""term"":""u1"",""term_index"":2,""coefficient"":-0.7065901804028264},{""term"":""u2"",""term_index"":3,""coefficient"":3.632512343479838},{""term"":""u3"",""term_index"":4,""coefficient"":-10.0},{""term"":""u2^2"",""term_index"":6,""coefficient"":0.02598847162108842},{""term"":""u3^2"",""term_index"":7,""coefficient"":-1.2368974522826761}],[{""term"":""u1"",""term_index"":2,""coefficient"":-7.072907360166152}],[{""term"":""1"",""term_index"":1,""coefficient"":0.22344625417808583},{""term"":""u1"",""term_index"":2,""coefficient"":-1.2254257973809533},{""term"":""u2"",""term_index"":3,""coefficient"":0.3565355115050797}]]",uncapped,False,3,30,28,,,,"[""Success"",""MaxIters"",""Unstable""]","[""Success"",""Failure"",""MaxLossEvals""]",232225,275582,0,232225,43357,370,168,0.125,0.0833333333333333,0.1,0.0555555555555555,0.1666666666666666,0.1666666666666666,1.0235530060134277,1.1413180360805653,6,3,10,6,1,5,9,0.125,0.1,0.1666666666666666
733_evogrow_v2_2_stage_capped_62_1_42,paper1_phaseC_v1,C,,campaign_cell,,62,Binocular rivalry model with adaptation (oscillations),4,surrogate,,evogrow_v2_2_stage_capped,evogrow_v2_2_stage_capped,42,finished,finished,True,,,2026-09-25T03:08:24.364Z,1.541599254365772e-06,,,,,pruned_support_terms_exact_match,5,,,7136690,,84671.003813239,False,True,False,733,1,0c9672de35c75a9d,221a3a7,False,0.9999834654647276,"[0.9999633507062855, 0.999980788833408, 0.9999997189900656, 0.9999900033291513]",590,607,7136690,ffb0266c7913352c,staged_polynomial_basis_with_constant,"[[""1"",""u2"",""u4""],[""1"",""u2"",""u3""],[""1"",""u2"",""u3""],[""1"",""u3"",""u4""]]","[[""1"",""u2"",""u4""],[""1"",""u2"",""u3""],[""1"",""u2"",""u3""],[""u3"",""u4""]]","[[{""term"":""1"",""term_index"":1,""coefficient"":-1.2251498532987315},{""term"":""u2"",""term_index"":3,""coefficient"":0.8880435405000674},{""term"":""u4"",""term_index"":5,""coefficient"":1.0258549636993077}],[{""term"":""1"",""term_index"":1,""coefficient"":1.20520999543611},{""term"":""u2"",""term_index"":3,""coefficient"":-0.9477608483526326},{""term"":""u3"",""term_index"":4,""coefficient"":-0.9356034467540744}],[{""term"":""1"",""term_index"":1,""coefficient"":0.505385494541989},{""term"":""u2"",""term_index"":3,""coefficient"":0.08171240658148536},{""term"":""u3"",""term_index"":4,""coefficient"":-0.871522565258038}],[{""term"":""1"",""term_index"":1,""coefficient"":-0.000617557540485709},{""term"":""u3"",""term_index"":4,""coefficient"":0.994730773964443},{""term"":""u4"",""term_index"":5,""coefficient"":-0.9926464171695663}]]",capped,False,3,30,29,,"[5,5,5,5]","[null,null,null,null]","[""Success"",""MaxIters"",""Unstable""]","[""Success"",""Failure"",""MaxLossEvals""]",74879,85403,0,74879,10524,409,232,0.0,0.0,0.0,0.0,0.0,0.0,,,0,4,12,0,0,0,12,0.0,0.0,0.0
734_evogrow_v2_2_stage_local_62_1_42,paper1_phaseC_v1,C,,campaign_cell,,62,Binocular rivalry model with adaptation (oscillations),4,surrogate,,evogrow_v2_2_stage_local,evogrow_v2_2_stage_local,42,finished,finished,True,,,2026-09-25T03:18:54.738Z,1.541599254365772e-06,,,,,pruned_support_terms_exact_match,5,,,7136690,,75130.351430078,False,True,False,734,1,0c9672de35c75a9d,221a3a7,False,0.9999834654647276,"[0.9999633507062855, 0.999980788833408, 0.9999997189900656, 0.9999900033291513]",590,607,7136690,ffb0266c7913352c,staged_polynomial_basis_with_constant,"[[""1"",""u2"",""u4""],[""1"",""u2"",""u3""],[""1"",""u2"",""u3""],[""1"",""u3"",""u4""]]","[[""1"",""u2"",""u4""],[""1"",""u2"",""u3""],[""1"",""u2"",""u3""],[""u3"",""u4""]]","[[{""term"":""1"",""term_index"":1,""coefficient"":-1.2251498532987315},{""term"":""u2"",""term_index"":3,""coefficient"":0.8880435405000674},{""term"":""u4"",""term_index"":5,""coefficient"":1.0258549636993077}],[{""term"":""1"",""term_index"":1,""coefficient"":1.20520999543611},{""term"":""u2"",""term_index"":3,""coefficient"":-0.9477608483526326},{""term"":""u3"",""term_index"":4,""coefficient"":-0.9356034467540744}],[{""term"":""1"",""term_index"":1,""coefficient"":0.505385494541989},{""term"":""u2"",""term_index"":3,""coefficient"":0.08171240658148536},{""term"":""u3"",""term_index"":4,""coefficient"":-0.871522565258038}],[{""term"":""1"",""term_index"":1,""coefficient"":-0.000617557540485709},{""term"":""u3"",""term_index"":4,""coefficient"":0.994730773964443},{""term"":""u4"",""term_index"":5,""coefficient"":-0.9926464171695663}]]",uncapped,False,3,30,29,,,,"[""Success"",""MaxIters"",""Unstable""]","[""Success"",""Failure"",""MaxLossEvals""]",74879,85403,0,74879,10524,409,232,0.0,0.0,0.0,0.0,0.0,0.0,,,0,4,12,0,0,0,12,0.0,0.0,0.0
735_evogrow_v2_2_stage_capped_62_1_123,paper1_phaseC_v1,C,,campaign_cell,,62,Binocular rivalry model with adaptation (oscillations),4,surrogate,,evogrow_v2_2_stage_capped,evogrow_v2_2_stage_capped,123,finished,finished,True,,,2026-09-25T03:19:09.465Z,0.0007824072314183,,,,,pruned_support_terms_exact_match,5,,,5778644,,36491.273401405,False,True,False,735,1,0c9672de35c75a9d,221a3a7,False,0.989525920814466,"[0.9960965447905685, 0.9755914329332762, 0.9923104070117008, 0.9941052985223184]",530,548,5778644,ffb0266c7913352c,staged_polynomial_basis_with_constant,"[[""u1"",""u3""],[""1"",""u1"",""u3""],[""1"",""u3""],[""1"",""u2"",""u4""]]","[[""u1"",""u3""],[""1"",""u1"",""u3""],[""1"",""u3""],[""1"",""u2"",""u4""]]","[[{""term"":""u1"",""term_index"":2,""coefficient"":-0.41557803450922587},{""term"":""u3"",""term_index"":4,""coefficient"":0.39646564025671815}],[{""term"":""1"",""term_index"":1,""coefficient"":4.531250183588073},{""term"":""u1"",""term_index"":2,""coefficient"":-3.052625337255165},{""term"":""u3"",""term_index"":4,""coefficient"":-4.200288968666363}],[{""term"":""1"",""term_index"":1,""coefficient"":0.6220617349078967},{""term"":""u3"",""term_index"":4,""coefficient"":-0.9907594029310065}],[{""term"":""1"",""term_index"":1,""coefficient"":-0.9040583505857773},{""term"":""u2"",""term_index"":3,""coefficient"":1.1519627443134468},{""term"":""u4"",""term_index"":5,""coefficient"":0.2748877494203843}]]",capped,False,3,30,26,,"[5,5,5,5]","[null,null,null,null]","[""Success"",""Unstable"",""MaxIters""]","[""Success"",""Failure"",""MaxLossEvals""]",46184,51191,0,46184,5007,367,169,0.0,0.0,0.0,0.0,0.0,0.0,,,0,4,10,0,0,0,10,0.0,0.0,0.0
736_evogrow_v2_2_stage_local_62_1_123,paper1_phaseC_v1,C,,campaign_cell,,62,Binocular rivalry model with adaptation (oscillations),4,surrogate,,evogrow_v2_2_stage_local,evogrow_v2_2_stage_local,123,finished,finished,True,,,2026-09-25T03:42:23.944Z,0.0007824072314183,,,,,pruned_support_terms_exact_match,5,,,5778644,,43061.326172852,False,True,False,736,1,0c9672de35c75a9d,221a3a7,False,0.989525920814466,"[0.9960965447905685, 0.9755914329332762, 0.9923104070117008, 0.9941052985223184]",530,548,5778644,ffb0266c7913352c,staged_polynomial_basis_with_constant,"[[""u1"",""u3""],[""1"",""u1"",""u3""],[""1"",""u3""],[""1"",""u2"",""u4""]]","[[""u1"",""u3""],[""1"",""u1"",""u3""],[""1"",""u3""],[""1"",""u2"",""u4""]]","[[{""term"":""u1"",""term_index"":2,""coefficient"":-0.41557803450922587},{""term"":""u3"",""term_index"":4,""coefficient"":0.39646564025671815}],[{""term"":""1"",""term_index"":1,""coefficient"":4.531250183588073},{""term"":""u1"",""term_index"":2,""coefficient"":-3.052625337255165},{""term"":""u3"",""term_index"":4,""coefficient"":-4.200288968666363}],[{""term"":""1"",""term_index"":1,""coefficient"":0.6220617349078967},{""term"":""u3"",""term_index"":4,""coefficient"":-0.9907594029310065}],[{""term"":""1"",""term_index"":1,""coefficient"":-0.9040583505857773},{""term"":""u2"",""term_index"":3,""coefficient"":1.1519627443134468},{""term"":""u4"",""term_index"":5,""coefficient"":0.2748877494203843}]]",uncapped,False,3,30,26,,,,"[""Success"",""Unstable"",""MaxIters""]","[""Success"",""Failure"",""MaxLossEvals""]",46184,51191,0,46184,5007,367,169,0.0,0.0,0.0,0.0,0.0,0.0,,,0,4,10,0,0,0,10,0.0,0.0,0.0
737_evogrow_v2_2_stage_capped_62_1_7,paper1_phaseC_v1,C,,campaign_cell,,62,Binocular rivalry model with adaptation (oscillations),4,surrogate,,evogrow_v2_2_stage_capped,evogrow_v2_2_stage_capped,7,finished,finished,True,,,2026-09-25T03:55:24.477Z,4.989570607885273e-05,,,,,pruned_support_terms_exact_match,5,,,7740861,,69774.510294092,False,True,False,737,1,0c9672de35c75a9d,221a3a7,False,0.9992693314556104,"[0.9997500445094027, 0.9988469633381751, 0.9999132111793806, 0.9985671067954832]",610,622,7740861,ffb0266c7913352c,staged_polynomial_basis_with_constant,"[[""u2"",""u3"",""u4""],[""1"",""u1"",""u4""],[""1"",""u3"",""u4""],[""u1"",""u2"",""u4^2""]]","[[""u2"",""u3"",""u4""],[""1"",""u1"",""u4""],[""1"",""u3"",""u4""],[""u1"",""u2"",""u4^2""]]","[[{""term"":""u2"",""term_index"":3,""coefficient"":-0.639605438523949},{""term"":""u3"",""term_index"":4,""coefficient"":1.1735646370345452},{""term"":""u4"",""term_index"":5,""coefficient"":-0.5330509482428226}],[{""term"":""1"",""term_index"":1,""coefficient"":-1.829983241196321},{""term"":""u1"",""term_index"":2,""coefficient"":1.82078287254191},{""term"":""u4"",""term_index"":5,""coefficient"":1.0338193355935177}],[{""term"":""1"",""term_index"":1,""coefficient"":0.5680013632419779},{""term"":""u3"",""term_index"":4,""coefficient"":-0.8294925375852615},{""term"":""u4"",""term_index"":5,""coefficient"":-0.053336197851359374}],[{""term"":""u1"",""term_index"":2,""coefficient"":-0.44331645668789554},{""term"":""u2"",""term_index"":3,""coefficient"":0.6805336840451545},{""term"":""u4^2"",""term_index"":9,""coefficient"":-0.3787739814352687}]]",capped,False,3,30,30,,"[5,5,5,5]","[null,null,null,null]","[""Success"",""MaxIters"",""Unstable""]","[""Failure"",""Success"",""MaxLossEvals""]",94382,103625,0,94382,9243,480,265,0.0,0.0,0.0,0.0,0.0,0.0,,,0,4,12,0,0,0,12,0.0,0.0,0.0
738_evogrow_v2_2_stage_local_62_1_7,paper1_phaseC_v1,C,,campaign_cell,,62,Binocular rivalry model with adaptation (oscillations),4,surrogate,,evogrow_v2_2_stage_local,evogrow_v2_2_stage_local,7,finished,finished,True,,,2026-09-25T04:10:55.497Z,4.989570607885273e-05,,,,,pruned_support_terms_exact_match,5,,,7740861,,69031.999337692,False,True,False,738,1,0c9672de35c75a9d,221a3a7,False,0.9992693314556104,"[0.9997500445094027, 0.9988469633381751, 0.9999132111793806, 0.9985671067954832]",610,622,7740861,ffb0266c7913352c,staged_polynomial_basis_with_constant,"[[""u2"",""u3"",""u4""],[""1"",""u1"",""u4""],[""1"",""u3"",""u4""],[""u1"",""u2"",""u4^2""]]","[[""u2"",""u3"",""u4""],[""1"",""u1"",""u4""],[""1"",""u3"",""u4""],[""u1"",""u2"",""u4^2""]]","[[{""term"":""u2"",""term_index"":3,""coefficient"":-0.639605438523949},{""term"":""u3"",""term_index"":4,""coefficient"":1.1735646370345452},{""term"":""u4"",""term_index"":5,""coefficient"":-0.5330509482428226}],[{""term"":""1"",""term_index"":1,""coefficient"":-1.829983241196321},{""term"":""u1"",""term_index"":2,""coefficient"":1.82078287254191},{""term"":""u4"",""term_index"":5,""coefficient"":1.0338193355935177}],[{""term"":""1"",""term_index"":1,""coefficient"":0.5680013632419779},{""term"":""u3"",""term_index"":4,""coefficient"":-0.8294925375852615},{""term"":""u4"",""term_index"":5,""coefficient"":-0.053336197851359374}],[{""term"":""u1"",""term_index"":2,""coefficient"":-0.44331645668789554},{""term"":""u2"",""term_index"":3,""coefficient"":0.6805336840451545},{""term"":""u4^2"",""term_index"":9,""coefficient"":-0.3787739814352687}]]",uncapped,False,3,30,30,,,,"[""Success"",""MaxIters"",""Unstable""]","[""Failure"",""Success"",""MaxLossEvals""]",94382,103625,0,94382,9243,480,265,0.0,0.0,0.0,0.0,0.0,0.0,,,0,4,12,0,0,0,12,0.0,0.0,0.0
739_evogrow_v2_2_stage_capped_62_2_42,paper1_phaseC_v1,C,,campaign_cell,,62,Binocular rivalry model with adaptation (oscillations),4,surrogate,,evogrow_v2_2_stage_capped,evogrow_v2_2_stage_capped,42,finished,finished,True,,,2026-09-25T04:20:10.866Z,0.0004483758767823,,,,,pruned_support_terms_exact_match,5,,,2199253,,12207.324569695,False,True,False,739,2,0c9672de35c75a9d,221a3a7,False,0.907835537745214,"[0.644456896533801, 0.9982292188953026, 0.9985829706029726, 0.9900730649487804]",470,486,2199253,ffb0266c7913352c,staged_polynomial_basis_with_constant,"[[""u1"",""u3""],[""u1"",""u2""],[""u1"",""u3""],[""1"",""u2"",""u4^2""]]","[[""u1"",""u3""],[""u1"",""u2""],[""u1"",""u3""],[""1"",""u2"",""u4^2""]]","[[{""term"":""u1"",""term_index"":2,""coefficient"":0.3069086525357839},{""term"":""u3"",""term_index"":4,""coefficient"":-0.32816323057815083}],[{""term"":""u1"",""term_index"":2,""coefficient"":1.1507300301913854},{""term"":""u2"",""term_index"":3,""coefficient"":-1.1727953873848818}],[{""term"":""u1"",""term_index"":2,""coefficient"":1.3364604387078758},{""term"":""u3"",""term_index"":4,""coefficient"":-1.3881848410222088}],[{""term"":""1"",""term_index"":1,""coefficient"":-0.060631271830984615},{""term"":""u2"",""term_index"":3,""coefficient"":0.8560763317148564},{""term"":""u4^2"",""term_index"":9,""coefficient"":-1.2533898543163713}]]",capped,False,3,30,23,,"[5,5,5,5]","[null,null,null,null]","[""Success"",""Unstable"",""MaxIters""]","[""Success"",""Failure"",""MaxLossEvals""]",51836,53571,0,51836,1735,93,36,0.0,0.0,0.0,0.0,0.0,0.0,,,0,4,9,0,0,0,9,0.0,0.0,0.0
740_evogrow_v2_2_stage_local_62_2_42,paper1_phaseC_v1,C,,campaign_cell,,62,Binocular rivalry model with adaptation (oscillations),4,surrogate,,evogrow_v2_2_stage_local,evogrow_v2_2_stage_local,42,finished,finished,True,,,2026-09-25T04:26:13.410Z,0.0004483758767823,,,,,pruned_support_terms_exact_match,5,,,2199253,,11580.259354888,False,True,False,740,2,0c9672de35c75a9d,221a3a7,False,0.907835537745214,"[0.644456896533801, 0.9982292188953026, 0.9985829706029726, 0.9900730649487804]",470,486,2199253,ffb0266c7913352c,staged_polynomial_basis_with_constant,"[[""u1"",""u3""],[""u1"",""u2""],[""u1"",""u3""],[""1"",""u2"",""u4^2""]]","[[""u1"",""u3""],[""u1"",""u2""],[""u1"",""u3""],[""1"",""u2"",""u4^2""]]","[[{""term"":""u1"",""term_index"":2,""coefficient"":0.3069086525357839},{""term"":""u3"",""term_index"":4,""coefficient"":-0.32816323057815083}],[{""term"":""u1"",""term_index"":2,""coefficient"":1.1507300301913854},{""term"":""u2"",""term_index"":3,""coefficient"":-1.1727953873848818}],[{""term"":""u1"",""term_index"":2,""coefficient"":1.3364604387078758},{""term"":""u3"",""term_index"":4,""coefficient"":-1.3881848410222088}],[{""term"":""1"",""term_index"":1,""coefficient"":-0.060631271830984615},{""term"":""u2"",""term_index"":3,""coefficient"":0.8560763317148564},{""term"":""u4^2"",""term_index"":9,""coefficient"":-1.2533898543163713}]]",uncapped,False,3,30,23,,,,"[""Success"",""Unstable"",""MaxIters""]","[""Success"",""Failure"",""MaxLossEvals""]",51836,53571,0,51836,1735,93,36,0.0,0.0,0.0,0.0,0.0,0.0,,,0,4,9,0,0,0,9,0.0,0.0,0.0
741_evogrow_v2_2_stage_capped_62_2_123,paper1_phaseC_v1,C,,campaign_cell,,62,Binocular rivalry model with adaptation (oscillations),4,surrogate,,evogrow_v2_2_stage_capped,evogrow_v2_2_stage_capped,123,finished,finished,True,,,2026-09-25T04:31:31.132Z,0.0008857937156918,,,,,pruned_support_terms_exact_match,5,,,6268621,,41835.376678326,False,True,False,741,2,0c9672de35c75a9d,221a3a7,False,0.6981845961057808,"[-0.19571472232572873, 0.988833527615666, 0.9996857520084679, 0.9999338271247181]",510,519,6268621,ffb0266c7913352c,staged_polynomial_basis_with_constant,"[[""1"",""u2""],[""1"",""u1""],[""1"",""u1"",""u3""],[""u1"",""u3"",""u4""]]","[[""1"",""u2""],[""1"",""u1""],[""1"",""u1"",""u3""],[""u1"",""u3"",""u4""]]","[[{""term"":""1"",""term_index"":1,""coefficient"":0.17005452708693056},{""term"":""u2"",""term_index"":3,""coefficient"":-0.25693025527091334}],[{""term"":""1"",""term_index"":1,""coefficient"":1.808723070036869},{""term"":""u1"",""term_index"":2,""coefficient"":-2.6512738278787484}],[{""term"":""1"",""term_index"":1,""coefficient"":0.6810768929402967},{""term"":""u1"",""term_index"":2,""coefficient"":0.07029635731392658},{""term"":""u3"",""term_index"":4,""coefficient"":-1.1366816885132467}],[{""term"":""u1"",""term_index"":2,""coefficient"":-0.012113539806499127},{""term"":""u3"",""term_index"":4,""coefficient"":1.0313613356222957},{""term"":""u4"",""term_index"":5,""coefficient"":-1.0158322387124348}]]",capped,False,3,30,25,,"[5,5,5,5]","[null,null,null,null]","[""Success"",""Unstable"",""MaxIters""]","[""Success"",""Failure"",""MaxLossEvals""]",42980,47960,0,42980,4980,352,240,0.0,0.0,0.0,0.0,0.0,0.0,,,0,4,10,0,0,0,10,0.0,0.0,0.0
742_evogrow_v2_2_stage_local_62_2_123,paper1_phaseC_v1,C,,campaign_cell,,62,Binocular rivalry model with adaptation (oscillations),4,surrogate,,evogrow_v2_2_stage_local,evogrow_v2_2_stage_local,123,finished,finished,True,,,2026-09-25T04:41:44.478Z,0.0008857937156918,,,,,pruned_support_terms_exact_match,5,,,6268621,,35399.433794399,False,True,False,742,2,0c9672de35c75a9d,221a3a7,False,0.6981845961057808,"[-0.19571472232572873, 0.988833527615666, 0.9996857520084679, 0.9999338271247181]",510,519,6268621,ffb0266c7913352c,staged_polynomial_basis_with_constant,"[[""1"",""u2""],[""1"",""u1""],[""1"",""u1"",""u3""],[""u1"",""u3"",""u4""]]","[[""1"",""u2""],[""1"",""u1""],[""1"",""u1"",""u3""],[""u1"",""u3"",""u4""]]","[[{""term"":""1"",""term_index"":1,""coefficient"":0.17005452708693056},{""term"":""u2"",""term_index"":3,""coefficient"":-0.25693025527091334}],[{""term"":""1"",""term_index"":1,""coefficient"":1.808723070036869},{""term"":""u1"",""term_index"":2,""coefficient"":-2.6512738278787484}],[{""term"":""1"",""term_index"":1,""coefficient"":0.6810768929402967},{""term"":""u1"",""term_index"":2,""coefficient"":0.07029635731392658},{""term"":""u3"",""term_index"":4,""coefficient"":-1.1366816885132467}],[{""term"":""u1"",""term_index"":2,""coefficient"":-0.012113539806499127},{""term"":""u3"",""term_index"":4,""coefficient"":1.0313613356222957},{""term"":""u4"",""term_index"":5,""coefficient"":-1.0158322387124348}]]",uncapped,False,3,30,25,,,,"[""Success"",""Unstable"",""MaxIters""]","[""Success"",""Failure"",""MaxLossEvals""]",42980,47960,0,42980,4980,352,240,0.0,0.0,0.0,0.0,0.0,0.0,,,0,4,10,0,0,0,10,0.0,0.0,0.0
743_evogrow_v2_2_stage_capped_62_2_7,paper1_phaseC_v1,C,,campaign_cell,,62,Binocular rivalry model with adaptation (oscillations),4,surrogate,,evogrow_v2_2_stage_capped,evogrow_v2_2_stage_capped,7,finished,finished,True,,,2026-09-25T05:55:33.680Z,0.0012192590256135,,,,,pruned_support_terms_exact_match,5,,,3595407,,6821.334926955,False,True,False,743,2,0c9672de35c75a9d,221a3a7,False,0.7407165211673562,"[0.002086399406401984, 0.9786979764570617, 0.999937363014057, 0.9821443457919042]",510,512,3595407,ffb0266c7913352c,staged_polynomial_basis_with_constant,"[[""1"",""u4""],[""1"",""u4""],[""1"",""u3"",""u4""],[""u3"",""u4""]]","[[""1"",""u4""],[""1"",""u4""],[""1"",""u3"",""u4""],[""u3"",""u4""]]","[[{""term"":""1"",""term_index"":1,""coefficient"":0.14354728673992523},{""term"":""u4"",""term_index"":5,""coefficient"":-0.2636206995291477}],[{""term"":""1"",""term_index"":1,""coefficient"":0.42457868696344997},{""term"":""u4"",""term_index"":5,""coefficient"":-0.7162229581854376}],[{""term"":""1"",""term_index"":1,""coefficient"":0.7020744669960743},{""term"":""u3"",""term_index"":4,""coefficient"":-1.001862375540222},{""term"":""u4"",""term_index"":5,""coefficient"":-0.10046591106785308}],[{""term"":""u3"",""term_index"":4,""coefficient"":1.4457065056563116},{""term"":""u4"",""term_index"":5,""coefficient"":-1.5066202711726149}]]",capped,False,3,30,25,,"[5,5,5,5]","[null,null,null,null]","[""Success"",""Unstable"",""MaxIters""]","[""MaxLossEvals"",""Failure"",""Success""]",16062,16941,0,16062,879,185,97,0.0,0.0,0.0,0.0,0.0,0.0,,,0,4,9,0,0,0,9,0.0,0.0,0.0
744_evogrow_v2_2_stage_local_62_2_7,paper1_phaseC_v1,C,,campaign_cell,,62,Binocular rivalry model with adaptation (oscillations),4,surrogate,,evogrow_v2_2_stage_local,evogrow_v2_2_stage_local,7,finished,finished,True,,,2026-09-25T06:06:28.631Z,0.0012192590256135,,,,,pruned_support_terms_exact_match,5,,,3595407,,8916.061981903,False,True,False,744,2,0c9672de35c75a9d,221a3a7,False,0.7407165211673562,"[0.002086399406401984, 0.9786979764570617, 0.999937363014057, 0.9821443457919042]",510,512,3595407,ffb0266c7913352c,staged_polynomial_basis_with_constant,"[[""1"",""u4""],[""1"",""u4""],[""1"",""u3"",""u4""],[""u3"",""u4""]]","[[""1"",""u4""],[""1"",""u4""],[""1"",""u3"",""u4""],[""u3"",""u4""]]","[[{""term"":""1"",""term_index"":1,""coefficient"":0.14354728673992523},{""term"":""u4"",""term_index"":5,""coefficient"":-0.2636206995291477}],[{""term"":""1"",""term_index"":1,""coefficient"":0.42457868696344997},{""term"":""u4"",""term_index"":5,""coefficient"":-0.7162229581854376}],[{""term"":""1"",""term_index"":1,""coefficient"":0.7020744669960743},{""term"":""u3"",""term_index"":4,""coefficient"":-1.001862375540222},{""term"":""u4"",""term_index"":5,""coefficient"":-0.10046591106785308}],[{""term"":""u3"",""term_index"":4,""coefficient"":1.4457065056563116},{""term"":""u4"",""term_index"":5,""coefficient"":-1.5066202711726149}]]",uncapped,False,3,30,25,,,,"[""Success"",""Unstable"",""MaxIters""]","[""MaxLossEvals"",""Failure"",""Success""]",16062,16941,0,16062,879,185,97,0.0,0.0,0.0,0.0,0.0,0.0,,,0,4,9,0,0,0,9,0.0,0.0,0.0
745_evogrow_v2_2_stage_capped_63_1_42,paper1_phaseC_v1,C,,campaign_cell,,63,SEIR infection model (proportions),4,exact,3.0,evogrow_v2_2_stage_capped,evogrow_v2_2_stage_capped,42,finished,finished,True,,,2026-09-25T06:50:21.818Z,0.000788737193891,,False,False,False,pruned_support_terms_exact_match,5,2.0,8.0,477196,,984.48993419,False,True,False,745,1,0c9672de35c75a9d,221a3a7,False,0.4688865646555332,"[0.9367449825334272, 0.9402346800580519, -0.9742581724035335, 0.9728247684341873]",410,413,477196,ffb0266c7913352c,staged_polynomial_basis_with_constant,"[[""u3""],[""u2""],[""u2""],[""u3""]]","[[""u3""],[""u2""],[""u2""],[""u3""]]","[[{""term"":""u3"",""term_index"":4,""coefficient"":-0.17788561724223156}],[{""term"":""u2"",""term_index"":3,""coefficient"":-0.3042437045945745}],[{""term"":""u2"",""term_index"":3,""coefficient"":0.07413805348903335}],[{""term"":""u3"",""term_index"":4,""coefficient"":0.37655618457286566}]]",capped,False,3,30,20,"[2,2,2,2]","[5,5,5,5]","[null,null,null,null]","[""Success"",""Unstable"",""MaxIters""]","[""Success"",""Failure"",""MaxLossEvals""]",1555,1739,0,1555,184,17,5,0.6,0.5833333333333333,0.75,0.75,0.5,0.5,0.7416866185864829,1.0,6,4,4,6,3,3,1,0.6,0.75,0.5
746_evogrow_v2_2_stage_local_63_1_42,paper1_phaseC_v1,C,,campaign_cell,,63,SEIR infection model (proportions),4,exact,3.0,evogrow_v2_2_stage_local,evogrow_v2_2_stage_local,42,finished,finished,True,,,2026-09-25T07:02:35.699Z,0.000788737193891,,False,False,False,pruned_support_terms_exact_match,5,2.0,8.0,477196,,741.261267231,False,True,False,746,1,0c9672de35c75a9d,221a3a7,False,0.4688865646555332,"[0.9367449825334272, 0.9402346800580519, -0.9742581724035335, 0.9728247684341873]",410,413,477196,ffb0266c7913352c,staged_polynomial_basis_with_constant,"[[""u3""],[""u2""],[""u2""],[""u3""]]","[[""u3""],[""u2""],[""u2""],[""u3""]]","[[{""term"":""u3"",""term_index"":4,""coefficient"":-0.17788561724223156}],[{""term"":""u2"",""term_index"":3,""coefficient"":-0.3042437045945745}],[{""term"":""u2"",""term_index"":3,""coefficient"":0.07413805348903335}],[{""term"":""u3"",""term_index"":4,""coefficient"":0.37655618457286566}]]",uncapped,False,3,30,20,,,,"[""Success"",""Unstable"",""MaxIters""]","[""Success"",""Failure"",""MaxLossEvals""]",1555,1739,0,1555,184,17,5,0.6,0.5833333333333333,0.75,0.75,0.5,0.5,0.7416866185864829,1.0,6,4,4,6,3,3,1,0.6,0.75,0.5
747_evogrow_v2_2_stage_capped_63_1_123,paper1_phaseC_v1,C,,campaign_cell,,63,SEIR infection model (proportions),4,exact,3.0,evogrow_v2_2_stage_capped,evogrow_v2_2_stage_capped,123,finished,finished,True,,,2026-09-25T07:07:50.585Z,0.0008627601990522,,False,False,False,pruned_support_terms_exact_match,5,2.0,8.0,298767,,479.224844106,False,True,False,747,1,0c9672de35c75a9d,221a3a7,False,0.2625643211169729,"[0.9760166822894702, 0.953001588329331, -1.8715929957067408, 0.9928320095558312]",410,413,298767,ffb0266c7913352c,staged_polynomial_basis_with_constant,"[[""1""],[""u2""],[""u1""],[""1""]]","[[""1""],[""u2""],[""u1""],[""1""]]","[[{""term"":""1"",""term_index"":1,""coefficient"":-0.024028240112046084}],[{""term"":""u2"",""term_index"":3,""coefficient"":-0.27763322693051284}],[{""term"":""u1"",""term_index"":2,""coefficient"":0.01700685693297111}],[{""term"":""1"",""term_index"":1,""coefficient"":0.05041056851115182}]]",capped,False,3,30,20,"[2,2,2,2]","[5,5,5,5]","[null,null,null,null]","[""Success"",""Unstable"",""MaxIters""]","[""Success"",""Failure""]",517,597,0,517,80,2,0,0.2,0.1666666666666666,0.25,0.25,0.1666666666666666,0.125,0.9015485010884706,1.0,6,4,4,6,1,5,3,0.2,0.25,0.1666666666666666
748_evogrow_v2_2_stage_local_63_1_123,paper1_phaseC_v1,C,,campaign_cell,,63,SEIR infection model (proportions),4,exact,3.0,evogrow_v2_2_stage_local,evogrow_v2_2_stage_local,123,finished,finished,True,,,2026-09-25T07:15:49.477Z,0.0008627601990522,,False,False,False,pruned_support_terms_exact_match,5,2.0,8.0,298767,,346.329897535,False,True,False,748,1,0c9672de35c75a9d,221a3a7,False,0.2625643211169729,"[0.9760166822894702, 0.953001588329331, -1.8715929957067408, 0.9928320095558312]",410,413,298767,ffb0266c7913352c,staged_polynomial_basis_with_constant,"[[""1""],[""u2""],[""u1""],[""1""]]","[[""1""],[""u2""],[""u1""],[""1""]]","[[{""term"":""1"",""term_index"":1,""coefficient"":-0.024028240112046084}],[{""term"":""u2"",""term_index"":3,""coefficient"":-0.27763322693051284}],[{""term"":""u1"",""term_index"":2,""coefficient"":0.01700685693297111}],[{""term"":""1"",""term_index"":1,""coefficient"":0.05041056851115182}]]",uncapped,False,3,30,20,,,,"[""Success"",""Unstable"",""MaxIters""]","[""Success"",""Failure""]",517,597,0,517,80,2,0,0.2,0.1666666666666666,0.25,0.25,0.1666666666666666,0.125,0.9015485010884706,1.0,6,4,4,6,1,5,3,0.2,0.25,0.1666666666666666
749_evogrow_v2_2_stage_capped_63_1_7,paper1_phaseC_v1,C,,campaign_cell,,63,SEIR infection model (proportions),4,exact,3.0,evogrow_v2_2_stage_capped,evogrow_v2_2_stage_capped,7,finished,finished,True,,,2026-09-25T07:17:00.310Z,0.0005685338421954,,False,False,False,pruned_support_terms_exact_match,5,2.0,10.0,814942,,2393.842311955,False,True,False,749,1,0c9672de35c75a9d,221a3a7,False,0.843184867440691,"[0.9912520200239731, 0.5083192177082148, 0.8747623148127099, 0.998405917217866]",450,450,814942,ffb0266c7913352c,staged_polynomial_basis_with_constant,"[[""u1""],[""u1""],[""u4"",""u2^3""],[""u3""]]","[[""u1""],[""u1""],[""u4"",""u2^3""],[""u3""]]","[[{""term"":""u1"",""term_index"":2,""coefficient"":-0.04869637358488469}],[{""term"":""u1"",""term_index"":2,""coefficient"":-0.0702760079013514}],[{""term"":""u4"",""term_index"":5,""coefficient"":-0.05868002719744569},{""term"":""u2^3"",""term_index"":17,""coefficient"":2.655866805292377}],[{""term"":""u3"",""term_index"":4,""coefficient"":0.30567051848093196}]]",capped,False,3,30,22,"[2,2,2,2]","[5,5,5,5]","[null,null,null,null]","[""Success"",""Unstable"",""MaxIters""]","[""Failure"",""Success"",""MaxLossEvals""]",1816,2275,0,1816,427,72,8,0.1818181818181818,0.25,0.2,0.25,0.1666666666666666,0.25,0.8364836213782955,1.0,6,4,5,6,1,5,4,0.1818181818181818,0.2,0.1666666666666666
750_evogrow_v2_2_stage_local_63_1_7,paper1_phaseC_v1,C,,campaign_cell,,63,SEIR infection model (proportions),4,exact,3.0,evogrow_v2_2_stage_local,evogrow_v2_2_stage_local,7,finished,finished,True,,,2026-09-25T07:22:43.284Z,0.0005685338421954,,False,False,False,pruned_support_terms_exact_match,5,2.0,10.0,814942,,2127.68238091,False,True,False,750,1,0c9672de35c75a9d,221a3a7,False,0.843184867440691,"[0.9912520200239731, 0.5083192177082148, 0.8747623148127099, 0.998405917217866]",450,450,814942,ffb0266c7913352c,staged_polynomial_basis_with_constant,"[[""u1""],[""u1""],[""u4"",""u2^3""],[""u3""]]","[[""u1""],[""u1""],[""u4"",""u2^3""],[""u3""]]","[[{""term"":""u1"",""term_index"":2,""coefficient"":-0.04869637358488469}],[{""term"":""u1"",""term_index"":2,""coefficient"":-0.0702760079013514}],[{""term"":""u4"",""term_index"":5,""coefficient"":-0.05868002719744569},{""term"":""u2^3"",""term_index"":17,""coefficient"":2.655866805292377}],[{""term"":""u3"",""term_index"":4,""coefficient"":0.30567051848093196}]]",uncapped,False,3,30,22,,,,"[""Success"",""Unstable"",""MaxIters""]","[""Failure"",""Success"",""MaxLossEvals""]",1816,2275,0,1816,427,72,8,0.1818181818181818,0.25,0.2,0.25,0.1666666666666666,0.25,0.8364836213782955,1.0,6,4,5,6,1,5,4,0.1818181818181818,0.2,0.1666666666666666
751_evogrow_v2_2_stage_capped_63_2_42,paper1_phaseC_v1,C,,campaign_cell,,63,SEIR infection model (proportions),4,exact,3.0,evogrow_v2_2_stage_capped,evogrow_v2_2_stage_capped,42,finished,finished,True,,,2026-09-25T07:26:57.844Z,0.0004409038327538,,False,False,False,pruned_support_terms_exact_match,5,2.0,8.0,395772,,1817.480553175,False,True,False,751,2,0c9672de35c75a9d,221a3a7,False,0.8957450961617202,"[0.8919225377223311, 0.9895989048900482, 0.7057627978516848, 0.9956961441828164]",410,410,395772,ffb0266c7913352c,staged_polynomial_basis_with_constant,"[[""1""],[""u2""],[""1""],[""u3""]]","[[""1""],[""u2""],[""1""],[""u3""]]","[[{""term"":""1"",""term_index"":1,""coefficient"":-0.020793379997774884}],[{""term"":""u2"",""term_index"":3,""coefficient"":-0.2985784599819029}],[{""term"":""1"",""term_index"":1,""coefficient"":-0.013412398899995107}],[{""term"":""u3"",""term_index"":4,""coefficient"":0.34949744828218166}]]",capped,False,3,30,20,"[2,2,2,2]","[5,5,5,5]","[null,null,null,null]","[""Success"",""Unstable"",""MaxIters""]","[""Success"",""MaxLossEvals"",""Failure""]",2513,2878,0,2513,365,20,2,0.4,0.4166666666666666,0.5,0.5,0.3333333333333333,0.375,0.7549530291939178,1.0,6,4,4,6,2,4,2,0.4,0.5,0.3333333333333333
752_evogrow_v2_2_stage_local_63_2_42,paper1_phaseC_v1,C,,campaign_cell,,63,SEIR infection model (proportions),4,exact,3.0,evogrow_v2_2_stage_local,evogrow_v2_2_stage_local,42,finished,finished,True,,,2026-09-25T07:40:06.231Z,0.0004409038327538,,False,False,False,pruned_support_terms_exact_match,5,2.0,8.0,395772,,1346.341439585,False,True,False,752,2,0c9672de35c75a9d,221a3a7,False,0.8957450961617202,"[0.8919225377223311, 0.9895989048900482, 0.7057627978516848, 0.9956961441828164]",410,410,395772,ffb0266c7913352c,staged_polynomial_basis_with_constant,"[[""1""],[""u2""],[""1""],[""u3""]]","[[""1""],[""u2""],[""1""],[""u3""]]","[[{""term"":""1"",""term_index"":1,""coefficient"":-0.020793379997774884}],[{""term"":""u2"",""term_index"":3,""coefficient"":-0.2985784599819029}],[{""term"":""1"",""term_index"":1,""coefficient"":-0.013412398899995107}],[{""term"":""u3"",""term_index"":4,""coefficient"":0.34949744828218166}]]",uncapped,False,3,30,20,,,,"[""Success"",""Unstable"",""MaxIters""]","[""Success"",""MaxLossEvals"",""Failure""]",2513,2878,0,2513,365,20,2,0.4,0.4166666666666666,0.5,0.5,0.3333333333333333,0.375,0.7549530291939178,1.0,6,4,4,6,2,4,2,0.4,0.5,0.3333333333333333
753_evogrow_v2_2_stage_capped_63_2_123,paper1_phaseC_v1,C,,campaign_cell,,63,SEIR infection model (proportions),4,exact,3.0,evogrow_v2_2_stage_capped,evogrow_v2_2_stage_capped,123,finished,finished,True,,,2026-09-25T07:44:32.601Z,0.0005329297263129,,False,False,False,pruned_support_terms_exact_match,5,2.0,8.0,492427,,99.514561314,False,True,False,753,2,0c9672de35c75a9d,221a3a7,False,0.9442324653659722,"[0.9587004643661775, 0.9884491947556433, 0.8722937838049811, 0.9574864185370869]",410,414,492427,ffb0266c7913352c,staged_polynomial_basis_with_constant,"[[""u2""],[""u2""],[""u4""],[""1""]]","[[""u2""],[""u2""],[""u4""],[""1""]]","[[{""term"":""u2"",""term_index"":3,""coefficient"":-0.16193865332115606}],[{""term"":""u2"",""term_index"":3,""coefficient"":-0.28994203523827133}],[{""term"":""u4"",""term_index"":5,""coefficient"":-0.04210806426108111}],[{""term"":""1"",""term_index"":1,""coefficient"":0.06967033971097873}]]",capped,False,3,30,20,"[2,2,2,2]","[5,5,5,5]","[null,null,null,null]","[""Success"",""Unstable""]","[""Success"",""Failure""]",1217,1217,0,1217,0,45,0,0.2,0.1666666666666666,0.25,0.25,0.1666666666666666,0.125,0.8971836754474215,1.0,6,4,4,6,1,5,3,0.2,0.25,0.1666666666666666
754_evogrow_v2_2_stage_local_63_2_123,paper1_phaseC_v1,C,,campaign_cell,,63,SEIR infection model (proportions),4,exact,3.0,evogrow_v2_2_stage_local,evogrow_v2_2_stage_local,123,finished,finished,True,,,2026-09-25T07:47:05.414Z,0.0005329297263129,,False,False,False,pruned_support_terms_exact_match,5,2.0,8.0,492427,,91.985453578,False,True,False,754,2,0c9672de35c75a9d,221a3a7,False,0.9442324653659722,"[0.9587004643661775, 0.9884491947556433, 0.8722937838049811, 0.9574864185370869]",410,414,492427,ffb0266c7913352c,staged_polynomial_basis_with_constant,"[[""u2""],[""u2""],[""u4""],[""1""]]","[[""u2""],[""u2""],[""u4""],[""1""]]","[[{""term"":""u2"",""term_index"":3,""coefficient"":-0.16193865332115606}],[{""term"":""u2"",""term_index"":3,""coefficient"":-0.28994203523827133}],[{""term"":""u4"",""term_index"":5,""coefficient"":-0.04210806426108111}],[{""term"":""1"",""term_index"":1,""coefficient"":0.06967033971097873}]]",uncapped,False,3,30,20,,,,"[""Success"",""Unstable""]","[""Success"",""Failure""]",1217,1217,0,1217,0,45,0,0.2,0.1666666666666666,0.25,0.25,0.1666666666666666,0.125,0.8971836754474215,1.0,6,4,4,6,1,5,3,0.2,0.25,0.1666666666666666
755_evogrow_v2_2_stage_capped_63_2_7,paper1_phaseC_v1,C,,campaign_cell,,63,SEIR infection model (proportions),4,exact,3.0,evogrow_v2_2_stage_capped,evogrow_v2_2_stage_capped,7,finished,finished,True,,,2026-09-25T07:49:28.622Z,0.0005813621200065,,False,False,False,pruned_support_terms_exact_match,5,2.0,8.0,1034601,,376.639877243,False,True,False,755,2,0c9672de35c75a9d,221a3a7,False,0.8777210737257095,"[0.9561250426062056, 0.689988801300144, 0.8667708612917954, 0.9979995897046929]",410,415,1034601,ffb0266c7913352c,staged_polynomial_basis_with_constant,"[[""u1""],[""u1""],[""u4""],[""u3""]]","[[""u1""],[""u1""],[""u4""],[""u3""]]","[[{""term"":""u1"",""term_index"":2,""coefficient"":-0.07021863762139183}],[{""term"":""u1"",""term_index"":2,""coefficient"":-0.11764529314665358}],[{""term"":""u4"",""term_index"":5,""coefficient"":-0.04128307897499163}],[{""term"":""u3"",""term_index"":4,""coefficient"":0.3320291784761138}]]",capped,False,3,30,20,"[2,2,2,2]","[5,5,5,5]","[null,null,null,null]","[""Success"",""Unstable"",""MaxIters""]","[""Failure"",""Success"",""MaxLossEvals""]",884,940,0,884,56,122,7,0.2,0.25,0.25,0.25,0.1666666666666666,0.25,0.8511273213756189,1.0,6,4,4,6,1,5,3,0.2,0.25,0.1666666666666666
756_evogrow_v2_2_stage_local_63_2_7,paper1_phaseC_v1,C,,campaign_cell,,63,SEIR infection model (proportions),4,exact,3.0,evogrow_v2_2_stage_local,evogrow_v2_2_stage_local,7,finished,finished,True,,,2026-09-25T07:50:08.630Z,0.0005813621200065,,False,False,False,pruned_support_terms_exact_match,5,2.0,8.0,1034601,,385.387555991,False,True,False,756,2,0c9672de35c75a9d,221a3a7,False,0.8777210737257095,"[0.9561250426062056, 0.689988801300144, 0.8667708612917954, 0.9979995897046929]",410,415,1034601,ffb0266c7913352c,staged_polynomial_basis_with_constant,"[[""u1""],[""u1""],[""u4""],[""u3""]]","[[""u1""],[""u1""],[""u4""],[""u3""]]","[[{""term"":""u1"",""term_index"":2,""coefficient"":-0.07021863762139183}],[{""term"":""u1"",""term_index"":2,""coefficient"":-0.11764529314665358}],[{""term"":""u4"",""term_index"":5,""coefficient"":-0.04128307897499163}],[{""term"":""u3"",""term_index"":4,""coefficient"":0.3320291784761138}]]",uncapped,False,3,30,20,,,,"[""Success"",""Unstable"",""MaxIters""]","[""Failure"",""Success"",""MaxLossEvals""]",884,940,0,884,56,122,7,0.2,0.25,0.25,0.25,0.1666666666666666,0.25,0.8511273213756189,1.0,6,4,4,6,1,5,3,0.2,0.25,0.1666666666666666
