system_id,initial_condition_set,dimension,noise_sigma,subsample_rho,noise_realization,noise_model,data_condition_fingerprint,n_observed_points,hash_format,time_axis_order,state_axis_order,time_shape,state_shape,time_min,time_max,state_min,state_max,time_sha256,state_sha256,time_path,state_path,cell_dir,dtype,byte_order
5,1,1,0.0,0.0,1,multiplicative_gaussian_iid,799711a15b6d0740,512,sha256_raw_little_endian_float64,time,time_by_dimension_c_order,[512],"[512,1]",0.0,10.0,0.5,60.946577111693934,ffad3499269c08c6bd22e9e5c5d2ab32bbf827e2037cbdd6e73571aeab04432f,1c76ef00643f647efef6756b408dacb403d25aa8b579a042e3a79f13ce0746d1,cells\system_0005_ic1_time_f64le.bin,cells\system_0005_ic1_state_f64le_c_order.bin,C:\Users\joedicke\Documents\reps\EvoODE\outputs\phase_c_c6_data_conditions_5dd1df8\system_0005_ic1_sigma_0_rho_0_realization_1,float64,little_endian
5,1,1,0.0,0.0,2,multiplicative_gaussian_iid,b5afe8a7651c851f,512,sha256_raw_little_endian_float64,time,time_by_dimension_c_order,[512],"[512,1]",0.0,10.0,0.5,60.946577111693934,ffad3499269c08c6bd22e9e5c5d2ab32bbf827e2037cbdd6e73571aeab04432f,1c76ef00643f647efef6756b408dacb403d25aa8b579a042e3a79f13ce0746d1,cells\system_0005_ic1_time_f64le.bin,cells\system_0005_ic1_state_f64le_c_order.bin,C:\Users\joedicke\Documents\reps\EvoODE\outputs\phase_c_c6_data_conditions_5dd1df8\system_0005_ic1_sigma_0_rho_0_realization_2,float64,little_endian
5,1,1,0.0,0.0,3,multiplicative_gaussian_iid,d0ef57fd9e507f22,512,sha256_raw_little_endian_float64,time,time_by_dimension_c_order,[512],"[512,1]",0.0,10.0,0.5,60.946577111693934,ffad3499269c08c6bd22e9e5c5d2ab32bbf827e2037cbdd6e73571aeab04432f,1c76ef00643f647efef6756b408dacb403d25aa8b579a042e3a79f13ce0746d1,cells\system_0005_ic1_time_f64le.bin,cells\system_0005_ic1_state_f64le_c_order.bin,C:\Users\joedicke\Documents\reps\EvoODE\outputs\phase_c_c6_data_conditions_5dd1df8\system_0005_ic1_sigma_0_rho_0_realization_3,float64,little_endian
5,1,1,0.0,0.5,1,multiplicative_gaussian_iid,e5ae40517517118c,256,sha256_raw_little_endian_float64,time,time_by_dimension_c_order,[256],"[256,1]",0.019569471624266144,9.960861056751467,0.6919616707266137,60.87008283973052,1f00675d94ddcad16a65abdaa7f6e780f18d35d54c88cfbd5eb6e24da2965ea7,cf76bbf2295287d504f75cdd5afddc69f5c287dcc3cb8499c0d4fe11d1f85221,cells\system_0005_ic1_time_f64le.bin,cells\system_0005_ic1_state_f64le_c_order.bin,C:\Users\joedicke\Documents\reps\EvoODE\outputs\phase_c_c6_data_conditions_5dd1df8\system_0005_ic1_sigma_0_rho_0p5_realization_1,float64,little_endian
5,1,1,0.0,0.5,2,multiplicative_gaussian_iid,410220e26b007c78,256,sha256_raw_little_endian_float64,time,time_by_dimension_c_order,[256],"[256,1]",0.0,10.0,0.5,60.946577111693934,890da5b00fd1657c1ec6a969e866b320718814e9abde281dac6c3edd09a696cb,ba2d9ee7d46da8dc79ca560ad491e176112035d845eddc5b0638c040645a5adb,cells\system_0005_ic1_time_f64le.bin,cells\system_0005_ic1_state_f64le_c_order.bin,C:\Users\joedicke\Documents\reps\EvoODE\outputs\phase_c_c6_data_conditions_5dd1df8\system_0005_ic1_sigma_0_rho_0p5_realization_2,float64,little_endian
5,1,1,0.0,0.5,3,multiplicative_gaussian_iid,32943fed9075ec6b,256,sha256_raw_little_endian_float64,time,time_by_dimension_c_order,[256],"[256,1]",0.0,9.980430528375733,0.5,60.90842650912712,27131a158a545a7910d1081da88591cf221b5f4a11fca6e8e7742d9fddf1fded,6f5edd12d3daa80d76503fdd99576666105298b83326120ccbda0ca8e76bbba6,cells\system_0005_ic1_time_f64le.bin,cells\system_0005_ic1_state_f64le_c_order.bin,C:\Users\joedicke\Documents\reps\EvoODE\outputs\phase_c_c6_data_conditions_5dd1df8\system_0005_ic1_sigma_0_rho_0p5_realization_3,float64,little_endian
5,1,1,0.01,0.0,1,multiplicative_gaussian_iid,1696ce8b0e80990d,512,sha256_raw_little_endian_float64,time,time_by_dimension_c_order,[512],"[512,1]",0.0,10.0,0.49039398645103804,61.89072847343816,ffad3499269c08c6bd22e9e5c5d2ab32bbf827e2037cbdd6e73571aeab04432f,115723b0f83255b6bc2219eb01ae4aeb9d4612659f9334ae1bb122681d794d3b,cells\system_0005_ic1_time_f64le.bin,cells\system_0005_ic1_state_f64le_c_order.bin,C:\Users\joedicke\Documents\reps\EvoODE\outputs\phase_c_c6_data_conditions_5dd1df8\system_0005_ic1_sigma_0p01_rho_0_realization_1,float64,little_endian
5,1,1,0.01,0.0,2,multiplicative_gaussian_iid,715557b4e934a00a,512,sha256_raw_little_endian_float64,time,time_by_dimension_c_order,[512],"[512,1]",0.0,10.0,0.4990249285646091,62.152294971337774,ffad3499269c08c6bd22e9e5c5d2ab32bbf827e2037cbdd6e73571aeab04432f,0d42d93967a5e26cb6fc5f746035c6bb13b5bf1ca73927065b4830ddd4d2b710,cells\system_0005_ic1_time_f64le.bin,cells\system_0005_ic1_state_f64le_c_order.bin,C:\Users\joedicke\Documents\reps\EvoODE\outputs\phase_c_c6_data_conditions_5dd1df8\system_0005_ic1_sigma_0p01_rho_0_realization_2,float64,little_endian
5,1,1,0.01,0.0,3,multiplicative_gaussian_iid,bcb458bd643fcc5e,512,sha256_raw_little_endian_float64,time,time_by_dimension_c_order,[512],"[512,1]",0.0,10.0,0.49442521613914925,61.3095565944025,ffad3499269c08c6bd22e9e5c5d2ab32bbf827e2037cbdd6e73571aeab04432f,9cc8273e05aa8956344ebb9a12b825181ff5ae21187d8d51c20e58473e27d88f,cells\system_0005_ic1_time_f64le.bin,cells\system_0005_ic1_state_f64le_c_order.bin,C:\Users\joedicke\Documents\reps\EvoODE\outputs\phase_c_c6_data_conditions_5dd1df8\system_0005_ic1_sigma_0p01_rho_0_realization_3,float64,little_endian
5,1,1,0.01,0.5,1,multiplicative_gaussian_iid,228ccdf853b4603f,256,sha256_raw_little_endian_float64,time,time_by_dimension_c_order,[256],"[256,1]",0.03913894324853229,10.0,0.8944552540386008,61.68648934994764,2768e8ab2641324237ab055174e3a00f70905f200d0428253032eff6ce964e77,1e1d5e7f1edbc0047e811e5ee964d1b5b393de8dc795328280aa73396b29c9c6,cells\system_0005_ic1_time_f64le.bin,cells\system_0005_ic1_state_f64le_c_order.bin,C:\Users\joedicke\Documents\reps\EvoODE\outputs\phase_c_c6_data_conditions_5dd1df8\system_0005_ic1_sigma_0p01_rho_0p5_realization_1,float64,little_endian
5,1,1,0.01,0.5,2,multiplicative_gaussian_iid,91c37238ed72132a,256,sha256_raw_little_endian_float64,time,time_by_dimension_c_order,[256],"[256,1]",0.03913894324853229,10.0,0.8869262775547428,61.786797187395244,4f596b0cdb7cf72c33f88649926a8e0b468ae632767d22fc9301ad8317e92985,36c74ae6b639dad54a880f2e53de6fcc613832563da6e3e222426614e21708ed,cells\system_0005_ic1_time_f64le.bin,cells\system_0005_ic1_state_f64le_c_order.bin,C:\Users\joedicke\Documents\reps\EvoODE\outputs\phase_c_c6_data_conditions_5dd1df8\system_0005_ic1_sigma_0p01_rho_0p5_realization_2,float64,little_endian
5,1,1,0.01,0.5,3,multiplicative_gaussian_iid,f288b68ee10122ab,256,sha256_raw_little_endian_float64,time,time_by_dimension_c_order,[256],"[256,1]",0.0,10.0,0.49323981511025666,60.83675590349252,3be57cd78ccf2b640ab862e7cb357bb9b0ab1e57d89437398e3c74d819e2ba27,f373f4500469bf896fedcdb751e64d32a45766f4b5659f0b142af9e6007a476e,cells\system_0005_ic1_time_f64le.bin,cells\system_0005_ic1_state_f64le_c_order.bin,C:\Users\joedicke\Documents\reps\EvoODE\outputs\phase_c_c6_data_conditions_5dd1df8\system_0005_ic1_sigma_0p01_rho_0p5_realization_3,float64,little_endian
5,1,1,0.02,0.0,1,multiplicative_gaussian_iid,672a11e7b6fa736d,512,sha256_raw_little_endian_float64,time,time_by_dimension_c_order,[512],"[512,1]",0.0,10.0,0.4816860896238124,62.53982922540159,ffad3499269c08c6bd22e9e5c5d2ab32bbf827e2037cbdd6e73571aeab04432f,222e197cbe2d5153e6f293fd629b5dafec3ff4d94806ef47e9d3447b6ed2e191,cells\system_0005_ic1_time_f64le.bin,cells\system_0005_ic1_state_f64le_c_order.bin,C:\Users\joedicke\Documents\reps\EvoODE\outputs\phase_c_c6_data_conditions_5dd1df8\system_0005_ic1_sigma_0p02_rho_0_realization_1,float64,little_endian
5,1,1,0.02,0.0,2,multiplicative_gaussian_iid,325115d8689b3624,512,sha256_raw_little_endian_float64,time,time_by_dimension_c_order,[512],"[512,1]",0.0,10.0,0.49863390185195483,63.918561198628886,ffad3499269c08c6bd22e9e5c5d2ab32bbf827e2037cbdd6e73571aeab04432f,e265de827f40d50e2ea8da9cbd2e163b677d9fb8069178aa266b6e40a1ca416b,cells\system_0005_ic1_time_f64le.bin,cells\system_0005_ic1_state_f64le_c_order.bin,C:\Users\joedicke\Documents\reps\EvoODE\outputs\phase_c_c6_data_conditions_5dd1df8\system_0005_ic1_sigma_0p02_rho_0_realization_2,float64,little_endian
5,1,1,0.02,0.0,3,multiplicative_gaussian_iid,f381e98903da9113,512,sha256_raw_little_endian_float64,time,time_by_dimension_c_order,[512],"[512,1]",0.0,10.0,0.49817131416520566,62.097511076412424,ffad3499269c08c6bd22e9e5c5d2ab32bbf827e2037cbdd6e73571aeab04432f,3e723d65627ecf990becf0220592c02b5f559c82563f1afcba7ce590714964c6,cells\system_0005_ic1_time_f64le.bin,cells\system_0005_ic1_state_f64le_c_order.bin,C:\Users\joedicke\Documents\reps\EvoODE\outputs\phase_c_c6_data_conditions_5dd1df8\system_0005_ic1_sigma_0p02_rho_0_realization_3,float64,little_endian
5,1,1,0.02,0.5,1,multiplicative_gaussian_iid,7c6160caa1ea477b,256,sha256_raw_little_endian_float64,time,time_by_dimension_c_order,[256],"[256,1]",0.03913894324853229,9.980430528375733,0.8604643132902161,60.916184699436464,314576681860e2af6b47c4f8d0a9e49af09a41a4ca7b36952f13101a34770718,c46c8b319f69c88af7cad8c7db52dd2f4613b8e38ba10ad442b2652972e30e3d,cells\system_0005_ic1_time_f64le.bin,cells\system_0005_ic1_state_f64le_c_order.bin,C:\Users\joedicke\Documents\reps\EvoODE\outputs\phase_c_c6_data_conditions_5dd1df8\system_0005_ic1_sigma_0p02_rho_0p5_realization_1,float64,little_endian
5,1,1,0.02,0.5,2,multiplicative_gaussian_iid,bcd25d66948ee0ae,256,sha256_raw_little_endian_float64,time,time_by_dimension_c_order,[256],"[256,1]",0.05870841487279843,10.0,1.0521434333390487,61.60756225050268,6be5168cbe8067c66919ec46ef37c31eb72fc434fbe24b02776d7fff63ddaa5e,081690f501583e9aafb4c83399aa1d4abc259884e2ae29a840f0ef1f33efdea4,cells\system_0005_ic1_time_f64le.bin,cells\system_0005_ic1_state_f64le_c_order.bin,C:\Users\joedicke\Documents\reps\EvoODE\outputs\phase_c_c6_data_conditions_5dd1df8\system_0005_ic1_sigma_0p02_rho_0p5_realization_2,float64,little_endian
5,1,1,0.02,0.5,3,multiplicative_gaussian_iid,e0af3b0de5724047,256,sha256_raw_little_endian_float64,time,time_by_dimension_c_order,[256],"[256,1]",0.019569471624266144,10.0,0.7019338471616617,63.60870116571844,824945b47f1543c87c34a5ff869f44920c5b9e23e7ee4cb49f64d6daacf24eeb,d7cb4307f926059e7138fc4b3c826d54d0e5398d5f72559e28dd1af33e6e149a,cells\system_0005_ic1_time_f64le.bin,cells\system_0005_ic1_state_f64le_c_order.bin,C:\Users\joedicke\Documents\reps\EvoODE\outputs\phase_c_c6_data_conditions_5dd1df8\system_0005_ic1_sigma_0p02_rho_0p5_realization_3,float64,little_endian
5,1,1,0.03,0.0,1,multiplicative_gaussian_iid,9ab73e4eac8e3294,512,sha256_raw_little_endian_float64,time,time_by_dimension_c_order,[512],"[512,1]",0.0,10.0,0.47897689276957534,63.86686237178273,ffad3499269c08c6bd22e9e5c5d2ab32bbf827e2037cbdd6e73571aeab04432f,4abd19a73f53833fed93844e44d119ab40f8a93be6074d47f0f26fb1a22c7493,cells\system_0005_ic1_time_f64le.bin,cells\system_0005_ic1_state_f64le_c_order.bin,C:\Users\joedicke\Documents\reps\EvoODE\outputs\phase_c_c6_data_conditions_5dd1df8\system_0005_ic1_sigma_0p029999999999999999_rho_0_realization_1,float64,little_endian
5,1,1,0.03,0.0,2,multiplicative_gaussian_iid,82c3da1e7e62eee3,512,sha256_raw_little_endian_float64,time,time_by_dimension_c_order,[512],"[512,1]",0.0,10.0,0.4775976575029574,65.08300768799117,ffad3499269c08c6bd22e9e5c5d2ab32bbf827e2037cbdd6e73571aeab04432f,a753d4d578b3dd5ae62566fb2817ffc9dd46467801e0a983c4b180aff66da9af,cells\system_0005_ic1_time_f64le.bin,cells\system_0005_ic1_state_f64le_c_order.bin,C:\Users\joedicke\Documents\reps\EvoODE\outputs\phase_c_c6_data_conditions_5dd1df8\system_0005_ic1_sigma_0p029999999999999999_rho_0_realization_2,float64,little_endian
5,1,1,0.03,0.0,3,multiplicative_gaussian_iid,14ad814a69ec28ff,512,sha256_raw_little_endian_float64,time,time_by_dimension_c_order,[512],"[512,1]",0.0,10.0,0.5008774996916014,65.30899025832673,ffad3499269c08c6bd22e9e5c5d2ab32bbf827e2037cbdd6e73571aeab04432f,91f71564ee48e9b23697f5291756175328ec97c6335c594d90d46489ad1a8ada,cells\system_0005_ic1_time_f64le.bin,cells\system_0005_ic1_state_f64le_c_order.bin,C:\Users\joedicke\Documents\reps\EvoODE\outputs\phase_c_c6_data_conditions_5dd1df8\system_0005_ic1_sigma_0p029999999999999999_rho_0_realization_3,float64,little_endian
5,1,1,0.03,0.5,1,multiplicative_gaussian_iid,8de245124bfb451c,256,sha256_raw_little_endian_float64,time,time_by_dimension_c_order,[256],"[256,1]",0.11741682974559686,10.0,1.6285079481761966,63.57219838632728,30339c321fcb1f7161a7ff1299215b3e332b08172318d054cdd66a260943219a,bd5b65550b371ea7074f723437ce8fa7b0cef4f2dc4c1a2591c2e2b12c439221,cells\system_0005_ic1_time_f64le.bin,cells\system_0005_ic1_state_f64le_c_order.bin,C:\Users\joedicke\Documents\reps\EvoODE\outputs\phase_c_c6_data_conditions_5dd1df8\system_0005_ic1_sigma_0p029999999999999999_rho_0p5_realization_1,float64,little_endian
5,1,1,0.03,0.5,2,multiplicative_gaussian_iid,a318ab0636b2776b,256,sha256_raw_little_endian_float64,time,time_by_dimension_c_order,[256],"[256,1]",0.019569471624266144,9.941291585127201,0.6871901369963115,63.718999759132984,5d323ef5d2f5ab678e30eba53eaea414be7e7be388f105e3131aae0d3eca111e,4b24e18d63680e32c19ef4852855d89922645ddf106e0989376c1746e2eae413,cells\system_0005_ic1_time_f64le.bin,cells\system_0005_ic1_state_f64le_c_order.bin,C:\Users\joedicke\Documents\reps\EvoODE\outputs\phase_c_c6_data_conditions_5dd1df8\system_0005_ic1_sigma_0p029999999999999999_rho_0p5_realization_2,float64,little_endian
5,1,1,0.03,0.5,3,multiplicative_gaussian_iid,069741ac89cccc44,256,sha256_raw_little_endian_float64,time,time_by_dimension_c_order,[256],"[256,1]",0.0,10.0,0.49393129443338063,65.80563080091835,d00db9e6647d7fbe9546fb8cf5c95e6a4a6f2648e26bb38b6de36b25cedfc30a,e6d3d4accf3f3f591b2971aec442fe6af6b6641672ee53c93e371abeaa3469db,cells\system_0005_ic1_time_f64le.bin,cells\system_0005_ic1_state_f64le_c_order.bin,C:\Users\joedicke\Documents\reps\EvoODE\outputs\phase_c_c6_data_conditions_5dd1df8\system_0005_ic1_sigma_0p029999999999999999_rho_0p5_realization_3,float64,little_endian
5,1,1,0.04,0.0,1,multiplicative_gaussian_iid,44801945584039fb,512,sha256_raw_little_endian_float64,time,time_by_dimension_c_order,[512],"[512,1]",0.0,10.0,0.45919651195801037,64.65716431673464,ffad3499269c08c6bd22e9e5c5d2ab32bbf827e2037cbdd6e73571aeab04432f,ce2b33b9a3e65b2ab65f97f260d8e0afb04c69b67d11fd19f9e20f1cd7b2f206,cells\system_0005_ic1_time_f64le.bin,cells\system_0005_ic1_state_f64le_c_order.bin,C:\Users\joedicke\Documents\reps\EvoODE\outputs\phase_c_c6_data_conditions_5dd1df8\system_0005_ic1_sigma_0p040000000000000001_rho_0_realization_1,float64,little_endian
5,1,1,0.04,0.0,2,multiplicative_gaussian_iid,8822fb29eb654e2c,512,sha256_raw_little_endian_float64,time,time_by_dimension_c_order,[512],"[512,1]",0.0,10.0,0.5567928431547734,66.73830626879081,ffad3499269c08c6bd22e9e5c5d2ab32bbf827e2037cbdd6e73571aeab04432f,829414c8c1432ac411558164baf52636816b18231863c0bf8052aa709a54cd32,cells\system_0005_ic1_time_f64le.bin,cells\system_0005_ic1_state_f64le_c_order.bin,C:\Users\joedicke\Documents\reps\EvoODE\outputs\phase_c_c6_data_conditions_5dd1df8\system_0005_ic1_sigma_0p040000000000000001_rho_0_realization_2,float64,little_endian
5,1,1,0.04,0.0,3,multiplicative_gaussian_iid,c894b9d947f7dad9,512,sha256_raw_little_endian_float64,time,time_by_dimension_c_order,[512],"[512,1]",0.0,10.0,0.46293622965260506,64.06429711886322,ffad3499269c08c6bd22e9e5c5d2ab32bbf827e2037cbdd6e73571aeab04432f,dba18099f58c8ea723c6d3d79e22fb65e20873b92bc0a4978c14911566e0062b,cells\system_0005_ic1_time_f64le.bin,cells\system_0005_ic1_state_f64le_c_order.bin,C:\Users\joedicke\Documents\reps\EvoODE\outputs\phase_c_c6_data_conditions_5dd1df8\system_0005_ic1_sigma_0p040000000000000001_rho_0_realization_3,float64,little_endian
5,1,1,0.04,0.5,1,multiplicative_gaussian_iid,9b8b6df42eee8e32,256,sha256_raw_little_endian_float64,time,time_by_dimension_c_order,[256],"[256,1]",0.0,9.980430528375733,0.48475321913688346,66.0590772429515,27c7bf8fac2966fcf389099f84172947cfbbc9395da9d2a0d753f458ef695c0b,5558a66817f7b790544f27b36b42ca59cdabf16ace4a88789b141de6d2f432a0,cells\system_0005_ic1_time_f64le.bin,cells\system_0005_ic1_state_f64le_c_order.bin,C:\Users\joedicke\Documents\reps\EvoODE\outputs\phase_c_c6_data_conditions_5dd1df8\system_0005_ic1_sigma_0p040000000000000001_rho_0p5_realization_1,float64,little_endian
5,1,1,0.04,0.5,2,multiplicative_gaussian_iid,782ee43c52f10048,256,sha256_raw_little_endian_float64,time,time_by_dimension_c_order,[256],"[256,1]",0.0,10.0,0.49220147941081344,64.71196198821087,5e3c76d82778f718f9e3d8b6c7d787417340d07b4fd826fa3a7aa62e6f59b2d6,125e6e594acc1d3becf665def14d08927e3f0939f154579b660c624814c7a499,cells\system_0005_ic1_time_f64le.bin,cells\system_0005_ic1_state_f64le_c_order.bin,C:\Users\joedicke\Documents\reps\EvoODE\outputs\phase_c_c6_data_conditions_5dd1df8\system_0005_ic1_sigma_0p040000000000000001_rho_0p5_realization_2,float64,little_endian
5,1,1,0.04,0.5,3,multiplicative_gaussian_iid,ed5295c60e5e2276,256,sha256_raw_little_endian_float64,time,time_by_dimension_c_order,[256],"[256,1]",0.0,9.980430528375733,0.5127088620340843,66.02723111100765,11f413ec2c9e8cf9400204afce29b6c7401b6504508c2f16eda7e9abd2e5d163,98f59b30694e9bba5a99109b439c9fdbcceaeda66f20b45518ad00ed41c707f2,cells\system_0005_ic1_time_f64le.bin,cells\system_0005_ic1_state_f64le_c_order.bin,C:\Users\joedicke\Documents\reps\EvoODE\outputs\phase_c_c6_data_conditions_5dd1df8\system_0005_ic1_sigma_0p040000000000000001_rho_0p5_realization_3,float64,little_endian
5,1,1,0.05,0.0,1,multiplicative_gaussian_iid,0c0ad42629f69010,512,sha256_raw_little_endian_float64,time,time_by_dimension_c_order,[512],"[512,1]",0.0,10.0,0.5285104631071841,68.72751382938563,ffad3499269c08c6bd22e9e5c5d2ab32bbf827e2037cbdd6e73571aeab04432f,78ff95b95c7b9b3cfcb916b6dfd37d67ae4c820a6c1d24280ed0ff11e980939b,cells\system_0005_ic1_time_f64le.bin,cells\system_0005_ic1_state_f64le_c_order.bin,C:\Users\joedicke\Documents\reps\EvoODE\outputs\phase_c_c6_data_conditions_5dd1df8\system_0005_ic1_sigma_0p050000000000000003_rho_0_realization_1,float64,little_endian
5,1,1,0.05,0.0,2,multiplicative_gaussian_iid,d4fd33de90c64fdb,512,sha256_raw_little_endian_float64,time,time_by_dimension_c_order,[512],"[512,1]",0.0,10.0,0.48508580390754463,67.12098388211922,ffad3499269c08c6bd22e9e5c5d2ab32bbf827e2037cbdd6e73571aeab04432f,df9ac75c14bda5a312d1d47482255aef40cc2276b62595eed425be6ab36778fe,cells\system_0005_ic1_time_f64le.bin,cells\system_0005_ic1_state_f64le_c_order.bin,C:\Users\joedicke\Documents\reps\EvoODE\outputs\phase_c_c6_data_conditions_5dd1df8\system_0005_ic1_sigma_0p050000000000000003_rho_0_realization_2,float64,little_endian
5,1,1,0.05,0.0,3,multiplicative_gaussian_iid,474964b5d4eb36b7,512,sha256_raw_little_endian_float64,time,time_by_dimension_c_order,[512],"[512,1]",0.0,10.0,0.4804954303929404,67.24988506541898,ffad3499269c08c6bd22e9e5c5d2ab32bbf827e2037cbdd6e73571aeab04432f,8621cbe28236a3004dc3fdca37a6f5ec462034a6d99b0370083d5aa707b01d77,cells\system_0005_ic1_time_f64le.bin,cells\system_0005_ic1_state_f64le_c_order.bin,C:\Users\joedicke\Documents\reps\EvoODE\outputs\phase_c_c6_data_conditions_5dd1df8\system_0005_ic1_sigma_0p050000000000000003_rho_0_realization_3,float64,little_endian
5,1,1,0.05,0.5,1,multiplicative_gaussian_iid,2c2c9d97aa17bd60,256,sha256_raw_little_endian_float64,time,time_by_dimension_c_order,[256],"[256,1]",0.019569471624266144,10.0,0.6827770640671995,65.74611506435738,d218741b4065d77c3ff872c280ba1f486ba598147637a94a80dd06b446c9f181,579ae902c0feb4be79b068f71f708727393f6fb89b6ca97d41551e6923bd13c8,cells\system_0005_ic1_time_f64le.bin,cells\system_0005_ic1_state_f64le_c_order.bin,C:\Users\joedicke\Documents\reps\EvoODE\outputs\phase_c_c6_data_conditions_5dd1df8\system_0005_ic1_sigma_0p050000000000000003_rho_0p5_realization_1,float64,little_endian
5,1,1,0.05,0.5,2,multiplicative_gaussian_iid,0e7c4be2f70297ab,256,sha256_raw_little_endian_float64,time,time_by_dimension_c_order,[256],"[256,1]",0.136986301369863,10.0,1.8545425065238417,65.2357913535165,2411ac4c31a0a09c7203554116779b4ed1d993a5d4e334d134efc7039f7a5c05,cb1541d509d31627534237b1e39e63754548f73e16bd08c113d0f1f8c6b4c759,cells\system_0005_ic1_time_f64le.bin,cells\system_0005_ic1_state_f64le_c_order.bin,C:\Users\joedicke\Documents\reps\EvoODE\outputs\phase_c_c6_data_conditions_5dd1df8\system_0005_ic1_sigma_0p050000000000000003_rho_0p5_realization_2,float64,little_endian
5,1,1,0.05,0.5,3,multiplicative_gaussian_iid,eb4c796cf661b732,256,sha256_raw_little_endian_float64,time,time_by_dimension_c_order,[256],"[256,1]",0.0,10.0,0.4914348893941986,64.5750023607304,848063da214fc5f100e02ce24aca0723234b38572f613c019e35e8d0ba9aebf1,1fcf4ded0f2236e7164d748eb0d19a036eaf40c4a6af5127b88ec93496a5bfb2,cells\system_0005_ic1_time_f64le.bin,cells\system_0005_ic1_state_f64le_c_order.bin,C:\Users\joedicke\Documents\reps\EvoODE\outputs\phase_c_c6_data_conditions_5dd1df8\system_0005_ic1_sigma_0p050000000000000003_rho_0p5_realization_3,float64,little_endian
5,2,1,0.0,0.0,1,multiplicative_gaussian_iid,799711a15b6d0740,512,sha256_raw_little_endian_float64,time,time_by_dimension_c_order,[512],"[512,1]",0.0,10.0,68.33202063773236,73.0,ffad3499269c08c6bd22e9e5c5d2ab32bbf827e2037cbdd6e73571aeab04432f,8f9595e852b62dc8b253e409bb4eacea142f89d621865c03e279ae525a183bf6,cells\system_0005_ic2_time_f64le.bin,cells\system_0005_ic2_state_f64le_c_order.bin,C:\Users\joedicke\Documents\reps\EvoODE\outputs\phase_c_c6_data_conditions_5dd1df8\system_0005_ic2_sigma_0_rho_0_realization_1,float64,little_endian
5,2,1,0.0,0.0,2,multiplicative_gaussian_iid,b5afe8a7651c851f,512,sha256_raw_little_endian_float64,time,time_by_dimension_c_order,[512],"[512,1]",0.0,10.0,68.33202063773236,73.0,ffad3499269c08c6bd22e9e5c5d2ab32bbf827e2037cbdd6e73571aeab04432f,8f9595e852b62dc8b253e409bb4eacea142f89d621865c03e279ae525a183bf6,cells\system_0005_ic2_time_f64le.bin,cells\system_0005_ic2_state_f64le_c_order.bin,C:\Users\joedicke\Documents\reps\EvoODE\outputs\phase_c_c6_data_conditions_5dd1df8\system_0005_ic2_sigma_0_rho_0_realization_2,float64,little_endian
5,2,1,0.0,0.0,3,multiplicative_gaussian_iid,d0ef57fd9e507f22,512,sha256_raw_little_endian_float64,time,time_by_dimension_c_order,[512],"[512,1]",0.0,10.0,68.33202063773236,73.0,ffad3499269c08c6bd22e9e5c5d2ab32bbf827e2037cbdd6e73571aeab04432f,8f9595e852b62dc8b253e409bb4eacea142f89d621865c03e279ae525a183bf6,cells\system_0005_ic2_time_f64le.bin,cells\system_0005_ic2_state_f64le_c_order.bin,C:\Users\joedicke\Documents\reps\EvoODE\outputs\phase_c_c6_data_conditions_5dd1df8\system_0005_ic2_sigma_0_rho_0_realization_3,float64,little_endian
5,2,1,0.0,0.5,1,multiplicative_gaussian_iid,e5ae40517517118c,256,sha256_raw_little_endian_float64,time,time_by_dimension_c_order,[256],"[256,1]",0.07827788649706457,10.0,68.33202063773236,72.88599041958103,d690492a3c6823ec84bd6639aea9d7951c39976eea63bbf2ba79616644f98d5a,0163d6145c18a77cb5a1a3b6d3cbada70daedff1ae6e83b2297efe9db6f98409,cells\system_0005_ic2_time_f64le.bin,cells\system_0005_ic2_state_f64le_c_order.bin,C:\Users\joedicke\Documents\reps\EvoODE\outputs\phase_c_c6_data_conditions_5dd1df8\system_0005_ic2_sigma_0_rho_0p5_realization_1,float64,little_endian
5,2,1,0.0,0.5,2,multiplicative_gaussian_iid,410220e26b007c78,256,sha256_raw_little_endian_float64,time,time_by_dimension_c_order,[256],"[256,1]",0.0,9.941291585127201,68.33658979623787,73.0,50e04c681ec91515571068f935c9f6776743a14a8d25a52731a20f7db9bd8ae0,79bee5fcebd8acfb309714e5a4c444280f9b99c6a90aba0e409e95284db9d35a,cells\system_0005_ic2_time_f64le.bin,cells\system_0005_ic2_state_f64le_c_order.bin,C:\Users\joedicke\Documents\reps\EvoODE\outputs\phase_c_c6_data_conditions_5dd1df8\system_0005_ic2_sigma_0_rho_0p5_realization_2,float64,little_endian
5,2,1,0.0,0.5,3,multiplicative_gaussian_iid,32943fed9075ec6b,256,sha256_raw_little_endian_float64,time,time_by_dimension_c_order,[256],"[256,1]",0.0,10.0,68.33202063773236,73.0,b1bdba41445c21352fc288773625fd6c21913c4082632f5cd8081e4bffbec8be,852fd22a49104e3de9aba6f0b1c050f4d6fdb1982280e9ad2bd368e13fba6a1f,cells\system_0005_ic2_time_f64le.bin,cells\system_0005_ic2_state_f64le_c_order.bin,C:\Users\joedicke\Documents\reps\EvoODE\outputs\phase_c_c6_data_conditions_5dd1df8\system_0005_ic2_sigma_0_rho_0p5_realization_3,float64,little_endian
5,2,1,0.01,0.0,1,multiplicative_gaussian_iid,1696ce8b0e80990d,512,sha256_raw_little_endian_float64,time,time_by_dimension_c_order,[512],"[512,1]",0.0,10.0,66.07976847910518,74.19003308554123,ffad3499269c08c6bd22e9e5c5d2ab32bbf827e2037cbdd6e73571aeab04432f,bfc169a88cfcdfee7fedb73b731064f6d619fa8be5a9ca9f186092d2e3352b74,cells\system_0005_ic2_time_f64le.bin,cells\system_0005_ic2_state_f64le_c_order.bin,C:\Users\joedicke\Documents\reps\EvoODE\outputs\phase_c_c6_data_conditions_5dd1df8\system_0005_ic2_sigma_0p01_rho_0_realization_1,float64,little_endian
5,2,1,0.01,0.0,2,multiplicative_gaussian_iid,715557b4e934a00a,512,sha256_raw_little_endian_float64,time,time_by_dimension_c_order,[512],"[512,1]",0.0,10.0,66.73938107020648,73.59746690282175,ffad3499269c08c6bd22e9e5c5d2ab32bbf827e2037cbdd6e73571aeab04432f,e5090f05edf65c579a136b21046af493b16babdb0534b47e392dc84f1387b798,cells\system_0005_ic2_time_f64le.bin,cells\system_0005_ic2_state_f64le_c_order.bin,C:\Users\joedicke\Documents\reps\EvoODE\outputs\phase_c_c6_data_conditions_5dd1df8\system_0005_ic2_sigma_0p01_rho_0_realization_2,float64,little_endian
5,2,1,0.01,0.0,3,multiplicative_gaussian_iid,bcb458bd643fcc5e,512,sha256_raw_little_endian_float64,time,time_by_dimension_c_order,[512],"[512,1]",0.0,10.0,66.85312387625852,74.16824290305694,ffad3499269c08c6bd22e9e5c5d2ab32bbf827e2037cbdd6e73571aeab04432f,013d5aa3e0ef191d92bb146472ec64702280f02afea8dfabf68c727fd8c9e2a0,cells\system_0005_ic2_time_f64le.bin,cells\system_0005_ic2_state_f64le_c_order.bin,C:\Users\joedicke\Documents\reps\EvoODE\outputs\phase_c_c6_data_conditions_5dd1df8\system_0005_ic2_sigma_0p01_rho_0_realization_3,float64,little_endian
5,2,1,0.01,0.5,1,multiplicative_gaussian_iid,228ccdf853b4603f,256,sha256_raw_little_endian_float64,time,time_by_dimension_c_order,[256],"[256,1]",0.0,10.0,66.92973053543726,73.79525991302859,897153bb0e5e89a53604eb1abfb776d6b0e263a583271f50c2eeddff79ae0b06,aced08ec9997d99536d17e254090eb6b4e14f6fae2c05f6b49c58b46c3d372c6,cells\system_0005_ic2_time_f64le.bin,cells\system_0005_ic2_state_f64le_c_order.bin,C:\Users\joedicke\Documents\reps\EvoODE\outputs\phase_c_c6_data_conditions_5dd1df8\system_0005_ic2_sigma_0p01_rho_0p5_realization_1,float64,little_endian
5,2,1,0.01,0.5,2,multiplicative_gaussian_iid,91c37238ed72132a,256,sha256_raw_little_endian_float64,time,time_by_dimension_c_order,[256],"[256,1]",0.0,10.0,67.03031415364327,73.39138662672892,50ca4d26c5a450711f24e458b38346ed4ef323985e73ff9ff96a71705bea7de0,e7eb3365e7d773a05f984820b57cf5d1886d274e8bcc0f9d3bc203724176a2dc,cells\system_0005_ic2_time_f64le.bin,cells\system_0005_ic2_state_f64le_c_order.bin,C:\Users\joedicke\Documents\reps\EvoODE\outputs\phase_c_c6_data_conditions_5dd1df8\system_0005_ic2_sigma_0p01_rho_0p5_realization_2,float64,little_endian
5,2,1,0.01,0.5,3,multiplicative_gaussian_iid,f288b68ee10122ab,256,sha256_raw_little_endian_float64,time,time_by_dimension_c_order,[256],"[256,1]",0.11741682974559686,9.960861056751467,67.05004748002229,74.97857606731122,2d8e99c6bfda706d2f01cf3f300bc577e926c36a5ba20574f7a8c22cf0006493,b6594439e3d43b7127725f3de95a8145d4bde3c3aca3f7a77e1a211f7f704937,cells\system_0005_ic2_time_f64le.bin,cells\system_0005_ic2_state_f64le_c_order.bin,C:\Users\joedicke\Documents\reps\EvoODE\outputs\phase_c_c6_data_conditions_5dd1df8\system_0005_ic2_sigma_0p01_rho_0p5_realization_3,float64,little_endian
5,2,1,0.02,0.0,1,multiplicative_gaussian_iid,672a11e7b6fa736d,512,sha256_raw_little_endian_float64,time,time_by_dimension_c_order,[512],"[512,1]",0.0,10.0,64.25497486141376,75.71456836920454,ffad3499269c08c6bd22e9e5c5d2ab32bbf827e2037cbdd6e73571aeab04432f,ebec996e6ce50b873600eddd9d4fa493b6a120c52e69121ade21e04a7f247b41,cells\system_0005_ic2_time_f64le.bin,cells\system_0005_ic2_state_f64le_c_order.bin,C:\Users\joedicke\Documents\reps\EvoODE\outputs\phase_c_c6_data_conditions_5dd1df8\system_0005_ic2_sigma_0p02_rho_0_realization_1,float64,little_endian
5,2,1,0.02,0.0,2,multiplicative_gaussian_iid,325115d8689b3624,512,sha256_raw_little_endian_float64,time,time_by_dimension_c_order,[512],"[512,1]",0.0,10.0,63.826418555180695,75.6854711316737,ffad3499269c08c6bd22e9e5c5d2ab32bbf827e2037cbdd6e73571aeab04432f,c401bb3bd481ad666583ac88999c98f0a5f8a4d6a971bb4fc2940432a99d303a,cells\system_0005_ic2_time_f64le.bin,cells\system_0005_ic2_state_f64le_c_order.bin,C:\Users\joedicke\Documents\reps\EvoODE\outputs\phase_c_c6_data_conditions_5dd1df8\system_0005_ic2_sigma_0p02_rho_0_realization_2,float64,little_endian
5,2,1,0.02,0.0,3,multiplicative_gaussian_iid,f381e98903da9113,512,sha256_raw_little_endian_float64,time,time_by_dimension_c_order,[512],"[512,1]",0.0,10.0,65.17210833196096,75.4291531728383,ffad3499269c08c6bd22e9e5c5d2ab32bbf827e2037cbdd6e73571aeab04432f,df85e272f4d217c82b306d6f2947d0397e3401a3eea98252bbd6d216c73de8d1,cells\system_0005_ic2_time_f64le.bin,cells\system_0005_ic2_state_f64le_c_order.bin,C:\Users\joedicke\Documents\reps\EvoODE\outputs\phase_c_c6_data_conditions_5dd1df8\system_0005_ic2_sigma_0p02_rho_0_realization_3,float64,little_endian
5,2,1,0.02,0.5,1,multiplicative_gaussian_iid,7c6160caa1ea477b,256,sha256_raw_little_endian_float64,time,time_by_dimension_c_order,[256],"[256,1]",0.019569471624266144,10.0,64.99132264382605,76.01346484139924,e75e2f238517e6a4fd73526cb5a31287e3d736f9651036df26e1112bf3ca68bc,899fcd54f2978928ceefe445a0146a6e8f1c6e1ba806efbee9662dec7f1c0b34,cells\system_0005_ic2_time_f64le.bin,cells\system_0005_ic2_state_f64le_c_order.bin,C:\Users\joedicke\Documents\reps\EvoODE\outputs\phase_c_c6_data_conditions_5dd1df8\system_0005_ic2_sigma_0p02_rho_0p5_realization_1,float64,little_endian
5,2,1,0.02,0.5,2,multiplicative_gaussian_iid,bcd25d66948ee0ae,256,sha256_raw_little_endian_float64,time,time_by_dimension_c_order,[256],"[256,1]",0.03913894324853229,9.921722113502934,65.47201673011804,74.90411120361466,1e8cd926146059c4ced6d453f2710da268b4db3faf1b48ddf7c794c787e9c9df,2c8cf7fd4bf9bdf692803347170ff8233b6834cb84651fed652db31050f80aae,cells\system_0005_ic2_time_f64le.bin,cells\system_0005_ic2_state_f64le_c_order.bin,C:\Users\joedicke\Documents\reps\EvoODE\outputs\phase_c_c6_data_conditions_5dd1df8\system_0005_ic2_sigma_0p02_rho_0p5_realization_2,float64,little_endian
5,2,1,0.02,0.5,3,multiplicative_gaussian_iid,e0af3b0de5724047,256,sha256_raw_little_endian_float64,time,time_by_dimension_c_order,[256],"[256,1]",0.019569471624266144,10.0,64.52076420734295,75.0522912191507,cbf3405ef339dc26706b2897b0ebaf807bd72b28602abf05e28a0af12e773cf0,274c02c7f86a495d7fb4ec61296af447c5027dc3c2c38bd79b0b30297a7b259d,cells\system_0005_ic2_time_f64le.bin,cells\system_0005_ic2_state_f64le_c_order.bin,C:\Users\joedicke\Documents\reps\EvoODE\outputs\phase_c_c6_data_conditions_5dd1df8\system_0005_ic2_sigma_0p02_rho_0p5_realization_3,float64,little_endian
5,2,1,0.03,0.0,1,multiplicative_gaussian_iid,9ab73e4eac8e3294,512,sha256_raw_little_endian_float64,time,time_by_dimension_c_order,[512],"[512,1]",0.0,10.0,63.037879892875495,78.04730101016834,ffad3499269c08c6bd22e9e5c5d2ab32bbf827e2037cbdd6e73571aeab04432f,a3813bbb7e0addc3d4664befda62ca36d933015b059446ccfc2dbcd29a746d74,cells\system_0005_ic2_time_f64le.bin,cells\system_0005_ic2_state_f64le_c_order.bin,C:\Users\joedicke\Documents\reps\EvoODE\outputs\phase_c_c6_data_conditions_5dd1df8\system_0005_ic2_sigma_0p029999999999999999_rho_0_realization_1,float64,little_endian
5,2,1,0.03,0.0,2,multiplicative_gaussian_iid,82c3da1e7e62eee3,512,sha256_raw_little_endian_float64,time,time_by_dimension_c_order,[512],"[512,1]",0.0,10.0,62.05105615489748,76.8899323227358,ffad3499269c08c6bd22e9e5c5d2ab32bbf827e2037cbdd6e73571aeab04432f,e50001442353f74dd29d0f769069d552872a7721261705bf1544597eff3dcd8d,cells\system_0005_ic2_time_f64le.bin,cells\system_0005_ic2_state_f64le_c_order.bin,C:\Users\joedicke\Documents\reps\EvoODE\outputs\phase_c_c6_data_conditions_5dd1df8\system_0005_ic2_sigma_0p029999999999999999_rho_0_realization_2,float64,little_endian
5,2,1,0.03,0.0,3,multiplicative_gaussian_iid,14ad814a69ec28ff,512,sha256_raw_little_endian_float64,time,time_by_dimension_c_order,[512],"[512,1]",0.0,10.0,63.51073255137916,76.4241248308393,ffad3499269c08c6bd22e9e5c5d2ab32bbf827e2037cbdd6e73571aeab04432f,4cd19e80cc75dd4b4816cc4dc4f06fe124a20a2b99a814f3244fa4f7437389a1,cells\system_0005_ic2_time_f64le.bin,cells\system_0005_ic2_state_f64le_c_order.bin,C:\Users\joedicke\Documents\reps\EvoODE\outputs\phase_c_c6_data_conditions_5dd1df8\system_0005_ic2_sigma_0p029999999999999999_rho_0_realization_3,float64,little_endian
5,2,1,0.03,0.5,1,multiplicative_gaussian_iid,8de245124bfb451c,256,sha256_raw_little_endian_float64,time,time_by_dimension_c_order,[256],"[256,1]",0.0,9.941291585127201,62.53567824882817,76.47960176455149,d007376fb2ab35f0f0bf91e3f884297eb180bcd8d06c04695e445378d90c80f5,f3e26ad63cbfa3dd3de62eb41656bd3287eb5fabe2f807f70560bf9086110cd4,cells\system_0005_ic2_time_f64le.bin,cells\system_0005_ic2_state_f64le_c_order.bin,C:\Users\joedicke\Documents\reps\EvoODE\outputs\phase_c_c6_data_conditions_5dd1df8\system_0005_ic2_sigma_0p029999999999999999_rho_0p5_realization_1,float64,little_endian
5,2,1,0.03,0.5,2,multiplicative_gaussian_iid,a318ab0636b2776b,256,sha256_raw_little_endian_float64,time,time_by_dimension_c_order,[256],"[256,1]",0.019569471624266144,10.0,62.63087190636193,80.37906924655093,81414a9f157d9e63a65225aaf1a7be13191d0f94151444781cb2e290ec45d9d5,4b57da4918d568a830c241cb2c9bf2a80b2312895ecf19abb98d6b2da865981d,cells\system_0005_ic2_time_f64le.bin,cells\system_0005_ic2_state_f64le_c_order.bin,C:\Users\joedicke\Documents\reps\EvoODE\outputs\phase_c_c6_data_conditions_5dd1df8\system_0005_ic2_sigma_0p029999999999999999_rho_0p5_realization_2,float64,little_endian
5,2,1,0.03,0.5,3,multiplicative_gaussian_iid,069741ac89cccc44,256,sha256_raw_little_endian_float64,time,time_by_dimension_c_order,[256],"[256,1]",0.03913894324853229,10.0,62.79278233346659,77.40888641633569,86ed2d0d1f99ec13c5f9c0a377bd8dce01fdd25e311ff44bb7e2c4e2ee7616b6,d3d09878f802bf1f5e6010366c7f89cf7f0f3c149e345ae11c2f75ede72e667e,cells\system_0005_ic2_time_f64le.bin,cells\system_0005_ic2_state_f64le_c_order.bin,C:\Users\joedicke\Documents\reps\EvoODE\outputs\phase_c_c6_data_conditions_5dd1df8\system_0005_ic2_sigma_0p029999999999999999_rho_0p5_realization_3,float64,little_endian
5,2,1,0.04,0.0,1,multiplicative_gaussian_iid,44801945584039fb,512,sha256_raw_little_endian_float64,time,time_by_dimension_c_order,[512],"[512,1]",0.0,10.0,61.23910235414565,77.71501509617299,ffad3499269c08c6bd22e9e5c5d2ab32bbf827e2037cbdd6e73571aeab04432f,55f0cda43276c488241a8f10be1bd14d33122e54112e66cc7265341f2145ec12,cells\system_0005_ic2_time_f64le.bin,cells\system_0005_ic2_state_f64le_c_order.bin,C:\Users\joedicke\Documents\reps\EvoODE\outputs\phase_c_c6_data_conditions_5dd1df8\system_0005_ic2_sigma_0p040000000000000001_rho_0_realization_1,float64,little_endian
5,2,1,0.04,0.0,2,multiplicative_gaussian_iid,8822fb29eb654e2c,512,sha256_raw_little_endian_float64,time,time_by_dimension_c_order,[512],"[512,1]",0.0,10.0,60.13785894689883,77.88892851929597,ffad3499269c08c6bd22e9e5c5d2ab32bbf827e2037cbdd6e73571aeab04432f,e2b191905ec1fbdffed963b50b0f9f86e8e5ce8b009ecae9e35103421d83a926,cells\system_0005_ic2_time_f64le.bin,cells\system_0005_ic2_state_f64le_c_order.bin,C:\Users\joedicke\Documents\reps\EvoODE\outputs\phase_c_c6_data_conditions_5dd1df8\system_0005_ic2_sigma_0p040000000000000001_rho_0_realization_2,float64,little_endian
5,2,1,0.04,0.0,3,multiplicative_gaussian_iid,c894b9d947f7dad9,512,sha256_raw_little_endian_float64,time,time_by_dimension_c_order,[512],"[512,1]",0.0,10.0,61.523203505215335,81.73466321494439,ffad3499269c08c6bd22e9e5c5d2ab32bbf827e2037cbdd6e73571aeab04432f,d8a9d7966f907a1432c6e508b855a67cc6c492baacdd2f07126fe6fc579dc12e,cells\system_0005_ic2_time_f64le.bin,cells\system_0005_ic2_state_f64le_c_order.bin,C:\Users\joedicke\Documents\reps\EvoODE\outputs\phase_c_c6_data_conditions_5dd1df8\system_0005_ic2_sigma_0p040000000000000001_rho_0_realization_3,float64,little_endian
5,2,1,0.04,0.5,1,multiplicative_gaussian_iid,9b8b6df42eee8e32,256,sha256_raw_little_endian_float64,time,time_by_dimension_c_order,[256],"[256,1]",0.0,10.0,61.93984244224803,78.19429986316165,7527b7927f12f7898349986732e054069c68241d62f9aa9a45db4fac356faf9d,40b0f381e8ff485f3af5372dea15a3c5bb0f8b258bed12b01eac5e058b0f8a20,cells\system_0005_ic2_time_f64le.bin,cells\system_0005_ic2_state_f64le_c_order.bin,C:\Users\joedicke\Documents\reps\EvoODE\outputs\phase_c_c6_data_conditions_5dd1df8\system_0005_ic2_sigma_0p040000000000000001_rho_0p5_realization_1,float64,little_endian
5,2,1,0.04,0.5,2,multiplicative_gaussian_iid,782ee43c52f10048,256,sha256_raw_little_endian_float64,time,time_by_dimension_c_order,[256],"[256,1]",0.0,10.0,60.62981316428839,78.17865885961223,c91a6111dd353d54a60ca45df3af3524409abac793bb42ee2aab1b6ad9335616,2a2de33f6cf80baf49d1105982d7a3dc65965c11da1b1f35efee6762e0906a47,cells\system_0005_ic2_time_f64le.bin,cells\system_0005_ic2_state_f64le_c_order.bin,C:\Users\joedicke\Documents\reps\EvoODE\outputs\phase_c_c6_data_conditions_5dd1df8\system_0005_ic2_sigma_0p040000000000000001_rho_0p5_realization_2,float64,little_endian
5,2,1,0.04,0.5,3,multiplicative_gaussian_iid,ed5295c60e5e2276,256,sha256_raw_little_endian_float64,time,time_by_dimension_c_order,[256],"[256,1]",0.019569471624266144,9.960861056751467,60.77672469961367,77.59446530717324,ca9030163fb248188a1513c05a4a7f2a76d7d4a943ed892260769813034355a5,9a9b9ccbe1d8df4cf2e18aca45d9a6869574bf3d5bbbd9031f4136b513392376,cells\system_0005_ic2_time_f64le.bin,cells\system_0005_ic2_state_f64le_c_order.bin,C:\Users\joedicke\Documents\reps\EvoODE\outputs\phase_c_c6_data_conditions_5dd1df8\system_0005_ic2_sigma_0p040000000000000001_rho_0p5_realization_3,float64,little_endian
5,2,1,0.05,0.0,1,multiplicative_gaussian_iid,0c0ad42629f69010,512,sha256_raw_little_endian_float64,time,time_by_dimension_c_order,[512],"[512,1]",0.0,10.0,57.998613018961954,81.82325572902926,ffad3499269c08c6bd22e9e5c5d2ab32bbf827e2037cbdd6e73571aeab04432f,c1aa67b5cfaf73741bbfd9d512de578265454f28d62d48de8cea3819e7680bcd,cells\system_0005_ic2_time_f64le.bin,cells\system_0005_ic2_state_f64le_c_order.bin,C:\Users\joedicke\Documents\reps\EvoODE\outputs\phase_c_c6_data_conditions_5dd1df8\system_0005_ic2_sigma_0p050000000000000003_rho_0_realization_1,float64,little_endian
5,2,1,0.05,0.0,2,multiplicative_gaussian_iid,d4fd33de90c64fdb,512,sha256_raw_little_endian_float64,time,time_by_dimension_c_order,[512],"[512,1]",0.0,10.0,58.652694823108384,82.49150976170185,ffad3499269c08c6bd22e9e5c5d2ab32bbf827e2037cbdd6e73571aeab04432f,088dae0d81d7a6f8934f0d573c8c187266ea20c3c7dc0eea4fe29cc19768455a,cells\system_0005_ic2_time_f64le.bin,cells\system_0005_ic2_state_f64le_c_order.bin,C:\Users\joedicke\Documents\reps\EvoODE\outputs\phase_c_c6_data_conditions_5dd1df8\system_0005_ic2_sigma_0p050000000000000003_rho_0_realization_2,float64,little_endian
5,2,1,0.05,0.0,3,multiplicative_gaussian_iid,474964b5d4eb36b7,512,sha256_raw_little_endian_float64,time,time_by_dimension_c_order,[512],"[512,1]",0.0,10.0,58.37031333940779,81.83960769046422,ffad3499269c08c6bd22e9e5c5d2ab32bbf827e2037cbdd6e73571aeab04432f,3383461381ffbd7093f921c3f18402c33e5754ee5758f9b02f2433adf26d5d96,cells\system_0005_ic2_time_f64le.bin,cells\system_0005_ic2_state_f64le_c_order.bin,C:\Users\joedicke\Documents\reps\EvoODE\outputs\phase_c_c6_data_conditions_5dd1df8\system_0005_ic2_sigma_0p050000000000000003_rho_0_realization_3,float64,little_endian
5,2,1,0.05,0.5,1,multiplicative_gaussian_iid,2c2c9d97aa17bd60,256,sha256_raw_little_endian_float64,time,time_by_dimension_c_order,[256],"[256,1]",0.019569471624266144,10.0,57.62107324791244,80.53454890861072,cc61e0a08d100a5041b674423113e7e716802adf0c5ecf89de043b443a9bcbc9,fbaa9d12515d154320ac2f34f7c72d11557982671008fd9a6900270215af5fd9,cells\system_0005_ic2_time_f64le.bin,cells\system_0005_ic2_state_f64le_c_order.bin,C:\Users\joedicke\Documents\reps\EvoODE\outputs\phase_c_c6_data_conditions_5dd1df8\system_0005_ic2_sigma_0p050000000000000003_rho_0p5_realization_1,float64,little_endian
5,2,1,0.05,0.5,2,multiplicative_gaussian_iid,0e7c4be2f70297ab,256,sha256_raw_little_endian_float64,time,time_by_dimension_c_order,[256],"[256,1]",0.019569471624266144,10.0,60.61556390637913,84.1354095567181,0c89054d6958ad2273f6d6cc3151fe0104aff64d6904f6f2aa444e8aee2d9a08,b85d96d7fa5e8891433f67f538a6b56f7e5182b9e65aa796b640c9cf99db195a,cells\system_0005_ic2_time_f64le.bin,cells\system_0005_ic2_state_f64le_c_order.bin,C:\Users\joedicke\Documents\reps\EvoODE\outputs\phase_c_c6_data_conditions_5dd1df8\system_0005_ic2_sigma_0p050000000000000003_rho_0p5_realization_2,float64,little_endian
5,2,1,0.05,0.5,3,multiplicative_gaussian_iid,eb4c796cf661b732,256,sha256_raw_little_endian_float64,time,time_by_dimension_c_order,[256],"[256,1]",0.07827788649706457,9.980430528375733,60.28395970871956,80.44962473920927,0b8af5b213d02a41d1fb1dda1740bbc46d559f842e043a574f948d4e64266616,36337c2f7f7c331b3c40ebe7502f6443bfe0ec6705f4fbf3a58512c6a488a2e3,cells\system_0005_ic2_time_f64le.bin,cells\system_0005_ic2_state_f64le_c_order.bin,C:\Users\joedicke\Documents\reps\EvoODE\outputs\phase_c_c6_data_conditions_5dd1df8\system_0005_ic2_sigma_0p050000000000000003_rho_0p5_realization_3,float64,little_endian
15,1,1,0.0,0.0,1,multiplicative_gaussian_iid,799711a15b6d0740,512,sha256_raw_little_endian_float64,time,time_by_dimension_c_order,[512],"[512,1]",0.0,10.0,44.3,90.13435931251757,ffad3499269c08c6bd22e9e5c5d2ab32bbf827e2037cbdd6e73571aeab04432f,44377149fd0e068b0febbcf4a2ad331eeba249710e2672f98c94c3d7d4fc2f75,cells\system_0015_ic1_time_f64le.bin,cells\system_0015_ic1_state_f64le_c_order.bin,C:\Users\joedicke\Documents\reps\EvoODE\outputs\phase_c_c6_data_conditions_5dd1df8\system_0015_ic1_sigma_0_rho_0_realization_1,float64,little_endian
15,1,1,0.0,0.0,2,multiplicative_gaussian_iid,b5afe8a7651c851f,512,sha256_raw_little_endian_float64,time,time_by_dimension_c_order,[512],"[512,1]",0.0,10.0,44.3,90.13435931251757,ffad3499269c08c6bd22e9e5c5d2ab32bbf827e2037cbdd6e73571aeab04432f,44377149fd0e068b0febbcf4a2ad331eeba249710e2672f98c94c3d7d4fc2f75,cells\system_0015_ic1_time_f64le.bin,cells\system_0015_ic1_state_f64le_c_order.bin,C:\Users\joedicke\Documents\reps\EvoODE\outputs\phase_c_c6_data_conditions_5dd1df8\system_0015_ic1_sigma_0_rho_0_realization_2,float64,little_endian
15,1,1,0.0,0.0,3,multiplicative_gaussian_iid,d0ef57fd9e507f22,512,sha256_raw_little_endian_float64,time,time_by_dimension_c_order,[512],"[512,1]",0.0,10.0,44.3,90.13435931251757,ffad3499269c08c6bd22e9e5c5d2ab32bbf827e2037cbdd6e73571aeab04432f,44377149fd0e068b0febbcf4a2ad331eeba249710e2672f98c94c3d7d4fc2f75,cells\system_0015_ic1_time_f64le.bin,cells\system_0015_ic1_state_f64le_c_order.bin,C:\Users\joedicke\Documents\reps\EvoODE\outputs\phase_c_c6_data_conditions_5dd1df8\system_0015_ic1_sigma_0_rho_0_realization_3,float64,little_endian
15,1,1,0.0,0.5,1,multiplicative_gaussian_iid,e5ae40517517118c,256,sha256_raw_little_endian_float64,time,time_by_dimension_c_order,[256],"[256,1]",0.0,10.0,44.3,90.13435931251757,3f429bc15d50a15cdb0c90689d433a1ea5a08edd47eec957f244b03d195f8c4e,233f7278b7663fe7f2cdf40a87e0bb6b13f59193ee52a8a22469c698a5571961,cells\system_0015_ic1_time_f64le.bin,cells\system_0015_ic1_state_f64le_c_order.bin,C:\Users\joedicke\Documents\reps\EvoODE\outputs\phase_c_c6_data_conditions_5dd1df8\system_0015_ic1_sigma_0_rho_0p5_realization_1,float64,little_endian
15,1,1,0.0,0.5,2,multiplicative_gaussian_iid,410220e26b007c78,256,sha256_raw_little_endian_float64,time,time_by_dimension_c_order,[256],"[256,1]",0.03913894324853229,10.0,44.63118189148966,90.13435931251757,faabe4a6d81576f6eb457cee6193ddb45f80d92007706c74eb54e5e41874cbbe,638c0d1471b263abdd12eb55f4f9efc6eff0a578ee0d47bf222408ec9c50a067,cells\system_0015_ic1_time_f64le.bin,cells\system_0015_ic1_state_f64le_c_order.bin,C:\Users\joedicke\Documents\reps\EvoODE\outputs\phase_c_c6_data_conditions_5dd1df8\system_0015_ic1_sigma_0_rho_0p5_realization_2,float64,little_endian
15,1,1,0.0,0.5,3,multiplicative_gaussian_iid,32943fed9075ec6b,256,sha256_raw_little_endian_float64,time,time_by_dimension_c_order,[256],"[256,1]",0.0,9.980430528375733,44.3,90.11773155409334,9352f7d702079f5a4c6aa8bc41b86864c5a6ab257141a09ece39d3fd54f82cf3,1b9314454932ac3eeda1ea345f90be4bf07edd349d5765cdb54ebbd750836dc9,cells\system_0015_ic1_time_f64le.bin,cells\system_0015_ic1_state_f64le_c_order.bin,C:\Users\joedicke\Documents\reps\EvoODE\outputs\phase_c_c6_data_conditions_5dd1df8\system_0015_ic1_sigma_0_rho_0p5_realization_3,float64,little_endian
15,1,1,0.01,0.0,1,multiplicative_gaussian_iid,1696ce8b0e80990d,512,sha256_raw_little_endian_float64,time,time_by_dimension_c_order,[512],"[512,1]",0.0,10.0,44.128041273341914,91.4475598134985,ffad3499269c08c6bd22e9e5c5d2ab32bbf827e2037cbdd6e73571aeab04432f,000c165fab27aecceba97afce8bfe278fe580a32832119f618f188ecd3f78d51,cells\system_0015_ic1_time_f64le.bin,cells\system_0015_ic1_state_f64le_c_order.bin,C:\Users\joedicke\Documents\reps\EvoODE\outputs\phase_c_c6_data_conditions_5dd1df8\system_0015_ic1_sigma_0p01_rho_0_realization_1,float64,little_endian
15,1,1,0.01,0.0,2,multiplicative_gaussian_iid,715557b4e934a00a,512,sha256_raw_little_endian_float64,time,time_by_dimension_c_order,[512],"[512,1]",0.0,10.0,43.90667724806025,91.36513348064352,ffad3499269c08c6bd22e9e5c5d2ab32bbf827e2037cbdd6e73571aeab04432f,776502cdb1a26cd75a838c9ad5c356708b6f23298d0c2e2666087501bf9aa8bd,cells\system_0015_ic1_time_f64le.bin,cells\system_0015_ic1_state_f64le_c_order.bin,C:\Users\joedicke\Documents\reps\EvoODE\outputs\phase_c_c6_data_conditions_5dd1df8\system_0015_ic1_sigma_0p01_rho_0_realization_2,float64,little_endian
15,1,1,0.01,0.0,3,multiplicative_gaussian_iid,bcb458bd643fcc5e,512,sha256_raw_little_endian_float64,time,time_by_dimension_c_order,[512],"[512,1]",0.0,10.0,43.70990002763975,91.5834279411407,ffad3499269c08c6bd22e9e5c5d2ab32bbf827e2037cbdd6e73571aeab04432f,60e0fffc6edf32b451bdc7e7aa148bdc1fdb196716ce511a36ef0aacb6514db2,cells\system_0015_ic1_time_f64le.bin,cells\system_0015_ic1_state_f64le_c_order.bin,C:\Users\joedicke\Documents\reps\EvoODE\outputs\phase_c_c6_data_conditions_5dd1df8\system_0015_ic1_sigma_0p01_rho_0_realization_3,float64,little_endian
15,1,1,0.01,0.5,1,multiplicative_gaussian_iid,228ccdf853b4603f,256,sha256_raw_little_endian_float64,time,time_by_dimension_c_order,[256],"[256,1]",0.0,10.0,43.95019941631913,91.7409733840408,54b767c7151945d9557fb82dafdba0a5e009a4788ea5ccdca2de5e255e0d6de6,b92814a53d0b321b96368fcbea9d6603d1d6813c7c3c301e43e88f28a611ad48,cells\system_0015_ic1_time_f64le.bin,cells\system_0015_ic1_state_f64le_c_order.bin,C:\Users\joedicke\Documents\reps\EvoODE\outputs\phase_c_c6_data_conditions_5dd1df8\system_0015_ic1_sigma_0p01_rho_0p5_realization_1,float64,little_endian
15,1,1,0.01,0.5,2,multiplicative_gaussian_iid,91c37238ed72132a,256,sha256_raw_little_endian_float64,time,time_by_dimension_c_order,[256],"[256,1]",0.03913894324853229,10.0,44.199401482799004,91.53999989178389,4094c9a31bd14df78f7fc7b419842af3033e0b49aa1c14f9c66ac1f62e83c7f4,23eefbc5e115244a2cf3e02d6b9c9ca0fb50aa9feda37d95e0d4464640d25040,cells\system_0015_ic1_time_f64le.bin,cells\system_0015_ic1_state_f64le_c_order.bin,C:\Users\joedicke\Documents\reps\EvoODE\outputs\phase_c_c6_data_conditions_5dd1df8\system_0015_ic1_sigma_0p01_rho_0p5_realization_2,float64,little_endian
15,1,1,0.01,0.5,3,multiplicative_gaussian_iid,f288b68ee10122ab,256,sha256_raw_little_endian_float64,time,time_by_dimension_c_order,[256],"[256,1]",0.0,9.941291585127201,43.71354483171453,91.82843892685683,1fd909ab7bab2ad209c26125f99d83f8d682285d182d06f5907fa5c508f6ede1,e6cd68ce925b54d53e7507e38dc8f4aa6097ff659450fb7d16a7f2506f40f2fd,cells\system_0015_ic1_time_f64le.bin,cells\system_0015_ic1_state_f64le_c_order.bin,C:\Users\joedicke\Documents\reps\EvoODE\outputs\phase_c_c6_data_conditions_5dd1df8\system_0015_ic1_sigma_0p01_rho_0p5_realization_3,float64,little_endian
15,1,1,0.02,0.0,1,multiplicative_gaussian_iid,672a11e7b6fa736d,512,sha256_raw_little_endian_float64,time,time_by_dimension_c_order,[512],"[512,1]",0.0,10.0,42.85457761467191,93.62575024314202,ffad3499269c08c6bd22e9e5c5d2ab32bbf827e2037cbdd6e73571aeab04432f,180c08f91777b81664b987290ff6040df70d75f360e8c2527ba8e5b8e3eb8314,cells\system_0015_ic1_time_f64le.bin,cells\system_0015_ic1_state_f64le_c_order.bin,C:\Users\joedicke\Documents\reps\EvoODE\outputs\phase_c_c6_data_conditions_5dd1df8\system_0015_ic1_sigma_0p02_rho_0_realization_1,float64,little_endian
15,1,1,0.02,0.0,2,multiplicative_gaussian_iid,325115d8689b3624,512,sha256_raw_little_endian_float64,time,time_by_dimension_c_order,[512],"[512,1]",0.0,10.0,43.30301333862398,93.4145143556729,ffad3499269c08c6bd22e9e5c5d2ab32bbf827e2037cbdd6e73571aeab04432f,5812c636302521c4a7258ef3d01c0364f0728aa21827945802a30fa67e282d49,cells\system_0015_ic1_time_f64le.bin,cells\system_0015_ic1_state_f64le_c_order.bin,C:\Users\joedicke\Documents\reps\EvoODE\outputs\phase_c_c6_data_conditions_5dd1df8\system_0015_ic1_sigma_0p02_rho_0_realization_2,float64,little_endian
15,1,1,0.02,0.0,3,multiplicative_gaussian_iid,f381e98903da9113,512,sha256_raw_little_endian_float64,time,time_by_dimension_c_order,[512],"[512,1]",0.0,10.0,44.114676384685254,93.76075426127382,ffad3499269c08c6bd22e9e5c5d2ab32bbf827e2037cbdd6e73571aeab04432f,bde2588e0ecdbace86e71ed3de5f2525c0e79dc9d3e56ef5f20b780e58ab1eb1,cells\system_0015_ic1_time_f64le.bin,cells\system_0015_ic1_state_f64le_c_order.bin,C:\Users\joedicke\Documents\reps\EvoODE\outputs\phase_c_c6_data_conditions_5dd1df8\system_0015_ic1_sigma_0p02_rho_0_realization_3,float64,little_endian
15,1,1,0.02,0.5,1,multiplicative_gaussian_iid,7c6160caa1ea477b,256,sha256_raw_little_endian_float64,time,time_by_dimension_c_order,[256],"[256,1]",0.0,10.0,43.58110458909701,92.83791911682242,d2f81d9860589390e076cc36266a8c1fcc509cba80d6786523408d77fc1934ff,4b1fd31f58f66cda8367fa0d82a7efe2947d3eee758b00a874cae2a55078861f,cells\system_0015_ic1_time_f64le.bin,cells\system_0015_ic1_state_f64le_c_order.bin,C:\Users\joedicke\Documents\reps\EvoODE\outputs\phase_c_c6_data_conditions_5dd1df8\system_0015_ic1_sigma_0p02_rho_0p5_realization_1,float64,little_endian
15,1,1,0.02,0.5,2,multiplicative_gaussian_iid,bcd25d66948ee0ae,256,sha256_raw_little_endian_float64,time,time_by_dimension_c_order,[256],"[256,1]",0.0,9.980430528375733,43.70995921482296,94.14499296948631,82ed3441021011cef19769d3ad6c966f3de488baeaa21a149c54599505c2d4bf,6fe9ca6e19204072ff84b69508751274e1fedbbb42dcff5e3a3857a1f10c3ed7,cells\system_0015_ic1_time_f64le.bin,cells\system_0015_ic1_state_f64le_c_order.bin,C:\Users\joedicke\Documents\reps\EvoODE\outputs\phase_c_c6_data_conditions_5dd1df8\system_0015_ic1_sigma_0p02_rho_0p5_realization_2,float64,little_endian
15,1,1,0.02,0.5,3,multiplicative_gaussian_iid,e0af3b0de5724047,256,sha256_raw_little_endian_float64,time,time_by_dimension_c_order,[256],"[256,1]",0.0,9.84344422700587,43.257075121953356,92.5862797711751,7cd7b129b9b7bc27692711ee21bb00978f64e0b4a6af89bd898c8abbd519a601,d9b2758f8e21c96dd6467651e62373e8b10f81723272836fcbed552ce0a3b044,cells\system_0015_ic1_time_f64le.bin,cells\system_0015_ic1_state_f64le_c_order.bin,C:\Users\joedicke\Documents\reps\EvoODE\outputs\phase_c_c6_data_conditions_5dd1df8\system_0015_ic1_sigma_0p02_rho_0p5_realization_3,float64,little_endian
15,1,1,0.03,0.0,1,multiplicative_gaussian_iid,9ab73e4eac8e3294,512,sha256_raw_little_endian_float64,time,time_by_dimension_c_order,[512],"[512,1]",0.0,10.0,42.5291771632679,98.28837947929694,ffad3499269c08c6bd22e9e5c5d2ab32bbf827e2037cbdd6e73571aeab04432f,78950d796cb92cf076cfcdf45552b555938b9fd487ae9ec2e20318178300a26f,cells\system_0015_ic1_time_f64le.bin,cells\system_0015_ic1_state_f64le_c_order.bin,C:\Users\joedicke\Documents\reps\EvoODE\outputs\phase_c_c6_data_conditions_5dd1df8\system_0015_ic1_sigma_0p029999999999999999_rho_0_realization_1,float64,little_endian
15,1,1,0.03,0.0,2,multiplicative_gaussian_iid,82c3da1e7e62eee3,512,sha256_raw_little_endian_float64,time,time_by_dimension_c_order,[512],"[512,1]",0.0,10.0,42.83549684047873,95.6222443274218,ffad3499269c08c6bd22e9e5c5d2ab32bbf827e2037cbdd6e73571aeab04432f,7a4d0288f1562a016519c2f1c7930caa6383f5f752bfa35d084782f6ce4e360c,cells\system_0015_ic1_time_f64le.bin,cells\system_0015_ic1_state_f64le_c_order.bin,C:\Users\joedicke\Documents\reps\EvoODE\outputs\phase_c_c6_data_conditions_5dd1df8\system_0015_ic1_sigma_0p029999999999999999_rho_0_realization_2,float64,little_endian
15,1,1,0.03,0.0,3,multiplicative_gaussian_iid,14ad814a69ec28ff,512,sha256_raw_little_endian_float64,time,time_by_dimension_c_order,[512],"[512,1]",0.0,10.0,43.51781503483722,95.79839403127907,ffad3499269c08c6bd22e9e5c5d2ab32bbf827e2037cbdd6e73571aeab04432f,e25a4723c82ea4183e1d0e4fb744abf0958139396fa9f0259263a208f35f649c,cells\system_0015_ic1_time_f64le.bin,cells\system_0015_ic1_state_f64le_c_order.bin,C:\Users\joedicke\Documents\reps\EvoODE\outputs\phase_c_c6_data_conditions_5dd1df8\system_0015_ic1_sigma_0p029999999999999999_rho_0_realization_3,float64,little_endian
15,1,1,0.03,0.5,1,multiplicative_gaussian_iid,8de245124bfb451c,256,sha256_raw_little_endian_float64,time,time_by_dimension_c_order,[256],"[256,1]",0.03913894324853229,10.0,39.5636462176961,95.9876161848837,3b00cddbc141140a48ca7af0280275e1af716d6caa99ecfc14036abd003c1f60,00b70de85a6d3c314e866c5e7b4023e2faff728869c3bdae1bebcdc2a8c3dda9,cells\system_0015_ic1_time_f64le.bin,cells\system_0015_ic1_state_f64le_c_order.bin,C:\Users\joedicke\Documents\reps\EvoODE\outputs\phase_c_c6_data_conditions_5dd1df8\system_0015_ic1_sigma_0p029999999999999999_rho_0p5_realization_1,float64,little_endian
15,1,1,0.03,0.5,2,multiplicative_gaussian_iid,a318ab0636b2776b,256,sha256_raw_little_endian_float64,time,time_by_dimension_c_order,[256],"[256,1]",0.0,9.882583170254403,42.77015853982319,93.4905179335741,ea02602fc2d992d85efebe78e06ca7b688b48f14c5d120ecc507ba3c2205c833,a4ed1b7cb942b54bf289123c29f107040f1e1a4ebe2c24e6e127f89a7e252ba8,cells\system_0015_ic1_time_f64le.bin,cells\system_0015_ic1_state_f64le_c_order.bin,C:\Users\joedicke\Documents\reps\EvoODE\outputs\phase_c_c6_data_conditions_5dd1df8\system_0015_ic1_sigma_0p029999999999999999_rho_0p5_realization_2,float64,little_endian
15,1,1,0.03,0.5,3,multiplicative_gaussian_iid,069741ac89cccc44,256,sha256_raw_little_endian_float64,time,time_by_dimension_c_order,[256],"[256,1]",0.0,10.0,43.84260590580944,96.01980564368259,10b53cfa2d7c5b8b64c95fbaf6e51c381cfb0d40e2a081c2f30616f3ec85d3df,17f9b9650a7b130d8832c500fd6dd8baff8403ef8df8c5680b51dcd97851ab50,cells\system_0015_ic1_time_f64le.bin,cells\system_0015_ic1_state_f64le_c_order.bin,C:\Users\joedicke\Documents\reps\EvoODE\outputs\phase_c_c6_data_conditions_5dd1df8\system_0015_ic1_sigma_0p029999999999999999_rho_0p5_realization_3,float64,little_endian
15,1,1,0.04,0.0,1,multiplicative_gaussian_iid,44801945584039fb,512,sha256_raw_little_endian_float64,time,time_by_dimension_c_order,[512],"[512,1]",0.0,10.0,41.326973764112424,98.531176119929,ffad3499269c08c6bd22e9e5c5d2ab32bbf827e2037cbdd6e73571aeab04432f,ecd71053334c4b87a7a7b18c26a53c3f21704d15005e172133ba916ff2898021,cells\system_0015_ic1_time_f64le.bin,cells\system_0015_ic1_state_f64le_c_order.bin,C:\Users\joedicke\Documents\reps\EvoODE\outputs\phase_c_c6_data_conditions_5dd1df8\system_0015_ic1_sigma_0p040000000000000001_rho_0_realization_1,float64,little_endian
15,1,1,0.04,0.0,2,multiplicative_gaussian_iid,8822fb29eb654e2c,512,sha256_raw_little_endian_float64,time,time_by_dimension_c_order,[512],"[512,1]",0.0,10.0,42.355134924101456,97.50656934417836,ffad3499269c08c6bd22e9e5c5d2ab32bbf827e2037cbdd6e73571aeab04432f,c9a39cf21dd067f18fc1fab6bf5eda40d7c2211466abc601d6b5dc7d2662b403,cells\system_0015_ic1_time_f64le.bin,cells\system_0015_ic1_state_f64le_c_order.bin,C:\Users\joedicke\Documents\reps\EvoODE\outputs\phase_c_c6_data_conditions_5dd1df8\system_0015_ic1_sigma_0p040000000000000001_rho_0_realization_2,float64,little_endian
15,1,1,0.04,0.0,3,multiplicative_gaussian_iid,c894b9d947f7dad9,512,sha256_raw_little_endian_float64,time,time_by_dimension_c_order,[512],"[512,1]",0.0,10.0,43.82504351656996,96.11701394649356,ffad3499269c08c6bd22e9e5c5d2ab32bbf827e2037cbdd6e73571aeab04432f,fb728c0abcb29bc0770a489a8eef10a949bb7ba81072bf062be074bc9ed4688c,cells\system_0015_ic1_time_f64le.bin,cells\system_0015_ic1_state_f64le_c_order.bin,C:\Users\joedicke\Documents\reps\EvoODE\outputs\phase_c_c6_data_conditions_5dd1df8\system_0015_ic1_sigma_0p040000000000000001_rho_0_realization_3,float64,little_endian
15,1,1,0.04,0.5,1,multiplicative_gaussian_iid,9b8b6df42eee8e32,256,sha256_raw_little_endian_float64,time,time_by_dimension_c_order,[256],"[256,1]",0.0,9.960861056751467,42.980114154136075,97.57469513765678,c3d7d4812785057e2ee849076507951fb1d9cb8f1f1e4faeae4da2ebf3c97907,2fb4bf1d448a83834b31c3de8a3e1f77fce3a937a172730bcf8d97b0b47faeff,cells\system_0015_ic1_time_f64le.bin,cells\system_0015_ic1_state_f64le_c_order.bin,C:\Users\joedicke\Documents\reps\EvoODE\outputs\phase_c_c6_data_conditions_5dd1df8\system_0015_ic1_sigma_0p040000000000000001_rho_0p5_realization_1,float64,little_endian
15,1,1,0.04,0.5,2,multiplicative_gaussian_iid,782ee43c52f10048,256,sha256_raw_little_endian_float64,time,time_by_dimension_c_order,[256],"[256,1]",0.03913894324853229,10.0,44.471773428328774,95.0073928061912,9f79ae4e8f87e17e8358a265cdbe969d6561bc6cd734cbd601a2e0703a556c26,ff74cc35592ec901099bde3086dd6c32c97eb21617922dfd50b48000803c41fb,cells\system_0015_ic1_time_f64le.bin,cells\system_0015_ic1_state_f64le_c_order.bin,C:\Users\joedicke\Documents\reps\EvoODE\outputs\phase_c_c6_data_conditions_5dd1df8\system_0015_ic1_sigma_0p040000000000000001_rho_0p5_realization_2,float64,little_endian
15,1,1,0.04,0.5,3,multiplicative_gaussian_iid,ed5295c60e5e2276,256,sha256_raw_little_endian_float64,time,time_by_dimension_c_order,[256],"[256,1]",0.0,10.0,42.07273526106506,100.81451161194329,1f0e890814cefe6a18fc2b9a9443611d028c6e597ed722900aed638c0dfbdb54,6d3787c28d55e3a09141b5e64eeff2dc35b9e4d3c9132f48404d359e956f6777,cells\system_0015_ic1_time_f64le.bin,cells\system_0015_ic1_state_f64le_c_order.bin,C:\Users\joedicke\Documents\reps\EvoODE\outputs\phase_c_c6_data_conditions_5dd1df8\system_0015_ic1_sigma_0p040000000000000001_rho_0p5_realization_3,float64,little_endian
15,1,1,0.05,0.0,1,multiplicative_gaussian_iid,0c0ad42629f69010,512,sha256_raw_little_endian_float64,time,time_by_dimension_c_order,[512],"[512,1]",0.0,10.0,41.72945075551489,102.82167483652857,ffad3499269c08c6bd22e9e5c5d2ab32bbf827e2037cbdd6e73571aeab04432f,9db7aa6e7d65676b1514b852e9243ebfa266bdc8704912b5e5feb140f86b4e8e,cells\system_0015_ic1_time_f64le.bin,cells\system_0015_ic1_state_f64le_c_order.bin,C:\Users\joedicke\Documents\reps\EvoODE\outputs\phase_c_c6_data_conditions_5dd1df8\system_0015_ic1_sigma_0p050000000000000003_rho_0_realization_1,float64,little_endian
15,1,1,0.05,0.0,2,multiplicative_gaussian_iid,d4fd33de90c64fdb,512,sha256_raw_little_endian_float64,time,time_by_dimension_c_order,[512],"[512,1]",0.0,10.0,42.61659910217974,102.1629147764127,ffad3499269c08c6bd22e9e5c5d2ab32bbf827e2037cbdd6e73571aeab04432f,b2abf279d693ebefa30b86c964658e250a691ab2a981d2c8d2206db1e248da62,cells\system_0015_ic1_time_f64le.bin,cells\system_0015_ic1_state_f64le_c_order.bin,C:\Users\joedicke\Documents\reps\EvoODE\outputs\phase_c_c6_data_conditions_5dd1df8\system_0015_ic1_sigma_0p050000000000000003_rho_0_realization_2,float64,little_endian
15,1,1,0.05,0.0,3,multiplicative_gaussian_iid,474964b5d4eb36b7,512,sha256_raw_little_endian_float64,time,time_by_dimension_c_order,[512],"[512,1]",0.0,10.0,40.94967695035522,99.92024317224337,ffad3499269c08c6bd22e9e5c5d2ab32bbf827e2037cbdd6e73571aeab04432f,783efacccbd6ca6d903981bc5b811830236af54e7ad6721513db8d795f0c05c0,cells\system_0015_ic1_time_f64le.bin,cells\system_0015_ic1_state_f64le_c_order.bin,C:\Users\joedicke\Documents\reps\EvoODE\outputs\phase_c_c6_data_conditions_5dd1df8\system_0015_ic1_sigma_0p050000000000000003_rho_0_realization_3,float64,little_endian
15,1,1,0.05,0.5,1,multiplicative_gaussian_iid,2c2c9d97aa17bd60,256,sha256_raw_little_endian_float64,time,time_by_dimension_c_order,[256],"[256,1]",0.0,9.960861056751467,42.588332314742374,98.355931840376,5f408054c76458691d7d0d10424b627969c33e227ff88ef596306a4fdda143fa,ca93cb42eda4e30e97bcc0d0fac7509609c62ae246ed48c50f85a5bb551c4a8b,cells\system_0015_ic1_time_f64le.bin,cells\system_0015_ic1_state_f64le_c_order.bin,C:\Users\joedicke\Documents\reps\EvoODE\outputs\phase_c_c6_data_conditions_5dd1df8\system_0015_ic1_sigma_0p050000000000000003_rho_0p5_realization_1,float64,little_endian
15,1,1,0.05,0.5,2,multiplicative_gaussian_iid,0e7c4be2f70297ab,256,sha256_raw_little_endian_float64,time,time_by_dimension_c_order,[256],"[256,1]",0.03913894324853229,9.980430528375733,40.20722912603791,100.8851806121414,dfd4e49e5230302bce4fb37b97aaa02a10a8f6f20eb3811e4e58663423551e36,cd0f1a82868b25f23ae6d594d72ae03260c3e8e5365638e09296b1edee534b22,cells\system_0015_ic1_time_f64le.bin,cells\system_0015_ic1_state_f64le_c_order.bin,C:\Users\joedicke\Documents\reps\EvoODE\outputs\phase_c_c6_data_conditions_5dd1df8\system_0015_ic1_sigma_0p050000000000000003_rho_0p5_realization_2,float64,little_endian
15,1,1,0.05,0.5,3,multiplicative_gaussian_iid,eb4c796cf661b732,256,sha256_raw_little_endian_float64,time,time_by_dimension_c_order,[256],"[256,1]",0.07827788649706457,9.980430528375733,44.895969893240235,101.10120020640788,907f3d9a230783b4feb7cab96e1590e320c80f28bf548bb590f85d0bf64fdde1,40d6605eb744f23221f602595fed0518edf3165771a1f5e78e62945c2b943c89,cells\system_0015_ic1_time_f64le.bin,cells\system_0015_ic1_state_f64le_c_order.bin,C:\Users\joedicke\Documents\reps\EvoODE\outputs\phase_c_c6_data_conditions_5dd1df8\system_0015_ic1_sigma_0p050000000000000003_rho_0p5_realization_3,float64,little_endian
15,2,1,0.0,0.0,1,multiplicative_gaussian_iid,799711a15b6d0740,512,sha256_raw_little_endian_float64,time,time_by_dimension_c_order,[512],"[512,1]",0.0,10.0,4.5,47.4526323218893,ffad3499269c08c6bd22e9e5c5d2ab32bbf827e2037cbdd6e73571aeab04432f,5e2e24d5df10731defc886e69c90ef19ea7694caf456523e5e59b862ceb73354,cells\system_0015_ic2_time_f64le.bin,cells\system_0015_ic2_state_f64le_c_order.bin,C:\Users\joedicke\Documents\reps\EvoODE\outputs\phase_c_c6_data_conditions_5dd1df8\system_0015_ic2_sigma_0_rho_0_realization_1,float64,little_endian
15,2,1,0.0,0.0,2,multiplicative_gaussian_iid,b5afe8a7651c851f,512,sha256_raw_little_endian_float64,time,time_by_dimension_c_order,[512],"[512,1]",0.0,10.0,4.5,47.4526323218893,ffad3499269c08c6bd22e9e5c5d2ab32bbf827e2037cbdd6e73571aeab04432f,5e2e24d5df10731defc886e69c90ef19ea7694caf456523e5e59b862ceb73354,cells\system_0015_ic2_time_f64le.bin,cells\system_0015_ic2_state_f64le_c_order.bin,C:\Users\joedicke\Documents\reps\EvoODE\outputs\phase_c_c6_data_conditions_5dd1df8\system_0015_ic2_sigma_0_rho_0_realization_2,float64,little_endian
15,2,1,0.0,0.0,3,multiplicative_gaussian_iid,d0ef57fd9e507f22,512,sha256_raw_little_endian_float64,time,time_by_dimension_c_order,[512],"[512,1]",0.0,10.0,4.5,47.4526323218893,ffad3499269c08c6bd22e9e5c5d2ab32bbf827e2037cbdd6e73571aeab04432f,5e2e24d5df10731defc886e69c90ef19ea7694caf456523e5e59b862ceb73354,cells\system_0015_ic2_time_f64le.bin,cells\system_0015_ic2_state_f64le_c_order.bin,C:\Users\joedicke\Documents\reps\EvoODE\outputs\phase_c_c6_data_conditions_5dd1df8\system_0015_ic2_sigma_0_rho_0_realization_3,float64,little_endian
15,2,1,0.0,0.5,1,multiplicative_gaussian_iid,e5ae40517517118c,256,sha256_raw_little_endian_float64,time,time_by_dimension_c_order,[256],"[256,1]",0.0,10.0,4.5,47.4526323218893,b7a6702471ff3e2c483a7299113bd65b0310d9ffae0a18e4abbc2a5509a13e65,2bf63220d784b497c4a610c7f618719e80f9c5c7d05ab3ff09382f92c67c5ebc,cells\system_0015_ic2_time_f64le.bin,cells\system_0015_ic2_state_f64le_c_order.bin,C:\Users\joedicke\Documents\reps\EvoODE\outputs\phase_c_c6_data_conditions_5dd1df8\system_0015_ic2_sigma_0_rho_0p5_realization_1,float64,little_endian
15,2,1,0.0,0.5,2,multiplicative_gaussian_iid,410220e26b007c78,256,sha256_raw_little_endian_float64,time,time_by_dimension_c_order,[256],"[256,1]",0.0,10.0,4.5,47.4526323218893,b7f12d85b0f690b50f76bce59dd82003afafd3baf73fc8cd454af0c551c7c868,f8fabe48cb5fbd2e12eabdb93d8824a31bf67c9b5c7b77b0e2bb2fee6174606c,cells\system_0015_ic2_time_f64le.bin,cells\system_0015_ic2_state_f64le_c_order.bin,C:\Users\joedicke\Documents\reps\EvoODE\outputs\phase_c_c6_data_conditions_5dd1df8\system_0015_ic2_sigma_0_rho_0p5_realization_2,float64,little_endian
15,2,1,0.0,0.5,3,multiplicative_gaussian_iid,32943fed9075ec6b,256,sha256_raw_little_endian_float64,time,time_by_dimension_c_order,[256],"[256,1]",0.019569471624266144,10.0,4.514957966244907,47.4526323218893,7b432819bce45ad256342d827a0bfceffc46e8745af70cfa32fee1a938e3d3e5,45785749c6ed3153162ea250970ab5a57b5bc378119b873161c800913384543f,cells\system_0015_ic2_time_f64le.bin,cells\system_0015_ic2_state_f64le_c_order.bin,C:\Users\joedicke\Documents\reps\EvoODE\outputs\phase_c_c6_data_conditions_5dd1df8\system_0015_ic2_sigma_0_rho_0p5_realization_3,float64,little_endian
15,2,1,0.01,0.0,1,multiplicative_gaussian_iid,1696ce8b0e80990d,512,sha256_raw_little_endian_float64,time,time_by_dimension_c_order,[512],"[512,1]",0.0,10.0,4.505241808897153,48.13835164178333,ffad3499269c08c6bd22e9e5c5d2ab32bbf827e2037cbdd6e73571aeab04432f,77abc5b5ee7ee372ba1e64bf01f948d84f9310ac248da40af3667286e89d501c,cells\system_0015_ic2_time_f64le.bin,cells\system_0015_ic2_state_f64le_c_order.bin,C:\Users\joedicke\Documents\reps\EvoODE\outputs\phase_c_c6_data_conditions_5dd1df8\system_0015_ic2_sigma_0p01_rho_0_realization_1,float64,little_endian
15,2,1,0.01,0.0,2,multiplicative_gaussian_iid,715557b4e934a00a,512,sha256_raw_little_endian_float64,time,time_by_dimension_c_order,[512],"[512,1]",0.0,10.0,4.492384241914007,47.95324193263531,ffad3499269c08c6bd22e9e5c5d2ab32bbf827e2037cbdd6e73571aeab04432f,505ec487283fdbbdd6b4482bbe80d03b26c160bb0a7f2bd57281733659b3bbd4,cells\system_0015_ic2_time_f64le.bin,cells\system_0015_ic2_state_f64le_c_order.bin,C:\Users\joedicke\Documents\reps\EvoODE\outputs\phase_c_c6_data_conditions_5dd1df8\system_0015_ic2_sigma_0p01_rho_0_realization_2,float64,little_endian
15,2,1,0.01,0.0,3,multiplicative_gaussian_iid,bcb458bd643fcc5e,512,sha256_raw_little_endian_float64,time,time_by_dimension_c_order,[512],"[512,1]",0.0,10.0,4.473058753275283,47.548923942685356,ffad3499269c08c6bd22e9e5c5d2ab32bbf827e2037cbdd6e73571aeab04432f,c6638625c7ad031b7b9d4282bd75cfc5ecd93001f1b17770e2380e969f87496c,cells\system_0015_ic2_time_f64le.bin,cells\system_0015_ic2_state_f64le_c_order.bin,C:\Users\joedicke\Documents\reps\EvoODE\outputs\phase_c_c6_data_conditions_5dd1df8\system_0015_ic2_sigma_0p01_rho_0_realization_3,float64,little_endian
15,2,1,0.01,0.5,1,multiplicative_gaussian_iid,228ccdf853b4603f,256,sha256_raw_little_endian_float64,time,time_by_dimension_c_order,[256],"[256,1]",0.0,9.941291585127201,4.461387205961481,46.86290517922765,ee7b93246c103f9d7a7bbf4ec519f943c039417d53e52f0b96b0e4b6ee91f1b4,2f6c26abca809ff53862695dae354ab27fd4221f263fa19ac095e903feb8186c,cells\system_0015_ic2_time_f64le.bin,cells\system_0015_ic2_state_f64le_c_order.bin,C:\Users\joedicke\Documents\reps\EvoODE\outputs\phase_c_c6_data_conditions_5dd1df8\system_0015_ic2_sigma_0p01_rho_0p5_realization_1,float64,little_endian
15,2,1,0.01,0.5,2,multiplicative_gaussian_iid,91c37238ed72132a,256,sha256_raw_little_endian_float64,time,time_by_dimension_c_order,[256],"[256,1]",0.0,10.0,4.42937657204876,47.571640115161706,68153cad387bfeaf26291ee4531ea0911189652c4a0a44d58700c8dd6f0bcb86,f062a69a4ccc53812e94998a693418bbc14c7af0418cf14a3d6070690d3f02be,cells\system_0015_ic2_time_f64le.bin,cells\system_0015_ic2_state_f64le_c_order.bin,C:\Users\joedicke\Documents\reps\EvoODE\outputs\phase_c_c6_data_conditions_5dd1df8\system_0015_ic2_sigma_0p01_rho_0p5_realization_2,float64,little_endian
15,2,1,0.01,0.5,3,multiplicative_gaussian_iid,f288b68ee10122ab,256,sha256_raw_little_endian_float64,time,time_by_dimension_c_order,[256],"[256,1]",0.019569471624266144,10.0,4.461967854554448,47.9799088748137,b15065e5afc4f3d2c0176537e4177d374d8d1ccc3ede18055d30bbbad8c95cc2,9b838b7d9582116d22501f5e3d20c6d36fc66626b0006a18c7a943a9f4adc302,cells\system_0015_ic2_time_f64le.bin,cells\system_0015_ic2_state_f64le_c_order.bin,C:\Users\joedicke\Documents\reps\EvoODE\outputs\phase_c_c6_data_conditions_5dd1df8\system_0015_ic2_sigma_0p01_rho_0p5_realization_3,float64,little_endian
15,2,1,0.02,0.0,1,multiplicative_gaussian_iid,672a11e7b6fa736d,512,sha256_raw_little_endian_float64,time,time_by_dimension_c_order,[512],"[512,1]",0.0,10.0,4.448764489838048,49.39883621679793,ffad3499269c08c6bd22e9e5c5d2ab32bbf827e2037cbdd6e73571aeab04432f,0aaaae65309a07d0975e6bdff4cba365fb1979da055889a6b6842c2d7753c131,cells\system_0015_ic2_time_f64le.bin,cells\system_0015_ic2_state_f64le_c_order.bin,C:\Users\joedicke\Documents\reps\EvoODE\outputs\phase_c_c6_data_conditions_5dd1df8\system_0015_ic2_sigma_0p02_rho_0_realization_1,float64,little_endian
15,2,1,0.02,0.0,2,multiplicative_gaussian_iid,325115d8689b3624,512,sha256_raw_little_endian_float64,time,time_by_dimension_c_order,[512],"[512,1]",0.0,10.0,4.335581786447649,48.192710021159215,ffad3499269c08c6bd22e9e5c5d2ab32bbf827e2037cbdd6e73571aeab04432f,b6ff79fd74d22e2ae1b7d9ee2f52d3fb40ae12c65e39a66c2ab5fc88989f1c05,cells\system_0015_ic2_time_f64le.bin,cells\system_0015_ic2_state_f64le_c_order.bin,C:\Users\joedicke\Documents\reps\EvoODE\outputs\phase_c_c6_data_conditions_5dd1df8\system_0015_ic2_sigma_0p02_rho_0_realization_2,float64,little_endian
15,2,1,0.02,0.0,3,multiplicative_gaussian_iid,f381e98903da9113,512,sha256_raw_little_endian_float64,time,time_by_dimension_c_order,[512],"[512,1]",0.0,10.0,4.406164252386859,47.94375701585947,ffad3499269c08c6bd22e9e5c5d2ab32bbf827e2037cbdd6e73571aeab04432f,5411547245c49148fa5069afcbe31bcddd464d0f3ebafa9c5eafd3a3d142929c,cells\system_0015_ic2_time_f64le.bin,cells\system_0015_ic2_state_f64le_c_order.bin,C:\Users\joedicke\Documents\reps\EvoODE\outputs\phase_c_c6_data_conditions_5dd1df8\system_0015_ic2_sigma_0p02_rho_0_realization_3,float64,little_endian
15,2,1,0.02,0.5,1,multiplicative_gaussian_iid,7c6160caa1ea477b,256,sha256_raw_little_endian_float64,time,time_by_dimension_c_order,[256],"[256,1]",0.0,10.0,4.366455900136138,48.09707825112028,064df51f9cd6cd11f68d74e6a8358f6fa66a6b07d2dd97cd6b2015e383b6bf33,f589ad3484684fce95c3628b1bfc0a167265869c6cd73c716c1c3823ba0b2f84,cells\system_0015_ic2_time_f64le.bin,cells\system_0015_ic2_state_f64le_c_order.bin,C:\Users\joedicke\Documents\reps\EvoODE\outputs\phase_c_c6_data_conditions_5dd1df8\system_0015_ic2_sigma_0p02_rho_0p5_realization_1,float64,little_endian
15,2,1,0.02,0.5,2,multiplicative_gaussian_iid,bcd25d66948ee0ae,256,sha256_raw_little_endian_float64,time,time_by_dimension_c_order,[256],"[256,1]",0.019569471624266144,9.941291585127201,4.506898072159372,47.11903762111811,8165f5a915f534123e4f1c49db253f21796672f1d4c54a908162a9efdff4f2b6,a95f7bebf76f6bea563a9efe90310094a41b4f55278048666a109e499105df5b,cells\system_0015_ic2_time_f64le.bin,cells\system_0015_ic2_state_f64le_c_order.bin,C:\Users\joedicke\Documents\reps\EvoODE\outputs\phase_c_c6_data_conditions_5dd1df8\system_0015_ic2_sigma_0p02_rho_0p5_realization_2,float64,little_endian
15,2,1,0.02,0.5,3,multiplicative_gaussian_iid,e0af3b0de5724047,256,sha256_raw_little_endian_float64,time,time_by_dimension_c_order,[256],"[256,1]",0.0,9.980430528375733,4.510768915900015,49.339891738288124,7f5fca9a7bf60cc206b3d80873970dca1388c9170a83596947357748d19c17bd,b09f19007f8822d526b13b73059c9211a0a9d91aa210dbdcc61e429c1e93d3a0,cells\system_0015_ic2_time_f64le.bin,cells\system_0015_ic2_state_f64le_c_order.bin,C:\Users\joedicke\Documents\reps\EvoODE\outputs\phase_c_c6_data_conditions_5dd1df8\system_0015_ic2_sigma_0p02_rho_0p5_realization_3,float64,little_endian
15,2,1,0.03,0.0,1,multiplicative_gaussian_iid,9ab73e4eac8e3294,512,sha256_raw_little_endian_float64,time,time_by_dimension_c_order,[512],"[512,1]",0.0,10.0,4.452600416147553,48.36129684331716,ffad3499269c08c6bd22e9e5c5d2ab32bbf827e2037cbdd6e73571aeab04432f,0731f6fb8e9d81929d17bf91b93cc2b30a5144e29a2bb7cb9251a744fe3eb978,cells\system_0015_ic2_time_f64le.bin,cells\system_0015_ic2_state_f64le_c_order.bin,C:\Users\joedicke\Documents\reps\EvoODE\outputs\phase_c_c6_data_conditions_5dd1df8\system_0015_ic2_sigma_0p029999999999999999_rho_0_realization_1,float64,little_endian
15,2,1,0.03,0.0,2,multiplicative_gaussian_iid,82c3da1e7e62eee3,512,sha256_raw_little_endian_float64,time,time_by_dimension_c_order,[512],"[512,1]",0.0,10.0,4.4175227385666975,48.1125585654953,ffad3499269c08c6bd22e9e5c5d2ab32bbf827e2037cbdd6e73571aeab04432f,c152a7c1a43c70097d914d5345ac518b39f795bee6ea8ed542e7198d75484c02,cells\system_0015_ic2_time_f64le.bin,cells\system_0015_ic2_state_f64le_c_order.bin,C:\Users\joedicke\Documents\reps\EvoODE\outputs\phase_c_c6_data_conditions_5dd1df8\system_0015_ic2_sigma_0p029999999999999999_rho_0_realization_2,float64,little_endian
15,2,1,0.03,0.0,3,multiplicative_gaussian_iid,14ad814a69ec28ff,512,sha256_raw_little_endian_float64,time,time_by_dimension_c_order,[512],"[512,1]",0.0,10.0,4.349808348889705,48.47376252342523,ffad3499269c08c6bd22e9e5c5d2ab32bbf827e2037cbdd6e73571aeab04432f,d8238630906b2593f542e707bcf7e39c640d5119ad17e99beac96590d496d22b,cells\system_0015_ic2_time_f64le.bin,cells\system_0015_ic2_state_f64le_c_order.bin,C:\Users\joedicke\Documents\reps\EvoODE\outputs\phase_c_c6_data_conditions_5dd1df8\system_0015_ic2_sigma_0p029999999999999999_rho_0_realization_3,float64,little_endian
15,2,1,0.03,0.5,1,multiplicative_gaussian_iid,8de245124bfb451c,256,sha256_raw_little_endian_float64,time,time_by_dimension_c_order,[256],"[256,1]",0.11741682974559686,9.941291585127201,4.516567091220712,48.05379517017055,c58c964432645c0a8637e5446cc6d19b5c42435cea6d9432023419a9fc5fee70,401f54721860bb99b79c13560f7ee162f90d307b9f8aa6082d9a9b1f6dde3744,cells\system_0015_ic2_time_f64le.bin,cells\system_0015_ic2_state_f64le_c_order.bin,C:\Users\joedicke\Documents\reps\EvoODE\outputs\phase_c_c6_data_conditions_5dd1df8\system_0015_ic2_sigma_0p029999999999999999_rho_0p5_realization_1,float64,little_endian
15,2,1,0.03,0.5,2,multiplicative_gaussian_iid,a318ab0636b2776b,256,sha256_raw_little_endian_float64,time,time_by_dimension_c_order,[256],"[256,1]",0.0,10.0,4.40822460072204,49.68232999199934,d68c92625fbdee160a61d51f4c7910b1e010f1a48270f97f7e8fe938080541d5,5d9154676875dc53209e4eb100b0cf775de596f2d1ab7561ba925172b9a69495,cells\system_0015_ic2_time_f64le.bin,cells\system_0015_ic2_state_f64le_c_order.bin,C:\Users\joedicke\Documents\reps\EvoODE\outputs\phase_c_c6_data_conditions_5dd1df8\system_0015_ic2_sigma_0p029999999999999999_rho_0p5_realization_2,float64,little_endian
15,2,1,0.03,0.5,3,multiplicative_gaussian_iid,069741ac89cccc44,256,sha256_raw_little_endian_float64,time,time_by_dimension_c_order,[256],"[256,1]",0.019569471624266144,10.0,4.36818802678912,48.930806122121474,d99291b53ef5c32a6104ef60c67ff9225ba4e401ce9720053b9fa306a552a6e9,993ce0f1549466b18816571f79fa69697a6d154c003231afb666d6e9d0726c3c,cells\system_0015_ic2_time_f64le.bin,cells\system_0015_ic2_state_f64le_c_order.bin,C:\Users\joedicke\Documents\reps\EvoODE\outputs\phase_c_c6_data_conditions_5dd1df8\system_0015_ic2_sigma_0p029999999999999999_rho_0p5_realization_3,float64,little_endian
15,2,1,0.04,0.0,1,multiplicative_gaussian_iid,44801945584039fb,512,sha256_raw_little_endian_float64,time,time_by_dimension_c_order,[512],"[512,1]",0.0,10.0,4.276233082264045,49.04786679448457,ffad3499269c08c6bd22e9e5c5d2ab32bbf827e2037cbdd6e73571aeab04432f,c3268f379b2e0bfdf6e37247dfe5c459a32dfb3d6cb452999bc864c68da1a9e9,cells\system_0015_ic2_time_f64le.bin,cells\system_0015_ic2_state_f64le_c_order.bin,C:\Users\joedicke\Documents\reps\EvoODE\outputs\phase_c_c6_data_conditions_5dd1df8\system_0015_ic2_sigma_0p040000000000000001_rho_0_realization_1,float64,little_endian
15,2,1,0.04,0.0,2,multiplicative_gaussian_iid,8822fb29eb654e2c,512,sha256_raw_little_endian_float64,time,time_by_dimension_c_order,[512],"[512,1]",0.0,10.0,4.411185417721013,50.61429724317321,ffad3499269c08c6bd22e9e5c5d2ab32bbf827e2037cbdd6e73571aeab04432f,cffcb8733f0978466297c775c2fbc2d10b3650b69f36fb2366fd9fbac9f3763e,cells\system_0015_ic2_time_f64le.bin,cells\system_0015_ic2_state_f64le_c_order.bin,C:\Users\joedicke\Documents\reps\EvoODE\outputs\phase_c_c6_data_conditions_5dd1df8\system_0015_ic2_sigma_0p040000000000000001_rho_0_realization_2,float64,little_endian
15,2,1,0.04,0.0,3,multiplicative_gaussian_iid,c894b9d947f7dad9,512,sha256_raw_little_endian_float64,time,time_by_dimension_c_order,[512],"[512,1]",0.0,10.0,4.220604204861044,49.83930849370703,ffad3499269c08c6bd22e9e5c5d2ab32bbf827e2037cbdd6e73571aeab04432f,51b37fe1a4587bc4a55386325b48960ed70b1c089e3a27042396d4eb0c67aab1,cells\system_0015_ic2_time_f64le.bin,cells\system_0015_ic2_state_f64le_c_order.bin,C:\Users\joedicke\Documents\reps\EvoODE\outputs\phase_c_c6_data_conditions_5dd1df8\system_0015_ic2_sigma_0p040000000000000001_rho_0_realization_3,float64,little_endian
15,2,1,0.04,0.5,1,multiplicative_gaussian_iid,9b8b6df42eee8e32,256,sha256_raw_little_endian_float64,time,time_by_dimension_c_order,[256],"[256,1]",0.019569471624266144,10.0,4.51834031623259,48.020763384612565,a944fdc1c3f4a54e83e0de206ea690400b5d032b36d5a8a84c5a011d99d9ea49,adb6505d662ed86ac81e236114473c5229980c56ce4cfc531fa4f550713d0f4c,cells\system_0015_ic2_time_f64le.bin,cells\system_0015_ic2_state_f64le_c_order.bin,C:\Users\joedicke\Documents\reps\EvoODE\outputs\phase_c_c6_data_conditions_5dd1df8\system_0015_ic2_sigma_0p040000000000000001_rho_0p5_realization_1,float64,little_endian
15,2,1,0.04,0.5,2,multiplicative_gaussian_iid,782ee43c52f10048,256,sha256_raw_little_endian_float64,time,time_by_dimension_c_order,[256],"[256,1]",0.019569471624266144,9.902152641878669,4.083157119133938,48.08328173288837,e0a82c443c6d1fc3a53df3012e162fdc364a8f405c254955f5201631304cb0f9,b4070d21746a48ca9a961278ff51b3c164e7ed58cbcce37749fd79b42ca9e80a,cells\system_0015_ic2_time_f64le.bin,cells\system_0015_ic2_state_f64le_c_order.bin,C:\Users\joedicke\Documents\reps\EvoODE\outputs\phase_c_c6_data_conditions_5dd1df8\system_0015_ic2_sigma_0p040000000000000001_rho_0p5_realization_2,float64,little_endian
15,2,1,0.04,0.5,3,multiplicative_gaussian_iid,ed5295c60e5e2276,256,sha256_raw_little_endian_float64,time,time_by_dimension_c_order,[256],"[256,1]",0.0,10.0,4.365841960117148,49.47433844876991,0f2a1e8ec5470f52cc958bb602b4c4a3aa3111f3442f952684b99a10c40fc196,058e1bcc3215529dab250c0aded362d26705936c10868185468f4eae1e78fcb0,cells\system_0015_ic2_time_f64le.bin,cells\system_0015_ic2_state_f64le_c_order.bin,C:\Users\joedicke\Documents\reps\EvoODE\outputs\phase_c_c6_data_conditions_5dd1df8\system_0015_ic2_sigma_0p040000000000000001_rho_0p5_realization_3,float64,little_endian
15,2,1,0.05,0.0,1,multiplicative_gaussian_iid,0c0ad42629f69010,512,sha256_raw_little_endian_float64,time,time_by_dimension_c_order,[512],"[512,1]",0.0,10.0,4.285077805191756,50.772704717966405,ffad3499269c08c6bd22e9e5c5d2ab32bbf827e2037cbdd6e73571aeab04432f,b1be3765ba366c7a1f6a5bc3e071eab132e67d2a86614504583059dbab18f6eb,cells\system_0015_ic2_time_f64le.bin,cells\system_0015_ic2_state_f64le_c_order.bin,C:\Users\joedicke\Documents\reps\EvoODE\outputs\phase_c_c6_data_conditions_5dd1df8\system_0015_ic2_sigma_0p050000000000000003_rho_0_realization_1,float64,little_endian
15,2,1,0.05,0.0,2,multiplicative_gaussian_iid,d4fd33de90c64fdb,512,sha256_raw_little_endian_float64,time,time_by_dimension_c_order,[512],"[512,1]",0.0,10.0,4.370632794153134,49.669010048262265,ffad3499269c08c6bd22e9e5c5d2ab32bbf827e2037cbdd6e73571aeab04432f,4c9c56d842c75ea2a586d55e27dd849fcbefb095b3d93eb692f4a6f3cd8e9b90,cells\system_0015_ic2_time_f64le.bin,cells\system_0015_ic2_state_f64le_c_order.bin,C:\Users\joedicke\Documents\reps\EvoODE\outputs\phase_c_c6_data_conditions_5dd1df8\system_0015_ic2_sigma_0p050000000000000003_rho_0_realization_2,float64,little_endian
15,2,1,0.05,0.0,3,multiplicative_gaussian_iid,474964b5d4eb36b7,512,sha256_raw_little_endian_float64,time,time_by_dimension_c_order,[512],"[512,1]",0.0,10.0,4.229815279085369,50.18940941981316,ffad3499269c08c6bd22e9e5c5d2ab32bbf827e2037cbdd6e73571aeab04432f,407d5e03f33522224141aca9d9e958e25dbdfaabff8f3f4b025d1cf768bc0802,cells\system_0015_ic2_time_f64le.bin,cells\system_0015_ic2_state_f64le_c_order.bin,C:\Users\joedicke\Documents\reps\EvoODE\outputs\phase_c_c6_data_conditions_5dd1df8\system_0015_ic2_sigma_0p050000000000000003_rho_0_realization_3,float64,little_endian
15,2,1,0.05,0.5,1,multiplicative_gaussian_iid,2c2c9d97aa17bd60,256,sha256_raw_little_endian_float64,time,time_by_dimension_c_order,[256],"[256,1]",0.0,10.0,4.132122347354651,49.01775403017181,2f249906acee92f45ab7aa12c5e127acd1ed01f5d30e227278c045f4020b1f8a,e4ea1cc8ffd8256e8f2f3da4ca75fb293a2d4d0d3ecf1a6a749d2b8d62505f09,cells\system_0015_ic2_time_f64le.bin,cells\system_0015_ic2_state_f64le_c_order.bin,C:\Users\joedicke\Documents\reps\EvoODE\outputs\phase_c_c6_data_conditions_5dd1df8\system_0015_ic2_sigma_0p050000000000000003_rho_0p5_realization_1,float64,little_endian
15,2,1,0.05,0.5,2,multiplicative_gaussian_iid,0e7c4be2f70297ab,256,sha256_raw_little_endian_float64,time,time_by_dimension_c_order,[256],"[256,1]",0.019569471624266144,9.941291585127201,4.208062816565203,51.44576512853445,24245f6f2552b4ba75d16e8d83b16ae44d3a50e85f8b3f0328be40ee92a7384d,dce48ee20fc1ad5799e80e9cadb4b4a30aa3c745d1e4dcf56bc2e7ed66733c19,cells\system_0015_ic2_time_f64le.bin,cells\system_0015_ic2_state_f64le_c_order.bin,C:\Users\joedicke\Documents\reps\EvoODE\outputs\phase_c_c6_data_conditions_5dd1df8\system_0015_ic2_sigma_0p050000000000000003_rho_0p5_realization_2,float64,little_endian
15,2,1,0.05,0.5,3,multiplicative_gaussian_iid,eb4c796cf661b732,256,sha256_raw_little_endian_float64,time,time_by_dimension_c_order,[256],"[256,1]",0.0,9.980430528375733,4.157173589325779,48.926144994116754,18beba38799d5641e964152ca501b0ea2bb39885c1ba15c8fb138b36c2632b20,a95f05a22e25e4e7c2e5b5195ee5669117f148c227020dca253c5a9c011b5ac5,cells\system_0015_ic2_time_f64le.bin,cells\system_0015_ic2_state_f64le_c_order.bin,C:\Users\joedicke\Documents\reps\EvoODE\outputs\phase_c_c6_data_conditions_5dd1df8\system_0015_ic2_sigma_0p050000000000000003_rho_0p5_realization_3,float64,little_endian
25,1,2,0.0,0.0,1,multiplicative_gaussian_iid,799711a15b6d0740,512,sha256_raw_little_endian_float64,time,time_by_dimension_c_order,[512],"[512,2]",0.0,10.0,-0.22216600966595773,0.16132492277188626,ffad3499269c08c6bd22e9e5c5d2ab32bbf827e2037cbdd6e73571aeab04432f,a7dceadbe022cc4ee282ada4fa0da21a10871e46887dc09f15ddfcd413760e52,cells\system_0025_ic1_time_f64le.bin,cells\system_0025_ic1_state_f64le_c_order.bin,C:\Users\joedicke\Documents\reps\EvoODE\outputs\phase_c_c6_data_conditions_5dd1df8\system_0025_ic1_sigma_0_rho_0_realization_1,float64,little_endian
25,1,2,0.0,0.0,2,multiplicative_gaussian_iid,b5afe8a7651c851f,512,sha256_raw_little_endian_float64,time,time_by_dimension_c_order,[512],"[512,2]",0.0,10.0,-0.22216600966595773,0.16132492277188626,ffad3499269c08c6bd22e9e5c5d2ab32bbf827e2037cbdd6e73571aeab04432f,a7dceadbe022cc4ee282ada4fa0da21a10871e46887dc09f15ddfcd413760e52,cells\system_0025_ic1_time_f64le.bin,cells\system_0025_ic1_state_f64le_c_order.bin,C:\Users\joedicke\Documents\reps\EvoODE\outputs\phase_c_c6_data_conditions_5dd1df8\system_0025_ic1_sigma_0_rho_0_realization_2,float64,little_endian
25,1,2,0.0,0.0,3,multiplicative_gaussian_iid,d0ef57fd9e507f22,512,sha256_raw_little_endian_float64,time,time_by_dimension_c_order,[512],"[512,2]",0.0,10.0,-0.22216600966595773,0.16132492277188626,ffad3499269c08c6bd22e9e5c5d2ab32bbf827e2037cbdd6e73571aeab04432f,a7dceadbe022cc4ee282ada4fa0da21a10871e46887dc09f15ddfcd413760e52,cells\system_0025_ic1_time_f64le.bin,cells\system_0025_ic1_state_f64le_c_order.bin,C:\Users\joedicke\Documents\reps\EvoODE\outputs\phase_c_c6_data_conditions_5dd1df8\system_0025_ic1_sigma_0_rho_0_realization_3,float64,little_endian
25,1,2,0.0,0.5,1,multiplicative_gaussian_iid,e5ae40517517118c,256,sha256_raw_little_endian_float64,time,time_by_dimension_c_order,[256],"[256,2]",0.0,9.960861056751467,-0.22216600966595773,0.16132492277188626,ed1db4174ce61b7581fc12725509b6469cd962eeb8fba72d6685017edf40bca5,2eb2526ae87c001c8c9e4e654d627949014ec24d24541fce103e4f3a21b5beff,cells\system_0025_ic1_time_f64le.bin,cells\system_0025_ic1_state_f64le_c_order.bin,C:\Users\joedicke\Documents\reps\EvoODE\outputs\phase_c_c6_data_conditions_5dd1df8\system_0025_ic1_sigma_0_rho_0p5_realization_1,float64,little_endian
25,1,2,0.0,0.5,2,multiplicative_gaussian_iid,410220e26b007c78,256,sha256_raw_little_endian_float64,time,time_by_dimension_c_order,[256],"[256,2]",0.15655577299412915,10.0,-0.22216600966595773,0.16107846149373867,5bb7bdfc5e845fd56308d9df00eb0ef4a437d3c178443d5c78af4e3ae15eda43,9c55e7d6f73ce544b0d6ff3e68d29d3d3f45283f874d72e71d64b5fb8a73ca0f,cells\system_0025_ic1_time_f64le.bin,cells\system_0025_ic1_state_f64le_c_order.bin,C:\Users\joedicke\Documents\reps\EvoODE\outputs\phase_c_c6_data_conditions_5dd1df8\system_0025_ic1_sigma_0_rho_0p5_realization_2,float64,little_endian
25,1,2,0.0,0.5,3,multiplicative_gaussian_iid,32943fed9075ec6b,256,sha256_raw_little_endian_float64,time,time_by_dimension_c_order,[256],"[256,2]",0.019569471624266144,10.0,-0.2221502238005266,0.16132492277188626,b43d8f5a87bad2fe86e350fb298195f56a5f31743060d5ae0058974d4ad3fd28,6078c54b63acc01d4a3e2387b89dc88777418b22596fd400793bf07455f2eaf5,cells\system_0025_ic1_time_f64le.bin,cells\system_0025_ic1_state_f64le_c_order.bin,C:\Users\joedicke\Documents\reps\EvoODE\outputs\phase_c_c6_data_conditions_5dd1df8\system_0025_ic1_sigma_0_rho_0p5_realization_3,float64,little_endian
25,1,2,0.01,0.0,1,multiplicative_gaussian_iid,1696ce8b0e80990d,512,sha256_raw_little_endian_float64,time,time_by_dimension_c_order,[512],"[512,2]",0.0,10.0,-0.22241483588355304,0.16452067929534347,ffad3499269c08c6bd22e9e5c5d2ab32bbf827e2037cbdd6e73571aeab04432f,1338f3d0f4b890a902c1a0e1b20d03181ccd8837d9b389269751c7cb19b49784,cells\system_0025_ic1_time_f64le.bin,cells\system_0025_ic1_state_f64le_c_order.bin,C:\Users\joedicke\Documents\reps\EvoODE\outputs\phase_c_c6_data_conditions_5dd1df8\system_0025_ic1_sigma_0p01_rho_0_realization_1,float64,little_endian
25,1,2,0.01,0.0,2,multiplicative_gaussian_iid,715557b4e934a00a,512,sha256_raw_little_endian_float64,time,time_by_dimension_c_order,[512],"[512,2]",0.0,10.0,-0.22377559275429743,0.1631977387353763,ffad3499269c08c6bd22e9e5c5d2ab32bbf827e2037cbdd6e73571aeab04432f,4024f9ddbc075b4a32e2bf582978f56a15f99406fb99868d03d3601aceef91cf,cells\system_0025_ic1_time_f64le.bin,cells\system_0025_ic1_state_f64le_c_order.bin,C:\Users\joedicke\Documents\reps\EvoODE\outputs\phase_c_c6_data_conditions_5dd1df8\system_0025_ic1_sigma_0p01_rho_0_realization_2,float64,little_endian
25,1,2,0.01,0.0,3,multiplicative_gaussian_iid,bcb458bd643fcc5e,512,sha256_raw_little_endian_float64,time,time_by_dimension_c_order,[512],"[512,2]",0.0,10.0,-0.22302635955934325,0.1600647460083072,ffad3499269c08c6bd22e9e5c5d2ab32bbf827e2037cbdd6e73571aeab04432f,47dc7e6e666a611701e913710ee9d21a908e39f61ef98ad881f42b016963bec6,cells\system_0025_ic1_time_f64le.bin,cells\system_0025_ic1_state_f64le_c_order.bin,C:\Users\joedicke\Documents\reps\EvoODE\outputs\phase_c_c6_data_conditions_5dd1df8\system_0025_ic1_sigma_0p01_rho_0_realization_3,float64,little_endian
25,1,2,0.01,0.5,1,multiplicative_gaussian_iid,228ccdf853b4603f,256,sha256_raw_little_endian_float64,time,time_by_dimension_c_order,[256],"[256,2]",0.019569471624266144,10.0,-0.22468888516260488,0.16306595901933113,323e85d2af55bde0404ea10a06d6fda420ac9844bdc57ad0aee9a34ce8efb1e0,afc41a2a7d432eb32175ed6e0ead27fd7020f5099144f02862367d4dc9e835c7,cells\system_0025_ic1_time_f64le.bin,cells\system_0025_ic1_state_f64le_c_order.bin,C:\Users\joedicke\Documents\reps\EvoODE\outputs\phase_c_c6_data_conditions_5dd1df8\system_0025_ic1_sigma_0p01_rho_0p5_realization_1,float64,little_endian
25,1,2,0.01,0.5,2,multiplicative_gaussian_iid,91c37238ed72132a,256,sha256_raw_little_endian_float64,time,time_by_dimension_c_order,[256],"[256,2]",0.0,10.0,-0.2255894757816641,0.16080956825164397,12c5f8e1fb144be5019167fcb8732f4005a7348e7a442ef427189107f85ad39d,7734e60a34fabd445bebb47ca89cff0beeba7e1970217bea4627009f802569e1,cells\system_0025_ic1_time_f64le.bin,cells\system_0025_ic1_state_f64le_c_order.bin,C:\Users\joedicke\Documents\reps\EvoODE\outputs\phase_c_c6_data_conditions_5dd1df8\system_0025_ic1_sigma_0p01_rho_0p5_realization_2,float64,little_endian
25,1,2,0.01,0.5,3,multiplicative_gaussian_iid,f288b68ee10122ab,256,sha256_raw_little_endian_float64,time,time_by_dimension_c_order,[256],"[256,2]",0.05870841487279843,10.0,-0.22696205832107097,0.15935961856499015,6cf42f871b56498203f744b9fc3b656f1ec90853580391116be2a347a120b8b1,faa817305b2e528a76064c8f98368a3fb6c5fa5c1a1ff4acaeca6831f21d37f4,cells\system_0025_ic1_time_f64le.bin,cells\system_0025_ic1_state_f64le_c_order.bin,C:\Users\joedicke\Documents\reps\EvoODE\outputs\phase_c_c6_data_conditions_5dd1df8\system_0025_ic1_sigma_0p01_rho_0p5_realization_3,float64,little_endian
25,1,2,0.02,0.0,1,multiplicative_gaussian_iid,672a11e7b6fa736d,512,sha256_raw_little_endian_float64,time,time_by_dimension_c_order,[512],"[512,2]",0.0,10.0,-0.22775919499537434,0.16375886707154574,ffad3499269c08c6bd22e9e5c5d2ab32bbf827e2037cbdd6e73571aeab04432f,bd9caf16bf156a3ef5d4cd58ef088a3e61b98147f2b71d7c6c4da4f255b43540,cells\system_0025_ic1_time_f64le.bin,cells\system_0025_ic1_state_f64le_c_order.bin,C:\Users\joedicke\Documents\reps\EvoODE\outputs\phase_c_c6_data_conditions_5dd1df8\system_0025_ic1_sigma_0p02_rho_0_realization_1,float64,little_endian
25,1,2,0.02,0.0,2,multiplicative_gaussian_iid,325115d8689b3624,512,sha256_raw_little_endian_float64,time,time_by_dimension_c_order,[512],"[512,2]",0.0,10.0,-0.2270698130663258,0.16558382648573827,ffad3499269c08c6bd22e9e5c5d2ab32bbf827e2037cbdd6e73571aeab04432f,bfa63860f42f2083a4be1f0bbc0b8d5ccddb3e1e4a0772fa941f4dcba0fbc15b,cells\system_0025_ic1_time_f64le.bin,cells\system_0025_ic1_state_f64le_c_order.bin,C:\Users\joedicke\Documents\reps\EvoODE\outputs\phase_c_c6_data_conditions_5dd1df8\system_0025_ic1_sigma_0p02_rho_0_realization_2,float64,little_endian
25,1,2,0.02,0.0,3,multiplicative_gaussian_iid,f381e98903da9113,512,sha256_raw_little_endian_float64,time,time_by_dimension_c_order,[512],"[512,2]",0.0,10.0,-0.23516285494042996,0.16501307163581214,ffad3499269c08c6bd22e9e5c5d2ab32bbf827e2037cbdd6e73571aeab04432f,181e7e3ba3b88a112894dfcb374f4f0951db0fd8878bf8a1f65ba4863e23d6bd,cells\system_0025_ic1_time_f64le.bin,cells\system_0025_ic1_state_f64le_c_order.bin,C:\Users\joedicke\Documents\reps\EvoODE\outputs\phase_c_c6_data_conditions_5dd1df8\system_0025_ic1_sigma_0p02_rho_0_realization_3,float64,little_endian
25,1,2,0.02,0.5,1,multiplicative_gaussian_iid,7c6160caa1ea477b,256,sha256_raw_little_endian_float64,time,time_by_dimension_c_order,[256],"[256,2]",0.0,9.980430528375733,-0.22650028775937847,0.16256321172946891,46618c0af5c2ea1c5db9363d683ce1fbe52d319f1c94d82dd366aeee9f48ab64,66e4e2a6b0e2522fd5fd5975f2608393d2c7e079c36c0ea0a627586b79a8ae6a,cells\system_0025_ic1_time_f64le.bin,cells\system_0025_ic1_state_f64le_c_order.bin,C:\Users\joedicke\Documents\reps\EvoODE\outputs\phase_c_c6_data_conditions_5dd1df8\system_0025_ic1_sigma_0p02_rho_0p5_realization_1,float64,little_endian
25,1,2,0.02,0.5,2,multiplicative_gaussian_iid,bcd25d66948ee0ae,256,sha256_raw_little_endian_float64,time,time_by_dimension_c_order,[256],"[256,2]",0.019569471624266144,9.980430528375733,-0.21975550926117085,0.1627869208466383,760bd8f74e3db61cd7bc61dbf3c7d285694d06f246c342409253fd3f02400916,32287202a30ea38063ba457a3eba690fdb9e0438ed8e9df1cb6b4b6519f6c3c3,cells\system_0025_ic1_time_f64le.bin,cells\system_0025_ic1_state_f64le_c_order.bin,C:\Users\joedicke\Documents\reps\EvoODE\outputs\phase_c_c6_data_conditions_5dd1df8\system_0025_ic1_sigma_0p02_rho_0p5_realization_2,float64,little_endian
25,1,2,0.02,0.5,3,multiplicative_gaussian_iid,e0af3b0de5724047,256,sha256_raw_little_endian_float64,time,time_by_dimension_c_order,[256],"[256,2]",0.019569471624266144,9.960861056751467,-0.22485426453030766,0.16403947055178092,635c3cc31ef3ce799fb1afbd0557f856d4ceabfb7573b13928ea5aabafb8a198,615dfd6329822cd63ebb1cdfa58188bc00cef7002895e1a1488e7405dc4d54ac,cells\system_0025_ic1_time_f64le.bin,cells\system_0025_ic1_state_f64le_c_order.bin,C:\Users\joedicke\Documents\reps\EvoODE\outputs\phase_c_c6_data_conditions_5dd1df8\system_0025_ic1_sigma_0p02_rho_0p5_realization_3,float64,little_endian
25,1,2,0.03,0.0,1,multiplicative_gaussian_iid,9ab73e4eac8e3294,512,sha256_raw_little_endian_float64,time,time_by_dimension_c_order,[512],"[512,2]",0.0,10.0,-0.22925644038274684,0.169031795342544,ffad3499269c08c6bd22e9e5c5d2ab32bbf827e2037cbdd6e73571aeab04432f,c3d872e81e23a8d304c92066d5ed9c4675c0fc06c884d251ab4f06586498b31f,cells\system_0025_ic1_time_f64le.bin,cells\system_0025_ic1_state_f64le_c_order.bin,C:\Users\joedicke\Documents\reps\EvoODE\outputs\phase_c_c6_data_conditions_5dd1df8\system_0025_ic1_sigma_0p029999999999999999_rho_0_realization_1,float64,little_endian
25,1,2,0.03,0.0,2,multiplicative_gaussian_iid,82c3da1e7e62eee3,512,sha256_raw_little_endian_float64,time,time_by_dimension_c_order,[512],"[512,2]",0.0,10.0,-0.23659486048003872,0.1745909525882999,ffad3499269c08c6bd22e9e5c5d2ab32bbf827e2037cbdd6e73571aeab04432f,79c5f7e5e13f9f80784755ca93838ac0f3524547778a8cacd2af49302280fc57,cells\system_0025_ic1_time_f64le.bin,cells\system_0025_ic1_state_f64le_c_order.bin,C:\Users\joedicke\Documents\reps\EvoODE\outputs\phase_c_c6_data_conditions_5dd1df8\system_0025_ic1_sigma_0p029999999999999999_rho_0_realization_2,float64,little_endian
25,1,2,0.03,0.0,3,multiplicative_gaussian_iid,14ad814a69ec28ff,512,sha256_raw_little_endian_float64,time,time_by_dimension_c_order,[512],"[512,2]",0.0,10.0,-0.22554003385647012,0.16573986463208445,ffad3499269c08c6bd22e9e5c5d2ab32bbf827e2037cbdd6e73571aeab04432f,50da852fa7858dabc366d45784774e1975ad18b4151f78c50072cb89fba54b93,cells\system_0025_ic1_time_f64le.bin,cells\system_0025_ic1_state_f64le_c_order.bin,C:\Users\joedicke\Documents\reps\EvoODE\outputs\phase_c_c6_data_conditions_5dd1df8\system_0025_ic1_sigma_0p029999999999999999_rho_0_realization_3,float64,little_endian
25,1,2,0.03,0.5,1,multiplicative_gaussian_iid,8de245124bfb451c,256,sha256_raw_little_endian_float64,time,time_by_dimension_c_order,[256],"[256,2]",0.0,10.0,-0.22614220316333386,0.16271709056336017,8041a353fa4f76158b8dca9c65c98e5c159e5cb877b33559ef23d3eb4760d7ae,d85095757e82a1be721303e0d6620d50212aff0e9f571b58d547447254c7317a,cells\system_0025_ic1_time_f64le.bin,cells\system_0025_ic1_state_f64le_c_order.bin,C:\Users\joedicke\Documents\reps\EvoODE\outputs\phase_c_c6_data_conditions_5dd1df8\system_0025_ic1_sigma_0p029999999999999999_rho_0p5_realization_1,float64,little_endian
25,1,2,0.03,0.5,2,multiplicative_gaussian_iid,a318ab0636b2776b,256,sha256_raw_little_endian_float64,time,time_by_dimension_c_order,[256],"[256,2]",0.0,10.0,-0.22684119470949077,0.16583625436620048,39b428fb2f6d258eeeb5f529a5d1b8e78f04e9cc3b02af17dbd44bbb7a1bb937,8d15149ef2ce57319e0365201b29cf694a3b3181b8150e91937165487d766a6d,cells\system_0025_ic1_time_f64le.bin,cells\system_0025_ic1_state_f64le_c_order.bin,C:\Users\joedicke\Documents\reps\EvoODE\outputs\phase_c_c6_data_conditions_5dd1df8\system_0025_ic1_sigma_0p029999999999999999_rho_0p5_realization_2,float64,little_endian
25,1,2,0.03,0.5,3,multiplicative_gaussian_iid,069741ac89cccc44,256,sha256_raw_little_endian_float64,time,time_by_dimension_c_order,[256],"[256,2]",0.019569471624266144,9.980430528375733,-0.23221947319124175,0.17216634010041423,98b61dea3744f2821625394fca0eb2d079f3181abe0a80b593f1f1459251f779,5048253186816f2cdbd9e751c8f4d42b91757bd62ac9434562e5252c1b4e3e7b,cells\system_0025_ic1_time_f64le.bin,cells\system_0025_ic1_state_f64le_c_order.bin,C:\Users\joedicke\Documents\reps\EvoODE\outputs\phase_c_c6_data_conditions_5dd1df8\system_0025_ic1_sigma_0p029999999999999999_rho_0p5_realization_3,float64,little_endian
25,1,2,0.04,0.0,1,multiplicative_gaussian_iid,44801945584039fb,512,sha256_raw_little_endian_float64,time,time_by_dimension_c_order,[512],"[512,2]",0.0,10.0,-0.23096639962627588,0.1633061230529981,ffad3499269c08c6bd22e9e5c5d2ab32bbf827e2037cbdd6e73571aeab04432f,cf72991a6f9ed53017e5e45715162dc0e2b9ab534c156bac1d08972933003997,cells\system_0025_ic1_time_f64le.bin,cells\system_0025_ic1_state_f64le_c_order.bin,C:\Users\joedicke\Documents\reps\EvoODE\outputs\phase_c_c6_data_conditions_5dd1df8\system_0025_ic1_sigma_0p040000000000000001_rho_0_realization_1,float64,little_endian
25,1,2,0.04,0.0,2,multiplicative_gaussian_iid,8822fb29eb654e2c,512,sha256_raw_little_endian_float64,time,time_by_dimension_c_order,[512],"[512,2]",0.0,10.0,-0.23625832679824466,0.17594589350789777,ffad3499269c08c6bd22e9e5c5d2ab32bbf827e2037cbdd6e73571aeab04432f,04bdc5d4e139670c46035c41a9fbe0516bcd466221828875e3374b08490e8247,cells\system_0025_ic1_time_f64le.bin,cells\system_0025_ic1_state_f64le_c_order.bin,C:\Users\joedicke\Documents\reps\EvoODE\outputs\phase_c_c6_data_conditions_5dd1df8\system_0025_ic1_sigma_0p040000000000000001_rho_0_realization_2,float64,little_endian
25,1,2,0.04,0.0,3,multiplicative_gaussian_iid,c894b9d947f7dad9,512,sha256_raw_little_endian_float64,time,time_by_dimension_c_order,[512],"[512,2]",0.0,10.0,-0.2394607105183473,0.17741819461851077,ffad3499269c08c6bd22e9e5c5d2ab32bbf827e2037cbdd6e73571aeab04432f,35b8a600d1fc5ef972e771f7be0ca6a0a58c0aa9792f53ea22eaa2da2eb32218,cells\system_0025_ic1_time_f64le.bin,cells\system_0025_ic1_state_f64le_c_order.bin,C:\Users\joedicke\Documents\reps\EvoODE\outputs\phase_c_c6_data_conditions_5dd1df8\system_0025_ic1_sigma_0p040000000000000001_rho_0_realization_3,float64,little_endian
25,1,2,0.04,0.5,1,multiplicative_gaussian_iid,9b8b6df42eee8e32,256,sha256_raw_little_endian_float64,time,time_by_dimension_c_order,[256],"[256,2]",0.07827788649706457,9.941291585127201,-0.23320501809773012,0.158896889315913,177a00b4d2dda7002a070f6cbbed067a302d50aa8334d4878df20d96e165d4df,46f83ab3906483ae50e49cca4ee980b0e77961272a79337462533cac61c8a012,cells\system_0025_ic1_time_f64le.bin,cells\system_0025_ic1_state_f64le_c_order.bin,C:\Users\joedicke\Documents\reps\EvoODE\outputs\phase_c_c6_data_conditions_5dd1df8\system_0025_ic1_sigma_0p040000000000000001_rho_0p5_realization_1,float64,little_endian
25,1,2,0.04,0.5,2,multiplicative_gaussian_iid,782ee43c52f10048,256,sha256_raw_little_endian_float64,time,time_by_dimension_c_order,[256],"[256,2]",0.019569471624266144,9.980430528375733,-0.22610214217547348,0.16270039791859864,43f06ff11cc4fcf16430101980cba8189cc8ea863f6eb41c21269e05c5009201,2a4e89a7e7c74b4fc2ab680a83d5a7b9855cfd0003ebc2b0c07f970c6f686042,cells\system_0025_ic1_time_f64le.bin,cells\system_0025_ic1_state_f64le_c_order.bin,C:\Users\joedicke\Documents\reps\EvoODE\outputs\phase_c_c6_data_conditions_5dd1df8\system_0025_ic1_sigma_0p040000000000000001_rho_0p5_realization_2,float64,little_endian
25,1,2,0.04,0.5,3,multiplicative_gaussian_iid,ed5295c60e5e2276,256,sha256_raw_little_endian_float64,time,time_by_dimension_c_order,[256],"[256,2]",0.019569471624266144,9.863013698630137,-0.2363192475097379,0.15925924634190805,03b2de63b26b84cda6f5225ad7da96c822a999462bcd7d6455d6b07087c6be30,26870f5617a8ae81c608a83bf18af50da0122ac2aba6aac7c9a481723dc7c4c0,cells\system_0025_ic1_time_f64le.bin,cells\system_0025_ic1_state_f64le_c_order.bin,C:\Users\joedicke\Documents\reps\EvoODE\outputs\phase_c_c6_data_conditions_5dd1df8\system_0025_ic1_sigma_0p040000000000000001_rho_0p5_realization_3,float64,little_endian
25,1,2,0.05,0.0,1,multiplicative_gaussian_iid,0c0ad42629f69010,512,sha256_raw_little_endian_float64,time,time_by_dimension_c_order,[512],"[512,2]",0.0,10.0,-0.23059124676692716,0.1690529345150912,ffad3499269c08c6bd22e9e5c5d2ab32bbf827e2037cbdd6e73571aeab04432f,36012e0474643a9b1d18b2ab480505d8a4a68a1e8ac48b3964cc54af5c85b3f4,cells\system_0025_ic1_time_f64le.bin,cells\system_0025_ic1_state_f64le_c_order.bin,C:\Users\joedicke\Documents\reps\EvoODE\outputs\phase_c_c6_data_conditions_5dd1df8\system_0025_ic1_sigma_0p050000000000000003_rho_0_realization_1,float64,little_endian
25,1,2,0.05,0.0,2,multiplicative_gaussian_iid,d4fd33de90c64fdb,512,sha256_raw_little_endian_float64,time,time_by_dimension_c_order,[512],"[512,2]",0.0,10.0,-0.2300412065655888,0.18054239623761123,ffad3499269c08c6bd22e9e5c5d2ab32bbf827e2037cbdd6e73571aeab04432f,86be21e0198ece1de62af88343b6310c2b0e5639a7ef32d9accf9c2fa02400de,cells\system_0025_ic1_time_f64le.bin,cells\system_0025_ic1_state_f64le_c_order.bin,C:\Users\joedicke\Documents\reps\EvoODE\outputs\phase_c_c6_data_conditions_5dd1df8\system_0025_ic1_sigma_0p050000000000000003_rho_0_realization_2,float64,little_endian
25,1,2,0.05,0.0,3,multiplicative_gaussian_iid,474964b5d4eb36b7,512,sha256_raw_little_endian_float64,time,time_by_dimension_c_order,[512],"[512,2]",0.0,10.0,-0.2457807265131684,0.17267728460837498,ffad3499269c08c6bd22e9e5c5d2ab32bbf827e2037cbdd6e73571aeab04432f,f30d0143381b5ba00f200f12caa2fa6f190f79b741dfdf831eb2ea38d983b180,cells\system_0025_ic1_time_f64le.bin,cells\system_0025_ic1_state_f64le_c_order.bin,C:\Users\joedicke\Documents\reps\EvoODE\outputs\phase_c_c6_data_conditions_5dd1df8\system_0025_ic1_sigma_0p050000000000000003_rho_0_realization_3,float64,little_endian
25,1,2,0.05,0.5,1,multiplicative_gaussian_iid,2c2c9d97aa17bd60,256,sha256_raw_little_endian_float64,time,time_by_dimension_c_order,[256],"[256,2]",0.0,10.0,-0.2376206562385253,0.1781734507506807,067a0f1848460fea9843da111a29ad2b4fe8a0bae0ec1f8a76f81ce2c6a9b05f,91371d2b0fdb30c35c122e33547bb0676df3fac36cf9caa74d3d0c9fb56bf6c3,cells\system_0025_ic1_time_f64le.bin,cells\system_0025_ic1_state_f64le_c_order.bin,C:\Users\joedicke\Documents\reps\EvoODE\outputs\phase_c_c6_data_conditions_5dd1df8\system_0025_ic1_sigma_0p050000000000000003_rho_0p5_realization_1,float64,little_endian
25,1,2,0.05,0.5,2,multiplicative_gaussian_iid,0e7c4be2f70297ab,256,sha256_raw_little_endian_float64,time,time_by_dimension_c_order,[256],"[256,2]",0.03913894324853229,9.960861056751467,-0.2293622704496136,0.17288937967981394,cfb8792113ce7fc8c78099a9a7312a9d3d7c91d635f627ee571c196b539ed061,e7fe7e3e1c82009e79369b8d7ee4d7d666a60b8f2e09d0b5b668393e52e87228,cells\system_0025_ic1_time_f64le.bin,cells\system_0025_ic1_state_f64le_c_order.bin,C:\Users\joedicke\Documents\reps\EvoODE\outputs\phase_c_c6_data_conditions_5dd1df8\system_0025_ic1_sigma_0p050000000000000003_rho_0p5_realization_2,float64,little_endian
25,1,2,0.05,0.5,3,multiplicative_gaussian_iid,eb4c796cf661b732,256,sha256_raw_little_endian_float64,time,time_by_dimension_c_order,[256],"[256,2]",0.0,10.0,-0.23607931334601334,0.17024659809990753,7ce3f91835cea267b7c61e818b315bacbd7b34787dba41fd64e741c803f695f3,054ea12b2014fb450de807da0dcda3342b097ba4c878f97510c795bf1795cdfd,cells\system_0025_ic1_time_f64le.bin,cells\system_0025_ic1_state_f64le_c_order.bin,C:\Users\joedicke\Documents\reps\EvoODE\outputs\phase_c_c6_data_conditions_5dd1df8\system_0025_ic1_sigma_0p050000000000000003_rho_0p5_realization_3,float64,little_endian
25,2,2,0.0,0.0,1,multiplicative_gaussian_iid,799711a15b6d0740,512,sha256_raw_little_endian_float64,time,time_by_dimension_c_order,[512],"[512,2]",0.0,10.0,-0.3,0.22238144208962451,ffad3499269c08c6bd22e9e5c5d2ab32bbf827e2037cbdd6e73571aeab04432f,99bf42da31a6c29b1e47aedb5b323b84b8cfc5ca33584d07ae772bec9f0c2349,cells\system_0025_ic2_time_f64le.bin,cells\system_0025_ic2_state_f64le_c_order.bin,C:\Users\joedicke\Documents\reps\EvoODE\outputs\phase_c_c6_data_conditions_5dd1df8\system_0025_ic2_sigma_0_rho_0_realization_1,float64,little_endian
25,2,2,0.0,0.0,2,multiplicative_gaussian_iid,b5afe8a7651c851f,512,sha256_raw_little_endian_float64,time,time_by_dimension_c_order,[512],"[512,2]",0.0,10.0,-0.3,0.22238144208962451,ffad3499269c08c6bd22e9e5c5d2ab32bbf827e2037cbdd6e73571aeab04432f,99bf42da31a6c29b1e47aedb5b323b84b8cfc5ca33584d07ae772bec9f0c2349,cells\system_0025_ic2_time_f64le.bin,cells\system_0025_ic2_state_f64le_c_order.bin,C:\Users\joedicke\Documents\reps\EvoODE\outputs\phase_c_c6_data_conditions_5dd1df8\system_0025_ic2_sigma_0_rho_0_realization_2,float64,little_endian
25,2,2,0.0,0.0,3,multiplicative_gaussian_iid,d0ef57fd9e507f22,512,sha256_raw_little_endian_float64,time,time_by_dimension_c_order,[512],"[512,2]",0.0,10.0,-0.3,0.22238144208962451,ffad3499269c08c6bd22e9e5c5d2ab32bbf827e2037cbdd6e73571aeab04432f,99bf42da31a6c29b1e47aedb5b323b84b8cfc5ca33584d07ae772bec9f0c2349,cells\system_0025_ic2_time_f64le.bin,cells\system_0025_ic2_state_f64le_c_order.bin,C:\Users\joedicke\Documents\reps\EvoODE\outputs\phase_c_c6_data_conditions_5dd1df8\system_0025_ic2_sigma_0_rho_0_realization_3,float64,little_endian
25,2,2,0.0,0.5,1,multiplicative_gaussian_iid,e5ae40517517118c,256,sha256_raw_little_endian_float64,time,time_by_dimension_c_order,[256],"[256,2]",0.0,9.960861056751467,-0.3,0.22238144208962451,7165d563d9b162e71b5b5463d5612b4effeb76581d87e3968936f7618cac0b1e,483075d4c4c727814f58509e2c3b18c9374c455f4fbe49bf60b19488bd4a87c9,cells\system_0025_ic2_time_f64le.bin,cells\system_0025_ic2_state_f64le_c_order.bin,C:\Users\joedicke\Documents\reps\EvoODE\outputs\phase_c_c6_data_conditions_5dd1df8\system_0025_ic2_sigma_0_rho_0p5_realization_1,float64,little_endian
25,2,2,0.0,0.5,2,multiplicative_gaussian_iid,410220e26b007c78,256,sha256_raw_little_endian_float64,time,time_by_dimension_c_order,[256],"[256,2]",0.0,10.0,-0.3,0.22224849499429744,4f874d710df2225cdfe831864a2c99c43b14ae5f118f698fcc4ea010bc0a38c6,e7626a99d176383d27d51245073d282bf414af1d2dac5e663faf0e1bf1ee0486,cells\system_0025_ic2_time_f64le.bin,cells\system_0025_ic2_state_f64le_c_order.bin,C:\Users\joedicke\Documents\reps\EvoODE\outputs\phase_c_c6_data_conditions_5dd1df8\system_0025_ic2_sigma_0_rho_0p5_realization_2,float64,little_endian
25,2,2,0.0,0.5,3,multiplicative_gaussian_iid,32943fed9075ec6b,256,sha256_raw_little_endian_float64,time,time_by_dimension_c_order,[256],"[256,2]",0.019569471624266144,9.960861056751467,-0.29722911163113885,0.22238144208962451,70fc212f7d0bf929a9f44442057eefa7c24c3408e455cddda8034a3b02c6e312,2448ee599725e3a4a9718ceae2844693bb4796289f44d4110ae665ffc65d90ad,cells\system_0025_ic2_time_f64le.bin,cells\system_0025_ic2_state_f64le_c_order.bin,C:\Users\joedicke\Documents\reps\EvoODE\outputs\phase_c_c6_data_conditions_5dd1df8\system_0025_ic2_sigma_0_rho_0p5_realization_3,float64,little_endian
25,2,2,0.01,0.0,1,multiplicative_gaussian_iid,1696ce8b0e80990d,512,sha256_raw_little_endian_float64,time,time_by_dimension_c_order,[512],"[512,2]",0.0,10.0,-0.30176692152111584,0.22541187049017855,ffad3499269c08c6bd22e9e5c5d2ab32bbf827e2037cbdd6e73571aeab04432f,3d3a27537f922c119c8db0650beec40a86c646cd92be10b8672dc114f48bfc6e,cells\system_0025_ic2_time_f64le.bin,cells\system_0025_ic2_state_f64le_c_order.bin,C:\Users\joedicke\Documents\reps\EvoODE\outputs\phase_c_c6_data_conditions_5dd1df8\system_0025_ic2_sigma_0p01_rho_0_realization_1,float64,little_endian
25,2,2,0.01,0.0,2,multiplicative_gaussian_iid,715557b4e934a00a,512,sha256_raw_little_endian_float64,time,time_by_dimension_c_order,[512],"[512,2]",0.0,10.0,-0.30405822927675724,0.2257934978140327,ffad3499269c08c6bd22e9e5c5d2ab32bbf827e2037cbdd6e73571aeab04432f,b3b545784df1d0c76f1e293f9917b895c1e844d085d698e93c47b49032fb22e5,cells\system_0025_ic2_time_f64le.bin,cells\system_0025_ic2_state_f64le_c_order.bin,C:\Users\joedicke\Documents\reps\EvoODE\outputs\phase_c_c6_data_conditions_5dd1df8\system_0025_ic2_sigma_0p01_rho_0_realization_2,float64,little_endian
25,2,2,0.01,0.0,3,multiplicative_gaussian_iid,bcb458bd643fcc5e,512,sha256_raw_little_endian_float64,time,time_by_dimension_c_order,[512],"[512,2]",0.0,10.0,-0.2992605014271384,0.22379150143569002,ffad3499269c08c6bd22e9e5c5d2ab32bbf827e2037cbdd6e73571aeab04432f,2c0e8d9932aac82f84f21808c32682a75ce3d5a3fc27c35ae39f19fec16dd71d,cells\system_0025_ic2_time_f64le.bin,cells\system_0025_ic2_state_f64le_c_order.bin,C:\Users\joedicke\Documents\reps\EvoODE\outputs\phase_c_c6_data_conditions_5dd1df8\system_0025_ic2_sigma_0p01_rho_0_realization_3,float64,little_endian
25,2,2,0.01,0.5,1,multiplicative_gaussian_iid,228ccdf853b4603f,256,sha256_raw_little_endian_float64,time,time_by_dimension_c_order,[256],"[256,2]",0.11741682974559686,10.0,-0.27233542514452286,0.2255517231912246,c30bf6702bf0177ec64607fcec185aac44f7b20f8ac3010d8d28e22e1f47622b,e1911c9fa634d0b11a1f9be1ed7c31fdd7ee79636cd601b7500b04e6822116d5,cells\system_0025_ic2_time_f64le.bin,cells\system_0025_ic2_state_f64le_c_order.bin,C:\Users\joedicke\Documents\reps\EvoODE\outputs\phase_c_c6_data_conditions_5dd1df8\system_0025_ic2_sigma_0p01_rho_0p5_realization_1,float64,little_endian
25,2,2,0.01,0.5,2,multiplicative_gaussian_iid,91c37238ed72132a,256,sha256_raw_little_endian_float64,time,time_by_dimension_c_order,[256],"[256,2]",0.03913894324853229,9.980430528375733,-0.29615970067063835,0.22450966001287137,be523deecc3bebef9514c84b654a8b92a5bd388efa932cbacad866bff79d6ce3,33adbb2c79b165fdd4319f33b6e56e4be6c78d6e0fb050caf5fa80baa623dab4,cells\system_0025_ic2_time_f64le.bin,cells\system_0025_ic2_state_f64le_c_order.bin,C:\Users\joedicke\Documents\reps\EvoODE\outputs\phase_c_c6_data_conditions_5dd1df8\system_0025_ic2_sigma_0p01_rho_0p5_realization_2,float64,little_endian
25,2,2,0.01,0.5,3,multiplicative_gaussian_iid,f288b68ee10122ab,256,sha256_raw_little_endian_float64,time,time_by_dimension_c_order,[256],"[256,2]",0.03913894324853229,9.902152641878669,-0.29714730232777814,0.22619499398144616,1c10de7bdcd7424f25ed8fb56a02881ba4ad13a1ba9b529270b4fe97b7bcee1b,8f2cf72c7528bdecc588113bdcf2e43829a157df7c39034a16657d9693b52f87,cells\system_0025_ic2_time_f64le.bin,cells\system_0025_ic2_state_f64le_c_order.bin,C:\Users\joedicke\Documents\reps\EvoODE\outputs\phase_c_c6_data_conditions_5dd1df8\system_0025_ic2_sigma_0p01_rho_0p5_realization_3,float64,little_endian
25,2,2,0.02,0.0,1,multiplicative_gaussian_iid,672a11e7b6fa736d,512,sha256_raw_little_endian_float64,time,time_by_dimension_c_order,[512],"[512,2]",0.0,10.0,-0.3081868964678981,0.2286110503993996,ffad3499269c08c6bd22e9e5c5d2ab32bbf827e2037cbdd6e73571aeab04432f,477601af87807edbaa2b540edf117bb3e6281fd15963d11d9848ac3f586e143b,cells\system_0025_ic2_time_f64le.bin,cells\system_0025_ic2_state_f64le_c_order.bin,C:\Users\joedicke\Documents\reps\EvoODE\outputs\phase_c_c6_data_conditions_5dd1df8\system_0025_ic2_sigma_0p02_rho_0_realization_1,float64,little_endian
25,2,2,0.02,0.0,2,multiplicative_gaussian_iid,325115d8689b3624,512,sha256_raw_little_endian_float64,time,time_by_dimension_c_order,[512],"[512,2]",0.0,10.0,-0.3000694819907262,0.22283390980289855,ffad3499269c08c6bd22e9e5c5d2ab32bbf827e2037cbdd6e73571aeab04432f,e8e3953b51478da4887490d28861ba69ba105fb78af0efefce4918ca01b10745,cells\system_0025_ic2_time_f64le.bin,cells\system_0025_ic2_state_f64le_c_order.bin,C:\Users\joedicke\Documents\reps\EvoODE\outputs\phase_c_c6_data_conditions_5dd1df8\system_0025_ic2_sigma_0p02_rho_0_realization_2,float64,little_endian
25,2,2,0.02,0.0,3,multiplicative_gaussian_iid,f381e98903da9113,512,sha256_raw_little_endian_float64,time,time_by_dimension_c_order,[512],"[512,2]",0.0,10.0,-0.29818656904414,0.2264657460411671,ffad3499269c08c6bd22e9e5c5d2ab32bbf827e2037cbdd6e73571aeab04432f,ccb45a5bfb55eb426a9139eacd945d7cface7f83d4129c81fb24769a6bb37b64,cells\system_0025_ic2_time_f64le.bin,cells\system_0025_ic2_state_f64le_c_order.bin,C:\Users\joedicke\Documents\reps\EvoODE\outputs\phase_c_c6_data_conditions_5dd1df8\system_0025_ic2_sigma_0p02_rho_0_realization_3,float64,little_endian
25,2,2,0.02,0.5,1,multiplicative_gaussian_iid,7c6160caa1ea477b,256,sha256_raw_little_endian_float64,time,time_by_dimension_c_order,[256],"[256,2]",0.0,9.980430528375733,-0.29405452633245704,0.22005804706383186,dbd7c7e082044401a82a72ab115f3bda55b65c04361ee7ad5c3efa23d21c2f22,873a187f7bfde49265791f84a0ec4e5c4ea1a2268ddda49f36a25cc0b37db008,cells\system_0025_ic2_time_f64le.bin,cells\system_0025_ic2_state_f64le_c_order.bin,C:\Users\joedicke\Documents\reps\EvoODE\outputs\phase_c_c6_data_conditions_5dd1df8\system_0025_ic2_sigma_0p02_rho_0p5_realization_1,float64,little_endian
25,2,2,0.02,0.5,2,multiplicative_gaussian_iid,bcd25d66948ee0ae,256,sha256_raw_little_endian_float64,time,time_by_dimension_c_order,[256],"[256,2]",0.0,9.980430528375733,-0.3040083737322048,0.22720999631412284,a6b26ae809d4594458b5ace5f9a4dee838c454f18440698e187732c3538f50b1,224f8871a2a465b234b1a4d70445192be6628888281e40f9e81be516e3714399,cells\system_0025_ic2_time_f64le.bin,cells\system_0025_ic2_state_f64le_c_order.bin,C:\Users\joedicke\Documents\reps\EvoODE\outputs\phase_c_c6_data_conditions_5dd1df8\system_0025_ic2_sigma_0p02_rho_0p5_realization_2,float64,little_endian
25,2,2,0.02,0.5,3,multiplicative_gaussian_iid,e0af3b0de5724047,256,sha256_raw_little_endian_float64,time,time_by_dimension_c_order,[256],"[256,2]",0.0,9.960861056751467,-0.30414782883896957,0.22068211456103018,d4a59146980fb2a91ff74aa4fae2803ca6972587553b7bf7957226ebef6dd3ac,daf00ccf719f10658767011b963177aa5c7b7e2325d81cbd05c1b3277184552b,cells\system_0025_ic2_time_f64le.bin,cells\system_0025_ic2_state_f64le_c_order.bin,C:\Users\joedicke\Documents\reps\EvoODE\outputs\phase_c_c6_data_conditions_5dd1df8\system_0025_ic2_sigma_0p02_rho_0p5_realization_3,float64,little_endian
25,2,2,0.03,0.0,1,multiplicative_gaussian_iid,9ab73e4eac8e3294,512,sha256_raw_little_endian_float64,time,time_by_dimension_c_order,[512],"[512,2]",0.0,10.0,-0.3017227998686304,0.22913646609669552,ffad3499269c08c6bd22e9e5c5d2ab32bbf827e2037cbdd6e73571aeab04432f,efdca5f38b34f096b3ee4802bc3c5a07695dd9d3f33e57f88ba5cf33ab2aa31e,cells\system_0025_ic2_time_f64le.bin,cells\system_0025_ic2_state_f64le_c_order.bin,C:\Users\joedicke\Documents\reps\EvoODE\outputs\phase_c_c6_data_conditions_5dd1df8\system_0025_ic2_sigma_0p029999999999999999_rho_0_realization_1,float64,little_endian
25,2,2,0.03,0.0,2,multiplicative_gaussian_iid,82c3da1e7e62eee3,512,sha256_raw_little_endian_float64,time,time_by_dimension_c_order,[512],"[512,2]",0.0,10.0,-0.3182252589014174,0.23113858972663187,ffad3499269c08c6bd22e9e5c5d2ab32bbf827e2037cbdd6e73571aeab04432f,8afcb4169c08d014b820e912a0f489eaf2af55f22f419e1faf161039b9e182fc,cells\system_0025_ic2_time_f64le.bin,cells\system_0025_ic2_state_f64le_c_order.bin,C:\Users\joedicke\Documents\reps\EvoODE\outputs\phase_c_c6_data_conditions_5dd1df8\system_0025_ic2_sigma_0p029999999999999999_rho_0_realization_2,float64,little_endian
25,2,2,0.03,0.0,3,multiplicative_gaussian_iid,14ad814a69ec28ff,512,sha256_raw_little_endian_float64,time,time_by_dimension_c_order,[512],"[512,2]",0.0,10.0,-0.3051067932725562,0.2362155875116324,ffad3499269c08c6bd22e9e5c5d2ab32bbf827e2037cbdd6e73571aeab04432f,79e2d1cf45b71e2cb9202070845dbfc458a93d2991dd94f835325b15f23cc214,cells\system_0025_ic2_time_f64le.bin,cells\system_0025_ic2_state_f64le_c_order.bin,C:\Users\joedicke\Documents\reps\EvoODE\outputs\phase_c_c6_data_conditions_5dd1df8\system_0025_ic2_sigma_0p029999999999999999_rho_0_realization_3,float64,little_endian
25,2,2,0.03,0.5,1,multiplicative_gaussian_iid,8de245124bfb451c,256,sha256_raw_little_endian_float64,time,time_by_dimension_c_order,[256],"[256,2]",0.0,10.0,-0.3123300086373478,0.22435596411037495,c09de6e6bf8c04e9f0ee1a56557c3cd3b34e644818513e6f4cb169e5923681db,d7626fe2c9c92f3ba48e4b7559279974f2dffb9f6df156dd4c87d7cbeb9fa05c,cells\system_0025_ic2_time_f64le.bin,cells\system_0025_ic2_state_f64le_c_order.bin,C:\Users\joedicke\Documents\reps\EvoODE\outputs\phase_c_c6_data_conditions_5dd1df8\system_0025_ic2_sigma_0p029999999999999999_rho_0p5_realization_1,float64,little_endian
25,2,2,0.03,0.5,2,multiplicative_gaussian_iid,a318ab0636b2776b,256,sha256_raw_little_endian_float64,time,time_by_dimension_c_order,[256],"[256,2]",0.0,10.0,-0.3109816421794338,0.23526114879496776,f71718a32b6095cd376e1ed550a41d4040259e084a5553a1c958a52b870f9f9e,ee3cdfba1e016514b8fe00b72c9c4f3a0ed4db3deb4f925fd6afe3ab7a3f151b,cells\system_0025_ic2_time_f64le.bin,cells\system_0025_ic2_state_f64le_c_order.bin,C:\Users\joedicke\Documents\reps\EvoODE\outputs\phase_c_c6_data_conditions_5dd1df8\system_0025_ic2_sigma_0p029999999999999999_rho_0p5_realization_2,float64,little_endian
25,2,2,0.03,0.5,3,multiplicative_gaussian_iid,069741ac89cccc44,256,sha256_raw_little_endian_float64,time,time_by_dimension_c_order,[256],"[256,2]",0.05870841487279843,9.980430528375733,-0.3022510614110148,0.22234756125175056,d388ee5e8eb25cdd221fac40ccc677a2604b42f52fd2437276d1ed3c0153ca69,fd91d0109462c33a23769c563da6bb03621015fc88b6cb34395053bc7ffd4903,cells\system_0025_ic2_time_f64le.bin,cells\system_0025_ic2_state_f64le_c_order.bin,C:\Users\joedicke\Documents\reps\EvoODE\outputs\phase_c_c6_data_conditions_5dd1df8\system_0025_ic2_sigma_0p029999999999999999_rho_0p5_realization_3,float64,little_endian
25,2,2,0.04,0.0,1,multiplicative_gaussian_iid,44801945584039fb,512,sha256_raw_little_endian_float64,time,time_by_dimension_c_order,[512],"[512,2]",0.0,10.0,-0.31766775070260633,0.22698084843222996,ffad3499269c08c6bd22e9e5c5d2ab32bbf827e2037cbdd6e73571aeab04432f,6822d978673cdb8530fe779d0685b33fc063c2ee422d233cd1307c44f42eb2c6,cells\system_0025_ic2_time_f64le.bin,cells\system_0025_ic2_state_f64le_c_order.bin,C:\Users\joedicke\Documents\reps\EvoODE\outputs\phase_c_c6_data_conditions_5dd1df8\system_0025_ic2_sigma_0p040000000000000001_rho_0_realization_1,float64,little_endian
25,2,2,0.04,0.0,2,multiplicative_gaussian_iid,8822fb29eb654e2c,512,sha256_raw_little_endian_float64,time,time_by_dimension_c_order,[512],"[512,2]",0.0,10.0,-0.3056641881377657,0.24498279757440114,ffad3499269c08c6bd22e9e5c5d2ab32bbf827e2037cbdd6e73571aeab04432f,bc7529966d6a11f69db0a444f59cd114df7e64f04103158ec648e172039dc451,cells\system_0025_ic2_time_f64le.bin,cells\system_0025_ic2_state_f64le_c_order.bin,C:\Users\joedicke\Documents\reps\EvoODE\outputs\phase_c_c6_data_conditions_5dd1df8\system_0025_ic2_sigma_0p040000000000000001_rho_0_realization_2,float64,little_endian
25,2,2,0.04,0.0,3,multiplicative_gaussian_iid,c894b9d947f7dad9,512,sha256_raw_little_endian_float64,time,time_by_dimension_c_order,[512],"[512,2]",0.0,10.0,-0.3107058566399014,0.2462802407587777,ffad3499269c08c6bd22e9e5c5d2ab32bbf827e2037cbdd6e73571aeab04432f,3d58523a7a3a7086ea13874a8ba2717cfef5689cd47627a7aeaf7e05e0ed97c0,cells\system_0025_ic2_time_f64le.bin,cells\system_0025_ic2_state_f64le_c_order.bin,C:\Users\joedicke\Documents\reps\EvoODE\outputs\phase_c_c6_data_conditions_5dd1df8\system_0025_ic2_sigma_0p040000000000000001_rho_0_realization_3,float64,little_endian
25,2,2,0.04,0.5,1,multiplicative_gaussian_iid,9b8b6df42eee8e32,256,sha256_raw_little_endian_float64,time,time_by_dimension_c_order,[256],"[256,2]",0.03913894324853229,10.0,-0.2918331894765661,0.22370929873206893,8cd0e9eaf8fdd1f8f7d68bfe1d2761a3c39049c2afb6aaf6c712abeba144a0f0,7497837b5dd0199958b67bb3389372feaade0d84f362c784abeee41a1cae3672,cells\system_0025_ic2_time_f64le.bin,cells\system_0025_ic2_state_f64le_c_order.bin,C:\Users\joedicke\Documents\reps\EvoODE\outputs\phase_c_c6_data_conditions_5dd1df8\system_0025_ic2_sigma_0p040000000000000001_rho_0p5_realization_1,float64,little_endian
25,2,2,0.04,0.5,2,multiplicative_gaussian_iid,782ee43c52f10048,256,sha256_raw_little_endian_float64,time,time_by_dimension_c_order,[256],"[256,2]",0.0,9.980430528375733,-0.31681431903722274,0.23229916355540753,95d1e709c7e52ca28df4d6f02a56367b34cdf4b962c57da444d209ce890cc770,8d40c4729e2ea5d6a99edd1a50612f2a48fce3e32750cf551180696393288b7d,cells\system_0025_ic2_time_f64le.bin,cells\system_0025_ic2_state_f64le_c_order.bin,C:\Users\joedicke\Documents\reps\EvoODE\outputs\phase_c_c6_data_conditions_5dd1df8\system_0025_ic2_sigma_0p040000000000000001_rho_0p5_realization_2,float64,little_endian
25,2,2,0.04,0.5,3,multiplicative_gaussian_iid,ed5295c60e5e2276,256,sha256_raw_little_endian_float64,time,time_by_dimension_c_order,[256],"[256,2]",0.019569471624266144,10.0,-0.2945720171370606,0.23159344009678678,17835d4b7e62a7fbd6e700b99bbe7c3a5d17c4297fd5ce785a49568b69ceb013,c500252fa4e4a3d931b77fda9096a5952d35c9210330255b0787b3b981556b9f,cells\system_0025_ic2_time_f64le.bin,cells\system_0025_ic2_state_f64le_c_order.bin,C:\Users\joedicke\Documents\reps\EvoODE\outputs\phase_c_c6_data_conditions_5dd1df8\system_0025_ic2_sigma_0p040000000000000001_rho_0p5_realization_3,float64,little_endian
25,2,2,0.05,0.0,1,multiplicative_gaussian_iid,0c0ad42629f69010,512,sha256_raw_little_endian_float64,time,time_by_dimension_c_order,[512],"[512,2]",0.0,10.0,-0.3270421293820681,0.2425160212811071,ffad3499269c08c6bd22e9e5c5d2ab32bbf827e2037cbdd6e73571aeab04432f,7687b5e06f2e76159f78baaa476118d632d4cfe9f79642a9387a16e515729889,cells\system_0025_ic2_time_f64le.bin,cells\system_0025_ic2_state_f64le_c_order.bin,C:\Users\joedicke\Documents\reps\EvoODE\outputs\phase_c_c6_data_conditions_5dd1df8\system_0025_ic2_sigma_0p050000000000000003_rho_0_realization_1,float64,little_endian
25,2,2,0.05,0.0,2,multiplicative_gaussian_iid,d4fd33de90c64fdb,512,sha256_raw_little_endian_float64,time,time_by_dimension_c_order,[512],"[512,2]",0.0,10.0,-0.31590564484432265,0.23431661519250183,ffad3499269c08c6bd22e9e5c5d2ab32bbf827e2037cbdd6e73571aeab04432f,65be3ac380f2d01ffb4c98dfca06a4679b262312301fbded713b1abea4027239,cells\system_0025_ic2_time_f64le.bin,cells\system_0025_ic2_state_f64le_c_order.bin,C:\Users\joedicke\Documents\reps\EvoODE\outputs\phase_c_c6_data_conditions_5dd1df8\system_0025_ic2_sigma_0p050000000000000003_rho_0_realization_2,float64,little_endian
25,2,2,0.05,0.0,3,multiplicative_gaussian_iid,474964b5d4eb36b7,512,sha256_raw_little_endian_float64,time,time_by_dimension_c_order,[512],"[512,2]",0.0,10.0,-0.29912537518539406,0.24055645656425367,ffad3499269c08c6bd22e9e5c5d2ab32bbf827e2037cbdd6e73571aeab04432f,f651d1b4f2fc51d6dc08e69885bc882d6bb0d3ec586842548ae516329845e1b9,cells\system_0025_ic2_time_f64le.bin,cells\system_0025_ic2_state_f64le_c_order.bin,C:\Users\joedicke\Documents\reps\EvoODE\outputs\phase_c_c6_data_conditions_5dd1df8\system_0025_ic2_sigma_0p050000000000000003_rho_0_realization_3,float64,little_endian
25,2,2,0.05,0.5,1,multiplicative_gaussian_iid,2c2c9d97aa17bd60,256,sha256_raw_little_endian_float64,time,time_by_dimension_c_order,[256],"[256,2]",0.03913894324853229,9.980430528375733,-0.30891081942883203,0.22797266119258433,d26d4c1d1e8ba58c5db6dd1903861a52a37883a9d9f6564c511de4ddb1b67ae1,0ee7c55e75f024f6039c1737dbce481f68c5371521c8022cbfb23825aa85ee6b,cells\system_0025_ic2_time_f64le.bin,cells\system_0025_ic2_state_f64le_c_order.bin,C:\Users\joedicke\Documents\reps\EvoODE\outputs\phase_c_c6_data_conditions_5dd1df8\system_0025_ic2_sigma_0p050000000000000003_rho_0p5_realization_1,float64,little_endian
25,2,2,0.05,0.5,2,multiplicative_gaussian_iid,0e7c4be2f70297ab,256,sha256_raw_little_endian_float64,time,time_by_dimension_c_order,[256],"[256,2]",0.019569471624266144,10.0,-0.30481833707248096,0.24769763350309099,ef6c33622f42fb7ff8b2d7976d77f6eb657819bc29ddad74f17c3e13f5708315,ab56c841535f01c5cf4d6cea87e071eef06d5174d0fc30e895a398968515c4e9,cells\system_0025_ic2_time_f64le.bin,cells\system_0025_ic2_state_f64le_c_order.bin,C:\Users\joedicke\Documents\reps\EvoODE\outputs\phase_c_c6_data_conditions_5dd1df8\system_0025_ic2_sigma_0p050000000000000003_rho_0p5_realization_2,float64,little_endian
25,2,2,0.05,0.5,3,multiplicative_gaussian_iid,eb4c796cf661b732,256,sha256_raw_little_endian_float64,time,time_by_dimension_c_order,[256],"[256,2]",0.0,10.0,-0.30993006554171426,0.23485777216701564,0ef918ddb09ee55cbcf9c55249018f76f17ca7defc2e2245ed36a1cd1e7f7f7a,28c709b80cca9410d98de154fff5c9bc168be4abdb2afc51c94fa75d00d11bad,cells\system_0025_ic2_time_f64le.bin,cells\system_0025_ic2_state_f64le_c_order.bin,C:\Users\joedicke\Documents\reps\EvoODE\outputs\phase_c_c6_data_conditions_5dd1df8\system_0025_ic2_sigma_0p050000000000000003_rho_0p5_realization_3,float64,little_endian
35,1,2,0.0,0.0,1,multiplicative_gaussian_iid,799711a15b6d0740,512,sha256_raw_little_endian_float64,time,time_by_dimension_c_order,[512],"[512,2]",0.0,10.0,-3.02759154317332,1.3403133753544143,ffad3499269c08c6bd22e9e5c5d2ab32bbf827e2037cbdd6e73571aeab04432f,2e177f96bf96d59d6c78a30e28b70aa67a8f7050156e4985071d650b63291667,cells\system_0035_ic1_time_f64le.bin,cells\system_0035_ic1_state_f64le_c_order.bin,C:\Users\joedicke\Documents\reps\EvoODE\outputs\phase_c_c6_data_conditions_5dd1df8\system_0035_ic1_sigma_0_rho_0_realization_1,float64,little_endian
35,1,2,0.0,0.0,2,multiplicative_gaussian_iid,b5afe8a7651c851f,512,sha256_raw_little_endian_float64,time,time_by_dimension_c_order,[512],"[512,2]",0.0,10.0,-3.02759154317332,1.3403133753544143,ffad3499269c08c6bd22e9e5c5d2ab32bbf827e2037cbdd6e73571aeab04432f,2e177f96bf96d59d6c78a30e28b70aa67a8f7050156e4985071d650b63291667,cells\system_0035_ic1_time_f64le.bin,cells\system_0035_ic1_state_f64le_c_order.bin,C:\Users\joedicke\Documents\reps\EvoODE\outputs\phase_c_c6_data_conditions_5dd1df8\system_0035_ic1_sigma_0_rho_0_realization_2,float64,little_endian
35,1,2,0.0,0.0,3,multiplicative_gaussian_iid,d0ef57fd9e507f22,512,sha256_raw_little_endian_float64,time,time_by_dimension_c_order,[512],"[512,2]",0.0,10.0,-3.02759154317332,1.3403133753544143,ffad3499269c08c6bd22e9e5c5d2ab32bbf827e2037cbdd6e73571aeab04432f,2e177f96bf96d59d6c78a30e28b70aa67a8f7050156e4985071d650b63291667,cells\system_0035_ic1_time_f64le.bin,cells\system_0035_ic1_state_f64le_c_order.bin,C:\Users\joedicke\Documents\reps\EvoODE\outputs\phase_c_c6_data_conditions_5dd1df8\system_0035_ic1_sigma_0_rho_0_realization_3,float64,little_endian
35,1,2,0.0,0.5,1,multiplicative_gaussian_iid,e5ae40517517118c,256,sha256_raw_little_endian_float64,time,time_by_dimension_c_order,[256],"[256,2]",0.0,10.0,-3.02759154317332,1.340275935557565,88111bb22ab13bdd6baa1ebf0cfef61c57690e955208c13054722f08d6c53cd1,cb059dcd92f5a63a72c66999dd4da375ec24e156fa49c1a1ee9a3c80d83074eb,cells\system_0035_ic1_time_f64le.bin,cells\system_0035_ic1_state_f64le_c_order.bin,C:\Users\joedicke\Documents\reps\EvoODE\outputs\phase_c_c6_data_conditions_5dd1df8\system_0035_ic1_sigma_0_rho_0p5_realization_1,float64,little_endian
35,1,2,0.0,0.5,2,multiplicative_gaussian_iid,410220e26b007c78,256,sha256_raw_little_endian_float64,time,time_by_dimension_c_order,[256],"[256,2]",0.0,10.0,-3.027375237458859,1.3402689665970935,fa4302e86acc2aa5c9ce38a9a6f506662d3e2e5939d1e47b7694ec987e1caed8,992e16e8ac09176e2ff4f9446b7177ced585253eb70f3afbebbc373f6710ea1e,cells\system_0035_ic1_time_f64le.bin,cells\system_0035_ic1_state_f64le_c_order.bin,C:\Users\joedicke\Documents\reps\EvoODE\outputs\phase_c_c6_data_conditions_5dd1df8\system_0035_ic1_sigma_0_rho_0p5_realization_2,float64,little_endian
35,1,2,0.0,0.5,3,multiplicative_gaussian_iid,32943fed9075ec6b,256,sha256_raw_little_endian_float64,time,time_by_dimension_c_order,[256],"[256,2]",0.0,10.0,-3.02759154317332,1.3403110206495223,8f70ac260ad3fbeb4e4aad56f0d7a36d8ff69da5bd4742bf6c4a48c874396177,eecc6bae0e3eadf2815eab62a7e8190e08ac8f0243b0f14c5bbe920f463983ef,cells\system_0035_ic1_time_f64le.bin,cells\system_0035_ic1_state_f64le_c_order.bin,C:\Users\joedicke\Documents\reps\EvoODE\outputs\phase_c_c6_data_conditions_5dd1df8\system_0035_ic1_sigma_0_rho_0p5_realization_3,float64,little_endian
35,1,2,0.01,0.0,1,multiplicative_gaussian_iid,1696ce8b0e80990d,512,sha256_raw_little_endian_float64,time,time_by_dimension_c_order,[512],"[512,2]",0.0,10.0,-3.0835882327139665,1.3650015459848586,ffad3499269c08c6bd22e9e5c5d2ab32bbf827e2037cbdd6e73571aeab04432f,019e37c6c1e167a52f74fe65b23d183cb398c39584946852861778381b780078,cells\system_0035_ic1_time_f64le.bin,cells\system_0035_ic1_state_f64le_c_order.bin,C:\Users\joedicke\Documents\reps\EvoODE\outputs\phase_c_c6_data_conditions_5dd1df8\system_0035_ic1_sigma_0p01_rho_0_realization_1,float64,little_endian
35,1,2,0.01,0.0,2,multiplicative_gaussian_iid,715557b4e934a00a,512,sha256_raw_little_endian_float64,time,time_by_dimension_c_order,[512],"[512,2]",0.0,10.0,-3.094644156922552,1.3615257888234271,ffad3499269c08c6bd22e9e5c5d2ab32bbf827e2037cbdd6e73571aeab04432f,e368fce323d6e3cbb7ad59e6d6960b56ee99c3ef8c2a0d107c6506d3a7ede4ee,cells\system_0035_ic1_time_f64le.bin,cells\system_0035_ic1_state_f64le_c_order.bin,C:\Users\joedicke\Documents\reps\EvoODE\outputs\phase_c_c6_data_conditions_5dd1df8\system_0035_ic1_sigma_0p01_rho_0_realization_2,float64,little_endian
35,1,2,0.01,0.0,3,multiplicative_gaussian_iid,bcb458bd643fcc5e,512,sha256_raw_little_endian_float64,time,time_by_dimension_c_order,[512],"[512,2]",0.0,10.0,-3.0964785258011953,1.372253938450455,ffad3499269c08c6bd22e9e5c5d2ab32bbf827e2037cbdd6e73571aeab04432f,e740aa34b0ec3ec79f9226e1666ca988a4ac2ea88b447c8f43b64e781d6d10af,cells\system_0035_ic1_time_f64le.bin,cells\system_0035_ic1_state_f64le_c_order.bin,C:\Users\joedicke\Documents\reps\EvoODE\outputs\phase_c_c6_data_conditions_5dd1df8\system_0035_ic1_sigma_0p01_rho_0_realization_3,float64,little_endian
35,1,2,0.01,0.5,1,multiplicative_gaussian_iid,228ccdf853b4603f,256,sha256_raw_little_endian_float64,time,time_by_dimension_c_order,[256],"[256,2]",0.019569471624266144,9.980430528375733,-3.0715330668321754,1.3739960939582525,7f3b9fa8782ebf1b7d8228126a281948a9ec9e147e68e6ae8348375ecf629d8f,e2e6dcf24da7e8f5b7f512d03ce9c73febc1332322d7372348544899a50a44c7,cells\system_0035_ic1_time_f64le.bin,cells\system_0035_ic1_state_f64le_c_order.bin,C:\Users\joedicke\Documents\reps\EvoODE\outputs\phase_c_c6_data_conditions_5dd1df8\system_0035_ic1_sigma_0p01_rho_0p5_realization_1,float64,little_endian
35,1,2,0.01,0.5,2,multiplicative_gaussian_iid,91c37238ed72132a,256,sha256_raw_little_endian_float64,time,time_by_dimension_c_order,[256],"[256,2]",0.0,10.0,-3.068826490504775,1.3724531289602677,36d21e76dabe3cca833ac373dc0aab178f1249bdb122e2d54117dadf5d067361,e1d9af3ea428c75be4d3863542638bace73789ceb5baba5b8d4fd9a534a37ed1,cells\system_0035_ic1_time_f64le.bin,cells\system_0035_ic1_state_f64le_c_order.bin,C:\Users\joedicke\Documents\reps\EvoODE\outputs\phase_c_c6_data_conditions_5dd1df8\system_0035_ic1_sigma_0p01_rho_0p5_realization_2,float64,little_endian
35,1,2,0.01,0.5,3,multiplicative_gaussian_iid,f288b68ee10122ab,256,sha256_raw_little_endian_float64,time,time_by_dimension_c_order,[256],"[256,2]",0.0,9.960861056751467,-3.0467750892677,1.374722038736254,6cc90f3d83782c642a4c4774dba837195e4c81ebd03e42393c360f2edeae310d,2967a8caf993a456ca8c85e6fd7bcb66f154f6cf7db37754a2fce2ae7c9acc89,cells\system_0035_ic1_time_f64le.bin,cells\system_0035_ic1_state_f64le_c_order.bin,C:\Users\joedicke\Documents\reps\EvoODE\outputs\phase_c_c6_data_conditions_5dd1df8\system_0035_ic1_sigma_0p01_rho_0p5_realization_3,float64,little_endian
35,1,2,0.02,0.0,1,multiplicative_gaussian_iid,672a11e7b6fa736d,512,sha256_raw_little_endian_float64,time,time_by_dimension_c_order,[512],"[512,2]",0.0,10.0,-3.18609498488882,1.4002436768541988,ffad3499269c08c6bd22e9e5c5d2ab32bbf827e2037cbdd6e73571aeab04432f,81866981ec2875263b76af9f7b672938dde167d5a249db07720844b382627c8d,cells\system_0035_ic1_time_f64le.bin,cells\system_0035_ic1_state_f64le_c_order.bin,C:\Users\joedicke\Documents\reps\EvoODE\outputs\phase_c_c6_data_conditions_5dd1df8\system_0035_ic1_sigma_0p02_rho_0_realization_1,float64,little_endian
35,1,2,0.02,0.0,2,multiplicative_gaussian_iid,325115d8689b3624,512,sha256_raw_little_endian_float64,time,time_by_dimension_c_order,[512],"[512,2]",0.0,10.0,-3.164963294033886,1.3825309204995893,ffad3499269c08c6bd22e9e5c5d2ab32bbf827e2037cbdd6e73571aeab04432f,580e6834bb7356ddc9b8f4b93dcc99c8a1dde536cc65f70ec0d5bd4ab4ea0215,cells\system_0035_ic1_time_f64le.bin,cells\system_0035_ic1_state_f64le_c_order.bin,C:\Users\joedicke\Documents\reps\EvoODE\outputs\phase_c_c6_data_conditions_5dd1df8\system_0035_ic1_sigma_0p02_rho_0_realization_2,float64,little_endian
35,1,2,0.02,0.0,3,multiplicative_gaussian_iid,f381e98903da9113,512,sha256_raw_little_endian_float64,time,time_by_dimension_c_order,[512],"[512,2]",0.0,10.0,-3.168805181527912,1.3983599682120378,ffad3499269c08c6bd22e9e5c5d2ab32bbf827e2037cbdd6e73571aeab04432f,3847a7f65626e30bf9f424436c5fcd3662bce10624aa2a6ae203ac5a433bcb63,cells\system_0035_ic1_time_f64le.bin,cells\system_0035_ic1_state_f64le_c_order.bin,C:\Users\joedicke\Documents\reps\EvoODE\outputs\phase_c_c6_data_conditions_5dd1df8\system_0035_ic1_sigma_0p02_rho_0_realization_3,float64,little_endian
35,1,2,0.02,0.5,1,multiplicative_gaussian_iid,7c6160caa1ea477b,256,sha256_raw_little_endian_float64,time,time_by_dimension_c_order,[256],"[256,2]",0.0,10.0,-3.1101600398384814,1.3959143167887855,b7705dfabe00744845c0d7524045f1b9dfca14e93b19ef2ddb883b96c1ec6c4d,5be383885f9b9933bcbb53794b9430ebe75a251a3b7d2dc7cf72d465bb386d44,cells\system_0035_ic1_time_f64le.bin,cells\system_0035_ic1_state_f64le_c_order.bin,C:\Users\joedicke\Documents\reps\EvoODE\outputs\phase_c_c6_data_conditions_5dd1df8\system_0035_ic1_sigma_0p02_rho_0p5_realization_1,float64,little_endian
35,1,2,0.02,0.5,2,multiplicative_gaussian_iid,bcd25d66948ee0ae,256,sha256_raw_little_endian_float64,time,time_by_dimension_c_order,[256],"[256,2]",0.019569471624266144,9.980430528375733,-3.0922661009017864,1.401796032021141,fe4556346e82f9dc942656a112fb1e26be336831ec1ba5b51077ecc301b257b2,e41f1aefa968a7fff41e1bba56b0b83f617dfa227aa811e82bac75ab0aaab78b,cells\system_0035_ic1_time_f64le.bin,cells\system_0035_ic1_state_f64le_c_order.bin,C:\Users\joedicke\Documents\reps\EvoODE\outputs\phase_c_c6_data_conditions_5dd1df8\system_0035_ic1_sigma_0p02_rho_0p5_realization_2,float64,little_endian
35,1,2,0.02,0.5,3,multiplicative_gaussian_iid,e0af3b0de5724047,256,sha256_raw_little_endian_float64,time,time_by_dimension_c_order,[256],"[256,2]",0.03913894324853229,9.960861056751467,-3.117667508979508,1.3904945243325562,0aace5b03436f0ba374c65dc71eae2f85d5b0bf51357bd5379efbd06c8202930,12fbe383c4760e117e177a5e2f320c977f2960ca0040f1143ba19ec226aa58a7,cells\system_0035_ic1_time_f64le.bin,cells\system_0035_ic1_state_f64le_c_order.bin,C:\Users\joedicke\Documents\reps\EvoODE\outputs\phase_c_c6_data_conditions_5dd1df8\system_0035_ic1_sigma_0p02_rho_0p5_realization_3,float64,little_endian
35,1,2,0.03,0.0,1,multiplicative_gaussian_iid,9ab73e4eac8e3294,512,sha256_raw_little_endian_float64,time,time_by_dimension_c_order,[512],"[512,2]",0.0,10.0,-3.2256647250697115,1.4419174945912818,ffad3499269c08c6bd22e9e5c5d2ab32bbf827e2037cbdd6e73571aeab04432f,97482405d781381eae483092f7764195341dd3d683ee37fd01ad742692bf2133,cells\system_0035_ic1_time_f64le.bin,cells\system_0035_ic1_state_f64le_c_order.bin,C:\Users\joedicke\Documents\reps\EvoODE\outputs\phase_c_c6_data_conditions_5dd1df8\system_0035_ic1_sigma_0p029999999999999999_rho_0_realization_1,float64,little_endian
35,1,2,0.03,0.0,2,multiplicative_gaussian_iid,82c3da1e7e62eee3,512,sha256_raw_little_endian_float64,time,time_by_dimension_c_order,[512],"[512,2]",0.0,10.0,-3.2227086285058557,1.4316493918491215,ffad3499269c08c6bd22e9e5c5d2ab32bbf827e2037cbdd6e73571aeab04432f,9a5732996b6edae88b55259f0a173cfc06cbd80259ada836000c7835768ffb79,cells\system_0035_ic1_time_f64le.bin,cells\system_0035_ic1_state_f64le_c_order.bin,C:\Users\joedicke\Documents\reps\EvoODE\outputs\phase_c_c6_data_conditions_5dd1df8\system_0035_ic1_sigma_0p029999999999999999_rho_0_realization_2,float64,little_endian
35,1,2,0.03,0.0,3,multiplicative_gaussian_iid,14ad814a69ec28ff,512,sha256_raw_little_endian_float64,time,time_by_dimension_c_order,[512],"[512,2]",0.0,10.0,-3.173422617301342,1.4270938518661105,ffad3499269c08c6bd22e9e5c5d2ab32bbf827e2037cbdd6e73571aeab04432f,bf7eb8eeeff27d056418b2d80a50d0f723e6d6d0a3d240606a92858696d4add8,cells\system_0035_ic1_time_f64le.bin,cells\system_0035_ic1_state_f64le_c_order.bin,C:\Users\joedicke\Documents\reps\EvoODE\outputs\phase_c_c6_data_conditions_5dd1df8\system_0035_ic1_sigma_0p029999999999999999_rho_0_realization_3,float64,little_endian
35,1,2,0.03,0.5,1,multiplicative_gaussian_iid,8de245124bfb451c,256,sha256_raw_little_endian_float64,time,time_by_dimension_c_order,[256],"[256,2]",0.0,9.980430528375733,-3.1447912267400953,1.437801676098284,22bcbc37231f928e31c24389d217953c6398eaa7d8fbc1c50270248f780e3dfe,63ddfc83ef629f2e8a5cc7cc15ba2c9f959d449b6b37b83e041b6ae8f0ef35e0,cells\system_0035_ic1_time_f64le.bin,cells\system_0035_ic1_state_f64le_c_order.bin,C:\Users\joedicke\Documents\reps\EvoODE\outputs\phase_c_c6_data_conditions_5dd1df8\system_0035_ic1_sigma_0p029999999999999999_rho_0p5_realization_1,float64,little_endian
35,1,2,0.03,0.5,2,multiplicative_gaussian_iid,a318ab0636b2776b,256,sha256_raw_little_endian_float64,time,time_by_dimension_c_order,[256],"[256,2]",0.07827788649706457,9.960861056751467,-3.1710481784480393,1.3910431691579992,ba8e3675164177f35f9a55b8133145bbe8f4a35d8c782636660b84f67ce30b93,cfed6b0490aab67eca89ecd70d369472ba8dce322dc112e290fca1b85dffe022,cells\system_0035_ic1_time_f64le.bin,cells\system_0035_ic1_state_f64le_c_order.bin,C:\Users\joedicke\Documents\reps\EvoODE\outputs\phase_c_c6_data_conditions_5dd1df8\system_0035_ic1_sigma_0p029999999999999999_rho_0p5_realization_2,float64,little_endian
35,1,2,0.03,0.5,3,multiplicative_gaussian_iid,069741ac89cccc44,256,sha256_raw_little_endian_float64,time,time_by_dimension_c_order,[256],"[256,2]",0.09784735812133072,9.941291585127201,-3.191850979227173,1.4066345497671031,087659bef0ef8c2090035fb1a63d12ae91e103882195642de236a03b12714734,895c59ec876cc58475c17e3e72656a369f9c6209b539b6eb759b53b389611800,cells\system_0035_ic1_time_f64le.bin,cells\system_0035_ic1_state_f64le_c_order.bin,C:\Users\joedicke\Documents\reps\EvoODE\outputs\phase_c_c6_data_conditions_5dd1df8\system_0035_ic1_sigma_0p029999999999999999_rho_0p5_realization_3,float64,little_endian
35,1,2,0.04,0.0,1,multiplicative_gaussian_iid,44801945584039fb,512,sha256_raw_little_endian_float64,time,time_by_dimension_c_order,[512],"[512,2]",0.0,10.0,-3.249109366279986,1.4759859831583897,ffad3499269c08c6bd22e9e5c5d2ab32bbf827e2037cbdd6e73571aeab04432f,3db21c5cd0ff85c7756f0c82206ea7c183f5ee218f5db6f57f2739792bdff82e,cells\system_0035_ic1_time_f64le.bin,cells\system_0035_ic1_state_f64le_c_order.bin,C:\Users\joedicke\Documents\reps\EvoODE\outputs\phase_c_c6_data_conditions_5dd1df8\system_0035_ic1_sigma_0p040000000000000001_rho_0_realization_1,float64,little_endian
35,1,2,0.04,0.0,2,multiplicative_gaussian_iid,8822fb29eb654e2c,512,sha256_raw_little_endian_float64,time,time_by_dimension_c_order,[512],"[512,2]",0.0,10.0,-3.332336202135474,1.4956672978666077,ffad3499269c08c6bd22e9e5c5d2ab32bbf827e2037cbdd6e73571aeab04432f,f8749778a77f523b815ec0a8bfcf73e08a2199e9aec71fd18a9f322bdd3e449d,cells\system_0035_ic1_time_f64le.bin,cells\system_0035_ic1_state_f64le_c_order.bin,C:\Users\joedicke\Documents\reps\EvoODE\outputs\phase_c_c6_data_conditions_5dd1df8\system_0035_ic1_sigma_0p040000000000000001_rho_0_realization_2,float64,little_endian
35,1,2,0.04,0.0,3,multiplicative_gaussian_iid,c894b9d947f7dad9,512,sha256_raw_little_endian_float64,time,time_by_dimension_c_order,[512],"[512,2]",0.0,10.0,-3.208650437897683,1.4546063498822759,ffad3499269c08c6bd22e9e5c5d2ab32bbf827e2037cbdd6e73571aeab04432f,eea5818796ad62f2231e7122ff85f6e74167034d330403627d1f3b96728f53d1,cells\system_0035_ic1_time_f64le.bin,cells\system_0035_ic1_state_f64le_c_order.bin,C:\Users\joedicke\Documents\reps\EvoODE\outputs\phase_c_c6_data_conditions_5dd1df8\system_0035_ic1_sigma_0p040000000000000001_rho_0_realization_3,float64,little_endian
35,1,2,0.04,0.5,1,multiplicative_gaussian_iid,9b8b6df42eee8e32,256,sha256_raw_little_endian_float64,time,time_by_dimension_c_order,[256],"[256,2]",0.019569471624266144,10.0,-3.1840100735621695,1.4959655854246456,5ade8a6b3c51602c8da72bbe8d294094488d6c873a940eba22dc273d4d6da3d0,11e2d661d36018e790bccac10d368dea0b20c43c921e73874b740d1a77b0c97a,cells\system_0035_ic1_time_f64le.bin,cells\system_0035_ic1_state_f64le_c_order.bin,C:\Users\joedicke\Documents\reps\EvoODE\outputs\phase_c_c6_data_conditions_5dd1df8\system_0035_ic1_sigma_0p040000000000000001_rho_0p5_realization_1,float64,little_endian
35,1,2,0.04,0.5,2,multiplicative_gaussian_iid,782ee43c52f10048,256,sha256_raw_little_endian_float64,time,time_by_dimension_c_order,[256],"[256,2]",0.0,10.0,-3.2046898800662573,1.409237741762624,8bfa1ca20abdd10c4e31c8c57be279da7b7a1115ae8ba1f7a94e575fcd6fa76f,5b54ba6335b3de083491bc14ab1d3aa2981244d06742a7678c897c9e829e0d68,cells\system_0035_ic1_time_f64le.bin,cells\system_0035_ic1_state_f64le_c_order.bin,C:\Users\joedicke\Documents\reps\EvoODE\outputs\phase_c_c6_data_conditions_5dd1df8\system_0035_ic1_sigma_0p040000000000000001_rho_0p5_realization_2,float64,little_endian
35,1,2,0.04,0.5,3,multiplicative_gaussian_iid,ed5295c60e5e2276,256,sha256_raw_little_endian_float64,time,time_by_dimension_c_order,[256],"[256,2]",0.09784735812133072,10.0,-3.249003595848612,1.4241675374925535,247456b583ca78f3aeeb852e7eef4d5659b6760d573059331109f5ea4a225d2f,17e76b50348c2cdd657e2694166a777c031fd13814ca3df5e3ef45467745bd0c,cells\system_0035_ic1_time_f64le.bin,cells\system_0035_ic1_state_f64le_c_order.bin,C:\Users\joedicke\Documents\reps\EvoODE\outputs\phase_c_c6_data_conditions_5dd1df8\system_0035_ic1_sigma_0p040000000000000001_rho_0p5_realization_3,float64,little_endian
35,1,2,0.05,0.0,1,multiplicative_gaussian_iid,0c0ad42629f69010,512,sha256_raw_little_endian_float64,time,time_by_dimension_c_order,[512],"[512,2]",0.0,10.0,-3.423584891693485,1.4788289595108075,ffad3499269c08c6bd22e9e5c5d2ab32bbf827e2037cbdd6e73571aeab04432f,cd649d4fd0a0f2af2d443aedaf31679fd6c01079861bc38b13a99d15dd5604ab,cells\system_0035_ic1_time_f64le.bin,cells\system_0035_ic1_state_f64le_c_order.bin,C:\Users\joedicke\Documents\reps\EvoODE\outputs\phase_c_c6_data_conditions_5dd1df8\system_0035_ic1_sigma_0p050000000000000003_rho_0_realization_1,float64,little_endian
35,1,2,0.05,0.0,2,multiplicative_gaussian_iid,d4fd33de90c64fdb,512,sha256_raw_little_endian_float64,time,time_by_dimension_c_order,[512],"[512,2]",0.0,10.0,-3.255276057887441,1.4804367822951938,ffad3499269c08c6bd22e9e5c5d2ab32bbf827e2037cbdd6e73571aeab04432f,7a84228e8cff927e29088c4c022b9184d11704d8ec9efe5c87b00b26fa045d31,cells\system_0035_ic1_time_f64le.bin,cells\system_0035_ic1_state_f64le_c_order.bin,C:\Users\joedicke\Documents\reps\EvoODE\outputs\phase_c_c6_data_conditions_5dd1df8\system_0035_ic1_sigma_0p050000000000000003_rho_0_realization_2,float64,little_endian
35,1,2,0.05,0.0,3,multiplicative_gaussian_iid,474964b5d4eb36b7,512,sha256_raw_little_endian_float64,time,time_by_dimension_c_order,[512],"[512,2]",0.0,10.0,-3.3071538402288034,1.488557442996583,ffad3499269c08c6bd22e9e5c5d2ab32bbf827e2037cbdd6e73571aeab04432f,f9380d8ada8c69f6ed8b9f945fcb3f0ff4b430b49a9d707aade6e696b9f0edda,cells\system_0035_ic1_time_f64le.bin,cells\system_0035_ic1_state_f64le_c_order.bin,C:\Users\joedicke\Documents\reps\EvoODE\outputs\phase_c_c6_data_conditions_5dd1df8\system_0035_ic1_sigma_0p050000000000000003_rho_0_realization_3,float64,little_endian
35,1,2,0.05,0.5,1,multiplicative_gaussian_iid,2c2c9d97aa17bd60,256,sha256_raw_little_endian_float64,time,time_by_dimension_c_order,[256],"[256,2]",0.03913894324853229,9.960861056751467,-3.247779134791487,1.5435327708069437,de1937bc2cc72951511d0df13f03a41fd7c4b8407b8cd969333fdf9329c59405,18336b54501f57cace538d95ed1699c30fa09ea8d5a92f4f9766122e0ee95485,cells\system_0035_ic1_time_f64le.bin,cells\system_0035_ic1_state_f64le_c_order.bin,C:\Users\joedicke\Documents\reps\EvoODE\outputs\phase_c_c6_data_conditions_5dd1df8\system_0035_ic1_sigma_0p050000000000000003_rho_0p5_realization_1,float64,little_endian
35,1,2,0.05,0.5,2,multiplicative_gaussian_iid,0e7c4be2f70297ab,256,sha256_raw_little_endian_float64,time,time_by_dimension_c_order,[256],"[256,2]",0.019569471624266144,10.0,-3.4349529558052483,1.5819289884109127,d3ab5f542e18f11d18000a1bc3d792e3e8cf4ea5045661806e6bb5177c27878a,f7ed7f7b0cb7cf4fc6a4db3343cf1f65be92dcb824b997d6cf3df5eb5155898d,cells\system_0035_ic1_time_f64le.bin,cells\system_0035_ic1_state_f64le_c_order.bin,C:\Users\joedicke\Documents\reps\EvoODE\outputs\phase_c_c6_data_conditions_5dd1df8\system_0035_ic1_sigma_0p050000000000000003_rho_0p5_realization_2,float64,little_endian
35,1,2,0.05,0.5,3,multiplicative_gaussian_iid,eb4c796cf661b732,256,sha256_raw_little_endian_float64,time,time_by_dimension_c_order,[256],"[256,2]",0.019569471624266144,9.980430528375733,-3.373452919522968,1.4525429369384517,ab2e76d315690dea118473a0240512fbc154733433844835ddd40e45f3fb85af,768f6e518e8f5f35e1208bcfa0ae4e6ae039d5785dffc466407d3d7f21bfc725,cells\system_0035_ic1_time_f64le.bin,cells\system_0035_ic1_state_f64le_c_order.bin,C:\Users\joedicke\Documents\reps\EvoODE\outputs\phase_c_c6_data_conditions_5dd1df8\system_0035_ic1_sigma_0p050000000000000003_rho_0p5_realization_3,float64,little_endian
35,2,2,0.0,0.0,1,multiplicative_gaussian_iid,799711a15b6d0740,512,sha256_raw_little_endian_float64,time,time_by_dimension_c_order,[512],"[512,2]",0.0,10.0,0.48765448735514383,3.885370030124888,ffad3499269c08c6bd22e9e5c5d2ab32bbf827e2037cbdd6e73571aeab04432f,0cb8338c2f3e51c6c7887c176f4008e6f781a9d95f9f65ddeb7d06e44ccd2dfd,cells\system_0035_ic2_time_f64le.bin,cells\system_0035_ic2_state_f64le_c_order.bin,C:\Users\joedicke\Documents\reps\EvoODE\outputs\phase_c_c6_data_conditions_5dd1df8\system_0035_ic2_sigma_0_rho_0_realization_1,float64,little_endian
35,2,2,0.0,0.0,2,multiplicative_gaussian_iid,b5afe8a7651c851f,512,sha256_raw_little_endian_float64,time,time_by_dimension_c_order,[512],"[512,2]",0.0,10.0,0.48765448735514383,3.885370030124888,ffad3499269c08c6bd22e9e5c5d2ab32bbf827e2037cbdd6e73571aeab04432f,0cb8338c2f3e51c6c7887c176f4008e6f781a9d95f9f65ddeb7d06e44ccd2dfd,cells\system_0035_ic2_time_f64le.bin,cells\system_0035_ic2_state_f64le_c_order.bin,C:\Users\joedicke\Documents\reps\EvoODE\outputs\phase_c_c6_data_conditions_5dd1df8\system_0035_ic2_sigma_0_rho_0_realization_2,float64,little_endian
35,2,2,0.0,0.0,3,multiplicative_gaussian_iid,d0ef57fd9e507f22,512,sha256_raw_little_endian_float64,time,time_by_dimension_c_order,[512],"[512,2]",0.0,10.0,0.48765448735514383,3.885370030124888,ffad3499269c08c6bd22e9e5c5d2ab32bbf827e2037cbdd6e73571aeab04432f,0cb8338c2f3e51c6c7887c176f4008e6f781a9d95f9f65ddeb7d06e44ccd2dfd,cells\system_0035_ic2_time_f64le.bin,cells\system_0035_ic2_state_f64le_c_order.bin,C:\Users\joedicke\Documents\reps\EvoODE\outputs\phase_c_c6_data_conditions_5dd1df8\system_0035_ic2_sigma_0_rho_0_realization_3,float64,little_endian
35,2,2,0.0,0.5,1,multiplicative_gaussian_iid,e5ae40517517118c,256,sha256_raw_little_endian_float64,time,time_by_dimension_c_order,[256],"[256,2]",0.0,9.980430528375733,0.4880645877146376,3.885325401239367,178db8573f86a422c741c200b0504eea84276a0c323e79b720035c77a3200be9,de96eb45ab68a19fff2e1d61ca407b236065b606fda9a6fe3500bd0740851c8f,cells\system_0035_ic2_time_f64le.bin,cells\system_0035_ic2_state_f64le_c_order.bin,C:\Users\joedicke\Documents\reps\EvoODE\outputs\phase_c_c6_data_conditions_5dd1df8\system_0035_ic2_sigma_0_rho_0p5_realization_1,float64,little_endian
35,2,2,0.0,0.5,2,multiplicative_gaussian_iid,410220e26b007c78,256,sha256_raw_little_endian_float64,time,time_by_dimension_c_order,[256],"[256,2]",0.03913894324853229,9.980430528375733,0.48765462810889,3.885370030124888,5cc280e3cfba85471380048c9a46d716ca0e5de61ad7682218ed9ad5668b8b21,815fa3936da780b6f32e20ef8522673eb07693f32555ff70baca5bd9e4b07fe1,cells\system_0035_ic2_time_f64le.bin,cells\system_0035_ic2_state_f64le_c_order.bin,C:\Users\joedicke\Documents\reps\EvoODE\outputs\phase_c_c6_data_conditions_5dd1df8\system_0035_ic2_sigma_0_rho_0p5_realization_2,float64,little_endian
35,2,2,0.0,0.5,3,multiplicative_gaussian_iid,32943fed9075ec6b,256,sha256_raw_little_endian_float64,time,time_by_dimension_c_order,[256],"[256,2]",0.0,10.0,0.48765448735514383,3.885370030124888,f3f5b1ec18bce110c49f0cd5b9859c960c29298b0c8a75024d34172238d808e4,9ea7eb7aa2f4e22bcb5f819d18f8e60c9d8df1c5fea2735b903ca0efa2786e88,cells\system_0035_ic2_time_f64le.bin,cells\system_0035_ic2_state_f64le_c_order.bin,C:\Users\joedicke\Documents\reps\EvoODE\outputs\phase_c_c6_data_conditions_5dd1df8\system_0035_ic2_sigma_0_rho_0p5_realization_3,float64,little_endian
35,2,2,0.01,0.0,1,multiplicative_gaussian_iid,1696ce8b0e80990d,512,sha256_raw_little_endian_float64,time,time_by_dimension_c_order,[512],"[512,2]",0.0,10.0,0.4783500142098035,3.9515570511048725,ffad3499269c08c6bd22e9e5c5d2ab32bbf827e2037cbdd6e73571aeab04432f,4a85e0ce5efaedbe319570c9b42951f954ed307acfed6103920c266c08ce9a36,cells\system_0035_ic2_time_f64le.bin,cells\system_0035_ic2_state_f64le_c_order.bin,C:\Users\joedicke\Documents\reps\EvoODE\outputs\phase_c_c6_data_conditions_5dd1df8\system_0035_ic2_sigma_0p01_rho_0_realization_1,float64,little_endian
35,2,2,0.01,0.0,2,multiplicative_gaussian_iid,715557b4e934a00a,512,sha256_raw_little_endian_float64,time,time_by_dimension_c_order,[512],"[512,2]",0.0,10.0,0.48225246180053966,4.011902066822074,ffad3499269c08c6bd22e9e5c5d2ab32bbf827e2037cbdd6e73571aeab04432f,6c5f0dbbe5f33995be76bbd55689331ff53406d76e83fe127c9d98297859e707,cells\system_0035_ic2_time_f64le.bin,cells\system_0035_ic2_state_f64le_c_order.bin,C:\Users\joedicke\Documents\reps\EvoODE\outputs\phase_c_c6_data_conditions_5dd1df8\system_0035_ic2_sigma_0p01_rho_0_realization_2,float64,little_endian
35,2,2,0.01,0.0,3,multiplicative_gaussian_iid,bcb458bd643fcc5e,512,sha256_raw_little_endian_float64,time,time_by_dimension_c_order,[512],"[512,2]",0.0,10.0,0.47718188532308004,3.991263680030555,ffad3499269c08c6bd22e9e5c5d2ab32bbf827e2037cbdd6e73571aeab04432f,7516e633add8531656b1ec1a04f6d369e64d4b8fc15b111c00f319a4adc0f052,cells\system_0035_ic2_time_f64le.bin,cells\system_0035_ic2_state_f64le_c_order.bin,C:\Users\joedicke\Documents\reps\EvoODE\outputs\phase_c_c6_data_conditions_5dd1df8\system_0035_ic2_sigma_0p01_rho_0_realization_3,float64,little_endian
35,2,2,0.01,0.5,1,multiplicative_gaussian_iid,228ccdf853b4603f,256,sha256_raw_little_endian_float64,time,time_by_dimension_c_order,[256],"[256,2]",0.0,10.0,0.478657886684959,3.964253289273289,3d1b05e6c14e283b45f98a08c7ddf0a9156d8d75a2001cd58db6c4fbe53810fc,f5326f17dcea25d67cc40116bf72d63ecf99138a50e39894b766c86f31ce4bf3,cells\system_0035_ic2_time_f64le.bin,cells\system_0035_ic2_state_f64le_c_order.bin,C:\Users\joedicke\Documents\reps\EvoODE\outputs\phase_c_c6_data_conditions_5dd1df8\system_0035_ic2_sigma_0p01_rho_0p5_realization_1,float64,little_endian
35,2,2,0.01,0.5,2,multiplicative_gaussian_iid,91c37238ed72132a,256,sha256_raw_little_endian_float64,time,time_by_dimension_c_order,[256],"[256,2]",0.03913894324853229,10.0,0.4816423295780311,3.948985683176,714cb15052225b27ac57e0d6693cc6ac1742934818accfe51745d435e1f50b61,a8e80e2e16b2abec3a1763359ecefef2f4fca327595c364aa4a081dce4a9d436,cells\system_0035_ic2_time_f64le.bin,cells\system_0035_ic2_state_f64le_c_order.bin,C:\Users\joedicke\Documents\reps\EvoODE\outputs\phase_c_c6_data_conditions_5dd1df8\system_0035_ic2_sigma_0p01_rho_0p5_realization_2,float64,little_endian
35,2,2,0.01,0.5,3,multiplicative_gaussian_iid,f288b68ee10122ab,256,sha256_raw_little_endian_float64,time,time_by_dimension_c_order,[256],"[256,2]",0.019569471624266144,9.980430528375733,0.48128827636174887,3.977603127502705,94319b7aa5c700d9b35a9f6d083917dc7eb0b9bb52243e81e14ce99bc73abd4d,3df93495a0e5dbad5fec2709e6523475496072c02d710bf2da50b3e618d6e930,cells\system_0035_ic2_time_f64le.bin,cells\system_0035_ic2_state_f64le_c_order.bin,C:\Users\joedicke\Documents\reps\EvoODE\outputs\phase_c_c6_data_conditions_5dd1df8\system_0035_ic2_sigma_0p01_rho_0p5_realization_3,float64,little_endian
35,2,2,0.02,0.0,1,multiplicative_gaussian_iid,672a11e7b6fa736d,512,sha256_raw_little_endian_float64,time,time_by_dimension_c_order,[512],"[512,2]",0.0,10.0,0.47205237057769434,4.104172045851978,ffad3499269c08c6bd22e9e5c5d2ab32bbf827e2037cbdd6e73571aeab04432f,16fe0bd031cdc76abfca1f47e8fbe85459ac2345063ffc4abe4df2e930eb1cc0,cells\system_0035_ic2_time_f64le.bin,cells\system_0035_ic2_state_f64le_c_order.bin,C:\Users\joedicke\Documents\reps\EvoODE\outputs\phase_c_c6_data_conditions_5dd1df8\system_0035_ic2_sigma_0p02_rho_0_realization_1,float64,little_endian
35,2,2,0.02,0.0,2,multiplicative_gaussian_iid,325115d8689b3624,512,sha256_raw_little_endian_float64,time,time_by_dimension_c_order,[512],"[512,2]",0.0,10.0,0.47465484868596597,4.055055441403813,ffad3499269c08c6bd22e9e5c5d2ab32bbf827e2037cbdd6e73571aeab04432f,5ce9b0cd53fd1942f9940c6a7b66eecfe1e32513180e8426e32b581af7bb41c8,cells\system_0035_ic2_time_f64le.bin,cells\system_0035_ic2_state_f64le_c_order.bin,C:\Users\joedicke\Documents\reps\EvoODE\outputs\phase_c_c6_data_conditions_5dd1df8\system_0035_ic2_sigma_0p02_rho_0_realization_2,float64,little_endian
35,2,2,0.02,0.0,3,multiplicative_gaussian_iid,f381e98903da9113,512,sha256_raw_little_endian_float64,time,time_by_dimension_c_order,[512],"[512,2]",0.0,10.0,0.47354932771118435,4.019375155026944,ffad3499269c08c6bd22e9e5c5d2ab32bbf827e2037cbdd6e73571aeab04432f,4833564352ace9382f028e28009ed91051cf4d67d2bcfa90884752223ebffb16,cells\system_0035_ic2_time_f64le.bin,cells\system_0035_ic2_state_f64le_c_order.bin,C:\Users\joedicke\Documents\reps\EvoODE\outputs\phase_c_c6_data_conditions_5dd1df8\system_0035_ic2_sigma_0p02_rho_0_realization_3,float64,little_endian
35,2,2,0.02,0.5,1,multiplicative_gaussian_iid,7c6160caa1ea477b,256,sha256_raw_little_endian_float64,time,time_by_dimension_c_order,[256],"[256,2]",0.019569471624266144,9.960861056751467,0.4747056416508971,4.036398207911077,09cd4b74c7e420e7c6a2a11f967f56b22d074d2fc3dfec9521febfd39b74ba6d,8057929f1ba795ede3ed7b3b6249ac967a87d58d94b19a5fd70957ee0ef9658e,cells\system_0035_ic2_time_f64le.bin,cells\system_0035_ic2_state_f64le_c_order.bin,C:\Users\joedicke\Documents\reps\EvoODE\outputs\phase_c_c6_data_conditions_5dd1df8\system_0035_ic2_sigma_0p02_rho_0p5_realization_1,float64,little_endian
35,2,2,0.02,0.5,2,multiplicative_gaussian_iid,bcd25d66948ee0ae,256,sha256_raw_little_endian_float64,time,time_by_dimension_c_order,[256],"[256,2]",0.0,9.980430528375733,0.47849744708198366,4.019544248569498,67b0187bb234c13d5a23399be5569d7b34e049c2549ab5515434bb7f5f5c3749,e2a1acc9c912543a04fa19d95f0fbb58da811f4d40f35a6cd5daeb808a5e4674,cells\system_0035_ic2_time_f64le.bin,cells\system_0035_ic2_state_f64le_c_order.bin,C:\Users\joedicke\Documents\reps\EvoODE\outputs\phase_c_c6_data_conditions_5dd1df8\system_0035_ic2_sigma_0p02_rho_0p5_realization_2,float64,little_endian
35,2,2,0.02,0.5,3,multiplicative_gaussian_iid,e0af3b0de5724047,256,sha256_raw_little_endian_float64,time,time_by_dimension_c_order,[256],"[256,2]",0.0,10.0,0.4699533581276654,4.052550612250153,a2e4d766691977cacd1a0fe70d64f1313115fe11b6deabfc8984bd099a3540fc,48cb738e63e729398e80315a2909ae3908618b7ab0921b3173feda113d11b79d,cells\system_0035_ic2_time_f64le.bin,cells\system_0035_ic2_state_f64le_c_order.bin,C:\Users\joedicke\Documents\reps\EvoODE\outputs\phase_c_c6_data_conditions_5dd1df8\system_0035_ic2_sigma_0p02_rho_0p5_realization_3,float64,little_endian
35,2,2,0.03,0.0,1,multiplicative_gaussian_iid,9ab73e4eac8e3294,512,sha256_raw_little_endian_float64,time,time_by_dimension_c_order,[512],"[512,2]",0.0,10.0,0.45896937434890517,4.173524617910832,ffad3499269c08c6bd22e9e5c5d2ab32bbf827e2037cbdd6e73571aeab04432f,9c9c7d42ddd7afcf7bc296cd7a57251a2b18a48466a91da11e08958de090a876,cells\system_0035_ic2_time_f64le.bin,cells\system_0035_ic2_state_f64le_c_order.bin,C:\Users\joedicke\Documents\reps\EvoODE\outputs\phase_c_c6_data_conditions_5dd1df8\system_0035_ic2_sigma_0p029999999999999999_rho_0_realization_1,float64,little_endian
35,2,2,0.03,0.0,2,multiplicative_gaussian_iid,82c3da1e7e62eee3,512,sha256_raw_little_endian_float64,time,time_by_dimension_c_order,[512],"[512,2]",0.0,10.0,0.45931279000003966,4.151397676648747,ffad3499269c08c6bd22e9e5c5d2ab32bbf827e2037cbdd6e73571aeab04432f,cf93a5f7bcbef94bbaa2bdcafe16c418a1e2da2fb8b34fc5d8567a8c8ac5b712,cells\system_0035_ic2_time_f64le.bin,cells\system_0035_ic2_state_f64le_c_order.bin,C:\Users\joedicke\Documents\reps\EvoODE\outputs\phase_c_c6_data_conditions_5dd1df8\system_0035_ic2_sigma_0p029999999999999999_rho_0_realization_2,float64,little_endian
35,2,2,0.03,0.0,3,multiplicative_gaussian_iid,14ad814a69ec28ff,512,sha256_raw_little_endian_float64,time,time_by_dimension_c_order,[512],"[512,2]",0.0,10.0,0.461095469372539,4.138630189978674,ffad3499269c08c6bd22e9e5c5d2ab32bbf827e2037cbdd6e73571aeab04432f,e4a89c1d3a7123253f3fe2f04a90e704e9cd7ef635ab571b7734f9bd6223567c,cells\system_0035_ic2_time_f64le.bin,cells\system_0035_ic2_state_f64le_c_order.bin,C:\Users\joedicke\Documents\reps\EvoODE\outputs\phase_c_c6_data_conditions_5dd1df8\system_0035_ic2_sigma_0p029999999999999999_rho_0_realization_3,float64,little_endian
35,2,2,0.03,0.5,1,multiplicative_gaussian_iid,8de245124bfb451c,256,sha256_raw_little_endian_float64,time,time_by_dimension_c_order,[256],"[256,2]",0.07827788649706457,9.882583170254403,0.46230276275359494,4.156999027703035,087edd33cdc6fc8e254e9543fbf38af8e4b02cfb22b5744686d5bd3cb4383f2c,31bc34bc30e6d6714be90547c0d3c123caabd656ceafaf6e0402af0057f64962,cells\system_0035_ic2_time_f64le.bin,cells\system_0035_ic2_state_f64le_c_order.bin,C:\Users\joedicke\Documents\reps\EvoODE\outputs\phase_c_c6_data_conditions_5dd1df8\system_0035_ic2_sigma_0p029999999999999999_rho_0p5_realization_1,float64,little_endian
35,2,2,0.03,0.5,2,multiplicative_gaussian_iid,a318ab0636b2776b,256,sha256_raw_little_endian_float64,time,time_by_dimension_c_order,[256],"[256,2]",0.019569471624266144,9.960861056751467,0.4673232463893975,4.044925358655454,4419eee31735d3bf4087e810d269aeef24f5a210177b518ff20583d1ecd9110b,5e51488b1a6b55153714149e675ca2626097d990911f7e5e6124b0fdfe87719a,cells\system_0035_ic2_time_f64le.bin,cells\system_0035_ic2_state_f64le_c_order.bin,C:\Users\joedicke\Documents\reps\EvoODE\outputs\phase_c_c6_data_conditions_5dd1df8\system_0035_ic2_sigma_0p029999999999999999_rho_0p5_realization_2,float64,little_endian
35,2,2,0.03,0.5,3,multiplicative_gaussian_iid,069741ac89cccc44,256,sha256_raw_little_endian_float64,time,time_by_dimension_c_order,[256],"[256,2]",0.03913894324853229,10.0,0.4605125143187173,4.1194981445694445,c23be5947db345581ee58023aa82072b3d2d528e3e81bd4b0e5be20810a0c328,8bd4c589a7063f5d264c080c7683b746de51c768c03d3c3e413c2688ab2861fe,cells\system_0035_ic2_time_f64le.bin,cells\system_0035_ic2_state_f64le_c_order.bin,C:\Users\joedicke\Documents\reps\EvoODE\outputs\phase_c_c6_data_conditions_5dd1df8\system_0035_ic2_sigma_0p029999999999999999_rho_0p5_realization_3,float64,little_endian
35,2,2,0.04,0.0,1,multiplicative_gaussian_iid,44801945584039fb,512,sha256_raw_little_endian_float64,time,time_by_dimension_c_order,[512],"[512,2]",0.0,10.0,0.45896924881974627,4.306398466718788,ffad3499269c08c6bd22e9e5c5d2ab32bbf827e2037cbdd6e73571aeab04432f,0921845561ab358f59158e0c08502e17b8af288cc9d1515380f13ee5efc03a09,cells\system_0035_ic2_time_f64le.bin,cells\system_0035_ic2_state_f64le_c_order.bin,C:\Users\joedicke\Documents\reps\EvoODE\outputs\phase_c_c6_data_conditions_5dd1df8\system_0035_ic2_sigma_0p040000000000000001_rho_0_realization_1,float64,little_endian
35,2,2,0.04,0.0,2,multiplicative_gaussian_iid,8822fb29eb654e2c,512,sha256_raw_little_endian_float64,time,time_by_dimension_c_order,[512],"[512,2]",0.0,10.0,0.45663070174311327,4.224261460446113,ffad3499269c08c6bd22e9e5c5d2ab32bbf827e2037cbdd6e73571aeab04432f,61a72459507a3b1f805d4ede5a9c93d8c0f1f7d130a18cfd0846c77452180f1f,cells\system_0035_ic2_time_f64le.bin,cells\system_0035_ic2_state_f64le_c_order.bin,C:\Users\joedicke\Documents\reps\EvoODE\outputs\phase_c_c6_data_conditions_5dd1df8\system_0035_ic2_sigma_0p040000000000000001_rho_0_realization_2,float64,little_endian
35,2,2,0.04,0.0,3,multiplicative_gaussian_iid,c894b9d947f7dad9,512,sha256_raw_little_endian_float64,time,time_by_dimension_c_order,[512],"[512,2]",0.0,10.0,0.4531017168916092,4.213127882968201,ffad3499269c08c6bd22e9e5c5d2ab32bbf827e2037cbdd6e73571aeab04432f,ea5c11a30e76e94c88b5d53b6b10a94f161d970538455b3e6f3f5e5abd67f19a,cells\system_0035_ic2_time_f64le.bin,cells\system_0035_ic2_state_f64le_c_order.bin,C:\Users\joedicke\Documents\reps\EvoODE\outputs\phase_c_c6_data_conditions_5dd1df8\system_0035_ic2_sigma_0p040000000000000001_rho_0_realization_3,float64,little_endian
35,2,2,0.04,0.5,1,multiplicative_gaussian_iid,9b8b6df42eee8e32,256,sha256_raw_little_endian_float64,time,time_by_dimension_c_order,[256],"[256,2]",0.019569471624266144,10.0,0.444960143133989,4.16037528710019,fb9a6e783c9ed1f7dfd9f3887d34c5942a9439967079ba8663cf44092d8a47a4,bff9e3c825c980e17ac875da3ef52f0eae39b67343ebd944cf7871ecbe2e8b0d,cells\system_0035_ic2_time_f64le.bin,cells\system_0035_ic2_state_f64le_c_order.bin,C:\Users\joedicke\Documents\reps\EvoODE\outputs\phase_c_c6_data_conditions_5dd1df8\system_0035_ic2_sigma_0p040000000000000001_rho_0p5_realization_1,float64,little_endian
35,2,2,0.04,0.5,2,multiplicative_gaussian_iid,782ee43c52f10048,256,sha256_raw_little_endian_float64,time,time_by_dimension_c_order,[256],"[256,2]",0.0,9.980430528375733,0.4501147041534501,4.224551799497826,36c40e856d7d3ae4023b29bbed8d44522ecb11a36eb0bf86f683fed36d534ebb,be5f3cb32b92de60717d150ee8f9a19a45dde1649141c0a961cf70f79f4dec0c,cells\system_0035_ic2_time_f64le.bin,cells\system_0035_ic2_state_f64le_c_order.bin,C:\Users\joedicke\Documents\reps\EvoODE\outputs\phase_c_c6_data_conditions_5dd1df8\system_0035_ic2_sigma_0p040000000000000001_rho_0p5_realization_2,float64,little_endian
35,2,2,0.04,0.5,3,multiplicative_gaussian_iid,ed5295c60e5e2276,256,sha256_raw_little_endian_float64,time,time_by_dimension_c_order,[256],"[256,2]",0.0,9.980430528375733,0.4613064911617661,4.149119637661973,5378a7c54b16f81cc33b17a4be01173debe2525a2f4bff1fdf77b2ce5d55d225,8125499f12ca18d4191ce7c844e270d1abaf58507d80c2b3cb093eb3db176ff0,cells\system_0035_ic2_time_f64le.bin,cells\system_0035_ic2_state_f64le_c_order.bin,C:\Users\joedicke\Documents\reps\EvoODE\outputs\phase_c_c6_data_conditions_5dd1df8\system_0035_ic2_sigma_0p040000000000000001_rho_0p5_realization_3,float64,little_endian
35,2,2,0.05,0.0,1,multiplicative_gaussian_iid,0c0ad42629f69010,512,sha256_raw_little_endian_float64,time,time_by_dimension_c_order,[512],"[512,2]",0.0,10.0,0.45491551709461875,4.204687125508976,ffad3499269c08c6bd22e9e5c5d2ab32bbf827e2037cbdd6e73571aeab04432f,186a7cc6a614634ed9a2e5a752a037221702fcce0e2e0e8f6471ef23972a3be2,cells\system_0035_ic2_time_f64le.bin,cells\system_0035_ic2_state_f64le_c_order.bin,C:\Users\joedicke\Documents\reps\EvoODE\outputs\phase_c_c6_data_conditions_5dd1df8\system_0035_ic2_sigma_0p050000000000000003_rho_0_realization_1,float64,little_endian
35,2,2,0.05,0.0,2,multiplicative_gaussian_iid,d4fd33de90c64fdb,512,sha256_raw_little_endian_float64,time,time_by_dimension_c_order,[512],"[512,2]",0.0,10.0,0.4512784690556095,4.288826945649178,ffad3499269c08c6bd22e9e5c5d2ab32bbf827e2037cbdd6e73571aeab04432f,374801e97e8d9edb11340e6795401b2639aaa43f7f556005eec10a0b042b2685,cells\system_0035_ic2_time_f64le.bin,cells\system_0035_ic2_state_f64le_c_order.bin,C:\Users\joedicke\Documents\reps\EvoODE\outputs\phase_c_c6_data_conditions_5dd1df8\system_0035_ic2_sigma_0p050000000000000003_rho_0_realization_2,float64,little_endian
35,2,2,0.05,0.0,3,multiplicative_gaussian_iid,474964b5d4eb36b7,512,sha256_raw_little_endian_float64,time,time_by_dimension_c_order,[512],"[512,2]",0.0,10.0,0.4607851101133439,4.284269596935931,ffad3499269c08c6bd22e9e5c5d2ab32bbf827e2037cbdd6e73571aeab04432f,f0769cc474efd34a389821a21df53c586e19df81c768ccdd6d48fbe95232eb3e,cells\system_0035_ic2_time_f64le.bin,cells\system_0035_ic2_state_f64le_c_order.bin,C:\Users\joedicke\Documents\reps\EvoODE\outputs\phase_c_c6_data_conditions_5dd1df8\system_0035_ic2_sigma_0p050000000000000003_rho_0_realization_3,float64,little_endian
35,2,2,0.05,0.5,1,multiplicative_gaussian_iid,2c2c9d97aa17bd60,256,sha256_raw_little_endian_float64,time,time_by_dimension_c_order,[256],"[256,2]",0.0,9.980430528375733,0.44087394076270947,4.337997015175138,f7e984321794b956631802c6927eee383ca4e3bcec3041d76b009fc2cc466cdd,65b81bd9969b617645c34b2926a5b6ee4d2c656c8376f53c4b431c146b37a54b,cells\system_0035_ic2_time_f64le.bin,cells\system_0035_ic2_state_f64le_c_order.bin,C:\Users\joedicke\Documents\reps\EvoODE\outputs\phase_c_c6_data_conditions_5dd1df8\system_0035_ic2_sigma_0p050000000000000003_rho_0p5_realization_1,float64,little_endian
35,2,2,0.05,0.5,2,multiplicative_gaussian_iid,0e7c4be2f70297ab,256,sha256_raw_little_endian_float64,time,time_by_dimension_c_order,[256],"[256,2]",0.0,9.980430528375733,0.4365872563641885,4.289382114414876,7cd6beaad9db621ebf6924ff6de5aab65944e881cd3ee64943c73d77a74dde58,d1449668743b4a7038ae0615b8edc5d74c48e37fd8a6179f4f0359172ced87b0,cells\system_0035_ic2_time_f64le.bin,cells\system_0035_ic2_state_f64le_c_order.bin,C:\Users\joedicke\Documents\reps\EvoODE\outputs\phase_c_c6_data_conditions_5dd1df8\system_0035_ic2_sigma_0p050000000000000003_rho_0p5_realization_2,float64,little_endian
35,2,2,0.05,0.5,3,multiplicative_gaussian_iid,eb4c796cf661b732,256,sha256_raw_little_endian_float64,time,time_by_dimension_c_order,[256],"[256,2]",0.019569471624266144,10.0,0.43517371320935877,4.346559528298522,ef32205e1ab6cfd27c2b6ace5896fc3e50b6461b3c031bca62c2393a57611d86,f1d8f843b15567bd3b3cd3cf7beac7a0e4f4219fa517accbca19dea864baaad2,cells\system_0035_ic2_time_f64le.bin,cells\system_0035_ic2_state_f64le_c_order.bin,C:\Users\joedicke\Documents\reps\EvoODE\outputs\phase_c_c6_data_conditions_5dd1df8\system_0035_ic2_sigma_0p050000000000000003_rho_0p5_realization_3,float64,little_endian
45,1,2,0.0,0.0,1,multiplicative_gaussian_iid,799711a15b6d0740,512,sha256_raw_little_endian_float64,time,time_by_dimension_c_order,[512],"[512,2]",0.0,10.0,0.035164826251850745,3.7334903358696647,ffad3499269c08c6bd22e9e5c5d2ab32bbf827e2037cbdd6e73571aeab04432f,0fcfdcecadaa955625fd30e7de2ddc219b8521f1b19f393f418de97318ad9f79,cells\system_0045_ic1_time_f64le.bin,cells\system_0045_ic1_state_f64le_c_order.bin,C:\Users\joedicke\Documents\reps\EvoODE\outputs\phase_c_c6_data_conditions_5dd1df8\system_0045_ic1_sigma_0_rho_0_realization_1,float64,little_endian
45,1,2,0.0,0.0,2,multiplicative_gaussian_iid,b5afe8a7651c851f,512,sha256_raw_little_endian_float64,time,time_by_dimension_c_order,[512],"[512,2]",0.0,10.0,0.035164826251850745,3.7334903358696647,ffad3499269c08c6bd22e9e5c5d2ab32bbf827e2037cbdd6e73571aeab04432f,0fcfdcecadaa955625fd30e7de2ddc219b8521f1b19f393f418de97318ad9f79,cells\system_0045_ic1_time_f64le.bin,cells\system_0045_ic1_state_f64le_c_order.bin,C:\Users\joedicke\Documents\reps\EvoODE\outputs\phase_c_c6_data_conditions_5dd1df8\system_0045_ic1_sigma_0_rho_0_realization_2,float64,little_endian
45,1,2,0.0,0.0,3,multiplicative_gaussian_iid,d0ef57fd9e507f22,512,sha256_raw_little_endian_float64,time,time_by_dimension_c_order,[512],"[512,2]",0.0,10.0,0.035164826251850745,3.7334903358696647,ffad3499269c08c6bd22e9e5c5d2ab32bbf827e2037cbdd6e73571aeab04432f,0fcfdcecadaa955625fd30e7de2ddc219b8521f1b19f393f418de97318ad9f79,cells\system_0045_ic1_time_f64le.bin,cells\system_0045_ic1_state_f64le_c_order.bin,C:\Users\joedicke\Documents\reps\EvoODE\outputs\phase_c_c6_data_conditions_5dd1df8\system_0045_ic1_sigma_0_rho_0_realization_3,float64,little_endian
45,1,2,0.0,0.5,1,multiplicative_gaussian_iid,e5ae40517517118c,256,sha256_raw_little_endian_float64,time,time_by_dimension_c_order,[256],"[256,2]",0.0,9.980430528375733,0.035316875531118466,3.7253580296433197,eb95b60171a4eb9dcab3a0b06939e7919e5d1c2675e2e0733d69e6a78f7fdd98,6cf4b34d3bf2e451014eaba8bb12628b5fa1791086e788c172dfe9860d8704fa,cells\system_0045_ic1_time_f64le.bin,cells\system_0045_ic1_state_f64le_c_order.bin,C:\Users\joedicke\Documents\reps\EvoODE\outputs\phase_c_c6_data_conditions_5dd1df8\system_0045_ic1_sigma_0_rho_0p5_realization_1,float64,little_endian
45,1,2,0.0,0.5,2,multiplicative_gaussian_iid,410220e26b007c78,256,sha256_raw_little_endian_float64,time,time_by_dimension_c_order,[256],"[256,2]",0.0,10.0,0.035164826251850745,3.7334903358696647,cdbb09cf19bebf9ea3f24835115d66ee7352e87024c362bfe54e7a30ff2ea17e,1474f65980bf809219afc8f35863b2ea36002d3c1e1e22e1a1ded360de42b822,cells\system_0045_ic1_time_f64le.bin,cells\system_0045_ic1_state_f64le_c_order.bin,C:\Users\joedicke\Documents\reps\EvoODE\outputs\phase_c_c6_data_conditions_5dd1df8\system_0045_ic1_sigma_0_rho_0p5_realization_2,float64,little_endian
45,1,2,0.0,0.5,3,multiplicative_gaussian_iid,32943fed9075ec6b,256,sha256_raw_little_endian_float64,time,time_by_dimension_c_order,[256],"[256,2]",0.0,9.980430528375733,0.035316875531118466,3.7253580296433197,09c446832903a0cbf507714e57e217c0282ff62b6cd729cd059960653e9aabb8,1e51e60780dadff6fa590874751a3d30cda497d44a43204963ebad84f4b3b9b6,cells\system_0045_ic1_time_f64le.bin,cells\system_0045_ic1_state_f64le_c_order.bin,C:\Users\joedicke\Documents\reps\EvoODE\outputs\phase_c_c6_data_conditions_5dd1df8\system_0045_ic1_sigma_0_rho_0p5_realization_3,float64,little_endian
45,1,2,0.01,0.0,1,multiplicative_gaussian_iid,1696ce8b0e80990d,512,sha256_raw_little_endian_float64,time,time_by_dimension_c_order,[512],"[512,2]",0.0,10.0,0.03526234980603867,3.768217037838719,ffad3499269c08c6bd22e9e5c5d2ab32bbf827e2037cbdd6e73571aeab04432f,ecef4c4d7c756aebad2430c3b0dfde07fe48d42c8dcfa35c6b92a030b8133705,cells\system_0045_ic1_time_f64le.bin,cells\system_0045_ic1_state_f64le_c_order.bin,C:\Users\joedicke\Documents\reps\EvoODE\outputs\phase_c_c6_data_conditions_5dd1df8\system_0045_ic1_sigma_0p01_rho_0_realization_1,float64,little_endian
45,1,2,0.01,0.0,2,multiplicative_gaussian_iid,715557b4e934a00a,512,sha256_raw_little_endian_float64,time,time_by_dimension_c_order,[512],"[512,2]",0.0,10.0,0.03534831436482569,3.737007707693718,ffad3499269c08c6bd22e9e5c5d2ab32bbf827e2037cbdd6e73571aeab04432f,5e4fabde4f88345e7931098c1a8120eefa2dca226b56dd7dc995e8374520501f,cells\system_0045_ic1_time_f64le.bin,cells\system_0045_ic1_state_f64le_c_order.bin,C:\Users\joedicke\Documents\reps\EvoODE\outputs\phase_c_c6_data_conditions_5dd1df8\system_0045_ic1_sigma_0p01_rho_0_realization_2,float64,little_endian
45,1,2,0.01,0.0,3,multiplicative_gaussian_iid,bcb458bd643fcc5e,512,sha256_raw_little_endian_float64,time,time_by_dimension_c_order,[512],"[512,2]",0.0,10.0,0.03494058788578871,3.759724066218971,ffad3499269c08c6bd22e9e5c5d2ab32bbf827e2037cbdd6e73571aeab04432f,82c480d029d874dd7128dd4220821ebb88c09efa08c8589b90c20fe4adae883c,cells\system_0045_ic1_time_f64le.bin,cells\system_0045_ic1_state_f64le_c_order.bin,C:\Users\joedicke\Documents\reps\EvoODE\outputs\phase_c_c6_data_conditions_5dd1df8\system_0045_ic1_sigma_0p01_rho_0_realization_3,float64,little_endian
45,1,2,0.01,0.5,1,multiplicative_gaussian_iid,228ccdf853b4603f,256,sha256_raw_little_endian_float64,time,time_by_dimension_c_order,[256],"[256,2]",0.019569471624266144,9.980430528375733,0.03499905943575854,3.747255622872427,d35399778a0ac57e4d675f69a0ce0514286f9ac21240222d5e6b5e636e4946b0,8ae18b8d139f1c8077104e703ce242140cff39ca804d32e21904598fd573579c,cells\system_0045_ic1_time_f64le.bin,cells\system_0045_ic1_state_f64le_c_order.bin,C:\Users\joedicke\Documents\reps\EvoODE\outputs\phase_c_c6_data_conditions_5dd1df8\system_0045_ic1_sigma_0p01_rho_0p5_realization_1,float64,little_endian
45,1,2,0.01,0.5,2,multiplicative_gaussian_iid,91c37238ed72132a,256,sha256_raw_little_endian_float64,time,time_by_dimension_c_order,[256],"[256,2]",0.0,10.0,0.03511573163944616,3.7963223492585243,f062ec953d294ba850b3dad95646c7d3a735507f2b3e82398ab7339e759384cf,48159cc96e1a6002fed38031dadf55d06c20d0204f1189c1136c7881c6c96956,cells\system_0045_ic1_time_f64le.bin,cells\system_0045_ic1_state_f64le_c_order.bin,C:\Users\joedicke\Documents\reps\EvoODE\outputs\phase_c_c6_data_conditions_5dd1df8\system_0045_ic1_sigma_0p01_rho_0p5_realization_2,float64,little_endian
45,1,2,0.01,0.5,3,multiplicative_gaussian_iid,f288b68ee10122ab,256,sha256_raw_little_endian_float64,time,time_by_dimension_c_order,[256],"[256,2]",0.07827788649706457,9.960861056751467,0.03535996977498141,3.7417868414630973,9a1d41ee4739c5b1564203b06b31c8622f5c8d0edfb9ae0818cefb4e2eaa78a3,b7b5d1492f17af06157477288372b1f923801cd72eca79434462ceb9d171cd65,cells\system_0045_ic1_time_f64le.bin,cells\system_0045_ic1_state_f64le_c_order.bin,C:\Users\joedicke\Documents\reps\EvoODE\outputs\phase_c_c6_data_conditions_5dd1df8\system_0045_ic1_sigma_0p01_rho_0p5_realization_3,float64,little_endian
45,1,2,0.02,0.0,1,multiplicative_gaussian_iid,672a11e7b6fa736d,512,sha256_raw_little_endian_float64,time,time_by_dimension_c_order,[512],"[512,2]",0.0,10.0,0.03494454782962856,3.8164497694627184,ffad3499269c08c6bd22e9e5c5d2ab32bbf827e2037cbdd6e73571aeab04432f,9c8ae05599fc7b0018ad761c33e3ceda23a9e6f8b75a18da65f3808925ead539,cells\system_0045_ic1_time_f64le.bin,cells\system_0045_ic1_state_f64le_c_order.bin,C:\Users\joedicke\Documents\reps\EvoODE\outputs\phase_c_c6_data_conditions_5dd1df8\system_0045_ic1_sigma_0p02_rho_0_realization_1,float64,little_endian
45,1,2,0.02,0.0,2,multiplicative_gaussian_iid,325115d8689b3624,512,sha256_raw_little_endian_float64,time,time_by_dimension_c_order,[512],"[512,2]",0.0,10.0,0.03488957001353914,3.8368358131885016,ffad3499269c08c6bd22e9e5c5d2ab32bbf827e2037cbdd6e73571aeab04432f,a0aa3676e424790c764e50fa9be92e472663bca811d6db41ab8b5783a4b241d0,cells\system_0045_ic1_time_f64le.bin,cells\system_0045_ic1_state_f64le_c_order.bin,C:\Users\joedicke\Documents\reps\EvoODE\outputs\phase_c_c6_data_conditions_5dd1df8\system_0045_ic1_sigma_0p02_rho_0_realization_2,float64,little_endian
45,1,2,0.02,0.0,3,multiplicative_gaussian_iid,f381e98903da9113,512,sha256_raw_little_endian_float64,time,time_by_dimension_c_order,[512],"[512,2]",0.0,10.0,0.034230677631613034,3.7476110533552975,ffad3499269c08c6bd22e9e5c5d2ab32bbf827e2037cbdd6e73571aeab04432f,8d53e9c48b5bd7a1bdb25c0e1bd4b5e602385d5bc63a3076cf26bf172db40f89,cells\system_0045_ic1_time_f64le.bin,cells\system_0045_ic1_state_f64le_c_order.bin,C:\Users\joedicke\Documents\reps\EvoODE\outputs\phase_c_c6_data_conditions_5dd1df8\system_0045_ic1_sigma_0p02_rho_0_realization_3,float64,little_endian
45,1,2,0.02,0.5,1,multiplicative_gaussian_iid,7c6160caa1ea477b,256,sha256_raw_little_endian_float64,time,time_by_dimension_c_order,[256],"[256,2]",0.03913894324853229,10.0,0.035617294744165195,3.6828113806959846,3b5c77425c4b2c3c000bf047fdc12851f144fa511688fd75c8f75bf52bc00f06,def25da1c9a9e0504a80b942f2cd6edfaa4d0ce4005caff2790c8425d142baa6,cells\system_0045_ic1_time_f64le.bin,cells\system_0045_ic1_state_f64le_c_order.bin,C:\Users\joedicke\Documents\reps\EvoODE\outputs\phase_c_c6_data_conditions_5dd1df8\system_0045_ic1_sigma_0p02_rho_0p5_realization_1,float64,little_endian
45,1,2,0.02,0.5,2,multiplicative_gaussian_iid,bcd25d66948ee0ae,256,sha256_raw_little_endian_float64,time,time_by_dimension_c_order,[256],"[256,2]",0.0,10.0,0.0353334549525821,3.7790734573835643,1b33f66047db47e1a3cb433c32939733dc60a8105b635ec944aa425de521a0f5,cab7ab3c4f3c12fd35d1ed3d44ebd228c91554679e1e7c6f5f2d33dcfdc6a5c0,cells\system_0045_ic1_time_f64le.bin,cells\system_0045_ic1_state_f64le_c_order.bin,C:\Users\joedicke\Documents\reps\EvoODE\outputs\phase_c_c6_data_conditions_5dd1df8\system_0045_ic1_sigma_0p02_rho_0p5_realization_2,float64,little_endian
45,1,2,0.02,0.5,3,multiplicative_gaussian_iid,e0af3b0de5724047,256,sha256_raw_little_endian_float64,time,time_by_dimension_c_order,[256],"[256,2]",0.0,10.0,0.03440036979111531,3.743282145074085,ad981d4e91f1a53e6ac14000df5ac46c8b7bdbeb65e8bdb2f503c63224fa3eba,25514c9921ae4a632816ba10379075b06b6cd32508dcad7f38f81ef21ecc049b,cells\system_0045_ic1_time_f64le.bin,cells\system_0045_ic1_state_f64le_c_order.bin,C:\Users\joedicke\Documents\reps\EvoODE\outputs\phase_c_c6_data_conditions_5dd1df8\system_0045_ic1_sigma_0p02_rho_0p5_realization_3,float64,little_endian
45,1,2,0.03,0.0,1,multiplicative_gaussian_iid,9ab73e4eac8e3294,512,sha256_raw_little_endian_float64,time,time_by_dimension_c_order,[512],"[512,2]",0.0,10.0,0.03416716482962685,3.7787646536925386,ffad3499269c08c6bd22e9e5c5d2ab32bbf827e2037cbdd6e73571aeab04432f,55ea1664860ea60bd762f2f5d9970ce4520f617798eebaed3fa99169d4ace0de,cells\system_0045_ic1_time_f64le.bin,cells\system_0045_ic1_state_f64le_c_order.bin,C:\Users\joedicke\Documents\reps\EvoODE\outputs\phase_c_c6_data_conditions_5dd1df8\system_0045_ic1_sigma_0p029999999999999999_rho_0_realization_1,float64,little_endian
45,1,2,0.03,0.0,2,multiplicative_gaussian_iid,82c3da1e7e62eee3,512,sha256_raw_little_endian_float64,time,time_by_dimension_c_order,[512],"[512,2]",0.0,10.0,0.03477430728424091,3.8713505835919637,ffad3499269c08c6bd22e9e5c5d2ab32bbf827e2037cbdd6e73571aeab04432f,85ddb67394e792e31c66cca15b69a4cafc539ef40ecbe6052a1cd8ef91eda20f,cells\system_0045_ic1_time_f64le.bin,cells\system_0045_ic1_state_f64le_c_order.bin,C:\Users\joedicke\Documents\reps\EvoODE\outputs\phase_c_c6_data_conditions_5dd1df8\system_0045_ic1_sigma_0p029999999999999999_rho_0_realization_2,float64,little_endian
45,1,2,0.03,0.0,3,multiplicative_gaussian_iid,14ad814a69ec28ff,512,sha256_raw_little_endian_float64,time,time_by_dimension_c_order,[512],"[512,2]",0.0,10.0,0.033343450616020315,3.827113244737869,ffad3499269c08c6bd22e9e5c5d2ab32bbf827e2037cbdd6e73571aeab04432f,01e4db8ed583c143638654c700ae4aff1e81658bc75f60c04d85b6346639586e,cells\system_0045_ic1_time_f64le.bin,cells\system_0045_ic1_state_f64le_c_order.bin,C:\Users\joedicke\Documents\reps\EvoODE\outputs\phase_c_c6_data_conditions_5dd1df8\system_0045_ic1_sigma_0p029999999999999999_rho_0_realization_3,float64,little_endian
45,1,2,0.03,0.5,1,multiplicative_gaussian_iid,8de245124bfb451c,256,sha256_raw_little_endian_float64,time,time_by_dimension_c_order,[256],"[256,2]",0.03913894324853229,10.0,0.034895212264468164,3.8511929575912407,2ca4bbbd4db2458e0185a64a744354aad5895ff95024d54646fbc429b2f39d81,3f3ac79523767fa5c40e63f79298f8a6f9a078f54d6ccc38bf18a1f2c74f8456,cells\system_0045_ic1_time_f64le.bin,cells\system_0045_ic1_state_f64le_c_order.bin,C:\Users\joedicke\Documents\reps\EvoODE\outputs\phase_c_c6_data_conditions_5dd1df8\system_0045_ic1_sigma_0p029999999999999999_rho_0p5_realization_1,float64,little_endian
45,1,2,0.03,0.5,2,multiplicative_gaussian_iid,a318ab0636b2776b,256,sha256_raw_little_endian_float64,time,time_by_dimension_c_order,[256],"[256,2]",0.03913894324853229,10.0,0.03460959587808209,3.941457380082052,5c34b5b94bf877030ed0fd343986581c0513939d2484dedf36360456b22295f3,01bfb5d32a9fd8fd25199392de7616ee1e129ab4e970fa1661ae7b8f8ad54c18,cells\system_0045_ic1_time_f64le.bin,cells\system_0045_ic1_state_f64le_c_order.bin,C:\Users\joedicke\Documents\reps\EvoODE\outputs\phase_c_c6_data_conditions_5dd1df8\system_0045_ic1_sigma_0p029999999999999999_rho_0p5_realization_2,float64,little_endian
45,1,2,0.03,0.5,3,multiplicative_gaussian_iid,069741ac89cccc44,256,sha256_raw_little_endian_float64,time,time_by_dimension_c_order,[256],"[256,2]",0.03913894324853229,9.941291585127201,0.03533126344963384,3.9952350229256575,c41f70520a772330bc85a2d76c8a5d46977b99a449d8c116c874cef4d7de37b2,982a884b3300169e83ffaa44841740cb9621fc224a3339b426a73edbabafb290,cells\system_0045_ic1_time_f64le.bin,cells\system_0045_ic1_state_f64le_c_order.bin,C:\Users\joedicke\Documents\reps\EvoODE\outputs\phase_c_c6_data_conditions_5dd1df8\system_0045_ic1_sigma_0p029999999999999999_rho_0p5_realization_3,float64,little_endian
45,1,2,0.04,0.0,1,multiplicative_gaussian_iid,44801945584039fb,512,sha256_raw_little_endian_float64,time,time_by_dimension_c_order,[512],"[512,2]",0.0,10.0,0.03405944556341732,4.0389987943327,ffad3499269c08c6bd22e9e5c5d2ab32bbf827e2037cbdd6e73571aeab04432f,da849405ed82d0960314230f6cc7bb45b31d84d0db5629e12200718f7cb0af53,cells\system_0045_ic1_time_f64le.bin,cells\system_0045_ic1_state_f64le_c_order.bin,C:\Users\joedicke\Documents\reps\EvoODE\outputs\phase_c_c6_data_conditions_5dd1df8\system_0045_ic1_sigma_0p040000000000000001_rho_0_realization_1,float64,little_endian
45,1,2,0.04,0.0,2,multiplicative_gaussian_iid,8822fb29eb654e2c,512,sha256_raw_little_endian_float64,time,time_by_dimension_c_order,[512],"[512,2]",0.0,10.0,0.0340505310992653,3.901217842963143,ffad3499269c08c6bd22e9e5c5d2ab32bbf827e2037cbdd6e73571aeab04432f,fe112b75947e45fe277edc7cbc90ac611f3e8ca952849e1ef5467593bd33e3ed,cells\system_0045_ic1_time_f64le.bin,cells\system_0045_ic1_state_f64le_c_order.bin,C:\Users\joedicke\Documents\reps\EvoODE\outputs\phase_c_c6_data_conditions_5dd1df8\system_0045_ic1_sigma_0p040000000000000001_rho_0_realization_2,float64,little_endian
45,1,2,0.04,0.0,3,multiplicative_gaussian_iid,c894b9d947f7dad9,512,sha256_raw_little_endian_float64,time,time_by_dimension_c_order,[512],"[512,2]",0.0,10.0,0.0345126899468748,4.072918058789342,ffad3499269c08c6bd22e9e5c5d2ab32bbf827e2037cbdd6e73571aeab04432f,fef25ee7129bfd3e3ccba6eaaf637d2610814c7000cb6fc6d413dd688325a4dd,cells\system_0045_ic1_time_f64le.bin,cells\system_0045_ic1_state_f64le_c_order.bin,C:\Users\joedicke\Documents\reps\EvoODE\outputs\phase_c_c6_data_conditions_5dd1df8\system_0045_ic1_sigma_0p040000000000000001_rho_0_realization_3,float64,little_endian
45,1,2,0.04,0.5,1,multiplicative_gaussian_iid,9b8b6df42eee8e32,256,sha256_raw_little_endian_float64,time,time_by_dimension_c_order,[256],"[256,2]",0.019569471624266144,10.0,0.033393903044025584,3.940836869854671,715ec1044f1499618cc05f90634922fcef49713244885b74d48fc2b243ffffac,abbc72d6b97a6fdc4edc8c0aeef264458ffdf3b965c3ab5f7e357ebe344f9faf,cells\system_0045_ic1_time_f64le.bin,cells\system_0045_ic1_state_f64le_c_order.bin,C:\Users\joedicke\Documents\reps\EvoODE\outputs\phase_c_c6_data_conditions_5dd1df8\system_0045_ic1_sigma_0p040000000000000001_rho_0p5_realization_1,float64,little_endian
45,1,2,0.04,0.5,2,multiplicative_gaussian_iid,782ee43c52f10048,256,sha256_raw_little_endian_float64,time,time_by_dimension_c_order,[256],"[256,2]",0.0,9.980430528375733,0.03464577051880542,3.8138955665737173,f83e5b0cfee662ec0c567796aa7afab01577fcbad1f7ad91e084fb2bd5c95edf,8ba16d0079d851fd18cc3b07d4b4ae4a7fc0d0f17947a6000a897f6114eaf3f3,cells\system_0045_ic1_time_f64le.bin,cells\system_0045_ic1_state_f64le_c_order.bin,C:\Users\joedicke\Documents\reps\EvoODE\outputs\phase_c_c6_data_conditions_5dd1df8\system_0045_ic1_sigma_0p040000000000000001_rho_0p5_realization_2,float64,little_endian
45,1,2,0.04,0.5,3,multiplicative_gaussian_iid,ed5295c60e5e2276,256,sha256_raw_little_endian_float64,time,time_by_dimension_c_order,[256],"[256,2]",0.03913894324853229,10.0,0.03366668208373856,3.840668431907936,1c007154bca106d2ff67ecb88d19fd9f722cf913d5eb24e7355539dcc47e5f5a,7f60193e09c889e08de0b6ded6efbb3fd47509bc3c41eec3b1a502e2288c658d,cells\system_0045_ic1_time_f64le.bin,cells\system_0045_ic1_state_f64le_c_order.bin,C:\Users\joedicke\Documents\reps\EvoODE\outputs\phase_c_c6_data_conditions_5dd1df8\system_0045_ic1_sigma_0p040000000000000001_rho_0p5_realization_3,float64,little_endian
45,1,2,0.05,0.0,1,multiplicative_gaussian_iid,0c0ad42629f69010,512,sha256_raw_little_endian_float64,time,time_by_dimension_c_order,[512],"[512,2]",0.0,10.0,0.03178208922299746,4.0168335724995705,ffad3499269c08c6bd22e9e5c5d2ab32bbf827e2037cbdd6e73571aeab04432f,cbbc9d22d3c4f2bdb63209e3c2754a0f7f8507d3b8e62e31028791e011e72092,cells\system_0045_ic1_time_f64le.bin,cells\system_0045_ic1_state_f64le_c_order.bin,C:\Users\joedicke\Documents\reps\EvoODE\outputs\phase_c_c6_data_conditions_5dd1df8\system_0045_ic1_sigma_0p050000000000000003_rho_0_realization_1,float64,little_endian
45,1,2,0.05,0.0,2,multiplicative_gaussian_iid,d4fd33de90c64fdb,512,sha256_raw_little_endian_float64,time,time_by_dimension_c_order,[512],"[512,2]",0.0,10.0,0.03287639266182103,3.985836410038912,ffad3499269c08c6bd22e9e5c5d2ab32bbf827e2037cbdd6e73571aeab04432f,cd1af9dd40e582b84a854132c17001285bc28ada25daf2def8b5a1d0c2612d0b,cells\system_0045_ic1_time_f64le.bin,cells\system_0045_ic1_state_f64le_c_order.bin,C:\Users\joedicke\Documents\reps\EvoODE\outputs\phase_c_c6_data_conditions_5dd1df8\system_0045_ic1_sigma_0p050000000000000003_rho_0_realization_2,float64,little_endian
45,1,2,0.05,0.0,3,multiplicative_gaussian_iid,474964b5d4eb36b7,512,sha256_raw_little_endian_float64,time,time_by_dimension_c_order,[512],"[512,2]",0.0,10.0,0.032151574828941556,3.987977772489106,ffad3499269c08c6bd22e9e5c5d2ab32bbf827e2037cbdd6e73571aeab04432f,788ecd8364f458a71cb3cf756a6978b26cf51323baa4c8711189e89b6e50fc27,cells\system_0045_ic1_time_f64le.bin,cells\system_0045_ic1_state_f64le_c_order.bin,C:\Users\joedicke\Documents\reps\EvoODE\outputs\phase_c_c6_data_conditions_5dd1df8\system_0045_ic1_sigma_0p050000000000000003_rho_0_realization_3,float64,little_endian
45,1,2,0.05,0.5,1,multiplicative_gaussian_iid,2c2c9d97aa17bd60,256,sha256_raw_little_endian_float64,time,time_by_dimension_c_order,[256],"[256,2]",0.0,9.960861056751467,0.03473710589879267,4.060341497663737,9c3b3cd2aa4d4d961da315947b5e58fea986aac6bce3d0ec0a39bb2fb666a03f,aff707ddc30e65eafd28607ef1232fe8844486f31da460bb1254b4caa151cbbd,cells\system_0045_ic1_time_f64le.bin,cells\system_0045_ic1_state_f64le_c_order.bin,C:\Users\joedicke\Documents\reps\EvoODE\outputs\phase_c_c6_data_conditions_5dd1df8\system_0045_ic1_sigma_0p050000000000000003_rho_0p5_realization_1,float64,little_endian
45,1,2,0.05,0.5,2,multiplicative_gaussian_iid,0e7c4be2f70297ab,256,sha256_raw_little_endian_float64,time,time_by_dimension_c_order,[256],"[256,2]",0.0,9.980430528375733,0.03475680436233157,3.959336511496562,166472a299e9a71bcc9894fa849567af28ad8f0d3da907c8a2b6506e317a1dba,3bbdeda026a3e1385ba0b0330d5d26f721ae4733082d68192ec310b3ceb20c67,cells\system_0045_ic1_time_f64le.bin,cells\system_0045_ic1_state_f64le_c_order.bin,C:\Users\joedicke\Documents\reps\EvoODE\outputs\phase_c_c6_data_conditions_5dd1df8\system_0045_ic1_sigma_0p050000000000000003_rho_0p5_realization_2,float64,little_endian
45,1,2,0.05,0.5,3,multiplicative_gaussian_iid,eb4c796cf661b732,256,sha256_raw_little_endian_float64,time,time_by_dimension_c_order,[256],"[256,2]",0.03913894324853229,9.980430528375733,0.0345069811321918,4.058431705499103,1b5a3f3612002bb047e0eddd6410e248679c31fe1103bc3bb1361a1276709c28,d6d75f3e16fab6bdc4386a26ab41e97fa8a39d8c4ef9979c1870cd1ec06ddfd3,cells\system_0045_ic1_time_f64le.bin,cells\system_0045_ic1_state_f64le_c_order.bin,C:\Users\joedicke\Documents\reps\EvoODE\outputs\phase_c_c6_data_conditions_5dd1df8\system_0045_ic1_sigma_0p050000000000000003_rho_0p5_realization_3,float64,little_endian
45,2,2,0.0,0.0,1,multiplicative_gaussian_iid,799711a15b6d0740,512,sha256_raw_little_endian_float64,time,time_by_dimension_c_order,[512],"[512,2]",0.0,10.0,0.02237361774360576,4.692116216998681,ffad3499269c08c6bd22e9e5c5d2ab32bbf827e2037cbdd6e73571aeab04432f,6e72d9f43ca70b1962546789537c32db7f250d1a3470d0240d385c019326641b,cells\system_0045_ic2_time_f64le.bin,cells\system_0045_ic2_state_f64le_c_order.bin,C:\Users\joedicke\Documents\reps\EvoODE\outputs\phase_c_c6_data_conditions_5dd1df8\system_0045_ic2_sigma_0_rho_0_realization_1,float64,little_endian
45,2,2,0.0,0.0,2,multiplicative_gaussian_iid,b5afe8a7651c851f,512,sha256_raw_little_endian_float64,time,time_by_dimension_c_order,[512],"[512,2]",0.0,10.0,0.02237361774360576,4.692116216998681,ffad3499269c08c6bd22e9e5c5d2ab32bbf827e2037cbdd6e73571aeab04432f,6e72d9f43ca70b1962546789537c32db7f250d1a3470d0240d385c019326641b,cells\system_0045_ic2_time_f64le.bin,cells\system_0045_ic2_state_f64le_c_order.bin,C:\Users\joedicke\Documents\reps\EvoODE\outputs\phase_c_c6_data_conditions_5dd1df8\system_0045_ic2_sigma_0_rho_0_realization_2,float64,little_endian
45,2,2,0.0,0.0,3,multiplicative_gaussian_iid,d0ef57fd9e507f22,512,sha256_raw_little_endian_float64,time,time_by_dimension_c_order,[512],"[512,2]",0.0,10.0,0.02237361774360576,4.692116216998681,ffad3499269c08c6bd22e9e5c5d2ab32bbf827e2037cbdd6e73571aeab04432f,6e72d9f43ca70b1962546789537c32db7f250d1a3470d0240d385c019326641b,cells\system_0045_ic2_time_f64le.bin,cells\system_0045_ic2_state_f64le_c_order.bin,C:\Users\joedicke\Documents\reps\EvoODE\outputs\phase_c_c6_data_conditions_5dd1df8\system_0045_ic2_sigma_0_rho_0_realization_3,float64,little_endian
45,2,2,0.0,0.5,1,multiplicative_gaussian_iid,e5ae40517517118c,256,sha256_raw_little_endian_float64,time,time_by_dimension_c_order,[256],"[256,2]",0.0,10.0,0.02237361774360576,4.692116216998681,2c6b76888f571c634f1f988775cb79d1ee2a922e2d6e3e38905545679e03d516,b676d3fa997bf4da5344aada74185dc956a1a531ec1d5d53c34cc5c4a0702a3c,cells\system_0045_ic2_time_f64le.bin,cells\system_0045_ic2_state_f64le_c_order.bin,C:\Users\joedicke\Documents\reps\EvoODE\outputs\phase_c_c6_data_conditions_5dd1df8\system_0045_ic2_sigma_0_rho_0p5_realization_1,float64,little_endian
45,2,2,0.0,0.5,2,multiplicative_gaussian_iid,410220e26b007c78,256,sha256_raw_little_endian_float64,time,time_by_dimension_c_order,[256],"[256,2]",0.05870841487279843,9.980430528375733,0.02244746000275546,4.684311837325718,ef0e31a07a7a0acc06038beb0791909c0beed7bca2aa861414ed990b460e0880,869859b4cab29ad0615421297f10aa0a496ae87c9f21dd5a4ea81ef84ac40c84,cells\system_0045_ic2_time_f64le.bin,cells\system_0045_ic2_state_f64le_c_order.bin,C:\Users\joedicke\Documents\reps\EvoODE\outputs\phase_c_c6_data_conditions_5dd1df8\system_0045_ic2_sigma_0_rho_0p5_realization_2,float64,little_endian
45,2,2,0.0,0.5,3,multiplicative_gaussian_iid,32943fed9075ec6b,256,sha256_raw_little_endian_float64,time,time_by_dimension_c_order,[256],"[256,2]",0.0,10.0,0.02237361774360576,4.692116216998681,46557e3c7ca0e20dd88e1835d24590fbc97a5471db4a69538d190c57495ed4d8,7cfc4f36637d99581bd25fd9ea5a8df3a03de09bfdfd3359becc43505cc57d7b,cells\system_0045_ic2_time_f64le.bin,cells\system_0045_ic2_state_f64le_c_order.bin,C:\Users\joedicke\Documents\reps\EvoODE\outputs\phase_c_c6_data_conditions_5dd1df8\system_0045_ic2_sigma_0_rho_0p5_realization_3,float64,little_endian
45,2,2,0.01,0.0,1,multiplicative_gaussian_iid,1696ce8b0e80990d,512,sha256_raw_little_endian_float64,time,time_by_dimension_c_order,[512],"[512,2]",0.0,10.0,0.02203934542176176,4.765355217552671,ffad3499269c08c6bd22e9e5c5d2ab32bbf827e2037cbdd6e73571aeab04432f,e921da8057cb051f01d40811e3b478a4074a36f17b99233fe8c798154368719f,cells\system_0045_ic2_time_f64le.bin,cells\system_0045_ic2_state_f64le_c_order.bin,C:\Users\joedicke\Documents\reps\EvoODE\outputs\phase_c_c6_data_conditions_5dd1df8\system_0045_ic2_sigma_0p01_rho_0_realization_1,float64,little_endian
45,2,2,0.01,0.0,2,multiplicative_gaussian_iid,715557b4e934a00a,512,sha256_raw_little_endian_float64,time,time_by_dimension_c_order,[512],"[512,2]",0.0,10.0,0.022417299180507392,4.722932818494735,ffad3499269c08c6bd22e9e5c5d2ab32bbf827e2037cbdd6e73571aeab04432f,01c934792a29bef66862b6dd33ad993569e5ffda9877f507656c531336625b74,cells\system_0045_ic2_time_f64le.bin,cells\system_0045_ic2_state_f64le_c_order.bin,C:\Users\joedicke\Documents\reps\EvoODE\outputs\phase_c_c6_data_conditions_5dd1df8\system_0045_ic2_sigma_0p01_rho_0_realization_2,float64,little_endian
45,2,2,0.01,0.0,3,multiplicative_gaussian_iid,bcb458bd643fcc5e,512,sha256_raw_little_endian_float64,time,time_by_dimension_c_order,[512],"[512,2]",0.0,10.0,0.022184970416812198,4.706520642573272,ffad3499269c08c6bd22e9e5c5d2ab32bbf827e2037cbdd6e73571aeab04432f,64c4df84408ac02d7c78d1d0fadf3e6759a1d80e4bcecb7c3d696a884f3bfc79,cells\system_0045_ic2_time_f64le.bin,cells\system_0045_ic2_state_f64le_c_order.bin,C:\Users\joedicke\Documents\reps\EvoODE\outputs\phase_c_c6_data_conditions_5dd1df8\system_0045_ic2_sigma_0p01_rho_0_realization_3,float64,little_endian
45,2,2,0.01,0.5,1,multiplicative_gaussian_iid,228ccdf853b4603f,256,sha256_raw_little_endian_float64,time,time_by_dimension_c_order,[256],"[256,2]",0.0,10.0,0.022453654857232337,4.730971944082693,668d15b258346f210efb1fba5ac2eafb921dae8dd19d023dcf3c60a6bde9ecfa,d7f9f98554943b49904088635de76759855a4c41cb75c97e17ee12fdb9783de9,cells\system_0045_ic2_time_f64le.bin,cells\system_0045_ic2_state_f64le_c_order.bin,C:\Users\joedicke\Documents\reps\EvoODE\outputs\phase_c_c6_data_conditions_5dd1df8\system_0045_ic2_sigma_0p01_rho_0p5_realization_1,float64,little_endian
45,2,2,0.01,0.5,2,multiplicative_gaussian_iid,91c37238ed72132a,256,sha256_raw_little_endian_float64,time,time_by_dimension_c_order,[256],"[256,2]",0.0,10.0,0.022172252238667714,4.738688343820206,401139227293d6fdf1572c838758a5ccb467dbb91f541e679c8ab96c4b795732,8deef953ec890d514f6a7ccdb9715f4fd747635f61bee63c4f4cdf94aedba005,cells\system_0045_ic2_time_f64le.bin,cells\system_0045_ic2_state_f64le_c_order.bin,C:\Users\joedicke\Documents\reps\EvoODE\outputs\phase_c_c6_data_conditions_5dd1df8\system_0045_ic2_sigma_0p01_rho_0p5_realization_2,float64,little_endian
45,2,2,0.01,0.5,3,multiplicative_gaussian_iid,f288b68ee10122ab,256,sha256_raw_little_endian_float64,time,time_by_dimension_c_order,[256],"[256,2]",0.019569471624266144,9.980430528375733,0.02241625353736479,4.712196127573621,5934429c594af318d48d193dee89bd1e581040e4ee71682c62360c2b80077dfa,30ad7912c88d10efbb82f97ac6838b6136a8d45570b3a832bce34f25f9df5cfd,cells\system_0045_ic2_time_f64le.bin,cells\system_0045_ic2_state_f64le_c_order.bin,C:\Users\joedicke\Documents\reps\EvoODE\outputs\phase_c_c6_data_conditions_5dd1df8\system_0045_ic2_sigma_0p01_rho_0p5_realization_3,float64,little_endian
45,2,2,0.02,0.0,1,multiplicative_gaussian_iid,672a11e7b6fa736d,512,sha256_raw_little_endian_float64,time,time_by_dimension_c_order,[512],"[512,2]",0.0,10.0,0.021652003884525355,4.8165741748282525,ffad3499269c08c6bd22e9e5c5d2ab32bbf827e2037cbdd6e73571aeab04432f,6296e782f468641284520d40b629aa213f9c80134817133fa5319266b6edcca5,cells\system_0045_ic2_time_f64le.bin,cells\system_0045_ic2_state_f64le_c_order.bin,C:\Users\joedicke\Documents\reps\EvoODE\outputs\phase_c_c6_data_conditions_5dd1df8\system_0045_ic2_sigma_0p02_rho_0_realization_1,float64,little_endian
45,2,2,0.02,0.0,2,multiplicative_gaussian_iid,325115d8689b3624,512,sha256_raw_little_endian_float64,time,time_by_dimension_c_order,[512],"[512,2]",0.0,10.0,0.02190846914281887,4.75303838249351,ffad3499269c08c6bd22e9e5c5d2ab32bbf827e2037cbdd6e73571aeab04432f,231a2eeb7af325cf44d79d952ebc2a2dd0f8443ab3acb40bcf3519d8d2402895,cells\system_0045_ic2_time_f64le.bin,cells\system_0045_ic2_state_f64le_c_order.bin,C:\Users\joedicke\Documents\reps\EvoODE\outputs\phase_c_c6_data_conditions_5dd1df8\system_0045_ic2_sigma_0p02_rho_0_realization_2,float64,little_endian
45,2,2,0.02,0.0,3,multiplicative_gaussian_iid,f381e98903da9113,512,sha256_raw_little_endian_float64,time,time_by_dimension_c_order,[512],"[512,2]",0.0,10.0,0.021850668451752403,4.867866878663,ffad3499269c08c6bd22e9e5c5d2ab32bbf827e2037cbdd6e73571aeab04432f,fa6959b3079da10f75ee2c26e0de14f61c2de91ad3b3f444d594f371e85d0692,cells\system_0045_ic2_time_f64le.bin,cells\system_0045_ic2_state_f64le_c_order.bin,C:\Users\joedicke\Documents\reps\EvoODE\outputs\phase_c_c6_data_conditions_5dd1df8\system_0045_ic2_sigma_0p02_rho_0_realization_3,float64,little_endian
45,2,2,0.02,0.5,1,multiplicative_gaussian_iid,7c6160caa1ea477b,256,sha256_raw_little_endian_float64,time,time_by_dimension_c_order,[256],"[256,2]",0.019569471624266144,9.980430528375733,0.021894037278692227,4.702638209005327,458b3d7266e9b78f7b8a573dc35f46cdbb6ea85e4eaaa2a23f44e041b8ee1398,8130d41ce26bc7af898015265cf5dbe010efc6d5583e62feb44da2a3bdd49853,cells\system_0045_ic2_time_f64le.bin,cells\system_0045_ic2_state_f64le_c_order.bin,C:\Users\joedicke\Documents\reps\EvoODE\outputs\phase_c_c6_data_conditions_5dd1df8\system_0045_ic2_sigma_0p02_rho_0p5_realization_1,float64,little_endian
45,2,2,0.02,0.5,2,multiplicative_gaussian_iid,bcd25d66948ee0ae,256,sha256_raw_little_endian_float64,time,time_by_dimension_c_order,[256],"[256,2]",0.0,10.0,0.021926924209578636,4.771432153114392,3554f2268f7df90d976ba39387f440a8145f46680cda85bfa6d6952002b919f1,befe73a8bfed9efe81f0b29d14531c42520ae5185da88c42d6ce11a1c76addf3,cells\system_0045_ic2_time_f64le.bin,cells\system_0045_ic2_state_f64le_c_order.bin,C:\Users\joedicke\Documents\reps\EvoODE\outputs\phase_c_c6_data_conditions_5dd1df8\system_0045_ic2_sigma_0p02_rho_0p5_realization_2,float64,little_endian
45,2,2,0.02,0.5,3,multiplicative_gaussian_iid,e0af3b0de5724047,256,sha256_raw_little_endian_float64,time,time_by_dimension_c_order,[256],"[256,2]",0.019569471624266144,9.921722113502934,0.022305024468242143,4.705232130147862,7ba6b0c343a0303fe65fb46e242985380ab0266861f12a4484ad426d45e4035e,607188e727590237ca7070465f0ae4ea49e14871d928a71cf13ed8609adc5fe8,cells\system_0045_ic2_time_f64le.bin,cells\system_0045_ic2_state_f64le_c_order.bin,C:\Users\joedicke\Documents\reps\EvoODE\outputs\phase_c_c6_data_conditions_5dd1df8\system_0045_ic2_sigma_0p02_rho_0p5_realization_3,float64,little_endian
45,2,2,0.03,0.0,1,multiplicative_gaussian_iid,9ab73e4eac8e3294,512,sha256_raw_little_endian_float64,time,time_by_dimension_c_order,[512],"[512,2]",0.0,10.0,0.021384655287575438,4.829423642101877,ffad3499269c08c6bd22e9e5c5d2ab32bbf827e2037cbdd6e73571aeab04432f,1840ac9e4506284f93407509938bfe5132c4ed2b5980b9aa332febe1f8ede2ef,cells\system_0045_ic2_time_f64le.bin,cells\system_0045_ic2_state_f64le_c_order.bin,C:\Users\joedicke\Documents\reps\EvoODE\outputs\phase_c_c6_data_conditions_5dd1df8\system_0045_ic2_sigma_0p029999999999999999_rho_0_realization_1,float64,little_endian
45,2,2,0.03,0.0,2,multiplicative_gaussian_iid,82c3da1e7e62eee3,512,sha256_raw_little_endian_float64,time,time_by_dimension_c_order,[512],"[512,2]",0.0,10.0,0.0221095801608527,4.806699604413292,ffad3499269c08c6bd22e9e5c5d2ab32bbf827e2037cbdd6e73571aeab04432f,3a48aa981b18a32f7677cf9dabfd464982ed0b38ebdc57498b8b31d0e20303d2,cells\system_0045_ic2_time_f64le.bin,cells\system_0045_ic2_state_f64le_c_order.bin,C:\Users\joedicke\Documents\reps\EvoODE\outputs\phase_c_c6_data_conditions_5dd1df8\system_0045_ic2_sigma_0p029999999999999999_rho_0_realization_2,float64,little_endian
45,2,2,0.03,0.0,3,multiplicative_gaussian_iid,14ad814a69ec28ff,512,sha256_raw_little_endian_float64,time,time_by_dimension_c_order,[512],"[512,2]",0.0,10.0,0.021453874732044013,4.943956907435274,ffad3499269c08c6bd22e9e5c5d2ab32bbf827e2037cbdd6e73571aeab04432f,0a738e82adcc106895e5758085567bfe684e50b9dad83f369e0ab851dfdf4a43,cells\system_0045_ic2_time_f64le.bin,cells\system_0045_ic2_state_f64le_c_order.bin,C:\Users\joedicke\Documents\reps\EvoODE\outputs\phase_c_c6_data_conditions_5dd1df8\system_0045_ic2_sigma_0p029999999999999999_rho_0_realization_3,float64,little_endian
45,2,2,0.03,0.5,1,multiplicative_gaussian_iid,8de245124bfb451c,256,sha256_raw_little_endian_float64,time,time_by_dimension_c_order,[256],"[256,2]",0.07827788649706457,10.0,0.021029404527639843,5.092018624563768,bac12e920e649f5aa9a7a1f8315d61e29e3e3531734ca907132e75f3439301ed,b63f5fba47e51f82779e32f8eb07166b75b194d5c1b9a5acfdda5d439165529b,cells\system_0045_ic2_time_f64le.bin,cells\system_0045_ic2_state_f64le_c_order.bin,C:\Users\joedicke\Documents\reps\EvoODE\outputs\phase_c_c6_data_conditions_5dd1df8\system_0045_ic2_sigma_0p029999999999999999_rho_0p5_realization_1,float64,little_endian
45,2,2,0.03,0.5,2,multiplicative_gaussian_iid,a318ab0636b2776b,256,sha256_raw_little_endian_float64,time,time_by_dimension_c_order,[256],"[256,2]",0.019569471624266144,10.0,0.021116388957733455,4.871589866272723,804574e65da90aec39ad6c0b6985c64e671d67bf0e4eefd410b6396d9a30f16c,757bc8328a8610d4ab5ec5237761499e79234fd1f86e53e5e2ffca27ee527cf2,cells\system_0045_ic2_time_f64le.bin,cells\system_0045_ic2_state_f64le_c_order.bin,C:\Users\joedicke\Documents\reps\EvoODE\outputs\phase_c_c6_data_conditions_5dd1df8\system_0045_ic2_sigma_0p029999999999999999_rho_0p5_realization_2,float64,little_endian
45,2,2,0.03,0.5,3,multiplicative_gaussian_iid,069741ac89cccc44,256,sha256_raw_little_endian_float64,time,time_by_dimension_c_order,[256],"[256,2]",0.0,9.980430528375733,0.021890639627709572,4.7874413856801254,6492b33e9aea1aabaacb874e400e870f3db05ad32ae6292e63bddde2dd405206,a6052e9a4c01c91cf3120bf2f6a9fa89726044d19b14a57557ade58043ba5571,cells\system_0045_ic2_time_f64le.bin,cells\system_0045_ic2_state_f64le_c_order.bin,C:\Users\joedicke\Documents\reps\EvoODE\outputs\phase_c_c6_data_conditions_5dd1df8\system_0045_ic2_sigma_0p029999999999999999_rho_0p5_realization_3,float64,little_endian
45,2,2,0.04,0.0,1,multiplicative_gaussian_iid,44801945584039fb,512,sha256_raw_little_endian_float64,time,time_by_dimension_c_order,[512],"[512,2]",0.0,10.0,0.022179307135941895,5.100932262077827,ffad3499269c08c6bd22e9e5c5d2ab32bbf827e2037cbdd6e73571aeab04432f,361495f67c4dacdcac53265e01d84a3e7f2e78223a4b3db0ad2d039b82a9c989,cells\system_0045_ic2_time_f64le.bin,cells\system_0045_ic2_state_f64le_c_order.bin,C:\Users\joedicke\Documents\reps\EvoODE\outputs\phase_c_c6_data_conditions_5dd1df8\system_0045_ic2_sigma_0p040000000000000001_rho_0_realization_1,float64,little_endian
45,2,2,0.04,0.0,2,multiplicative_gaussian_iid,8822fb29eb654e2c,512,sha256_raw_little_endian_float64,time,time_by_dimension_c_order,[512],"[512,2]",0.0,10.0,0.021117922329664897,5.268076381792647,ffad3499269c08c6bd22e9e5c5d2ab32bbf827e2037cbdd6e73571aeab04432f,97cc32a9095cef4b482deb9684f773c4dbe3ff81a8474203fb83257fbc2ee2d4,cells\system_0045_ic2_time_f64le.bin,cells\system_0045_ic2_state_f64le_c_order.bin,C:\Users\joedicke\Documents\reps\EvoODE\outputs\phase_c_c6_data_conditions_5dd1df8\system_0045_ic2_sigma_0p040000000000000001_rho_0_realization_2,float64,little_endian
45,2,2,0.04,0.0,3,multiplicative_gaussian_iid,c894b9d947f7dad9,512,sha256_raw_little_endian_float64,time,time_by_dimension_c_order,[512],"[512,2]",0.0,10.0,0.02198239827492983,5.105080545800287,ffad3499269c08c6bd22e9e5c5d2ab32bbf827e2037cbdd6e73571aeab04432f,adf2065cc98d16e20a75093dead5ba0b491c4e97d626b70676911ea067355579,cells\system_0045_ic2_time_f64le.bin,cells\system_0045_ic2_state_f64le_c_order.bin,C:\Users\joedicke\Documents\reps\EvoODE\outputs\phase_c_c6_data_conditions_5dd1df8\system_0045_ic2_sigma_0p040000000000000001_rho_0_realization_3,float64,little_endian
45,2,2,0.04,0.5,1,multiplicative_gaussian_iid,9b8b6df42eee8e32,256,sha256_raw_little_endian_float64,time,time_by_dimension_c_order,[256],"[256,2]",0.0,10.0,0.021291753068657965,4.972168074904752,8b9ee4e6e058b5087ba1f380ddc2f805d0d9da92baf0581118db9ef8371fde11,df2d52ac7bc807959eb2afc5785574c4a5010e25705d85240e2ae98e5b93036b,cells\system_0045_ic2_time_f64le.bin,cells\system_0045_ic2_state_f64le_c_order.bin,C:\Users\joedicke\Documents\reps\EvoODE\outputs\phase_c_c6_data_conditions_5dd1df8\system_0045_ic2_sigma_0p040000000000000001_rho_0p5_realization_1,float64,little_endian
45,2,2,0.04,0.5,2,multiplicative_gaussian_iid,782ee43c52f10048,256,sha256_raw_little_endian_float64,time,time_by_dimension_c_order,[256],"[256,2]",0.019569471624266144,10.0,0.02113284617190323,4.983551348773872,670e2c5ed55de756bb90bfde9149db98bb47e7e05bbf30b4d22bdf8743b6a1eb,d1862bc72adcb55b24872612fceb025ed0416f9169e3370c2fd071806962b597,cells\system_0045_ic2_time_f64le.bin,cells\system_0045_ic2_state_f64le_c_order.bin,C:\Users\joedicke\Documents\reps\EvoODE\outputs\phase_c_c6_data_conditions_5dd1df8\system_0045_ic2_sigma_0p040000000000000001_rho_0p5_realization_2,float64,little_endian
45,2,2,0.04,0.5,3,multiplicative_gaussian_iid,ed5295c60e5e2276,256,sha256_raw_little_endian_float64,time,time_by_dimension_c_order,[256],"[256,2]",0.0,9.980430528375733,0.02054125454901554,4.893241588066594,e628ecf39789fab1c8f25a6f7ef8a8972f42bf89be37bd51aaa96cb11aa10c43,32c4a6e0200b5605740e01340f60ba99ce793f3f64d2554f244778a6fd8c1fbc,cells\system_0045_ic2_time_f64le.bin,cells\system_0045_ic2_state_f64le_c_order.bin,C:\Users\joedicke\Documents\reps\EvoODE\outputs\phase_c_c6_data_conditions_5dd1df8\system_0045_ic2_sigma_0p040000000000000001_rho_0p5_realization_3,float64,little_endian
45,2,2,0.05,0.0,1,multiplicative_gaussian_iid,0c0ad42629f69010,512,sha256_raw_little_endian_float64,time,time_by_dimension_c_order,[512],"[512,2]",0.0,10.0,0.021264294921002732,5.148096031321382,ffad3499269c08c6bd22e9e5c5d2ab32bbf827e2037cbdd6e73571aeab04432f,46eda35c4ce954823b2c237fe59ae5d0bfa5c4cf26f27618c6c98d88a35ab746,cells\system_0045_ic2_time_f64le.bin,cells\system_0045_ic2_state_f64le_c_order.bin,C:\Users\joedicke\Documents\reps\EvoODE\outputs\phase_c_c6_data_conditions_5dd1df8\system_0045_ic2_sigma_0p050000000000000003_rho_0_realization_1,float64,little_endian
45,2,2,0.05,0.0,2,multiplicative_gaussian_iid,d4fd33de90c64fdb,512,sha256_raw_little_endian_float64,time,time_by_dimension_c_order,[512],"[512,2]",0.0,10.0,0.02038351895634625,5.021468816769153,ffad3499269c08c6bd22e9e5c5d2ab32bbf827e2037cbdd6e73571aeab04432f,ad23c9a4dc4fd511dd5df273ed748391b5e2c30102775d23b1a7d274318a751c,cells\system_0045_ic2_time_f64le.bin,cells\system_0045_ic2_state_f64le_c_order.bin,C:\Users\joedicke\Documents\reps\EvoODE\outputs\phase_c_c6_data_conditions_5dd1df8\system_0045_ic2_sigma_0p050000000000000003_rho_0_realization_2,float64,little_endian
45,2,2,0.05,0.0,3,multiplicative_gaussian_iid,474964b5d4eb36b7,512,sha256_raw_little_endian_float64,time,time_by_dimension_c_order,[512],"[512,2]",0.0,10.0,0.020182156209847816,5.072407962646091,ffad3499269c08c6bd22e9e5c5d2ab32bbf827e2037cbdd6e73571aeab04432f,6419a2109a66a333507b4d3347c76866b8dc5bc2a25a62225fa5ccb1f5849770,cells\system_0045_ic2_time_f64le.bin,cells\system_0045_ic2_state_f64le_c_order.bin,C:\Users\joedicke\Documents\reps\EvoODE\outputs\phase_c_c6_data_conditions_5dd1df8\system_0045_ic2_sigma_0p050000000000000003_rho_0_realization_3,float64,little_endian
45,2,2,0.05,0.5,1,multiplicative_gaussian_iid,2c2c9d97aa17bd60,256,sha256_raw_little_endian_float64,time,time_by_dimension_c_order,[256],"[256,2]",0.0,10.0,0.021069724733771396,4.906937378959366,f5be2cca5c771e14270adc46704819cedb645b770830f13c2b342df6545d291f,ff236ec33490823d1aee7f8d4be75442b06a5abb71b737ba278dc23615a5bc2a,cells\system_0045_ic2_time_f64le.bin,cells\system_0045_ic2_state_f64le_c_order.bin,C:\Users\joedicke\Documents\reps\EvoODE\outputs\phase_c_c6_data_conditions_5dd1df8\system_0045_ic2_sigma_0p050000000000000003_rho_0p5_realization_1,float64,little_endian
45,2,2,0.05,0.5,2,multiplicative_gaussian_iid,0e7c4be2f70297ab,256,sha256_raw_little_endian_float64,time,time_by_dimension_c_order,[256],"[256,2]",0.019569471624266144,9.980430528375733,0.02168723391599921,4.900885152906944,df65ae1b6b81594289f6766941670186e2fc9a0fb932ec21110ecc1b1588ab7a,3ab2f75183d8df71639fa63a105373886aaed9dc4985f9f7d7b69d638c9eb098,cells\system_0045_ic2_time_f64le.bin,cells\system_0045_ic2_state_f64le_c_order.bin,C:\Users\joedicke\Documents\reps\EvoODE\outputs\phase_c_c6_data_conditions_5dd1df8\system_0045_ic2_sigma_0p050000000000000003_rho_0p5_realization_2,float64,little_endian
45,2,2,0.05,0.5,3,multiplicative_gaussian_iid,eb4c796cf661b732,256,sha256_raw_little_endian_float64,time,time_by_dimension_c_order,[256],"[256,2]",0.03913894324853229,10.0,0.021496006177932965,5.179396311758867,cd5d08bec71e15e44530bfa605090fa653b682257a999946153e1410379217cb,2f95d5c59a2044d85e29aa001585cc8f84a7a5de2223f1e1a95f448315eb9522,cells\system_0045_ic2_time_f64le.bin,cells\system_0045_ic2_state_f64le_c_order.bin,C:\Users\joedicke\Documents\reps\EvoODE\outputs\phase_c_c6_data_conditions_5dd1df8\system_0045_ic2_sigma_0p050000000000000003_rho_0p5_realization_3,float64,little_endian
55,1,3,0.0,0.0,1,multiplicative_gaussian_iid,799711a15b6d0740,512,sha256_raw_little_endian_float64,time,time_by_dimension_c_order,[512],"[512,3]",0.0,10.0,-62.55815525450968,178.40901510734508,ffad3499269c08c6bd22e9e5c5d2ab32bbf827e2037cbdd6e73571aeab04432f,d4e1900669ed840e4981c2314e79007159c935999837262341864d32e1fa8089,cells\system_0055_ic1_time_f64le.bin,cells\system_0055_ic1_state_f64le_c_order.bin,C:\Users\joedicke\Documents\reps\EvoODE\outputs\phase_c_c6_data_conditions_5dd1df8\system_0055_ic1_sigma_0_rho_0_realization_1,float64,little_endian
55,1,3,0.0,0.0,2,multiplicative_gaussian_iid,b5afe8a7651c851f,512,sha256_raw_little_endian_float64,time,time_by_dimension_c_order,[512],"[512,3]",0.0,10.0,-62.55815525450968,178.40901510734508,ffad3499269c08c6bd22e9e5c5d2ab32bbf827e2037cbdd6e73571aeab04432f,d4e1900669ed840e4981c2314e79007159c935999837262341864d32e1fa8089,cells\system_0055_ic1_time_f64le.bin,cells\system_0055_ic1_state_f64le_c_order.bin,C:\Users\joedicke\Documents\reps\EvoODE\outputs\phase_c_c6_data_conditions_5dd1df8\system_0055_ic1_sigma_0_rho_0_realization_2,float64,little_endian
55,1,3,0.0,0.0,3,multiplicative_gaussian_iid,d0ef57fd9e507f22,512,sha256_raw_little_endian_float64,time,time_by_dimension_c_order,[512],"[512,3]",0.0,10.0,-62.55815525450968,178.40901510734508,ffad3499269c08c6bd22e9e5c5d2ab32bbf827e2037cbdd6e73571aeab04432f,d4e1900669ed840e4981c2314e79007159c935999837262341864d32e1fa8089,cells\system_0055_ic1_time_f64le.bin,cells\system_0055_ic1_state_f64le_c_order.bin,C:\Users\joedicke\Documents\reps\EvoODE\outputs\phase_c_c6_data_conditions_5dd1df8\system_0055_ic1_sigma_0_rho_0_realization_3,float64,little_endian
55,1,3,0.0,0.5,1,multiplicative_gaussian_iid,e5ae40517517118c,256,sha256_raw_little_endian_float64,time,time_by_dimension_c_order,[256],"[256,3]",0.0,10.0,-60.981000281822915,178.40901510734508,4d2cf38a6eb0889ad97af0645dc59e1ef9852f342c0b1844be756b30548d21b1,f4995b186c2b637a8a7bdebbf3aea90f8e3e06e2ad73126f5a3e043c72b2682e,cells\system_0055_ic1_time_f64le.bin,cells\system_0055_ic1_state_f64le_c_order.bin,C:\Users\joedicke\Documents\reps\EvoODE\outputs\phase_c_c6_data_conditions_5dd1df8\system_0055_ic1_sigma_0_rho_0p5_realization_1,float64,little_endian
55,1,3,0.0,0.5,2,multiplicative_gaussian_iid,410220e26b007c78,256,sha256_raw_little_endian_float64,time,time_by_dimension_c_order,[256],"[256,3]",0.0,10.0,-62.55815525450968,178.40901510734508,5b548c9ea6b662154fd718908badf8a10b63bed938d69f7536d7bf3c5be5d4b5,a536b8d937179f5a05ce0d601f19dc2d68004819c4ca13fb72673eec00d2b63a,cells\system_0055_ic1_time_f64le.bin,cells\system_0055_ic1_state_f64le_c_order.bin,C:\Users\joedicke\Documents\reps\EvoODE\outputs\phase_c_c6_data_conditions_5dd1df8\system_0055_ic1_sigma_0_rho_0p5_realization_2,float64,little_endian
55,1,3,0.0,0.5,3,multiplicative_gaussian_iid,32943fed9075ec6b,256,sha256_raw_little_endian_float64,time,time_by_dimension_c_order,[256],"[256,3]",0.03913894324853229,9.902152641878669,-60.981000281822915,143.8004999591842,31ae558f0acc8ba9c3a4f4816d9ab9086fe398f36424635054de28306d68c21b,b0e82cf0f345f510fb0112f4ac546c7b733cc3dc08d1fd236c0129aeae4a7d4e,cells\system_0055_ic1_time_f64le.bin,cells\system_0055_ic1_state_f64le_c_order.bin,C:\Users\joedicke\Documents\reps\EvoODE\outputs\phase_c_c6_data_conditions_5dd1df8\system_0055_ic1_sigma_0_rho_0p5_realization_3,float64,little_endian
55,1,3,0.01,0.0,1,multiplicative_gaussian_iid,1696ce8b0e80990d,512,sha256_raw_little_endian_float64,time,time_by_dimension_c_order,[512],"[512,3]",0.0,10.0,-63.13538497097027,178.14054123693737,ffad3499269c08c6bd22e9e5c5d2ab32bbf827e2037cbdd6e73571aeab04432f,7095e0672bb3e8e7be40badcc298ae3681888cb2e9772eca11c5d6c5926210fd,cells\system_0055_ic1_time_f64le.bin,cells\system_0055_ic1_state_f64le_c_order.bin,C:\Users\joedicke\Documents\reps\EvoODE\outputs\phase_c_c6_data_conditions_5dd1df8\system_0055_ic1_sigma_0p01_rho_0_realization_1,float64,little_endian
55,1,3,0.01,0.0,2,multiplicative_gaussian_iid,715557b4e934a00a,512,sha256_raw_little_endian_float64,time,time_by_dimension_c_order,[512],"[512,3]",0.0,10.0,-62.98249269255277,179.79639622167147,ffad3499269c08c6bd22e9e5c5d2ab32bbf827e2037cbdd6e73571aeab04432f,55be452bd8c130cc9212c892d079a46ad3f71f4e8fbd6cc4a115e4f1f2469d24,cells\system_0055_ic1_time_f64le.bin,cells\system_0055_ic1_state_f64le_c_order.bin,C:\Users\joedicke\Documents\reps\EvoODE\outputs\phase_c_c6_data_conditions_5dd1df8\system_0055_ic1_sigma_0p01_rho_0_realization_2,float64,little_endian
55,1,3,0.01,0.0,3,multiplicative_gaussian_iid,bcb458bd643fcc5e,512,sha256_raw_little_endian_float64,time,time_by_dimension_c_order,[512],"[512,3]",0.0,10.0,-62.258462222753955,179.01588957975716,ffad3499269c08c6bd22e9e5c5d2ab32bbf827e2037cbdd6e73571aeab04432f,eab6f280f74eb58a87e78e966c20ba661fc17029a823641b56f6a9d888eb00ac,cells\system_0055_ic1_time_f64le.bin,cells\system_0055_ic1_state_f64le_c_order.bin,C:\Users\joedicke\Documents\reps\EvoODE\outputs\phase_c_c6_data_conditions_5dd1df8\system_0055_ic1_sigma_0p01_rho_0_realization_3,float64,little_endian
55,1,3,0.01,0.5,1,multiplicative_gaussian_iid,228ccdf853b4603f,256,sha256_raw_little_endian_float64,time,time_by_dimension_c_order,[256],"[256,3]",0.019569471624266144,9.980430528375733,-63.13952866911219,181.02838944685956,1670ce3e970a667bd930a097547d9bb92eaba4d44d9bbc9a74ffad905ac2e97f,dd61e32df312ebd6ee8c7f9ead2dd51b2b198967ad5caa62d4b20f511cfe5c11,cells\system_0055_ic1_time_f64le.bin,cells\system_0055_ic1_state_f64le_c_order.bin,C:\Users\joedicke\Documents\reps\EvoODE\outputs\phase_c_c6_data_conditions_5dd1df8\system_0055_ic1_sigma_0p01_rho_0p5_realization_1,float64,little_endian
55,1,3,0.01,0.5,2,multiplicative_gaussian_iid,91c37238ed72132a,256,sha256_raw_little_endian_float64,time,time_by_dimension_c_order,[256],"[256,3]",0.019569471624266144,9.960861056751467,-63.57280627074013,155.27276433676383,0b2b46c13ae996640611949f7c6b99893c2569c9cb6a4ab480dbec9ec0d284b3,a68a252839f6bd9b0d00c24ccbb004557d457a4865507e21dce8f1eb5b2858d7,cells\system_0055_ic1_time_f64le.bin,cells\system_0055_ic1_state_f64le_c_order.bin,C:\Users\joedicke\Documents\reps\EvoODE\outputs\phase_c_c6_data_conditions_5dd1df8\system_0055_ic1_sigma_0p01_rho_0p5_realization_2,float64,little_endian
55,1,3,0.01,0.5,3,multiplicative_gaussian_iid,f288b68ee10122ab,256,sha256_raw_little_endian_float64,time,time_by_dimension_c_order,[256],"[256,3]",0.03913894324853229,10.0,-61.833690302176365,149.418948938785,9ef423fef8ee95a301f44ebfad762f59c14322883ea60296062dda060f5f9286,21414996b9f8ce124c1422633bf741662ff61d518e524c11fd1a71aa6a4efae3,cells\system_0055_ic1_time_f64le.bin,cells\system_0055_ic1_state_f64le_c_order.bin,C:\Users\joedicke\Documents\reps\EvoODE\outputs\phase_c_c6_data_conditions_5dd1df8\system_0055_ic1_sigma_0p01_rho_0p5_realization_3,float64,little_endian
55,1,3,0.02,0.0,1,multiplicative_gaussian_iid,672a11e7b6fa736d,512,sha256_raw_little_endian_float64,time,time_by_dimension_c_order,[512],"[512,3]",0.0,10.0,-62.3980698946241,177.87093949141183,ffad3499269c08c6bd22e9e5c5d2ab32bbf827e2037cbdd6e73571aeab04432f,6e7704fda68e725797ea0e8b8dd72b031f2af1a0fe02d0c858d5df3e002d1c93,cells\system_0055_ic1_time_f64le.bin,cells\system_0055_ic1_state_f64le_c_order.bin,C:\Users\joedicke\Documents\reps\EvoODE\outputs\phase_c_c6_data_conditions_5dd1df8\system_0055_ic1_sigma_0p02_rho_0_realization_1,float64,little_endian
55,1,3,0.02,0.0,2,multiplicative_gaussian_iid,325115d8689b3624,512,sha256_raw_little_endian_float64,time,time_by_dimension_c_order,[512],"[512,3]",0.0,10.0,-63.56386439941628,177.22804556290373,ffad3499269c08c6bd22e9e5c5d2ab32bbf827e2037cbdd6e73571aeab04432f,6e951597565ec18d33973b9d8c7abe338a1b9fa67924f105e7b57be737666b92,cells\system_0055_ic1_time_f64le.bin,cells\system_0055_ic1_state_f64le_c_order.bin,C:\Users\joedicke\Documents\reps\EvoODE\outputs\phase_c_c6_data_conditions_5dd1df8\system_0055_ic1_sigma_0p02_rho_0_realization_2,float64,little_endian
55,1,3,0.02,0.0,3,multiplicative_gaussian_iid,f381e98903da9113,512,sha256_raw_little_endian_float64,time,time_by_dimension_c_order,[512],"[512,3]",0.0,10.0,-62.851080440735835,179.07436924394912,ffad3499269c08c6bd22e9e5c5d2ab32bbf827e2037cbdd6e73571aeab04432f,e9ce72fa2f7e6923a835ff18af7354df73ee0920a5e96747d60cbf208ef99b6f,cells\system_0055_ic1_time_f64le.bin,cells\system_0055_ic1_state_f64le_c_order.bin,C:\Users\joedicke\Documents\reps\EvoODE\outputs\phase_c_c6_data_conditions_5dd1df8\system_0055_ic1_sigma_0p02_rho_0_realization_3,float64,little_endian
55,1,3,0.02,0.5,1,multiplicative_gaussian_iid,7c6160caa1ea477b,256,sha256_raw_little_endian_float64,time,time_by_dimension_c_order,[256],"[256,3]",0.0,10.0,-62.788735903208014,158.58937483514572,515ea51b07ca07010352291b460c8af72f56d3a0bf53618a8a3165d8e70fd27d,5f4f294df2f90574e2e791124f39421e30103b0a2f0ac5123b1b91e81ec2a5e0,cells\system_0055_ic1_time_f64le.bin,cells\system_0055_ic1_state_f64le_c_order.bin,C:\Users\joedicke\Documents\reps\EvoODE\outputs\phase_c_c6_data_conditions_5dd1df8\system_0055_ic1_sigma_0p02_rho_0p5_realization_1,float64,little_endian
55,1,3,0.02,0.5,2,multiplicative_gaussian_iid,bcd25d66948ee0ae,256,sha256_raw_little_endian_float64,time,time_by_dimension_c_order,[256],"[256,3]",0.0,9.960861056751467,-62.01347041120014,144.5439375345372,1dd1299a2725b841f0799c6ad99662735dedb64cc99b128d8e0c9bb0be3ee60f,13cedecc55b1a698806dc1976fea0332b215b8a9c12b03dc55f42ed5b95931c0,cells\system_0055_ic1_time_f64le.bin,cells\system_0055_ic1_state_f64le_c_order.bin,C:\Users\joedicke\Documents\reps\EvoODE\outputs\phase_c_c6_data_conditions_5dd1df8\system_0055_ic1_sigma_0p02_rho_0p5_realization_2,float64,little_endian
55,1,3,0.02,0.5,3,multiplicative_gaussian_iid,e0af3b0de5724047,256,sha256_raw_little_endian_float64,time,time_by_dimension_c_order,[256],"[256,3]",0.07827788649706457,10.0,-64.368959364414,180.2476451800271,5ad0e0c65625eb54209e46f8f3cc5014a43e4921d59c5ea277718dbfb8022438,78ddb09101b97c996aebd4d6c3bf33c7941c8fcaa04ae1ca3e9d3371314935c5,cells\system_0055_ic1_time_f64le.bin,cells\system_0055_ic1_state_f64le_c_order.bin,C:\Users\joedicke\Documents\reps\EvoODE\outputs\phase_c_c6_data_conditions_5dd1df8\system_0055_ic1_sigma_0p02_rho_0p5_realization_3,float64,little_endian
55,1,3,0.03,0.0,1,multiplicative_gaussian_iid,9ab73e4eac8e3294,512,sha256_raw_little_endian_float64,time,time_by_dimension_c_order,[512],"[512,3]",0.0,10.0,-62.07809587284756,176.150978117808,ffad3499269c08c6bd22e9e5c5d2ab32bbf827e2037cbdd6e73571aeab04432f,3305dd56a7fdb13ea12d5f64d500fe257faaf3433721246a79d784f96cfb4fa6,cells\system_0055_ic1_time_f64le.bin,cells\system_0055_ic1_state_f64le_c_order.bin,C:\Users\joedicke\Documents\reps\EvoODE\outputs\phase_c_c6_data_conditions_5dd1df8\system_0055_ic1_sigma_0p029999999999999999_rho_0_realization_1,float64,little_endian
55,1,3,0.03,0.0,2,multiplicative_gaussian_iid,82c3da1e7e62eee3,512,sha256_raw_little_endian_float64,time,time_by_dimension_c_order,[512],"[512,3]",0.0,10.0,-63.82014116018918,177.06873217120497,ffad3499269c08c6bd22e9e5c5d2ab32bbf827e2037cbdd6e73571aeab04432f,1553ec194fffe54b17c76dac3d860f852236dbe50acc3630ae814cafe3b729a2,cells\system_0055_ic1_time_f64le.bin,cells\system_0055_ic1_state_f64le_c_order.bin,C:\Users\joedicke\Documents\reps\EvoODE\outputs\phase_c_c6_data_conditions_5dd1df8\system_0055_ic1_sigma_0p029999999999999999_rho_0_realization_2,float64,little_endian
55,1,3,0.03,0.0,3,multiplicative_gaussian_iid,14ad814a69ec28ff,512,sha256_raw_little_endian_float64,time,time_by_dimension_c_order,[512],"[512,3]",0.0,10.0,-64.84539096810894,181.05580028577432,ffad3499269c08c6bd22e9e5c5d2ab32bbf827e2037cbdd6e73571aeab04432f,0f9a61976735dc36fc986629f7974ed3dff2725d21b5ea3675112c2603492b5e,cells\system_0055_ic1_time_f64le.bin,cells\system_0055_ic1_state_f64le_c_order.bin,C:\Users\joedicke\Documents\reps\EvoODE\outputs\phase_c_c6_data_conditions_5dd1df8\system_0055_ic1_sigma_0p029999999999999999_rho_0_realization_3,float64,little_endian
55,1,3,0.03,0.5,1,multiplicative_gaussian_iid,8de245124bfb451c,256,sha256_raw_little_endian_float64,time,time_by_dimension_c_order,[256],"[256,3]",0.0,10.0,-63.671490308564294,171.64159273536987,bbda14f9e38d107b6c1874ccc25caf343999ffeb7adcf1dcb6d2f6b4f0d6ddef,856bd777be787103db76ea3f630ae9cff3bc9f1bbf31185c6d09bd5344eae729,cells\system_0055_ic1_time_f64le.bin,cells\system_0055_ic1_state_f64le_c_order.bin,C:\Users\joedicke\Documents\reps\EvoODE\outputs\phase_c_c6_data_conditions_5dd1df8\system_0055_ic1_sigma_0p029999999999999999_rho_0p5_realization_1,float64,little_endian
55,1,3,0.03,0.5,2,multiplicative_gaussian_iid,a318ab0636b2776b,256,sha256_raw_little_endian_float64,time,time_by_dimension_c_order,[256],"[256,3]",0.0,10.0,-59.48567930702188,167.04065875140995,ce4906e78cadc50c78b5c8852dcf7b70054ce9ba252e5c8a4b58d29ce77031a4,0f6884500fc65b07fab3ec793aeff1f8a26353e92fe5425f63ad3e08c08dd248,cells\system_0055_ic1_time_f64le.bin,cells\system_0055_ic1_state_f64le_c_order.bin,C:\Users\joedicke\Documents\reps\EvoODE\outputs\phase_c_c6_data_conditions_5dd1df8\system_0055_ic1_sigma_0p029999999999999999_rho_0p5_realization_2,float64,little_endian
55,1,3,0.03,0.5,3,multiplicative_gaussian_iid,069741ac89cccc44,256,sha256_raw_little_endian_float64,time,time_by_dimension_c_order,[256],"[256,3]",0.019569471624266144,9.980430528375733,-63.774528447805935,170.312748215359,6f31f2e9172c671225f60e3135e8cad400f524af2fcd2b17f4eb91329329b62f,0a985bb01f614f6d73c055060d0850edee4223aacc19513d32a0ee92d96f19f7,cells\system_0055_ic1_time_f64le.bin,cells\system_0055_ic1_state_f64le_c_order.bin,C:\Users\joedicke\Documents\reps\EvoODE\outputs\phase_c_c6_data_conditions_5dd1df8\system_0055_ic1_sigma_0p029999999999999999_rho_0p5_realization_3,float64,little_endian
55,1,3,0.04,0.0,1,multiplicative_gaussian_iid,44801945584039fb,512,sha256_raw_little_endian_float64,time,time_by_dimension_c_order,[512],"[512,3]",0.0,10.0,-64.90398830887193,178.94015213117777,ffad3499269c08c6bd22e9e5c5d2ab32bbf827e2037cbdd6e73571aeab04432f,9b28076b32850ea610535c55d8111c21f100920b53ff1a9cd7059d3abb373b7b,cells\system_0055_ic1_time_f64le.bin,cells\system_0055_ic1_state_f64le_c_order.bin,C:\Users\joedicke\Documents\reps\EvoODE\outputs\phase_c_c6_data_conditions_5dd1df8\system_0055_ic1_sigma_0p040000000000000001_rho_0_realization_1,float64,little_endian
55,1,3,0.04,0.0,2,multiplicative_gaussian_iid,8822fb29eb654e2c,512,sha256_raw_little_endian_float64,time,time_by_dimension_c_order,[512],"[512,3]",0.0,10.0,-67.19857788347272,174.3882104299016,ffad3499269c08c6bd22e9e5c5d2ab32bbf827e2037cbdd6e73571aeab04432f,4a4ab948957bdf7e6971eb566408723078fb2c3b8ad6c1eb46e1d90b90888281,cells\system_0055_ic1_time_f64le.bin,cells\system_0055_ic1_state_f64le_c_order.bin,C:\Users\joedicke\Documents\reps\EvoODE\outputs\phase_c_c6_data_conditions_5dd1df8\system_0055_ic1_sigma_0p040000000000000001_rho_0_realization_2,float64,little_endian
55,1,3,0.04,0.0,3,multiplicative_gaussian_iid,c894b9d947f7dad9,512,sha256_raw_little_endian_float64,time,time_by_dimension_c_order,[512],"[512,3]",0.0,10.0,-64.46215239781797,179.65770651433687,ffad3499269c08c6bd22e9e5c5d2ab32bbf827e2037cbdd6e73571aeab04432f,ba38f7587000515499acfa657e2946a08b2956ffbf844c88d41a8495319d5eba,cells\system_0055_ic1_time_f64le.bin,cells\system_0055_ic1_state_f64le_c_order.bin,C:\Users\joedicke\Documents\reps\EvoODE\outputs\phase_c_c6_data_conditions_5dd1df8\system_0055_ic1_sigma_0p040000000000000001_rho_0_realization_3,float64,little_endian
55,1,3,0.04,0.5,1,multiplicative_gaussian_iid,9b8b6df42eee8e32,256,sha256_raw_little_endian_float64,time,time_by_dimension_c_order,[256],"[256,3]",0.03913894324853229,9.960861056751467,-59.650392684421625,169.21943004797143,8f71dd34a5a558c6298df2289e95b4e00c5ff36746ce0412ebab51b5a59c6a8f,b1d930284e72d598aa33c15b5a302fd53a85fcdd821ad8d91519664b0dd757e5,cells\system_0055_ic1_time_f64le.bin,cells\system_0055_ic1_state_f64le_c_order.bin,C:\Users\joedicke\Documents\reps\EvoODE\outputs\phase_c_c6_data_conditions_5dd1df8\system_0055_ic1_sigma_0p040000000000000001_rho_0p5_realization_1,float64,little_endian
55,1,3,0.04,0.5,2,multiplicative_gaussian_iid,782ee43c52f10048,256,sha256_raw_little_endian_float64,time,time_by_dimension_c_order,[256],"[256,3]",0.0,10.0,-59.517438324685884,145.2591661957166,5a2097552642603f6fae4e8e5a2b2541543af6a30ea3ee3d74e8a48734310c33,ce55e7c56b0d4276819f5aa0a977714c4f543bb9f2ca25ef8ab830b8261bd01e,cells\system_0055_ic1_time_f64le.bin,cells\system_0055_ic1_state_f64le_c_order.bin,C:\Users\joedicke\Documents\reps\EvoODE\outputs\phase_c_c6_data_conditions_5dd1df8\system_0055_ic1_sigma_0p040000000000000001_rho_0p5_realization_2,float64,little_endian
55,1,3,0.04,0.5,3,multiplicative_gaussian_iid,ed5295c60e5e2276,256,sha256_raw_little_endian_float64,time,time_by_dimension_c_order,[256],"[256,3]",0.0,9.960861056751467,-63.65497971915921,175.7334112979487,ca330714add75144357cc2e41bbf8d5212a9857c31afee7c6f7d939a254847a5,a8e02e3fc59a5a25dce3511adab72cb5a4fa1e9b4752cb022f5a4cf4fa4f40ae,cells\system_0055_ic1_time_f64le.bin,cells\system_0055_ic1_state_f64le_c_order.bin,C:\Users\joedicke\Documents\reps\EvoODE\outputs\phase_c_c6_data_conditions_5dd1df8\system_0055_ic1_sigma_0p040000000000000001_rho_0p5_realization_3,float64,little_endian
55,1,3,0.05,0.0,1,multiplicative_gaussian_iid,0c0ad42629f69010,512,sha256_raw_little_endian_float64,time,time_by_dimension_c_order,[512],"[512,3]",0.0,10.0,-62.94487385409124,183.4688370317421,ffad3499269c08c6bd22e9e5c5d2ab32bbf827e2037cbdd6e73571aeab04432f,d99d3534ee99d5bef55b0d9f84cf68b8fa48a9d0218142a77f23092831d244a5,cells\system_0055_ic1_time_f64le.bin,cells\system_0055_ic1_state_f64le_c_order.bin,C:\Users\joedicke\Documents\reps\EvoODE\outputs\phase_c_c6_data_conditions_5dd1df8\system_0055_ic1_sigma_0p050000000000000003_rho_0_realization_1,float64,little_endian
55,1,3,0.05,0.0,2,multiplicative_gaussian_iid,d4fd33de90c64fdb,512,sha256_raw_little_endian_float64,time,time_by_dimension_c_order,[512],"[512,3]",0.0,10.0,-68.45749606965289,174.58667896488177,ffad3499269c08c6bd22e9e5c5d2ab32bbf827e2037cbdd6e73571aeab04432f,a0d6296ae47850162031e322ff825ff0488cc664fe72ea3673c9c82735d87f5d,cells\system_0055_ic1_time_f64le.bin,cells\system_0055_ic1_state_f64le_c_order.bin,C:\Users\joedicke\Documents\reps\EvoODE\outputs\phase_c_c6_data_conditions_5dd1df8\system_0055_ic1_sigma_0p050000000000000003_rho_0_realization_2,float64,little_endian
55,1,3,0.05,0.0,3,multiplicative_gaussian_iid,474964b5d4eb36b7,512,sha256_raw_little_endian_float64,time,time_by_dimension_c_order,[512],"[512,3]",0.0,10.0,-65.00512470189048,169.2411266374645,ffad3499269c08c6bd22e9e5c5d2ab32bbf827e2037cbdd6e73571aeab04432f,4ab1bdabbb183b43f0fcf38db7022b456c8364fcdaad82fbfc78e7558ac30f98,cells\system_0055_ic1_time_f64le.bin,cells\system_0055_ic1_state_f64le_c_order.bin,C:\Users\joedicke\Documents\reps\EvoODE\outputs\phase_c_c6_data_conditions_5dd1df8\system_0055_ic1_sigma_0p050000000000000003_rho_0_realization_3,float64,little_endian
55,1,3,0.05,0.5,1,multiplicative_gaussian_iid,2c2c9d97aa17bd60,256,sha256_raw_little_endian_float64,time,time_by_dimension_c_order,[256],"[256,3]",0.0,9.960861056751467,-61.8802997793684,177.40385846515713,40bceb2275dac40546fe57671f5cd3cfab6e7ab47047000f7178f2c38f83a2a1,93edfb59d8a7f984aac71f3fed98eabfad7b22fea198e404c20e563d2f3fb88a,cells\system_0055_ic1_time_f64le.bin,cells\system_0055_ic1_state_f64le_c_order.bin,C:\Users\joedicke\Documents\reps\EvoODE\outputs\phase_c_c6_data_conditions_5dd1df8\system_0055_ic1_sigma_0p050000000000000003_rho_0p5_realization_1,float64,little_endian
55,1,3,0.05,0.5,2,multiplicative_gaussian_iid,0e7c4be2f70297ab,256,sha256_raw_little_endian_float64,time,time_by_dimension_c_order,[256],"[256,3]",0.03913894324853229,10.0,-62.644783921413,153.7115904913612,4fbadf644a8c48f8b38ee07ff76d70df091d0b1015b2f590a289f64fdd7073be,abe167b5c539861907f02efe33affb0092d858609ee1bd23798fd525e4566893,cells\system_0055_ic1_time_f64le.bin,cells\system_0055_ic1_state_f64le_c_order.bin,C:\Users\joedicke\Documents\reps\EvoODE\outputs\phase_c_c6_data_conditions_5dd1df8\system_0055_ic1_sigma_0p050000000000000003_rho_0p5_realization_2,float64,little_endian
55,1,3,0.05,0.5,3,multiplicative_gaussian_iid,eb4c796cf661b732,256,sha256_raw_little_endian_float64,time,time_by_dimension_c_order,[256],"[256,3]",0.0,9.960861056751467,-65.66160363309605,145.3581587980198,2993f2ca319314e318951fa7e87db93ee519e6ff595aed2762cda006d634bd1a,988cdeb6553e620425ac9309d850eebc4ee1649a5a92ce5cf4054f2b58e77c6b,cells\system_0055_ic1_time_f64le.bin,cells\system_0055_ic1_state_f64le_c_order.bin,C:\Users\joedicke\Documents\reps\EvoODE\outputs\phase_c_c6_data_conditions_5dd1df8\system_0055_ic1_sigma_0p050000000000000003_rho_0p5_realization_3,float64,little_endian
55,2,3,0.0,0.0,1,multiplicative_gaussian_iid,799711a15b6d0740,512,sha256_raw_little_endian_float64,time,time_by_dimension_c_order,[512],"[512,3]",0.0,10.0,-47.931452550824524,163.18969512755623,ffad3499269c08c6bd22e9e5c5d2ab32bbf827e2037cbdd6e73571aeab04432f,d38700c068fd7fd4dd042ca8673b1c09f8473cb39873a70acc3df6e08b2e0b97,cells\system_0055_ic2_time_f64le.bin,cells\system_0055_ic2_state_f64le_c_order.bin,C:\Users\joedicke\Documents\reps\EvoODE\outputs\phase_c_c6_data_conditions_5dd1df8\system_0055_ic2_sigma_0_rho_0_realization_1,float64,little_endian
55,2,3,0.0,0.0,2,multiplicative_gaussian_iid,b5afe8a7651c851f,512,sha256_raw_little_endian_float64,time,time_by_dimension_c_order,[512],"[512,3]",0.0,10.0,-47.931452550824524,163.18969512755623,ffad3499269c08c6bd22e9e5c5d2ab32bbf827e2037cbdd6e73571aeab04432f,d38700c068fd7fd4dd042ca8673b1c09f8473cb39873a70acc3df6e08b2e0b97,cells\system_0055_ic2_time_f64le.bin,cells\system_0055_ic2_state_f64le_c_order.bin,C:\Users\joedicke\Documents\reps\EvoODE\outputs\phase_c_c6_data_conditions_5dd1df8\system_0055_ic2_sigma_0_rho_0_realization_2,float64,little_endian
55,2,3,0.0,0.0,3,multiplicative_gaussian_iid,d0ef57fd9e507f22,512,sha256_raw_little_endian_float64,time,time_by_dimension_c_order,[512],"[512,3]",0.0,10.0,-47.931452550824524,163.18969512755623,ffad3499269c08c6bd22e9e5c5d2ab32bbf827e2037cbdd6e73571aeab04432f,d38700c068fd7fd4dd042ca8673b1c09f8473cb39873a70acc3df6e08b2e0b97,cells\system_0055_ic2_time_f64le.bin,cells\system_0055_ic2_state_f64le_c_order.bin,C:\Users\joedicke\Documents\reps\EvoODE\outputs\phase_c_c6_data_conditions_5dd1df8\system_0055_ic2_sigma_0_rho_0_realization_3,float64,little_endian
55,2,3,0.0,0.5,1,multiplicative_gaussian_iid,e5ae40517517118c,256,sha256_raw_little_endian_float64,time,time_by_dimension_c_order,[256],"[256,3]",0.05870841487279843,10.0,-47.931452550824524,150.17059590744745,af0bf4212c20adc5001300c35a2433f84911404b97eed98a14ff2fdeb32660e2,26054cad7292f32dd3ddc0ee6bec24db1731948eba7bce374c96c58da9e884d3,cells\system_0055_ic2_time_f64le.bin,cells\system_0055_ic2_state_f64le_c_order.bin,C:\Users\joedicke\Documents\reps\EvoODE\outputs\phase_c_c6_data_conditions_5dd1df8\system_0055_ic2_sigma_0_rho_0p5_realization_1,float64,little_endian
55,2,3,0.0,0.5,2,multiplicative_gaussian_iid,410220e26b007c78,256,sha256_raw_little_endian_float64,time,time_by_dimension_c_order,[256],"[256,3]",0.019569471624266144,10.0,-47.054963934737465,150.17059590744745,a04b2699d408908baa058d93656f06c3f4b82254c3cf783f19c20a965ec29b40,c7fcca44266a2c2fbde978910c7dc2a55dd0a1971a0fd1dbb8c7287f9e2bdd5b,cells\system_0055_ic2_time_f64le.bin,cells\system_0055_ic2_state_f64le_c_order.bin,C:\Users\joedicke\Documents\reps\EvoODE\outputs\phase_c_c6_data_conditions_5dd1df8\system_0055_ic2_sigma_0_rho_0p5_realization_2,float64,little_endian
55,2,3,0.0,0.5,3,multiplicative_gaussian_iid,32943fed9075ec6b,256,sha256_raw_little_endian_float64,time,time_by_dimension_c_order,[256],"[256,3]",0.05870841487279843,10.0,-47.054963934737465,150.17059590744745,fe814c95e39dd12eb88a31b7449bdaf1551795ee573f7bb582204dbc51f1f424,00d7cc4376428150de20a0ee86a02db796396e4376b273c60b4ffcb62bb63933,cells\system_0055_ic2_time_f64le.bin,cells\system_0055_ic2_state_f64le_c_order.bin,C:\Users\joedicke\Documents\reps\EvoODE\outputs\phase_c_c6_data_conditions_5dd1df8\system_0055_ic2_sigma_0_rho_0p5_realization_3,float64,little_endian
55,2,3,0.01,0.0,1,multiplicative_gaussian_iid,1696ce8b0e80990d,512,sha256_raw_little_endian_float64,time,time_by_dimension_c_order,[512],"[512,3]",0.0,10.0,-47.539531118411944,163.5350962160126,ffad3499269c08c6bd22e9e5c5d2ab32bbf827e2037cbdd6e73571aeab04432f,4f457b39857484ab04cbd94f6cefba7c2c788165f036d9219b7ebe5522ab1817,cells\system_0055_ic2_time_f64le.bin,cells\system_0055_ic2_state_f64le_c_order.bin,C:\Users\joedicke\Documents\reps\EvoODE\outputs\phase_c_c6_data_conditions_5dd1df8\system_0055_ic2_sigma_0p01_rho_0_realization_1,float64,little_endian
55,2,3,0.01,0.0,2,multiplicative_gaussian_iid,715557b4e934a00a,512,sha256_raw_little_endian_float64,time,time_by_dimension_c_order,[512],"[512,3]",0.0,10.0,-48.05367204011371,165.66198434425215,ffad3499269c08c6bd22e9e5c5d2ab32bbf827e2037cbdd6e73571aeab04432f,bcb36e83ca011cf698bd2936b808d5dec866cd9caa1c7bd6472633002d9656bf,cells\system_0055_ic2_time_f64le.bin,cells\system_0055_ic2_state_f64le_c_order.bin,C:\Users\joedicke\Documents\reps\EvoODE\outputs\phase_c_c6_data_conditions_5dd1df8\system_0055_ic2_sigma_0p01_rho_0_realization_2,float64,little_endian
55,2,3,0.01,0.0,3,multiplicative_gaussian_iid,bcb458bd643fcc5e,512,sha256_raw_little_endian_float64,time,time_by_dimension_c_order,[512],"[512,3]",0.0,10.0,-47.29056356812517,160.44973437731417,ffad3499269c08c6bd22e9e5c5d2ab32bbf827e2037cbdd6e73571aeab04432f,6f8e7c1b2553a3a7b3f60e4e6ca6ea4ac24edc4cf314101a0aba86be29e643fd,cells\system_0055_ic2_time_f64le.bin,cells\system_0055_ic2_state_f64le_c_order.bin,C:\Users\joedicke\Documents\reps\EvoODE\outputs\phase_c_c6_data_conditions_5dd1df8\system_0055_ic2_sigma_0p01_rho_0_realization_3,float64,little_endian
55,2,3,0.01,0.5,1,multiplicative_gaussian_iid,228ccdf853b4603f,256,sha256_raw_little_endian_float64,time,time_by_dimension_c_order,[256],"[256,3]",0.03913894324853229,9.960861056751467,-46.75270073152288,161.35799583155355,a7c9faa0065ade310d55fbf2a4e75208cf0a950dabb46d11a442643b3b11c837,6efdb7c09d546b5f989c627041c646f29cc4e6d3ad935b8ac5a4009da252e77a,cells\system_0055_ic2_time_f64le.bin,cells\system_0055_ic2_state_f64le_c_order.bin,C:\Users\joedicke\Documents\reps\EvoODE\outputs\phase_c_c6_data_conditions_5dd1df8\system_0055_ic2_sigma_0p01_rho_0p5_realization_1,float64,little_endian
55,2,3,0.01,0.5,2,multiplicative_gaussian_iid,91c37238ed72132a,256,sha256_raw_little_endian_float64,time,time_by_dimension_c_order,[256],"[256,3]",0.0,9.960861056751467,-46.743359752445926,149.34192447202798,933e1efee84baa2d7b80306e9456e099d6b068725bdece21b12eb5b7bc0ebdce,7dc12fd236a39d4930ad30b6b47eccc8fea02f9fbb4ce1a76949117e6aa5b9cc,cells\system_0055_ic2_time_f64le.bin,cells\system_0055_ic2_state_f64le_c_order.bin,C:\Users\joedicke\Documents\reps\EvoODE\outputs\phase_c_c6_data_conditions_5dd1df8\system_0055_ic2_sigma_0p01_rho_0p5_realization_2,float64,little_endian
55,2,3,0.01,0.5,3,multiplicative_gaussian_iid,f288b68ee10122ab,256,sha256_raw_little_endian_float64,time,time_by_dimension_c_order,[256],"[256,3]",0.0,10.0,-46.41347143623763,163.43867277724812,e33a86830644a43267d86aeea9c72fbac5bf8531cf0f3e5ab8320e153ea5c578,70400bc04da54ccc5196d4da25e980b96eba4cd6bb31265c602d6cf40ecf67a2,cells\system_0055_ic2_time_f64le.bin,cells\system_0055_ic2_state_f64le_c_order.bin,C:\Users\joedicke\Documents\reps\EvoODE\outputs\phase_c_c6_data_conditions_5dd1df8\system_0055_ic2_sigma_0p01_rho_0p5_realization_3,float64,little_endian
55,2,3,0.02,0.0,1,multiplicative_gaussian_iid,672a11e7b6fa736d,512,sha256_raw_little_endian_float64,time,time_by_dimension_c_order,[512],"[512,3]",0.0,10.0,-48.94203433864354,162.3509471457359,ffad3499269c08c6bd22e9e5c5d2ab32bbf827e2037cbdd6e73571aeab04432f,5e74c3819b7fe61e98d33a4741bbd071c415719c2b02ac3764096355d7c09dec,cells\system_0055_ic2_time_f64le.bin,cells\system_0055_ic2_state_f64le_c_order.bin,C:\Users\joedicke\Documents\reps\EvoODE\outputs\phase_c_c6_data_conditions_5dd1df8\system_0055_ic2_sigma_0p02_rho_0_realization_1,float64,little_endian
55,2,3,0.02,0.0,2,multiplicative_gaussian_iid,325115d8689b3624,512,sha256_raw_little_endian_float64,time,time_by_dimension_c_order,[512],"[512,3]",0.0,10.0,-48.81930076428476,163.36163292488197,ffad3499269c08c6bd22e9e5c5d2ab32bbf827e2037cbdd6e73571aeab04432f,2223d6bcea5aadc104eeda3f07bc8256f30dbf65fcf8ae0eb363a90d8760518c,cells\system_0055_ic2_time_f64le.bin,cells\system_0055_ic2_state_f64le_c_order.bin,C:\Users\joedicke\Documents\reps\EvoODE\outputs\phase_c_c6_data_conditions_5dd1df8\system_0055_ic2_sigma_0p02_rho_0_realization_2,float64,little_endian
55,2,3,0.02,0.0,3,multiplicative_gaussian_iid,f381e98903da9113,512,sha256_raw_little_endian_float64,time,time_by_dimension_c_order,[512],"[512,3]",0.0,10.0,-49.01190276841999,156.15679157498684,ffad3499269c08c6bd22e9e5c5d2ab32bbf827e2037cbdd6e73571aeab04432f,e7d681238bbb30e3b6f2ff439ce1593e5196d10c71d90963d7602d8fd968e2e4,cells\system_0055_ic2_time_f64le.bin,cells\system_0055_ic2_state_f64le_c_order.bin,C:\Users\joedicke\Documents\reps\EvoODE\outputs\phase_c_c6_data_conditions_5dd1df8\system_0055_ic2_sigma_0p02_rho_0_realization_3,float64,little_endian
55,2,3,0.02,0.5,1,multiplicative_gaussian_iid,7c6160caa1ea477b,256,sha256_raw_little_endian_float64,time,time_by_dimension_c_order,[256],"[256,3]",0.03913894324853229,10.0,-48.56924757166563,167.69734421403655,4bcfcb2fdd5e492a3c68fdba527d7201f1477cc2c2f3ee2a223039b2560f2fa6,447a77d80e1d50897a37287d5ae2b6735a97db82ff6ee8ed0747890feaf778d0,cells\system_0055_ic2_time_f64le.bin,cells\system_0055_ic2_state_f64le_c_order.bin,C:\Users\joedicke\Documents\reps\EvoODE\outputs\phase_c_c6_data_conditions_5dd1df8\system_0055_ic2_sigma_0p02_rho_0p5_realization_1,float64,little_endian
55,2,3,0.02,0.5,2,multiplicative_gaussian_iid,bcd25d66948ee0ae,256,sha256_raw_little_endian_float64,time,time_by_dimension_c_order,[256],"[256,3]",0.019569471624266144,9.980430528375733,-47.39895313933917,151.38541202062171,64af1691ec3d6929a026a5eef7a57b67970a26ec8d74a5f2d202988d98a2f402,6af44fe5be9ff301f31bc58534ffa5c68caf23bad3e5c2fe858b717ad10233f0,cells\system_0055_ic2_time_f64le.bin,cells\system_0055_ic2_state_f64le_c_order.bin,C:\Users\joedicke\Documents\reps\EvoODE\outputs\phase_c_c6_data_conditions_5dd1df8\system_0055_ic2_sigma_0p02_rho_0p5_realization_2,float64,little_endian
55,2,3,0.02,0.5,3,multiplicative_gaussian_iid,e0af3b0de5724047,256,sha256_raw_little_endian_float64,time,time_by_dimension_c_order,[256],"[256,3]",0.0,10.0,-48.650071913117664,161.2322972343122,b68a2efa5ef78f982cf5e427f6c41419615849a2d9c2ab70b3c2666fb5b1730c,66b878b83fc31180d320802390d1e39dc2ac496ce62c767644b3b03d09e15819,cells\system_0055_ic2_time_f64le.bin,cells\system_0055_ic2_state_f64le_c_order.bin,C:\Users\joedicke\Documents\reps\EvoODE\outputs\phase_c_c6_data_conditions_5dd1df8\system_0055_ic2_sigma_0p02_rho_0p5_realization_3,float64,little_endian
55,2,3,0.03,0.0,1,multiplicative_gaussian_iid,9ab73e4eac8e3294,512,sha256_raw_little_endian_float64,time,time_by_dimension_c_order,[512],"[512,3]",0.0,10.0,-50.69462679746317,163.77381824463671,ffad3499269c08c6bd22e9e5c5d2ab32bbf827e2037cbdd6e73571aeab04432f,8fea4c0bcbf50560f674ead252df98d10b0e7edd2a2740e8ca50d493c01826b3,cells\system_0055_ic2_time_f64le.bin,cells\system_0055_ic2_state_f64le_c_order.bin,C:\Users\joedicke\Documents\reps\EvoODE\outputs\phase_c_c6_data_conditions_5dd1df8\system_0055_ic2_sigma_0p029999999999999999_rho_0_realization_1,float64,little_endian
55,2,3,0.03,0.0,2,multiplicative_gaussian_iid,82c3da1e7e62eee3,512,sha256_raw_little_endian_float64,time,time_by_dimension_c_order,[512],"[512,3]",0.0,10.0,-47.29937522657848,165.48115104914956,ffad3499269c08c6bd22e9e5c5d2ab32bbf827e2037cbdd6e73571aeab04432f,af9820387be8423ed1776483505576b0cae40b2605f3d811b21b7912f62201dc,cells\system_0055_ic2_time_f64le.bin,cells\system_0055_ic2_state_f64le_c_order.bin,C:\Users\joedicke\Documents\reps\EvoODE\outputs\phase_c_c6_data_conditions_5dd1df8\system_0055_ic2_sigma_0p029999999999999999_rho_0_realization_2,float64,little_endian
55,2,3,0.03,0.0,3,multiplicative_gaussian_iid,14ad814a69ec28ff,512,sha256_raw_little_endian_float64,time,time_by_dimension_c_order,[512],"[512,3]",0.0,10.0,-47.217212202262075,172.48263528526937,ffad3499269c08c6bd22e9e5c5d2ab32bbf827e2037cbdd6e73571aeab04432f,f9b781610fa670099b7ec16b1ae1a4a7eeda3abc0f9a08d435655cc581f51d79,cells\system_0055_ic2_time_f64le.bin,cells\system_0055_ic2_state_f64le_c_order.bin,C:\Users\joedicke\Documents\reps\EvoODE\outputs\phase_c_c6_data_conditions_5dd1df8\system_0055_ic2_sigma_0p029999999999999999_rho_0_realization_3,float64,little_endian
55,2,3,0.03,0.5,1,multiplicative_gaussian_iid,8de245124bfb451c,256,sha256_raw_little_endian_float64,time,time_by_dimension_c_order,[256],"[256,3]",0.0,9.960861056751467,-48.46824775011109,147.3399014844272,69c9d6cf7601ad29f99c890ebc6038972a031c68ba80cb504f9195d83dc776a1,a84068773996d08f02abf9d77cd7bfbb1ba2861ae7d24bbb274e5bf8fa8e91a3,cells\system_0055_ic2_time_f64le.bin,cells\system_0055_ic2_state_f64le_c_order.bin,C:\Users\joedicke\Documents\reps\EvoODE\outputs\phase_c_c6_data_conditions_5dd1df8\system_0055_ic2_sigma_0p029999999999999999_rho_0p5_realization_1,float64,little_endian
55,2,3,0.03,0.5,2,multiplicative_gaussian_iid,a318ab0636b2776b,256,sha256_raw_little_endian_float64,time,time_by_dimension_c_order,[256],"[256,3]",0.0,10.0,-50.4998585574659,163.80292578799782,29a0b6f1be017f0f1dc21185d9b81d9358d7818e68e57c4bd040edd019eff7ab,6b253bdc16243c1c3fcca84dfc0e8775d97e89509e6ecff55e9f948bf9762c3d,cells\system_0055_ic2_time_f64le.bin,cells\system_0055_ic2_state_f64le_c_order.bin,C:\Users\joedicke\Documents\reps\EvoODE\outputs\phase_c_c6_data_conditions_5dd1df8\system_0055_ic2_sigma_0p029999999999999999_rho_0p5_realization_2,float64,little_endian
55,2,3,0.03,0.5,3,multiplicative_gaussian_iid,069741ac89cccc44,256,sha256_raw_little_endian_float64,time,time_by_dimension_c_order,[256],"[256,3]",0.0,9.980430528375733,-47.80846311318487,174.52615461395385,444acf5854ce8f6da7455602372eb404fd72bdd5133d9e320bb52b67fa12ab2f,34a740422e87b4ec8118a9d486949bbf28b26df2f152d03e881ae0e3a4b38aa4,cells\system_0055_ic2_time_f64le.bin,cells\system_0055_ic2_state_f64le_c_order.bin,C:\Users\joedicke\Documents\reps\EvoODE\outputs\phase_c_c6_data_conditions_5dd1df8\system_0055_ic2_sigma_0p029999999999999999_rho_0p5_realization_3,float64,little_endian
55,2,3,0.04,0.0,1,multiplicative_gaussian_iid,44801945584039fb,512,sha256_raw_little_endian_float64,time,time_by_dimension_c_order,[512],"[512,3]",0.0,10.0,-49.6379690681107,171.19911305752373,ffad3499269c08c6bd22e9e5c5d2ab32bbf827e2037cbdd6e73571aeab04432f,d4bd529a80ce373972137aaac8d3cc294c3ae034360652c689b6563f908e2267,cells\system_0055_ic2_time_f64le.bin,cells\system_0055_ic2_state_f64le_c_order.bin,C:\Users\joedicke\Documents\reps\EvoODE\outputs\phase_c_c6_data_conditions_5dd1df8\system_0055_ic2_sigma_0p040000000000000001_rho_0_realization_1,float64,little_endian
55,2,3,0.04,0.0,2,multiplicative_gaussian_iid,8822fb29eb654e2c,512,sha256_raw_little_endian_float64,time,time_by_dimension_c_order,[512],"[512,3]",0.0,10.0,-47.7699347849965,159.0277459816929,ffad3499269c08c6bd22e9e5c5d2ab32bbf827e2037cbdd6e73571aeab04432f,d7a7b55fb87b0763440f3619018725ac715c652f520180f0daab40c486a662da,cells\system_0055_ic2_time_f64le.bin,cells\system_0055_ic2_state_f64le_c_order.bin,C:\Users\joedicke\Documents\reps\EvoODE\outputs\phase_c_c6_data_conditions_5dd1df8\system_0055_ic2_sigma_0p040000000000000001_rho_0_realization_2,float64,little_endian
55,2,3,0.04,0.0,3,multiplicative_gaussian_iid,c894b9d947f7dad9,512,sha256_raw_little_endian_float64,time,time_by_dimension_c_order,[512],"[512,3]",0.0,10.0,-49.41790249174064,167.6240691818365,ffad3499269c08c6bd22e9e5c5d2ab32bbf827e2037cbdd6e73571aeab04432f,609ab421cdac05fd09e48997d6d0a492400ea35f03bb60b457f1a367a09df900,cells\system_0055_ic2_time_f64le.bin,cells\system_0055_ic2_state_f64le_c_order.bin,C:\Users\joedicke\Documents\reps\EvoODE\outputs\phase_c_c6_data_conditions_5dd1df8\system_0055_ic2_sigma_0p040000000000000001_rho_0_realization_3,float64,little_endian
55,2,3,0.04,0.5,1,multiplicative_gaussian_iid,9b8b6df42eee8e32,256,sha256_raw_little_endian_float64,time,time_by_dimension_c_order,[256],"[256,3]",0.0,10.0,-47.91014060636509,155.94996278828788,ff487cb4c908caa658dd17852756ce8302e448d6ffa96b259ffe3fb892c6fd01,8347f625910cbc4f49133c8df95b0b8b31970e7501a297c85d8fdd1a4a836733,cells\system_0055_ic2_time_f64le.bin,cells\system_0055_ic2_state_f64le_c_order.bin,C:\Users\joedicke\Documents\reps\EvoODE\outputs\phase_c_c6_data_conditions_5dd1df8\system_0055_ic2_sigma_0p040000000000000001_rho_0p5_realization_1,float64,little_endian
55,2,3,0.04,0.5,2,multiplicative_gaussian_iid,782ee43c52f10048,256,sha256_raw_little_endian_float64,time,time_by_dimension_c_order,[256],"[256,3]",0.03913894324853229,10.0,-46.32499494511015,147.62783423925072,a4ce32597f7ec198cabc8c58848cbc3065842f0d9b8fc7b9160c4d41c30db760,972711c0637f7a24837db936a82b65333d9f8a4f0325159c6a6475234bbc09fe,cells\system_0055_ic2_time_f64le.bin,cells\system_0055_ic2_state_f64le_c_order.bin,C:\Users\joedicke\Documents\reps\EvoODE\outputs\phase_c_c6_data_conditions_5dd1df8\system_0055_ic2_sigma_0p040000000000000001_rho_0p5_realization_2,float64,little_endian
55,2,3,0.04,0.5,3,multiplicative_gaussian_iid,ed5295c60e5e2276,256,sha256_raw_little_endian_float64,time,time_by_dimension_c_order,[256],"[256,3]",0.09784735812133072,10.0,-46.0970378010457,149.8902558008371,276f5827348938aca02e66c2ca12ed07c2aeecac19a80d90b88967b7df6b3a96,361c3bd4a68ee234694a34f929d8c8c0067ebe0bc04fce4eb5155665c287647c,cells\system_0055_ic2_time_f64le.bin,cells\system_0055_ic2_state_f64le_c_order.bin,C:\Users\joedicke\Documents\reps\EvoODE\outputs\phase_c_c6_data_conditions_5dd1df8\system_0055_ic2_sigma_0p040000000000000001_rho_0p5_realization_3,float64,little_endian
55,2,3,0.05,0.0,1,multiplicative_gaussian_iid,0c0ad42629f69010,512,sha256_raw_little_endian_float64,time,time_by_dimension_c_order,[512],"[512,3]",0.0,10.0,-49.10554599633105,167.66167985028235,ffad3499269c08c6bd22e9e5c5d2ab32bbf827e2037cbdd6e73571aeab04432f,eec1197b3157aed4fc1c9fe6c225d157a8327db7cc70eb6669b35d0bfb75209f,cells\system_0055_ic2_time_f64le.bin,cells\system_0055_ic2_state_f64le_c_order.bin,C:\Users\joedicke\Documents\reps\EvoODE\outputs\phase_c_c6_data_conditions_5dd1df8\system_0055_ic2_sigma_0p050000000000000003_rho_0_realization_1,float64,little_endian
55,2,3,0.05,0.0,2,multiplicative_gaussian_iid,d4fd33de90c64fdb,512,sha256_raw_little_endian_float64,time,time_by_dimension_c_order,[512],"[512,3]",0.0,10.0,-48.382792838636355,156.77944588292823,ffad3499269c08c6bd22e9e5c5d2ab32bbf827e2037cbdd6e73571aeab04432f,1121c5ea40f6c682300ffd6e155dae81282aeb1f36128b98908683c8d4c4cd17,cells\system_0055_ic2_time_f64le.bin,cells\system_0055_ic2_state_f64le_c_order.bin,C:\Users\joedicke\Documents\reps\EvoODE\outputs\phase_c_c6_data_conditions_5dd1df8\system_0055_ic2_sigma_0p050000000000000003_rho_0_realization_2,float64,little_endian
55,2,3,0.05,0.0,3,multiplicative_gaussian_iid,474964b5d4eb36b7,512,sha256_raw_little_endian_float64,time,time_by_dimension_c_order,[512],"[512,3]",0.0,10.0,-48.57451303744567,169.0844881479157,ffad3499269c08c6bd22e9e5c5d2ab32bbf827e2037cbdd6e73571aeab04432f,a0c4339401672d955eab68e12d2ff0727d96c55cef11536d04ed1c77bc3f995c,cells\system_0055_ic2_time_f64le.bin,cells\system_0055_ic2_state_f64le_c_order.bin,C:\Users\joedicke\Documents\reps\EvoODE\outputs\phase_c_c6_data_conditions_5dd1df8\system_0055_ic2_sigma_0p050000000000000003_rho_0_realization_3,float64,little_endian
55,2,3,0.05,0.5,1,multiplicative_gaussian_iid,2c2c9d97aa17bd60,256,sha256_raw_little_endian_float64,time,time_by_dimension_c_order,[256],"[256,3]",0.07827788649706457,9.980430528375733,-47.87362150788147,165.21875783402888,ea5e97a4cff5cef0f3cc451143050bcf1f5e5ffe6057ecd3615cf8d0605f58b9,18009a9bf9db4a40bb8a47a49f5c2e474a9016dd6fadd9897c904b00ce5cbea8,cells\system_0055_ic2_time_f64le.bin,cells\system_0055_ic2_state_f64le_c_order.bin,C:\Users\joedicke\Documents\reps\EvoODE\outputs\phase_c_c6_data_conditions_5dd1df8\system_0055_ic2_sigma_0p050000000000000003_rho_0p5_realization_1,float64,little_endian
55,2,3,0.05,0.5,2,multiplicative_gaussian_iid,0e7c4be2f70297ab,256,sha256_raw_little_endian_float64,time,time_by_dimension_c_order,[256],"[256,3]",0.05870841487279843,9.960861056751467,-47.818664603710225,166.29692675796176,defb3c5e5c007b112e2beb8b15c8aeed9969591a68f6ade12a854610c3405926,54f18f48ce429e83cb40f2a1f7878e8a60b877b544a71e5499cefbcc3410a93d,cells\system_0055_ic2_time_f64le.bin,cells\system_0055_ic2_state_f64le_c_order.bin,C:\Users\joedicke\Documents\reps\EvoODE\outputs\phase_c_c6_data_conditions_5dd1df8\system_0055_ic2_sigma_0p050000000000000003_rho_0p5_realization_2,float64,little_endian
55,2,3,0.05,0.5,3,multiplicative_gaussian_iid,eb4c796cf661b732,256,sha256_raw_little_endian_float64,time,time_by_dimension_c_order,[256],"[256,3]",0.0,10.0,-46.7426096088343,164.67064974889823,31dc306b42e76fa90605a098d1e83d38c2d11747d7091494dd7699382a2205b7,c8a5b5c6e87946ebe9c38644bc6ead61b28843e211e8f766af07521929ae2210,cells\system_0055_ic2_time_f64le.bin,cells\system_0055_ic2_state_f64le_c_order.bin,C:\Users\joedicke\Documents\reps\EvoODE\outputs\phase_c_c6_data_conditions_5dd1df8\system_0055_ic2_sigma_0p050000000000000003_rho_0p5_realization_3,float64,little_endian
