system_id,initial_condition_set,dimension,noise_sigma,subsample_rho,noise_realization,noise_model,data_condition_fingerprint,n_observed_points,hash_format,time_axis_order,state_axis_order,time_shape,state_shape,time_min,time_max,state_min,state_max,time_sha256,state_sha256,time_path,state_path,cell_dir,dtype,byte_order
1,1,1,0.0,0.0,1,multiplicative_gaussian_iid,799711a15b6d0740,512,sha256_raw_little_endian_float64,time,time_by_dimension_c_order,[512],"[512,1]",0.0,10.0,1.0884142834867072,10.0,ffad3499269c08c6bd22e9e5c5d2ab32bbf827e2037cbdd6e73571aeab04432f,0ee16225ff89698a75ca1dd4d2560af9956e8ab3b3b0058633eb0205457986e8,cells\system_0001_ic1_time_f64le.bin,cells\system_0001_ic1_state_f64le_c_order.bin,C:\Users\joedicke\Documents\reps\EvoODE\outputs\phase_c_c6_data_conditions_5dd1df8\system_0001_ic1_sigma_0_rho_0_realization_1,float64,little_endian
1,1,1,0.0,0.0,2,multiplicative_gaussian_iid,b5afe8a7651c851f,512,sha256_raw_little_endian_float64,time,time_by_dimension_c_order,[512],"[512,1]",0.0,10.0,1.0884142834867072,10.0,ffad3499269c08c6bd22e9e5c5d2ab32bbf827e2037cbdd6e73571aeab04432f,0ee16225ff89698a75ca1dd4d2560af9956e8ab3b3b0058633eb0205457986e8,cells\system_0001_ic1_time_f64le.bin,cells\system_0001_ic1_state_f64le_c_order.bin,C:\Users\joedicke\Documents\reps\EvoODE\outputs\phase_c_c6_data_conditions_5dd1df8\system_0001_ic1_sigma_0_rho_0_realization_2,float64,little_endian
1,1,1,0.0,0.0,3,multiplicative_gaussian_iid,d0ef57fd9e507f22,512,sha256_raw_little_endian_float64,time,time_by_dimension_c_order,[512],"[512,1]",0.0,10.0,1.0884142834867072,10.0,ffad3499269c08c6bd22e9e5c5d2ab32bbf827e2037cbdd6e73571aeab04432f,0ee16225ff89698a75ca1dd4d2560af9956e8ab3b3b0058633eb0205457986e8,cells\system_0001_ic1_time_f64le.bin,cells\system_0001_ic1_state_f64le_c_order.bin,C:\Users\joedicke\Documents\reps\EvoODE\outputs\phase_c_c6_data_conditions_5dd1df8\system_0001_ic1_sigma_0_rho_0_realization_3,float64,little_endian
1,1,1,0.0,0.5,1,multiplicative_gaussian_iid,e5ae40517517118c,256,sha256_raw_little_endian_float64,time,time_by_dimension_c_order,[256],"[256,1]",0.019569471624266144,9.980430528375733,1.0901742172900701,9.935560931119724,7a7bb9bd3bace733f57f0b1d13e70f986daacdd642a91fef67b224f06d47acd7,02314da2026752d2ef79c34837a561df2f9f895a307afb25766823419195da34,cells\system_0001_ic1_time_f64le.bin,cells\system_0001_ic1_state_f64le_c_order.bin,C:\Users\joedicke\Documents\reps\EvoODE\outputs\phase_c_c6_data_conditions_5dd1df8\system_0001_ic1_sigma_0_rho_0p5_realization_1,float64,little_endian
1,1,1,0.0,0.5,2,multiplicative_gaussian_iid,410220e26b007c78,256,sha256_raw_little_endian_float64,time,time_by_dimension_c_order,[256],"[256,1]",0.0,10.0,1.0884142834867072,10.0,b71bd28708d81ff0e92cbfcea868a19506b93e24177b5d515502bf140e3083e1,7ef299ea5c769f9a691763d16fa89f25ad7be93a25102875d893ee3e206387f2,cells\system_0001_ic1_time_f64le.bin,cells\system_0001_ic1_state_f64le_c_order.bin,C:\Users\joedicke\Documents\reps\EvoODE\outputs\phase_c_c6_data_conditions_5dd1df8\system_0001_ic1_sigma_0_rho_0p5_realization_2,float64,little_endian
1,1,1,0.0,0.5,3,multiplicative_gaussian_iid,32943fed9075ec6b,256,sha256_raw_little_endian_float64,time,time_by_dimension_c_order,[256],"[256,1]",0.0,10.0,1.0884142834867072,10.0,3e868b466e588386b6cb5b3e14e5a01c3ea23c1ecba35cf286914fdece3aa498,9e81b8b7f4d45d9d59fd2b29f4b0d49c663cac30c73f9f967a3d007d796e045c,cells\system_0001_ic1_time_f64le.bin,cells\system_0001_ic1_state_f64le_c_order.bin,C:\Users\joedicke\Documents\reps\EvoODE\outputs\phase_c_c6_data_conditions_5dd1df8\system_0001_ic1_sigma_0_rho_0p5_realization_3,float64,little_endian
1,1,1,0.01,0.0,1,multiplicative_gaussian_iid,1696ce8b0e80990d,512,sha256_raw_little_endian_float64,time,time_by_dimension_c_order,[512],"[512,1]",0.0,10.0,1.0664403489075365,9.917848753842367,ffad3499269c08c6bd22e9e5c5d2ab32bbf827e2037cbdd6e73571aeab04432f,e7e535a1b26c412cd6b62aaca038e2591610e84bbe23c2213afd0b9cd8ea23d3,cells\system_0001_ic1_time_f64le.bin,cells\system_0001_ic1_state_f64le_c_order.bin,C:\Users\joedicke\Documents\reps\EvoODE\outputs\phase_c_c6_data_conditions_5dd1df8\system_0001_ic1_sigma_0p01_rho_0_realization_1,float64,little_endian
1,1,1,0.01,0.0,2,multiplicative_gaussian_iid,715557b4e934a00a,512,sha256_raw_little_endian_float64,time,time_by_dimension_c_order,[512],"[512,1]",0.0,10.0,1.0806186081449043,9.958874004001265,ffad3499269c08c6bd22e9e5c5d2ab32bbf827e2037cbdd6e73571aeab04432f,5cad836d2e07a22b21303e255fd99b26523b7742d0bc5024aae619d83c1e3b27,cells\system_0001_ic1_time_f64le.bin,cells\system_0001_ic1_state_f64le_c_order.bin,C:\Users\joedicke\Documents\reps\EvoODE\outputs\phase_c_c6_data_conditions_5dd1df8\system_0001_ic1_sigma_0p01_rho_0_realization_2,float64,little_endian
1,1,1,0.01,0.0,3,multiplicative_gaussian_iid,bcb458bd643fcc5e,512,sha256_raw_little_endian_float64,time,time_by_dimension_c_order,[512],"[512,1]",0.0,10.0,1.080345028781059,10.102746623655191,ffad3499269c08c6bd22e9e5c5d2ab32bbf827e2037cbdd6e73571aeab04432f,7b2338e02cf651bd23832726a2ccb7490604385e1d1de642d0977975003b617b,cells\system_0001_ic1_time_f64le.bin,cells\system_0001_ic1_state_f64le_c_order.bin,C:\Users\joedicke\Documents\reps\EvoODE\outputs\phase_c_c6_data_conditions_5dd1df8\system_0001_ic1_sigma_0p01_rho_0_realization_3,float64,little_endian
1,1,1,0.01,0.5,1,multiplicative_gaussian_iid,228ccdf853b4603f,256,sha256_raw_little_endian_float64,time,time_by_dimension_c_order,[256],"[256,1]",0.0,10.0,1.0777977665139844,9.907048002649573,67b74090200b60135add9a4ec3ece209284e4adbbb71202498c01d0c0ad0c5e3,b78fa237e39267ceec3b67fb7c6f66f84aed5a610ae5055063653e86ce12385d,cells\system_0001_ic1_time_f64le.bin,cells\system_0001_ic1_state_f64le_c_order.bin,C:\Users\joedicke\Documents\reps\EvoODE\outputs\phase_c_c6_data_conditions_5dd1df8\system_0001_ic1_sigma_0p01_rho_0p5_realization_1,float64,little_endian
1,1,1,0.01,0.5,2,multiplicative_gaussian_iid,91c37238ed72132a,256,sha256_raw_little_endian_float64,time,time_by_dimension_c_order,[256],"[256,1]",0.0,9.921722113502934,1.0811217661692971,10.095830919331465,72d9f7381079c666595c1832f9a31dc46d03c4e06e73fdb7433229b9235bb73e,f66dc3a57824b684638229fc71af703c0563c641a9959f52ac80dfd54a821225,cells\system_0001_ic1_time_f64le.bin,cells\system_0001_ic1_state_f64le_c_order.bin,C:\Users\joedicke\Documents\reps\EvoODE\outputs\phase_c_c6_data_conditions_5dd1df8\system_0001_ic1_sigma_0p01_rho_0p5_realization_2,float64,little_endian
1,1,1,0.01,0.5,3,multiplicative_gaussian_iid,f288b68ee10122ab,256,sha256_raw_little_endian_float64,time,time_by_dimension_c_order,[256],"[256,1]",0.0,9.980430528375733,1.096414289878037,10.083186867026708,c36e7456e2c1d2c491bf0b22e34a53baa1cb1217d4ce2a5b51cb9336ebf10b32,ae3580ae05c2d1d59b4d367d9390f080d46d61d4e813dc7b41ef86b03c9a0e15,cells\system_0001_ic1_time_f64le.bin,cells\system_0001_ic1_state_f64le_c_order.bin,C:\Users\joedicke\Documents\reps\EvoODE\outputs\phase_c_c6_data_conditions_5dd1df8\system_0001_ic1_sigma_0p01_rho_0p5_realization_3,float64,little_endian
1,1,1,0.02,0.0,1,multiplicative_gaussian_iid,672a11e7b6fa736d,512,sha256_raw_little_endian_float64,time,time_by_dimension_c_order,[512],"[512,1]",0.0,10.0,1.0770764153795256,10.07178065077643,ffad3499269c08c6bd22e9e5c5d2ab32bbf827e2037cbdd6e73571aeab04432f,c1969fa9f650a918100f84eac95522cae3ff5565b8a14b05d0ea577f3e0f5483,cells\system_0001_ic1_time_f64le.bin,cells\system_0001_ic1_state_f64le_c_order.bin,C:\Users\joedicke\Documents\reps\EvoODE\outputs\phase_c_c6_data_conditions_5dd1df8\system_0001_ic1_sigma_0p02_rho_0_realization_1,float64,little_endian
1,1,1,0.02,0.0,2,multiplicative_gaussian_iid,325115d8689b3624,512,sha256_raw_little_endian_float64,time,time_by_dimension_c_order,[512],"[512,1]",0.0,10.0,1.0710802980188805,10.218543252706189,ffad3499269c08c6bd22e9e5c5d2ab32bbf827e2037cbdd6e73571aeab04432f,d8ec7c8ec0b40cdb5ae1030d8505cecffb0cdb7d9f39e5c05a10ceb031b0fe08,cells\system_0001_ic1_time_f64le.bin,cells\system_0001_ic1_state_f64le_c_order.bin,C:\Users\joedicke\Documents\reps\EvoODE\outputs\phase_c_c6_data_conditions_5dd1df8\system_0001_ic1_sigma_0p02_rho_0_realization_2,float64,little_endian
1,1,1,0.02,0.0,3,multiplicative_gaussian_iid,f381e98903da9113,512,sha256_raw_little_endian_float64,time,time_by_dimension_c_order,[512],"[512,1]",0.0,10.0,1.053371580431119,10.14629519280389,ffad3499269c08c6bd22e9e5c5d2ab32bbf827e2037cbdd6e73571aeab04432f,6dd4c2d5de6e077ed18cd10d2440a95190abbdfb6fd4601ea5591ef4298b1931,cells\system_0001_ic1_time_f64le.bin,cells\system_0001_ic1_state_f64le_c_order.bin,C:\Users\joedicke\Documents\reps\EvoODE\outputs\phase_c_c6_data_conditions_5dd1df8\system_0001_ic1_sigma_0p02_rho_0_realization_3,float64,little_endian
1,1,1,0.02,0.5,1,multiplicative_gaussian_iid,7c6160caa1ea477b,256,sha256_raw_little_endian_float64,time,time_by_dimension_c_order,[256],"[256,1]",0.0,10.0,1.0552779104145997,10.278770355200772,94617c49a00ad4d6c38efe935fe45950edab63d4b670693fd648f4611f4c000a,33c18966f4a1d62eef5df220a0f492aea2abcf729eca77774fb3847cf9a0ca0f,cells\system_0001_ic1_time_f64le.bin,cells\system_0001_ic1_state_f64le_c_order.bin,C:\Users\joedicke\Documents\reps\EvoODE\outputs\phase_c_c6_data_conditions_5dd1df8\system_0001_ic1_sigma_0p02_rho_0p5_realization_1,float64,little_endian
1,1,1,0.02,0.5,2,multiplicative_gaussian_iid,bcd25d66948ee0ae,256,sha256_raw_little_endian_float64,time,time_by_dimension_c_order,[256],"[256,1]",0.0,10.0,1.0642046893495984,9.95706776324631,7c369f97993f78f3197d4959596c7efa28b7e837e6dd645b7e5093969778bbd7,7cf9c2ae7844f0b92407fb70a8eef8c03b9323147c23f6aefb4bb99010f964c3,cells\system_0001_ic1_time_f64le.bin,cells\system_0001_ic1_state_f64le_c_order.bin,C:\Users\joedicke\Documents\reps\EvoODE\outputs\phase_c_c6_data_conditions_5dd1df8\system_0001_ic1_sigma_0p02_rho_0p5_realization_2,float64,little_endian
1,1,1,0.02,0.5,3,multiplicative_gaussian_iid,e0af3b0de5724047,256,sha256_raw_little_endian_float64,time,time_by_dimension_c_order,[256],"[256,1]",0.0,9.980430528375733,1.054959916487093,9.979980234857413,c69c570deb65c8bba15dcac8c56e9e49a505fcb6bd8a4c46433b578270e6ae1b,801ab06d57ac6f46cdd599a37b2999f9c2912634b1534f80649b07de125b7589,cells\system_0001_ic1_time_f64le.bin,cells\system_0001_ic1_state_f64le_c_order.bin,C:\Users\joedicke\Documents\reps\EvoODE\outputs\phase_c_c6_data_conditions_5dd1df8\system_0001_ic1_sigma_0p02_rho_0p5_realization_3,float64,little_endian
1,1,1,0.03,0.0,1,multiplicative_gaussian_iid,9ab73e4eac8e3294,512,sha256_raw_little_endian_float64,time,time_by_dimension_c_order,[512],"[512,1]",0.0,10.0,1.040020825735444,10.19403924879263,ffad3499269c08c6bd22e9e5c5d2ab32bbf827e2037cbdd6e73571aeab04432f,9dec0f0f53778b2bbeefd49a0c6e7820dce1f022df571a23bf7b7773dd4a3368,cells\system_0001_ic1_time_f64le.bin,cells\system_0001_ic1_state_f64le_c_order.bin,C:\Users\joedicke\Documents\reps\EvoODE\outputs\phase_c_c6_data_conditions_5dd1df8\system_0001_ic1_sigma_0p029999999999999999_rho_0_realization_1,float64,little_endian
1,1,1,0.03,0.0,2,multiplicative_gaussian_iid,82c3da1e7e62eee3,512,sha256_raw_little_endian_float64,time,time_by_dimension_c_order,[512],"[512,1]",0.0,10.0,1.0782924388621926,10.379271874000557,ffad3499269c08c6bd22e9e5c5d2ab32bbf827e2037cbdd6e73571aeab04432f,b3874c2b2af69e65c8b8a17484557aea4783aeae58b00ce1535f2eed75bd6b03,cells\system_0001_ic1_time_f64le.bin,cells\system_0001_ic1_state_f64le_c_order.bin,C:\Users\joedicke\Documents\reps\EvoODE\outputs\phase_c_c6_data_conditions_5dd1df8\system_0001_ic1_sigma_0p029999999999999999_rho_0_realization_2,float64,little_endian
1,1,1,0.03,0.0,3,multiplicative_gaussian_iid,14ad814a69ec28ff,512,sha256_raw_little_endian_float64,time,time_by_dimension_c_order,[512],"[512,1]",0.0,10.0,1.065093772640055,10.078216330870152,ffad3499269c08c6bd22e9e5c5d2ab32bbf827e2037cbdd6e73571aeab04432f,7dfcacd770af3e50e417aca2ed301700929124473d957e162928c0f760b94c34,cells\system_0001_ic1_time_f64le.bin,cells\system_0001_ic1_state_f64le_c_order.bin,C:\Users\joedicke\Documents\reps\EvoODE\outputs\phase_c_c6_data_conditions_5dd1df8\system_0001_ic1_sigma_0p029999999999999999_rho_0_realization_3,float64,little_endian
1,1,1,0.03,0.5,1,multiplicative_gaussian_iid,8de245124bfb451c,256,sha256_raw_little_endian_float64,time,time_by_dimension_c_order,[256],"[256,1]",0.0,9.980430528375733,1.0638339476922274,9.8328453759487,dda7baf734ca3b9ebc267a0aac719a130e27899046c8f56d5e1866d82b01084c,45ab29a274eb5044a498be1933bf6357b0f9da01db86acbbc9ec7796b24f9ca9,cells\system_0001_ic1_time_f64le.bin,cells\system_0001_ic1_state_f64le_c_order.bin,C:\Users\joedicke\Documents\reps\EvoODE\outputs\phase_c_c6_data_conditions_5dd1df8\system_0001_ic1_sigma_0p029999999999999999_rho_0p5_realization_1,float64,little_endian
1,1,1,0.03,0.5,2,multiplicative_gaussian_iid,a318ab0636b2776b,256,sha256_raw_little_endian_float64,time,time_by_dimension_c_order,[256],"[256,1]",0.0,10.0,1.0589281130567307,10.200968300291883,523b261c218c3447cbbd3f03caf751befdaefb1a7f6e410545a983d61abbd341,71436ab6befb4bbdf5ac8ba366729235584ba0c82afa63a8cf87d7dbc922e0a7,cells\system_0001_ic1_time_f64le.bin,cells\system_0001_ic1_state_f64le_c_order.bin,C:\Users\joedicke\Documents\reps\EvoODE\outputs\phase_c_c6_data_conditions_5dd1df8\system_0001_ic1_sigma_0p029999999999999999_rho_0p5_realization_2,float64,little_endian
1,1,1,0.03,0.5,3,multiplicative_gaussian_iid,069741ac89cccc44,256,sha256_raw_little_endian_float64,time,time_by_dimension_c_order,[256],"[256,1]",0.019569471624266144,9.960861056751467,1.0452219990541358,10.488240163527113,1fe5998fc7b038b6464efcf5a105b482061dced4bd3c8a6cdcbc31e48cc1bdce,1455f8e8d46df770096c4498542d28824d11a8a369b4a412ce5b652f3871a611,cells\system_0001_ic1_time_f64le.bin,cells\system_0001_ic1_state_f64le_c_order.bin,C:\Users\joedicke\Documents\reps\EvoODE\outputs\phase_c_c6_data_conditions_5dd1df8\system_0001_ic1_sigma_0p029999999999999999_rho_0p5_realization_3,float64,little_endian
1,1,1,0.04,0.0,1,multiplicative_gaussian_iid,44801945584039fb,512,sha256_raw_little_endian_float64,time,time_by_dimension_c_order,[512],"[512,1]",0.0,10.0,1.049504437011835,10.272545099366114,ffad3499269c08c6bd22e9e5c5d2ab32bbf827e2037cbdd6e73571aeab04432f,b91d117ffe8e4e6e9f4e64d8e57510c54a11d85dd0c974f1375697a081ed4682,cells\system_0001_ic1_time_f64le.bin,cells\system_0001_ic1_state_f64le_c_order.bin,C:\Users\joedicke\Documents\reps\EvoODE\outputs\phase_c_c6_data_conditions_5dd1df8\system_0001_ic1_sigma_0p040000000000000001_rho_0_realization_1,float64,little_endian
1,1,1,0.04,0.0,2,multiplicative_gaussian_iid,8822fb29eb654e2c,512,sha256_raw_little_endian_float64,time,time_by_dimension_c_order,[512],"[512,1]",0.0,10.0,1.0143370924122754,10.241027581520896,ffad3499269c08c6bd22e9e5c5d2ab32bbf827e2037cbdd6e73571aeab04432f,108c5ca581dd5ffbb735992ba840fda5828d132ec1900b787815b23da8ae6fdb,cells\system_0001_ic1_time_f64le.bin,cells\system_0001_ic1_state_f64le_c_order.bin,C:\Users\joedicke\Documents\reps\EvoODE\outputs\phase_c_c6_data_conditions_5dd1df8\system_0001_ic1_sigma_0p040000000000000001_rho_0_realization_2,float64,little_endian
1,1,1,0.04,0.0,3,multiplicative_gaussian_iid,c894b9d947f7dad9,512,sha256_raw_little_endian_float64,time,time_by_dimension_c_order,[512],"[512,1]",0.0,10.0,1.0215576947489466,10.992164251588875,ffad3499269c08c6bd22e9e5c5d2ab32bbf827e2037cbdd6e73571aeab04432f,83cb6de9383d1a8a7a1d096c97cec7a470b157527143435ae91b8a1e7ee7e894,cells\system_0001_ic1_time_f64le.bin,cells\system_0001_ic1_state_f64le_c_order.bin,C:\Users\joedicke\Documents\reps\EvoODE\outputs\phase_c_c6_data_conditions_5dd1df8\system_0001_ic1_sigma_0p040000000000000001_rho_0_realization_3,float64,little_endian
1,1,1,0.04,0.5,1,multiplicative_gaussian_iid,9b8b6df42eee8e32,256,sha256_raw_little_endian_float64,time,time_by_dimension_c_order,[256],"[256,1]",0.03913894324853229,10.0,1.0281760618100644,9.73978704439194,fabf6dabd8a76f3a2d0926aba6b53fda8e90f9f80b79e0a93ab82295b7169310,e6437178f036d53ee6d59a6b66336b66b06ec0969f9ebd94814e50bace543b9d,cells\system_0001_ic1_time_f64le.bin,cells\system_0001_ic1_state_f64le_c_order.bin,C:\Users\joedicke\Documents\reps\EvoODE\outputs\phase_c_c6_data_conditions_5dd1df8\system_0001_ic1_sigma_0p040000000000000001_rho_0p5_realization_1,float64,little_endian
1,1,1,0.04,0.5,2,multiplicative_gaussian_iid,782ee43c52f10048,256,sha256_raw_little_endian_float64,time,time_by_dimension_c_order,[256],"[256,1]",0.03913894324853229,10.0,1.0451036112046137,10.512851975794021,b9f01b18a7a7658254e064bf3b83ae868218182ab4d25e5c71548761a2267b0a,de3025c1f0bd30e0d059429d8323493df41953ff5fbe12597fed1002e7388848,cells\system_0001_ic1_time_f64le.bin,cells\system_0001_ic1_state_f64le_c_order.bin,C:\Users\joedicke\Documents\reps\EvoODE\outputs\phase_c_c6_data_conditions_5dd1df8\system_0001_ic1_sigma_0p040000000000000001_rho_0p5_realization_2,float64,little_endian
1,1,1,0.04,0.5,3,multiplicative_gaussian_iid,ed5295c60e5e2276,256,sha256_raw_little_endian_float64,time,time_by_dimension_c_order,[256],"[256,1]",0.0,10.0,1.0485131243115127,10.033935481893632,ca2a8e4a9f45a6fd64ebcab4d3c35a9e15a17ff6f77da13b5efd20c019a9265c,5100f6c5d7d55447ab2487c647050ac88154bda87b8ec1c34000b379fd1e1e10,cells\system_0001_ic1_time_f64le.bin,cells\system_0001_ic1_state_f64le_c_order.bin,C:\Users\joedicke\Documents\reps\EvoODE\outputs\phase_c_c6_data_conditions_5dd1df8\system_0001_ic1_sigma_0p040000000000000001_rho_0p5_realization_3,float64,little_endian
1,1,1,0.05,0.0,1,multiplicative_gaussian_iid,0c0ad42629f69010,512,sha256_raw_little_endian_float64,time,time_by_dimension_c_order,[512],"[512,1]",0.0,10.0,0.9593394244580851,10.880901137779842,ffad3499269c08c6bd22e9e5c5d2ab32bbf827e2037cbdd6e73571aeab04432f,4bacca481c63dbb06c4219e1c0b82f85ba1c276f8f3b72c76995faa420114998,cells\system_0001_ic1_time_f64le.bin,cells\system_0001_ic1_state_f64le_c_order.bin,C:\Users\joedicke\Documents\reps\EvoODE\outputs\phase_c_c6_data_conditions_5dd1df8\system_0001_ic1_sigma_0p050000000000000003_rho_0_realization_1,float64,little_endian
1,1,1,0.05,0.0,2,multiplicative_gaussian_iid,d4fd33de90c64fdb,512,sha256_raw_little_endian_float64,time,time_by_dimension_c_order,[512],"[512,1]",0.0,10.0,0.9802840503439605,11.72877897271875,ffad3499269c08c6bd22e9e5c5d2ab32bbf827e2037cbdd6e73571aeab04432f,2b42668b2cdcc57ff42a2510275576b50bedbcb79265dd7ef7ca923d10ff9750,cells\system_0001_ic1_time_f64le.bin,cells\system_0001_ic1_state_f64le_c_order.bin,C:\Users\joedicke\Documents\reps\EvoODE\outputs\phase_c_c6_data_conditions_5dd1df8\system_0001_ic1_sigma_0p050000000000000003_rho_0_realization_2,float64,little_endian
1,1,1,0.05,0.0,3,multiplicative_gaussian_iid,474964b5d4eb36b7,512,sha256_raw_little_endian_float64,time,time_by_dimension_c_order,[512],"[512,1]",0.0,10.0,1.0417347398256975,10.191502240992756,ffad3499269c08c6bd22e9e5c5d2ab32bbf827e2037cbdd6e73571aeab04432f,70755f14523030c12bf0e7f3a2286b42cd1d7156a8e325aaa8f1ce0575d89e66,cells\system_0001_ic1_time_f64le.bin,cells\system_0001_ic1_state_f64le_c_order.bin,C:\Users\joedicke\Documents\reps\EvoODE\outputs\phase_c_c6_data_conditions_5dd1df8\system_0001_ic1_sigma_0p050000000000000003_rho_0_realization_3,float64,little_endian
1,1,1,0.05,0.5,1,multiplicative_gaussian_iid,2c2c9d97aa17bd60,256,sha256_raw_little_endian_float64,time,time_by_dimension_c_order,[256],"[256,1]",0.05870841487279843,10.0,0.9761380921894165,9.997222728978409,e1da46a71c4a8045841d3e2d92a9bebc9abdd3b49e284281e8593208a79d4b73,4bf89547b7921fc5e2c76ade2f5beb5d223c30e9e053054075d1f57d94d7e5a3,cells\system_0001_ic1_time_f64le.bin,cells\system_0001_ic1_state_f64le_c_order.bin,C:\Users\joedicke\Documents\reps\EvoODE\outputs\phase_c_c6_data_conditions_5dd1df8\system_0001_ic1_sigma_0p050000000000000003_rho_0p5_realization_1,float64,little_endian
1,1,1,0.05,0.5,2,multiplicative_gaussian_iid,0e7c4be2f70297ab,256,sha256_raw_little_endian_float64,time,time_by_dimension_c_order,[256],"[256,1]",0.019569471624266144,10.0,1.0143055024389045,10.539411879805245,f6a96a7ebd6ff1a8a67c1bfa5ed83f8ae459380f6c31a0dc6f1334b91ba1df1b,907107482ecd8466bd92bf6388effc140317181738e7be025f05b78b5f887d63,cells\system_0001_ic1_time_f64le.bin,cells\system_0001_ic1_state_f64le_c_order.bin,C:\Users\joedicke\Documents\reps\EvoODE\outputs\phase_c_c6_data_conditions_5dd1df8\system_0001_ic1_sigma_0p050000000000000003_rho_0p5_realization_2,float64,little_endian
1,1,1,0.05,0.5,3,multiplicative_gaussian_iid,eb4c796cf661b732,256,sha256_raw_little_endian_float64,time,time_by_dimension_c_order,[256],"[256,1]",0.03913894324853229,9.941291585127201,1.0220035356535992,10.03499062612601,2cb7f84c42863423cec6fb92139354959205fc89c8a57ed4fe3418afe6e11661,57a327300d829f876b62c8563a73d7a33e86c67be7cc8002f8a02208cd7cf451,cells\system_0001_ic1_time_f64le.bin,cells\system_0001_ic1_state_f64le_c_order.bin,C:\Users\joedicke\Documents\reps\EvoODE\outputs\phase_c_c6_data_conditions_5dd1df8\system_0001_ic1_sigma_0p050000000000000003_rho_0p5_realization_3,float64,little_endian
1,2,1,0.0,0.0,1,multiplicative_gaussian_iid,799711a15b6d0740,512,sha256_raw_little_endian_float64,time,time_by_dimension_c_order,[512],"[512,1]",0.0,10.0,0.9132225508334256,3.54,ffad3499269c08c6bd22e9e5c5d2ab32bbf827e2037cbdd6e73571aeab04432f,6906ca0a07a887c83ae9cc220226eb21a137b4de61d699f78de1a2ac458d7470,cells\system_0001_ic2_time_f64le.bin,cells\system_0001_ic2_state_f64le_c_order.bin,C:\Users\joedicke\Documents\reps\EvoODE\outputs\phase_c_c6_data_conditions_5dd1df8\system_0001_ic2_sigma_0_rho_0_realization_1,float64,little_endian
1,2,1,0.0,0.0,2,multiplicative_gaussian_iid,b5afe8a7651c851f,512,sha256_raw_little_endian_float64,time,time_by_dimension_c_order,[512],"[512,1]",0.0,10.0,0.9132225508334256,3.54,ffad3499269c08c6bd22e9e5c5d2ab32bbf827e2037cbdd6e73571aeab04432f,6906ca0a07a887c83ae9cc220226eb21a137b4de61d699f78de1a2ac458d7470,cells\system_0001_ic2_time_f64le.bin,cells\system_0001_ic2_state_f64le_c_order.bin,C:\Users\joedicke\Documents\reps\EvoODE\outputs\phase_c_c6_data_conditions_5dd1df8\system_0001_ic2_sigma_0_rho_0_realization_2,float64,little_endian
1,2,1,0.0,0.0,3,multiplicative_gaussian_iid,d0ef57fd9e507f22,512,sha256_raw_little_endian_float64,time,time_by_dimension_c_order,[512],"[512,1]",0.0,10.0,0.9132225508334256,3.54,ffad3499269c08c6bd22e9e5c5d2ab32bbf827e2037cbdd6e73571aeab04432f,6906ca0a07a887c83ae9cc220226eb21a137b4de61d699f78de1a2ac458d7470,cells\system_0001_ic2_time_f64le.bin,cells\system_0001_ic2_state_f64le_c_order.bin,C:\Users\joedicke\Documents\reps\EvoODE\outputs\phase_c_c6_data_conditions_5dd1df8\system_0001_ic2_sigma_0_rho_0_realization_3,float64,little_endian
1,2,1,0.0,0.5,1,multiplicative_gaussian_iid,e5ae40517517118c,256,sha256_raw_little_endian_float64,time,time_by_dimension_c_order,[256],"[256,1]",0.019569471624266144,9.980430528375733,0.9137413086138236,3.521005951312542,c6e09eb0e5764428a9c41abcbc8df13b4c0942c9eec5c415aa3945a67ddfcf4b,32f7124f67f2dacb4dd1481fde09f38ccc7f8d11dcf0a3c8c501682f14d99ef3,cells\system_0001_ic2_time_f64le.bin,cells\system_0001_ic2_state_f64le_c_order.bin,C:\Users\joedicke\Documents\reps\EvoODE\outputs\phase_c_c6_data_conditions_5dd1df8\system_0001_ic2_sigma_0_rho_0p5_realization_1,float64,little_endian
1,2,1,0.0,0.5,2,multiplicative_gaussian_iid,410220e26b007c78,256,sha256_raw_little_endian_float64,time,time_by_dimension_c_order,[256],"[256,1]",0.0,9.960861056751467,0.9142637416276405,3.54,a45a49324c6e877a2e58b9c5f8b04ff50f1365f6c97a2844dda63873dea8fc14,a55e35633838b2570d2ffb19201593c5ac9acde4ee5412a56081fabbb8068af4,cells\system_0001_ic2_time_f64le.bin,cells\system_0001_ic2_state_f64le_c_order.bin,C:\Users\joedicke\Documents\reps\EvoODE\outputs\phase_c_c6_data_conditions_5dd1df8\system_0001_ic2_sigma_0_rho_0p5_realization_2,float64,little_endian
1,2,1,0.0,0.5,3,multiplicative_gaussian_iid,32943fed9075ec6b,256,sha256_raw_little_endian_float64,time,time_by_dimension_c_order,[256],"[256,1]",0.0,9.941291585127201,0.9147898759054465,3.54,23e80d55a4d8e82dba28dfb5ecf381f5caf80007889539fd5a1074c02c5afca2,80f33f4742671d30aef0974fcfb0488167382c23176919da8c34b5826ee5b864,cells\system_0001_ic2_time_f64le.bin,cells\system_0001_ic2_state_f64le_c_order.bin,C:\Users\joedicke\Documents\reps\EvoODE\outputs\phase_c_c6_data_conditions_5dd1df8\system_0001_ic2_sigma_0_rho_0p5_realization_3,float64,little_endian
1,2,1,0.01,0.0,1,multiplicative_gaussian_iid,1696ce8b0e80990d,512,sha256_raw_little_endian_float64,time,time_by_dimension_c_order,[512],"[512,1]",0.0,10.0,0.9065045574773613,3.5204154516101966,ffad3499269c08c6bd22e9e5c5d2ab32bbf827e2037cbdd6e73571aeab04432f,e810cf59e60c31c28efaeb06e4d1d05f9340776e13b1dd1d5ad7cc72c70eb46a,cells\system_0001_ic2_time_f64le.bin,cells\system_0001_ic2_state_f64le_c_order.bin,C:\Users\joedicke\Documents\reps\EvoODE\outputs\phase_c_c6_data_conditions_5dd1df8\system_0001_ic2_sigma_0p01_rho_0_realization_1,float64,little_endian
1,2,1,0.01,0.0,2,multiplicative_gaussian_iid,715557b4e934a00a,512,sha256_raw_little_endian_float64,time,time_by_dimension_c_order,[512],"[512,1]",0.0,10.0,0.9059653429646903,3.510725929682409,ffad3499269c08c6bd22e9e5c5d2ab32bbf827e2037cbdd6e73571aeab04432f,12c96692a721b2e5821d0be79762b3dd15c52fdba9b1f0fbc1208ecc34d1b67e,cells\system_0001_ic2_time_f64le.bin,cells\system_0001_ic2_state_f64le_c_order.bin,C:\Users\joedicke\Documents\reps\EvoODE\outputs\phase_c_c6_data_conditions_5dd1df8\system_0001_ic2_sigma_0p01_rho_0_realization_2,float64,little_endian
1,2,1,0.01,0.0,3,multiplicative_gaussian_iid,bcb458bd643fcc5e,512,sha256_raw_little_endian_float64,time,time_by_dimension_c_order,[512],"[512,1]",0.0,10.0,0.8977923941504612,3.5326365609808996,ffad3499269c08c6bd22e9e5c5d2ab32bbf827e2037cbdd6e73571aeab04432f,88b8367b301d91c65b361154bbf6677f152f46467fdb07aa12aa49b75001165d,cells\system_0001_ic2_time_f64le.bin,cells\system_0001_ic2_state_f64le_c_order.bin,C:\Users\joedicke\Documents\reps\EvoODE\outputs\phase_c_c6_data_conditions_5dd1df8\system_0001_ic2_sigma_0p01_rho_0_realization_3,float64,little_endian
1,2,1,0.01,0.5,1,multiplicative_gaussian_iid,228ccdf853b4603f,256,sha256_raw_little_endian_float64,time,time_by_dimension_c_order,[256],"[256,1]",0.03913894324853229,9.980430528375733,0.8977772469308584,3.543782319850528,14282efe2d859a3da63bf886c3f9ca9bb85f14d21222e5e7023e4c47ab26fe35,a1a618741949d4a72fe0ef16d1261d822f7eebb0319407e0052efba57dc8dd20,cells\system_0001_ic2_time_f64le.bin,cells\system_0001_ic2_state_f64le_c_order.bin,C:\Users\joedicke\Documents\reps\EvoODE\outputs\phase_c_c6_data_conditions_5dd1df8\system_0001_ic2_sigma_0p01_rho_0p5_realization_1,float64,little_endian
1,2,1,0.01,0.5,2,multiplicative_gaussian_iid,91c37238ed72132a,256,sha256_raw_little_endian_float64,time,time_by_dimension_c_order,[256],"[256,1]",0.0,10.0,0.8987879736266372,3.580674594476815,619ce919fdebcca7795de772eec0a887a8b9adaa68776ee113a615c4f02afbe6,31eff1d1b733190e93d85a0ec077ccac99945d83732930bca313fe3863fd0180,cells\system_0001_ic2_time_f64le.bin,cells\system_0001_ic2_state_f64le_c_order.bin,C:\Users\joedicke\Documents\reps\EvoODE\outputs\phase_c_c6_data_conditions_5dd1df8\system_0001_ic2_sigma_0p01_rho_0p5_realization_2,float64,little_endian
1,2,1,0.01,0.5,3,multiplicative_gaussian_iid,f288b68ee10122ab,256,sha256_raw_little_endian_float64,time,time_by_dimension_c_order,[256],"[256,1]",0.019569471624266144,9.980430528375733,0.8901950311119327,3.5131232048312775,ca9fe545cbf983a0cfedcaf65996bdf7f42ed24f00f888aff21a6b792b584b81,6a6d1ce298a1e2b96b90c513fb9290d45a6c01869251a655741f1a8d92d1c56b,cells\system_0001_ic2_time_f64le.bin,cells\system_0001_ic2_state_f64le_c_order.bin,C:\Users\joedicke\Documents\reps\EvoODE\outputs\phase_c_c6_data_conditions_5dd1df8\system_0001_ic2_sigma_0p01_rho_0p5_realization_3,float64,little_endian
1,2,1,0.02,0.0,1,multiplicative_gaussian_iid,672a11e7b6fa736d,512,sha256_raw_little_endian_float64,time,time_by_dimension_c_order,[512],"[512,1]",0.0,10.0,0.8869575012276001,3.5784675289316223,ffad3499269c08c6bd22e9e5c5d2ab32bbf827e2037cbdd6e73571aeab04432f,9dd900fe9f2d6f047d667cf51c91cfd8364889b33deadccf5cf5a7bf368a057f,cells\system_0001_ic2_time_f64le.bin,cells\system_0001_ic2_state_f64le_c_order.bin,C:\Users\joedicke\Documents\reps\EvoODE\outputs\phase_c_c6_data_conditions_5dd1df8\system_0001_ic2_sigma_0p02_rho_0_realization_1,float64,little_endian
1,2,1,0.02,0.0,2,multiplicative_gaussian_iid,325115d8689b3624,512,sha256_raw_little_endian_float64,time,time_by_dimension_c_order,[512],"[512,1]",0.0,10.0,0.8790049244295755,3.6367954462222474,ffad3499269c08c6bd22e9e5c5d2ab32bbf827e2037cbdd6e73571aeab04432f,36bb359bb299c0722e59951b8ae38320e24fb01409cf65a218a76518673df626,cells\system_0001_ic2_time_f64le.bin,cells\system_0001_ic2_state_f64le_c_order.bin,C:\Users\joedicke\Documents\reps\EvoODE\outputs\phase_c_c6_data_conditions_5dd1df8\system_0001_ic2_sigma_0p02_rho_0_realization_2,float64,little_endian
1,2,1,0.02,0.0,3,multiplicative_gaussian_iid,f381e98903da9113,512,sha256_raw_little_endian_float64,time,time_by_dimension_c_order,[512],"[512,1]",0.0,10.0,0.8692398306683276,3.573620938361281,ffad3499269c08c6bd22e9e5c5d2ab32bbf827e2037cbdd6e73571aeab04432f,4ddbc3ba04667475a54b665e8f9874f279e76b3c066373fa10e1c9377cdc11a7,cells\system_0001_ic2_time_f64le.bin,cells\system_0001_ic2_state_f64le_c_order.bin,C:\Users\joedicke\Documents\reps\EvoODE\outputs\phase_c_c6_data_conditions_5dd1df8\system_0001_ic2_sigma_0p02_rho_0_realization_3,float64,little_endian
1,2,1,0.02,0.5,1,multiplicative_gaussian_iid,7c6160caa1ea477b,256,sha256_raw_little_endian_float64,time,time_by_dimension_c_order,[256],"[256,1]",0.05870841487279843,10.0,0.8849326943865115,3.517268070913731,021c1c702df1f975dc0d24248657b73b7fe22fe5d2d89f5c46aacc4538879c6b,91426f526b5f51fde24119f296a2a812bf0e7ebf6d55caeeeddcbe5e148cd264,cells\system_0001_ic2_time_f64le.bin,cells\system_0001_ic2_state_f64le_c_order.bin,C:\Users\joedicke\Documents\reps\EvoODE\outputs\phase_c_c6_data_conditions_5dd1df8\system_0001_ic2_sigma_0p02_rho_0p5_realization_1,float64,little_endian
1,2,1,0.02,0.5,2,multiplicative_gaussian_iid,bcd25d66948ee0ae,256,sha256_raw_little_endian_float64,time,time_by_dimension_c_order,[256],"[256,1]",0.03913894324853229,9.980430528375733,0.8916123170993383,3.567093542583623,f2925a945c5cfca92db7e20113245af41d0b09e446e74c79c3e25700ede74aa2,fb8ce590e4c1f1763c5b9e613b640a90745d2b496973e9dce12c94fcb4fd5e39,cells\system_0001_ic2_time_f64le.bin,cells\system_0001_ic2_state_f64le_c_order.bin,C:\Users\joedicke\Documents\reps\EvoODE\outputs\phase_c_c6_data_conditions_5dd1df8\system_0001_ic2_sigma_0p02_rho_0p5_realization_2,float64,little_endian
1,2,1,0.02,0.5,3,multiplicative_gaussian_iid,e0af3b0de5724047,256,sha256_raw_little_endian_float64,time,time_by_dimension_c_order,[256],"[256,1]",0.019569471624266144,10.0,0.8970913484389276,3.565391061431733,5f8fea60bf087115edd340b64e1860624d67f8f599987366360249902b2d5cd3,1457813666b1961d584b9ff464dc9f6ef78726db043222f425fa26f48502878d,cells\system_0001_ic2_time_f64le.bin,cells\system_0001_ic2_state_f64le_c_order.bin,C:\Users\joedicke\Documents\reps\EvoODE\outputs\phase_c_c6_data_conditions_5dd1df8\system_0001_ic2_sigma_0p02_rho_0p5_realization_3,float64,little_endian
1,2,1,0.03,0.0,1,multiplicative_gaussian_iid,9ab73e4eac8e3294,512,sha256_raw_little_endian_float64,time,time_by_dimension_c_order,[512],"[512,1]",0.0,10.0,0.8727906678954276,3.5712391880596663,ffad3499269c08c6bd22e9e5c5d2ab32bbf827e2037cbdd6e73571aeab04432f,44d4fb75cb3470164ec57843158d7af9ab2685a69df3cf1e82a42c609b47b27b,cells\system_0001_ic2_time_f64le.bin,cells\system_0001_ic2_state_f64le_c_order.bin,C:\Users\joedicke\Documents\reps\EvoODE\outputs\phase_c_c6_data_conditions_5dd1df8\system_0001_ic2_sigma_0p029999999999999999_rho_0_realization_1,float64,little_endian
1,2,1,0.03,0.0,2,multiplicative_gaussian_iid,82c3da1e7e62eee3,512,sha256_raw_little_endian_float64,time,time_by_dimension_c_order,[512],"[512,1]",0.0,10.0,0.8804219155226978,3.662569563610362,ffad3499269c08c6bd22e9e5c5d2ab32bbf827e2037cbdd6e73571aeab04432f,e6dc2db608afc79e4de782ceb0f6d09c3ba19c75abdf889b68afc90a85cf109f,cells\system_0001_ic2_time_f64le.bin,cells\system_0001_ic2_state_f64le_c_order.bin,C:\Users\joedicke\Documents\reps\EvoODE\outputs\phase_c_c6_data_conditions_5dd1df8\system_0001_ic2_sigma_0p029999999999999999_rho_0_realization_2,float64,little_endian
1,2,1,0.03,0.0,3,multiplicative_gaussian_iid,14ad814a69ec28ff,512,sha256_raw_little_endian_float64,time,time_by_dimension_c_order,[512],"[512,1]",0.0,10.0,0.8196173191684872,3.5561747321045636,ffad3499269c08c6bd22e9e5c5d2ab32bbf827e2037cbdd6e73571aeab04432f,0a9d0066338c6df73f4a785d3274b3e9aac7e38df4d65fb63d815adf99530656,cells\system_0001_ic2_time_f64le.bin,cells\system_0001_ic2_state_f64le_c_order.bin,C:\Users\joedicke\Documents\reps\EvoODE\outputs\phase_c_c6_data_conditions_5dd1df8\system_0001_ic2_sigma_0p029999999999999999_rho_0_realization_3,float64,little_endian
1,2,1,0.03,0.5,1,multiplicative_gaussian_iid,8de245124bfb451c,256,sha256_raw_little_endian_float64,time,time_by_dimension_c_order,[256],"[256,1]",0.019569471624266144,10.0,0.8714803203902226,3.5612444892005435,2ea941aec1c5085e8ea708e4cc17e4a305a4683db20a5fcbc676284e8e252cbd,aa43ee00592b8194c23b3935adef3b14a49a7925634203ce1ae453fe8836e932,cells\system_0001_ic2_time_f64le.bin,cells\system_0001_ic2_state_f64le_c_order.bin,C:\Users\joedicke\Documents\reps\EvoODE\outputs\phase_c_c6_data_conditions_5dd1df8\system_0001_ic2_sigma_0p029999999999999999_rho_0p5_realization_1,float64,little_endian
1,2,1,0.03,0.5,2,multiplicative_gaussian_iid,a318ab0636b2776b,256,sha256_raw_little_endian_float64,time,time_by_dimension_c_order,[256],"[256,1]",0.136986301369863,10.0,0.8720633842241753,3.467299662983048,37f2e4113b7ca07a89eebe85f99c09513ec27f4a0c2d1e6d86519ef1318a029a,a7b3d85c4ab4d1a5e10425f032e14651f26c696ce7eb02a7f269d2e1d765f777,cells\system_0001_ic2_time_f64le.bin,cells\system_0001_ic2_state_f64le_c_order.bin,C:\Users\joedicke\Documents\reps\EvoODE\outputs\phase_c_c6_data_conditions_5dd1df8\system_0001_ic2_sigma_0p029999999999999999_rho_0p5_realization_2,float64,little_endian
1,2,1,0.03,0.5,3,multiplicative_gaussian_iid,069741ac89cccc44,256,sha256_raw_little_endian_float64,time,time_by_dimension_c_order,[256],"[256,1]",0.0,9.980430528375733,0.8744408403708056,3.5496876621030062,da82c757c99e9240862194311893f105d97dd6d16382c4992bd16f5d8d1d3660,e175371e27527c974e8d225fcfd621c0b2e8ee8705d91a03c3e6ef1a0c63861a,cells\system_0001_ic2_time_f64le.bin,cells\system_0001_ic2_state_f64le_c_order.bin,C:\Users\joedicke\Documents\reps\EvoODE\outputs\phase_c_c6_data_conditions_5dd1df8\system_0001_ic2_sigma_0p029999999999999999_rho_0p5_realization_3,float64,little_endian
1,2,1,0.04,0.0,1,multiplicative_gaussian_iid,44801945584039fb,512,sha256_raw_little_endian_float64,time,time_by_dimension_c_order,[512],"[512,1]",0.0,10.0,0.864666559195657,3.659831039644556,ffad3499269c08c6bd22e9e5c5d2ab32bbf827e2037cbdd6e73571aeab04432f,880dc7b45136b8707779c59fd8a4c8b10362eaec10b7bfdf865293632d2d65de,cells\system_0001_ic2_time_f64le.bin,cells\system_0001_ic2_state_f64le_c_order.bin,C:\Users\joedicke\Documents\reps\EvoODE\outputs\phase_c_c6_data_conditions_5dd1df8\system_0001_ic2_sigma_0p040000000000000001_rho_0_realization_1,float64,little_endian
1,2,1,0.04,0.0,2,multiplicative_gaussian_iid,8822fb29eb654e2c,512,sha256_raw_little_endian_float64,time,time_by_dimension_c_order,[512],"[512,1]",0.0,10.0,0.8613135743026804,3.6558452450885017,ffad3499269c08c6bd22e9e5c5d2ab32bbf827e2037cbdd6e73571aeab04432f,24f3f3b067d11b56ceec62e780bac35c579482faf8f3dc66b7df015cc3f18b8f,cells\system_0001_ic2_time_f64le.bin,cells\system_0001_ic2_state_f64le_c_order.bin,C:\Users\joedicke\Documents\reps\EvoODE\outputs\phase_c_c6_data_conditions_5dd1df8\system_0001_ic2_sigma_0p040000000000000001_rho_0_realization_2,float64,little_endian
1,2,1,0.04,0.0,3,multiplicative_gaussian_iid,c894b9d947f7dad9,512,sha256_raw_little_endian_float64,time,time_by_dimension_c_order,[512],"[512,1]",0.0,10.0,0.8515594987710575,3.7513913791159705,ffad3499269c08c6bd22e9e5c5d2ab32bbf827e2037cbdd6e73571aeab04432f,e35245f1b6b8d263d6db605818c0dd0a9cc588f753761a0ed75237c28d35c9f2,cells\system_0001_ic2_time_f64le.bin,cells\system_0001_ic2_state_f64le_c_order.bin,C:\Users\joedicke\Documents\reps\EvoODE\outputs\phase_c_c6_data_conditions_5dd1df8\system_0001_ic2_sigma_0p040000000000000001_rho_0_realization_3,float64,little_endian
1,2,1,0.04,0.5,1,multiplicative_gaussian_iid,9b8b6df42eee8e32,256,sha256_raw_little_endian_float64,time,time_by_dimension_c_order,[256],"[256,1]",0.019569471624266144,9.980430528375733,0.8222450631146977,3.490377443058371,8a6dade71916da564a91d45496f413b8afe7838852af15747e0d34cd7c66846c,1b60bea8bebc147e7e3633bcd92624fa9b6b718ec238f4124a918ca8009f8e70,cells\system_0001_ic2_time_f64le.bin,cells\system_0001_ic2_state_f64le_c_order.bin,C:\Users\joedicke\Documents\reps\EvoODE\outputs\phase_c_c6_data_conditions_5dd1df8\system_0001_ic2_sigma_0p040000000000000001_rho_0p5_realization_1,float64,little_endian
1,2,1,0.04,0.5,2,multiplicative_gaussian_iid,782ee43c52f10048,256,sha256_raw_little_endian_float64,time,time_by_dimension_c_order,[256],"[256,1]",0.019569471624266144,9.980430528375733,0.8489471449387933,3.5848371773171372,8bb210065062cb6b85e94ecac3fcb1f7e10d3cb4f025202f7a321c91f5eaf6f7,0b49426c0e7e2f24fb8abc4bb8df891d66af2b9a1a66d93b1b29e3977cc1e009,cells\system_0001_ic2_time_f64le.bin,cells\system_0001_ic2_state_f64le_c_order.bin,C:\Users\joedicke\Documents\reps\EvoODE\outputs\phase_c_c6_data_conditions_5dd1df8\system_0001_ic2_sigma_0p040000000000000001_rho_0p5_realization_2,float64,little_endian
1,2,1,0.04,0.5,3,multiplicative_gaussian_iid,ed5295c60e5e2276,256,sha256_raw_little_endian_float64,time,time_by_dimension_c_order,[256],"[256,1]",0.0,9.960861056751467,0.8770005436887243,3.663094061577392,ab6918c5a9b4ece779ef1e7afe9a50652eb7ca676f183b176233f296e594d3c5,c4dcdc6f01aa38ab06caf50ecf484e2cecc88fb4c27679c29da28954e76ea36a,cells\system_0001_ic2_time_f64le.bin,cells\system_0001_ic2_state_f64le_c_order.bin,C:\Users\joedicke\Documents\reps\EvoODE\outputs\phase_c_c6_data_conditions_5dd1df8\system_0001_ic2_sigma_0p040000000000000001_rho_0p5_realization_3,float64,little_endian
1,2,1,0.05,0.0,1,multiplicative_gaussian_iid,0c0ad42629f69010,512,sha256_raw_little_endian_float64,time,time_by_dimension_c_order,[512],"[512,1]",0.0,10.0,0.8108079286273812,3.6524325979363663,ffad3499269c08c6bd22e9e5c5d2ab32bbf827e2037cbdd6e73571aeab04432f,67ca2cd50b63e0d7be4fa93491183448656e2338a19080affae48e59c1903f2f,cells\system_0001_ic2_time_f64le.bin,cells\system_0001_ic2_state_f64le_c_order.bin,C:\Users\joedicke\Documents\reps\EvoODE\outputs\phase_c_c6_data_conditions_5dd1df8\system_0001_ic2_sigma_0p050000000000000003_rho_0_realization_1,float64,little_endian
1,2,1,0.05,0.0,2,multiplicative_gaussian_iid,d4fd33de90c64fdb,512,sha256_raw_little_endian_float64,time,time_by_dimension_c_order,[512],"[512,1]",0.0,10.0,0.8335368160617511,3.7941378328501765,ffad3499269c08c6bd22e9e5c5d2ab32bbf827e2037cbdd6e73571aeab04432f,f6d2c3632059322d576667477b7652cd05e9714f7c6a585e7577a56178b86fd5,cells\system_0001_ic2_time_f64le.bin,cells\system_0001_ic2_state_f64le_c_order.bin,C:\Users\joedicke\Documents\reps\EvoODE\outputs\phase_c_c6_data_conditions_5dd1df8\system_0001_ic2_sigma_0p050000000000000003_rho_0_realization_2,float64,little_endian
1,2,1,0.05,0.0,3,multiplicative_gaussian_iid,474964b5d4eb36b7,512,sha256_raw_little_endian_float64,time,time_by_dimension_c_order,[512],"[512,1]",0.0,10.0,0.8565700949970239,3.561441755190763,ffad3499269c08c6bd22e9e5c5d2ab32bbf827e2037cbdd6e73571aeab04432f,c5e8587cfc4ba74288706c6486f3c8acb5eee3099483ad60cc745b4bc4d0f98f,cells\system_0001_ic2_time_f64le.bin,cells\system_0001_ic2_state_f64le_c_order.bin,C:\Users\joedicke\Documents\reps\EvoODE\outputs\phase_c_c6_data_conditions_5dd1df8\system_0001_ic2_sigma_0p050000000000000003_rho_0_realization_3,float64,little_endian
1,2,1,0.05,0.5,1,multiplicative_gaussian_iid,2c2c9d97aa17bd60,256,sha256_raw_little_endian_float64,time,time_by_dimension_c_order,[256],"[256,1]",0.0,9.980430528375733,0.8424757488695431,3.600340729044248,0a8232da6aea6c558cbabe2d9c6cf54e90dc702a97a2a4e2dfbb471d7d4ab263,25e6431e875d0e59f17ba3da3ca393541cc1a3410a89525c635e9521b6360647,cells\system_0001_ic2_time_f64le.bin,cells\system_0001_ic2_state_f64le_c_order.bin,C:\Users\joedicke\Documents\reps\EvoODE\outputs\phase_c_c6_data_conditions_5dd1df8\system_0001_ic2_sigma_0p050000000000000003_rho_0p5_realization_1,float64,little_endian
1,2,1,0.05,0.5,2,multiplicative_gaussian_iid,0e7c4be2f70297ab,256,sha256_raw_little_endian_float64,time,time_by_dimension_c_order,[256],"[256,1]",0.0,10.0,0.8174466145402507,3.6494492922524113,af653176c16c2bb81095ad24fc90cf75b315639ae4be48e9d284a9b5c97a21eb,c6f7116386b794cafbf2e3be4e9b75abee28073ba5176294e30387d76da5a963,cells\system_0001_ic2_time_f64le.bin,cells\system_0001_ic2_state_f64le_c_order.bin,C:\Users\joedicke\Documents\reps\EvoODE\outputs\phase_c_c6_data_conditions_5dd1df8\system_0001_ic2_sigma_0p050000000000000003_rho_0p5_realization_2,float64,little_endian
1,2,1,0.05,0.5,3,multiplicative_gaussian_iid,eb4c796cf661b732,256,sha256_raw_little_endian_float64,time,time_by_dimension_c_order,[256],"[256,1]",0.0,9.980430528375733,0.8100454309052623,3.7953098059270456,0a123bdb5fd9f16cc5228cbc74f3625d3cb3a7d7984ed871f26817b3251fef7a,f70d6e81a82387b55b1b254e53a4a0875995b6089b279636a1edf35e160cbda2,cells\system_0001_ic2_time_f64le.bin,cells\system_0001_ic2_state_f64le_c_order.bin,C:\Users\joedicke\Documents\reps\EvoODE\outputs\phase_c_c6_data_conditions_5dd1df8\system_0001_ic2_sigma_0p050000000000000003_rho_0p5_realization_3,float64,little_endian
11,1,1,0.0,0.0,1,multiplicative_gaussian_iid,799711a15b6d0740,512,sha256_raw_little_endian_float64,time,time_by_dimension_c_order,[512],"[512,1]",0.0,10.0,0.223124782335635,3.4,ffad3499269c08c6bd22e9e5c5d2ab32bbf827e2037cbdd6e73571aeab04432f,cdc13858122785454f6151a9501ad6371cdf981cbe371f76125ca52d6fd250b4,cells\system_0011_ic1_time_f64le.bin,cells\system_0011_ic1_state_f64le_c_order.bin,C:\Users\joedicke\Documents\reps\EvoODE\outputs\phase_c_c6_data_conditions_5dd1df8\system_0011_ic1_sigma_0_rho_0_realization_1,float64,little_endian
11,1,1,0.0,0.0,2,multiplicative_gaussian_iid,b5afe8a7651c851f,512,sha256_raw_little_endian_float64,time,time_by_dimension_c_order,[512],"[512,1]",0.0,10.0,0.223124782335635,3.4,ffad3499269c08c6bd22e9e5c5d2ab32bbf827e2037cbdd6e73571aeab04432f,cdc13858122785454f6151a9501ad6371cdf981cbe371f76125ca52d6fd250b4,cells\system_0011_ic1_time_f64le.bin,cells\system_0011_ic1_state_f64le_c_order.bin,C:\Users\joedicke\Documents\reps\EvoODE\outputs\phase_c_c6_data_conditions_5dd1df8\system_0011_ic1_sigma_0_rho_0_realization_2,float64,little_endian
11,1,1,0.0,0.0,3,multiplicative_gaussian_iid,d0ef57fd9e507f22,512,sha256_raw_little_endian_float64,time,time_by_dimension_c_order,[512],"[512,1]",0.0,10.0,0.223124782335635,3.4,ffad3499269c08c6bd22e9e5c5d2ab32bbf827e2037cbdd6e73571aeab04432f,cdc13858122785454f6151a9501ad6371cdf981cbe371f76125ca52d6fd250b4,cells\system_0011_ic1_time_f64le.bin,cells\system_0011_ic1_state_f64le_c_order.bin,C:\Users\joedicke\Documents\reps\EvoODE\outputs\phase_c_c6_data_conditions_5dd1df8\system_0011_ic1_sigma_0_rho_0_realization_3,float64,little_endian
11,1,1,0.0,0.5,1,multiplicative_gaussian_iid,e5ae40517517118c,256,sha256_raw_little_endian_float64,time,time_by_dimension_c_order,[256],"[256,1]",0.05870841487279843,9.941291585127201,0.22377979986917512,2.214460499537474,d65ca2f4bf174ad142bf7094cdcb27c22876278334b33f4848efe033196adf29,61518f00b9912655983a48082a71f80a4b187c86dd1eb50619a8c8220e4b6e84,cells\system_0011_ic1_time_f64le.bin,cells\system_0011_ic1_state_f64le_c_order.bin,C:\Users\joedicke\Documents\reps\EvoODE\outputs\phase_c_c6_data_conditions_5dd1df8\system_0011_ic1_sigma_0_rho_0p5_realization_1,float64,little_endian
11,1,1,0.0,0.5,2,multiplicative_gaussian_iid,410220e26b007c78,256,sha256_raw_little_endian_float64,time,time_by_dimension_c_order,[256],"[256,1]",0.019569471624266144,10.0,0.223124782335635,2.8211676301960082,4299220e9f854d142951611353fb2d65a668f346dcedfba860caebb5c86df11b,a2bff25676a18a38fd92abb21f87da89258bd4929cd3912660a59346f82f824d,cells\system_0011_ic1_time_f64le.bin,cells\system_0011_ic1_state_f64le_c_order.bin,C:\Users\joedicke\Documents\reps\EvoODE\outputs\phase_c_c6_data_conditions_5dd1df8\system_0011_ic1_sigma_0_rho_0p5_realization_2,float64,little_endian
11,1,1,0.0,0.5,3,multiplicative_gaussian_iid,32943fed9075ec6b,256,sha256_raw_little_endian_float64,time,time_by_dimension_c_order,[256],"[256,1]",0.019569471624266144,10.0,0.223124782335635,2.8211676301960082,d7c80caec8e5f67b0f3ecc852d6f880a7c80163a4e8085677159f14dd7340dbd,dd9a2defbf2857ec36d84a009d76dcc3e88d0b724ba9f076c3f8cf3f75a19e0a,cells\system_0011_ic1_time_f64le.bin,cells\system_0011_ic1_state_f64le_c_order.bin,C:\Users\joedicke\Documents\reps\EvoODE\outputs\phase_c_c6_data_conditions_5dd1df8\system_0011_ic1_sigma_0_rho_0p5_realization_3,float64,little_endian
11,1,1,0.01,0.0,1,multiplicative_gaussian_iid,1696ce8b0e80990d,512,sha256_raw_little_endian_float64,time,time_by_dimension_c_order,[512],"[512,1]",0.0,10.0,0.21916064183181933,3.358485924530012,ffad3499269c08c6bd22e9e5c5d2ab32bbf827e2037cbdd6e73571aeab04432f,f57186fdd2e1ee0ed1b2f3d89f0baec2bf9d398f7021d41261d8339e409796d4,cells\system_0011_ic1_time_f64le.bin,cells\system_0011_ic1_state_f64le_c_order.bin,C:\Users\joedicke\Documents\reps\EvoODE\outputs\phase_c_c6_data_conditions_5dd1df8\system_0011_ic1_sigma_0p01_rho_0_realization_1,float64,little_endian
11,1,1,0.01,0.0,2,multiplicative_gaussian_iid,715557b4e934a00a,512,sha256_raw_little_endian_float64,time,time_by_dimension_c_order,[512],"[512,1]",0.0,10.0,0.22012899850463546,3.358423078403377,ffad3499269c08c6bd22e9e5c5d2ab32bbf827e2037cbdd6e73571aeab04432f,61c325813a7afaebbd6fbe68783b1872d8cc8d75432f2bd5563468fa033eee32,cells\system_0011_ic1_time_f64le.bin,cells\system_0011_ic1_state_f64le_c_order.bin,C:\Users\joedicke\Documents\reps\EvoODE\outputs\phase_c_c6_data_conditions_5dd1df8\system_0011_ic1_sigma_0p01_rho_0_realization_2,float64,little_endian
11,1,1,0.01,0.0,3,multiplicative_gaussian_iid,bcb458bd643fcc5e,512,sha256_raw_little_endian_float64,time,time_by_dimension_c_order,[512],"[512,1]",0.0,10.0,0.21966049413215166,3.3909093299205684,ffad3499269c08c6bd22e9e5c5d2ab32bbf827e2037cbdd6e73571aeab04432f,a0b948401d14047c49a530713b278c36cb31a61e4e7da5b74bc523f58c491115,cells\system_0011_ic1_time_f64le.bin,cells\system_0011_ic1_state_f64le_c_order.bin,C:\Users\joedicke\Documents\reps\EvoODE\outputs\phase_c_c6_data_conditions_5dd1df8\system_0011_ic1_sigma_0p01_rho_0_realization_3,float64,little_endian
11,1,1,0.01,0.5,1,multiplicative_gaussian_iid,228ccdf853b4603f,256,sha256_raw_little_endian_float64,time,time_by_dimension_c_order,[256],"[256,1]",0.019569471624266144,9.980430528375733,0.22278298256651288,2.884098654059277,b47c037013746625ea4d5ed5852f3791576af3e8aa70eb356566e635766d14c5,c0bbc3c07599a4cc72d0eab7d8a068fe2cd8faba826967b5da531fb004b971fa,cells\system_0011_ic1_time_f64le.bin,cells\system_0011_ic1_state_f64le_c_order.bin,C:\Users\joedicke\Documents\reps\EvoODE\outputs\phase_c_c6_data_conditions_5dd1df8\system_0011_ic1_sigma_0p01_rho_0p5_realization_1,float64,little_endian
11,1,1,0.01,0.5,2,multiplicative_gaussian_iid,91c37238ed72132a,256,sha256_raw_little_endian_float64,time,time_by_dimension_c_order,[256],"[256,1]",0.0,10.0,0.22169790963311217,3.416789830053023,a6ff9b9ce7b463b8d69c5abe61cdbfb812b73f258c70ed63d1935bcdc8ad31c7,e558f957570fcd99093645e7d79e6317ead9fc7ef25ce9d43a0fce5e0c42d0cd,cells\system_0011_ic1_time_f64le.bin,cells\system_0011_ic1_state_f64le_c_order.bin,C:\Users\joedicke\Documents\reps\EvoODE\outputs\phase_c_c6_data_conditions_5dd1df8\system_0011_ic1_sigma_0p01_rho_0p5_realization_2,float64,little_endian
11,1,1,0.01,0.5,3,multiplicative_gaussian_iid,f288b68ee10122ab,256,sha256_raw_little_endian_float64,time,time_by_dimension_c_order,[256],"[256,1]",0.0,9.980430528375733,0.22302599214832644,3.4211676512157885,60fe684b05fce0654bac33d51df6a2394ed8d992d7530fac8d232c985c3e187f,361ebd60181cbe206f54996589b71db96696e5244e2b19ba952c8db321ccdca9,cells\system_0011_ic1_time_f64le.bin,cells\system_0011_ic1_state_f64le_c_order.bin,C:\Users\joedicke\Documents\reps\EvoODE\outputs\phase_c_c6_data_conditions_5dd1df8\system_0011_ic1_sigma_0p01_rho_0p5_realization_3,float64,little_endian
11,1,1,0.02,0.0,1,multiplicative_gaussian_iid,672a11e7b6fa736d,512,sha256_raw_little_endian_float64,time,time_by_dimension_c_order,[512],"[512,1]",0.0,10.0,0.2168611960284862,3.4157505765033442,ffad3499269c08c6bd22e9e5c5d2ab32bbf827e2037cbdd6e73571aeab04432f,fd68fea1a614888702965cf54f9a395e839ffa0a007edd9a051ce9d3717a1ee7,cells\system_0011_ic1_time_f64le.bin,cells\system_0011_ic1_state_f64le_c_order.bin,C:\Users\joedicke\Documents\reps\EvoODE\outputs\phase_c_c6_data_conditions_5dd1df8\system_0011_ic1_sigma_0p02_rho_0_realization_1,float64,little_endian
11,1,1,0.02,0.0,2,multiplicative_gaussian_iid,325115d8689b3624,512,sha256_raw_little_endian_float64,time,time_by_dimension_c_order,[512],"[512,1]",0.0,10.0,0.21716754577064792,3.426799976081741,ffad3499269c08c6bd22e9e5c5d2ab32bbf827e2037cbdd6e73571aeab04432f,be91e4263f4af675df7dd47cf46e13088611f2cf2b2896edb6a81497ed1ec131,cells\system_0011_ic1_time_f64le.bin,cells\system_0011_ic1_state_f64le_c_order.bin,C:\Users\joedicke\Documents\reps\EvoODE\outputs\phase_c_c6_data_conditions_5dd1df8\system_0011_ic1_sigma_0p02_rho_0_realization_2,float64,little_endian
11,1,1,0.02,0.0,3,multiplicative_gaussian_iid,f381e98903da9113,512,sha256_raw_little_endian_float64,time,time_by_dimension_c_order,[512],"[512,1]",0.0,10.0,0.21598676115060983,3.40893106296245,ffad3499269c08c6bd22e9e5c5d2ab32bbf827e2037cbdd6e73571aeab04432f,1b5b00b33da256990214a0459bf317f176bd42cf508e2c1eabd8791242e09c0f,cells\system_0011_ic1_time_f64le.bin,cells\system_0011_ic1_state_f64le_c_order.bin,C:\Users\joedicke\Documents\reps\EvoODE\outputs\phase_c_c6_data_conditions_5dd1df8\system_0011_ic1_sigma_0p02_rho_0_realization_3,float64,little_endian
11,1,1,0.02,0.5,1,multiplicative_gaussian_iid,7c6160caa1ea477b,256,sha256_raw_little_endian_float64,time,time_by_dimension_c_order,[256],"[256,1]",0.05870841487279843,9.980430528375733,0.21968396784939934,2.241550406914798,b6ba7a9d3431ee062ac9733ee34f5fed688b21f94dd80e6e36ee5b0f64b6d46e,31acf3cf464c57940bfa416b6fd0b683618ceaed3aec4e07c07c2101b695d55c,cells\system_0011_ic1_time_f64le.bin,cells\system_0011_ic1_state_f64le_c_order.bin,C:\Users\joedicke\Documents\reps\EvoODE\outputs\phase_c_c6_data_conditions_5dd1df8\system_0011_ic1_sigma_0p02_rho_0p5_realization_1,float64,little_endian
11,1,1,0.02,0.5,2,multiplicative_gaussian_iid,bcd25d66948ee0ae,256,sha256_raw_little_endian_float64,time,time_by_dimension_c_order,[256],"[256,1]",0.0,9.980430528375733,0.2192690621876479,3.487984340972784,4a5ae6c5a0bedae2b8da8f2cd3473981ac5c3695acfc7575d58c5a950d533e6b,6d3756fd15eeb96ec113a78873c50082cfe8963138b6118d772a9cdd8a7b01da,cells\system_0011_ic1_time_f64le.bin,cells\system_0011_ic1_state_f64le_c_order.bin,C:\Users\joedicke\Documents\reps\EvoODE\outputs\phase_c_c6_data_conditions_5dd1df8\system_0011_ic1_sigma_0p02_rho_0p5_realization_2,float64,little_endian
11,1,1,0.02,0.5,3,multiplicative_gaussian_iid,e0af3b0de5724047,256,sha256_raw_little_endian_float64,time,time_by_dimension_c_order,[256],"[256,1]",0.019569471624266144,9.980430528375733,0.21815429823751337,2.8372618057029837,cd873577ff23c883aa1d4eddf49807daa5cb9414cd6e207ba0a823672b512ef6,d7b1dc6d04de34160bf2636065b0ed98617dcefda96f420df5fcdf9abde508f6,cells\system_0011_ic1_time_f64le.bin,cells\system_0011_ic1_state_f64le_c_order.bin,C:\Users\joedicke\Documents\reps\EvoODE\outputs\phase_c_c6_data_conditions_5dd1df8\system_0011_ic1_sigma_0p02_rho_0p5_realization_3,float64,little_endian
11,1,1,0.03,0.0,1,multiplicative_gaussian_iid,9ab73e4eac8e3294,512,sha256_raw_little_endian_float64,time,time_by_dimension_c_order,[512],"[512,1]",0.0,10.0,0.2131020099743845,3.468807042380389,ffad3499269c08c6bd22e9e5c5d2ab32bbf827e2037cbdd6e73571aeab04432f,7e6ef27e8772c8c6ba6418e291b2d2bc0d38bd4ab57e1461c479045fe4ffca15,cells\system_0011_ic1_time_f64le.bin,cells\system_0011_ic1_state_f64le_c_order.bin,C:\Users\joedicke\Documents\reps\EvoODE\outputs\phase_c_c6_data_conditions_5dd1df8\system_0011_ic1_sigma_0p029999999999999999_rho_0_realization_1,float64,little_endian
11,1,1,0.03,0.0,2,multiplicative_gaussian_iid,82c3da1e7e62eee3,512,sha256_raw_little_endian_float64,time,time_by_dimension_c_order,[512],"[512,1]",0.0,10.0,0.2144367173396899,3.3392459440363074,ffad3499269c08c6bd22e9e5c5d2ab32bbf827e2037cbdd6e73571aeab04432f,6e4bf61520b861c1e06b2005c7b7fef155b316850d17321efea2f8fb47f1c071,cells\system_0011_ic1_time_f64le.bin,cells\system_0011_ic1_state_f64le_c_order.bin,C:\Users\joedicke\Documents\reps\EvoODE\outputs\phase_c_c6_data_conditions_5dd1df8\system_0011_ic1_sigma_0p029999999999999999_rho_0_realization_2,float64,little_endian
11,1,1,0.03,0.0,3,multiplicative_gaussian_iid,14ad814a69ec28ff,512,sha256_raw_little_endian_float64,time,time_by_dimension_c_order,[512],"[512,1]",0.0,10.0,0.21488997099725354,3.3921880962052615,ffad3499269c08c6bd22e9e5c5d2ab32bbf827e2037cbdd6e73571aeab04432f,e398162c3fcdcefa98c3952e6341a5a2ca88089344c03d006b7090cee61dfab2,cells\system_0011_ic1_time_f64le.bin,cells\system_0011_ic1_state_f64le_c_order.bin,C:\Users\joedicke\Documents\reps\EvoODE\outputs\phase_c_c6_data_conditions_5dd1df8\system_0011_ic1_sigma_0p029999999999999999_rho_0_realization_3,float64,little_endian
11,1,1,0.03,0.5,1,multiplicative_gaussian_iid,8de245124bfb451c,256,sha256_raw_little_endian_float64,time,time_by_dimension_c_order,[256],"[256,1]",0.0,10.0,0.2152234634362776,3.3540540880313063,a989041ee2837da72e80da5f8ac9593d03d3e7c95cd19ea1987d7279d20bcb00,1cf8adcb8ec469ab329482805c259130893fe59f31cf43ef31d5bf3a70a32660,cells\system_0011_ic1_time_f64le.bin,cells\system_0011_ic1_state_f64le_c_order.bin,C:\Users\joedicke\Documents\reps\EvoODE\outputs\phase_c_c6_data_conditions_5dd1df8\system_0011_ic1_sigma_0p029999999999999999_rho_0p5_realization_1,float64,little_endian
11,1,1,0.03,0.5,2,multiplicative_gaussian_iid,a318ab0636b2776b,256,sha256_raw_little_endian_float64,time,time_by_dimension_c_order,[256],"[256,1]",0.0,9.980430528375733,0.20177628802359288,3.374709002918884,15aba84898ce27ee4df8a98c06b5e77ab81d76e86763071c067b1bbb1bcf9037,d9797a64a3c5dd0d43faa20d1bc9ce512264a1627833cfd4769c1e2d3c43362a,cells\system_0011_ic1_time_f64le.bin,cells\system_0011_ic1_state_f64le_c_order.bin,C:\Users\joedicke\Documents\reps\EvoODE\outputs\phase_c_c6_data_conditions_5dd1df8\system_0011_ic1_sigma_0p029999999999999999_rho_0p5_realization_2,float64,little_endian
11,1,1,0.03,0.5,3,multiplicative_gaussian_iid,069741ac89cccc44,256,sha256_raw_little_endian_float64,time,time_by_dimension_c_order,[256],"[256,1]",0.0,10.0,0.2155833464193475,3.3211377667110162,f9563ba056fc1d0f788b2523a9788c2a5e1bea4144004904e24286de1f873686,14760fe65a6e692e0c58bc284e3b42ac1c2c69791f9bfb0156f9a19b03f0f895,cells\system_0011_ic1_time_f64le.bin,cells\system_0011_ic1_state_f64le_c_order.bin,C:\Users\joedicke\Documents\reps\EvoODE\outputs\phase_c_c6_data_conditions_5dd1df8\system_0011_ic1_sigma_0p029999999999999999_rho_0p5_realization_3,float64,little_endian
11,1,1,0.04,0.0,1,multiplicative_gaussian_iid,44801945584039fb,512,sha256_raw_little_endian_float64,time,time_by_dimension_c_order,[512],"[512,1]",0.0,10.0,0.20620068771498468,3.3012452605417506,ffad3499269c08c6bd22e9e5c5d2ab32bbf827e2037cbdd6e73571aeab04432f,b2ae629a9a5ea0082025466aa2d091bac46e0a702c63b8c1508296b45437ca41,cells\system_0011_ic1_time_f64le.bin,cells\system_0011_ic1_state_f64le_c_order.bin,C:\Users\joedicke\Documents\reps\EvoODE\outputs\phase_c_c6_data_conditions_5dd1df8\system_0011_ic1_sigma_0p040000000000000001_rho_0_realization_1,float64,little_endian
11,1,1,0.04,0.0,2,multiplicative_gaussian_iid,8822fb29eb654e2c,512,sha256_raw_little_endian_float64,time,time_by_dimension_c_order,[512],"[512,1]",0.0,10.0,0.20567473950594295,3.383840072792348,ffad3499269c08c6bd22e9e5c5d2ab32bbf827e2037cbdd6e73571aeab04432f,9e6de0550d4916ed471e15091d962978e6ee3df41c73f1d788ead6f2dd36451e,cells\system_0011_ic1_time_f64le.bin,cells\system_0011_ic1_state_f64le_c_order.bin,C:\Users\joedicke\Documents\reps\EvoODE\outputs\phase_c_c6_data_conditions_5dd1df8\system_0011_ic1_sigma_0p040000000000000001_rho_0_realization_2,float64,little_endian
11,1,1,0.04,0.0,3,multiplicative_gaussian_iid,c894b9d947f7dad9,512,sha256_raw_little_endian_float64,time,time_by_dimension_c_order,[512],"[512,1]",0.0,10.0,0.21101864983610544,3.431320165769389,ffad3499269c08c6bd22e9e5c5d2ab32bbf827e2037cbdd6e73571aeab04432f,9ca4b3d82f834d244fab9048b0b04c18a42b4f85d47c0f375b52002c648feca7,cells\system_0011_ic1_time_f64le.bin,cells\system_0011_ic1_state_f64le_c_order.bin,C:\Users\joedicke\Documents\reps\EvoODE\outputs\phase_c_c6_data_conditions_5dd1df8\system_0011_ic1_sigma_0p040000000000000001_rho_0_realization_3,float64,little_endian
11,1,1,0.04,0.5,1,multiplicative_gaussian_iid,9b8b6df42eee8e32,256,sha256_raw_little_endian_float64,time,time_by_dimension_c_order,[256],"[256,1]",0.019569471624266144,10.0,0.21816420776936615,2.973119453773944,04a5bf5e99153b575130a9fac8166cb634e4a65f575a2b6b873a85931997a701,24247aec4e0f264e4a5cc2e20838f9cc413b56f3d65f7961c6c7bd41627bde2a,cells\system_0011_ic1_time_f64le.bin,cells\system_0011_ic1_state_f64le_c_order.bin,C:\Users\joedicke\Documents\reps\EvoODE\outputs\phase_c_c6_data_conditions_5dd1df8\system_0011_ic1_sigma_0p040000000000000001_rho_0p5_realization_1,float64,little_endian
11,1,1,0.04,0.5,2,multiplicative_gaussian_iid,782ee43c52f10048,256,sha256_raw_little_endian_float64,time,time_by_dimension_c_order,[256],"[256,1]",0.019569471624266144,10.0,0.21484022959088256,2.800184885486612,fc044c5753120b926157c8e244760f60a129e7159a9e550bd3c60b39e42007a7,4992112bfafabb5b536e3bc7c293f5ccdee627c7d52b6bc7aadcbe19eb2f71e6,cells\system_0011_ic1_time_f64le.bin,cells\system_0011_ic1_state_f64le_c_order.bin,C:\Users\joedicke\Documents\reps\EvoODE\outputs\phase_c_c6_data_conditions_5dd1df8\system_0011_ic1_sigma_0p040000000000000001_rho_0p5_realization_2,float64,little_endian
11,1,1,0.04,0.5,3,multiplicative_gaussian_iid,ed5295c60e5e2276,256,sha256_raw_little_endian_float64,time,time_by_dimension_c_order,[256],"[256,1]",0.0,9.980430528375733,0.2141652445877953,3.4158053003645605,d33c8581e3fe06ba29fe764da9e3127b8871193e1a5374b625df00194e0abf39,dcee31ca927daae5dabad52a5ac03644c06cead9d1251cb5bcd6fedced19ebc0,cells\system_0011_ic1_time_f64le.bin,cells\system_0011_ic1_state_f64le_c_order.bin,C:\Users\joedicke\Documents\reps\EvoODE\outputs\phase_c_c6_data_conditions_5dd1df8\system_0011_ic1_sigma_0p040000000000000001_rho_0p5_realization_3,float64,little_endian
11,1,1,0.05,0.0,1,multiplicative_gaussian_iid,0c0ad42629f69010,512,sha256_raw_little_endian_float64,time,time_by_dimension_c_order,[512],"[512,1]",0.0,10.0,0.20328017012491112,3.2305194842383957,ffad3499269c08c6bd22e9e5c5d2ab32bbf827e2037cbdd6e73571aeab04432f,1f4623589d52118b1fc92a7a066d72ecedda3a538a94b624e8e6bab86a4b0aee,cells\system_0011_ic1_time_f64le.bin,cells\system_0011_ic1_state_f64le_c_order.bin,C:\Users\joedicke\Documents\reps\EvoODE\outputs\phase_c_c6_data_conditions_5dd1df8\system_0011_ic1_sigma_0p050000000000000003_rho_0_realization_1,float64,little_endian
11,1,1,0.05,0.0,2,multiplicative_gaussian_iid,d4fd33de90c64fdb,512,sha256_raw_little_endian_float64,time,time_by_dimension_c_order,[512],"[512,1]",0.0,10.0,0.19714722460628512,3.273803223556427,ffad3499269c08c6bd22e9e5c5d2ab32bbf827e2037cbdd6e73571aeab04432f,6ab82a3ba190683141c5cdc8a269d1d1d13f938a61c08bd18c358ac3f4b3b491,cells\system_0011_ic1_time_f64le.bin,cells\system_0011_ic1_state_f64le_c_order.bin,C:\Users\joedicke\Documents\reps\EvoODE\outputs\phase_c_c6_data_conditions_5dd1df8\system_0011_ic1_sigma_0p050000000000000003_rho_0_realization_2,float64,little_endian
11,1,1,0.05,0.0,3,multiplicative_gaussian_iid,474964b5d4eb36b7,512,sha256_raw_little_endian_float64,time,time_by_dimension_c_order,[512],"[512,1]",0.0,10.0,0.20217635614720506,3.307785875101841,ffad3499269c08c6bd22e9e5c5d2ab32bbf827e2037cbdd6e73571aeab04432f,bd6bd86b82307a9d556542d69a21d5cf5bc5ae271292b9d6abb898e528f7e6fd,cells\system_0011_ic1_time_f64le.bin,cells\system_0011_ic1_state_f64le_c_order.bin,C:\Users\joedicke\Documents\reps\EvoODE\outputs\phase_c_c6_data_conditions_5dd1df8\system_0011_ic1_sigma_0p050000000000000003_rho_0_realization_3,float64,little_endian
11,1,1,0.05,0.5,1,multiplicative_gaussian_iid,2c2c9d97aa17bd60,256,sha256_raw_little_endian_float64,time,time_by_dimension_c_order,[256],"[256,1]",0.03913894324853229,10.0,0.20986965563215082,2.604404621480468,fe167fd88da63c4bd64d22e85dcae7e583f4e171e915efe9d3700bd3fd4e2a69,dbe5f6c729489915398f274104e8c736d6f0f8a0e984f65ec050ce5bb2d84297,cells\system_0011_ic1_time_f64le.bin,cells\system_0011_ic1_state_f64le_c_order.bin,C:\Users\joedicke\Documents\reps\EvoODE\outputs\phase_c_c6_data_conditions_5dd1df8\system_0011_ic1_sigma_0p050000000000000003_rho_0p5_realization_1,float64,little_endian
11,1,1,0.05,0.5,2,multiplicative_gaussian_iid,0e7c4be2f70297ab,256,sha256_raw_little_endian_float64,time,time_by_dimension_c_order,[256],"[256,1]",0.019569471624266144,10.0,0.20712791786598153,2.81303972503234,99be4f2924e94af5644bbbde186bb720607de97f47e8bf944cfe6c6aa4c88d27,22cbd54300ebb188745a7b4036993ef7835b301b728f1a2f30a05bb53c9dbb01,cells\system_0011_ic1_time_f64le.bin,cells\system_0011_ic1_state_f64le_c_order.bin,C:\Users\joedicke\Documents\reps\EvoODE\outputs\phase_c_c6_data_conditions_5dd1df8\system_0011_ic1_sigma_0p050000000000000003_rho_0p5_realization_2,float64,little_endian
11,1,1,0.05,0.5,3,multiplicative_gaussian_iid,eb4c796cf661b732,256,sha256_raw_little_endian_float64,time,time_by_dimension_c_order,[256],"[256,1]",0.0,10.0,0.2147809962453134,3.266082002029114,e6c27ebd638ffe15e3497be2591751272ba3a669041166d51744268a8eddfdb5,95bb328c5bbcc9bb981d4258f7d863cfe776e83c8f49693a05dd16ee7fd15a14,cells\system_0011_ic1_time_f64le.bin,cells\system_0011_ic1_state_f64le_c_order.bin,C:\Users\joedicke\Documents\reps\EvoODE\outputs\phase_c_c6_data_conditions_5dd1df8\system_0011_ic1_sigma_0p050000000000000003_rho_0p5_realization_3,float64,little_endian
11,2,1,0.0,0.0,1,multiplicative_gaussian_iid,799711a15b6d0740,512,sha256_raw_little_endian_float64,time,time_by_dimension_c_order,[512],"[512,1]",0.0,10.0,0.22145461316095374,1.6,ffad3499269c08c6bd22e9e5c5d2ab32bbf827e2037cbdd6e73571aeab04432f,0e152754f68b3dc29b226238769ff02dfeb4845df1be84ebd6b0999f881db5df,cells\system_0011_ic2_time_f64le.bin,cells\system_0011_ic2_state_f64le_c_order.bin,C:\Users\joedicke\Documents\reps\EvoODE\outputs\phase_c_c6_data_conditions_5dd1df8\system_0011_ic2_sigma_0_rho_0_realization_1,float64,little_endian
11,2,1,0.0,0.0,2,multiplicative_gaussian_iid,b5afe8a7651c851f,512,sha256_raw_little_endian_float64,time,time_by_dimension_c_order,[512],"[512,1]",0.0,10.0,0.22145461316095374,1.6,ffad3499269c08c6bd22e9e5c5d2ab32bbf827e2037cbdd6e73571aeab04432f,0e152754f68b3dc29b226238769ff02dfeb4845df1be84ebd6b0999f881db5df,cells\system_0011_ic2_time_f64le.bin,cells\system_0011_ic2_state_f64le_c_order.bin,C:\Users\joedicke\Documents\reps\EvoODE\outputs\phase_c_c6_data_conditions_5dd1df8\system_0011_ic2_sigma_0_rho_0_realization_2,float64,little_endian
11,2,1,0.0,0.0,3,multiplicative_gaussian_iid,d0ef57fd9e507f22,512,sha256_raw_little_endian_float64,time,time_by_dimension_c_order,[512],"[512,1]",0.0,10.0,0.22145461316095374,1.6,ffad3499269c08c6bd22e9e5c5d2ab32bbf827e2037cbdd6e73571aeab04432f,0e152754f68b3dc29b226238769ff02dfeb4845df1be84ebd6b0999f881db5df,cells\system_0011_ic2_time_f64le.bin,cells\system_0011_ic2_state_f64le_c_order.bin,C:\Users\joedicke\Documents\reps\EvoODE\outputs\phase_c_c6_data_conditions_5dd1df8\system_0011_ic2_sigma_0_rho_0_realization_3,float64,little_endian
11,2,1,0.0,0.5,1,multiplicative_gaussian_iid,e5ae40517517118c,256,sha256_raw_little_endian_float64,time,time_by_dimension_c_order,[256],"[256,1]",0.0,10.0,0.22145461316095374,1.6,f29f7763477f5200798e2b4173a53895c5123c4735be84b16085c44e15e14086,ddb9c7fc967c8dfaab029b03f020359cc999b1f62e07f3bc05d13794285f7c71,cells\system_0011_ic2_time_f64le.bin,cells\system_0011_ic2_state_f64le_c_order.bin,C:\Users\joedicke\Documents\reps\EvoODE\outputs\phase_c_c6_data_conditions_5dd1df8\system_0011_ic2_sigma_0_rho_0p5_realization_1,float64,little_endian
11,2,1,0.0,0.5,2,multiplicative_gaussian_iid,410220e26b007c78,256,sha256_raw_little_endian_float64,time,time_by_dimension_c_order,[256],"[256,1]",0.03913894324853229,10.0,0.22145461316095374,1.4603553531039017,b445fdef60f5de55a1361081ca2b84e113695422f4bf5c912ab4c42f624f326d,8cefc74ee3ba67c765319d009c63eb05b4e7235f1f914d06ed0da2d8e7f0d138,cells\system_0011_ic2_time_f64le.bin,cells\system_0011_ic2_state_f64le_c_order.bin,C:\Users\joedicke\Documents\reps\EvoODE\outputs\phase_c_c6_data_conditions_5dd1df8\system_0011_ic2_sigma_0_rho_0p5_realization_2,float64,little_endian
11,2,1,0.0,0.5,3,multiplicative_gaussian_iid,32943fed9075ec6b,256,sha256_raw_little_endian_float64,time,time_by_dimension_c_order,[256],"[256,1]",0.0,10.0,0.22145461316095374,1.6,fef85ed293075a4b33c71a45acd8aaacaa7891b88683dd99fefd80e741edbcdf,f8830946eb4702a52c0f10b79915587a727e5f4256eae3cbf5fb91455ae53bbd,cells\system_0011_ic2_time_f64le.bin,cells\system_0011_ic2_state_f64le_c_order.bin,C:\Users\joedicke\Documents\reps\EvoODE\outputs\phase_c_c6_data_conditions_5dd1df8\system_0011_ic2_sigma_0_rho_0p5_realization_3,float64,little_endian
11,2,1,0.01,0.0,1,multiplicative_gaussian_iid,1696ce8b0e80990d,512,sha256_raw_little_endian_float64,time,time_by_dimension_c_order,[512],"[512,1]",0.0,10.0,0.21721890879688113,1.566539748304489,ffad3499269c08c6bd22e9e5c5d2ab32bbf827e2037cbdd6e73571aeab04432f,295d3bfd683404aaf69778d915d9c63997363511b7f687dfa11947e34ee6c86f,cells\system_0011_ic2_time_f64le.bin,cells\system_0011_ic2_state_f64le_c_order.bin,C:\Users\joedicke\Documents\reps\EvoODE\outputs\phase_c_c6_data_conditions_5dd1df8\system_0011_ic2_sigma_0p01_rho_0_realization_1,float64,little_endian
11,2,1,0.01,0.0,2,multiplicative_gaussian_iid,715557b4e934a00a,512,sha256_raw_little_endian_float64,time,time_by_dimension_c_order,[512],"[512,1]",0.0,10.0,0.2187963746614036,1.5918757233261818,ffad3499269c08c6bd22e9e5c5d2ab32bbf827e2037cbdd6e73571aeab04432f,5399eec086fd612a7be1652739384ea6c5aad0c9ca0e3ac0a063a2e666e652d8,cells\system_0011_ic2_time_f64le.bin,cells\system_0011_ic2_state_f64le_c_order.bin,C:\Users\joedicke\Documents\reps\EvoODE\outputs\phase_c_c6_data_conditions_5dd1df8\system_0011_ic2_sigma_0p01_rho_0_realization_2,float64,little_endian
11,2,1,0.01,0.0,3,multiplicative_gaussian_iid,bcb458bd643fcc5e,512,sha256_raw_little_endian_float64,time,time_by_dimension_c_order,[512],"[512,1]",0.0,10.0,0.21752589894737406,1.6017229163714022,ffad3499269c08c6bd22e9e5c5d2ab32bbf827e2037cbdd6e73571aeab04432f,896b3a5f6e7b3893f9b79581a62c20068ec5fe045c40423096e9860e3e29088c,cells\system_0011_ic2_time_f64le.bin,cells\system_0011_ic2_state_f64le_c_order.bin,C:\Users\joedicke\Documents\reps\EvoODE\outputs\phase_c_c6_data_conditions_5dd1df8\system_0011_ic2_sigma_0p01_rho_0_realization_3,float64,little_endian
11,2,1,0.01,0.5,1,multiplicative_gaussian_iid,228ccdf853b4603f,256,sha256_raw_little_endian_float64,time,time_by_dimension_c_order,[256],"[256,1]",0.0,9.960861056751467,0.2177762954341673,1.5989608428831963,9add9fd018c36a5059fc43ed604709fdd3a4f87d4536cd63addbd53a83316e6f,ed97641f201f37f2881a6492590db7f5742324a6dd740191f3f7ef15b33aadb8,cells\system_0011_ic2_time_f64le.bin,cells\system_0011_ic2_state_f64le_c_order.bin,C:\Users\joedicke\Documents\reps\EvoODE\outputs\phase_c_c6_data_conditions_5dd1df8\system_0011_ic2_sigma_0p01_rho_0p5_realization_1,float64,little_endian
11,2,1,0.01,0.5,2,multiplicative_gaussian_iid,91c37238ed72132a,256,sha256_raw_little_endian_float64,time,time_by_dimension_c_order,[256],"[256,1]",0.0,10.0,0.2201961231539323,1.6062053495372957,7fc6a99ef2e0205c711019730e4c4d4cc301b71d6fe30470488f6c30cdf89251,b255a771328c315c702f4a32c806ec575dc9445f345454208afab90878620598,cells\system_0011_ic2_time_f64le.bin,cells\system_0011_ic2_state_f64le_c_order.bin,C:\Users\joedicke\Documents\reps\EvoODE\outputs\phase_c_c6_data_conditions_5dd1df8\system_0011_ic2_sigma_0p01_rho_0p5_realization_2,float64,little_endian
11,2,1,0.01,0.5,3,multiplicative_gaussian_iid,f288b68ee10122ab,256,sha256_raw_little_endian_float64,time,time_by_dimension_c_order,[256],"[256,1]",0.03913894324853229,9.980430528375733,0.21969092892027248,1.4433928285467412,d262580dce997c2fc4ffa094a6130653b3a1135e03edf27cd6c794a4187d6a93,b0dddf8decfe737174e05718222f43146f3971b1dff77edd1432bbda391fe4f0,cells\system_0011_ic2_time_f64le.bin,cells\system_0011_ic2_state_f64le_c_order.bin,C:\Users\joedicke\Documents\reps\EvoODE\outputs\phase_c_c6_data_conditions_5dd1df8\system_0011_ic2_sigma_0p01_rho_0p5_realization_3,float64,little_endian
11,2,1,0.02,0.0,1,multiplicative_gaussian_iid,672a11e7b6fa736d,512,sha256_raw_little_endian_float64,time,time_by_dimension_c_order,[512],"[512,1]",0.0,10.0,0.21583789131469694,1.5362322643025152,ffad3499269c08c6bd22e9e5c5d2ab32bbf827e2037cbdd6e73571aeab04432f,a577fc7d03e6cce3ca211c55d50b2ab70237423efcfcded9a142a01416afed63,cells\system_0011_ic2_time_f64le.bin,cells\system_0011_ic2_state_f64le_c_order.bin,C:\Users\joedicke\Documents\reps\EvoODE\outputs\phase_c_c6_data_conditions_5dd1df8\system_0011_ic2_sigma_0p02_rho_0_realization_1,float64,little_endian
11,2,1,0.02,0.0,2,multiplicative_gaussian_iid,325115d8689b3624,512,sha256_raw_little_endian_float64,time,time_by_dimension_c_order,[512],"[512,1]",0.0,10.0,0.21610152162902393,1.5878296020334177,ffad3499269c08c6bd22e9e5c5d2ab32bbf827e2037cbdd6e73571aeab04432f,9a2295710c7233f6b31d469f7cf6f1dc4b45a96169d40e064d7b16c7bd73a60e,cells\system_0011_ic2_time_f64le.bin,cells\system_0011_ic2_state_f64le_c_order.bin,C:\Users\joedicke\Documents\reps\EvoODE\outputs\phase_c_c6_data_conditions_5dd1df8\system_0011_ic2_sigma_0p02_rho_0_realization_2,float64,little_endian
11,2,1,0.02,0.0,3,multiplicative_gaussian_iid,f381e98903da9113,512,sha256_raw_little_endian_float64,time,time_by_dimension_c_order,[512],"[512,1]",0.0,10.0,0.21557211589945305,1.6471265055438438,ffad3499269c08c6bd22e9e5c5d2ab32bbf827e2037cbdd6e73571aeab04432f,9a0d4809fa42900b20edd07f44a52c860260921ee34917777f583fd956e3849e,cells\system_0011_ic2_time_f64le.bin,cells\system_0011_ic2_state_f64le_c_order.bin,C:\Users\joedicke\Documents\reps\EvoODE\outputs\phase_c_c6_data_conditions_5dd1df8\system_0011_ic2_sigma_0p02_rho_0_realization_3,float64,little_endian
11,2,1,0.02,0.5,1,multiplicative_gaussian_iid,7c6160caa1ea477b,256,sha256_raw_little_endian_float64,time,time_by_dimension_c_order,[256],"[256,1]",0.03913894324853229,9.941291585127201,0.21185862531828303,1.4670956283672894,543435d535eaa737fa62928b909675b52f22e960671533f66c7db007e6360d35,d7af842a07a3e8c8141d5e088aa8cc3caf22234bf5c91bc0459f27167632bf19,cells\system_0011_ic2_time_f64le.bin,cells\system_0011_ic2_state_f64le_c_order.bin,C:\Users\joedicke\Documents\reps\EvoODE\outputs\phase_c_c6_data_conditions_5dd1df8\system_0011_ic2_sigma_0p02_rho_0p5_realization_1,float64,little_endian
11,2,1,0.02,0.5,2,multiplicative_gaussian_iid,bcd25d66948ee0ae,256,sha256_raw_little_endian_float64,time,time_by_dimension_c_order,[256],"[256,1]",0.019569471624266144,9.902152641878669,0.2195614892579844,1.4814353699819367,222b4d85b7021fb2e3997ecc5f84a6bb0a3eb0ef915f891685fb6a14dbc297b5,7b8b348d0d469211d2c0626ddbf45dc3cc0653db95ec4219b60b1d226b09da82,cells\system_0011_ic2_time_f64le.bin,cells\system_0011_ic2_state_f64le_c_order.bin,C:\Users\joedicke\Documents\reps\EvoODE\outputs\phase_c_c6_data_conditions_5dd1df8\system_0011_ic2_sigma_0p02_rho_0p5_realization_2,float64,little_endian
11,2,1,0.02,0.5,3,multiplicative_gaussian_iid,e0af3b0de5724047,256,sha256_raw_little_endian_float64,time,time_by_dimension_c_order,[256],"[256,1]",0.0,9.980430528375733,0.21798688660324358,1.6504166643353033,4011332c0e593f40fa2dbc6f561abc6b3aa46553ddda1c6bafcee5c44eefba7d,90bb8fef617f9025a4b4cb7d1b1e618d8dfc210994f174139fd55f954f3d6a27,cells\system_0011_ic2_time_f64le.bin,cells\system_0011_ic2_state_f64le_c_order.bin,C:\Users\joedicke\Documents\reps\EvoODE\outputs\phase_c_c6_data_conditions_5dd1df8\system_0011_ic2_sigma_0p02_rho_0p5_realization_3,float64,little_endian
11,2,1,0.03,0.0,1,multiplicative_gaussian_iid,9ab73e4eac8e3294,512,sha256_raw_little_endian_float64,time,time_by_dimension_c_order,[512],"[512,1]",0.0,10.0,0.21013440773964037,1.598109769175285,ffad3499269c08c6bd22e9e5c5d2ab32bbf827e2037cbdd6e73571aeab04432f,6a72a65f3752e934963a9f06620436019c3ae6c8df16c0ae81f8dea18060e6dc,cells\system_0011_ic2_time_f64le.bin,cells\system_0011_ic2_state_f64le_c_order.bin,C:\Users\joedicke\Documents\reps\EvoODE\outputs\phase_c_c6_data_conditions_5dd1df8\system_0011_ic2_sigma_0p029999999999999999_rho_0_realization_1,float64,little_endian
11,2,1,0.03,0.0,2,multiplicative_gaussian_iid,82c3da1e7e62eee3,512,sha256_raw_little_endian_float64,time,time_by_dimension_c_order,[512],"[512,1]",0.0,10.0,0.20567919921062794,1.6118068231694904,ffad3499269c08c6bd22e9e5c5d2ab32bbf827e2037cbdd6e73571aeab04432f,4995f2a2ace4eb0f34dfe0a78a333b6fc00ed16b11563a8a371f8434043b2b20,cells\system_0011_ic2_time_f64le.bin,cells\system_0011_ic2_state_f64le_c_order.bin,C:\Users\joedicke\Documents\reps\EvoODE\outputs\phase_c_c6_data_conditions_5dd1df8\system_0011_ic2_sigma_0p029999999999999999_rho_0_realization_2,float64,little_endian
11,2,1,0.03,0.0,3,multiplicative_gaussian_iid,14ad814a69ec28ff,512,sha256_raw_little_endian_float64,time,time_by_dimension_c_order,[512],"[512,1]",0.0,10.0,0.21399935077778084,1.609256913583562,ffad3499269c08c6bd22e9e5c5d2ab32bbf827e2037cbdd6e73571aeab04432f,8d188cc183c6022f7973331b039abe4d19e9e876940076d9c2f5494ee49a0c71,cells\system_0011_ic2_time_f64le.bin,cells\system_0011_ic2_state_f64le_c_order.bin,C:\Users\joedicke\Documents\reps\EvoODE\outputs\phase_c_c6_data_conditions_5dd1df8\system_0011_ic2_sigma_0p029999999999999999_rho_0_realization_3,float64,little_endian
11,2,1,0.03,0.5,1,multiplicative_gaussian_iid,8de245124bfb451c,256,sha256_raw_little_endian_float64,time,time_by_dimension_c_order,[256],"[256,1]",0.0,10.0,0.21312224820703016,1.6065599819295473,7cedb00fa2f22ac131a50e5aae962cb5267edeabd52b8035c6f8aa694b3cea48,9d2adbbbc409c3328bce24b2567f0e77f3c9add7451bdc558bd19bc8ca86a243,cells\system_0011_ic2_time_f64le.bin,cells\system_0011_ic2_state_f64le_c_order.bin,C:\Users\joedicke\Documents\reps\EvoODE\outputs\phase_c_c6_data_conditions_5dd1df8\system_0011_ic2_sigma_0p029999999999999999_rho_0p5_realization_1,float64,little_endian
11,2,1,0.03,0.5,2,multiplicative_gaussian_iid,a318ab0636b2776b,256,sha256_raw_little_endian_float64,time,time_by_dimension_c_order,[256],"[256,1]",0.019569471624266144,9.921722113502934,0.21505831410545034,1.554882631993294,e1317b80b49232758109cc0a71158ecf55f9f82ac43d0482d1ae586338ee6679,481d3457eb9207b7edff9e38a1c367e24bb55bc891f72cd9f31d55f9fb051b43,cells\system_0011_ic2_time_f64le.bin,cells\system_0011_ic2_state_f64le_c_order.bin,C:\Users\joedicke\Documents\reps\EvoODE\outputs\phase_c_c6_data_conditions_5dd1df8\system_0011_ic2_sigma_0p029999999999999999_rho_0p5_realization_2,float64,little_endian
11,2,1,0.03,0.5,3,multiplicative_gaussian_iid,069741ac89cccc44,256,sha256_raw_little_endian_float64,time,time_by_dimension_c_order,[256],"[256,1]",0.019569471624266144,10.0,0.2145308390889566,1.5334367406711957,46da64b95d60dfb7c4f7930a477921a938569c778f51d66fe31490374d676120,9bfab6e191afbbe7eb5a2a1f200def8e14e39175de34f69a9ea78713e9c78cd2,cells\system_0011_ic2_time_f64le.bin,cells\system_0011_ic2_state_f64le_c_order.bin,C:\Users\joedicke\Documents\reps\EvoODE\outputs\phase_c_c6_data_conditions_5dd1df8\system_0011_ic2_sigma_0p029999999999999999_rho_0p5_realization_3,float64,little_endian
11,2,1,0.04,0.0,1,multiplicative_gaussian_iid,44801945584039fb,512,sha256_raw_little_endian_float64,time,time_by_dimension_c_order,[512],"[512,1]",0.0,10.0,0.20062542542066933,1.5981465835734423,ffad3499269c08c6bd22e9e5c5d2ab32bbf827e2037cbdd6e73571aeab04432f,ee3b1c6733eae5cc6f2bd9d72abc43a82d09f943479f637b1da3c37343094b00,cells\system_0011_ic2_time_f64le.bin,cells\system_0011_ic2_state_f64le_c_order.bin,C:\Users\joedicke\Documents\reps\EvoODE\outputs\phase_c_c6_data_conditions_5dd1df8\system_0011_ic2_sigma_0p040000000000000001_rho_0_realization_1,float64,little_endian
11,2,1,0.04,0.0,2,multiplicative_gaussian_iid,8822fb29eb654e2c,512,sha256_raw_little_endian_float64,time,time_by_dimension_c_order,[512],"[512,1]",0.0,10.0,0.19643572849239194,1.7693605164677513,ffad3499269c08c6bd22e9e5c5d2ab32bbf827e2037cbdd6e73571aeab04432f,8ef5f437b5fa24e3c32cb38169e6ae73bd13c7bc0d8f30e3891a954e7473ddc0,cells\system_0011_ic2_time_f64le.bin,cells\system_0011_ic2_state_f64le_c_order.bin,C:\Users\joedicke\Documents\reps\EvoODE\outputs\phase_c_c6_data_conditions_5dd1df8\system_0011_ic2_sigma_0p040000000000000001_rho_0_realization_2,float64,little_endian
11,2,1,0.04,0.0,3,multiplicative_gaussian_iid,c894b9d947f7dad9,512,sha256_raw_little_endian_float64,time,time_by_dimension_c_order,[512],"[512,1]",0.0,10.0,0.2072942048448237,1.6232953404670913,ffad3499269c08c6bd22e9e5c5d2ab32bbf827e2037cbdd6e73571aeab04432f,2ed2ba47b1136ec4f847988430bd08143dd98cbcccb190efcd78f232963ad1a6,cells\system_0011_ic2_time_f64le.bin,cells\system_0011_ic2_state_f64le_c_order.bin,C:\Users\joedicke\Documents\reps\EvoODE\outputs\phase_c_c6_data_conditions_5dd1df8\system_0011_ic2_sigma_0p040000000000000001_rho_0_realization_3,float64,little_endian
11,2,1,0.04,0.5,1,multiplicative_gaussian_iid,9b8b6df42eee8e32,256,sha256_raw_little_endian_float64,time,time_by_dimension_c_order,[256],"[256,1]",0.019569471624266144,9.980430528375733,0.2053981500388887,1.62935964119234,5c7f82ecf5d7afc2903828ea216a34ce760167a4b1df18669c2ef8b65acb16fc,bd51ffb313330275939cc0c917c16f536bb3cc01cb0c753f867ea986fc111eda,cells\system_0011_ic2_time_f64le.bin,cells\system_0011_ic2_state_f64le_c_order.bin,C:\Users\joedicke\Documents\reps\EvoODE\outputs\phase_c_c6_data_conditions_5dd1df8\system_0011_ic2_sigma_0p040000000000000001_rho_0p5_realization_1,float64,little_endian
11,2,1,0.04,0.5,2,multiplicative_gaussian_iid,782ee43c52f10048,256,sha256_raw_little_endian_float64,time,time_by_dimension_c_order,[256],"[256,1]",0.03913894324853229,9.941291585127201,0.20341161720862805,1.4528336621317897,30b0051d6fbce90d848f3755efd86f22b22a4da16c559963b2c9e0f43fedb97d,a843033903a2c5d8a62708516da68be5475ec9c42d8266f9fe853912583c7ad0,cells\system_0011_ic2_time_f64le.bin,cells\system_0011_ic2_state_f64le_c_order.bin,C:\Users\joedicke\Documents\reps\EvoODE\outputs\phase_c_c6_data_conditions_5dd1df8\system_0011_ic2_sigma_0p040000000000000001_rho_0p5_realization_2,float64,little_endian
11,2,1,0.04,0.5,3,multiplicative_gaussian_iid,ed5295c60e5e2276,256,sha256_raw_little_endian_float64,time,time_by_dimension_c_order,[256],"[256,1]",0.019569471624266144,9.980430528375733,0.20604457259313583,1.5673188674903482,0a9cdb05b4aea39ac026fcfda8084e4bd3fd9446efeedf9b25cbdb19e64123b4,b1d5ec32135b519c67a78012017d0604392815ad1b473360a464faaded6fdf3b,cells\system_0011_ic2_time_f64le.bin,cells\system_0011_ic2_state_f64le_c_order.bin,C:\Users\joedicke\Documents\reps\EvoODE\outputs\phase_c_c6_data_conditions_5dd1df8\system_0011_ic2_sigma_0p040000000000000001_rho_0p5_realization_3,float64,little_endian
11,2,1,0.05,0.0,1,multiplicative_gaussian_iid,0c0ad42629f69010,512,sha256_raw_little_endian_float64,time,time_by_dimension_c_order,[512],"[512,1]",0.0,10.0,0.20085710493027126,1.7039278626319492,ffad3499269c08c6bd22e9e5c5d2ab32bbf827e2037cbdd6e73571aeab04432f,042df8d745991541ef832b2730999142d261886e5fcbf488d45bb9f64606ea54,cells\system_0011_ic2_time_f64le.bin,cells\system_0011_ic2_state_f64le_c_order.bin,C:\Users\joedicke\Documents\reps\EvoODE\outputs\phase_c_c6_data_conditions_5dd1df8\system_0011_ic2_sigma_0p050000000000000003_rho_0_realization_1,float64,little_endian
11,2,1,0.05,0.0,2,multiplicative_gaussian_iid,d4fd33de90c64fdb,512,sha256_raw_little_endian_float64,time,time_by_dimension_c_order,[512],"[512,1]",0.0,10.0,0.20046847887228855,1.5456613576862175,ffad3499269c08c6bd22e9e5c5d2ab32bbf827e2037cbdd6e73571aeab04432f,e1214b9715f00839ef62719cc1e1b94c9422c54785e998ca8208ec20acc9111e,cells\system_0011_ic2_time_f64le.bin,cells\system_0011_ic2_state_f64le_c_order.bin,C:\Users\joedicke\Documents\reps\EvoODE\outputs\phase_c_c6_data_conditions_5dd1df8\system_0011_ic2_sigma_0p050000000000000003_rho_0_realization_2,float64,little_endian
11,2,1,0.05,0.0,3,multiplicative_gaussian_iid,474964b5d4eb36b7,512,sha256_raw_little_endian_float64,time,time_by_dimension_c_order,[512],"[512,1]",0.0,10.0,0.19818051389120442,1.722949664916332,ffad3499269c08c6bd22e9e5c5d2ab32bbf827e2037cbdd6e73571aeab04432f,920dea4649374299eed17ebf4a0acd706361643cad7e16b81ee2686486b7fa16,cells\system_0011_ic2_time_f64le.bin,cells\system_0011_ic2_state_f64le_c_order.bin,C:\Users\joedicke\Documents\reps\EvoODE\outputs\phase_c_c6_data_conditions_5dd1df8\system_0011_ic2_sigma_0p050000000000000003_rho_0_realization_3,float64,little_endian
11,2,1,0.05,0.5,1,multiplicative_gaussian_iid,2c2c9d97aa17bd60,256,sha256_raw_little_endian_float64,time,time_by_dimension_c_order,[256],"[256,1]",0.019569471624266144,9.980430528375733,0.20613893363861685,1.5310762660147912,f648b9e18c00b57481526f242223508e51b329975e557eca764ae47bf8b59ad5,a388ee7f1a877bac9b16a4da2aa7824c2e8c473c7b15aa46fea43c2d0f16e93a,cells\system_0011_ic2_time_f64le.bin,cells\system_0011_ic2_state_f64le_c_order.bin,C:\Users\joedicke\Documents\reps\EvoODE\outputs\phase_c_c6_data_conditions_5dd1df8\system_0011_ic2_sigma_0p050000000000000003_rho_0p5_realization_1,float64,little_endian
11,2,1,0.05,0.5,2,multiplicative_gaussian_iid,0e7c4be2f70297ab,256,sha256_raw_little_endian_float64,time,time_by_dimension_c_order,[256],"[256,1]",0.0,10.0,0.20257683316369499,1.541486196531503,6ebb359b5147648a537f5361858e6504df18a7579df8b5ec98d376fe7149c8c4,7a858f3896772704d9eff2554a2e7c35c5749669565c3152d40d552e8e5b1009,cells\system_0011_ic2_time_f64le.bin,cells\system_0011_ic2_state_f64le_c_order.bin,C:\Users\joedicke\Documents\reps\EvoODE\outputs\phase_c_c6_data_conditions_5dd1df8\system_0011_ic2_sigma_0p050000000000000003_rho_0p5_realization_2,float64,little_endian
11,2,1,0.05,0.5,3,multiplicative_gaussian_iid,eb4c796cf661b732,256,sha256_raw_little_endian_float64,time,time_by_dimension_c_order,[256],"[256,1]",0.03913894324853229,9.921722113502934,0.21088033770751913,1.5626944495000779,dab64f21c95d535eff8220b0533ac22514568214fb9b732051918b2f870f5450,956805215bad12a5b41533b6e09d91e656b3a58e575b594bd50e8325196eac41,cells\system_0011_ic2_time_f64le.bin,cells\system_0011_ic2_state_f64le_c_order.bin,C:\Users\joedicke\Documents\reps\EvoODE\outputs\phase_c_c6_data_conditions_5dd1df8\system_0011_ic2_sigma_0p050000000000000003_rho_0p5_realization_3,float64,little_endian
21,1,1,0.0,0.0,1,multiplicative_gaussian_iid,799711a15b6d0740,512,sha256_raw_little_endian_float64,time,time_by_dimension_c_order,[512],"[512,1]",0.0,10.0,0.0,4.731207142843358,ffad3499269c08c6bd22e9e5c5d2ab32bbf827e2037cbdd6e73571aeab04432f,db970a19cdb2e76437eeb7d63c1175656e29079f1ad610b01faf253a15d685c5,cells\system_0021_ic1_time_f64le.bin,cells\system_0021_ic1_state_f64le_c_order.bin,C:\Users\joedicke\Documents\reps\EvoODE\outputs\phase_c_c6_data_conditions_5dd1df8\system_0021_ic1_sigma_0_rho_0_realization_1,float64,little_endian
21,1,1,0.0,0.0,2,multiplicative_gaussian_iid,b5afe8a7651c851f,512,sha256_raw_little_endian_float64,time,time_by_dimension_c_order,[512],"[512,1]",0.0,10.0,0.0,4.731207142843358,ffad3499269c08c6bd22e9e5c5d2ab32bbf827e2037cbdd6e73571aeab04432f,db970a19cdb2e76437eeb7d63c1175656e29079f1ad610b01faf253a15d685c5,cells\system_0021_ic1_time_f64le.bin,cells\system_0021_ic1_state_f64le_c_order.bin,C:\Users\joedicke\Documents\reps\EvoODE\outputs\phase_c_c6_data_conditions_5dd1df8\system_0021_ic1_sigma_0_rho_0_realization_2,float64,little_endian
21,1,1,0.0,0.0,3,multiplicative_gaussian_iid,d0ef57fd9e507f22,512,sha256_raw_little_endian_float64,time,time_by_dimension_c_order,[512],"[512,1]",0.0,10.0,0.0,4.731207142843358,ffad3499269c08c6bd22e9e5c5d2ab32bbf827e2037cbdd6e73571aeab04432f,db970a19cdb2e76437eeb7d63c1175656e29079f1ad610b01faf253a15d685c5,cells\system_0021_ic1_time_f64le.bin,cells\system_0021_ic1_state_f64le_c_order.bin,C:\Users\joedicke\Documents\reps\EvoODE\outputs\phase_c_c6_data_conditions_5dd1df8\system_0021_ic1_sigma_0_rho_0_realization_3,float64,little_endian
21,1,1,0.0,0.5,1,multiplicative_gaussian_iid,e5ae40517517118c,256,sha256_raw_little_endian_float64,time,time_by_dimension_c_order,[256],"[256,1]",0.05870841487279843,9.980430528375733,0.012020375556370817,4.726404765192597,16f4c0fba5794dd8218b64909ddd8254b499f621cd0fe73fb5a4a7582ff1e974,7ea272b18b992953d47051aa8b3abc272efe86b80a3a30d99e1d9f1bda0f5f50,cells\system_0021_ic1_time_f64le.bin,cells\system_0021_ic1_state_f64le_c_order.bin,C:\Users\joedicke\Documents\reps\EvoODE\outputs\phase_c_c6_data_conditions_5dd1df8\system_0021_ic1_sigma_0_rho_0p5_realization_1,float64,little_endian
21,1,1,0.0,0.5,2,multiplicative_gaussian_iid,410220e26b007c78,256,sha256_raw_little_endian_float64,time,time_by_dimension_c_order,[256],"[256,1]",0.019569471624266144,9.980430528375733,0.003944641269840442,4.726404765192597,719c861b9df6623b783ec86c47da6ad42d462f1b76a5c0badbc0efc7babf0df5,8d698a6a3a979d13c4195dad9574911f5116842a940c81344c0127841c318ebf,cells\system_0021_ic1_time_f64le.bin,cells\system_0021_ic1_state_f64le_c_order.bin,C:\Users\joedicke\Documents\reps\EvoODE\outputs\phase_c_c6_data_conditions_5dd1df8\system_0021_ic1_sigma_0_rho_0p5_realization_2,float64,little_endian
21,1,1,0.0,0.5,3,multiplicative_gaussian_iid,32943fed9075ec6b,256,sha256_raw_little_endian_float64,time,time_by_dimension_c_order,[256],"[256,1]",0.0,10.0,0.0,4.731207142843358,17101b4528683600b500261784d49d891ff54aef29f30c4fd25c9266c9364380,2ab8d07afa1ba068e738a79ddbed8a6d325376db45f695282b5e9f26bfc35ef8,cells\system_0021_ic1_time_f64le.bin,cells\system_0021_ic1_state_f64le_c_order.bin,C:\Users\joedicke\Documents\reps\EvoODE\outputs\phase_c_c6_data_conditions_5dd1df8\system_0021_ic1_sigma_0_rho_0p5_realization_3,float64,little_endian
21,1,1,0.01,0.0,1,multiplicative_gaussian_iid,1696ce8b0e80990d,512,sha256_raw_little_endian_float64,time,time_by_dimension_c_order,[512],"[512,1]",0.0,10.0,0.0,4.78755064053045,ffad3499269c08c6bd22e9e5c5d2ab32bbf827e2037cbdd6e73571aeab04432f,4d903f9d5959981dc8952f389ba69b3adb19fa5b66c3e712cfd12418a4d8b9f8,cells\system_0021_ic1_time_f64le.bin,cells\system_0021_ic1_state_f64le_c_order.bin,C:\Users\joedicke\Documents\reps\EvoODE\outputs\phase_c_c6_data_conditions_5dd1df8\system_0021_ic1_sigma_0p01_rho_0_realization_1,float64,little_endian
21,1,1,0.01,0.0,2,multiplicative_gaussian_iid,715557b4e934a00a,512,sha256_raw_little_endian_float64,time,time_by_dimension_c_order,[512],"[512,1]",0.0,10.0,0.0,4.792847097717432,ffad3499269c08c6bd22e9e5c5d2ab32bbf827e2037cbdd6e73571aeab04432f,f65dcb7da3164aa23ba3bac845696c4ae2181f906a3d4fc55da69d9900e53811,cells\system_0021_ic1_time_f64le.bin,cells\system_0021_ic1_state_f64le_c_order.bin,C:\Users\joedicke\Documents\reps\EvoODE\outputs\phase_c_c6_data_conditions_5dd1df8\system_0021_ic1_sigma_0p01_rho_0_realization_2,float64,little_endian
21,1,1,0.01,0.0,3,multiplicative_gaussian_iid,bcb458bd643fcc5e,512,sha256_raw_little_endian_float64,time,time_by_dimension_c_order,[512],"[512,1]",0.0,10.0,0.0,4.783691277992681,ffad3499269c08c6bd22e9e5c5d2ab32bbf827e2037cbdd6e73571aeab04432f,30cb030e39b3cf536ba7703a530ca50988ae8640795f274355faa9a2b41ab664,cells\system_0021_ic1_time_f64le.bin,cells\system_0021_ic1_state_f64le_c_order.bin,C:\Users\joedicke\Documents\reps\EvoODE\outputs\phase_c_c6_data_conditions_5dd1df8\system_0021_ic1_sigma_0p01_rho_0_realization_3,float64,little_endian
21,1,1,0.01,0.5,1,multiplicative_gaussian_iid,228ccdf853b4603f,256,sha256_raw_little_endian_float64,time,time_by_dimension_c_order,[256],"[256,1]",0.07827788649706457,10.0,0.01610839746486473,4.812984065678558,88322954a0e4dada84bd992791bd69cd3f7ae94395d0d2cefed2262412533f91,f1c9a3a71c60ee47e229e8db91d8378fb1b3d3c08dc5c386ff0547c8e9d29fd4,cells\system_0021_ic1_time_f64le.bin,cells\system_0021_ic1_state_f64le_c_order.bin,C:\Users\joedicke\Documents\reps\EvoODE\outputs\phase_c_c6_data_conditions_5dd1df8\system_0021_ic1_sigma_0p01_rho_0p5_realization_1,float64,little_endian
21,1,1,0.01,0.5,2,multiplicative_gaussian_iid,91c37238ed72132a,256,sha256_raw_little_endian_float64,time,time_by_dimension_c_order,[256],"[256,1]",0.0,9.980430528375733,0.0,4.780546984930692,50b773043fed348021ba2666b3a271256eefe14cecb2c463122385da4130b8d9,ab15130d636f67b73756d2c6b282eb0cf0fcc14768965bc6bd0ebaa48cfae13f,cells\system_0021_ic1_time_f64le.bin,cells\system_0021_ic1_state_f64le_c_order.bin,C:\Users\joedicke\Documents\reps\EvoODE\outputs\phase_c_c6_data_conditions_5dd1df8\system_0021_ic1_sigma_0p01_rho_0p5_realization_2,float64,little_endian
21,1,1,0.01,0.5,3,multiplicative_gaussian_iid,f288b68ee10122ab,256,sha256_raw_little_endian_float64,time,time_by_dimension_c_order,[256],"[256,1]",0.019569471624266144,9.980430528375733,0.0038854325200838487,4.749254313298035,347b7c55b20436c0ba2268c0a8036a46a2ebcd9ee158d6e7cf37c7465f0312cd,ccb34d7fb10d7164b129e76f4d1789a876be88cb4cf47013bd33664e42ab5bc4,cells\system_0021_ic1_time_f64le.bin,cells\system_0021_ic1_state_f64le_c_order.bin,C:\Users\joedicke\Documents\reps\EvoODE\outputs\phase_c_c6_data_conditions_5dd1df8\system_0021_ic1_sigma_0p01_rho_0p5_realization_3,float64,little_endian
21,1,1,0.02,0.0,1,multiplicative_gaussian_iid,672a11e7b6fa736d,512,sha256_raw_little_endian_float64,time,time_by_dimension_c_order,[512],"[512,1]",0.0,10.0,0.0,4.908966407256338,ffad3499269c08c6bd22e9e5c5d2ab32bbf827e2037cbdd6e73571aeab04432f,6428c241175828b12b0db5b5a73c539bd2910341b1a995ca4c5cadc97e0fea81,cells\system_0021_ic1_time_f64le.bin,cells\system_0021_ic1_state_f64le_c_order.bin,C:\Users\joedicke\Documents\reps\EvoODE\outputs\phase_c_c6_data_conditions_5dd1df8\system_0021_ic1_sigma_0p02_rho_0_realization_1,float64,little_endian
21,1,1,0.02,0.0,2,multiplicative_gaussian_iid,325115d8689b3624,512,sha256_raw_little_endian_float64,time,time_by_dimension_c_order,[512],"[512,1]",0.0,10.0,0.0,4.83179720148666,ffad3499269c08c6bd22e9e5c5d2ab32bbf827e2037cbdd6e73571aeab04432f,8f0cdc0a6fae28a0a03287d8726375ab977684d0fa75a5f60aa130c62b64735d,cells\system_0021_ic1_time_f64le.bin,cells\system_0021_ic1_state_f64le_c_order.bin,C:\Users\joedicke\Documents\reps\EvoODE\outputs\phase_c_c6_data_conditions_5dd1df8\system_0021_ic1_sigma_0p02_rho_0_realization_2,float64,little_endian
21,1,1,0.02,0.0,3,multiplicative_gaussian_iid,f381e98903da9113,512,sha256_raw_little_endian_float64,time,time_by_dimension_c_order,[512],"[512,1]",0.0,10.0,0.0,4.778571785932675,ffad3499269c08c6bd22e9e5c5d2ab32bbf827e2037cbdd6e73571aeab04432f,e988ceb472f17fbfb8e3d8ac4cde5295275219c4a08fb1f02bff23b008ab312b,cells\system_0021_ic1_time_f64le.bin,cells\system_0021_ic1_state_f64le_c_order.bin,C:\Users\joedicke\Documents\reps\EvoODE\outputs\phase_c_c6_data_conditions_5dd1df8\system_0021_ic1_sigma_0p02_rho_0_realization_3,float64,little_endian
21,1,1,0.02,0.5,1,multiplicative_gaussian_iid,7c6160caa1ea477b,256,sha256_raw_little_endian_float64,time,time_by_dimension_c_order,[256],"[256,1]",0.0,9.960861056751467,0.0,4.762580434149647,417e26cdf33d2e301d1a95ff6ad2ed71902b6309ed0f9bb5e8586f348a1e4108,8f16d8aad2a9ec2cdfa81f76e4906fd14fbadb2428af3d04fbb904ba681c866b,cells\system_0021_ic1_time_f64le.bin,cells\system_0021_ic1_state_f64le_c_order.bin,C:\Users\joedicke\Documents\reps\EvoODE\outputs\phase_c_c6_data_conditions_5dd1df8\system_0021_ic1_sigma_0p02_rho_0p5_realization_1,float64,little_endian
21,1,1,0.02,0.5,2,multiplicative_gaussian_iid,bcd25d66948ee0ae,256,sha256_raw_little_endian_float64,time,time_by_dimension_c_order,[256],"[256,1]",0.019569471624266144,10.0,0.004067180534224317,4.799626432474595,a1a874d0ed91b3ea313fdd7a0ce9eca514e6fc9596a2fbbcf670b37a78020ce9,eb23025efdf5c43575eee772fc70c0e4b039cb7cca3b0fdd32d99d7e00d06627,cells\system_0021_ic1_time_f64le.bin,cells\system_0021_ic1_state_f64le_c_order.bin,C:\Users\joedicke\Documents\reps\EvoODE\outputs\phase_c_c6_data_conditions_5dd1df8\system_0021_ic1_sigma_0p02_rho_0p5_realization_2,float64,little_endian
21,1,1,0.02,0.5,3,multiplicative_gaussian_iid,e0af3b0de5724047,256,sha256_raw_little_endian_float64,time,time_by_dimension_c_order,[256],"[256,1]",0.0,9.960861056751467,0.0,4.813930428104459,6381741329690472e3a39f0080ebc52391de5a20ae7132d751ed89770ad30419,efa33bed9eb21efba8439d4e5dbbb22db637f7219bc1e286335d1bc83dfed7fb,cells\system_0021_ic1_time_f64le.bin,cells\system_0021_ic1_state_f64le_c_order.bin,C:\Users\joedicke\Documents\reps\EvoODE\outputs\phase_c_c6_data_conditions_5dd1df8\system_0021_ic1_sigma_0p02_rho_0p5_realization_3,float64,little_endian
21,1,1,0.03,0.0,1,multiplicative_gaussian_iid,9ab73e4eac8e3294,512,sha256_raw_little_endian_float64,time,time_by_dimension_c_order,[512],"[512,1]",0.0,10.0,0.0,5.011308793296162,ffad3499269c08c6bd22e9e5c5d2ab32bbf827e2037cbdd6e73571aeab04432f,ed8fb33d29f3449aa615b2d21b6b650d41ec104e04de33cfd1f7f2cef01fc00c,cells\system_0021_ic1_time_f64le.bin,cells\system_0021_ic1_state_f64le_c_order.bin,C:\Users\joedicke\Documents\reps\EvoODE\outputs\phase_c_c6_data_conditions_5dd1df8\system_0021_ic1_sigma_0p029999999999999999_rho_0_realization_1,float64,little_endian
21,1,1,0.03,0.0,2,multiplicative_gaussian_iid,82c3da1e7e62eee3,512,sha256_raw_little_endian_float64,time,time_by_dimension_c_order,[512],"[512,1]",0.0,10.0,0.0,4.919146586517469,ffad3499269c08c6bd22e9e5c5d2ab32bbf827e2037cbdd6e73571aeab04432f,a4fef0f3ca032f06977d2f508798fe78f0324d0c6592c18c290873f7b2c1ae61,cells\system_0021_ic1_time_f64le.bin,cells\system_0021_ic1_state_f64le_c_order.bin,C:\Users\joedicke\Documents\reps\EvoODE\outputs\phase_c_c6_data_conditions_5dd1df8\system_0021_ic1_sigma_0p029999999999999999_rho_0_realization_2,float64,little_endian
21,1,1,0.03,0.0,3,multiplicative_gaussian_iid,14ad814a69ec28ff,512,sha256_raw_little_endian_float64,time,time_by_dimension_c_order,[512],"[512,1]",0.0,10.0,0.0,4.90685191241262,ffad3499269c08c6bd22e9e5c5d2ab32bbf827e2037cbdd6e73571aeab04432f,cfa4c5e9a45cf36f72e86c584ebe3b07805a328295d929f0931692607543f3f0,cells\system_0021_ic1_time_f64le.bin,cells\system_0021_ic1_state_f64le_c_order.bin,C:\Users\joedicke\Documents\reps\EvoODE\outputs\phase_c_c6_data_conditions_5dd1df8\system_0021_ic1_sigma_0p029999999999999999_rho_0_realization_3,float64,little_endian
21,1,1,0.03,0.5,1,multiplicative_gaussian_iid,8de245124bfb451c,256,sha256_raw_little_endian_float64,time,time_by_dimension_c_order,[256],"[256,1]",0.0,9.941291585127201,0.0,4.930619531371366,6903a648401966c37d7ffb362b3c764a757d701c272756813cfbb5f964876443,66a747d89d68c557f92ac3f7c63b84e81889a5adf9c3caa7c3f089357a875e73,cells\system_0021_ic1_time_f64le.bin,cells\system_0021_ic1_state_f64le_c_order.bin,C:\Users\joedicke\Documents\reps\EvoODE\outputs\phase_c_c6_data_conditions_5dd1df8\system_0021_ic1_sigma_0p029999999999999999_rho_0p5_realization_1,float64,little_endian
21,1,1,0.03,0.5,2,multiplicative_gaussian_iid,a318ab0636b2776b,256,sha256_raw_little_endian_float64,time,time_by_dimension_c_order,[256],"[256,1]",0.019569471624266144,9.921722113502934,0.0038650381057486055,4.916826008559606,d427ea170061565cbf5d9c83ff414f394a5a7647d2c1c12bcec47cfe1f63b8b0,a94bfdd0bea791cba97fb6c4ba130c7bafbb4afa2be30464497bb24e4bac5c53,cells\system_0021_ic1_time_f64le.bin,cells\system_0021_ic1_state_f64le_c_order.bin,C:\Users\joedicke\Documents\reps\EvoODE\outputs\phase_c_c6_data_conditions_5dd1df8\system_0021_ic1_sigma_0p029999999999999999_rho_0p5_realization_2,float64,little_endian
21,1,1,0.03,0.5,3,multiplicative_gaussian_iid,069741ac89cccc44,256,sha256_raw_little_endian_float64,time,time_by_dimension_c_order,[256],"[256,1]",0.07827788649706457,10.0,0.01622440726132429,4.968354430403026,c25a5805a95c15ef713527a58c27687c58e718c2b537c122bbbc9c96228dce39,a68d52998f0242dbeaf438d709d525606186ed55c01784724934cf748703c8f3,cells\system_0021_ic1_time_f64le.bin,cells\system_0021_ic1_state_f64le_c_order.bin,C:\Users\joedicke\Documents\reps\EvoODE\outputs\phase_c_c6_data_conditions_5dd1df8\system_0021_ic1_sigma_0p029999999999999999_rho_0p5_realization_3,float64,little_endian
21,1,1,0.04,0.0,1,multiplicative_gaussian_iid,44801945584039fb,512,sha256_raw_little_endian_float64,time,time_by_dimension_c_order,[512],"[512,1]",0.0,10.0,0.0,5.132823062061075,ffad3499269c08c6bd22e9e5c5d2ab32bbf827e2037cbdd6e73571aeab04432f,22c75f5318efc80588e8469e56141277aa33886248788212f392ddf1350e5a99,cells\system_0021_ic1_time_f64le.bin,cells\system_0021_ic1_state_f64le_c_order.bin,C:\Users\joedicke\Documents\reps\EvoODE\outputs\phase_c_c6_data_conditions_5dd1df8\system_0021_ic1_sigma_0p040000000000000001_rho_0_realization_1,float64,little_endian
21,1,1,0.04,0.0,2,multiplicative_gaussian_iid,8822fb29eb654e2c,512,sha256_raw_little_endian_float64,time,time_by_dimension_c_order,[512],"[512,1]",0.0,10.0,0.0,5.202364263995842,ffad3499269c08c6bd22e9e5c5d2ab32bbf827e2037cbdd6e73571aeab04432f,17fc01a339e6c91d680bae70a3a5b74047d702bca42a7fc08d60e991e2b50b3c,cells\system_0021_ic1_time_f64le.bin,cells\system_0021_ic1_state_f64le_c_order.bin,C:\Users\joedicke\Documents\reps\EvoODE\outputs\phase_c_c6_data_conditions_5dd1df8\system_0021_ic1_sigma_0p040000000000000001_rho_0_realization_2,float64,little_endian
21,1,1,0.04,0.0,3,multiplicative_gaussian_iid,c894b9d947f7dad9,512,sha256_raw_little_endian_float64,time,time_by_dimension_c_order,[512],"[512,1]",0.0,10.0,0.0,5.034043664013209,ffad3499269c08c6bd22e9e5c5d2ab32bbf827e2037cbdd6e73571aeab04432f,58b26e98d9d5e4a455a1ad1b6710a5ec62eeab575d48329100e76e2c71b0aa6b,cells\system_0021_ic1_time_f64le.bin,cells\system_0021_ic1_state_f64le_c_order.bin,C:\Users\joedicke\Documents\reps\EvoODE\outputs\phase_c_c6_data_conditions_5dd1df8\system_0021_ic1_sigma_0p040000000000000001_rho_0_realization_3,float64,little_endian
21,1,1,0.04,0.5,1,multiplicative_gaussian_iid,9b8b6df42eee8e32,256,sha256_raw_little_endian_float64,time,time_by_dimension_c_order,[256],"[256,1]",0.07827788649706457,10.0,0.01660241342478863,4.918415521309377,c725d13975f330e1bcf5fb817116141cf33c36c0e0999132782c2fa3b3591453,85d7ce2bbe4640d3232721503b97250846454d0ca208d55d8fe69c1c95bef8c9,cells\system_0021_ic1_time_f64le.bin,cells\system_0021_ic1_state_f64le_c_order.bin,C:\Users\joedicke\Documents\reps\EvoODE\outputs\phase_c_c6_data_conditions_5dd1df8\system_0021_ic1_sigma_0p040000000000000001_rho_0p5_realization_1,float64,little_endian
21,1,1,0.04,0.5,2,multiplicative_gaussian_iid,782ee43c52f10048,256,sha256_raw_little_endian_float64,time,time_by_dimension_c_order,[256],"[256,1]",0.0,10.0,0.0,5.136382045481384,1132d46b6ae115b536011fbf7a76d8a8216dc0ccf68a60b71e3bad2cf6e8d8a1,32b1c29b5b675cde5a21e1b59381cc4cc4d6690083357856dd2d9e54f066fae9,cells\system_0021_ic1_time_f64le.bin,cells\system_0021_ic1_state_f64le_c_order.bin,C:\Users\joedicke\Documents\reps\EvoODE\outputs\phase_c_c6_data_conditions_5dd1df8\system_0021_ic1_sigma_0p040000000000000001_rho_0p5_realization_2,float64,little_endian
21,1,1,0.04,0.5,3,multiplicative_gaussian_iid,ed5295c60e5e2276,256,sha256_raw_little_endian_float64,time,time_by_dimension_c_order,[256],"[256,1]",0.0,9.980430528375733,0.0,4.96514764768056,428816e81684e7768535a015d84fddb46a2ca32f98c88e0e05f7af389ea28653,674e8c3782a0c0c7fb2b282a44e3eb004c71d01bd530cee6601ac9e6ada5f7b2,cells\system_0021_ic1_time_f64le.bin,cells\system_0021_ic1_state_f64le_c_order.bin,C:\Users\joedicke\Documents\reps\EvoODE\outputs\phase_c_c6_data_conditions_5dd1df8\system_0021_ic1_sigma_0p040000000000000001_rho_0p5_realization_3,float64,little_endian
21,1,1,0.05,0.0,1,multiplicative_gaussian_iid,0c0ad42629f69010,512,sha256_raw_little_endian_float64,time,time_by_dimension_c_order,[512],"[512,1]",0.0,10.0,0.0,5.3608751469097875,ffad3499269c08c6bd22e9e5c5d2ab32bbf827e2037cbdd6e73571aeab04432f,a6c517f5c9f29f93da25fb1dec4aa41230db5c1436522a769c35be98fa655b1c,cells\system_0021_ic1_time_f64le.bin,cells\system_0021_ic1_state_f64le_c_order.bin,C:\Users\joedicke\Documents\reps\EvoODE\outputs\phase_c_c6_data_conditions_5dd1df8\system_0021_ic1_sigma_0p050000000000000003_rho_0_realization_1,float64,little_endian
21,1,1,0.05,0.0,2,multiplicative_gaussian_iid,d4fd33de90c64fdb,512,sha256_raw_little_endian_float64,time,time_by_dimension_c_order,[512],"[512,1]",0.0,10.0,0.0,5.512633566655686,ffad3499269c08c6bd22e9e5c5d2ab32bbf827e2037cbdd6e73571aeab04432f,10f7db4e9fd9928cb5a1d7fe78adee157469606c22352883b6e02920ee3cd94e,cells\system_0021_ic1_time_f64le.bin,cells\system_0021_ic1_state_f64le_c_order.bin,C:\Users\joedicke\Documents\reps\EvoODE\outputs\phase_c_c6_data_conditions_5dd1df8\system_0021_ic1_sigma_0p050000000000000003_rho_0_realization_2,float64,little_endian
21,1,1,0.05,0.0,3,multiplicative_gaussian_iid,474964b5d4eb36b7,512,sha256_raw_little_endian_float64,time,time_by_dimension_c_order,[512],"[512,1]",0.0,10.0,0.0,5.031606318468814,ffad3499269c08c6bd22e9e5c5d2ab32bbf827e2037cbdd6e73571aeab04432f,69f05e0a097a016fb522d5e31a5c224a92b1c8c1e65997d08c7b3dbd512786d7,cells\system_0021_ic1_time_f64le.bin,cells\system_0021_ic1_state_f64le_c_order.bin,C:\Users\joedicke\Documents\reps\EvoODE\outputs\phase_c_c6_data_conditions_5dd1df8\system_0021_ic1_sigma_0p050000000000000003_rho_0_realization_3,float64,little_endian
21,1,1,0.05,0.5,1,multiplicative_gaussian_iid,2c2c9d97aa17bd60,256,sha256_raw_little_endian_float64,time,time_by_dimension_c_order,[256],"[256,1]",0.03913894324853229,9.921722113502934,0.008591479989752343,4.923696087785268,20dc86960a15d39ccc0a127a7cf6b0bcce445965af736daa8f3e3f487c095364,5366ec244f7f9a6015a83bc6d82a03cffea2f1edbca72d7659abf2aba82d181e,cells\system_0021_ic1_time_f64le.bin,cells\system_0021_ic1_state_f64le_c_order.bin,C:\Users\joedicke\Documents\reps\EvoODE\outputs\phase_c_c6_data_conditions_5dd1df8\system_0021_ic1_sigma_0p050000000000000003_rho_0p5_realization_1,float64,little_endian
21,1,1,0.05,0.5,2,multiplicative_gaussian_iid,0e7c4be2f70297ab,256,sha256_raw_little_endian_float64,time,time_by_dimension_c_order,[256],"[256,1]",0.019569471624266144,9.980430528375733,0.004249249694937085,5.181101017369917,60a5740b14aab56776dbebb7ed08536280c485bd36a1313bcb8afcc43729ec91,9656ab189ef1831244ce7f9d80513d284b95dd4bede8aaa67d241c3480b50759,cells\system_0021_ic1_time_f64le.bin,cells\system_0021_ic1_state_f64le_c_order.bin,C:\Users\joedicke\Documents\reps\EvoODE\outputs\phase_c_c6_data_conditions_5dd1df8\system_0021_ic1_sigma_0p050000000000000003_rho_0p5_realization_2,float64,little_endian
21,1,1,0.05,0.5,3,multiplicative_gaussian_iid,eb4c796cf661b732,256,sha256_raw_little_endian_float64,time,time_by_dimension_c_order,[256],"[256,1]",0.0,9.980430528375733,0.0,5.039733893451941,ef6a2eb88ab60fcb2cdd8a34eca2d440a89c50a64eede573dcf8857ef9197901,d7625ed7d16dae320a64a8ac6305bc377da44fb0b2305bf8cfb743244dc244d8,cells\system_0021_ic1_time_f64le.bin,cells\system_0021_ic1_state_f64le_c_order.bin,C:\Users\joedicke\Documents\reps\EvoODE\outputs\phase_c_c6_data_conditions_5dd1df8\system_0021_ic1_sigma_0p050000000000000003_rho_0p5_realization_3,float64,little_endian
21,2,1,0.0,0.0,1,multiplicative_gaussian_iid,799711a15b6d0740,512,sha256_raw_little_endian_float64,time,time_by_dimension_c_order,[512],"[512,1]",0.0,10.0,0.8,5.140641382075955,ffad3499269c08c6bd22e9e5c5d2ab32bbf827e2037cbdd6e73571aeab04432f,9b0821504f0cb433398fe2b78c754bdbec83d14d689a9630b50d5faa1fbbd561,cells\system_0021_ic2_time_f64le.bin,cells\system_0021_ic2_state_f64le_c_order.bin,C:\Users\joedicke\Documents\reps\EvoODE\outputs\phase_c_c6_data_conditions_5dd1df8\system_0021_ic2_sigma_0_rho_0_realization_1,float64,little_endian
21,2,1,0.0,0.0,2,multiplicative_gaussian_iid,b5afe8a7651c851f,512,sha256_raw_little_endian_float64,time,time_by_dimension_c_order,[512],"[512,1]",0.0,10.0,0.8,5.140641382075955,ffad3499269c08c6bd22e9e5c5d2ab32bbf827e2037cbdd6e73571aeab04432f,9b0821504f0cb433398fe2b78c754bdbec83d14d689a9630b50d5faa1fbbd561,cells\system_0021_ic2_time_f64le.bin,cells\system_0021_ic2_state_f64le_c_order.bin,C:\Users\joedicke\Documents\reps\EvoODE\outputs\phase_c_c6_data_conditions_5dd1df8\system_0021_ic2_sigma_0_rho_0_realization_2,float64,little_endian
21,2,1,0.0,0.0,3,multiplicative_gaussian_iid,d0ef57fd9e507f22,512,sha256_raw_little_endian_float64,time,time_by_dimension_c_order,[512],"[512,1]",0.0,10.0,0.8,5.140641382075955,ffad3499269c08c6bd22e9e5c5d2ab32bbf827e2037cbdd6e73571aeab04432f,9b0821504f0cb433398fe2b78c754bdbec83d14d689a9630b50d5faa1fbbd561,cells\system_0021_ic2_time_f64le.bin,cells\system_0021_ic2_state_f64le_c_order.bin,C:\Users\joedicke\Documents\reps\EvoODE\outputs\phase_c_c6_data_conditions_5dd1df8\system_0021_ic2_sigma_0_rho_0_realization_3,float64,little_endian
21,2,1,0.0,0.5,1,multiplicative_gaussian_iid,e5ae40517517118c,256,sha256_raw_little_endian_float64,time,time_by_dimension_c_order,[256],"[256,1]",0.0,10.0,0.8,5.140641382075955,0484d373f274c9312b11574d926d2f96f5c6db47016dd91d03818e26635d60d3,3d4c4bf0b0f15cf8f2c32c67fd0429e0dfb49c5eff64c882eeff141a2fc460a7,cells\system_0021_ic2_time_f64le.bin,cells\system_0021_ic2_state_f64le_c_order.bin,C:\Users\joedicke\Documents\reps\EvoODE\outputs\phase_c_c6_data_conditions_5dd1df8\system_0021_ic2_sigma_0_rho_0p5_realization_1,float64,little_endian
21,2,1,0.0,0.5,2,multiplicative_gaussian_iid,410220e26b007c78,256,sha256_raw_little_endian_float64,time,time_by_dimension_c_order,[256],"[256,1]",0.0,10.0,0.8,5.140641382075955,1ed7a7fa6e0329e3a9edf21870854cf7184509d2a7b828526fb995e58a124eb0,b8a2c18435e03014d98b8f44a5172e43c124fae28e15ae03c4286f4238e3d36c,cells\system_0021_ic2_time_f64le.bin,cells\system_0021_ic2_state_f64le_c_order.bin,C:\Users\joedicke\Documents\reps\EvoODE\outputs\phase_c_c6_data_conditions_5dd1df8\system_0021_ic2_sigma_0_rho_0p5_realization_2,float64,little_endian
21,2,1,0.0,0.5,3,multiplicative_gaussian_iid,32943fed9075ec6b,256,sha256_raw_little_endian_float64,time,time_by_dimension_c_order,[256],"[256,1]",0.0,9.980430528375733,0.8,5.137386322236335,c64999b3cf143d732b0570948a0170839eb1d546a188b1e45d78a85047b2c858,d66ce7672a029d7b6862db5c86f800c27a1969d972d26735b121666526090219,cells\system_0021_ic2_time_f64le.bin,cells\system_0021_ic2_state_f64le_c_order.bin,C:\Users\joedicke\Documents\reps\EvoODE\outputs\phase_c_c6_data_conditions_5dd1df8\system_0021_ic2_sigma_0_rho_0p5_realization_3,float64,little_endian
21,2,1,0.01,0.0,1,multiplicative_gaussian_iid,1696ce8b0e80990d,512,sha256_raw_little_endian_float64,time,time_by_dimension_c_order,[512],"[512,1]",0.0,10.0,0.8000423974468582,5.2560525766225705,ffad3499269c08c6bd22e9e5c5d2ab32bbf827e2037cbdd6e73571aeab04432f,b8cdc07cab7ace4c74cbcc944ffc66fbf929a90686375aed722fa7bed75fbe00,cells\system_0021_ic2_time_f64le.bin,cells\system_0021_ic2_state_f64le_c_order.bin,C:\Users\joedicke\Documents\reps\EvoODE\outputs\phase_c_c6_data_conditions_5dd1df8\system_0021_ic2_sigma_0p01_rho_0_realization_1,float64,little_endian
21,2,1,0.01,0.0,2,multiplicative_gaussian_iid,715557b4e934a00a,512,sha256_raw_little_endian_float64,time,time_by_dimension_c_order,[512],"[512,1]",0.0,10.0,0.8073138084599755,5.241590297260618,ffad3499269c08c6bd22e9e5c5d2ab32bbf827e2037cbdd6e73571aeab04432f,88e04a8ad6ad0a20fa4c5b7b6f67c72ff009e7cd0f25b063d06451432f43cc36,cells\system_0021_ic2_time_f64le.bin,cells\system_0021_ic2_state_f64le_c_order.bin,C:\Users\joedicke\Documents\reps\EvoODE\outputs\phase_c_c6_data_conditions_5dd1df8\system_0021_ic2_sigma_0p01_rho_0_realization_2,float64,little_endian
21,2,1,0.01,0.0,3,multiplicative_gaussian_iid,bcb458bd643fcc5e,512,sha256_raw_little_endian_float64,time,time_by_dimension_c_order,[512],"[512,1]",0.0,10.0,0.8025961866842224,5.237789654178905,ffad3499269c08c6bd22e9e5c5d2ab32bbf827e2037cbdd6e73571aeab04432f,55b1e242c8cf65fdc7f067a1096da1ee975921f79501bb9b09bfb97a3b367b46,cells\system_0021_ic2_time_f64le.bin,cells\system_0021_ic2_state_f64le_c_order.bin,C:\Users\joedicke\Documents\reps\EvoODE\outputs\phase_c_c6_data_conditions_5dd1df8\system_0021_ic2_sigma_0p01_rho_0_realization_3,float64,little_endian
21,2,1,0.01,0.5,1,multiplicative_gaussian_iid,228ccdf853b4603f,256,sha256_raw_little_endian_float64,time,time_by_dimension_c_order,[256],"[256,1]",0.0,10.0,0.8040431904100765,5.164038955778446,70051dde6b305242e55edbb63e373bda3d03c9d88a3866606539a755763c61b0,b1e6df34abc7f699fc8b1b8abc74177445578a4689a347523854ba7afe487ba3,cells\system_0021_ic2_time_f64le.bin,cells\system_0021_ic2_state_f64le_c_order.bin,C:\Users\joedicke\Documents\reps\EvoODE\outputs\phase_c_c6_data_conditions_5dd1df8\system_0021_ic2_sigma_0p01_rho_0p5_realization_1,float64,little_endian
21,2,1,0.01,0.5,2,multiplicative_gaussian_iid,91c37238ed72132a,256,sha256_raw_little_endian_float64,time,time_by_dimension_c_order,[256],"[256,1]",0.05870841487279843,10.0,0.831017471186117,5.192960214873542,455dfc6e0e3538c5f70b3c7e29f7b957ea089ddb6850af5d08d0a6c438d1e2cb,5e363f5cf5a724d60b7cf5d353383602285e5c6da4187b73701a61fb3c1adab7,cells\system_0021_ic2_time_f64le.bin,cells\system_0021_ic2_state_f64le_c_order.bin,C:\Users\joedicke\Documents\reps\EvoODE\outputs\phase_c_c6_data_conditions_5dd1df8\system_0021_ic2_sigma_0p01_rho_0p5_realization_2,float64,little_endian
21,2,1,0.01,0.5,3,multiplicative_gaussian_iid,f288b68ee10122ab,256,sha256_raw_little_endian_float64,time,time_by_dimension_c_order,[256],"[256,1]",0.019569471624266144,9.960861056751467,0.809764364381988,5.128746905914443,f8237160be405f0df9b81f1675eae24ed0759398af643c89dfd2435024dd19b0,3a6e14d078ad6c46f1c5aff918bb66cad8efe165926952296378ce1fe076a076,cells\system_0021_ic2_time_f64le.bin,cells\system_0021_ic2_state_f64le_c_order.bin,C:\Users\joedicke\Documents\reps\EvoODE\outputs\phase_c_c6_data_conditions_5dd1df8\system_0021_ic2_sigma_0p01_rho_0p5_realization_3,float64,little_endian
21,2,1,0.02,0.0,1,multiplicative_gaussian_iid,672a11e7b6fa736d,512,sha256_raw_little_endian_float64,time,time_by_dimension_c_order,[512],"[512,1]",0.0,10.0,0.7847123863734091,5.33126693872791,ffad3499269c08c6bd22e9e5c5d2ab32bbf827e2037cbdd6e73571aeab04432f,7b70c13d60906d9607553de40d1c9c487742c239051fd42ed5111b5fa49dc5f9,cells\system_0021_ic2_time_f64le.bin,cells\system_0021_ic2_state_f64le_c_order.bin,C:\Users\joedicke\Documents\reps\EvoODE\outputs\phase_c_c6_data_conditions_5dd1df8\system_0021_ic2_sigma_0p02_rho_0_realization_1,float64,little_endian
21,2,1,0.02,0.0,2,multiplicative_gaussian_iid,325115d8689b3624,512,sha256_raw_little_endian_float64,time,time_by_dimension_c_order,[512],"[512,1]",0.0,10.0,0.8225811974640981,5.287934196483327,ffad3499269c08c6bd22e9e5c5d2ab32bbf827e2037cbdd6e73571aeab04432f,96a2d26b3e080ba8f7a1fbf36b137157f5378c803c85e109fc09ecacf205e3bc,cells\system_0021_ic2_time_f64le.bin,cells\system_0021_ic2_state_f64le_c_order.bin,C:\Users\joedicke\Documents\reps\EvoODE\outputs\phase_c_c6_data_conditions_5dd1df8\system_0021_ic2_sigma_0p02_rho_0_realization_2,float64,little_endian
21,2,1,0.02,0.0,3,multiplicative_gaussian_iid,f381e98903da9113,512,sha256_raw_little_endian_float64,time,time_by_dimension_c_order,[512],"[512,1]",0.0,10.0,0.775240523764923,5.314579692217415,ffad3499269c08c6bd22e9e5c5d2ab32bbf827e2037cbdd6e73571aeab04432f,1cd9d4a42d7b2499ef4ef9cc58aa301f4c57caaa6dc6fcb24cc83e7b6f9341bc,cells\system_0021_ic2_time_f64le.bin,cells\system_0021_ic2_state_f64le_c_order.bin,C:\Users\joedicke\Documents\reps\EvoODE\outputs\phase_c_c6_data_conditions_5dd1df8\system_0021_ic2_sigma_0p02_rho_0_realization_3,float64,little_endian
21,2,1,0.02,0.5,1,multiplicative_gaussian_iid,7c6160caa1ea477b,256,sha256_raw_little_endian_float64,time,time_by_dimension_c_order,[256],"[256,1]",0.03913894324853229,9.960861056751467,0.8436066627538357,5.2907956920208115,dd383ffe2e59e2684f37c76a77c231b0e70ad0fdda1af6665f3464c128634691,a195a9dbc3463b76e7fe573ae9b269facdc4cd9c3295e71f241f011241c48c59,cells\system_0021_ic2_time_f64le.bin,cells\system_0021_ic2_state_f64le_c_order.bin,C:\Users\joedicke\Documents\reps\EvoODE\outputs\phase_c_c6_data_conditions_5dd1df8\system_0021_ic2_sigma_0p02_rho_0p5_realization_1,float64,little_endian
21,2,1,0.02,0.5,2,multiplicative_gaussian_iid,bcd25d66948ee0ae,256,sha256_raw_little_endian_float64,time,time_by_dimension_c_order,[256],"[256,1]",0.019569471624266144,9.941291585127201,0.8098636096172318,5.297912979532111,8a3c622ab6e7b890ed72aa1c578fc953fccdd77e40646d9d39019d25f299e244,2fb9a8688c35499b6dbd28ef227e90610d459105fd5decd0c2c4f9118132b989,cells\system_0021_ic2_time_f64le.bin,cells\system_0021_ic2_state_f64le_c_order.bin,C:\Users\joedicke\Documents\reps\EvoODE\outputs\phase_c_c6_data_conditions_5dd1df8\system_0021_ic2_sigma_0p02_rho_0p5_realization_2,float64,little_endian
21,2,1,0.02,0.5,3,multiplicative_gaussian_iid,e0af3b0de5724047,256,sha256_raw_little_endian_float64,time,time_by_dimension_c_order,[256],"[256,1]",0.0,9.921722113502934,0.8167414265079931,5.396863279417694,93916a0452c07c84d04115de2876dcc3a93c38914f232010f7dc105151d07efe,0e7aeff2f9fa9a9088e2ddb12b193d79df8a3dd47a31f10a1050b676d17395b2,cells\system_0021_ic2_time_f64le.bin,cells\system_0021_ic2_state_f64le_c_order.bin,C:\Users\joedicke\Documents\reps\EvoODE\outputs\phase_c_c6_data_conditions_5dd1df8\system_0021_ic2_sigma_0p02_rho_0p5_realization_3,float64,little_endian
21,2,1,0.03,0.0,1,multiplicative_gaussian_iid,9ab73e4eac8e3294,512,sha256_raw_little_endian_float64,time,time_by_dimension_c_order,[512],"[512,1]",0.0,10.0,0.793017336219972,5.34067599781857,ffad3499269c08c6bd22e9e5c5d2ab32bbf827e2037cbdd6e73571aeab04432f,328d85c4bc9736448d50012057a309992309f28e6f8cb8b8cd674c4d0f134dfb,cells\system_0021_ic2_time_f64le.bin,cells\system_0021_ic2_state_f64le_c_order.bin,C:\Users\joedicke\Documents\reps\EvoODE\outputs\phase_c_c6_data_conditions_5dd1df8\system_0021_ic2_sigma_0p029999999999999999_rho_0_realization_1,float64,little_endian
21,2,1,0.03,0.0,2,multiplicative_gaussian_iid,82c3da1e7e62eee3,512,sha256_raw_little_endian_float64,time,time_by_dimension_c_order,[512],"[512,1]",0.0,10.0,0.7794107243621468,5.307730181948146,ffad3499269c08c6bd22e9e5c5d2ab32bbf827e2037cbdd6e73571aeab04432f,235128903ba8683b6f76b9809edd5847b583bb0de647c264c10a8705e044ba60,cells\system_0021_ic2_time_f64le.bin,cells\system_0021_ic2_state_f64le_c_order.bin,C:\Users\joedicke\Documents\reps\EvoODE\outputs\phase_c_c6_data_conditions_5dd1df8\system_0021_ic2_sigma_0p029999999999999999_rho_0_realization_2,float64,little_endian
21,2,1,0.03,0.0,3,multiplicative_gaussian_iid,14ad814a69ec28ff,512,sha256_raw_little_endian_float64,time,time_by_dimension_c_order,[512],"[512,1]",0.0,10.0,0.8052702113578738,5.549074056324958,ffad3499269c08c6bd22e9e5c5d2ab32bbf827e2037cbdd6e73571aeab04432f,39387815b3a4587505c001b2b6b23ee1ab81b367a1af9f495a1b55fd2f3723d1,cells\system_0021_ic2_time_f64le.bin,cells\system_0021_ic2_state_f64le_c_order.bin,C:\Users\joedicke\Documents\reps\EvoODE\outputs\phase_c_c6_data_conditions_5dd1df8\system_0021_ic2_sigma_0p029999999999999999_rho_0_realization_3,float64,little_endian
21,2,1,0.03,0.5,1,multiplicative_gaussian_iid,8de245124bfb451c,256,sha256_raw_little_endian_float64,time,time_by_dimension_c_order,[256],"[256,1]",0.0,9.921722113502934,0.7761857117687887,5.253801247227814,a4779e84d8cf992f8cfd4503397d2addc2792a7d05d411796206abddd8caa1a4,e15fd9eee5b3e2666def2341d0556e8ba5f9e2db599df84f253362106037705a,cells\system_0021_ic2_time_f64le.bin,cells\system_0021_ic2_state_f64le_c_order.bin,C:\Users\joedicke\Documents\reps\EvoODE\outputs\phase_c_c6_data_conditions_5dd1df8\system_0021_ic2_sigma_0p029999999999999999_rho_0p5_realization_1,float64,little_endian
21,2,1,0.03,0.5,2,multiplicative_gaussian_iid,a318ab0636b2776b,256,sha256_raw_little_endian_float64,time,time_by_dimension_c_order,[256],"[256,1]",0.03913894324853229,9.941291585127201,0.8345508305258053,5.168582976902339,598aff4c5643e7af58b6ba69acf68f60574f4f44efb099e894e380cffaa10a99,51acbc7d86ae21bf56282dc96f1614b12337152ad302676e68ca52f9c92fc11b,cells\system_0021_ic2_time_f64le.bin,cells\system_0021_ic2_state_f64le_c_order.bin,C:\Users\joedicke\Documents\reps\EvoODE\outputs\phase_c_c6_data_conditions_5dd1df8\system_0021_ic2_sigma_0p029999999999999999_rho_0p5_realization_2,float64,little_endian
21,2,1,0.03,0.5,3,multiplicative_gaussian_iid,069741ac89cccc44,256,sha256_raw_little_endian_float64,time,time_by_dimension_c_order,[256],"[256,1]",0.07827788649706457,9.960861056751467,0.8592905496784483,5.31830673659579,a6b73924ccb1df34ea4f38986af3f4f8cb46241d46c6e5d6a5cc0b4f5890a133,64fafd5680f10f622f1bb0a26f03c5ad6dfd4cbe007757cec7689a8711ac3a30,cells\system_0021_ic2_time_f64le.bin,cells\system_0021_ic2_state_f64le_c_order.bin,C:\Users\joedicke\Documents\reps\EvoODE\outputs\phase_c_c6_data_conditions_5dd1df8\system_0021_ic2_sigma_0p029999999999999999_rho_0p5_realization_3,float64,little_endian
21,2,1,0.04,0.0,1,multiplicative_gaussian_iid,44801945584039fb,512,sha256_raw_little_endian_float64,time,time_by_dimension_c_order,[512],"[512,1]",0.0,10.0,0.7524458146983203,5.524890658220503,ffad3499269c08c6bd22e9e5c5d2ab32bbf827e2037cbdd6e73571aeab04432f,49ddb6f1078ff67bee54ab5e899f965f6957588b22083a59ebba67231d67fca9,cells\system_0021_ic2_time_f64le.bin,cells\system_0021_ic2_state_f64le_c_order.bin,C:\Users\joedicke\Documents\reps\EvoODE\outputs\phase_c_c6_data_conditions_5dd1df8\system_0021_ic2_sigma_0p040000000000000001_rho_0_realization_1,float64,little_endian
21,2,1,0.04,0.0,2,multiplicative_gaussian_iid,8822fb29eb654e2c,512,sha256_raw_little_endian_float64,time,time_by_dimension_c_order,[512],"[512,1]",0.0,10.0,0.8168417640322209,5.4185205728715395,ffad3499269c08c6bd22e9e5c5d2ab32bbf827e2037cbdd6e73571aeab04432f,69b4302d75cad7cd62de4c2798de51664616333f44f3672d59c8e08ffe55b874,cells\system_0021_ic2_time_f64le.bin,cells\system_0021_ic2_state_f64le_c_order.bin,C:\Users\joedicke\Documents\reps\EvoODE\outputs\phase_c_c6_data_conditions_5dd1df8\system_0021_ic2_sigma_0p040000000000000001_rho_0_realization_2,float64,little_endian
21,2,1,0.04,0.0,3,multiplicative_gaussian_iid,c894b9d947f7dad9,512,sha256_raw_little_endian_float64,time,time_by_dimension_c_order,[512],"[512,1]",0.0,10.0,0.7832509462311859,5.531805385621111,ffad3499269c08c6bd22e9e5c5d2ab32bbf827e2037cbdd6e73571aeab04432f,5fa31aa861aaf9afca45fff4f62c77669d9a2fdd9c52cbeb473993d0da5c0705,cells\system_0021_ic2_time_f64le.bin,cells\system_0021_ic2_state_f64le_c_order.bin,C:\Users\joedicke\Documents\reps\EvoODE\outputs\phase_c_c6_data_conditions_5dd1df8\system_0021_ic2_sigma_0p040000000000000001_rho_0_realization_3,float64,little_endian
21,2,1,0.04,0.5,1,multiplicative_gaussian_iid,9b8b6df42eee8e32,256,sha256_raw_little_endian_float64,time,time_by_dimension_c_order,[256],"[256,1]",0.0,10.0,0.7737432424834567,5.462944576337154,e89cde469defe09a3c99dbc0f5e47645ee76154c1560cdbd17cff39d4011b232,ca329c1691caf016a7ba0e73b9058666ab0712dcfac343281fec499eb505c483,cells\system_0021_ic2_time_f64le.bin,cells\system_0021_ic2_state_f64le_c_order.bin,C:\Users\joedicke\Documents\reps\EvoODE\outputs\phase_c_c6_data_conditions_5dd1df8\system_0021_ic2_sigma_0p040000000000000001_rho_0p5_realization_1,float64,little_endian
21,2,1,0.04,0.5,2,multiplicative_gaussian_iid,782ee43c52f10048,256,sha256_raw_little_endian_float64,time,time_by_dimension_c_order,[256],"[256,1]",0.03913894324853229,10.0,0.7878329828617128,5.40935266370254,3a7ea1ffebb37b828fb9df8d79dbad4f9dd0d67f2019507f895acd61835dd696,0c4008d967b6e4fdcfc203183e427c527a8bc7c3ddba60b9dd93acc56c15542d,cells\system_0021_ic2_time_f64le.bin,cells\system_0021_ic2_state_f64le_c_order.bin,C:\Users\joedicke\Documents\reps\EvoODE\outputs\phase_c_c6_data_conditions_5dd1df8\system_0021_ic2_sigma_0p040000000000000001_rho_0p5_realization_2,float64,little_endian
21,2,1,0.04,0.5,3,multiplicative_gaussian_iid,ed5295c60e5e2276,256,sha256_raw_little_endian_float64,time,time_by_dimension_c_order,[256],"[256,1]",0.0,10.0,0.8210346280582672,5.440077799969543,8b2db0753efcb0575e778c918cdba010502632cc025356051e91206c458ab9b5,9f19824102953bb2877de650d6425d6523c4285c403d6ac9ebd2f423eae4d422,cells\system_0021_ic2_time_f64le.bin,cells\system_0021_ic2_state_f64le_c_order.bin,C:\Users\joedicke\Documents\reps\EvoODE\outputs\phase_c_c6_data_conditions_5dd1df8\system_0021_ic2_sigma_0p040000000000000001_rho_0p5_realization_3,float64,little_endian
21,2,1,0.05,0.0,1,multiplicative_gaussian_iid,0c0ad42629f69010,512,sha256_raw_little_endian_float64,time,time_by_dimension_c_order,[512],"[512,1]",0.0,10.0,0.7874753977607295,5.650871969197778,ffad3499269c08c6bd22e9e5c5d2ab32bbf827e2037cbdd6e73571aeab04432f,130048bb158d0ac9a9b09dc4b3eb355111968895b791e8458840ca9048037e63,cells\system_0021_ic2_time_f64le.bin,cells\system_0021_ic2_state_f64le_c_order.bin,C:\Users\joedicke\Documents\reps\EvoODE\outputs\phase_c_c6_data_conditions_5dd1df8\system_0021_ic2_sigma_0p050000000000000003_rho_0_realization_1,float64,little_endian
21,2,1,0.05,0.0,2,multiplicative_gaussian_iid,d4fd33de90c64fdb,512,sha256_raw_little_endian_float64,time,time_by_dimension_c_order,[512],"[512,1]",0.0,10.0,0.782977698571741,5.602020830961278,ffad3499269c08c6bd22e9e5c5d2ab32bbf827e2037cbdd6e73571aeab04432f,5d394e608b39fe83de32a9812805c5eea4c4ca1a9389f8f7baaae7f5ecc0c2f6,cells\system_0021_ic2_time_f64le.bin,cells\system_0021_ic2_state_f64le_c_order.bin,C:\Users\joedicke\Documents\reps\EvoODE\outputs\phase_c_c6_data_conditions_5dd1df8\system_0021_ic2_sigma_0p050000000000000003_rho_0_realization_2,float64,little_endian
21,2,1,0.05,0.0,3,multiplicative_gaussian_iid,474964b5d4eb36b7,512,sha256_raw_little_endian_float64,time,time_by_dimension_c_order,[512],"[512,1]",0.0,10.0,0.7722984000153202,5.628482205160637,ffad3499269c08c6bd22e9e5c5d2ab32bbf827e2037cbdd6e73571aeab04432f,2d803ff1e424dbd9a4a72b151fe686d06d57f402efd49dc1ea61fae064248e92,cells\system_0021_ic2_time_f64le.bin,cells\system_0021_ic2_state_f64le_c_order.bin,C:\Users\joedicke\Documents\reps\EvoODE\outputs\phase_c_c6_data_conditions_5dd1df8\system_0021_ic2_sigma_0p050000000000000003_rho_0_realization_3,float64,little_endian
21,2,1,0.05,0.5,1,multiplicative_gaussian_iid,2c2c9d97aa17bd60,256,sha256_raw_little_endian_float64,time,time_by_dimension_c_order,[256],"[256,1]",0.0,10.0,0.7701845231773934,5.429164005520184,dd1f8c93ec1eb67a444ae2edaf8443670d4de573fbe5378b2d2d9ee9ea913b9f,7081aa3d6f98a0f98addee04d97ba63b1e28cbc50906a381a583c5319ed9f122,cells\system_0021_ic2_time_f64le.bin,cells\system_0021_ic2_state_f64le_c_order.bin,C:\Users\joedicke\Documents\reps\EvoODE\outputs\phase_c_c6_data_conditions_5dd1df8\system_0021_ic2_sigma_0p050000000000000003_rho_0p5_realization_1,float64,little_endian
21,2,1,0.05,0.5,2,multiplicative_gaussian_iid,0e7c4be2f70297ab,256,sha256_raw_little_endian_float64,time,time_by_dimension_c_order,[256],"[256,1]",0.0,9.980430528375733,0.7109336049472728,5.552543100870791,2e96c0d963ebf5600a451ee02e8067c7b54f39b72869edea78d5a0cb752e87e4,739fdfc29c827b5b91c796f5aba20c59ba0a48e8a9818949065d8f8f598532de,cells\system_0021_ic2_time_f64le.bin,cells\system_0021_ic2_state_f64le_c_order.bin,C:\Users\joedicke\Documents\reps\EvoODE\outputs\phase_c_c6_data_conditions_5dd1df8\system_0021_ic2_sigma_0p050000000000000003_rho_0p5_realization_2,float64,little_endian
21,2,1,0.05,0.5,3,multiplicative_gaussian_iid,eb4c796cf661b732,256,sha256_raw_little_endian_float64,time,time_by_dimension_c_order,[256],"[256,1]",0.0,10.0,0.7531989931285288,5.627449442917273,3c967becef38da8bd9e4f8cdaf7f0164250c09adad04b93901fa880fc66380f5,7f31ce6cffa05994221913155948af6758ca7464576b73a607e8bcbc17f3da2b,cells\system_0021_ic2_time_f64le.bin,cells\system_0021_ic2_state_f64le_c_order.bin,C:\Users\joedicke\Documents\reps\EvoODE\outputs\phase_c_c6_data_conditions_5dd1df8\system_0021_ic2_sigma_0p050000000000000003_rho_0p5_realization_3,float64,little_endian
31,1,2,0.0,0.0,1,multiplicative_gaussian_iid,799711a15b6d0740,512,sha256_raw_little_endian_float64,time,time_by_dimension_c_order,[512],"[512,2]",0.0,10.0,0.00038243530027740817,7.2,ffad3499269c08c6bd22e9e5c5d2ab32bbf827e2037cbdd6e73571aeab04432f,9da092858c971ab0dd92fc3591efacc6d64a01cd5807018f5f8880a7f2c37cd0,cells\system_0031_ic1_time_f64le.bin,cells\system_0031_ic1_state_f64le_c_order.bin,C:\Users\joedicke\Documents\reps\EvoODE\outputs\phase_c_c6_data_conditions_5dd1df8\system_0031_ic1_sigma_0_rho_0_realization_1,float64,little_endian
31,1,2,0.0,0.0,2,multiplicative_gaussian_iid,b5afe8a7651c851f,512,sha256_raw_little_endian_float64,time,time_by_dimension_c_order,[512],"[512,2]",0.0,10.0,0.00038243530027740817,7.2,ffad3499269c08c6bd22e9e5c5d2ab32bbf827e2037cbdd6e73571aeab04432f,9da092858c971ab0dd92fc3591efacc6d64a01cd5807018f5f8880a7f2c37cd0,cells\system_0031_ic1_time_f64le.bin,cells\system_0031_ic1_state_f64le_c_order.bin,C:\Users\joedicke\Documents\reps\EvoODE\outputs\phase_c_c6_data_conditions_5dd1df8\system_0031_ic1_sigma_0_rho_0_realization_2,float64,little_endian
31,1,2,0.0,0.0,3,multiplicative_gaussian_iid,d0ef57fd9e507f22,512,sha256_raw_little_endian_float64,time,time_by_dimension_c_order,[512],"[512,2]",0.0,10.0,0.00038243530027740817,7.2,ffad3499269c08c6bd22e9e5c5d2ab32bbf827e2037cbdd6e73571aeab04432f,9da092858c971ab0dd92fc3591efacc6d64a01cd5807018f5f8880a7f2c37cd0,cells\system_0031_ic1_time_f64le.bin,cells\system_0031_ic1_state_f64le_c_order.bin,C:\Users\joedicke\Documents\reps\EvoODE\outputs\phase_c_c6_data_conditions_5dd1df8\system_0031_ic1_sigma_0_rho_0_realization_3,float64,little_endian
31,1,2,0.0,0.5,1,multiplicative_gaussian_iid,e5ae40517517118c,256,sha256_raw_little_endian_float64,time,time_by_dimension_c_order,[256],"[256,2]",0.07827788649706457,9.980430528375733,0.0003837975163373887,6.9597265205137475,65de642e607e5387a3b7733a8d6a76d145d77f08947e8f6d6a7fb7f03ad24857,1a85bccfcb6a08d66fe65057f0c20d12db2c2754ac88d8665bfe8cb4700ead97,cells\system_0031_ic1_time_f64le.bin,cells\system_0031_ic1_state_f64le_c_order.bin,C:\Users\joedicke\Documents\reps\EvoODE\outputs\phase_c_c6_data_conditions_5dd1df8\system_0031_ic1_sigma_0_rho_0p5_realization_1,float64,little_endian
31,1,2,0.0,0.5,2,multiplicative_gaussian_iid,410220e26b007c78,256,sha256_raw_little_endian_float64,time,time_by_dimension_c_order,[256],"[256,2]",0.0,9.980430528375733,0.0003837975163373887,7.2,a3beb8c34efa0458cd146956674caefa9761dc36d66bcb5a1576f3d7b54f8cd0,dcfba5f7e310c31b33d50a36202b4e1959cf563327f909caf86208ae94574a70,cells\system_0031_ic1_time_f64le.bin,cells\system_0031_ic1_state_f64le_c_order.bin,C:\Users\joedicke\Documents\reps\EvoODE\outputs\phase_c_c6_data_conditions_5dd1df8\system_0031_ic1_sigma_0_rho_0p5_realization_2,float64,little_endian
31,1,2,0.0,0.5,3,multiplicative_gaussian_iid,32943fed9075ec6b,256,sha256_raw_little_endian_float64,time,time_by_dimension_c_order,[256],"[256,2]",0.07827788649706457,9.921722113502934,0.0003879645437959382,6.9597265205137475,a42bf4078687c9d519d1b080d9cd3e367ce0c461cec06960530a26418ee35fc6,44564b1c1d687b0efdd553288057527f37698471cc898c5413cec8fad89d9b4a,cells\system_0031_ic1_time_f64le.bin,cells\system_0031_ic1_state_f64le_c_order.bin,C:\Users\joedicke\Documents\reps\EvoODE\outputs\phase_c_c6_data_conditions_5dd1df8\system_0031_ic1_sigma_0_rho_0p5_realization_3,float64,little_endian
31,1,2,0.01,0.0,1,multiplicative_gaussian_iid,1696ce8b0e80990d,512,sha256_raw_little_endian_float64,time,time_by_dimension_c_order,[512],"[512,2]",0.0,10.0,0.00037807430289713435,7.1740453545196985,ffad3499269c08c6bd22e9e5c5d2ab32bbf827e2037cbdd6e73571aeab04432f,3da9afd879c627ac6df5ffffa22eeace463b3f76d945ca16f4968724f9f86f51,cells\system_0031_ic1_time_f64le.bin,cells\system_0031_ic1_state_f64le_c_order.bin,C:\Users\joedicke\Documents\reps\EvoODE\outputs\phase_c_c6_data_conditions_5dd1df8\system_0031_ic1_sigma_0p01_rho_0_realization_1,float64,little_endian
31,1,2,0.01,0.0,2,multiplicative_gaussian_iid,715557b4e934a00a,512,sha256_raw_little_endian_float64,time,time_by_dimension_c_order,[512],"[512,2]",0.0,10.0,0.0003824267409835265,7.222224009460387,ffad3499269c08c6bd22e9e5c5d2ab32bbf827e2037cbdd6e73571aeab04432f,079c8c67e216a8f3f3fb7247f18e6af4ac448e5963b5379554a312fee79825ff,cells\system_0031_ic1_time_f64le.bin,cells\system_0031_ic1_state_f64le_c_order.bin,C:\Users\joedicke\Documents\reps\EvoODE\outputs\phase_c_c6_data_conditions_5dd1df8\system_0031_ic1_sigma_0p01_rho_0_realization_2,float64,little_endian
31,1,2,0.01,0.0,3,multiplicative_gaussian_iid,bcb458bd643fcc5e,512,sha256_raw_little_endian_float64,time,time_by_dimension_c_order,[512],"[512,2]",0.0,10.0,0.0003780588665041545,7.270319112322198,ffad3499269c08c6bd22e9e5c5d2ab32bbf827e2037cbdd6e73571aeab04432f,12134704d2e560599bd39cfc71c99700df7f3183781d160a01dfde4fd7227331,cells\system_0031_ic1_time_f64le.bin,cells\system_0031_ic1_state_f64le_c_order.bin,C:\Users\joedicke\Documents\reps\EvoODE\outputs\phase_c_c6_data_conditions_5dd1df8\system_0031_ic1_sigma_0p01_rho_0_realization_3,float64,little_endian
31,1,2,0.01,0.5,1,multiplicative_gaussian_iid,228ccdf853b4603f,256,sha256_raw_little_endian_float64,time,time_by_dimension_c_order,[256],"[256,2]",0.07827788649706457,9.960861056751467,0.00037721905381676515,6.925030593043761,dc98c98b3ddfce7865f6b8e8c4ae9c3355e71ba36662188ca9ce2bbfdfb8ddbf,d7ac0d6689f40e0c12b52bfed21422d991c9d9e09828be5b2b6e404776a8721c,cells\system_0031_ic1_time_f64le.bin,cells\system_0031_ic1_state_f64le_c_order.bin,C:\Users\joedicke\Documents\reps\EvoODE\outputs\phase_c_c6_data_conditions_5dd1df8\system_0031_ic1_sigma_0p01_rho_0p5_realization_1,float64,little_endian
31,1,2,0.01,0.5,2,multiplicative_gaussian_iid,91c37238ed72132a,256,sha256_raw_little_endian_float64,time,time_by_dimension_c_order,[256],"[256,2]",0.0,9.980430528375733,0.000382812443213358,7.206348788033813,c42355bc1473013de9184f9038393363648fe387b2fcb369587059481a4f83ae,fae3bf2a00b5c89d510d70bdde623cc7231e7a3b55c6d58220233cb4fa453e0c,cells\system_0031_ic1_time_f64le.bin,cells\system_0031_ic1_state_f64le_c_order.bin,C:\Users\joedicke\Documents\reps\EvoODE\outputs\phase_c_c6_data_conditions_5dd1df8\system_0031_ic1_sigma_0p01_rho_0p5_realization_2,float64,little_endian
31,1,2,0.01,0.5,3,multiplicative_gaussian_iid,f288b68ee10122ab,256,sha256_raw_little_endian_float64,time,time_by_dimension_c_order,[256],"[256,2]",0.019569471624266144,9.960861056751467,0.000385290946354442,7.2294347322528365,d407be2ca5ddc9513dc065dd8726a213517a549dd8ea1a34f6b5785033856505,847f965747a4fbb300302c72d9526f8671e2a923817e40b64764fb5242213ed7,cells\system_0031_ic1_time_f64le.bin,cells\system_0031_ic1_state_f64le_c_order.bin,C:\Users\joedicke\Documents\reps\EvoODE\outputs\phase_c_c6_data_conditions_5dd1df8\system_0031_ic1_sigma_0p01_rho_0p5_realization_3,float64,little_endian
31,1,2,0.02,0.0,1,multiplicative_gaussian_iid,672a11e7b6fa736d,512,sha256_raw_little_endian_float64,time,time_by_dimension_c_order,[512],"[512,2]",0.0,10.0,0.0003734187356174186,7.544861239845723,ffad3499269c08c6bd22e9e5c5d2ab32bbf827e2037cbdd6e73571aeab04432f,f37f7a2ebbf3e621343ea6f688e447ebd84469f3ad3e4a6abed6158a117fd543,cells\system_0031_ic1_time_f64le.bin,cells\system_0031_ic1_state_f64le_c_order.bin,C:\Users\joedicke\Documents\reps\EvoODE\outputs\phase_c_c6_data_conditions_5dd1df8\system_0031_ic1_sigma_0p02_rho_0_realization_1,float64,little_endian
31,1,2,0.02,0.0,2,multiplicative_gaussian_iid,325115d8689b3624,512,sha256_raw_little_endian_float64,time,time_by_dimension_c_order,[512],"[512,2]",0.0,10.0,0.00037740822543120135,7.532651546201702,ffad3499269c08c6bd22e9e5c5d2ab32bbf827e2037cbdd6e73571aeab04432f,67903ec0e8d2419be056886b5ebbde8dbd6569fe0e7f0f6b0e17883728e0eaab,cells\system_0031_ic1_time_f64le.bin,cells\system_0031_ic1_state_f64le_c_order.bin,C:\Users\joedicke\Documents\reps\EvoODE\outputs\phase_c_c6_data_conditions_5dd1df8\system_0031_ic1_sigma_0p02_rho_0_realization_2,float64,little_endian
31,1,2,0.02,0.0,3,multiplicative_gaussian_iid,f381e98903da9113,512,sha256_raw_little_endian_float64,time,time_by_dimension_c_order,[512],"[512,2]",0.0,10.0,0.00037570116401139744,7.262001677454483,ffad3499269c08c6bd22e9e5c5d2ab32bbf827e2037cbdd6e73571aeab04432f,a7e3485d40c22b291731f5cef3819e348d86da92114fb8d8f0ed0580fbd99be2,cells\system_0031_ic1_time_f64le.bin,cells\system_0031_ic1_state_f64le_c_order.bin,C:\Users\joedicke\Documents\reps\EvoODE\outputs\phase_c_c6_data_conditions_5dd1df8\system_0031_ic1_sigma_0p02_rho_0_realization_3,float64,little_endian
31,1,2,0.02,0.5,1,multiplicative_gaussian_iid,7c6160caa1ea477b,256,sha256_raw_little_endian_float64,time,time_by_dimension_c_order,[256],"[256,2]",0.0,10.0,0.00037912852703811845,7.165084413220104,8ec31fea850b7f1291ed6a18bd6dbcb3ec4c91148a3475562687f303a226f480,aee10e0579dfd647774e7e06ed2e1e4afb442e49a9bfcacb4a4ae2189f2ab24c,cells\system_0031_ic1_time_f64le.bin,cells\system_0031_ic1_state_f64le_c_order.bin,C:\Users\joedicke\Documents\reps\EvoODE\outputs\phase_c_c6_data_conditions_5dd1df8\system_0031_ic1_sigma_0p02_rho_0p5_realization_1,float64,little_endian
31,1,2,0.02,0.5,2,multiplicative_gaussian_iid,bcd25d66948ee0ae,256,sha256_raw_little_endian_float64,time,time_by_dimension_c_order,[256],"[256,2]",0.0,10.0,0.00037539631233065977,7.300702268885328,95db66570b1966b270070dd60e2a516561f3fb09d83b5e8a3f59646849174480,409c8947fbdaff7cf0607786182a6ca2e4ce1d1596799c81763bc82b897eaefc,cells\system_0031_ic1_time_f64le.bin,cells\system_0031_ic1_state_f64le_c_order.bin,C:\Users\joedicke\Documents\reps\EvoODE\outputs\phase_c_c6_data_conditions_5dd1df8\system_0031_ic1_sigma_0p02_rho_0p5_realization_2,float64,little_endian
31,1,2,0.02,0.5,3,multiplicative_gaussian_iid,e0af3b0de5724047,256,sha256_raw_little_endian_float64,time,time_by_dimension_c_order,[256],"[256,2]",0.0,10.0,0.0003704943791307759,7.366754581200271,c8d51a5cb280589faec23b1b9e35a636ee99884d6e2217b2438fdb0509a562a6,c6aa99fbddfd045c49a0d4181688e28118cac2633fec85b65fc46a90aee2e1b4,cells\system_0031_ic1_time_f64le.bin,cells\system_0031_ic1_state_f64le_c_order.bin,C:\Users\joedicke\Documents\reps\EvoODE\outputs\phase_c_c6_data_conditions_5dd1df8\system_0031_ic1_sigma_0p02_rho_0p5_realization_3,float64,little_endian
31,1,2,0.03,0.0,1,multiplicative_gaussian_iid,9ab73e4eac8e3294,512,sha256_raw_little_endian_float64,time,time_by_dimension_c_order,[512],"[512,2]",0.0,10.0,0.00036414042562856955,7.578800163150288,ffad3499269c08c6bd22e9e5c5d2ab32bbf827e2037cbdd6e73571aeab04432f,bcfe2ee84bf4325a822356203dfa2a2955aa6691eb946e832eef174b7e693549,cells\system_0031_ic1_time_f64le.bin,cells\system_0031_ic1_state_f64le_c_order.bin,C:\Users\joedicke\Documents\reps\EvoODE\outputs\phase_c_c6_data_conditions_5dd1df8\system_0031_ic1_sigma_0p029999999999999999_rho_0_realization_1,float64,little_endian
31,1,2,0.03,0.0,2,multiplicative_gaussian_iid,82c3da1e7e62eee3,512,sha256_raw_little_endian_float64,time,time_by_dimension_c_order,[512],"[512,2]",0.0,10.0,0.0003784232814287471,7.173833996058079,ffad3499269c08c6bd22e9e5c5d2ab32bbf827e2037cbdd6e73571aeab04432f,8e50ceae00f1edce851020f22085140abfc586d629bed54d5882b50d3f8a4f19,cells\system_0031_ic1_time_f64le.bin,cells\system_0031_ic1_state_f64le_c_order.bin,C:\Users\joedicke\Documents\reps\EvoODE\outputs\phase_c_c6_data_conditions_5dd1df8\system_0031_ic1_sigma_0p029999999999999999_rho_0_realization_2,float64,little_endian
31,1,2,0.03,0.0,3,multiplicative_gaussian_iid,14ad814a69ec28ff,512,sha256_raw_little_endian_float64,time,time_by_dimension_c_order,[512],"[512,2]",0.0,10.0,0.0003625179385267923,7.44435722794058,ffad3499269c08c6bd22e9e5c5d2ab32bbf827e2037cbdd6e73571aeab04432f,3c74e67f8a3067d9dfa21f6d43935c2360ad8792f1059bac2bf2e6110764bd23,cells\system_0031_ic1_time_f64le.bin,cells\system_0031_ic1_state_f64le_c_order.bin,C:\Users\joedicke\Documents\reps\EvoODE\outputs\phase_c_c6_data_conditions_5dd1df8\system_0031_ic1_sigma_0p029999999999999999_rho_0_realization_3,float64,little_endian
31,1,2,0.03,0.5,1,multiplicative_gaussian_iid,8de245124bfb451c,256,sha256_raw_little_endian_float64,time,time_by_dimension_c_order,[256],"[256,2]",0.0,9.980430528375733,0.0003669982231039242,7.574637420393596,274d1bc50f5a5a2c8a7aee7f0ab881b6236a3ab987ead400dae9d11f67468741,8d4b49879e25d7af8e395c98805854c1d8ea9077665436eb391ec376ea37cd86,cells\system_0031_ic1_time_f64le.bin,cells\system_0031_ic1_state_f64le_c_order.bin,C:\Users\joedicke\Documents\reps\EvoODE\outputs\phase_c_c6_data_conditions_5dd1df8\system_0031_ic1_sigma_0p029999999999999999_rho_0p5_realization_1,float64,little_endian
31,1,2,0.03,0.5,2,multiplicative_gaussian_iid,a318ab0636b2776b,256,sha256_raw_little_endian_float64,time,time_by_dimension_c_order,[256],"[256,2]",0.0,10.0,0.0003773140440412094,7.483037915037257,16d104362545ff2ed29d9bd645e91753e5c35d907295903bb6c9006af9357142,04ad947f4926ab74fc49652306ac74447e805e991c171c3e6f16b179af43b46a,cells\system_0031_ic1_time_f64le.bin,cells\system_0031_ic1_state_f64le_c_order.bin,C:\Users\joedicke\Documents\reps\EvoODE\outputs\phase_c_c6_data_conditions_5dd1df8\system_0031_ic1_sigma_0p029999999999999999_rho_0p5_realization_2,float64,little_endian
31,1,2,0.03,0.5,3,multiplicative_gaussian_iid,069741ac89cccc44,256,sha256_raw_little_endian_float64,time,time_by_dimension_c_order,[256],"[256,2]",0.0,10.0,0.0003793203070137266,7.110944135115757,dbf46f6301349d8efc60a70b05661e77ee85521d9ce2c130e4b7a5fa68e9dca9,92478056bab3685400a8be92637e86cc77783848635d51462e3ae8c75b513fc2,cells\system_0031_ic1_time_f64le.bin,cells\system_0031_ic1_state_f64le_c_order.bin,C:\Users\joedicke\Documents\reps\EvoODE\outputs\phase_c_c6_data_conditions_5dd1df8\system_0031_ic1_sigma_0p029999999999999999_rho_0p5_realization_3,float64,little_endian
31,1,2,0.04,0.0,1,multiplicative_gaussian_iid,44801945584039fb,512,sha256_raw_little_endian_float64,time,time_by_dimension_c_order,[512],"[512,2]",0.0,10.0,0.00036491891383059,7.67316251714917,ffad3499269c08c6bd22e9e5c5d2ab32bbf827e2037cbdd6e73571aeab04432f,eb44e09db18c5e60c25644ac531d430456fc1d56a89f0cdc2a2017288e581ad8,cells\system_0031_ic1_time_f64le.bin,cells\system_0031_ic1_state_f64le_c_order.bin,C:\Users\joedicke\Documents\reps\EvoODE\outputs\phase_c_c6_data_conditions_5dd1df8\system_0031_ic1_sigma_0p040000000000000001_rho_0_realization_1,float64,little_endian
31,1,2,0.04,0.0,2,multiplicative_gaussian_iid,8822fb29eb654e2c,512,sha256_raw_little_endian_float64,time,time_by_dimension_c_order,[512],"[512,2]",0.0,10.0,0.0003758062443822804,7.1232094357891445,ffad3499269c08c6bd22e9e5c5d2ab32bbf827e2037cbdd6e73571aeab04432f,0a2bc7606c304dc27cefa40c6c6cc3a8ee0637c58a7f1508171408d1bdf0b791,cells\system_0031_ic1_time_f64le.bin,cells\system_0031_ic1_state_f64le_c_order.bin,C:\Users\joedicke\Documents\reps\EvoODE\outputs\phase_c_c6_data_conditions_5dd1df8\system_0031_ic1_sigma_0p040000000000000001_rho_0_realization_2,float64,little_endian
31,1,2,0.04,0.0,3,multiplicative_gaussian_iid,c894b9d947f7dad9,512,sha256_raw_little_endian_float64,time,time_by_dimension_c_order,[512],"[512,2]",0.0,10.0,0.00037599009779152307,7.690249729431214,ffad3499269c08c6bd22e9e5c5d2ab32bbf827e2037cbdd6e73571aeab04432f,ed1d2162dafaf8a3d180645ea7dc99924ede11782f8606bd14d71ac0d23c4c53,cells\system_0031_ic1_time_f64le.bin,cells\system_0031_ic1_state_f64le_c_order.bin,C:\Users\joedicke\Documents\reps\EvoODE\outputs\phase_c_c6_data_conditions_5dd1df8\system_0031_ic1_sigma_0p040000000000000001_rho_0_realization_3,float64,little_endian
31,1,2,0.04,0.5,1,multiplicative_gaussian_iid,9b8b6df42eee8e32,256,sha256_raw_little_endian_float64,time,time_by_dimension_c_order,[256],"[256,2]",0.0,10.0,0.0003600228895332206,7.412481189041797,5ac57bd9c4fb6282df84ea0cb3ba1bb88537e2e6106eeaac20d890939ff3369d,2c62d7e8d8a6109b9ddc08e0c4a1a073e67e2d339dd0df588f26c49584c43106,cells\system_0031_ic1_time_f64le.bin,cells\system_0031_ic1_state_f64le_c_order.bin,C:\Users\joedicke\Documents\reps\EvoODE\outputs\phase_c_c6_data_conditions_5dd1df8\system_0031_ic1_sigma_0p040000000000000001_rho_0p5_realization_1,float64,little_endian
31,1,2,0.04,0.5,2,multiplicative_gaussian_iid,782ee43c52f10048,256,sha256_raw_little_endian_float64,time,time_by_dimension_c_order,[256],"[256,2]",0.0,10.0,0.00037695012853040895,7.583922687704669,a030c1ed9b3215cabc3197a468d18b2dc4b6623b1f8573933bc5b2195a2d3004,37f5cc4ccee02764f1f23c0b123d4ba992df8c2f5632ec095474dc819ccd25a0,cells\system_0031_ic1_time_f64le.bin,cells\system_0031_ic1_state_f64le_c_order.bin,C:\Users\joedicke\Documents\reps\EvoODE\outputs\phase_c_c6_data_conditions_5dd1df8\system_0031_ic1_sigma_0p040000000000000001_rho_0p5_realization_2,float64,little_endian
31,1,2,0.04,0.5,3,multiplicative_gaussian_iid,ed5295c60e5e2276,256,sha256_raw_little_endian_float64,time,time_by_dimension_c_order,[256],"[256,2]",0.0,9.980430528375733,0.00037863001656218974,6.952711104516021,0bff1956b103df448eaa7ee6a392144a9ce30f78a311074b95ffa48361600992,b229cea83d55f5ccb641ce367470bedcda64faac26959bed28d51275107e4a9f,cells\system_0031_ic1_time_f64le.bin,cells\system_0031_ic1_state_f64le_c_order.bin,C:\Users\joedicke\Documents\reps\EvoODE\outputs\phase_c_c6_data_conditions_5dd1df8\system_0031_ic1_sigma_0p040000000000000001_rho_0p5_realization_3,float64,little_endian
31,1,2,0.05,0.0,1,multiplicative_gaussian_iid,0c0ad42629f69010,512,sha256_raw_little_endian_float64,time,time_by_dimension_c_order,[512],"[512,2]",0.0,10.0,0.00035890447069219193,7.307745661236244,ffad3499269c08c6bd22e9e5c5d2ab32bbf827e2037cbdd6e73571aeab04432f,57b7bc8c07b783196a7adbe853cdd42cb598b25ece2eceb2f52cce6e70c7b84d,cells\system_0031_ic1_time_f64le.bin,cells\system_0031_ic1_state_f64le_c_order.bin,C:\Users\joedicke\Documents\reps\EvoODE\outputs\phase_c_c6_data_conditions_5dd1df8\system_0031_ic1_sigma_0p050000000000000003_rho_0_realization_1,float64,little_endian
31,1,2,0.05,0.0,2,multiplicative_gaussian_iid,d4fd33de90c64fdb,512,sha256_raw_little_endian_float64,time,time_by_dimension_c_order,[512],"[512,2]",0.0,10.0,0.0003652675135078899,7.760999898542396,ffad3499269c08c6bd22e9e5c5d2ab32bbf827e2037cbdd6e73571aeab04432f,f88510a0994502d2d2f9299451e0b0f98c98d7b8f65b4e171de692ae59dea117,cells\system_0031_ic1_time_f64le.bin,cells\system_0031_ic1_state_f64le_c_order.bin,C:\Users\joedicke\Documents\reps\EvoODE\outputs\phase_c_c6_data_conditions_5dd1df8\system_0031_ic1_sigma_0p050000000000000003_rho_0_realization_2,float64,little_endian
31,1,2,0.05,0.0,3,multiplicative_gaussian_iid,474964b5d4eb36b7,512,sha256_raw_little_endian_float64,time,time_by_dimension_c_order,[512],"[512,2]",0.0,10.0,0.00037234674359213574,7.44236686315556,ffad3499269c08c6bd22e9e5c5d2ab32bbf827e2037cbdd6e73571aeab04432f,08828820eb27035936ffc5ed39aa68a853acf9ddb5f01951fea2a39a91d3f3a4,cells\system_0031_ic1_time_f64le.bin,cells\system_0031_ic1_state_f64le_c_order.bin,C:\Users\joedicke\Documents\reps\EvoODE\outputs\phase_c_c6_data_conditions_5dd1df8\system_0031_ic1_sigma_0p050000000000000003_rho_0_realization_3,float64,little_endian
31,1,2,0.05,0.5,1,multiplicative_gaussian_iid,2c2c9d97aa17bd60,256,sha256_raw_little_endian_float64,time,time_by_dimension_c_order,[256],"[256,2]",0.0,9.941291585127201,0.000351767785464084,7.604765806114784,f7c1b90cbaf9808a515b3f5933d55cf2d61c725342c93eb5ead1f5d9e81e0963,cbf452a8bff41aaa94dbac85eabde98f741b1b3c41115fe87b48b2240805d47d,cells\system_0031_ic1_time_f64le.bin,cells\system_0031_ic1_state_f64le_c_order.bin,C:\Users\joedicke\Documents\reps\EvoODE\outputs\phase_c_c6_data_conditions_5dd1df8\system_0031_ic1_sigma_0p050000000000000003_rho_0p5_realization_1,float64,little_endian
31,1,2,0.05,0.5,2,multiplicative_gaussian_iid,0e7c4be2f70297ab,256,sha256_raw_little_endian_float64,time,time_by_dimension_c_order,[256],"[256,2]",0.0,9.980430528375733,0.0003580429611501242,7.289199312888413,080b47e90a97f688d06f56ec55e118c17d53ae4f3b5acaee21450650e60c5d56,bb35e18dadb88e6d369503c0ff938534293d8865898f0060480852e1209321b3,cells\system_0031_ic1_time_f64le.bin,cells\system_0031_ic1_state_f64le_c_order.bin,C:\Users\joedicke\Documents\reps\EvoODE\outputs\phase_c_c6_data_conditions_5dd1df8\system_0031_ic1_sigma_0p050000000000000003_rho_0p5_realization_2,float64,little_endian
31,1,2,0.05,0.5,3,multiplicative_gaussian_iid,eb4c796cf661b732,256,sha256_raw_little_endian_float64,time,time_by_dimension_c_order,[256],"[256,2]",0.0,9.960861056751467,0.0003621949039176387,7.790715273631854,501d0696e8cb417d678d0c21224a60220539d6f0aa43cf4728adfe516990a6f0,9a56038068f1f24c5d4e92094a068daf05f8f3297c0f4228982e427075aaf034,cells\system_0031_ic1_time_f64le.bin,cells\system_0031_ic1_state_f64le_c_order.bin,C:\Users\joedicke\Documents\reps\EvoODE\outputs\phase_c_c6_data_conditions_5dd1df8\system_0031_ic1_sigma_0p050000000000000003_rho_0p5_realization_3,float64,little_endian
31,2,2,0.0,0.0,1,multiplicative_gaussian_iid,799711a15b6d0740,512,sha256_raw_little_endian_float64,time,time_by_dimension_c_order,[512],"[512,2]",0.0,10.0,1.4851388359569527e-16,29.072939049290163,ffad3499269c08c6bd22e9e5c5d2ab32bbf827e2037cbdd6e73571aeab04432f,a8940691d41394980a6a66709e71b0024bc760e247d8245aff0dc6a21c8f5320,cells\system_0031_ic2_time_f64le.bin,cells\system_0031_ic2_state_f64le_c_order.bin,C:\Users\joedicke\Documents\reps\EvoODE\outputs\phase_c_c6_data_conditions_5dd1df8\system_0031_ic2_sigma_0_rho_0_realization_1,float64,little_endian
31,2,2,0.0,0.0,2,multiplicative_gaussian_iid,b5afe8a7651c851f,512,sha256_raw_little_endian_float64,time,time_by_dimension_c_order,[512],"[512,2]",0.0,10.0,1.4851388359569527e-16,29.072939049290163,ffad3499269c08c6bd22e9e5c5d2ab32bbf827e2037cbdd6e73571aeab04432f,a8940691d41394980a6a66709e71b0024bc760e247d8245aff0dc6a21c8f5320,cells\system_0031_ic2_time_f64le.bin,cells\system_0031_ic2_state_f64le_c_order.bin,C:\Users\joedicke\Documents\reps\EvoODE\outputs\phase_c_c6_data_conditions_5dd1df8\system_0031_ic2_sigma_0_rho_0_realization_2,float64,little_endian
31,2,2,0.0,0.0,3,multiplicative_gaussian_iid,d0ef57fd9e507f22,512,sha256_raw_little_endian_float64,time,time_by_dimension_c_order,[512],"[512,2]",0.0,10.0,1.4851388359569527e-16,29.072939049290163,ffad3499269c08c6bd22e9e5c5d2ab32bbf827e2037cbdd6e73571aeab04432f,a8940691d41394980a6a66709e71b0024bc760e247d8245aff0dc6a21c8f5320,cells\system_0031_ic2_time_f64le.bin,cells\system_0031_ic2_state_f64le_c_order.bin,C:\Users\joedicke\Documents\reps\EvoODE\outputs\phase_c_c6_data_conditions_5dd1df8\system_0031_ic2_sigma_0_rho_0_realization_3,float64,little_endian
31,2,2,0.0,0.5,1,multiplicative_gaussian_iid,e5ae40517517118c,256,sha256_raw_little_endian_float64,time,time_by_dimension_c_order,[256],"[256,2]",0.0,9.921722113502934,1.5543502593792586e-16,29.044647406444483,35772ae8bdda2c630c35a75a552cde9cc2c82d8f233ae36f724661fff94a1153,904cc5379d7ad25afa1c1e003a6ee50ed5db32ff34c39e067bc729d2aa7ce166,cells\system_0031_ic2_time_f64le.bin,cells\system_0031_ic2_state_f64le_c_order.bin,C:\Users\joedicke\Documents\reps\EvoODE\outputs\phase_c_c6_data_conditions_5dd1df8\system_0031_ic2_sigma_0_rho_0p5_realization_1,float64,little_endian
31,2,2,0.0,0.5,2,multiplicative_gaussian_iid,410220e26b007c78,256,sha256_raw_little_endian_float64,time,time_by_dimension_c_order,[256],"[256,2]",0.05870841487279843,10.0,1.4851388359569527e-16,29.059129418115347,3b608557b5daa66e86f9b41f1b110bc24a0a542a2a85eac125421d23eb84e91a,c0524031110380d9da2f915a4f3bb9f7aad32fbd543f7da9a72ce2fba92d6191,cells\system_0031_ic2_time_f64le.bin,cells\system_0031_ic2_state_f64le_c_order.bin,C:\Users\joedicke\Documents\reps\EvoODE\outputs\phase_c_c6_data_conditions_5dd1df8\system_0031_ic2_sigma_0_rho_0p5_realization_2,float64,little_endian
31,2,2,0.0,0.5,3,multiplicative_gaussian_iid,32943fed9075ec6b,256,sha256_raw_little_endian_float64,time,time_by_dimension_c_order,[256],"[256,2]",0.136986301369863,9.980430528375733,1.5019899489281765e-16,29.072939049290163,3aa5a80e60ba275e48a0cf5eb9c4bd1c857fa6eb7683bf90d10020418f895240,92a319a8c1ddb6e46b16c3952f1bb91afb4caa1f2b72f211024335519583ac0e,cells\system_0031_ic2_time_f64le.bin,cells\system_0031_ic2_state_f64le_c_order.bin,C:\Users\joedicke\Documents\reps\EvoODE\outputs\phase_c_c6_data_conditions_5dd1df8\system_0031_ic2_sigma_0_rho_0p5_realization_3,float64,little_endian
31,2,2,0.01,0.0,1,multiplicative_gaussian_iid,1696ce8b0e80990d,512,sha256_raw_little_endian_float64,time,time_by_dimension_c_order,[512],"[512,2]",0.0,10.0,1.4851367069036603e-16,29.16958851259949,ffad3499269c08c6bd22e9e5c5d2ab32bbf827e2037cbdd6e73571aeab04432f,fd44e067d5e466f82afc7691d595bb72c3b2db7d0a2b510b0d22aa8fb28f98f6,cells\system_0031_ic2_time_f64le.bin,cells\system_0031_ic2_state_f64le_c_order.bin,C:\Users\joedicke\Documents\reps\EvoODE\outputs\phase_c_c6_data_conditions_5dd1df8\system_0031_ic2_sigma_0p01_rho_0_realization_1,float64,little_endian
31,2,2,0.01,0.0,2,multiplicative_gaussian_iid,715557b4e934a00a,512,sha256_raw_little_endian_float64,time,time_by_dimension_c_order,[512],"[512,2]",0.0,10.0,1.4983157051944637e-16,29.43282626421503,ffad3499269c08c6bd22e9e5c5d2ab32bbf827e2037cbdd6e73571aeab04432f,37cf52ff3c1f91e2eecdd509126dddd139fdc628cf5d20ed46490737374a51e5,cells\system_0031_ic2_time_f64le.bin,cells\system_0031_ic2_state_f64le_c_order.bin,C:\Users\joedicke\Documents\reps\EvoODE\outputs\phase_c_c6_data_conditions_5dd1df8\system_0031_ic2_sigma_0p01_rho_0_realization_2,float64,little_endian
31,2,2,0.01,0.0,3,multiplicative_gaussian_iid,bcb458bd643fcc5e,512,sha256_raw_little_endian_float64,time,time_by_dimension_c_order,[512],"[512,2]",0.0,10.0,1.4664345644492536e-16,29.37931127072157,ffad3499269c08c6bd22e9e5c5d2ab32bbf827e2037cbdd6e73571aeab04432f,5a56d18e8b4289515306f53510dd6d2d22f00abeeb9061f6fa8e1dd7594cef3f,cells\system_0031_ic2_time_f64le.bin,cells\system_0031_ic2_state_f64le_c_order.bin,C:\Users\joedicke\Documents\reps\EvoODE\outputs\phase_c_c6_data_conditions_5dd1df8\system_0031_ic2_sigma_0p01_rho_0_realization_3,float64,little_endian
31,2,2,0.01,0.5,1,multiplicative_gaussian_iid,228ccdf853b4603f,256,sha256_raw_little_endian_float64,time,time_by_dimension_c_order,[256],"[256,2]",0.03913894324853229,9.980430528375733,1.510165987124713e-16,29.514864434083027,e3c5d839803c0863889f75eaa65c4acbd0091c2f944bdc3e533d0a3605a8efca,8de265b45dbc7b2cd5b9df14aefed8da2bc9c6ecd282c22bbb7581d9097aae36,cells\system_0031_ic2_time_f64le.bin,cells\system_0031_ic2_state_f64le_c_order.bin,C:\Users\joedicke\Documents\reps\EvoODE\outputs\phase_c_c6_data_conditions_5dd1df8\system_0031_ic2_sigma_0p01_rho_0p5_realization_1,float64,little_endian
31,2,2,0.01,0.5,2,multiplicative_gaussian_iid,91c37238ed72132a,256,sha256_raw_little_endian_float64,time,time_by_dimension_c_order,[256],"[256,2]",0.019569471624266144,9.960861056751467,1.5165616628988018e-16,29.18862335429491,6ea346d365e6f5f5c4fa6e8ae060dc47bd6931676e42b3cfa3d8f283d002231e,6efccb7d8e692743e15ca7e01fa09ee31a10af940f5a859e17f9e9508f59259a,cells\system_0031_ic2_time_f64le.bin,cells\system_0031_ic2_state_f64le_c_order.bin,C:\Users\joedicke\Documents\reps\EvoODE\outputs\phase_c_c6_data_conditions_5dd1df8\system_0031_ic2_sigma_0p01_rho_0p5_realization_2,float64,little_endian
31,2,2,0.01,0.5,3,multiplicative_gaussian_iid,f288b68ee10122ab,256,sha256_raw_little_endian_float64,time,time_by_dimension_c_order,[256],"[256,2]",0.019569471624266144,9.980430528375733,1.4927293237055512e-16,29.24119858053586,40863f93c9210717ca4d333ab428e856f5337ec278c8a1ff105d6c45ffc94664,92321fd3828bd1a656205a50bc7c54bf9643224bb07b6ad63b3ef3efae36662e,cells\system_0031_ic2_time_f64le.bin,cells\system_0031_ic2_state_f64le_c_order.bin,C:\Users\joedicke\Documents\reps\EvoODE\outputs\phase_c_c6_data_conditions_5dd1df8\system_0031_ic2_sigma_0p01_rho_0p5_realization_3,float64,little_endian
31,2,2,0.02,0.0,1,multiplicative_gaussian_iid,672a11e7b6fa736d,512,sha256_raw_little_endian_float64,time,time_by_dimension_c_order,[512],"[512,2]",0.0,10.0,1.4260571348243558e-16,30.000265607849027,ffad3499269c08c6bd22e9e5c5d2ab32bbf827e2037cbdd6e73571aeab04432f,c88a2085480ea23bb6e54da571398af8b2aa63c7c9e725aeee0c9a89bb3cbad6,cells\system_0031_ic2_time_f64le.bin,cells\system_0031_ic2_state_f64le_c_order.bin,C:\Users\joedicke\Documents\reps\EvoODE\outputs\phase_c_c6_data_conditions_5dd1df8\system_0031_ic2_sigma_0p02_rho_0_realization_1,float64,little_endian
31,2,2,0.02,0.0,2,multiplicative_gaussian_iid,325115d8689b3624,512,sha256_raw_little_endian_float64,time,time_by_dimension_c_order,[512],"[512,2]",0.0,10.0,1.5016673761398952e-16,29.28420793031327,ffad3499269c08c6bd22e9e5c5d2ab32bbf827e2037cbdd6e73571aeab04432f,8fd0ff7d6adf543951dca50278f81cc584d0b66cd7d19394b250fbd3dcb3a697,cells\system_0031_ic2_time_f64le.bin,cells\system_0031_ic2_state_f64le_c_order.bin,C:\Users\joedicke\Documents\reps\EvoODE\outputs\phase_c_c6_data_conditions_5dd1df8\system_0031_ic2_sigma_0p02_rho_0_realization_2,float64,little_endian
31,2,2,0.02,0.0,3,multiplicative_gaussian_iid,f381e98903da9113,512,sha256_raw_little_endian_float64,time,time_by_dimension_c_order,[512],"[512,2]",0.0,10.0,1.4639428365269035e-16,30.007039024611235,ffad3499269c08c6bd22e9e5c5d2ab32bbf827e2037cbdd6e73571aeab04432f,26633152f1563a941153cf95c9c18ee9e2de45d957e56bf56df003cb103b3f3f,cells\system_0031_ic2_time_f64le.bin,cells\system_0031_ic2_state_f64le_c_order.bin,C:\Users\joedicke\Documents\reps\EvoODE\outputs\phase_c_c6_data_conditions_5dd1df8\system_0031_ic2_sigma_0p02_rho_0_realization_3,float64,little_endian
31,2,2,0.02,0.5,1,multiplicative_gaussian_iid,7c6160caa1ea477b,256,sha256_raw_little_endian_float64,time,time_by_dimension_c_order,[256],"[256,2]",0.019569471624266144,9.941291585127201,1.5344876952605676e-16,29.931528009415217,8ed7248fe5e97d9cf229b54296fe164360ae2e99bb0f795a5324892e84df1c7d,5ed067954247289550122706a27accf95adb413ce5be4c05d22d70b1b3e5988b,cells\system_0031_ic2_time_f64le.bin,cells\system_0031_ic2_state_f64le_c_order.bin,C:\Users\joedicke\Documents\reps\EvoODE\outputs\phase_c_c6_data_conditions_5dd1df8\system_0031_ic2_sigma_0p02_rho_0p5_realization_1,float64,little_endian
31,2,2,0.02,0.5,2,multiplicative_gaussian_iid,bcd25d66948ee0ae,256,sha256_raw_little_endian_float64,time,time_by_dimension_c_order,[256],"[256,2]",0.07827788649706457,10.0,1.4601270716327712e-16,30.45600365873833,5f8c0d2a5dcbd794314a7eb351cbdb3b93235166eae54bbe12b6d0d7a1f5bddc,fab5f81176bd3c3b89b5840cb47a14364cce8020888d59c37945877b053d0e16,cells\system_0031_ic2_time_f64le.bin,cells\system_0031_ic2_state_f64le_c_order.bin,C:\Users\joedicke\Documents\reps\EvoODE\outputs\phase_c_c6_data_conditions_5dd1df8\system_0031_ic2_sigma_0p02_rho_0p5_realization_2,float64,little_endian
31,2,2,0.02,0.5,3,multiplicative_gaussian_iid,e0af3b0de5724047,256,sha256_raw_little_endian_float64,time,time_by_dimension_c_order,[256],"[256,2]",0.0,9.960861056751467,1.5383276337188474e-16,29.173694236881325,7df123cf7564c0e75fb9f8653829db51f9167c8c1c22015561d3b3bea6982ce7,4fa5d02303f7f211548f104da67463351407df3fe68ee45fb44ebd03954fa185,cells\system_0031_ic2_time_f64le.bin,cells\system_0031_ic2_state_f64le_c_order.bin,C:\Users\joedicke\Documents\reps\EvoODE\outputs\phase_c_c6_data_conditions_5dd1df8\system_0031_ic2_sigma_0p02_rho_0p5_realization_3,float64,little_endian
31,2,2,0.03,0.0,1,multiplicative_gaussian_iid,9ab73e4eac8e3294,512,sha256_raw_little_endian_float64,time,time_by_dimension_c_order,[512],"[512,2]",0.0,10.0,1.4297000160246257e-16,30.310069823488426,ffad3499269c08c6bd22e9e5c5d2ab32bbf827e2037cbdd6e73571aeab04432f,4edc9fa77e1f6b112c3260c94d24602f8d3fd3a9e32dd5506a8d549df3b6bd41,cells\system_0031_ic2_time_f64le.bin,cells\system_0031_ic2_state_f64le_c_order.bin,C:\Users\joedicke\Documents\reps\EvoODE\outputs\phase_c_c6_data_conditions_5dd1df8\system_0031_ic2_sigma_0p029999999999999999_rho_0_realization_1,float64,little_endian
31,2,2,0.03,0.0,2,multiplicative_gaussian_iid,82c3da1e7e62eee3,512,sha256_raw_little_endian_float64,time,time_by_dimension_c_order,[512],"[512,2]",0.0,10.0,1.4675125149057722e-16,30.45288017134444,ffad3499269c08c6bd22e9e5c5d2ab32bbf827e2037cbdd6e73571aeab04432f,4ef2fe5fe07eb14afe64bfec7c155f7984f33061681d9e51e7776bec2b4fa670,cells\system_0031_ic2_time_f64le.bin,cells\system_0031_ic2_state_f64le_c_order.bin,C:\Users\joedicke\Documents\reps\EvoODE\outputs\phase_c_c6_data_conditions_5dd1df8\system_0031_ic2_sigma_0p029999999999999999_rho_0_realization_2,float64,little_endian
31,2,2,0.03,0.0,3,multiplicative_gaussian_iid,14ad814a69ec28ff,512,sha256_raw_little_endian_float64,time,time_by_dimension_c_order,[512],"[512,2]",0.0,10.0,1.4668711679436907e-16,31.165353124275583,ffad3499269c08c6bd22e9e5c5d2ab32bbf827e2037cbdd6e73571aeab04432f,6805b2bf8f5aba74293d5d87039e93e260cb43f34ee531f52424e9e218114e48,cells\system_0031_ic2_time_f64le.bin,cells\system_0031_ic2_state_f64le_c_order.bin,C:\Users\joedicke\Documents\reps\EvoODE\outputs\phase_c_c6_data_conditions_5dd1df8\system_0031_ic2_sigma_0p029999999999999999_rho_0_realization_3,float64,little_endian
31,2,2,0.03,0.5,1,multiplicative_gaussian_iid,8de245124bfb451c,256,sha256_raw_little_endian_float64,time,time_by_dimension_c_order,[256],"[256,2]",0.0,9.960861056751467,1.4948423423093466e-16,30.24302393967637,0878a9f57620ce88904dec6ae94f2f6dca504463d6b039b04c7f3e8f37d51a3e,cee07a848b2658245faa9a9a7a4453c2676018db40be65d4c1a46539cd3db680,cells\system_0031_ic2_time_f64le.bin,cells\system_0031_ic2_state_f64le_c_order.bin,C:\Users\joedicke\Documents\reps\EvoODE\outputs\phase_c_c6_data_conditions_5dd1df8\system_0031_ic2_sigma_0p029999999999999999_rho_0p5_realization_1,float64,little_endian
31,2,2,0.03,0.5,2,multiplicative_gaussian_iid,a318ab0636b2776b,256,sha256_raw_little_endian_float64,time,time_by_dimension_c_order,[256],"[256,2]",0.019569471624266144,9.980430528375733,1.4314486415588526e-16,30.9427626057482,2d63f0a6b1462116011bad2f16e0a185ce97c315b4680dcaaa1981df92bf8774,02f3d2ef82dd16b4f2d9d4cae39ee2a15a5b2cbe4c371e7a661fc63db5778815,cells\system_0031_ic2_time_f64le.bin,cells\system_0031_ic2_state_f64le_c_order.bin,C:\Users\joedicke\Documents\reps\EvoODE\outputs\phase_c_c6_data_conditions_5dd1df8\system_0031_ic2_sigma_0p029999999999999999_rho_0p5_realization_2,float64,little_endian
31,2,2,0.03,0.5,3,multiplicative_gaussian_iid,069741ac89cccc44,256,sha256_raw_little_endian_float64,time,time_by_dimension_c_order,[256],"[256,2]",0.0,10.0,1.4792503361859619e-16,30.480279887965033,3906c68ed85ae45d27553534b0f8853b5df899840ce2f52f6662b05ced618fdc,3be1b24809e5796891ce19e9644ac5c396ad8e2b2dfc2622273c596845be627f,cells\system_0031_ic2_time_f64le.bin,cells\system_0031_ic2_state_f64le_c_order.bin,C:\Users\joedicke\Documents\reps\EvoODE\outputs\phase_c_c6_data_conditions_5dd1df8\system_0031_ic2_sigma_0p029999999999999999_rho_0p5_realization_3,float64,little_endian
31,2,2,0.04,0.0,1,multiplicative_gaussian_iid,44801945584039fb,512,sha256_raw_little_endian_float64,time,time_by_dimension_c_order,[512],"[512,2]",0.0,10.0,1.434265544564532e-16,30.646478851172645,ffad3499269c08c6bd22e9e5c5d2ab32bbf827e2037cbdd6e73571aeab04432f,8449c5a149589b45ccb1925c1af9e5dd520d25e28b6d3ff9be437f0c0aac2be2,cells\system_0031_ic2_time_f64le.bin,cells\system_0031_ic2_state_f64le_c_order.bin,C:\Users\joedicke\Documents\reps\EvoODE\outputs\phase_c_c6_data_conditions_5dd1df8\system_0031_ic2_sigma_0p040000000000000001_rho_0_realization_1,float64,little_endian
31,2,2,0.04,0.0,2,multiplicative_gaussian_iid,8822fb29eb654e2c,512,sha256_raw_little_endian_float64,time,time_by_dimension_c_order,[512],"[512,2]",0.0,10.0,1.3743153820472373e-16,31.062723897614124,ffad3499269c08c6bd22e9e5c5d2ab32bbf827e2037cbdd6e73571aeab04432f,9668746a3719b19cfb43892601f0c770f952ca87f7dc5dfad007578e42301bf7,cells\system_0031_ic2_time_f64le.bin,cells\system_0031_ic2_state_f64le_c_order.bin,C:\Users\joedicke\Documents\reps\EvoODE\outputs\phase_c_c6_data_conditions_5dd1df8\system_0031_ic2_sigma_0p040000000000000001_rho_0_realization_2,float64,little_endian
31,2,2,0.04,0.0,3,multiplicative_gaussian_iid,c894b9d947f7dad9,512,sha256_raw_little_endian_float64,time,time_by_dimension_c_order,[512],"[512,2]",0.0,10.0,1.5168329395765867e-16,32.36945119668883,ffad3499269c08c6bd22e9e5c5d2ab32bbf827e2037cbdd6e73571aeab04432f,fe7400d5fbbbaf9ae8fb444323eacffaac5bfccddf772835d67b5353de3d0f0e,cells\system_0031_ic2_time_f64le.bin,cells\system_0031_ic2_state_f64le_c_order.bin,C:\Users\joedicke\Documents\reps\EvoODE\outputs\phase_c_c6_data_conditions_5dd1df8\system_0031_ic2_sigma_0p040000000000000001_rho_0_realization_3,float64,little_endian
31,2,2,0.04,0.5,1,multiplicative_gaussian_iid,9b8b6df42eee8e32,256,sha256_raw_little_endian_float64,time,time_by_dimension_c_order,[256],"[256,2]",0.019569471624266144,9.980430528375733,1.5166877144896034e-16,32.145551557087934,e527907c7e72db70e9b26d1e032d7cf2d6d55b649d5b134d82cf2b18f2991914,97ef6d46f9eda5d0bd957376a98e5aa27a0416b7ab7e36498a639484ecf93f7d,cells\system_0031_ic2_time_f64le.bin,cells\system_0031_ic2_state_f64le_c_order.bin,C:\Users\joedicke\Documents\reps\EvoODE\outputs\phase_c_c6_data_conditions_5dd1df8\system_0031_ic2_sigma_0p040000000000000001_rho_0p5_realization_1,float64,little_endian
31,2,2,0.04,0.5,2,multiplicative_gaussian_iid,782ee43c52f10048,256,sha256_raw_little_endian_float64,time,time_by_dimension_c_order,[256],"[256,2]",0.03913894324853229,10.0,1.4706926256911114e-16,30.327076597196026,44869d55dad2cfcd42856533bcdd747e9a5817b53a7f20bce28166a408927d26,6c66c912efed174c55fe9a7146ef6bbec2a1930705a2db1378bd1402d0b6492c,cells\system_0031_ic2_time_f64le.bin,cells\system_0031_ic2_state_f64le_c_order.bin,C:\Users\joedicke\Documents\reps\EvoODE\outputs\phase_c_c6_data_conditions_5dd1df8\system_0031_ic2_sigma_0p040000000000000001_rho_0p5_realization_2,float64,little_endian
31,2,2,0.04,0.5,3,multiplicative_gaussian_iid,ed5295c60e5e2276,256,sha256_raw_little_endian_float64,time,time_by_dimension_c_order,[256],"[256,2]",0.0,10.0,1.4490495196239622e-16,30.358376988307732,3cd73b09378b67a9baf42763c06abe109965dde15be19da165cc561a45055555,a38648a2c903bdefa1c3f1db7a43a097bf4ef03a96984a617ae1cd9a2f25fc89,cells\system_0031_ic2_time_f64le.bin,cells\system_0031_ic2_state_f64le_c_order.bin,C:\Users\joedicke\Documents\reps\EvoODE\outputs\phase_c_c6_data_conditions_5dd1df8\system_0031_ic2_sigma_0p040000000000000001_rho_0p5_realization_3,float64,little_endian
31,2,2,0.05,0.0,1,multiplicative_gaussian_iid,0c0ad42629f69010,512,sha256_raw_little_endian_float64,time,time_by_dimension_c_order,[512],"[512,2]",0.0,10.0,1.4619388702805803e-16,29.963375198057943,ffad3499269c08c6bd22e9e5c5d2ab32bbf827e2037cbdd6e73571aeab04432f,eb2c9ac1f0f5ab70d5156396a3fe0e246725290f7719b3393661cee9eb40b217,cells\system_0031_ic2_time_f64le.bin,cells\system_0031_ic2_state_f64le_c_order.bin,C:\Users\joedicke\Documents\reps\EvoODE\outputs\phase_c_c6_data_conditions_5dd1df8\system_0031_ic2_sigma_0p050000000000000003_rho_0_realization_1,float64,little_endian
31,2,2,0.05,0.0,2,multiplicative_gaussian_iid,d4fd33de90c64fdb,512,sha256_raw_little_endian_float64,time,time_by_dimension_c_order,[512],"[512,2]",0.0,10.0,1.3855816215892952e-16,32.880582527551894,ffad3499269c08c6bd22e9e5c5d2ab32bbf827e2037cbdd6e73571aeab04432f,01e5d5ac268b4e28a2e90f5e3b7d1d0e93a09779b2bbe5e0467c70fef30e52d0,cells\system_0031_ic2_time_f64le.bin,cells\system_0031_ic2_state_f64le_c_order.bin,C:\Users\joedicke\Documents\reps\EvoODE\outputs\phase_c_c6_data_conditions_5dd1df8\system_0031_ic2_sigma_0p050000000000000003_rho_0_realization_2,float64,little_endian
31,2,2,0.05,0.0,3,multiplicative_gaussian_iid,474964b5d4eb36b7,512,sha256_raw_little_endian_float64,time,time_by_dimension_c_order,[512],"[512,2]",0.0,10.0,1.4342793755252795e-16,31.2883962508889,ffad3499269c08c6bd22e9e5c5d2ab32bbf827e2037cbdd6e73571aeab04432f,c2c9938620eee141ecf40cca4c510ac7f1d0adcdfc322687c98114861bbaa2d6,cells\system_0031_ic2_time_f64le.bin,cells\system_0031_ic2_state_f64le_c_order.bin,C:\Users\joedicke\Documents\reps\EvoODE\outputs\phase_c_c6_data_conditions_5dd1df8\system_0031_ic2_sigma_0p050000000000000003_rho_0_realization_3,float64,little_endian
31,2,2,0.05,0.5,1,multiplicative_gaussian_iid,2c2c9d97aa17bd60,256,sha256_raw_little_endian_float64,time,time_by_dimension_c_order,[256],"[256,2]",0.0,10.0,1.493589713177554e-16,29.95304066668654,734b64a4ad9c5af60314aaba3e674ace890fb2ad6bb386e7113d7ede17966752,bf18066a45ae8e38775d4f031706be19846527be0c6b793a4812c36fc33bacc4,cells\system_0031_ic2_time_f64le.bin,cells\system_0031_ic2_state_f64le_c_order.bin,C:\Users\joedicke\Documents\reps\EvoODE\outputs\phase_c_c6_data_conditions_5dd1df8\system_0031_ic2_sigma_0p050000000000000003_rho_0p5_realization_1,float64,little_endian
31,2,2,0.05,0.5,2,multiplicative_gaussian_iid,0e7c4be2f70297ab,256,sha256_raw_little_endian_float64,time,time_by_dimension_c_order,[256],"[256,2]",0.0,10.0,1.3909238249152662e-16,30.67414194354638,d089fa5178a4dcbcdfc7217367ade39e54c92dd7afbfc03ef1cfbca378154bbd,da24d6f84bfaf43f42008b7395307ec009d30e619ff939071f4781b288bbb4ff,cells\system_0031_ic2_time_f64le.bin,cells\system_0031_ic2_state_f64le_c_order.bin,C:\Users\joedicke\Documents\reps\EvoODE\outputs\phase_c_c6_data_conditions_5dd1df8\system_0031_ic2_sigma_0p050000000000000003_rho_0p5_realization_2,float64,little_endian
31,2,2,0.05,0.5,3,multiplicative_gaussian_iid,eb4c796cf661b732,256,sha256_raw_little_endian_float64,time,time_by_dimension_c_order,[256],"[256,2]",0.0,9.980430528375733,1.4816818289705303e-16,30.35433742036662,c002f2c6e0cdd683159dbe3e6b16e23e78fbd26e214757aaccde9e51ac083c80,c9fcde91481e8fb37db9cc3860260f08191f4c4cc00fa34ab28bd1e34de77c5a,cells\system_0031_ic2_time_f64le.bin,cells\system_0031_ic2_state_f64le_c_order.bin,C:\Users\joedicke\Documents\reps\EvoODE\outputs\phase_c_c6_data_conditions_5dd1df8\system_0031_ic2_sigma_0p050000000000000003_rho_0p5_realization_3,float64,little_endian
41,1,2,0.0,0.0,1,multiplicative_gaussian_iid,799711a15b6d0740,512,sha256_raw_little_endian_float64,time,time_by_dimension_c_order,[512],"[512,2]",0.0,10.0,0.07241758183385491,1.201459645504292,ffad3499269c08c6bd22e9e5c5d2ab32bbf827e2037cbdd6e73571aeab04432f,42832cdb377069085ea6c5fe50c2acde55dae8caeb4aa175968cc61cd540870f,cells\system_0041_ic1_time_f64le.bin,cells\system_0041_ic1_state_f64le_c_order.bin,C:\Users\joedicke\Documents\reps\EvoODE\outputs\phase_c_c6_data_conditions_5dd1df8\system_0041_ic1_sigma_0_rho_0_realization_1,float64,little_endian
41,1,2,0.0,0.0,2,multiplicative_gaussian_iid,b5afe8a7651c851f,512,sha256_raw_little_endian_float64,time,time_by_dimension_c_order,[512],"[512,2]",0.0,10.0,0.07241758183385491,1.201459645504292,ffad3499269c08c6bd22e9e5c5d2ab32bbf827e2037cbdd6e73571aeab04432f,42832cdb377069085ea6c5fe50c2acde55dae8caeb4aa175968cc61cd540870f,cells\system_0041_ic1_time_f64le.bin,cells\system_0041_ic1_state_f64le_c_order.bin,C:\Users\joedicke\Documents\reps\EvoODE\outputs\phase_c_c6_data_conditions_5dd1df8\system_0041_ic1_sigma_0_rho_0_realization_2,float64,little_endian
41,1,2,0.0,0.0,3,multiplicative_gaussian_iid,d0ef57fd9e507f22,512,sha256_raw_little_endian_float64,time,time_by_dimension_c_order,[512],"[512,2]",0.0,10.0,0.07241758183385491,1.201459645504292,ffad3499269c08c6bd22e9e5c5d2ab32bbf827e2037cbdd6e73571aeab04432f,42832cdb377069085ea6c5fe50c2acde55dae8caeb4aa175968cc61cd540870f,cells\system_0041_ic1_time_f64le.bin,cells\system_0041_ic1_state_f64le_c_order.bin,C:\Users\joedicke\Documents\reps\EvoODE\outputs\phase_c_c6_data_conditions_5dd1df8\system_0041_ic1_sigma_0_rho_0_realization_3,float64,little_endian
41,1,2,0.0,0.5,1,multiplicative_gaussian_iid,e5ae40517517118c,256,sha256_raw_little_endian_float64,time,time_by_dimension_c_order,[256],"[256,2]",0.0,10.0,0.07242072435317415,1.201459645504292,97188f13e7019e0ba8087797cf2ae6652d9fa644edb458883353279c8aa6022f,5a692cbef7babe9e0dd72ece35becfed96f0397c2e48c8d1ff7445ad26d9e570,cells\system_0041_ic1_time_f64le.bin,cells\system_0041_ic1_state_f64le_c_order.bin,C:\Users\joedicke\Documents\reps\EvoODE\outputs\phase_c_c6_data_conditions_5dd1df8\system_0041_ic1_sigma_0_rho_0p5_realization_1,float64,little_endian
41,1,2,0.0,0.5,2,multiplicative_gaussian_iid,410220e26b007c78,256,sha256_raw_little_endian_float64,time,time_by_dimension_c_order,[256],"[256,2]",0.07827788649706457,9.980430528375733,0.07241758183385491,1.201459645504292,19e4c7aea6a220d65a8ec55f4eac2ca62d9ac5ecf6ecccafdfb903a5445ab337,8b10b1c696d8758a05a415645b672e9c56a8610f49ff03be81dab669bbf3daea,cells\system_0041_ic1_time_f64le.bin,cells\system_0041_ic1_state_f64le_c_order.bin,C:\Users\joedicke\Documents\reps\EvoODE\outputs\phase_c_c6_data_conditions_5dd1df8\system_0041_ic1_sigma_0_rho_0p5_realization_2,float64,little_endian
41,1,2,0.0,0.5,3,multiplicative_gaussian_iid,32943fed9075ec6b,256,sha256_raw_little_endian_float64,time,time_by_dimension_c_order,[256],"[256,2]",0.0,9.980430528375733,0.07241758183385491,1.2010835429736908,a7d7db542c7a73e43baddceed6343e282a12662ae5d470c227eb688caaff81fa,1f11dc6440dc8e2f197c2599e36b51222b7530f2f32909fda7ff1f42c3473d66,cells\system_0041_ic1_time_f64le.bin,cells\system_0041_ic1_state_f64le_c_order.bin,C:\Users\joedicke\Documents\reps\EvoODE\outputs\phase_c_c6_data_conditions_5dd1df8\system_0041_ic1_sigma_0_rho_0p5_realization_3,float64,little_endian
41,1,2,0.01,0.0,1,multiplicative_gaussian_iid,1696ce8b0e80990d,512,sha256_raw_little_endian_float64,time,time_by_dimension_c_order,[512],"[512,2]",0.0,10.0,0.07108796081816006,1.2130662495147249,ffad3499269c08c6bd22e9e5c5d2ab32bbf827e2037cbdd6e73571aeab04432f,dd0b5137801383021e00a8bbd4f2bcc9f74aff0d77c9f619ef572ab5f9f60249,cells\system_0041_ic1_time_f64le.bin,cells\system_0041_ic1_state_f64le_c_order.bin,C:\Users\joedicke\Documents\reps\EvoODE\outputs\phase_c_c6_data_conditions_5dd1df8\system_0041_ic1_sigma_0p01_rho_0_realization_1,float64,little_endian
41,1,2,0.01,0.0,2,multiplicative_gaussian_iid,715557b4e934a00a,512,sha256_raw_little_endian_float64,time,time_by_dimension_c_order,[512],"[512,2]",0.0,10.0,0.0713939527837086,1.2259541030026082,ffad3499269c08c6bd22e9e5c5d2ab32bbf827e2037cbdd6e73571aeab04432f,9c7217f6c1a9d460d3bce93c663635d4a54a255a0f53368dd0692b5c3c9a3b09,cells\system_0041_ic1_time_f64le.bin,cells\system_0041_ic1_state_f64le_c_order.bin,C:\Users\joedicke\Documents\reps\EvoODE\outputs\phase_c_c6_data_conditions_5dd1df8\system_0041_ic1_sigma_0p01_rho_0_realization_2,float64,little_endian
41,1,2,0.01,0.0,3,multiplicative_gaussian_iid,bcb458bd643fcc5e,512,sha256_raw_little_endian_float64,time,time_by_dimension_c_order,[512],"[512,2]",0.0,10.0,0.07108220491999775,1.215821325499084,ffad3499269c08c6bd22e9e5c5d2ab32bbf827e2037cbdd6e73571aeab04432f,7c2bb35814c43eca2dcd7e4466e470f320c587fbfa1298207874bddceb39fd09,cells\system_0041_ic1_time_f64le.bin,cells\system_0041_ic1_state_f64le_c_order.bin,C:\Users\joedicke\Documents\reps\EvoODE\outputs\phase_c_c6_data_conditions_5dd1df8\system_0041_ic1_sigma_0p01_rho_0_realization_3,float64,little_endian
41,1,2,0.01,0.5,1,multiplicative_gaussian_iid,228ccdf853b4603f,256,sha256_raw_little_endian_float64,time,time_by_dimension_c_order,[256],"[256,2]",0.0,10.0,0.07127737283287053,1.2156451304866025,c5f31be2399a4bfc2c02de28dba02a0b0ed83a7c4e791b6d0a3788e5cd28eff1,c17f3db25b552c7a8dc6c48d1a4de4b5d476c52d7d10f7690dd331acb15a2d36,cells\system_0041_ic1_time_f64le.bin,cells\system_0041_ic1_state_f64le_c_order.bin,C:\Users\joedicke\Documents\reps\EvoODE\outputs\phase_c_c6_data_conditions_5dd1df8\system_0041_ic1_sigma_0p01_rho_0p5_realization_1,float64,little_endian
41,1,2,0.01,0.5,2,multiplicative_gaussian_iid,91c37238ed72132a,256,sha256_raw_little_endian_float64,time,time_by_dimension_c_order,[256],"[256,2]",0.0,9.941291585127201,0.07116255927512591,1.219699545234906,352c1901e61a67cb7ae88c5b82a0e1718d187caaaf5ce803e44e7e75c40d248f,3d851b37d5bde501075211be34586d1d73b60321855b0f0ae591c39f57943321,cells\system_0041_ic1_time_f64le.bin,cells\system_0041_ic1_state_f64le_c_order.bin,C:\Users\joedicke\Documents\reps\EvoODE\outputs\phase_c_c6_data_conditions_5dd1df8\system_0041_ic1_sigma_0p01_rho_0p5_realization_2,float64,little_endian
41,1,2,0.01,0.5,3,multiplicative_gaussian_iid,f288b68ee10122ab,256,sha256_raw_little_endian_float64,time,time_by_dimension_c_order,[256],"[256,2]",0.0,10.0,0.07070438332342495,1.2119812026121286,158e84b1bedeb1008690c3629ebab89b7c71946f58d687878a814c9d0ef5e352,1e40503de1f76c50d1dbd81fa76fa1f3c26e8f242a277210d8821bb87404696e,cells\system_0041_ic1_time_f64le.bin,cells\system_0041_ic1_state_f64le_c_order.bin,C:\Users\joedicke\Documents\reps\EvoODE\outputs\phase_c_c6_data_conditions_5dd1df8\system_0041_ic1_sigma_0p01_rho_0p5_realization_3,float64,little_endian
41,1,2,0.02,0.0,1,multiplicative_gaussian_iid,672a11e7b6fa736d,512,sha256_raw_little_endian_float64,time,time_by_dimension_c_order,[512],"[512,2]",0.0,10.0,0.07068715106241286,1.2411929794632075,ffad3499269c08c6bd22e9e5c5d2ab32bbf827e2037cbdd6e73571aeab04432f,75263bb5323480955ccc2620090fe9de095169c84d73674f6cf71a60088f0f7e,cells\system_0041_ic1_time_f64le.bin,cells\system_0041_ic1_state_f64le_c_order.bin,C:\Users\joedicke\Documents\reps\EvoODE\outputs\phase_c_c6_data_conditions_5dd1df8\system_0041_ic1_sigma_0p02_rho_0_realization_1,float64,little_endian
41,1,2,0.02,0.0,2,multiplicative_gaussian_iid,325115d8689b3624,512,sha256_raw_little_endian_float64,time,time_by_dimension_c_order,[512],"[512,2]",0.0,10.0,0.06877813791140254,1.2347559544657445,ffad3499269c08c6bd22e9e5c5d2ab32bbf827e2037cbdd6e73571aeab04432f,274e1765c59318a92bda8f3c92ffda5217ba30a87844134b3be928ad50239fb8,cells\system_0041_ic1_time_f64le.bin,cells\system_0041_ic1_state_f64le_c_order.bin,C:\Users\joedicke\Documents\reps\EvoODE\outputs\phase_c_c6_data_conditions_5dd1df8\system_0041_ic1_sigma_0p02_rho_0_realization_2,float64,little_endian
41,1,2,0.02,0.0,3,multiplicative_gaussian_iid,f381e98903da9113,512,sha256_raw_little_endian_float64,time,time_by_dimension_c_order,[512],"[512,2]",0.0,10.0,0.06961758861394082,1.2407846935371862,ffad3499269c08c6bd22e9e5c5d2ab32bbf827e2037cbdd6e73571aeab04432f,a1ff2db56983df43f2624a9a8f3801333d51b1abb9d84a34dfc1aa3b585ce154,cells\system_0041_ic1_time_f64le.bin,cells\system_0041_ic1_state_f64le_c_order.bin,C:\Users\joedicke\Documents\reps\EvoODE\outputs\phase_c_c6_data_conditions_5dd1df8\system_0041_ic1_sigma_0p02_rho_0_realization_3,float64,little_endian
41,1,2,0.02,0.5,1,multiplicative_gaussian_iid,7c6160caa1ea477b,256,sha256_raw_little_endian_float64,time,time_by_dimension_c_order,[256],"[256,2]",0.0,10.0,0.07015914870702866,1.2324449127665529,ea4eacd51216c5836363164785a0047d7a9c053a04feccdf72d0536f695432ed,9ae8a517ea65c11f62fd25963d4524a223fbbb070efc0424cc2b021ffa55b4d3,cells\system_0041_ic1_time_f64le.bin,cells\system_0041_ic1_state_f64le_c_order.bin,C:\Users\joedicke\Documents\reps\EvoODE\outputs\phase_c_c6_data_conditions_5dd1df8\system_0041_ic1_sigma_0p02_rho_0p5_realization_1,float64,little_endian
41,1,2,0.02,0.5,2,multiplicative_gaussian_iid,bcd25d66948ee0ae,256,sha256_raw_little_endian_float64,time,time_by_dimension_c_order,[256],"[256,2]",0.019569471624266144,10.0,0.07021194423473504,1.2509514463202545,8e25ad76f90cdb7d56ac0321d535cc2b11dc85122a33519b008e14f38fe488c1,820c2bef7e296067c5b5db3e3dee29b5b115a7cac8c910b3f7ceb838290de7ac,cells\system_0041_ic1_time_f64le.bin,cells\system_0041_ic1_state_f64le_c_order.bin,C:\Users\joedicke\Documents\reps\EvoODE\outputs\phase_c_c6_data_conditions_5dd1df8\system_0041_ic1_sigma_0p02_rho_0p5_realization_2,float64,little_endian
41,1,2,0.02,0.5,3,multiplicative_gaussian_iid,e0af3b0de5724047,256,sha256_raw_little_endian_float64,time,time_by_dimension_c_order,[256],"[256,2]",0.11741682974559686,9.941291585127201,0.06995954648742211,1.2277719579047133,54d37a9ec98789e5e6ecd1250a609d900a25574c89e9323fb8fe276e7278ad50,d5491f1b408aaa9eb552aed318e463bb66df1f91b5592056ce9c201a3a7489dc,cells\system_0041_ic1_time_f64le.bin,cells\system_0041_ic1_state_f64le_c_order.bin,C:\Users\joedicke\Documents\reps\EvoODE\outputs\phase_c_c6_data_conditions_5dd1df8\system_0041_ic1_sigma_0p02_rho_0p5_realization_3,float64,little_endian
41,1,2,0.03,0.0,1,multiplicative_gaussian_iid,9ab73e4eac8e3294,512,sha256_raw_little_endian_float64,time,time_by_dimension_c_order,[512],"[512,2]",0.0,10.0,0.0685073236750232,1.2744992164953333,ffad3499269c08c6bd22e9e5c5d2ab32bbf827e2037cbdd6e73571aeab04432f,0a6521b29c03f43f39fa96e983b1255a701a67894fbcce429ab81b9b3c3031f4,cells\system_0041_ic1_time_f64le.bin,cells\system_0041_ic1_state_f64le_c_order.bin,C:\Users\joedicke\Documents\reps\EvoODE\outputs\phase_c_c6_data_conditions_5dd1df8\system_0041_ic1_sigma_0p029999999999999999_rho_0_realization_1,float64,little_endian
41,1,2,0.03,0.0,2,multiplicative_gaussian_iid,82c3da1e7e62eee3,512,sha256_raw_little_endian_float64,time,time_by_dimension_c_order,[512],"[512,2]",0.0,10.0,0.06806661517134413,1.2762135606046818,ffad3499269c08c6bd22e9e5c5d2ab32bbf827e2037cbdd6e73571aeab04432f,0367f9664db9b067bc01528eb44d48127ae475272163c9e68e06173a52e15ee5,cells\system_0041_ic1_time_f64le.bin,cells\system_0041_ic1_state_f64le_c_order.bin,C:\Users\joedicke\Documents\reps\EvoODE\outputs\phase_c_c6_data_conditions_5dd1df8\system_0041_ic1_sigma_0p029999999999999999_rho_0_realization_2,float64,little_endian
41,1,2,0.03,0.0,3,multiplicative_gaussian_iid,14ad814a69ec28ff,512,sha256_raw_little_endian_float64,time,time_by_dimension_c_order,[512],"[512,2]",0.0,10.0,0.06783028433726533,1.2601197459633284,ffad3499269c08c6bd22e9e5c5d2ab32bbf827e2037cbdd6e73571aeab04432f,9fbf546dcd8bda34db10d778530ddc7be6871bac2de0d11953ba5b78f8807b0d,cells\system_0041_ic1_time_f64le.bin,cells\system_0041_ic1_state_f64le_c_order.bin,C:\Users\joedicke\Documents\reps\EvoODE\outputs\phase_c_c6_data_conditions_5dd1df8\system_0041_ic1_sigma_0p029999999999999999_rho_0_realization_3,float64,little_endian
41,1,2,0.03,0.5,1,multiplicative_gaussian_iid,8de245124bfb451c,256,sha256_raw_little_endian_float64,time,time_by_dimension_c_order,[256],"[256,2]",0.07827788649706457,10.0,0.06864997819373171,1.254318959263955,a5a135705ee5b56f985e9468986666f11365657c6dafa55c72d79361331e5a59,b0f59cfdac76217ff475ca07f938d00241d0766603172eeb7e6867cc331317d5,cells\system_0041_ic1_time_f64le.bin,cells\system_0041_ic1_state_f64le_c_order.bin,C:\Users\joedicke\Documents\reps\EvoODE\outputs\phase_c_c6_data_conditions_5dd1df8\system_0041_ic1_sigma_0p029999999999999999_rho_0p5_realization_1,float64,little_endian
41,1,2,0.03,0.5,2,multiplicative_gaussian_iid,a318ab0636b2776b,256,sha256_raw_little_endian_float64,time,time_by_dimension_c_order,[256],"[256,2]",0.0,9.941291585127201,0.07028919847262724,1.2216762745459155,14c2b7c981787c02c14cbd97e2557596bfc9dd5d1be9282f9e3432c2e0e64cf5,d8a963173c20ed54beb347c6050d92ee0eb69d366af442dbdb691eb39b0a32f3,cells\system_0041_ic1_time_f64le.bin,cells\system_0041_ic1_state_f64le_c_order.bin,C:\Users\joedicke\Documents\reps\EvoODE\outputs\phase_c_c6_data_conditions_5dd1df8\system_0041_ic1_sigma_0p029999999999999999_rho_0p5_realization_2,float64,little_endian
41,1,2,0.03,0.5,3,multiplicative_gaussian_iid,069741ac89cccc44,256,sha256_raw_little_endian_float64,time,time_by_dimension_c_order,[256],"[256,2]",0.019569471624266144,9.960861056751467,0.06867059951326596,1.2342834181774127,16c45a08f20fb5ad0b2ddc4450fbe8a2b2f1684d134d62bdbab20f3d7e1ad6be,a1841fb1e4888c3e1a8adbf9c5d8128759c2c2119646ae16d9c8eb2afc811662,cells\system_0041_ic1_time_f64le.bin,cells\system_0041_ic1_state_f64le_c_order.bin,C:\Users\joedicke\Documents\reps\EvoODE\outputs\phase_c_c6_data_conditions_5dd1df8\system_0041_ic1_sigma_0p029999999999999999_rho_0p5_realization_3,float64,little_endian
41,1,2,0.04,0.0,1,multiplicative_gaussian_iid,44801945584039fb,512,sha256_raw_little_endian_float64,time,time_by_dimension_c_order,[512],"[512,2]",0.0,10.0,0.06805614793413177,1.2875121989347769,ffad3499269c08c6bd22e9e5c5d2ab32bbf827e2037cbdd6e73571aeab04432f,9f95c2a5938c415edae2e6b34bf5bec156b09befeb3d20c80c4cfa16fe8df0d8,cells\system_0041_ic1_time_f64le.bin,cells\system_0041_ic1_state_f64le_c_order.bin,C:\Users\joedicke\Documents\reps\EvoODE\outputs\phase_c_c6_data_conditions_5dd1df8\system_0041_ic1_sigma_0p040000000000000001_rho_0_realization_1,float64,little_endian
41,1,2,0.04,0.0,2,multiplicative_gaussian_iid,8822fb29eb654e2c,512,sha256_raw_little_endian_float64,time,time_by_dimension_c_order,[512],"[512,2]",0.0,10.0,0.06837797809369615,1.282134869534023,ffad3499269c08c6bd22e9e5c5d2ab32bbf827e2037cbdd6e73571aeab04432f,cfcbc89b927688400dcff17157ec54e986ff49c366f7a479b51d78ac0bcb4092,cells\system_0041_ic1_time_f64le.bin,cells\system_0041_ic1_state_f64le_c_order.bin,C:\Users\joedicke\Documents\reps\EvoODE\outputs\phase_c_c6_data_conditions_5dd1df8\system_0041_ic1_sigma_0p040000000000000001_rho_0_realization_2,float64,little_endian
41,1,2,0.04,0.0,3,multiplicative_gaussian_iid,c894b9d947f7dad9,512,sha256_raw_little_endian_float64,time,time_by_dimension_c_order,[512],"[512,2]",0.0,10.0,0.0669348932529108,1.2605170681783362,ffad3499269c08c6bd22e9e5c5d2ab32bbf827e2037cbdd6e73571aeab04432f,cd36181a4f7082107d5715b6130c59b0f171c5f6a6486cb7d26e9a151102d894,cells\system_0041_ic1_time_f64le.bin,cells\system_0041_ic1_state_f64le_c_order.bin,C:\Users\joedicke\Documents\reps\EvoODE\outputs\phase_c_c6_data_conditions_5dd1df8\system_0041_ic1_sigma_0p040000000000000001_rho_0_realization_3,float64,little_endian
41,1,2,0.04,0.5,1,multiplicative_gaussian_iid,9b8b6df42eee8e32,256,sha256_raw_little_endian_float64,time,time_by_dimension_c_order,[256],"[256,2]",0.0,10.0,0.06737722509835177,1.308690165291578,fa072bcc0dc821918984355181450dc52ad28ed1654d39a8f47a1d93da489fb2,63ffd5c3c908476d6f300b3ef25542199a151c346c3f88811f657baf83d92004,cells\system_0041_ic1_time_f64le.bin,cells\system_0041_ic1_state_f64le_c_order.bin,C:\Users\joedicke\Documents\reps\EvoODE\outputs\phase_c_c6_data_conditions_5dd1df8\system_0041_ic1_sigma_0p040000000000000001_rho_0p5_realization_1,float64,little_endian
41,1,2,0.04,0.5,2,multiplicative_gaussian_iid,782ee43c52f10048,256,sha256_raw_little_endian_float64,time,time_by_dimension_c_order,[256],"[256,2]",0.09784735812133072,9.980430528375733,0.06771289411811873,1.2565723293145696,c12a0315db29fbb3e0f5e53eb31f5f65b335f56b918f3cc1e59ca5787effcae5,4ddcc55e76f45da484a27af860fc8fadb6e0f7b3d18b0a881113713928d2adda,cells\system_0041_ic1_time_f64le.bin,cells\system_0041_ic1_state_f64le_c_order.bin,C:\Users\joedicke\Documents\reps\EvoODE\outputs\phase_c_c6_data_conditions_5dd1df8\system_0041_ic1_sigma_0p040000000000000001_rho_0p5_realization_2,float64,little_endian
41,1,2,0.04,0.5,3,multiplicative_gaussian_iid,ed5295c60e5e2276,256,sha256_raw_little_endian_float64,time,time_by_dimension_c_order,[256],"[256,2]",0.0,10.0,0.06482144452885562,1.2678343144684447,c2085132a24b731402a5bea34fb13cf37c3adbad3adee397d63323f529e105bb,dee82f04d02859af7555dc7dd0558ffad43d526fbb11fb435a016e1bc25e8c67,cells\system_0041_ic1_time_f64le.bin,cells\system_0041_ic1_state_f64le_c_order.bin,C:\Users\joedicke\Documents\reps\EvoODE\outputs\phase_c_c6_data_conditions_5dd1df8\system_0041_ic1_sigma_0p040000000000000001_rho_0p5_realization_3,float64,little_endian
41,1,2,0.05,0.0,1,multiplicative_gaussian_iid,0c0ad42629f69010,512,sha256_raw_little_endian_float64,time,time_by_dimension_c_order,[512],"[512,2]",0.0,10.0,0.06531747187455264,1.2841769621107681,ffad3499269c08c6bd22e9e5c5d2ab32bbf827e2037cbdd6e73571aeab04432f,4c4b0d7946adbc50d6faee366ab1d262faa123cc8a27b9955492bfd4708b8149,cells\system_0041_ic1_time_f64le.bin,cells\system_0041_ic1_state_f64le_c_order.bin,C:\Users\joedicke\Documents\reps\EvoODE\outputs\phase_c_c6_data_conditions_5dd1df8\system_0041_ic1_sigma_0p050000000000000003_rho_0_realization_1,float64,little_endian
41,1,2,0.05,0.0,2,multiplicative_gaussian_iid,d4fd33de90c64fdb,512,sha256_raw_little_endian_float64,time,time_by_dimension_c_order,[512],"[512,2]",0.0,10.0,0.06648522409647478,1.289924579611489,ffad3499269c08c6bd22e9e5c5d2ab32bbf827e2037cbdd6e73571aeab04432f,07ebdcea78d7e5e13604be257c48d0dd26060f080666268259d489ea9ab4b4cd,cells\system_0041_ic1_time_f64le.bin,cells\system_0041_ic1_state_f64le_c_order.bin,C:\Users\joedicke\Documents\reps\EvoODE\outputs\phase_c_c6_data_conditions_5dd1df8\system_0041_ic1_sigma_0p050000000000000003_rho_0_realization_2,float64,little_endian
41,1,2,0.05,0.0,3,multiplicative_gaussian_iid,474964b5d4eb36b7,512,sha256_raw_little_endian_float64,time,time_by_dimension_c_order,[512],"[512,2]",0.0,10.0,0.06747156608415576,1.3237142054880975,ffad3499269c08c6bd22e9e5c5d2ab32bbf827e2037cbdd6e73571aeab04432f,dd4e424fa32863dfe24d1bf45969e8ab79bf102fa76268141e252eef85189dd3,cells\system_0041_ic1_time_f64le.bin,cells\system_0041_ic1_state_f64le_c_order.bin,C:\Users\joedicke\Documents\reps\EvoODE\outputs\phase_c_c6_data_conditions_5dd1df8\system_0041_ic1_sigma_0p050000000000000003_rho_0_realization_3,float64,little_endian
41,1,2,0.05,0.5,1,multiplicative_gaussian_iid,2c2c9d97aa17bd60,256,sha256_raw_little_endian_float64,time,time_by_dimension_c_order,[256],"[256,2]",0.0,9.980430528375733,0.06419400853667098,1.3079687218413338,275a1234bfe4079754e9cf8a84d45c10ab7075087ad5f0c8fcbc950fb7d88b94,759b2a31a549ba14d472b38e400e34a63fee159efa4359d5942790a6ae1092ec,cells\system_0041_ic1_time_f64le.bin,cells\system_0041_ic1_state_f64le_c_order.bin,C:\Users\joedicke\Documents\reps\EvoODE\outputs\phase_c_c6_data_conditions_5dd1df8\system_0041_ic1_sigma_0p050000000000000003_rho_0p5_realization_1,float64,little_endian
41,1,2,0.05,0.5,2,multiplicative_gaussian_iid,0e7c4be2f70297ab,256,sha256_raw_little_endian_float64,time,time_by_dimension_c_order,[256],"[256,2]",0.07827788649706457,10.0,0.06774312434741393,1.2594859784647374,54ce98addec2671ddc48076334ee81729afee0499c406c0b3bcaab1e5a369c1c,0dbc45d1dbff7a944d285fb656ca896ea9248af73646e8e6ea6bfcac6d5ed9f0,cells\system_0041_ic1_time_f64le.bin,cells\system_0041_ic1_state_f64le_c_order.bin,C:\Users\joedicke\Documents\reps\EvoODE\outputs\phase_c_c6_data_conditions_5dd1df8\system_0041_ic1_sigma_0p050000000000000003_rho_0p5_realization_2,float64,little_endian
41,1,2,0.05,0.5,3,multiplicative_gaussian_iid,eb4c796cf661b732,256,sha256_raw_little_endian_float64,time,time_by_dimension_c_order,[256],"[256,2]",0.03913894324853229,10.0,0.06584854823696733,1.3000147644964266,bb06f3b0f65f68675d316095c933d183d9e277ff995fdd23371cf189bf38b68a,9135986a7cd678805c2112c6ef2f7e8ab78b5dc1339670fb517a6c338f594f29,cells\system_0041_ic1_time_f64le.bin,cells\system_0041_ic1_state_f64le_c_order.bin,C:\Users\joedicke\Documents\reps\EvoODE\outputs\phase_c_c6_data_conditions_5dd1df8\system_0041_ic1_sigma_0p050000000000000003_rho_0p5_realization_3,float64,little_endian
41,2,2,0.0,0.0,1,multiplicative_gaussian_iid,799711a15b6d0740,512,sha256_raw_little_endian_float64,time,time_by_dimension_c_order,[512],"[512,2]",0.0,10.0,0.02,1.9202810091207043,ffad3499269c08c6bd22e9e5c5d2ab32bbf827e2037cbdd6e73571aeab04432f,0d5beea10293a02a60a94d0461e17f9dc8b9642314709ee372c273467c75566a,cells\system_0041_ic2_time_f64le.bin,cells\system_0041_ic2_state_f64le_c_order.bin,C:\Users\joedicke\Documents\reps\EvoODE\outputs\phase_c_c6_data_conditions_5dd1df8\system_0041_ic2_sigma_0_rho_0_realization_1,float64,little_endian
41,2,2,0.0,0.0,2,multiplicative_gaussian_iid,b5afe8a7651c851f,512,sha256_raw_little_endian_float64,time,time_by_dimension_c_order,[512],"[512,2]",0.0,10.0,0.02,1.9202810091207043,ffad3499269c08c6bd22e9e5c5d2ab32bbf827e2037cbdd6e73571aeab04432f,0d5beea10293a02a60a94d0461e17f9dc8b9642314709ee372c273467c75566a,cells\system_0041_ic2_time_f64le.bin,cells\system_0041_ic2_state_f64le_c_order.bin,C:\Users\joedicke\Documents\reps\EvoODE\outputs\phase_c_c6_data_conditions_5dd1df8\system_0041_ic2_sigma_0_rho_0_realization_2,float64,little_endian
41,2,2,0.0,0.0,3,multiplicative_gaussian_iid,d0ef57fd9e507f22,512,sha256_raw_little_endian_float64,time,time_by_dimension_c_order,[512],"[512,2]",0.0,10.0,0.02,1.9202810091207043,ffad3499269c08c6bd22e9e5c5d2ab32bbf827e2037cbdd6e73571aeab04432f,0d5beea10293a02a60a94d0461e17f9dc8b9642314709ee372c273467c75566a,cells\system_0041_ic2_time_f64le.bin,cells\system_0041_ic2_state_f64le_c_order.bin,C:\Users\joedicke\Documents\reps\EvoODE\outputs\phase_c_c6_data_conditions_5dd1df8\system_0041_ic2_sigma_0_rho_0_realization_3,float64,little_endian
41,2,2,0.0,0.5,1,multiplicative_gaussian_iid,e5ae40517517118c,256,sha256_raw_little_endian_float64,time,time_by_dimension_c_order,[256],"[256,2]",0.019569471624266144,10.0,0.02010408853843948,1.9202068756632844,bb5184122caaf74ae395c915fa7406a8f2b83668ded4733e5993165f25de099a,014f85fe31d2e551efcf7941cd9101b419c0c130187426ed42c4c68c96d2a238,cells\system_0041_ic2_time_f64le.bin,cells\system_0041_ic2_state_f64le_c_order.bin,C:\Users\joedicke\Documents\reps\EvoODE\outputs\phase_c_c6_data_conditions_5dd1df8\system_0041_ic2_sigma_0_rho_0p5_realization_1,float64,little_endian
41,2,2,0.0,0.5,2,multiplicative_gaussian_iid,410220e26b007c78,256,sha256_raw_little_endian_float64,time,time_by_dimension_c_order,[256],"[256,2]",0.019569471624266144,10.0,0.02010408853843948,1.9202068756632844,fb65dab29aefef25aea976420bf8f265854c4b30399cc1e7be0b7af3aa71cd7f,c7ee741d3bde4a0c350e99074e0f91be0d962f2f74a4c10807d345197b8ec505,cells\system_0041_ic2_time_f64le.bin,cells\system_0041_ic2_state_f64le_c_order.bin,C:\Users\joedicke\Documents\reps\EvoODE\outputs\phase_c_c6_data_conditions_5dd1df8\system_0041_ic2_sigma_0_rho_0p5_realization_2,float64,little_endian
41,2,2,0.0,0.5,3,multiplicative_gaussian_iid,32943fed9075ec6b,256,sha256_raw_little_endian_float64,time,time_by_dimension_c_order,[256],"[256,2]",0.0,10.0,0.02,1.9202068756632844,0bd9dd1225c751c0bea1e69212d2cd6e862b4b3650fa52f65f010382e5c18df0,39f4de3dc9a00afbfd7ead9db2eacfe0a46909d340fe6140baf2eebd579868fc,cells\system_0041_ic2_time_f64le.bin,cells\system_0041_ic2_state_f64le_c_order.bin,C:\Users\joedicke\Documents\reps\EvoODE\outputs\phase_c_c6_data_conditions_5dd1df8\system_0041_ic2_sigma_0_rho_0p5_realization_3,float64,little_endian
41,2,2,0.01,0.0,1,multiplicative_gaussian_iid,1696ce8b0e80990d,512,sha256_raw_little_endian_float64,time,time_by_dimension_c_order,[512],"[512,2]",0.0,10.0,0.01987441785205173,1.9666458585636926,ffad3499269c08c6bd22e9e5c5d2ab32bbf827e2037cbdd6e73571aeab04432f,bea5ba7e2ea67211fff53bfca9467481a8f1264ce2ac8d3f5f99c4e5a66466c1,cells\system_0041_ic2_time_f64le.bin,cells\system_0041_ic2_state_f64le_c_order.bin,C:\Users\joedicke\Documents\reps\EvoODE\outputs\phase_c_c6_data_conditions_5dd1df8\system_0041_ic2_sigma_0p01_rho_0_realization_1,float64,little_endian
41,2,2,0.01,0.0,2,multiplicative_gaussian_iid,715557b4e934a00a,512,sha256_raw_little_endian_float64,time,time_by_dimension_c_order,[512],"[512,2]",0.0,10.0,0.0199501873678417,1.9617418356348435,ffad3499269c08c6bd22e9e5c5d2ab32bbf827e2037cbdd6e73571aeab04432f,5f40764acd89177cd5ee177cee84420170250622054bf04d06422e616739904d,cells\system_0041_ic2_time_f64le.bin,cells\system_0041_ic2_state_f64le_c_order.bin,C:\Users\joedicke\Documents\reps\EvoODE\outputs\phase_c_c6_data_conditions_5dd1df8\system_0041_ic2_sigma_0p01_rho_0_realization_2,float64,little_endian
41,2,2,0.01,0.0,3,multiplicative_gaussian_iid,bcb458bd643fcc5e,512,sha256_raw_little_endian_float64,time,time_by_dimension_c_order,[512],"[512,2]",0.0,10.0,0.01986194566803122,1.956405004777911,ffad3499269c08c6bd22e9e5c5d2ab32bbf827e2037cbdd6e73571aeab04432f,868da699bf4badd298c20526c1e079815f89c99179950d74bcfa9d106eb430c8,cells\system_0041_ic2_time_f64le.bin,cells\system_0041_ic2_state_f64le_c_order.bin,C:\Users\joedicke\Documents\reps\EvoODE\outputs\phase_c_c6_data_conditions_5dd1df8\system_0041_ic2_sigma_0p01_rho_0_realization_3,float64,little_endian
41,2,2,0.01,0.5,1,multiplicative_gaussian_iid,228ccdf853b4603f,256,sha256_raw_little_endian_float64,time,time_by_dimension_c_order,[256],"[256,2]",0.0,9.980430528375733,0.01970354097571215,1.9227388278449586,814a478703c6805e3df48e7487fddc1c252be9a1ed68bf2ee69244978378da1a,e172a2b33881d692c27f9d20725c512cfa580a360b758337104664a46801ab85,cells\system_0041_ic2_time_f64le.bin,cells\system_0041_ic2_state_f64le_c_order.bin,C:\Users\joedicke\Documents\reps\EvoODE\outputs\phase_c_c6_data_conditions_5dd1df8\system_0041_ic2_sigma_0p01_rho_0p5_realization_1,float64,little_endian
41,2,2,0.01,0.5,2,multiplicative_gaussian_iid,91c37238ed72132a,256,sha256_raw_little_endian_float64,time,time_by_dimension_c_order,[256],"[256,2]",0.019569471624266144,10.0,0.020202723094213223,1.9190491920503623,21feb41c0be1979dff894fb3b079bf591e11fcef020739cdf026723eb806b85c,0e823e219af4dfbf363d7223f948e79d2a7508c7738378d9744c94727eb84218,cells\system_0041_ic2_time_f64le.bin,cells\system_0041_ic2_state_f64le_c_order.bin,C:\Users\joedicke\Documents\reps\EvoODE\outputs\phase_c_c6_data_conditions_5dd1df8\system_0041_ic2_sigma_0p01_rho_0p5_realization_2,float64,little_endian
41,2,2,0.01,0.5,3,multiplicative_gaussian_iid,f288b68ee10122ab,256,sha256_raw_little_endian_float64,time,time_by_dimension_c_order,[256],"[256,2]",0.0,10.0,0.01988629302085127,1.9229951542031003,9a51b848a89094d2e049bb9e914bd8e62c0022362715f82a34f26178ffa3a8de,60ed0a2277ce2c7f7ec6fc2587cb79d10818d26cfbf98124c30f258aab64e986,cells\system_0041_ic2_time_f64le.bin,cells\system_0041_ic2_state_f64le_c_order.bin,C:\Users\joedicke\Documents\reps\EvoODE\outputs\phase_c_c6_data_conditions_5dd1df8\system_0041_ic2_sigma_0p01_rho_0p5_realization_3,float64,little_endian
41,2,2,0.02,0.0,1,multiplicative_gaussian_iid,672a11e7b6fa736d,512,sha256_raw_little_endian_float64,time,time_by_dimension_c_order,[512],"[512,2]",0.0,10.0,0.019835761783806204,1.9707850647252985,ffad3499269c08c6bd22e9e5c5d2ab32bbf827e2037cbdd6e73571aeab04432f,be8b03e7ae8e59b819b427be8985e1826e10bb50cc6bbb004a583e6efcfa8f0b,cells\system_0041_ic2_time_f64le.bin,cells\system_0041_ic2_state_f64le_c_order.bin,C:\Users\joedicke\Documents\reps\EvoODE\outputs\phase_c_c6_data_conditions_5dd1df8\system_0041_ic2_sigma_0p02_rho_0_realization_1,float64,little_endian
41,2,2,0.02,0.0,2,multiplicative_gaussian_iid,325115d8689b3624,512,sha256_raw_little_endian_float64,time,time_by_dimension_c_order,[512],"[512,2]",0.0,10.0,0.020021070903038146,2.001661026263529,ffad3499269c08c6bd22e9e5c5d2ab32bbf827e2037cbdd6e73571aeab04432f,4469a565b762486531551797f19c08e330b188404ebe61f87d78a0f84620baa8,cells\system_0041_ic2_time_f64le.bin,cells\system_0041_ic2_state_f64le_c_order.bin,C:\Users\joedicke\Documents\reps\EvoODE\outputs\phase_c_c6_data_conditions_5dd1df8\system_0041_ic2_sigma_0p02_rho_0_realization_2,float64,little_endian
41,2,2,0.02,0.0,3,multiplicative_gaussian_iid,f381e98903da9113,512,sha256_raw_little_endian_float64,time,time_by_dimension_c_order,[512],"[512,2]",0.0,10.0,0.020018680062735363,2.0614890664671295,ffad3499269c08c6bd22e9e5c5d2ab32bbf827e2037cbdd6e73571aeab04432f,3e2d1dfae04d2aba322c05d6a79bf2aa7ec663a151da6d5e18f494a0ea5d18c7,cells\system_0041_ic2_time_f64le.bin,cells\system_0041_ic2_state_f64le_c_order.bin,C:\Users\joedicke\Documents\reps\EvoODE\outputs\phase_c_c6_data_conditions_5dd1df8\system_0041_ic2_sigma_0p02_rho_0_realization_3,float64,little_endian
41,2,2,0.02,0.5,1,multiplicative_gaussian_iid,7c6160caa1ea477b,256,sha256_raw_little_endian_float64,time,time_by_dimension_c_order,[256],"[256,2]",0.019569471624266144,9.960861056751467,0.020039822230103057,1.9680473188940064,64b4db33c21987f37d096da708f9cd4a069ba6f0e4060bdb5e32549f5f408add,2de6aebdf8614f10d16da1b47168a9b3c4e292b32e394224134bbd52797c651d,cells\system_0041_ic2_time_f64le.bin,cells\system_0041_ic2_state_f64le_c_order.bin,C:\Users\joedicke\Documents\reps\EvoODE\outputs\phase_c_c6_data_conditions_5dd1df8\system_0041_ic2_sigma_0p02_rho_0p5_realization_1,float64,little_endian
41,2,2,0.02,0.5,2,multiplicative_gaussian_iid,bcd25d66948ee0ae,256,sha256_raw_little_endian_float64,time,time_by_dimension_c_order,[256],"[256,2]",0.0,9.960861056751467,0.019952039649923765,1.9680113012627356,e6058cdf345d600b02527de0a67e7887f2c31c3cae59677bcbde01b1254ca308,b44facff46151af5a18a9388f740cca0efe6f59f469390bc9b2adf959c5a73e0,cells\system_0041_ic2_time_f64le.bin,cells\system_0041_ic2_state_f64le_c_order.bin,C:\Users\joedicke\Documents\reps\EvoODE\outputs\phase_c_c6_data_conditions_5dd1df8\system_0041_ic2_sigma_0p02_rho_0p5_realization_2,float64,little_endian
41,2,2,0.02,0.5,3,multiplicative_gaussian_iid,e0af3b0de5724047,256,sha256_raw_little_endian_float64,time,time_by_dimension_c_order,[256],"[256,2]",0.0,10.0,0.019581851681729875,1.999909430701433,e54f1fbe61505cbd4f90d690b67874294807944e18bcda2e338167813ed32e40,816325496d60bacf3277238f79202ce71c46cf64f51cfa4f6eacd2a20a996925,cells\system_0041_ic2_time_f64le.bin,cells\system_0041_ic2_state_f64le_c_order.bin,C:\Users\joedicke\Documents\reps\EvoODE\outputs\phase_c_c6_data_conditions_5dd1df8\system_0041_ic2_sigma_0p02_rho_0p5_realization_3,float64,little_endian
41,2,2,0.03,0.0,1,multiplicative_gaussian_iid,9ab73e4eac8e3294,512,sha256_raw_little_endian_float64,time,time_by_dimension_c_order,[512],"[512,2]",0.0,10.0,0.019753793566723344,2.0299213145064785,ffad3499269c08c6bd22e9e5c5d2ab32bbf827e2037cbdd6e73571aeab04432f,7aaa0d74343acc99056fe5831bf910ffac88c6980df01cb9e346a4fd91edc52c,cells\system_0041_ic2_time_f64le.bin,cells\system_0041_ic2_state_f64le_c_order.bin,C:\Users\joedicke\Documents\reps\EvoODE\outputs\phase_c_c6_data_conditions_5dd1df8\system_0041_ic2_sigma_0p029999999999999999_rho_0_realization_1,float64,little_endian
41,2,2,0.03,0.0,2,multiplicative_gaussian_iid,82c3da1e7e62eee3,512,sha256_raw_little_endian_float64,time,time_by_dimension_c_order,[512],"[512,2]",0.0,10.0,0.019158530221667178,2.0031407851336263,ffad3499269c08c6bd22e9e5c5d2ab32bbf827e2037cbdd6e73571aeab04432f,75ac82cce657818ec619cbbadfd4114b73645e7221b71f827008736f0cea9ac8,cells\system_0041_ic2_time_f64le.bin,cells\system_0041_ic2_state_f64le_c_order.bin,C:\Users\joedicke\Documents\reps\EvoODE\outputs\phase_c_c6_data_conditions_5dd1df8\system_0041_ic2_sigma_0p029999999999999999_rho_0_realization_2,float64,little_endian
41,2,2,0.03,0.0,3,multiplicative_gaussian_iid,14ad814a69ec28ff,512,sha256_raw_little_endian_float64,time,time_by_dimension_c_order,[512],"[512,2]",0.0,10.0,0.019051087934039534,1.9989231524960758,ffad3499269c08c6bd22e9e5c5d2ab32bbf827e2037cbdd6e73571aeab04432f,9d23d1e623591077926930101e5f9b3752f7d51689721047d0f47fe66bea6d2e,cells\system_0041_ic2_time_f64le.bin,cells\system_0041_ic2_state_f64le_c_order.bin,C:\Users\joedicke\Documents\reps\EvoODE\outputs\phase_c_c6_data_conditions_5dd1df8\system_0041_ic2_sigma_0p029999999999999999_rho_0_realization_3,float64,little_endian
41,2,2,0.03,0.5,1,multiplicative_gaussian_iid,8de245124bfb451c,256,sha256_raw_little_endian_float64,time,time_by_dimension_c_order,[256],"[256,2]",0.0,10.0,0.019827351222612276,2.051901993055466,b502cdc1aa1dda23a9103daa1e36ea1d81811fc4e89f34addc5ab2fdf249f9d7,1e88a47206cc0021e828a7fcf847153bbe348be72493359079d897f71baa5fcd,cells\system_0041_ic2_time_f64le.bin,cells\system_0041_ic2_state_f64le_c_order.bin,C:\Users\joedicke\Documents\reps\EvoODE\outputs\phase_c_c6_data_conditions_5dd1df8\system_0041_ic2_sigma_0p029999999999999999_rho_0p5_realization_1,float64,little_endian
41,2,2,0.03,0.5,2,multiplicative_gaussian_iid,a318ab0636b2776b,256,sha256_raw_little_endian_float64,time,time_by_dimension_c_order,[256],"[256,2]",0.05870841487279843,9.941291585127201,0.01990614638076728,1.9477770089308462,667d23e9a311764fc19ef8f1cb7741bba09dce60693358e1e3fc76cea30a86a4,be075cb2f299dfd53b1231ac29435075c0ff7a7322eebe679b7b66964733e091,cells\system_0041_ic2_time_f64le.bin,cells\system_0041_ic2_state_f64le_c_order.bin,C:\Users\joedicke\Documents\reps\EvoODE\outputs\phase_c_c6_data_conditions_5dd1df8\system_0041_ic2_sigma_0p029999999999999999_rho_0p5_realization_2,float64,little_endian
41,2,2,0.03,0.5,3,multiplicative_gaussian_iid,069741ac89cccc44,256,sha256_raw_little_endian_float64,time,time_by_dimension_c_order,[256],"[256,2]",0.07827788649706457,9.941291585127201,0.02033499070489665,1.954656756524797,49a5de2f396f6a82d1798ebfc8675f386748a0af447029f55b5f3bdf91fa5282,90af72522439d3b4174830f45b335d26a59ed9b05358564471d062cc6fc94699,cells\system_0041_ic2_time_f64le.bin,cells\system_0041_ic2_state_f64le_c_order.bin,C:\Users\joedicke\Documents\reps\EvoODE\outputs\phase_c_c6_data_conditions_5dd1df8\system_0041_ic2_sigma_0p029999999999999999_rho_0p5_realization_3,float64,little_endian
41,2,2,0.04,0.0,1,multiplicative_gaussian_iid,44801945584039fb,512,sha256_raw_little_endian_float64,time,time_by_dimension_c_order,[512],"[512,2]",0.0,10.0,0.02002550020873721,2.111942665010317,ffad3499269c08c6bd22e9e5c5d2ab32bbf827e2037cbdd6e73571aeab04432f,01a8335d9eb0759bc775ca767ed68aa0f46c2486d0fb4f7d7b50da24bee33f24,cells\system_0041_ic2_time_f64le.bin,cells\system_0041_ic2_state_f64le_c_order.bin,C:\Users\joedicke\Documents\reps\EvoODE\outputs\phase_c_c6_data_conditions_5dd1df8\system_0041_ic2_sigma_0p040000000000000001_rho_0_realization_1,float64,little_endian
41,2,2,0.04,0.0,2,multiplicative_gaussian_iid,8822fb29eb654e2c,512,sha256_raw_little_endian_float64,time,time_by_dimension_c_order,[512],"[512,2]",0.0,10.0,0.01878484158836124,2.0502383580611587,ffad3499269c08c6bd22e9e5c5d2ab32bbf827e2037cbdd6e73571aeab04432f,93e0175a4c7bb62c309d3c1391b186a4f4eac9e3a3db9df1684c6c1c83b3a040,cells\system_0041_ic2_time_f64le.bin,cells\system_0041_ic2_state_f64le_c_order.bin,C:\Users\joedicke\Documents\reps\EvoODE\outputs\phase_c_c6_data_conditions_5dd1df8\system_0041_ic2_sigma_0p040000000000000001_rho_0_realization_2,float64,little_endian
41,2,2,0.04,0.0,3,multiplicative_gaussian_iid,c894b9d947f7dad9,512,sha256_raw_little_endian_float64,time,time_by_dimension_c_order,[512],"[512,2]",0.0,10.0,0.01921282535773888,2.048084207908747,ffad3499269c08c6bd22e9e5c5d2ab32bbf827e2037cbdd6e73571aeab04432f,8032d6c524f5714e82ee5b613b1ebfa6bb6e6150b0c1a65aef1912c49eef453b,cells\system_0041_ic2_time_f64le.bin,cells\system_0041_ic2_state_f64le_c_order.bin,C:\Users\joedicke\Documents\reps\EvoODE\outputs\phase_c_c6_data_conditions_5dd1df8\system_0041_ic2_sigma_0p040000000000000001_rho_0_realization_3,float64,little_endian
41,2,2,0.04,0.5,1,multiplicative_gaussian_iid,9b8b6df42eee8e32,256,sha256_raw_little_endian_float64,time,time_by_dimension_c_order,[256],"[256,2]",0.07827788649706457,9.980430528375733,0.01982201750401854,2.146534981299551,7b68623880c006cbcf11fa2aec997a2af06329186303acf070dfc9c7843f694d,4674dd432470e42f00163898b98be7b6923a9a1d0e3e4b2c004d2deaef0c8914,cells\system_0041_ic2_time_f64le.bin,cells\system_0041_ic2_state_f64le_c_order.bin,C:\Users\joedicke\Documents\reps\EvoODE\outputs\phase_c_c6_data_conditions_5dd1df8\system_0041_ic2_sigma_0p040000000000000001_rho_0p5_realization_1,float64,little_endian
41,2,2,0.04,0.5,2,multiplicative_gaussian_iid,782ee43c52f10048,256,sha256_raw_little_endian_float64,time,time_by_dimension_c_order,[256],"[256,2]",0.0,10.0,0.017551742389763723,2.0282626418529657,2fdd0683a6c2ca4bd24162b5f28277766dafbfcdb6eff1e00d82a2fa40a703c2,4415269c343da1fe54866f3e69f868902ae4941831deaf6aa58ab43d81f87714,cells\system_0041_ic2_time_f64le.bin,cells\system_0041_ic2_state_f64le_c_order.bin,C:\Users\joedicke\Documents\reps\EvoODE\outputs\phase_c_c6_data_conditions_5dd1df8\system_0041_ic2_sigma_0p040000000000000001_rho_0p5_realization_2,float64,little_endian
41,2,2,0.04,0.5,3,multiplicative_gaussian_iid,ed5295c60e5e2276,256,sha256_raw_little_endian_float64,time,time_by_dimension_c_order,[256],"[256,2]",0.019569471624266144,9.980430528375733,0.019589904299984705,1.9856106981161152,993e878419290ac472dc3e51c56288696d5f51fc5ddd9d812cffccad22ca6f24,1176036f34d863fc7c6d6fbd14fa4de32549a8e538ca7b6f914c11caee6dfef4,cells\system_0041_ic2_time_f64le.bin,cells\system_0041_ic2_state_f64le_c_order.bin,C:\Users\joedicke\Documents\reps\EvoODE\outputs\phase_c_c6_data_conditions_5dd1df8\system_0041_ic2_sigma_0p040000000000000001_rho_0p5_realization_3,float64,little_endian
41,2,2,0.05,0.0,1,multiplicative_gaussian_iid,0c0ad42629f69010,512,sha256_raw_little_endian_float64,time,time_by_dimension_c_order,[512],"[512,2]",0.0,10.0,0.01928883631506509,2.0001813903491743,ffad3499269c08c6bd22e9e5c5d2ab32bbf827e2037cbdd6e73571aeab04432f,60d62f91baf966a08a833461af8c8a50b24809df960491023c7ed288f5d99669,cells\system_0041_ic2_time_f64le.bin,cells\system_0041_ic2_state_f64le_c_order.bin,C:\Users\joedicke\Documents\reps\EvoODE\outputs\phase_c_c6_data_conditions_5dd1df8\system_0041_ic2_sigma_0p050000000000000003_rho_0_realization_1,float64,little_endian
41,2,2,0.05,0.0,2,multiplicative_gaussian_iid,d4fd33de90c64fdb,512,sha256_raw_little_endian_float64,time,time_by_dimension_c_order,[512],"[512,2]",0.0,10.0,0.0176443692689615,2.140239267874481,ffad3499269c08c6bd22e9e5c5d2ab32bbf827e2037cbdd6e73571aeab04432f,75aa625fef30190a191aba604fb2734be48ab743b0880e566bed9065e9549edc,cells\system_0041_ic2_time_f64le.bin,cells\system_0041_ic2_state_f64le_c_order.bin,C:\Users\joedicke\Documents\reps\EvoODE\outputs\phase_c_c6_data_conditions_5dd1df8\system_0041_ic2_sigma_0p050000000000000003_rho_0_realization_2,float64,little_endian
41,2,2,0.05,0.0,3,multiplicative_gaussian_iid,474964b5d4eb36b7,512,sha256_raw_little_endian_float64,time,time_by_dimension_c_order,[512],"[512,2]",0.0,10.0,0.01847731062661739,2.069724082272554,ffad3499269c08c6bd22e9e5c5d2ab32bbf827e2037cbdd6e73571aeab04432f,379216652c3f035ac8e7f4245cb71843faaae6dd1ff0b4c962f922aaeec30cd8,cells\system_0041_ic2_time_f64le.bin,cells\system_0041_ic2_state_f64le_c_order.bin,C:\Users\joedicke\Documents\reps\EvoODE\outputs\phase_c_c6_data_conditions_5dd1df8\system_0041_ic2_sigma_0p050000000000000003_rho_0_realization_3,float64,little_endian
41,2,2,0.05,0.5,1,multiplicative_gaussian_iid,2c2c9d97aa17bd60,256,sha256_raw_little_endian_float64,time,time_by_dimension_c_order,[256],"[256,2]",0.0,10.0,0.018683659993164282,2.0326302059095305,4c25ed4a363f14c63a82273a59487fc69c0f1e59b7873490c4a09185a5b0e503,e2e28ae178cb340ee254d597950d800c4756f9a16973494ae9c0eac46c48465f,cells\system_0041_ic2_time_f64le.bin,cells\system_0041_ic2_state_f64le_c_order.bin,C:\Users\joedicke\Documents\reps\EvoODE\outputs\phase_c_c6_data_conditions_5dd1df8\system_0041_ic2_sigma_0p050000000000000003_rho_0p5_realization_1,float64,little_endian
41,2,2,0.05,0.5,2,multiplicative_gaussian_iid,0e7c4be2f70297ab,256,sha256_raw_little_endian_float64,time,time_by_dimension_c_order,[256],"[256,2]",0.0,10.0,0.018815637927612157,2.122659693657989,3fbf65251d4143c15f0f50416667d0080fe33a723259f1adc7b389da8d035b42,3e52232a380e2f89e7790950b2b0b3d4ff267aa92151a3280a069fc433677eec,cells\system_0041_ic2_time_f64le.bin,cells\system_0041_ic2_state_f64le_c_order.bin,C:\Users\joedicke\Documents\reps\EvoODE\outputs\phase_c_c6_data_conditions_5dd1df8\system_0041_ic2_sigma_0p050000000000000003_rho_0p5_realization_2,float64,little_endian
41,2,2,0.05,0.5,3,multiplicative_gaussian_iid,eb4c796cf661b732,256,sha256_raw_little_endian_float64,time,time_by_dimension_c_order,[256],"[256,2]",0.0,10.0,0.020450404164748776,2.145434455811985,d7ed165c214602784ac60120553e6e56253f3aa9af0bfba7d97e301a5e6188f9,2997042914b7321e890994c4e2da2bdf63f9f57b2a4db0ee36664fb7b558e120,cells\system_0041_ic2_time_f64le.bin,cells\system_0041_ic2_state_f64le_c_order.bin,C:\Users\joedicke\Documents\reps\EvoODE\outputs\phase_c_c6_data_conditions_5dd1df8\system_0041_ic2_sigma_0p050000000000000003_rho_0p5_realization_3,float64,little_endian
51,1,2,0.0,0.0,1,multiplicative_gaussian_iid,799711a15b6d0740,512,sha256_raw_little_endian_float64,time,time_by_dimension_c_order,[512],"[512,2]",0.0,10.0,0.67,16.002952074089155,ffad3499269c08c6bd22e9e5c5d2ab32bbf827e2037cbdd6e73571aeab04432f,e5f2789da1760f89625e8233362eee5b385ed83dab97c294d85a87c85aacd3d6,cells\system_0051_ic1_time_f64le.bin,cells\system_0051_ic1_state_f64le_c_order.bin,C:\Users\joedicke\Documents\reps\EvoODE\outputs\phase_c_c6_data_conditions_5dd1df8\system_0051_ic1_sigma_0_rho_0_realization_1,float64,little_endian
51,1,2,0.0,0.0,2,multiplicative_gaussian_iid,b5afe8a7651c851f,512,sha256_raw_little_endian_float64,time,time_by_dimension_c_order,[512],"[512,2]",0.0,10.0,0.67,16.002952074089155,ffad3499269c08c6bd22e9e5c5d2ab32bbf827e2037cbdd6e73571aeab04432f,e5f2789da1760f89625e8233362eee5b385ed83dab97c294d85a87c85aacd3d6,cells\system_0051_ic1_time_f64le.bin,cells\system_0051_ic1_state_f64le_c_order.bin,C:\Users\joedicke\Documents\reps\EvoODE\outputs\phase_c_c6_data_conditions_5dd1df8\system_0051_ic1_sigma_0_rho_0_realization_2,float64,little_endian
51,1,2,0.0,0.0,3,multiplicative_gaussian_iid,d0ef57fd9e507f22,512,sha256_raw_little_endian_float64,time,time_by_dimension_c_order,[512],"[512,2]",0.0,10.0,0.67,16.002952074089155,ffad3499269c08c6bd22e9e5c5d2ab32bbf827e2037cbdd6e73571aeab04432f,e5f2789da1760f89625e8233362eee5b385ed83dab97c294d85a87c85aacd3d6,cells\system_0051_ic1_time_f64le.bin,cells\system_0051_ic1_state_f64le_c_order.bin,C:\Users\joedicke\Documents\reps\EvoODE\outputs\phase_c_c6_data_conditions_5dd1df8\system_0051_ic1_sigma_0_rho_0_realization_3,float64,little_endian
51,1,2,0.0,0.5,1,multiplicative_gaussian_iid,e5ae40517517118c,256,sha256_raw_little_endian_float64,time,time_by_dimension_c_order,[256],"[256,2]",0.07827788649706457,10.0,0.7150269278980261,16.002952074089155,3c57de1e6a4975379d8cee2f4cb37990689a0d0ff3f1d019af14c4461b124245,5d3eaea0781441275a71d0cc34698a680a9da9fd686499f124067a65a4e13629,cells\system_0051_ic1_time_f64le.bin,cells\system_0051_ic1_state_f64le_c_order.bin,C:\Users\joedicke\Documents\reps\EvoODE\outputs\phase_c_c6_data_conditions_5dd1df8\system_0051_ic1_sigma_0_rho_0p5_realization_1,float64,little_endian
51,1,2,0.0,0.5,2,multiplicative_gaussian_iid,410220e26b007c78,256,sha256_raw_little_endian_float64,time,time_by_dimension_c_order,[256],"[256,2]",0.0,10.0,0.67,16.002952074089155,acf82c09c6be7c4496cacf211042bfec17b363b2fb7c315eed6c9916da3b1220,4d488c3be3af881e2e3246c6cf6a203e5139fd4feecb0bd95cdcea86af0d8a6b,cells\system_0051_ic1_time_f64le.bin,cells\system_0051_ic1_state_f64le_c_order.bin,C:\Users\joedicke\Documents\reps\EvoODE\outputs\phase_c_c6_data_conditions_5dd1df8\system_0051_ic1_sigma_0_rho_0p5_realization_2,float64,little_endian
51,1,2,0.0,0.5,3,multiplicative_gaussian_iid,32943fed9075ec6b,256,sha256_raw_little_endian_float64,time,time_by_dimension_c_order,[256],"[256,2]",0.0,9.980430528375733,0.67,15.96700285181111,a9629242651bbcc938aaf723839e29e6f83c1092d2f6ed322453bd3ea59a2ef6,033aed66ba014803e06b2f3d3fcf89faa759b5392d3ab48e3b7ca77e8e559c1d,cells\system_0051_ic1_time_f64le.bin,cells\system_0051_ic1_state_f64le_c_order.bin,C:\Users\joedicke\Documents\reps\EvoODE\outputs\phase_c_c6_data_conditions_5dd1df8\system_0051_ic1_sigma_0_rho_0p5_realization_3,float64,little_endian
51,1,2,0.01,0.0,1,multiplicative_gaussian_iid,1696ce8b0e80990d,512,sha256_raw_little_endian_float64,time,time_by_dimension_c_order,[512],"[512,2]",0.0,10.0,0.6873988078088838,16.0669567049381,ffad3499269c08c6bd22e9e5c5d2ab32bbf827e2037cbdd6e73571aeab04432f,e3cce7761449b9dc50568d54f986718c1a37547dcc4d2a25d8690827b6548322,cells\system_0051_ic1_time_f64le.bin,cells\system_0051_ic1_state_f64le_c_order.bin,C:\Users\joedicke\Documents\reps\EvoODE\outputs\phase_c_c6_data_conditions_5dd1df8\system_0051_ic1_sigma_0p01_rho_0_realization_1,float64,little_endian
51,1,2,0.01,0.0,2,multiplicative_gaussian_iid,715557b4e934a00a,512,sha256_raw_little_endian_float64,time,time_by_dimension_c_order,[512],"[512,2]",0.0,10.0,0.6716506430503584,16.13302231028009,ffad3499269c08c6bd22e9e5c5d2ab32bbf827e2037cbdd6e73571aeab04432f,56bfd60414e96837dc48796a228c65d569d9747fa7b9b12fc47306c7ba796523,cells\system_0051_ic1_time_f64le.bin,cells\system_0051_ic1_state_f64le_c_order.bin,C:\Users\joedicke\Documents\reps\EvoODE\outputs\phase_c_c6_data_conditions_5dd1df8\system_0051_ic1_sigma_0p01_rho_0_realization_2,float64,little_endian
51,1,2,0.01,0.0,3,multiplicative_gaussian_iid,bcb458bd643fcc5e,512,sha256_raw_little_endian_float64,time,time_by_dimension_c_order,[512],"[512,2]",0.0,10.0,0.6720528080256132,16.10826454323278,ffad3499269c08c6bd22e9e5c5d2ab32bbf827e2037cbdd6e73571aeab04432f,55650117674d8ec15cfb7bcafe94dd9d96b50e0f202f95f6b4c64cbcc6297a04,cells\system_0051_ic1_time_f64le.bin,cells\system_0051_ic1_state_f64le_c_order.bin,C:\Users\joedicke\Documents\reps\EvoODE\outputs\phase_c_c6_data_conditions_5dd1df8\system_0051_ic1_sigma_0p01_rho_0_realization_3,float64,little_endian
51,1,2,0.01,0.5,1,multiplicative_gaussian_iid,228ccdf853b4603f,256,sha256_raw_little_endian_float64,time,time_by_dimension_c_order,[256],"[256,2]",0.019569471624266144,9.980430528375733,0.6780994846086837,16.009361954229316,af87d88d1b8b876320ddd5b666c360ab1f1c0f68ae9fa3f4ac13beb08ad1760c,4790f28623880f899091c1b9ce2d67e63083f2748cff8eebfdb7973b25d646f4,cells\system_0051_ic1_time_f64le.bin,cells\system_0051_ic1_state_f64le_c_order.bin,C:\Users\joedicke\Documents\reps\EvoODE\outputs\phase_c_c6_data_conditions_5dd1df8\system_0051_ic1_sigma_0p01_rho_0p5_realization_1,float64,little_endian
51,1,2,0.01,0.5,2,multiplicative_gaussian_iid,91c37238ed72132a,256,sha256_raw_little_endian_float64,time,time_by_dimension_c_order,[256],"[256,2]",0.0,9.980430528375733,0.6816796242970442,15.91006033370852,a719e667f3be99d912e49895865448c5d1465da0bcc909b774808e2405c44e22,9bdfba9766160a1dbbab700a02cf7fc6d4d280c8727c60974a78eab0fc203f4c,cells\system_0051_ic1_time_f64le.bin,cells\system_0051_ic1_state_f64le_c_order.bin,C:\Users\joedicke\Documents\reps\EvoODE\outputs\phase_c_c6_data_conditions_5dd1df8\system_0051_ic1_sigma_0p01_rho_0p5_realization_2,float64,little_endian
51,1,2,0.01,0.5,3,multiplicative_gaussian_iid,f288b68ee10122ab,256,sha256_raw_little_endian_float64,time,time_by_dimension_c_order,[256],"[256,2]",0.05870841487279843,9.980430528375733,0.7094916774757071,15.9188475861481,76c91bedbac0307a7af76905616e17e534a96bac7cf31524a86209bc3ce21ad1,b1c6551486ad114833f480ecac1e48237c0e411cb2a872c1a7ecc72a36f8b9d3,cells\system_0051_ic1_time_f64le.bin,cells\system_0051_ic1_state_f64le_c_order.bin,C:\Users\joedicke\Documents\reps\EvoODE\outputs\phase_c_c6_data_conditions_5dd1df8\system_0051_ic1_sigma_0p01_rho_0p5_realization_3,float64,little_endian
51,1,2,0.02,0.0,1,multiplicative_gaussian_iid,672a11e7b6fa736d,512,sha256_raw_little_endian_float64,time,time_by_dimension_c_order,[512],"[512,2]",0.0,10.0,0.6786177793064185,16.635652617381457,ffad3499269c08c6bd22e9e5c5d2ab32bbf827e2037cbdd6e73571aeab04432f,563c2281e3eb6234accc5ba81713802fe5395473e47e6c203b08d9c42b40361b,cells\system_0051_ic1_time_f64le.bin,cells\system_0051_ic1_state_f64le_c_order.bin,C:\Users\joedicke\Documents\reps\EvoODE\outputs\phase_c_c6_data_conditions_5dd1df8\system_0051_ic1_sigma_0p02_rho_0_realization_1,float64,little_endian
51,1,2,0.02,0.0,2,multiplicative_gaussian_iid,325115d8689b3624,512,sha256_raw_little_endian_float64,time,time_by_dimension_c_order,[512],"[512,2]",0.0,10.0,0.6598831012232094,16.276937129281453,ffad3499269c08c6bd22e9e5c5d2ab32bbf827e2037cbdd6e73571aeab04432f,4b482bb1f98f9030248c12e46e08d5be800609f5913e56030ae0e80fadc27655,cells\system_0051_ic1_time_f64le.bin,cells\system_0051_ic1_state_f64le_c_order.bin,C:\Users\joedicke\Documents\reps\EvoODE\outputs\phase_c_c6_data_conditions_5dd1df8\system_0051_ic1_sigma_0p02_rho_0_realization_2,float64,little_endian
51,1,2,0.02,0.0,3,multiplicative_gaussian_iid,f381e98903da9113,512,sha256_raw_little_endian_float64,time,time_by_dimension_c_order,[512],"[512,2]",0.0,10.0,0.6641681377530863,16.227562695764544,ffad3499269c08c6bd22e9e5c5d2ab32bbf827e2037cbdd6e73571aeab04432f,c031a603f4661c4c0bc7070a06564f6f359ca2522384f941d21ebcc91670a1ea,cells\system_0051_ic1_time_f64le.bin,cells\system_0051_ic1_state_f64le_c_order.bin,C:\Users\joedicke\Documents\reps\EvoODE\outputs\phase_c_c6_data_conditions_5dd1df8\system_0051_ic1_sigma_0p02_rho_0_realization_3,float64,little_endian
51,1,2,0.02,0.5,1,multiplicative_gaussian_iid,7c6160caa1ea477b,256,sha256_raw_little_endian_float64,time,time_by_dimension_c_order,[256],"[256,2]",0.019569471624266144,9.980430528375733,0.6807721924384809,16.017463037116627,254f15d1f4c9e86bf4de5cbe0279181c8fa2d4df01ae1ef0889d5047c79b2550,9382138095c2f6d8eb64c34b29d766fb45021eda7caf04e867f169b5a08aae3a,cells\system_0051_ic1_time_f64le.bin,cells\system_0051_ic1_state_f64le_c_order.bin,C:\Users\joedicke\Documents\reps\EvoODE\outputs\phase_c_c6_data_conditions_5dd1df8\system_0051_ic1_sigma_0p02_rho_0p5_realization_1,float64,little_endian
51,1,2,0.02,0.5,2,multiplicative_gaussian_iid,bcd25d66948ee0ae,256,sha256_raw_little_endian_float64,time,time_by_dimension_c_order,[256],"[256,2]",0.0,9.960861056751467,0.668518347340234,16.178971620321775,bad69121f74c2460756fdcca2a46187b9ab5811615496c3df82139bf06ae8fbd,323823ba7c4e09145da8eb05cdc0386aabdfc29bb99ca2d3ddc8c87b74f059e0,cells\system_0051_ic1_time_f64le.bin,cells\system_0051_ic1_state_f64le_c_order.bin,C:\Users\joedicke\Documents\reps\EvoODE\outputs\phase_c_c6_data_conditions_5dd1df8\system_0051_ic1_sigma_0p02_rho_0p5_realization_2,float64,little_endian
51,1,2,0.02,0.5,3,multiplicative_gaussian_iid,e0af3b0de5724047,256,sha256_raw_little_endian_float64,time,time_by_dimension_c_order,[256],"[256,2]",0.0,9.980430528375733,0.6699442153529166,16.28115143899326,7ef66c480bcc965282781cb13b3786a39578175bd0847f3d44c91722af360a59,528abcecb4cfacb400df1ea0e99f9f947f5ed7e0a978b1d4669aba5d3713e76c,cells\system_0051_ic1_time_f64le.bin,cells\system_0051_ic1_state_f64le_c_order.bin,C:\Users\joedicke\Documents\reps\EvoODE\outputs\phase_c_c6_data_conditions_5dd1df8\system_0051_ic1_sigma_0p02_rho_0p5_realization_3,float64,little_endian
51,1,2,0.03,0.0,1,multiplicative_gaussian_iid,9ab73e4eac8e3294,512,sha256_raw_little_endian_float64,time,time_by_dimension_c_order,[512],"[512,2]",0.0,10.0,0.6404045036079696,16.472091204092646,ffad3499269c08c6bd22e9e5c5d2ab32bbf827e2037cbdd6e73571aeab04432f,6c7d2f04cd73790db7890dd70c13bc9bed3e0e753b9374c2752e704e43892865,cells\system_0051_ic1_time_f64le.bin,cells\system_0051_ic1_state_f64le_c_order.bin,C:\Users\joedicke\Documents\reps\EvoODE\outputs\phase_c_c6_data_conditions_5dd1df8\system_0051_ic1_sigma_0p029999999999999999_rho_0_realization_1,float64,little_endian
51,1,2,0.03,0.0,2,multiplicative_gaussian_iid,82c3da1e7e62eee3,512,sha256_raw_little_endian_float64,time,time_by_dimension_c_order,[512],"[512,2]",0.0,10.0,0.6780101940016382,17.13842307216431,ffad3499269c08c6bd22e9e5c5d2ab32bbf827e2037cbdd6e73571aeab04432f,2113e927ccc89a2ee6254e57eb1024e59b6320520fa017b04a5b05fc31244c93,cells\system_0051_ic1_time_f64le.bin,cells\system_0051_ic1_state_f64le_c_order.bin,C:\Users\joedicke\Documents\reps\EvoODE\outputs\phase_c_c6_data_conditions_5dd1df8\system_0051_ic1_sigma_0p029999999999999999_rho_0_realization_2,float64,little_endian
51,1,2,0.03,0.0,3,multiplicative_gaussian_iid,14ad814a69ec28ff,512,sha256_raw_little_endian_float64,time,time_by_dimension_c_order,[512],"[512,2]",0.0,10.0,0.6873933257429382,17.078378831070246,ffad3499269c08c6bd22e9e5c5d2ab32bbf827e2037cbdd6e73571aeab04432f,1c5be25301aedb5e5be57e18bd06aa2bf0f6b685f52cc9321b7962de9aa16589,cells\system_0051_ic1_time_f64le.bin,cells\system_0051_ic1_state_f64le_c_order.bin,C:\Users\joedicke\Documents\reps\EvoODE\outputs\phase_c_c6_data_conditions_5dd1df8\system_0051_ic1_sigma_0p029999999999999999_rho_0_realization_3,float64,little_endian
51,1,2,0.03,0.5,1,multiplicative_gaussian_iid,8de245124bfb451c,256,sha256_raw_little_endian_float64,time,time_by_dimension_c_order,[256],"[256,2]",0.0,10.0,0.6429465800829004,16.176411945192484,54bea7750a3519b4e36352f28ddbe7cd5671d9ef7b1165bec899f480d0e83f50,3a6c2b997da988fcdbfe9ef0d1e51311347a1084e021664c6dab9f9262144463,cells\system_0051_ic1_time_f64le.bin,cells\system_0051_ic1_state_f64le_c_order.bin,C:\Users\joedicke\Documents\reps\EvoODE\outputs\phase_c_c6_data_conditions_5dd1df8\system_0051_ic1_sigma_0p029999999999999999_rho_0p5_realization_1,float64,little_endian
51,1,2,0.03,0.5,2,multiplicative_gaussian_iid,a318ab0636b2776b,256,sha256_raw_little_endian_float64,time,time_by_dimension_c_order,[256],"[256,2]",0.019569471624266144,10.0,0.6984378163919917,16.372699161483006,799db66a0770ba177511f0a73861c01dcdfe64f088bccd4ca7dc093581ee16ba,aed30a73321e0d7a5279a5db1fbdf06ff6a204fe0e684441398eae2fcb09fdb7,cells\system_0051_ic1_time_f64le.bin,cells\system_0051_ic1_state_f64le_c_order.bin,C:\Users\joedicke\Documents\reps\EvoODE\outputs\phase_c_c6_data_conditions_5dd1df8\system_0051_ic1_sigma_0p029999999999999999_rho_0p5_realization_2,float64,little_endian
51,1,2,0.03,0.5,3,multiplicative_gaussian_iid,069741ac89cccc44,256,sha256_raw_little_endian_float64,time,time_by_dimension_c_order,[256],"[256,2]",0.03913894324853229,10.0,0.69270173377924,16.522363140317502,231c64a8e010b37f5c30fe7a3dbe8e2f771d619697893978c560592080b9fc34,c8833eff3c0bb9f410cf3e2a297db7fb4fa15881487e1c88f5a51d6788617a53,cells\system_0051_ic1_time_f64le.bin,cells\system_0051_ic1_state_f64le_c_order.bin,C:\Users\joedicke\Documents\reps\EvoODE\outputs\phase_c_c6_data_conditions_5dd1df8\system_0051_ic1_sigma_0p029999999999999999_rho_0p5_realization_3,float64,little_endian
51,1,2,0.04,0.0,1,multiplicative_gaussian_iid,44801945584039fb,512,sha256_raw_little_endian_float64,time,time_by_dimension_c_order,[512],"[512,2]",0.0,10.0,0.6679125662821931,16.574892355178,ffad3499269c08c6bd22e9e5c5d2ab32bbf827e2037cbdd6e73571aeab04432f,9956771ef458fd6e7d8c83fe1d55dcc6201f1de63a1271df29756fae7de94d0c,cells\system_0051_ic1_time_f64le.bin,cells\system_0051_ic1_state_f64le_c_order.bin,C:\Users\joedicke\Documents\reps\EvoODE\outputs\phase_c_c6_data_conditions_5dd1df8\system_0051_ic1_sigma_0p040000000000000001_rho_0_realization_1,float64,little_endian
51,1,2,0.04,0.0,2,multiplicative_gaussian_iid,8822fb29eb654e2c,512,sha256_raw_little_endian_float64,time,time_by_dimension_c_order,[512],"[512,2]",0.0,10.0,0.6761098480897704,17.08086312440708,ffad3499269c08c6bd22e9e5c5d2ab32bbf827e2037cbdd6e73571aeab04432f,5d1033b951838eea16bc6f5a97de47f095292fb97241f238c6a14967158e1f4b,cells\system_0051_ic1_time_f64le.bin,cells\system_0051_ic1_state_f64le_c_order.bin,C:\Users\joedicke\Documents\reps\EvoODE\outputs\phase_c_c6_data_conditions_5dd1df8\system_0051_ic1_sigma_0p040000000000000001_rho_0_realization_2,float64,little_endian
51,1,2,0.04,0.0,3,multiplicative_gaussian_iid,c894b9d947f7dad9,512,sha256_raw_little_endian_float64,time,time_by_dimension_c_order,[512],"[512,2]",0.0,10.0,0.6775736353388181,16.61492283764573,ffad3499269c08c6bd22e9e5c5d2ab32bbf827e2037cbdd6e73571aeab04432f,aebee25cf16aeec938f402b6e21b7ba1629b70a144ab10de842c6a61120c9439,cells\system_0051_ic1_time_f64le.bin,cells\system_0051_ic1_state_f64le_c_order.bin,C:\Users\joedicke\Documents\reps\EvoODE\outputs\phase_c_c6_data_conditions_5dd1df8\system_0051_ic1_sigma_0p040000000000000001_rho_0_realization_3,float64,little_endian
51,1,2,0.04,0.5,1,multiplicative_gaussian_iid,9b8b6df42eee8e32,256,sha256_raw_little_endian_float64,time,time_by_dimension_c_order,[256],"[256,2]",0.0,9.960861056751467,0.6686678747690412,16.760394739555785,e85f97205fd08a2edd00bd26f32cc8db9efec8cb3eea300c27e03f29b8900a64,120221f9d59b16795efec907ef91f0a82eb77a074db9b26cee3adad42e7620cf,cells\system_0051_ic1_time_f64le.bin,cells\system_0051_ic1_state_f64le_c_order.bin,C:\Users\joedicke\Documents\reps\EvoODE\outputs\phase_c_c6_data_conditions_5dd1df8\system_0051_ic1_sigma_0p040000000000000001_rho_0p5_realization_1,float64,little_endian
51,1,2,0.04,0.5,2,multiplicative_gaussian_iid,782ee43c52f10048,256,sha256_raw_little_endian_float64,time,time_by_dimension_c_order,[256],"[256,2]",0.019569471624266144,9.980430528375733,0.651554823746854,16.91290019773869,b0c931ca161a6c50a853774413090c6740dd23bdc9070253701702aa2d49a2a3,eed8e0ea84e887e9be90509879b1e36d268252c4b37480647f1185bea0a29e43,cells\system_0051_ic1_time_f64le.bin,cells\system_0051_ic1_state_f64le_c_order.bin,C:\Users\joedicke\Documents\reps\EvoODE\outputs\phase_c_c6_data_conditions_5dd1df8\system_0051_ic1_sigma_0p040000000000000001_rho_0p5_realization_2,float64,little_endian
51,1,2,0.04,0.5,3,multiplicative_gaussian_iid,ed5295c60e5e2276,256,sha256_raw_little_endian_float64,time,time_by_dimension_c_order,[256],"[256,2]",0.0,10.0,0.6458584796227027,17.213267061207457,a40f0db0599dfdfd16adc89611ea10cf20bf865b22332f96e6162f08cf70221c,fa7d3b6a8303786273742901a523e76fbcff8fb66f7e91f2e294d43347a05e3d,cells\system_0051_ic1_time_f64le.bin,cells\system_0051_ic1_state_f64le_c_order.bin,C:\Users\joedicke\Documents\reps\EvoODE\outputs\phase_c_c6_data_conditions_5dd1df8\system_0051_ic1_sigma_0p040000000000000001_rho_0p5_realization_3,float64,little_endian
51,1,2,0.05,0.0,1,multiplicative_gaussian_iid,0c0ad42629f69010,512,sha256_raw_little_endian_float64,time,time_by_dimension_c_order,[512],"[512,2]",0.0,10.0,0.6205427654193563,16.80337272266442,ffad3499269c08c6bd22e9e5c5d2ab32bbf827e2037cbdd6e73571aeab04432f,c230c88d04c7951af9c3dee88e1db231cdc7e14dd5e71adb2e51610c0d433216,cells\system_0051_ic1_time_f64le.bin,cells\system_0051_ic1_state_f64le_c_order.bin,C:\Users\joedicke\Documents\reps\EvoODE\outputs\phase_c_c6_data_conditions_5dd1df8\system_0051_ic1_sigma_0p050000000000000003_rho_0_realization_1,float64,little_endian
51,1,2,0.05,0.0,2,multiplicative_gaussian_iid,d4fd33de90c64fdb,512,sha256_raw_little_endian_float64,time,time_by_dimension_c_order,[512],"[512,2]",0.0,10.0,0.6257909250718126,17.167154301655792,ffad3499269c08c6bd22e9e5c5d2ab32bbf827e2037cbdd6e73571aeab04432f,7546b5fa95d321d58e0e0c05e5b1fd7e47d68eb34e7ff38236549339d68f24f3,cells\system_0051_ic1_time_f64le.bin,cells\system_0051_ic1_state_f64le_c_order.bin,C:\Users\joedicke\Documents\reps\EvoODE\outputs\phase_c_c6_data_conditions_5dd1df8\system_0051_ic1_sigma_0p050000000000000003_rho_0_realization_2,float64,little_endian
51,1,2,0.05,0.0,3,multiplicative_gaussian_iid,474964b5d4eb36b7,512,sha256_raw_little_endian_float64,time,time_by_dimension_c_order,[512],"[512,2]",0.0,10.0,0.6257388263373362,16.880455344939897,ffad3499269c08c6bd22e9e5c5d2ab32bbf827e2037cbdd6e73571aeab04432f,7a4111b570b1599f3c197ef58ed852640e92d74e478216970bf255a8fd5d41b3,cells\system_0051_ic1_time_f64le.bin,cells\system_0051_ic1_state_f64le_c_order.bin,C:\Users\joedicke\Documents\reps\EvoODE\outputs\phase_c_c6_data_conditions_5dd1df8\system_0051_ic1_sigma_0p050000000000000003_rho_0_realization_3,float64,little_endian
51,1,2,0.05,0.5,1,multiplicative_gaussian_iid,2c2c9d97aa17bd60,256,sha256_raw_little_endian_float64,time,time_by_dimension_c_order,[256],"[256,2]",0.03913894324853229,10.0,0.6754263948621602,16.422998707178163,5037c188cb5ae678e496231a44f765d0c003ffdcde9070e4eee6138571939a93,eeccd2bdcf4eb75c6652e130971771233ad4120c0ab0e59b9fe22a1f42e2acb8,cells\system_0051_ic1_time_f64le.bin,cells\system_0051_ic1_state_f64le_c_order.bin,C:\Users\joedicke\Documents\reps\EvoODE\outputs\phase_c_c6_data_conditions_5dd1df8\system_0051_ic1_sigma_0p050000000000000003_rho_0p5_realization_1,float64,little_endian
51,1,2,0.05,0.5,2,multiplicative_gaussian_iid,0e7c4be2f70297ab,256,sha256_raw_little_endian_float64,time,time_by_dimension_c_order,[256],"[256,2]",0.0,10.0,0.6769643811896662,17.05273431529775,8ac0f26995a8478800c85bfec31941dda58aac09c3de9d941d2b8f55fe81eb29,81d71a318428f6df5118168a55022819340e3e01aa6b717aab086ba752649ce0,cells\system_0051_ic1_time_f64le.bin,cells\system_0051_ic1_state_f64le_c_order.bin,C:\Users\joedicke\Documents\reps\EvoODE\outputs\phase_c_c6_data_conditions_5dd1df8\system_0051_ic1_sigma_0p050000000000000003_rho_0p5_realization_2,float64,little_endian
51,1,2,0.05,0.5,3,multiplicative_gaussian_iid,eb4c796cf661b732,256,sha256_raw_little_endian_float64,time,time_by_dimension_c_order,[256],"[256,2]",0.0,10.0,0.6696674787542826,17.191198221051977,7c8e67fb5bdef333870d413c7bbef6a3181eedafdd9c1b5d9093a7c6ca525f24,1fec22782b03a84f1cd38ecc967d7344f013afb19807865c15a7cf1f50eb945c,cells\system_0051_ic1_time_f64le.bin,cells\system_0051_ic1_state_f64le_c_order.bin,C:\Users\joedicke\Documents\reps\EvoODE\outputs\phase_c_c6_data_conditions_5dd1df8\system_0051_ic1_sigma_0p050000000000000003_rho_0p5_realization_3,float64,little_endian
51,2,2,0.0,0.0,1,multiplicative_gaussian_iid,799711a15b6d0740,512,sha256_raw_little_endian_float64,time,time_by_dimension_c_order,[512],"[512,2]",0.0,10.0,-0.12,11.82026731898792,ffad3499269c08c6bd22e9e5c5d2ab32bbf827e2037cbdd6e73571aeab04432f,5b4cc9577c08fdae6d7d352d65a9f594b94c464536ebb6a73427a263cdbdb301,cells\system_0051_ic2_time_f64le.bin,cells\system_0051_ic2_state_f64le_c_order.bin,C:\Users\joedicke\Documents\reps\EvoODE\outputs\phase_c_c6_data_conditions_5dd1df8\system_0051_ic2_sigma_0_rho_0_realization_1,float64,little_endian
51,2,2,0.0,0.0,2,multiplicative_gaussian_iid,b5afe8a7651c851f,512,sha256_raw_little_endian_float64,time,time_by_dimension_c_order,[512],"[512,2]",0.0,10.0,-0.12,11.82026731898792,ffad3499269c08c6bd22e9e5c5d2ab32bbf827e2037cbdd6e73571aeab04432f,5b4cc9577c08fdae6d7d352d65a9f594b94c464536ebb6a73427a263cdbdb301,cells\system_0051_ic2_time_f64le.bin,cells\system_0051_ic2_state_f64le_c_order.bin,C:\Users\joedicke\Documents\reps\EvoODE\outputs\phase_c_c6_data_conditions_5dd1df8\system_0051_ic2_sigma_0_rho_0_realization_2,float64,little_endian
51,2,2,0.0,0.0,3,multiplicative_gaussian_iid,d0ef57fd9e507f22,512,sha256_raw_little_endian_float64,time,time_by_dimension_c_order,[512],"[512,2]",0.0,10.0,-0.12,11.82026731898792,ffad3499269c08c6bd22e9e5c5d2ab32bbf827e2037cbdd6e73571aeab04432f,5b4cc9577c08fdae6d7d352d65a9f594b94c464536ebb6a73427a263cdbdb301,cells\system_0051_ic2_time_f64le.bin,cells\system_0051_ic2_state_f64le_c_order.bin,C:\Users\joedicke\Documents\reps\EvoODE\outputs\phase_c_c6_data_conditions_5dd1df8\system_0051_ic2_sigma_0_rho_0_realization_3,float64,little_endian
51,2,2,0.0,0.5,1,multiplicative_gaussian_iid,e5ae40517517118c,256,sha256_raw_little_endian_float64,time,time_by_dimension_c_order,[256],"[256,2]",0.0,10.0,-0.12,11.82026731898792,f77ebaf472dd073809fe11eed83c11a4f5fbc20f8ca7553abeb97ae063d124a6,b4cceb51fe0fa520e9588584c2e0621466ca93c092cfc7cb0b3bca28d2f14ef5,cells\system_0051_ic2_time_f64le.bin,cells\system_0051_ic2_state_f64le_c_order.bin,C:\Users\joedicke\Documents\reps\EvoODE\outputs\phase_c_c6_data_conditions_5dd1df8\system_0051_ic2_sigma_0_rho_0p5_realization_1,float64,little_endian
51,2,2,0.0,0.5,2,multiplicative_gaussian_iid,410220e26b007c78,256,sha256_raw_little_endian_float64,time,time_by_dimension_c_order,[256],"[256,2]",0.03913894324853229,9.980430528375733,-0.08597842290160206,11.782391171447422,2944991387be4e926f57ada1d46abe33edc26dc800f12b1fc22d63b3a8bc460a,0fac09fdf64c74da72f7233d03c1e253f99a3e00b902432a50e7d3c990ed40ca,cells\system_0051_ic2_time_f64le.bin,cells\system_0051_ic2_state_f64le_c_order.bin,C:\Users\joedicke\Documents\reps\EvoODE\outputs\phase_c_c6_data_conditions_5dd1df8\system_0051_ic2_sigma_0_rho_0p5_realization_2,float64,little_endian
51,2,2,0.0,0.5,3,multiplicative_gaussian_iid,32943fed9075ec6b,256,sha256_raw_little_endian_float64,time,time_by_dimension_c_order,[256],"[256,2]",0.05870841487279843,10.0,-0.06846025829353077,11.82026731898792,baa743fd93ebdb306b562d501561b9966d6a7e1e1ec5e93eead67b0c6ed01337,9e1aa315722b6a981f5991d56127a8b2ef40945e13f9c085e62a17a47d7b1227,cells\system_0051_ic2_time_f64le.bin,cells\system_0051_ic2_state_f64le_c_order.bin,C:\Users\joedicke\Documents\reps\EvoODE\outputs\phase_c_c6_data_conditions_5dd1df8\system_0051_ic2_sigma_0_rho_0p5_realization_3,float64,little_endian
51,2,2,0.01,0.0,1,multiplicative_gaussian_iid,1696ce8b0e80990d,512,sha256_raw_little_endian_float64,time,time_by_dimension_c_order,[512],"[512,2]",0.0,10.0,-0.11944409579718783,11.943451156899048,ffad3499269c08c6bd22e9e5c5d2ab32bbf827e2037cbdd6e73571aeab04432f,dfbdec790a9276660ca911437a7c7c79bbcb6db4e40072fd630178a71a491f5d,cells\system_0051_ic2_time_f64le.bin,cells\system_0051_ic2_state_f64le_c_order.bin,C:\Users\joedicke\Documents\reps\EvoODE\outputs\phase_c_c6_data_conditions_5dd1df8\system_0051_ic2_sigma_0p01_rho_0_realization_1,float64,little_endian
51,2,2,0.01,0.0,2,multiplicative_gaussian_iid,715557b4e934a00a,512,sha256_raw_little_endian_float64,time,time_by_dimension_c_order,[512],"[512,2]",0.0,10.0,-0.11805365448013144,11.902855136762817,ffad3499269c08c6bd22e9e5c5d2ab32bbf827e2037cbdd6e73571aeab04432f,a99d964e976af96ad090a200a21b8b48066244fa965ee71bcedeed9daa9cdb2e,cells\system_0051_ic2_time_f64le.bin,cells\system_0051_ic2_state_f64le_c_order.bin,C:\Users\joedicke\Documents\reps\EvoODE\outputs\phase_c_c6_data_conditions_5dd1df8\system_0051_ic2_sigma_0p01_rho_0_realization_2,float64,little_endian
51,2,2,0.01,0.0,3,multiplicative_gaussian_iid,bcb458bd643fcc5e,512,sha256_raw_little_endian_float64,time,time_by_dimension_c_order,[512],"[512,2]",0.0,10.0,-0.12131101465582798,12.009487841378311,ffad3499269c08c6bd22e9e5c5d2ab32bbf827e2037cbdd6e73571aeab04432f,38a32482965fd5a098be78634c4584d1aabde5efaeef57e7b5b0b8eb0db39d2a,cells\system_0051_ic2_time_f64le.bin,cells\system_0051_ic2_state_f64le_c_order.bin,C:\Users\joedicke\Documents\reps\EvoODE\outputs\phase_c_c6_data_conditions_5dd1df8\system_0051_ic2_sigma_0p01_rho_0_realization_3,float64,little_endian
51,2,2,0.01,0.5,1,multiplicative_gaussian_iid,228ccdf853b4603f,256,sha256_raw_little_endian_float64,time,time_by_dimension_c_order,[256],"[256,2]",0.0,10.0,-0.12002252401090739,11.866291296006203,22952af7256c3e06e5f5f30c77883d38b445d6d5f6f6fe5c5288c0f11d2b0ad3,ba8092c2c4e6f0f9edb027047ddd857b8a87f8d503971710b3105efc69c78cd1,cells\system_0051_ic2_time_f64le.bin,cells\system_0051_ic2_state_f64le_c_order.bin,C:\Users\joedicke\Documents\reps\EvoODE\outputs\phase_c_c6_data_conditions_5dd1df8\system_0051_ic2_sigma_0p01_rho_0p5_realization_1,float64,little_endian
51,2,2,0.01,0.5,2,multiplicative_gaussian_iid,91c37238ed72132a,256,sha256_raw_little_endian_float64,time,time_by_dimension_c_order,[256],"[256,2]",0.0,9.823874755381604,-0.11996487584439593,11.563481506473785,2773566f74907d8f3d06ecb3f29bd7d1361b630213bd4a57fcdcdd4f38e51fcc,533c93e5b651b95a964a39c00ddbfb5d21a2c6faf0f72eb4a0fbbda89195dcf4,cells\system_0051_ic2_time_f64le.bin,cells\system_0051_ic2_state_f64le_c_order.bin,C:\Users\joedicke\Documents\reps\EvoODE\outputs\phase_c_c6_data_conditions_5dd1df8\system_0051_ic2_sigma_0p01_rho_0p5_realization_2,float64,little_endian
51,2,2,0.01,0.5,3,multiplicative_gaussian_iid,f288b68ee10122ab,256,sha256_raw_little_endian_float64,time,time_by_dimension_c_order,[256],"[256,2]",0.0,9.980430528375733,-0.12040314202768282,11.715145543386337,dda208b9c22b2ae8d77ef8375cfc572a52b3dd4f2d00a41b6dcfcef7c83dc856,88b800455d3cc47bf24691aa13e041d900014b255e374b446d2bfb390bb33aef,cells\system_0051_ic2_time_f64le.bin,cells\system_0051_ic2_state_f64le_c_order.bin,C:\Users\joedicke\Documents\reps\EvoODE\outputs\phase_c_c6_data_conditions_5dd1df8\system_0051_ic2_sigma_0p01_rho_0p5_realization_3,float64,little_endian
51,2,2,0.02,0.0,1,multiplicative_gaussian_iid,672a11e7b6fa736d,512,sha256_raw_little_endian_float64,time,time_by_dimension_c_order,[512],"[512,2]",0.0,10.0,-0.11867304513648448,12.208445196319834,ffad3499269c08c6bd22e9e5c5d2ab32bbf827e2037cbdd6e73571aeab04432f,ea18ac56c054be2a22549b8d06faa13058372ce966861aac53680fef47e96541,cells\system_0051_ic2_time_f64le.bin,cells\system_0051_ic2_state_f64le_c_order.bin,C:\Users\joedicke\Documents\reps\EvoODE\outputs\phase_c_c6_data_conditions_5dd1df8\system_0051_ic2_sigma_0p02_rho_0_realization_1,float64,little_endian
51,2,2,0.02,0.0,2,multiplicative_gaussian_iid,325115d8689b3624,512,sha256_raw_little_endian_float64,time,time_by_dimension_c_order,[512],"[512,2]",0.0,10.0,-0.12111333125031255,11.946640587966547,ffad3499269c08c6bd22e9e5c5d2ab32bbf827e2037cbdd6e73571aeab04432f,faa5b264152747c1dc6d9bacf4c01dcdf6e9180685b9261cb47a9e94f43d1f22,cells\system_0051_ic2_time_f64le.bin,cells\system_0051_ic2_state_f64le_c_order.bin,C:\Users\joedicke\Documents\reps\EvoODE\outputs\phase_c_c6_data_conditions_5dd1df8\system_0051_ic2_sigma_0p02_rho_0_realization_2,float64,little_endian
51,2,2,0.02,0.0,3,multiplicative_gaussian_iid,f381e98903da9113,512,sha256_raw_little_endian_float64,time,time_by_dimension_c_order,[512],"[512,2]",0.0,10.0,-0.12108551713249012,12.44603833963511,ffad3499269c08c6bd22e9e5c5d2ab32bbf827e2037cbdd6e73571aeab04432f,5107282a192c165fbc6b6d526139fa8826002b6a720cb4d94c8f1ce5ade29a59,cells\system_0051_ic2_time_f64le.bin,cells\system_0051_ic2_state_f64le_c_order.bin,C:\Users\joedicke\Documents\reps\EvoODE\outputs\phase_c_c6_data_conditions_5dd1df8\system_0051_ic2_sigma_0p02_rho_0_realization_3,float64,little_endian
51,2,2,0.02,0.5,1,multiplicative_gaussian_iid,7c6160caa1ea477b,256,sha256_raw_little_endian_float64,time,time_by_dimension_c_order,[256],"[256,2]",0.019569471624266144,9.960861056751467,-0.09861670635822914,11.834159794387112,1430d6dbf8474ceb0a3299cc3570fbfe19ad4194fd0176b6431603c848833228,13a7e52905b5e46f62745b8b1b2b94e7351e956590407004c41ec88cdc8d003b,cells\system_0051_ic2_time_f64le.bin,cells\system_0051_ic2_state_f64le_c_order.bin,C:\Users\joedicke\Documents\reps\EvoODE\outputs\phase_c_c6_data_conditions_5dd1df8\system_0051_ic2_sigma_0p02_rho_0p5_realization_1,float64,little_endian
51,2,2,0.02,0.5,2,multiplicative_gaussian_iid,bcd25d66948ee0ae,256,sha256_raw_little_endian_float64,time,time_by_dimension_c_order,[256],"[256,2]",0.0,9.980430528375733,-0.11908892018524432,12.011765807254422,eea936bacfbbc14af5139a769a8762fa4bef27fec3312c3e5f39eb47b380d33f,5a04e771f2b5409f81c4fced4ed848d9b65ada6b379eb12c541d22dd1d1605de,cells\system_0051_ic2_time_f64le.bin,cells\system_0051_ic2_state_f64le_c_order.bin,C:\Users\joedicke\Documents\reps\EvoODE\outputs\phase_c_c6_data_conditions_5dd1df8\system_0051_ic2_sigma_0p02_rho_0p5_realization_2,float64,little_endian
51,2,2,0.02,0.5,3,multiplicative_gaussian_iid,e0af3b0de5724047,256,sha256_raw_little_endian_float64,time,time_by_dimension_c_order,[256],"[256,2]",0.0,10.0,-0.11994156512214559,11.76658514196096,5ca044e8dae29d82f3da49eaa3503a32e988f84a72b5d9e378d4e903334b2e2f,6d7d0e74687bbcdbf74cde25b532fa4b45aa640732655eb64098a7b408ed3959,cells\system_0051_ic2_time_f64le.bin,cells\system_0051_ic2_state_f64le_c_order.bin,C:\Users\joedicke\Documents\reps\EvoODE\outputs\phase_c_c6_data_conditions_5dd1df8\system_0051_ic2_sigma_0p02_rho_0p5_realization_3,float64,little_endian
51,2,2,0.03,0.0,1,multiplicative_gaussian_iid,9ab73e4eac8e3294,512,sha256_raw_little_endian_float64,time,time_by_dimension_c_order,[512],"[512,2]",0.0,10.0,-0.11499498064589875,12.144936300465773,ffad3499269c08c6bd22e9e5c5d2ab32bbf827e2037cbdd6e73571aeab04432f,54829af17bd9c631ad0b1a9c706470ac208c8a358baf33052ece68c829a7f035,cells\system_0051_ic2_time_f64le.bin,cells\system_0051_ic2_state_f64le_c_order.bin,C:\Users\joedicke\Documents\reps\EvoODE\outputs\phase_c_c6_data_conditions_5dd1df8\system_0051_ic2_sigma_0p029999999999999999_rho_0_realization_1,float64,little_endian
51,2,2,0.03,0.0,2,multiplicative_gaussian_iid,82c3da1e7e62eee3,512,sha256_raw_little_endian_float64,time,time_by_dimension_c_order,[512],"[512,2]",0.0,10.0,-0.12247977368211527,12.53448159419066,ffad3499269c08c6bd22e9e5c5d2ab32bbf827e2037cbdd6e73571aeab04432f,9ac54cdbe918a4f3f02886d5161c6497c76f0f6484f283eb6b7f05453a021007,cells\system_0051_ic2_time_f64le.bin,cells\system_0051_ic2_state_f64le_c_order.bin,C:\Users\joedicke\Documents\reps\EvoODE\outputs\phase_c_c6_data_conditions_5dd1df8\system_0051_ic2_sigma_0p029999999999999999_rho_0_realization_2,float64,little_endian
51,2,2,0.03,0.0,3,multiplicative_gaussian_iid,14ad814a69ec28ff,512,sha256_raw_little_endian_float64,time,time_by_dimension_c_order,[512],"[512,2]",0.0,10.0,-0.1176718461108601,12.484328842968505,ffad3499269c08c6bd22e9e5c5d2ab32bbf827e2037cbdd6e73571aeab04432f,710ffa1dc5e881cd6d17087d31821eb554cb3f4f95c457a06d3fe9b39aca5342,cells\system_0051_ic2_time_f64le.bin,cells\system_0051_ic2_state_f64le_c_order.bin,C:\Users\joedicke\Documents\reps\EvoODE\outputs\phase_c_c6_data_conditions_5dd1df8\system_0051_ic2_sigma_0p029999999999999999_rho_0_realization_3,float64,little_endian
51,2,2,0.03,0.5,1,multiplicative_gaussian_iid,8de245124bfb451c,256,sha256_raw_little_endian_float64,time,time_by_dimension_c_order,[256],"[256,2]",0.0,10.0,-0.11349706178193794,12.348992300122468,4e9048f254cfda116d119d1c877c1153d01e781eb9225fdd7fa76e9271d1b75b,692b1cdf4db81695474648ddc0c5f39c6f4cd9888e519345f6089509d1e06bee,cells\system_0051_ic2_time_f64le.bin,cells\system_0051_ic2_state_f64le_c_order.bin,C:\Users\joedicke\Documents\reps\EvoODE\outputs\phase_c_c6_data_conditions_5dd1df8\system_0051_ic2_sigma_0p029999999999999999_rho_0p5_realization_1,float64,little_endian
51,2,2,0.03,0.5,2,multiplicative_gaussian_iid,a318ab0636b2776b,256,sha256_raw_little_endian_float64,time,time_by_dimension_c_order,[256],"[256,2]",0.019569471624266144,10.0,-0.10460842816356251,12.522067347040561,3c7d1bb6c9c3d116a0acaa168c510f459e29d5129277ee3cff6d507b41f43b25,1e82ff0ae6491cf0d908815ece94bef08b0d59ce373443f8006a4720d2903898,cells\system_0051_ic2_time_f64le.bin,cells\system_0051_ic2_state_f64le_c_order.bin,C:\Users\joedicke\Documents\reps\EvoODE\outputs\phase_c_c6_data_conditions_5dd1df8\system_0051_ic2_sigma_0p029999999999999999_rho_0p5_realization_2,float64,little_endian
51,2,2,0.03,0.5,3,multiplicative_gaussian_iid,069741ac89cccc44,256,sha256_raw_little_endian_float64,time,time_by_dimension_c_order,[256],"[256,2]",0.03913894324853229,9.980430528375733,-0.08295840775191705,11.934877099470393,173b39b2327b74755544f3355a0b52b8646acb322b8d4084cace5c12b9c4b306,7b5dd555eef4bc2d018a534fa8ed1f2e0c3fb84dfee074202b5503fdb51d1b04,cells\system_0051_ic2_time_f64le.bin,cells\system_0051_ic2_state_f64le_c_order.bin,C:\Users\joedicke\Documents\reps\EvoODE\outputs\phase_c_c6_data_conditions_5dd1df8\system_0051_ic2_sigma_0p029999999999999999_rho_0p5_realization_3,float64,little_endian
51,2,2,0.04,0.0,1,multiplicative_gaussian_iid,44801945584039fb,512,sha256_raw_little_endian_float64,time,time_by_dimension_c_order,[512],"[512,2]",0.0,10.0,-0.1255563198967271,12.795388969151366,ffad3499269c08c6bd22e9e5c5d2ab32bbf827e2037cbdd6e73571aeab04432f,eeaa9441b834ded410d8a66e2110156c385203b42f3b197a4324233999d7fbef,cells\system_0051_ic2_time_f64le.bin,cells\system_0051_ic2_state_f64le_c_order.bin,C:\Users\joedicke\Documents\reps\EvoODE\outputs\phase_c_c6_data_conditions_5dd1df8\system_0051_ic2_sigma_0p040000000000000001_rho_0_realization_1,float64,little_endian
51,2,2,0.04,0.0,2,multiplicative_gaussian_iid,8822fb29eb654e2c,512,sha256_raw_little_endian_float64,time,time_by_dimension_c_order,[512],"[512,2]",0.0,10.0,-0.11447366175880135,12.253723383124857,ffad3499269c08c6bd22e9e5c5d2ab32bbf827e2037cbdd6e73571aeab04432f,6eadce16b4701c1a3a9d6d44e5c7b049349652246ce1138749656a0b4d6408b9,cells\system_0051_ic2_time_f64le.bin,cells\system_0051_ic2_state_f64le_c_order.bin,C:\Users\joedicke\Documents\reps\EvoODE\outputs\phase_c_c6_data_conditions_5dd1df8\system_0051_ic2_sigma_0p040000000000000001_rho_0_realization_2,float64,little_endian
51,2,2,0.04,0.0,3,multiplicative_gaussian_iid,c894b9d947f7dad9,512,sha256_raw_little_endian_float64,time,time_by_dimension_c_order,[512],"[512,2]",0.0,10.0,-0.12218362774413075,12.463974267035589,ffad3499269c08c6bd22e9e5c5d2ab32bbf827e2037cbdd6e73571aeab04432f,030b717971f7d7fe90c76efa792b86f377626de124d21564908a4638ff0b5b63,cells\system_0051_ic2_time_f64le.bin,cells\system_0051_ic2_state_f64le_c_order.bin,C:\Users\joedicke\Documents\reps\EvoODE\outputs\phase_c_c6_data_conditions_5dd1df8\system_0051_ic2_sigma_0p040000000000000001_rho_0_realization_3,float64,little_endian
51,2,2,0.04,0.5,1,multiplicative_gaussian_iid,9b8b6df42eee8e32,256,sha256_raw_little_endian_float64,time,time_by_dimension_c_order,[256],"[256,2]",0.09784735812133072,9.980430528375733,-0.03189874868886025,12.047847156026394,f66390b5316237469a321e764beea29d02737f75de5b0189227c3dcec6dacd30,28a867b25668631d98e6b29326494a462969849040a2dd49c746fb42e3565b76,cells\system_0051_ic2_time_f64le.bin,cells\system_0051_ic2_state_f64le_c_order.bin,C:\Users\joedicke\Documents\reps\EvoODE\outputs\phase_c_c6_data_conditions_5dd1df8\system_0051_ic2_sigma_0p040000000000000001_rho_0p5_realization_1,float64,little_endian
51,2,2,0.04,0.5,2,multiplicative_gaussian_iid,782ee43c52f10048,256,sha256_raw_little_endian_float64,time,time_by_dimension_c_order,[256],"[256,2]",0.0,9.980430528375733,-0.11432507935815343,12.670386233345813,34d7e072142af185efd4140033f6e90fb6bbda6c7706107883f3108ea99f63cb,eda6aff8e6e5cd45dd531c39bc0be86c28f63b1a01b6708f9e8f5234f7ef2e78,cells\system_0051_ic2_time_f64le.bin,cells\system_0051_ic2_state_f64le_c_order.bin,C:\Users\joedicke\Documents\reps\EvoODE\outputs\phase_c_c6_data_conditions_5dd1df8\system_0051_ic2_sigma_0p040000000000000001_rho_0p5_realization_2,float64,little_endian
51,2,2,0.04,0.5,3,multiplicative_gaussian_iid,ed5295c60e5e2276,256,sha256_raw_little_endian_float64,time,time_by_dimension_c_order,[256],"[256,2]",0.0,10.0,-0.1215306006828521,12.446409221315193,76a2267bb77b9e13d6935ec6eb3e37fd7be7e22f4114246fb80606498f2d22d8,f0646497b841913876db16bccaa777844d2ddddc158bc9f0e5450edc68cea4da,cells\system_0051_ic2_time_f64le.bin,cells\system_0051_ic2_state_f64le_c_order.bin,C:\Users\joedicke\Documents\reps\EvoODE\outputs\phase_c_c6_data_conditions_5dd1df8\system_0051_ic2_sigma_0p040000000000000001_rho_0p5_realization_3,float64,little_endian
51,2,2,0.05,0.0,1,multiplicative_gaussian_iid,0c0ad42629f69010,512,sha256_raw_little_endian_float64,time,time_by_dimension_c_order,[512],"[512,2]",0.0,10.0,-0.11264190872750526,12.426597532201363,ffad3499269c08c6bd22e9e5c5d2ab32bbf827e2037cbdd6e73571aeab04432f,56769079c65c01a278c1d83d9485e5ed95213b8d93ddd5f50defadb91d245624,cells\system_0051_ic2_time_f64le.bin,cells\system_0051_ic2_state_f64le_c_order.bin,C:\Users\joedicke\Documents\reps\EvoODE\outputs\phase_c_c6_data_conditions_5dd1df8\system_0051_ic2_sigma_0p050000000000000003_rho_0_realization_1,float64,little_endian
51,2,2,0.05,0.0,2,multiplicative_gaussian_iid,d4fd33de90c64fdb,512,sha256_raw_little_endian_float64,time,time_by_dimension_c_order,[512],"[512,2]",0.0,10.0,-0.12348530495095375,12.701439511243375,ffad3499269c08c6bd22e9e5c5d2ab32bbf827e2037cbdd6e73571aeab04432f,babeed4c11f7d9f9c007828a3f907f338bb53445b90bce2cab0d63bdba18dca6,cells\system_0051_ic2_time_f64le.bin,cells\system_0051_ic2_state_f64le_c_order.bin,C:\Users\joedicke\Documents\reps\EvoODE\outputs\phase_c_c6_data_conditions_5dd1df8\system_0051_ic2_sigma_0p050000000000000003_rho_0_realization_2,float64,little_endian
51,2,2,0.05,0.0,3,multiplicative_gaussian_iid,474964b5d4eb36b7,512,sha256_raw_little_endian_float64,time,time_by_dimension_c_order,[512],"[512,2]",0.0,10.0,-0.11022203988551893,12.535966066772799,ffad3499269c08c6bd22e9e5c5d2ab32bbf827e2037cbdd6e73571aeab04432f,469e4adcfd188f21f30959f9f6696a5a1cbc8e88a9d8758a7c15da5bdefd5147,cells\system_0051_ic2_time_f64le.bin,cells\system_0051_ic2_state_f64le_c_order.bin,C:\Users\joedicke\Documents\reps\EvoODE\outputs\phase_c_c6_data_conditions_5dd1df8\system_0051_ic2_sigma_0p050000000000000003_rho_0_realization_3,float64,little_endian
51,2,2,0.05,0.5,1,multiplicative_gaussian_iid,2c2c9d97aa17bd60,256,sha256_raw_little_endian_float64,time,time_by_dimension_c_order,[256],"[256,2]",0.0,9.980430528375733,-0.12889338162115974,11.868079322410617,0ccf511edad33a5ca23e9354a81cc4cc2c99b2e4bd6d5e816265bb16ebd1fd4e,a3fb7f7c9f66c064652729494b592db813e869ea46ecb5c67ec699d6e3fc5d29,cells\system_0051_ic2_time_f64le.bin,cells\system_0051_ic2_state_f64le_c_order.bin,C:\Users\joedicke\Documents\reps\EvoODE\outputs\phase_c_c6_data_conditions_5dd1df8\system_0051_ic2_sigma_0p050000000000000003_rho_0p5_realization_1,float64,little_endian
51,2,2,0.05,0.5,2,multiplicative_gaussian_iid,0e7c4be2f70297ab,256,sha256_raw_little_endian_float64,time,time_by_dimension_c_order,[256],"[256,2]",0.0,10.0,-0.1177987550256888,12.694358345197474,28cbc9385dea6826d76e56fb95fed23558a5effadeff6c3e29498af6aea0830d,586a24df8de5b005aa32e19d0acf2cde38afaf01b226ba4b6b1905a154ba42ad,cells\system_0051_ic2_time_f64le.bin,cells\system_0051_ic2_state_f64le_c_order.bin,C:\Users\joedicke\Documents\reps\EvoODE\outputs\phase_c_c6_data_conditions_5dd1df8\system_0051_ic2_sigma_0p050000000000000003_rho_0p5_realization_2,float64,little_endian
51,2,2,0.05,0.5,3,multiplicative_gaussian_iid,eb4c796cf661b732,256,sha256_raw_little_endian_float64,time,time_by_dimension_c_order,[256],"[256,2]",0.019569471624266144,10.0,-0.10199711828635968,12.711747787373591,3011ec04ddfd027bfbbadbf3869106c00b4a0bafcbf665e794cf00331d9630fd,85406c35ca4dcdf9661c23b556e93447c3109cfd522fee2abce7394138e79f79,cells\system_0051_ic2_time_f64le.bin,cells\system_0051_ic2_state_f64le_c_order.bin,C:\Users\joedicke\Documents\reps\EvoODE\outputs\phase_c_c6_data_conditions_5dd1df8\system_0051_ic2_sigma_0p050000000000000003_rho_0p5_realization_3,float64,little_endian
61,1,3,0.0,0.0,1,multiplicative_gaussian_iid,799711a15b6d0740,512,sha256_raw_little_endian_float64,time,time_by_dimension_c_order,[512],"[512,3]",0.0,10.0,-34.78488865845702,38.40588679132215,ffad3499269c08c6bd22e9e5c5d2ab32bbf827e2037cbdd6e73571aeab04432f,65c06eabaf8d55ef89e2b4f2b9226ed0f6eec60fec36da597ca514ab25f29081,cells\system_0061_ic1_time_f64le.bin,cells\system_0061_ic1_state_f64le_c_order.bin,C:\Users\joedicke\Documents\reps\EvoODE\outputs\phase_c_c6_data_conditions_5dd1df8\system_0061_ic1_sigma_0_rho_0_realization_1,float64,little_endian
61,1,3,0.0,0.0,2,multiplicative_gaussian_iid,b5afe8a7651c851f,512,sha256_raw_little_endian_float64,time,time_by_dimension_c_order,[512],"[512,3]",0.0,10.0,-34.78488865845702,38.40588679132215,ffad3499269c08c6bd22e9e5c5d2ab32bbf827e2037cbdd6e73571aeab04432f,65c06eabaf8d55ef89e2b4f2b9226ed0f6eec60fec36da597ca514ab25f29081,cells\system_0061_ic1_time_f64le.bin,cells\system_0061_ic1_state_f64le_c_order.bin,C:\Users\joedicke\Documents\reps\EvoODE\outputs\phase_c_c6_data_conditions_5dd1df8\system_0061_ic1_sigma_0_rho_0_realization_2,float64,little_endian
61,1,3,0.0,0.0,3,multiplicative_gaussian_iid,d0ef57fd9e507f22,512,sha256_raw_little_endian_float64,time,time_by_dimension_c_order,[512],"[512,3]",0.0,10.0,-34.78488865845702,38.40588679132215,ffad3499269c08c6bd22e9e5c5d2ab32bbf827e2037cbdd6e73571aeab04432f,65c06eabaf8d55ef89e2b4f2b9226ed0f6eec60fec36da597ca514ab25f29081,cells\system_0061_ic1_time_f64le.bin,cells\system_0061_ic1_state_f64le_c_order.bin,C:\Users\joedicke\Documents\reps\EvoODE\outputs\phase_c_c6_data_conditions_5dd1df8\system_0061_ic1_sigma_0_rho_0_realization_3,float64,little_endian
61,1,3,0.0,0.5,1,multiplicative_gaussian_iid,e5ae40517517118c,256,sha256_raw_little_endian_float64,time,time_by_dimension_c_order,[256],"[256,3]",0.0,9.960861056751467,-29.048082250518924,38.40588679132215,edcc5fd7f028e36670ac3131d4466541d3dd875c16d38e9fabd74b00495e217c,eb5f926ce5631e313b01137a5bb3ebbcec7303dfa3deb509997a2eddd18df4b0,cells\system_0061_ic1_time_f64le.bin,cells\system_0061_ic1_state_f64le_c_order.bin,C:\Users\joedicke\Documents\reps\EvoODE\outputs\phase_c_c6_data_conditions_5dd1df8\system_0061_ic1_sigma_0_rho_0p5_realization_1,float64,little_endian
61,1,3,0.0,0.5,2,multiplicative_gaussian_iid,410220e26b007c78,256,sha256_raw_little_endian_float64,time,time_by_dimension_c_order,[256],"[256,3]",0.0,10.0,-32.62756050969078,38.40588679132215,67e59f3be67668289f50b9e4a5113ccbd0e44e8fc70b5b26ad888e2a63c40311,c0228062be4f7b72a952e1b1b1b5338f5bb94c901edde5cab4e75c48cc9d5b64,cells\system_0061_ic1_time_f64le.bin,cells\system_0061_ic1_state_f64le_c_order.bin,C:\Users\joedicke\Documents\reps\EvoODE\outputs\phase_c_c6_data_conditions_5dd1df8\system_0061_ic1_sigma_0_rho_0p5_realization_2,float64,little_endian
61,1,3,0.0,0.5,3,multiplicative_gaussian_iid,32943fed9075ec6b,256,sha256_raw_little_endian_float64,time,time_by_dimension_c_order,[256],"[256,3]",0.03913894324853229,9.960861056751467,-34.78488865845702,38.40588679132215,f4af03c067a2193a6a2d97b8ff3b4aa3b0e978b339b5d57b362f2431e0aedfd8,eb9752eda311bd5e8b2034313fa2578e4a01320616b37450d70e6e13eea7930b,cells\system_0061_ic1_time_f64le.bin,cells\system_0061_ic1_state_f64le_c_order.bin,C:\Users\joedicke\Documents\reps\EvoODE\outputs\phase_c_c6_data_conditions_5dd1df8\system_0061_ic1_sigma_0_rho_0p5_realization_3,float64,little_endian
61,1,3,0.01,0.0,1,multiplicative_gaussian_iid,1696ce8b0e80990d,512,sha256_raw_little_endian_float64,time,time_by_dimension_c_order,[512],"[512,3]",0.0,10.0,-35.000320834071665,38.28118556286192,ffad3499269c08c6bd22e9e5c5d2ab32bbf827e2037cbdd6e73571aeab04432f,dc59efb95f96e930b7426dbb563b654907fb4a839ce8c1118b027f983f56d141,cells\system_0061_ic1_time_f64le.bin,cells\system_0061_ic1_state_f64le_c_order.bin,C:\Users\joedicke\Documents\reps\EvoODE\outputs\phase_c_c6_data_conditions_5dd1df8\system_0061_ic1_sigma_0p01_rho_0_realization_1,float64,little_endian
61,1,3,0.01,0.0,2,multiplicative_gaussian_iid,715557b4e934a00a,512,sha256_raw_little_endian_float64,time,time_by_dimension_c_order,[512],"[512,3]",0.0,10.0,-35.21685924708468,38.53207046951709,ffad3499269c08c6bd22e9e5c5d2ab32bbf827e2037cbdd6e73571aeab04432f,cc1125824df99279aaece0dea2e5d3a337f9acbea1474d20b1ac75b39b3f4476,cells\system_0061_ic1_time_f64le.bin,cells\system_0061_ic1_state_f64le_c_order.bin,C:\Users\joedicke\Documents\reps\EvoODE\outputs\phase_c_c6_data_conditions_5dd1df8\system_0061_ic1_sigma_0p01_rho_0_realization_2,float64,little_endian
61,1,3,0.01,0.0,3,multiplicative_gaussian_iid,bcb458bd643fcc5e,512,sha256_raw_little_endian_float64,time,time_by_dimension_c_order,[512],"[512,3]",0.0,10.0,-34.75995771411411,38.00354207496375,ffad3499269c08c6bd22e9e5c5d2ab32bbf827e2037cbdd6e73571aeab04432f,04ddc8bac25c84ee4308456525fc174e10b7f9756ea286d595e5ff1ef00d83d5,cells\system_0061_ic1_time_f64le.bin,cells\system_0061_ic1_state_f64le_c_order.bin,C:\Users\joedicke\Documents\reps\EvoODE\outputs\phase_c_c6_data_conditions_5dd1df8\system_0061_ic1_sigma_0p01_rho_0_realization_3,float64,little_endian
61,1,3,0.01,0.5,1,multiplicative_gaussian_iid,228ccdf853b4603f,256,sha256_raw_little_endian_float64,time,time_by_dimension_c_order,[256],"[256,3]",0.09784735812133072,10.0,-32.49933374377976,36.704637400292626,2c47284e6b4dbbe0a2113b42c08ca7aa08bcad2f65ea589b9715ff3b135b24d2,b96fa51fbc7ba91eccdde2668ace0d628b19fc2ae25313c210015a07993ddf5c,cells\system_0061_ic1_time_f64le.bin,cells\system_0061_ic1_state_f64le_c_order.bin,C:\Users\joedicke\Documents\reps\EvoODE\outputs\phase_c_c6_data_conditions_5dd1df8\system_0061_ic1_sigma_0p01_rho_0p5_realization_1,float64,little_endian
61,1,3,0.01,0.5,2,multiplicative_gaussian_iid,91c37238ed72132a,256,sha256_raw_little_endian_float64,time,time_by_dimension_c_order,[256],"[256,3]",0.0,9.980430528375733,-30.75083121973941,37.76682659346354,394353dda97d4bfcf35638af527ecf24dce56b4bf05bf6a01ae6b2377f8fd674,420bfb8351765277e897cf6ff87560dc620db4b8af1a16457b82c022ba2a004b,cells\system_0061_ic1_time_f64le.bin,cells\system_0061_ic1_state_f64le_c_order.bin,C:\Users\joedicke\Documents\reps\EvoODE\outputs\phase_c_c6_data_conditions_5dd1df8\system_0061_ic1_sigma_0p01_rho_0p5_realization_2,float64,little_endian
61,1,3,0.01,0.5,3,multiplicative_gaussian_iid,f288b68ee10122ab,256,sha256_raw_little_endian_float64,time,time_by_dimension_c_order,[256],"[256,3]",0.0,10.0,-32.0519266185582,38.498098128472435,24992092f7f22baabaf57906c72af1abbde18d9c910fbde0cf160161e024157f,a01e6a89d0a1f7af4b0b1df5e55e4d6fcae3d5a9834f0fe4be618cbf475697ae,cells\system_0061_ic1_time_f64le.bin,cells\system_0061_ic1_state_f64le_c_order.bin,C:\Users\joedicke\Documents\reps\EvoODE\outputs\phase_c_c6_data_conditions_5dd1df8\system_0061_ic1_sigma_0p01_rho_0p5_realization_3,float64,little_endian
61,1,3,0.02,0.0,1,multiplicative_gaussian_iid,672a11e7b6fa736d,512,sha256_raw_little_endian_float64,time,time_by_dimension_c_order,[512],"[512,3]",0.0,10.0,-35.04476029838973,38.85679536707484,ffad3499269c08c6bd22e9e5c5d2ab32bbf827e2037cbdd6e73571aeab04432f,8abd81e692e0ddf87eab76fca7f583468302facf3955f1b4707ba06dac601516,cells\system_0061_ic1_time_f64le.bin,cells\system_0061_ic1_state_f64le_c_order.bin,C:\Users\joedicke\Documents\reps\EvoODE\outputs\phase_c_c6_data_conditions_5dd1df8\system_0061_ic1_sigma_0p02_rho_0_realization_1,float64,little_endian
61,1,3,0.02,0.0,2,multiplicative_gaussian_iid,325115d8689b3624,512,sha256_raw_little_endian_float64,time,time_by_dimension_c_order,[512],"[512,3]",0.0,10.0,-34.403783939050626,37.395922982846756,ffad3499269c08c6bd22e9e5c5d2ab32bbf827e2037cbdd6e73571aeab04432f,91373bfbff6ba28635669938b4e86b4a61acb353bdf2bc229a696331100b7be2,cells\system_0061_ic1_time_f64le.bin,cells\system_0061_ic1_state_f64le_c_order.bin,C:\Users\joedicke\Documents\reps\EvoODE\outputs\phase_c_c6_data_conditions_5dd1df8\system_0061_ic1_sigma_0p02_rho_0_realization_2,float64,little_endian
61,1,3,0.02,0.0,3,multiplicative_gaussian_iid,f381e98903da9113,512,sha256_raw_little_endian_float64,time,time_by_dimension_c_order,[512],"[512,3]",0.0,10.0,-36.0059658669584,38.22264349729774,ffad3499269c08c6bd22e9e5c5d2ab32bbf827e2037cbdd6e73571aeab04432f,b38da8009709e417c2fc765d84a6bd435b1cf3bcd89b2cb0345f05df015dcfbf,cells\system_0061_ic1_time_f64le.bin,cells\system_0061_ic1_state_f64le_c_order.bin,C:\Users\joedicke\Documents\reps\EvoODE\outputs\phase_c_c6_data_conditions_5dd1df8\system_0061_ic1_sigma_0p02_rho_0_realization_3,float64,little_endian
61,1,3,0.02,0.5,1,multiplicative_gaussian_iid,7c6160caa1ea477b,256,sha256_raw_little_endian_float64,time,time_by_dimension_c_order,[256],"[256,3]",0.07827788649706457,10.0,-33.866137348861756,34.90113120600965,6c421a48730fc5f9e296ae1d862ff01b53daa673b9ff9a7eebf87eb8d923b738,d7e2e32004eb2260c1628babab59b41ea35d3ca2e22e42cd4556af7e7afa3aa8,cells\system_0061_ic1_time_f64le.bin,cells\system_0061_ic1_state_f64le_c_order.bin,C:\Users\joedicke\Documents\reps\EvoODE\outputs\phase_c_c6_data_conditions_5dd1df8\system_0061_ic1_sigma_0p02_rho_0p5_realization_1,float64,little_endian
61,1,3,0.02,0.5,2,multiplicative_gaussian_iid,bcd25d66948ee0ae,256,sha256_raw_little_endian_float64,time,time_by_dimension_c_order,[256],"[256,3]",0.0,9.980430528375733,-34.801408651551355,36.511756716058024,dae1c03bcb2f16612963118edba20251d8ee1c54fa7883167a8595877ab71ab3,7def19f12d7e23c569bb3a1f5f33eca9f8149c850fdbdf56afbaa3413f44bca8,cells\system_0061_ic1_time_f64le.bin,cells\system_0061_ic1_state_f64le_c_order.bin,C:\Users\joedicke\Documents\reps\EvoODE\outputs\phase_c_c6_data_conditions_5dd1df8\system_0061_ic1_sigma_0p02_rho_0p5_realization_2,float64,little_endian
61,1,3,0.02,0.5,3,multiplicative_gaussian_iid,e0af3b0de5724047,256,sha256_raw_little_endian_float64,time,time_by_dimension_c_order,[256],"[256,3]",0.019569471624266144,10.0,-32.96838565125834,37.93368903259515,a65e0a6a1a151183c845da13290b6d9ccf8ee419b0dfd8e290d14077fa1b06a8,2e3ccd3348859d13a98aac4976ad426ea78b75ace6ef2f7bfad0f190bb11b317,cells\system_0061_ic1_time_f64le.bin,cells\system_0061_ic1_state_f64le_c_order.bin,C:\Users\joedicke\Documents\reps\EvoODE\outputs\phase_c_c6_data_conditions_5dd1df8\system_0061_ic1_sigma_0p02_rho_0p5_realization_3,float64,little_endian
61,1,3,0.03,0.0,1,multiplicative_gaussian_iid,9ab73e4eac8e3294,512,sha256_raw_little_endian_float64,time,time_by_dimension_c_order,[512],"[512,3]",0.0,10.0,-35.084154278192656,40.06579956979411,ffad3499269c08c6bd22e9e5c5d2ab32bbf827e2037cbdd6e73571aeab04432f,3cd18b790d34172340656dc5abf64f4c0f6a73141478d753d198cdaa59d41dfd,cells\system_0061_ic1_time_f64le.bin,cells\system_0061_ic1_state_f64le_c_order.bin,C:\Users\joedicke\Documents\reps\EvoODE\outputs\phase_c_c6_data_conditions_5dd1df8\system_0061_ic1_sigma_0p029999999999999999_rho_0_realization_1,float64,little_endian
61,1,3,0.03,0.0,2,multiplicative_gaussian_iid,82c3da1e7e62eee3,512,sha256_raw_little_endian_float64,time,time_by_dimension_c_order,[512],"[512,3]",0.0,10.0,-34.951710384468235,40.085390307155436,ffad3499269c08c6bd22e9e5c5d2ab32bbf827e2037cbdd6e73571aeab04432f,707bb530b6423e5deb4fb554c5231067fdfc2a8932bb123a7ed5964e8b60f08f,cells\system_0061_ic1_time_f64le.bin,cells\system_0061_ic1_state_f64le_c_order.bin,C:\Users\joedicke\Documents\reps\EvoODE\outputs\phase_c_c6_data_conditions_5dd1df8\system_0061_ic1_sigma_0p029999999999999999_rho_0_realization_2,float64,little_endian
61,1,3,0.03,0.0,3,multiplicative_gaussian_iid,14ad814a69ec28ff,512,sha256_raw_little_endian_float64,time,time_by_dimension_c_order,[512],"[512,3]",0.0,10.0,-35.84419159982368,39.9863588865799,ffad3499269c08c6bd22e9e5c5d2ab32bbf827e2037cbdd6e73571aeab04432f,304ff2a19cd2eb959050ecefc75b4f89998f12f52c43d99e27de39881e23417f,cells\system_0061_ic1_time_f64le.bin,cells\system_0061_ic1_state_f64le_c_order.bin,C:\Users\joedicke\Documents\reps\EvoODE\outputs\phase_c_c6_data_conditions_5dd1df8\system_0061_ic1_sigma_0p029999999999999999_rho_0_realization_3,float64,little_endian
61,1,3,0.03,0.5,1,multiplicative_gaussian_iid,8de245124bfb451c,256,sha256_raw_little_endian_float64,time,time_by_dimension_c_order,[256],"[256,3]",0.07827788649706457,9.980430528375733,-36.937725277793454,35.31853787184337,8ac13d38b47faeeacd05119af99df070e1efe40ad05647e08f4e8d004742dac5,1f6667f674929c22f4491d432302befecf2d7a7981fffcac3bd78104c1ab3e85,cells\system_0061_ic1_time_f64le.bin,cells\system_0061_ic1_state_f64le_c_order.bin,C:\Users\joedicke\Documents\reps\EvoODE\outputs\phase_c_c6_data_conditions_5dd1df8\system_0061_ic1_sigma_0p029999999999999999_rho_0p5_realization_1,float64,little_endian
61,1,3,0.03,0.5,2,multiplicative_gaussian_iid,a318ab0636b2776b,256,sha256_raw_little_endian_float64,time,time_by_dimension_c_order,[256],"[256,3]",0.019569471624266144,10.0,-34.459608855344584,36.389315969562126,8b175a17c7c745ddc82deac98aedb76de924f38183e6146aa5091f1cfc6a202e,be5a4b5cb300c4f398658c5c55906d37d50fb02238d5b0ea465aa7f786db615b,cells\system_0061_ic1_time_f64le.bin,cells\system_0061_ic1_state_f64le_c_order.bin,C:\Users\joedicke\Documents\reps\EvoODE\outputs\phase_c_c6_data_conditions_5dd1df8\system_0061_ic1_sigma_0p029999999999999999_rho_0p5_realization_2,float64,little_endian
61,1,3,0.03,0.5,3,multiplicative_gaussian_iid,069741ac89cccc44,256,sha256_raw_little_endian_float64,time,time_by_dimension_c_order,[256],"[256,3]",0.0,10.0,-27.996015783378006,37.089930581299754,fa3c9ec08cc81a31c4069641d84aa537c6edfb32bbc8df9bd754c77a533741ef,69a87620cbf193a816f535b51d6a35e91b5ec606f96fb1cf0b285672acc95e00,cells\system_0061_ic1_time_f64le.bin,cells\system_0061_ic1_state_f64le_c_order.bin,C:\Users\joedicke\Documents\reps\EvoODE\outputs\phase_c_c6_data_conditions_5dd1df8\system_0061_ic1_sigma_0p029999999999999999_rho_0p5_realization_3,float64,little_endian
61,1,3,0.04,0.0,1,multiplicative_gaussian_iid,44801945584039fb,512,sha256_raw_little_endian_float64,time,time_by_dimension_c_order,[512],"[512,3]",0.0,10.0,-34.31739484848657,38.65526362776385,ffad3499269c08c6bd22e9e5c5d2ab32bbf827e2037cbdd6e73571aeab04432f,c907ceb1592643bd9ff5019d4df3b68293534cfe2c8cc526ec3dffadc9a4ba85,cells\system_0061_ic1_time_f64le.bin,cells\system_0061_ic1_state_f64le_c_order.bin,C:\Users\joedicke\Documents\reps\EvoODE\outputs\phase_c_c6_data_conditions_5dd1df8\system_0061_ic1_sigma_0p040000000000000001_rho_0_realization_1,float64,little_endian
61,1,3,0.04,0.0,2,multiplicative_gaussian_iid,8822fb29eb654e2c,512,sha256_raw_little_endian_float64,time,time_by_dimension_c_order,[512],"[512,3]",0.0,10.0,-34.270697181004564,38.71893951098744,ffad3499269c08c6bd22e9e5c5d2ab32bbf827e2037cbdd6e73571aeab04432f,8710627fe081d0d144a2c7077a1914f60cb97a35d37c65a4eb139501240906a0,cells\system_0061_ic1_time_f64le.bin,cells\system_0061_ic1_state_f64le_c_order.bin,C:\Users\joedicke\Documents\reps\EvoODE\outputs\phase_c_c6_data_conditions_5dd1df8\system_0061_ic1_sigma_0p040000000000000001_rho_0_realization_2,float64,little_endian
61,1,3,0.04,0.0,3,multiplicative_gaussian_iid,c894b9d947f7dad9,512,sha256_raw_little_endian_float64,time,time_by_dimension_c_order,[512],"[512,3]",0.0,10.0,-33.59173472425853,37.92264554526947,ffad3499269c08c6bd22e9e5c5d2ab32bbf827e2037cbdd6e73571aeab04432f,1a17eb0ca6830044017d2f6305740f15f1b3dea9d904735a8c72d8359f9e49cb,cells\system_0061_ic1_time_f64le.bin,cells\system_0061_ic1_state_f64le_c_order.bin,C:\Users\joedicke\Documents\reps\EvoODE\outputs\phase_c_c6_data_conditions_5dd1df8\system_0061_ic1_sigma_0p040000000000000001_rho_0_realization_3,float64,little_endian
61,1,3,0.04,0.5,1,multiplicative_gaussian_iid,9b8b6df42eee8e32,256,sha256_raw_little_endian_float64,time,time_by_dimension_c_order,[256],"[256,3]",0.019569471624266144,10.0,-34.40088186910306,40.30539306789676,272bb7b9a7a8400462066745889e931b1cbb061f196bf59a1ee5301a5a772ab1,4edda15cf184a8b92c38ada14f4b5cd512b75108c4d43f31c47f103239046af1,cells\system_0061_ic1_time_f64le.bin,cells\system_0061_ic1_state_f64le_c_order.bin,C:\Users\joedicke\Documents\reps\EvoODE\outputs\phase_c_c6_data_conditions_5dd1df8\system_0061_ic1_sigma_0p040000000000000001_rho_0p5_realization_1,float64,little_endian
61,1,3,0.04,0.5,2,multiplicative_gaussian_iid,782ee43c52f10048,256,sha256_raw_little_endian_float64,time,time_by_dimension_c_order,[256],"[256,3]",0.0,10.0,-35.39946986645864,38.52991385806997,c97a20466fdf47584ddc15b894884438528785e6061f8362b453233b7cfd3afc,715e54e35c0bbc6237273fb26921c061e9da8156db95a5e1588319b5f92b17f6,cells\system_0061_ic1_time_f64le.bin,cells\system_0061_ic1_state_f64le_c_order.bin,C:\Users\joedicke\Documents\reps\EvoODE\outputs\phase_c_c6_data_conditions_5dd1df8\system_0061_ic1_sigma_0p040000000000000001_rho_0p5_realization_2,float64,little_endian
61,1,3,0.04,0.5,3,multiplicative_gaussian_iid,ed5295c60e5e2276,256,sha256_raw_little_endian_float64,time,time_by_dimension_c_order,[256],"[256,3]",0.03913894324853229,10.0,-32.26226548298901,37.50365500718001,9177466c6261151c7f4e1eb3e220302634e979cce50123f8218a73b46cd4c456,d3a0c6f633eecb7bdcb597e6e6613ce8ab11090e97a6da153b3b5548d627cefa,cells\system_0061_ic1_time_f64le.bin,cells\system_0061_ic1_state_f64le_c_order.bin,C:\Users\joedicke\Documents\reps\EvoODE\outputs\phase_c_c6_data_conditions_5dd1df8\system_0061_ic1_sigma_0p040000000000000001_rho_0p5_realization_3,float64,little_endian
61,1,3,0.05,0.0,1,multiplicative_gaussian_iid,0c0ad42629f69010,512,sha256_raw_little_endian_float64,time,time_by_dimension_c_order,[512],"[512,3]",0.0,10.0,-35.26464432070196,39.365689601808924,ffad3499269c08c6bd22e9e5c5d2ab32bbf827e2037cbdd6e73571aeab04432f,4f5b8e40698dde86247f1704e15c61289009c5bb02c46fe4c3c0022a4e8586ff,cells\system_0061_ic1_time_f64le.bin,cells\system_0061_ic1_state_f64le_c_order.bin,C:\Users\joedicke\Documents\reps\EvoODE\outputs\phase_c_c6_data_conditions_5dd1df8\system_0061_ic1_sigma_0p050000000000000003_rho_0_realization_1,float64,little_endian
61,1,3,0.05,0.0,2,multiplicative_gaussian_iid,d4fd33de90c64fdb,512,sha256_raw_little_endian_float64,time,time_by_dimension_c_order,[512],"[512,3]",0.0,10.0,-35.36178989789231,38.01815688005208,ffad3499269c08c6bd22e9e5c5d2ab32bbf827e2037cbdd6e73571aeab04432f,31cc72300f3fb88341043ae587f5f3cce07a37e7fb28edbc3f3c33de2e75ff35,cells\system_0061_ic1_time_f64le.bin,cells\system_0061_ic1_state_f64le_c_order.bin,C:\Users\joedicke\Documents\reps\EvoODE\outputs\phase_c_c6_data_conditions_5dd1df8\system_0061_ic1_sigma_0p050000000000000003_rho_0_realization_2,float64,little_endian
61,1,3,0.05,0.0,3,multiplicative_gaussian_iid,474964b5d4eb36b7,512,sha256_raw_little_endian_float64,time,time_by_dimension_c_order,[512],"[512,3]",0.0,10.0,-35.63906245576581,41.05006658786774,ffad3499269c08c6bd22e9e5c5d2ab32bbf827e2037cbdd6e73571aeab04432f,2d24c8c32e44f83bf531bbfbd83a3a90574994a1e955fbc8ff9d9ba7551e50c0,cells\system_0061_ic1_time_f64le.bin,cells\system_0061_ic1_state_f64le_c_order.bin,C:\Users\joedicke\Documents\reps\EvoODE\outputs\phase_c_c6_data_conditions_5dd1df8\system_0061_ic1_sigma_0p050000000000000003_rho_0_realization_3,float64,little_endian
61,1,3,0.05,0.5,1,multiplicative_gaussian_iid,2c2c9d97aa17bd60,256,sha256_raw_little_endian_float64,time,time_by_dimension_c_order,[256],"[256,3]",0.0,9.980430528375733,-34.52360574410317,33.96271326229725,9181d3285ea421fd33443a9de53350e5ace8d15ad6184efd7f0730507552d81c,ba559a421e805628724364f0d009812ac0cad64cd1ea627fe71284ec35d278f9,cells\system_0061_ic1_time_f64le.bin,cells\system_0061_ic1_state_f64le_c_order.bin,C:\Users\joedicke\Documents\reps\EvoODE\outputs\phase_c_c6_data_conditions_5dd1df8\system_0061_ic1_sigma_0p050000000000000003_rho_0p5_realization_1,float64,little_endian
61,1,3,0.05,0.5,2,multiplicative_gaussian_iid,0e7c4be2f70297ab,256,sha256_raw_little_endian_float64,time,time_by_dimension_c_order,[256],"[256,3]",0.0,9.980430528375733,-35.64114113521223,40.977035978079584,40593cbf98ac5a2f0724d9d38e49c1badb69d78931243e92f7c72db70e1f2ae9,4a418d6e8c798507516a06bf3010927c563f368ee4a7fea85480e98325bcc3e0,cells\system_0061_ic1_time_f64le.bin,cells\system_0061_ic1_state_f64le_c_order.bin,C:\Users\joedicke\Documents\reps\EvoODE\outputs\phase_c_c6_data_conditions_5dd1df8\system_0061_ic1_sigma_0p050000000000000003_rho_0p5_realization_2,float64,little_endian
61,1,3,0.05,0.5,3,multiplicative_gaussian_iid,eb4c796cf661b732,256,sha256_raw_little_endian_float64,time,time_by_dimension_c_order,[256],"[256,3]",0.0,10.0,-32.27054247744068,38.76783115641354,a867f44b1d56af315e0c54e99af6194c1529b903c59ef82645f88684adee0b08,30fad39932e1982e725b8addcf8c33de4f908fbcf21985502b809fa684ab8e69,cells\system_0061_ic1_time_f64le.bin,cells\system_0061_ic1_state_f64le_c_order.bin,C:\Users\joedicke\Documents\reps\EvoODE\outputs\phase_c_c6_data_conditions_5dd1df8\system_0061_ic1_sigma_0p050000000000000003_rho_0p5_realization_3,float64,little_endian
61,2,3,0.0,0.0,1,multiplicative_gaussian_iid,799711a15b6d0740,512,sha256_raw_little_endian_float64,time,time_by_dimension_c_order,[512],"[512,3]",0.0,10.0,-30.140618766556777,30.113735049515657,ffad3499269c08c6bd22e9e5c5d2ab32bbf827e2037cbdd6e73571aeab04432f,af35cc8103aee5b295742c25bbf92522fbcc333c33577707f230f3eda826db56,cells\system_0061_ic2_time_f64le.bin,cells\system_0061_ic2_state_f64le_c_order.bin,C:\Users\joedicke\Documents\reps\EvoODE\outputs\phase_c_c6_data_conditions_5dd1df8\system_0061_ic2_sigma_0_rho_0_realization_1,float64,little_endian
61,2,3,0.0,0.0,2,multiplicative_gaussian_iid,b5afe8a7651c851f,512,sha256_raw_little_endian_float64,time,time_by_dimension_c_order,[512],"[512,3]",0.0,10.0,-30.140618766556777,30.113735049515657,ffad3499269c08c6bd22e9e5c5d2ab32bbf827e2037cbdd6e73571aeab04432f,af35cc8103aee5b295742c25bbf92522fbcc333c33577707f230f3eda826db56,cells\system_0061_ic2_time_f64le.bin,cells\system_0061_ic2_state_f64le_c_order.bin,C:\Users\joedicke\Documents\reps\EvoODE\outputs\phase_c_c6_data_conditions_5dd1df8\system_0061_ic2_sigma_0_rho_0_realization_2,float64,little_endian
61,2,3,0.0,0.0,3,multiplicative_gaussian_iid,d0ef57fd9e507f22,512,sha256_raw_little_endian_float64,time,time_by_dimension_c_order,[512],"[512,3]",0.0,10.0,-30.140618766556777,30.113735049515657,ffad3499269c08c6bd22e9e5c5d2ab32bbf827e2037cbdd6e73571aeab04432f,af35cc8103aee5b295742c25bbf92522fbcc333c33577707f230f3eda826db56,cells\system_0061_ic2_time_f64le.bin,cells\system_0061_ic2_state_f64le_c_order.bin,C:\Users\joedicke\Documents\reps\EvoODE\outputs\phase_c_c6_data_conditions_5dd1df8\system_0061_ic2_sigma_0_rho_0_realization_3,float64,little_endian
61,2,3,0.0,0.5,1,multiplicative_gaussian_iid,e5ae40517517118c,256,sha256_raw_little_endian_float64,time,time_by_dimension_c_order,[256],"[256,3]",0.0,10.0,-30.08595980662116,30.014792796132745,09706d05966913ae7f3f0af5105971133609d52e9ec5e0a0a84fb80b4258b871,caa3d713866fc769e8a600118243263d4605bd1ab81e5fcfa82bb573340ac952,cells\system_0061_ic2_time_f64le.bin,cells\system_0061_ic2_state_f64le_c_order.bin,C:\Users\joedicke\Documents\reps\EvoODE\outputs\phase_c_c6_data_conditions_5dd1df8\system_0061_ic2_sigma_0_rho_0p5_realization_1,float64,little_endian
61,2,3,0.0,0.5,2,multiplicative_gaussian_iid,410220e26b007c78,256,sha256_raw_little_endian_float64,time,time_by_dimension_c_order,[256],"[256,3]",0.019569471624266144,9.960861056751467,-30.140618766556777,30.113735049515657,d9e18e023c88bb0c3ed570206b477dac134b5ba6465006156d171e20775173b9,3c24a14f26d7d8dbf587eeeefccde1b7ac1b27fe7db63e1c4abe6ffc52d04cea,cells\system_0061_ic2_time_f64le.bin,cells\system_0061_ic2_state_f64le_c_order.bin,C:\Users\joedicke\Documents\reps\EvoODE\outputs\phase_c_c6_data_conditions_5dd1df8\system_0061_ic2_sigma_0_rho_0p5_realization_2,float64,little_endian
61,2,3,0.0,0.5,3,multiplicative_gaussian_iid,32943fed9075ec6b,256,sha256_raw_little_endian_float64,time,time_by_dimension_c_order,[256],"[256,3]",0.019569471624266144,9.980430528375733,-30.140618766556777,30.113735049515657,01650e6c06ff79cb98a6e5ba6c086bf4c80a12b0d4f31f16ad5f9fdf89eb4c58,0848896ed9d819e99581d1ec6aa46109b7f8d983afe00d06ab9558ffa86f5ddf,cells\system_0061_ic2_time_f64le.bin,cells\system_0061_ic2_state_f64le_c_order.bin,C:\Users\joedicke\Documents\reps\EvoODE\outputs\phase_c_c6_data_conditions_5dd1df8\system_0061_ic2_sigma_0_rho_0p5_realization_3,float64,little_endian
61,2,3,0.01,0.0,1,multiplicative_gaussian_iid,1696ce8b0e80990d,512,sha256_raw_little_endian_float64,time,time_by_dimension_c_order,[512],"[512,3]",0.0,10.0,-30.50818909122281,30.099760951342724,ffad3499269c08c6bd22e9e5c5d2ab32bbf827e2037cbdd6e73571aeab04432f,0ee923f0b3eacfee3ce22dcba8adb8f6a52d12472c9b2e526b4ec375edcec9b2,cells\system_0061_ic2_time_f64le.bin,cells\system_0061_ic2_state_f64le_c_order.bin,C:\Users\joedicke\Documents\reps\EvoODE\outputs\phase_c_c6_data_conditions_5dd1df8\system_0061_ic2_sigma_0p01_rho_0_realization_1,float64,little_endian
61,2,3,0.01,0.0,2,multiplicative_gaussian_iid,715557b4e934a00a,512,sha256_raw_little_endian_float64,time,time_by_dimension_c_order,[512],"[512,3]",0.0,10.0,-30.107769841455504,30.559297933588738,ffad3499269c08c6bd22e9e5c5d2ab32bbf827e2037cbdd6e73571aeab04432f,95210a2b199ecb2ec885407993063a571ca15dce619270ed3f94b2d207fe0fa1,cells\system_0061_ic2_time_f64le.bin,cells\system_0061_ic2_state_f64le_c_order.bin,C:\Users\joedicke\Documents\reps\EvoODE\outputs\phase_c_c6_data_conditions_5dd1df8\system_0061_ic2_sigma_0p01_rho_0_realization_2,float64,little_endian
61,2,3,0.01,0.0,3,multiplicative_gaussian_iid,bcb458bd643fcc5e,512,sha256_raw_little_endian_float64,time,time_by_dimension_c_order,[512],"[512,3]",0.0,10.0,-30.182983574215196,30.6856105677395,ffad3499269c08c6bd22e9e5c5d2ab32bbf827e2037cbdd6e73571aeab04432f,aed66da8016fd120df65d3c522ec46c9424af2033dd0f26358eb6acc75ae745f,cells\system_0061_ic2_time_f64le.bin,cells\system_0061_ic2_state_f64le_c_order.bin,C:\Users\joedicke\Documents\reps\EvoODE\outputs\phase_c_c6_data_conditions_5dd1df8\system_0061_ic2_sigma_0p01_rho_0_realization_3,float64,little_endian
61,2,3,0.01,0.5,1,multiplicative_gaussian_iid,228ccdf853b4603f,256,sha256_raw_little_endian_float64,time,time_by_dimension_c_order,[256],"[256,3]",0.019569471624266144,10.0,-29.97233549121303,30.493174031435522,fc5e994b06aef57168dcb4bc3aaff0bc80a5fd0dd5fe4531f3d8be68d5ce3ea5,6d6ee18f0bcbf8d2e9bb05de6c060e2ef24189f458835c1842dd08ee231283fc,cells\system_0061_ic2_time_f64le.bin,cells\system_0061_ic2_state_f64le_c_order.bin,C:\Users\joedicke\Documents\reps\EvoODE\outputs\phase_c_c6_data_conditions_5dd1df8\system_0061_ic2_sigma_0p01_rho_0p5_realization_1,float64,little_endian
61,2,3,0.01,0.5,2,multiplicative_gaussian_iid,91c37238ed72132a,256,sha256_raw_little_endian_float64,time,time_by_dimension_c_order,[256],"[256,3]",0.019569471624266144,10.0,-30.477447554943986,30.503225875079096,2c41cb2e2db44bee7bc3563587266efc5a8c480c930d4937d3d24e767f16461b,983d9c4ea312be1422121b30dd11ed06c878c3be2b1c6af4f3da4e739f8e4b96,cells\system_0061_ic2_time_f64le.bin,cells\system_0061_ic2_state_f64le_c_order.bin,C:\Users\joedicke\Documents\reps\EvoODE\outputs\phase_c_c6_data_conditions_5dd1df8\system_0061_ic2_sigma_0p01_rho_0p5_realization_2,float64,little_endian
61,2,3,0.01,0.5,3,multiplicative_gaussian_iid,f288b68ee10122ab,256,sha256_raw_little_endian_float64,time,time_by_dimension_c_order,[256],"[256,3]",0.136986301369863,9.921722113502934,-30.62058423500791,30.257790036940886,13a513ee5c4f7bdae1bf765e378a1658370260823da93fba12a3dac11a4e012a,08e9251c0a3d0667d46a2738a26079532977e188d5480b80d7c2ca619ca661c7,cells\system_0061_ic2_time_f64le.bin,cells\system_0061_ic2_state_f64le_c_order.bin,C:\Users\joedicke\Documents\reps\EvoODE\outputs\phase_c_c6_data_conditions_5dd1df8\system_0061_ic2_sigma_0p01_rho_0p5_realization_3,float64,little_endian
61,2,3,0.02,0.0,1,multiplicative_gaussian_iid,672a11e7b6fa736d,512,sha256_raw_little_endian_float64,time,time_by_dimension_c_order,[512],"[512,3]",0.0,10.0,-30.829733901272593,31.426130577355114,ffad3499269c08c6bd22e9e5c5d2ab32bbf827e2037cbdd6e73571aeab04432f,88f7f829a20b9b8667f546ff23ad8f5892014623ee7d39ffd46d3970892dedc1,cells\system_0061_ic2_time_f64le.bin,cells\system_0061_ic2_state_f64le_c_order.bin,C:\Users\joedicke\Documents\reps\EvoODE\outputs\phase_c_c6_data_conditions_5dd1df8\system_0061_ic2_sigma_0p02_rho_0_realization_1,float64,little_endian
61,2,3,0.02,0.0,2,multiplicative_gaussian_iid,325115d8689b3624,512,sha256_raw_little_endian_float64,time,time_by_dimension_c_order,[512],"[512,3]",0.0,10.0,-30.035812627193906,31.094202447686403,ffad3499269c08c6bd22e9e5c5d2ab32bbf827e2037cbdd6e73571aeab04432f,789b8c0ac08e4526d0291159d06a83103c65279d35bb2bfa9b26152064287ab8,cells\system_0061_ic2_time_f64le.bin,cells\system_0061_ic2_state_f64le_c_order.bin,C:\Users\joedicke\Documents\reps\EvoODE\outputs\phase_c_c6_data_conditions_5dd1df8\system_0061_ic2_sigma_0p02_rho_0_realization_2,float64,little_endian
61,2,3,0.02,0.0,3,multiplicative_gaussian_iid,f381e98903da9113,512,sha256_raw_little_endian_float64,time,time_by_dimension_c_order,[512],"[512,3]",0.0,10.0,-30.781930786363272,30.374761630593067,ffad3499269c08c6bd22e9e5c5d2ab32bbf827e2037cbdd6e73571aeab04432f,86b619a6111790036945f8a95a005ac7fe58af959f136df7e94b1fd47e8054b2,cells\system_0061_ic2_time_f64le.bin,cells\system_0061_ic2_state_f64le_c_order.bin,C:\Users\joedicke\Documents\reps\EvoODE\outputs\phase_c_c6_data_conditions_5dd1df8\system_0061_ic2_sigma_0p02_rho_0_realization_3,float64,little_endian
61,2,3,0.02,0.5,1,multiplicative_gaussian_iid,7c6160caa1ea477b,256,sha256_raw_little_endian_float64,time,time_by_dimension_c_order,[256],"[256,3]",0.019569471624266144,10.0,-30.53674238894657,30.6579779034211,b88bf2e4f1493aa2bfc1cf46ce1783a0f658b2f6789327e85231f48cacab2c76,874eb1afe191b89f6f6a0f31d5517d42a9beeee768d3b5854ae4cbe77d7574e2,cells\system_0061_ic2_time_f64le.bin,cells\system_0061_ic2_state_f64le_c_order.bin,C:\Users\joedicke\Documents\reps\EvoODE\outputs\phase_c_c6_data_conditions_5dd1df8\system_0061_ic2_sigma_0p02_rho_0p5_realization_1,float64,little_endian
61,2,3,0.02,0.5,2,multiplicative_gaussian_iid,bcd25d66948ee0ae,256,sha256_raw_little_endian_float64,time,time_by_dimension_c_order,[256],"[256,3]",0.0,9.980430528375733,-30.205757974099615,29.937818496252344,724d19c9c16d38bc66b895e7b3cd6ca02c7b849b553dc855e191a45edfca496c,381f11ffbcec4b79a430bae67ca7366f68a7b22011f2c77bc547e830daf6e035,cells\system_0061_ic2_time_f64le.bin,cells\system_0061_ic2_state_f64le_c_order.bin,C:\Users\joedicke\Documents\reps\EvoODE\outputs\phase_c_c6_data_conditions_5dd1df8\system_0061_ic2_sigma_0p02_rho_0p5_realization_2,float64,little_endian
61,2,3,0.02,0.5,3,multiplicative_gaussian_iid,e0af3b0de5724047,256,sha256_raw_little_endian_float64,time,time_by_dimension_c_order,[256],"[256,3]",0.019569471624266144,10.0,-30.915843324556125,30.227584153865383,87e3265edfd1c1403bfdc5ccec1893a3a9e2552eb89e8f9fb0a882fd71f00c75,5c6d75c7d3941c5f271dc875748a7354bf113e51946827427d149779bca935d3,cells\system_0061_ic2_time_f64le.bin,cells\system_0061_ic2_state_f64le_c_order.bin,C:\Users\joedicke\Documents\reps\EvoODE\outputs\phase_c_c6_data_conditions_5dd1df8\system_0061_ic2_sigma_0p02_rho_0p5_realization_3,float64,little_endian
61,2,3,0.03,0.0,1,multiplicative_gaussian_iid,9ab73e4eac8e3294,512,sha256_raw_little_endian_float64,time,time_by_dimension_c_order,[512],"[512,3]",0.0,10.0,-30.895071779570188,32.041291485256586,ffad3499269c08c6bd22e9e5c5d2ab32bbf827e2037cbdd6e73571aeab04432f,1c4862ef6031760473890028c1bb59996dec25b14cd92472a623506ab36c2e4f,cells\system_0061_ic2_time_f64le.bin,cells\system_0061_ic2_state_f64le_c_order.bin,C:\Users\joedicke\Documents\reps\EvoODE\outputs\phase_c_c6_data_conditions_5dd1df8\system_0061_ic2_sigma_0p029999999999999999_rho_0_realization_1,float64,little_endian
61,2,3,0.03,0.0,2,multiplicative_gaussian_iid,82c3da1e7e62eee3,512,sha256_raw_little_endian_float64,time,time_by_dimension_c_order,[512],"[512,3]",0.0,10.0,-30.792887490070775,30.880665925534174,ffad3499269c08c6bd22e9e5c5d2ab32bbf827e2037cbdd6e73571aeab04432f,6dc6265224f2eaefa125c877bb36a683d0d16c597d232f54e6399bf8a8e358dc,cells\system_0061_ic2_time_f64le.bin,cells\system_0061_ic2_state_f64le_c_order.bin,C:\Users\joedicke\Documents\reps\EvoODE\outputs\phase_c_c6_data_conditions_5dd1df8\system_0061_ic2_sigma_0p029999999999999999_rho_0_realization_2,float64,little_endian
61,2,3,0.03,0.0,3,multiplicative_gaussian_iid,14ad814a69ec28ff,512,sha256_raw_little_endian_float64,time,time_by_dimension_c_order,[512],"[512,3]",0.0,10.0,-30.70866793712661,31.348238960130665,ffad3499269c08c6bd22e9e5c5d2ab32bbf827e2037cbdd6e73571aeab04432f,306248fba90f071113ed8a42a8ba7cc2656fb517f0543152ce8e004e6aa562b2,cells\system_0061_ic2_time_f64le.bin,cells\system_0061_ic2_state_f64le_c_order.bin,C:\Users\joedicke\Documents\reps\EvoODE\outputs\phase_c_c6_data_conditions_5dd1df8\system_0061_ic2_sigma_0p029999999999999999_rho_0_realization_3,float64,little_endian
61,2,3,0.03,0.5,1,multiplicative_gaussian_iid,8de245124bfb451c,256,sha256_raw_little_endian_float64,time,time_by_dimension_c_order,[256],"[256,3]",0.0,10.0,-30.649545273866693,31.308143341026792,5bb976dac2168869ed48a81e630357b59c16ce3b4563f359068870a57b147b2a,0f2f58dee7d451587ec5025062d85715438aa4535a358f6fd8ffcf3bdd32ed5e,cells\system_0061_ic2_time_f64le.bin,cells\system_0061_ic2_state_f64le_c_order.bin,C:\Users\joedicke\Documents\reps\EvoODE\outputs\phase_c_c6_data_conditions_5dd1df8\system_0061_ic2_sigma_0p029999999999999999_rho_0p5_realization_1,float64,little_endian
61,2,3,0.03,0.5,2,multiplicative_gaussian_iid,a318ab0636b2776b,256,sha256_raw_little_endian_float64,time,time_by_dimension_c_order,[256],"[256,3]",0.0,10.0,-30.771343502811416,30.389817880870307,98db5736386d79bb372ba020399bc7a035b70a5065ddacacbdb82c66d9cd2d60,c7d2c713d44be3e652a0ed456ea80b8b2c81628e7d10f052188f94266058544c,cells\system_0061_ic2_time_f64le.bin,cells\system_0061_ic2_state_f64le_c_order.bin,C:\Users\joedicke\Documents\reps\EvoODE\outputs\phase_c_c6_data_conditions_5dd1df8\system_0061_ic2_sigma_0p029999999999999999_rho_0p5_realization_2,float64,little_endian
61,2,3,0.03,0.5,3,multiplicative_gaussian_iid,069741ac89cccc44,256,sha256_raw_little_endian_float64,time,time_by_dimension_c_order,[256],"[256,3]",0.03913894324853229,9.980430528375733,-30.98766394043115,30.888867117607262,aa237c0131ed8e94ea4c9f9275d4768b00a3a61ea51906e37c1739c18ea81fad,afe65ef3ecaab74c4ac8ae12a1a15180f1939955696d98b5564a0355f39d1ad1,cells\system_0061_ic2_time_f64le.bin,cells\system_0061_ic2_state_f64le_c_order.bin,C:\Users\joedicke\Documents\reps\EvoODE\outputs\phase_c_c6_data_conditions_5dd1df8\system_0061_ic2_sigma_0p029999999999999999_rho_0p5_realization_3,float64,little_endian
61,2,3,0.04,0.0,1,multiplicative_gaussian_iid,44801945584039fb,512,sha256_raw_little_endian_float64,time,time_by_dimension_c_order,[512],"[512,3]",0.0,10.0,-31.606404110472067,30.935639990987966,ffad3499269c08c6bd22e9e5c5d2ab32bbf827e2037cbdd6e73571aeab04432f,9e4838b5e8da6652dd50b0465e1392251424eefa477046cde5303aab676a74e0,cells\system_0061_ic2_time_f64le.bin,cells\system_0061_ic2_state_f64le_c_order.bin,C:\Users\joedicke\Documents\reps\EvoODE\outputs\phase_c_c6_data_conditions_5dd1df8\system_0061_ic2_sigma_0p040000000000000001_rho_0_realization_1,float64,little_endian
61,2,3,0.04,0.0,2,multiplicative_gaussian_iid,8822fb29eb654e2c,512,sha256_raw_little_endian_float64,time,time_by_dimension_c_order,[512],"[512,3]",0.0,10.0,-30.868467591823133,31.16856600509945,ffad3499269c08c6bd22e9e5c5d2ab32bbf827e2037cbdd6e73571aeab04432f,0d4716ee03b520f47119ee0491ebf98b9e397bc2e48310ba266fb745bea9c30a,cells\system_0061_ic2_time_f64le.bin,cells\system_0061_ic2_state_f64le_c_order.bin,C:\Users\joedicke\Documents\reps\EvoODE\outputs\phase_c_c6_data_conditions_5dd1df8\system_0061_ic2_sigma_0p040000000000000001_rho_0_realization_2,float64,little_endian
61,2,3,0.04,0.0,3,multiplicative_gaussian_iid,c894b9d947f7dad9,512,sha256_raw_little_endian_float64,time,time_by_dimension_c_order,[512],"[512,3]",0.0,10.0,-30.952665617209007,31.126908405439018,ffad3499269c08c6bd22e9e5c5d2ab32bbf827e2037cbdd6e73571aeab04432f,5786352fb3eeb65a91cab09fe6e2a6738ebabee36a478353faedc1b92467e322,cells\system_0061_ic2_time_f64le.bin,cells\system_0061_ic2_state_f64le_c_order.bin,C:\Users\joedicke\Documents\reps\EvoODE\outputs\phase_c_c6_data_conditions_5dd1df8\system_0061_ic2_sigma_0p040000000000000001_rho_0_realization_3,float64,little_endian
61,2,3,0.04,0.5,1,multiplicative_gaussian_iid,9b8b6df42eee8e32,256,sha256_raw_little_endian_float64,time,time_by_dimension_c_order,[256],"[256,3]",0.03913894324853229,9.941291585127201,-31.12698829391098,31.55847860373698,d1123c5206af1443d7dbdc16845c14f080a012b9a84c5fd9b104c4b756533aa4,c67e01bb6095e4b0230911b43b7dbd57ac156c723d076091b9c3ceea3d2efca0,cells\system_0061_ic2_time_f64le.bin,cells\system_0061_ic2_state_f64le_c_order.bin,C:\Users\joedicke\Documents\reps\EvoODE\outputs\phase_c_c6_data_conditions_5dd1df8\system_0061_ic2_sigma_0p040000000000000001_rho_0p5_realization_1,float64,little_endian
61,2,3,0.04,0.5,2,multiplicative_gaussian_iid,782ee43c52f10048,256,sha256_raw_little_endian_float64,time,time_by_dimension_c_order,[256],"[256,3]",0.03913894324853229,9.980430528375733,-29.931214617304658,29.57948500059999,b131c99956563faab464018976ff3db2c0ed38545e5a114c2f77db377da84997,0afd39f8893cb512c252c99fadb41d61b54a26caab504b85f569ab430d32a68c,cells\system_0061_ic2_time_f64le.bin,cells\system_0061_ic2_state_f64le_c_order.bin,C:\Users\joedicke\Documents\reps\EvoODE\outputs\phase_c_c6_data_conditions_5dd1df8\system_0061_ic2_sigma_0p040000000000000001_rho_0p5_realization_2,float64,little_endian
61,2,3,0.04,0.5,3,multiplicative_gaussian_iid,ed5295c60e5e2276,256,sha256_raw_little_endian_float64,time,time_by_dimension_c_order,[256],"[256,3]",0.0,10.0,-31.634482339767214,31.91750389899663,e98cab68dc2bba6f21220b7919dcba6a87abd0c613e87a842410feb4ed1c9c49,50f314e72b4e8d0c156f93ff21c00c2d059aec2995f4e779e9126ae202d681a0,cells\system_0061_ic2_time_f64le.bin,cells\system_0061_ic2_state_f64le_c_order.bin,C:\Users\joedicke\Documents\reps\EvoODE\outputs\phase_c_c6_data_conditions_5dd1df8\system_0061_ic2_sigma_0p040000000000000001_rho_0p5_realization_3,float64,little_endian
61,2,3,0.05,0.0,1,multiplicative_gaussian_iid,0c0ad42629f69010,512,sha256_raw_little_endian_float64,time,time_by_dimension_c_order,[512],"[512,3]",0.0,10.0,-30.35604793089028,32.25265683814777,ffad3499269c08c6bd22e9e5c5d2ab32bbf827e2037cbdd6e73571aeab04432f,4a101baea6fb902a18af557fc7f3b7f813d68d4745c538924b2bb46c19150826,cells\system_0061_ic2_time_f64le.bin,cells\system_0061_ic2_state_f64le_c_order.bin,C:\Users\joedicke\Documents\reps\EvoODE\outputs\phase_c_c6_data_conditions_5dd1df8\system_0061_ic2_sigma_0p050000000000000003_rho_0_realization_1,float64,little_endian
61,2,3,0.05,0.0,2,multiplicative_gaussian_iid,d4fd33de90c64fdb,512,sha256_raw_little_endian_float64,time,time_by_dimension_c_order,[512],"[512,3]",0.0,10.0,-31.259587154753497,32.00286071178612,ffad3499269c08c6bd22e9e5c5d2ab32bbf827e2037cbdd6e73571aeab04432f,9989a879a27f803cdebfaaaf23a16c94f770ff3973059360da974182a418a864,cells\system_0061_ic2_time_f64le.bin,cells\system_0061_ic2_state_f64le_c_order.bin,C:\Users\joedicke\Documents\reps\EvoODE\outputs\phase_c_c6_data_conditions_5dd1df8\system_0061_ic2_sigma_0p050000000000000003_rho_0_realization_2,float64,little_endian
61,2,3,0.05,0.0,3,multiplicative_gaussian_iid,474964b5d4eb36b7,512,sha256_raw_little_endian_float64,time,time_by_dimension_c_order,[512],"[512,3]",0.0,10.0,-33.051655103920496,31.649745634070655,ffad3499269c08c6bd22e9e5c5d2ab32bbf827e2037cbdd6e73571aeab04432f,bbc526fd2094130dc63f7f1eea4cd8689f77e83d3da9a56b56394d3cf88724e8,cells\system_0061_ic2_time_f64le.bin,cells\system_0061_ic2_state_f64le_c_order.bin,C:\Users\joedicke\Documents\reps\EvoODE\outputs\phase_c_c6_data_conditions_5dd1df8\system_0061_ic2_sigma_0p050000000000000003_rho_0_realization_3,float64,little_endian
61,2,3,0.05,0.5,1,multiplicative_gaussian_iid,2c2c9d97aa17bd60,256,sha256_raw_little_endian_float64,time,time_by_dimension_c_order,[256],"[256,3]",0.0,10.0,-33.00645355796304,30.587512690878192,0e5adce4651a26b39e786506902eb46cae77bc7c6ee3d7017e23117d1a5ebc7c,f2bb8d078c193cd42826ef746b11ba10bfc5cef15a6d3f360f0fea4464a504ab,cells\system_0061_ic2_time_f64le.bin,cells\system_0061_ic2_state_f64le_c_order.bin,C:\Users\joedicke\Documents\reps\EvoODE\outputs\phase_c_c6_data_conditions_5dd1df8\system_0061_ic2_sigma_0p050000000000000003_rho_0p5_realization_1,float64,little_endian
61,2,3,0.05,0.5,2,multiplicative_gaussian_iid,0e7c4be2f70297ab,256,sha256_raw_little_endian_float64,time,time_by_dimension_c_order,[256],"[256,3]",0.0,10.0,-30.37803717382774,31.990153377076144,0ae72a9b305addcf0c2cfee11ee7fdbbe8f0d92b98b967fcc92ad10984e1debb,e710585e0478387ed04421001edc45839a4e4d977bfa6d052995466adeb90ad9,cells\system_0061_ic2_time_f64le.bin,cells\system_0061_ic2_state_f64le_c_order.bin,C:\Users\joedicke\Documents\reps\EvoODE\outputs\phase_c_c6_data_conditions_5dd1df8\system_0061_ic2_sigma_0p050000000000000003_rho_0p5_realization_2,float64,little_endian
61,2,3,0.05,0.5,3,multiplicative_gaussian_iid,eb4c796cf661b732,256,sha256_raw_little_endian_float64,time,time_by_dimension_c_order,[256],"[256,3]",0.019569471624266144,9.960861056751467,-32.25373167765998,31.347964331867544,8f96af1a705172d0aceb278ff0547724489f117f01f6060432a2b36142883f2d,d60ea42193e307041870d92607b59015c29f7d20f54f181b0a06f0c159488a5c,cells\system_0061_ic2_time_f64le.bin,cells\system_0061_ic2_state_f64le_c_order.bin,C:\Users\joedicke\Documents\reps\EvoODE\outputs\phase_c_c6_data_conditions_5dd1df8\system_0061_ic2_sigma_0p050000000000000003_rho_0p5_realization_3,float64,little_endian
