system_id,initial_condition_set,dimension,noise_sigma,subsample_rho,noise_realization,noise_model,data_condition_fingerprint,n_observed_points,hash_format,time_axis_order,state_axis_order,time_shape,state_shape,time_min,time_max,state_min,state_max,time_sha256,state_sha256,time_path,state_path,cell_dir,dtype,byte_order
3,1,1,0.0,0.0,1,multiplicative_gaussian_iid,799711a15b6d0740,512,sha256_raw_little_endian_float64,time,time_by_dimension_c_order,[512],"[512,1]",0.0,10.0,7.3,74.04803566025623,ffad3499269c08c6bd22e9e5c5d2ab32bbf827e2037cbdd6e73571aeab04432f,185351f6341f86f0048146a9d58072c60cd55320915d8fdba0e7054c865c689c,cells\system_0003_ic1_time_f64le.bin,cells\system_0003_ic1_state_f64le_c_order.bin,C:\Users\joedicke\Documents\reps\EvoODE\outputs\phase_c_c6_data_conditions_5dd1df8\system_0003_ic1_sigma_0_rho_0_realization_1,float64,little_endian
3,1,1,0.0,0.0,2,multiplicative_gaussian_iid,b5afe8a7651c851f,512,sha256_raw_little_endian_float64,time,time_by_dimension_c_order,[512],"[512,1]",0.0,10.0,7.3,74.04803566025623,ffad3499269c08c6bd22e9e5c5d2ab32bbf827e2037cbdd6e73571aeab04432f,185351f6341f86f0048146a9d58072c60cd55320915d8fdba0e7054c865c689c,cells\system_0003_ic1_time_f64le.bin,cells\system_0003_ic1_state_f64le_c_order.bin,C:\Users\joedicke\Documents\reps\EvoODE\outputs\phase_c_c6_data_conditions_5dd1df8\system_0003_ic1_sigma_0_rho_0_realization_2,float64,little_endian
3,1,1,0.0,0.0,3,multiplicative_gaussian_iid,d0ef57fd9e507f22,512,sha256_raw_little_endian_float64,time,time_by_dimension_c_order,[512],"[512,1]",0.0,10.0,7.3,74.04803566025623,ffad3499269c08c6bd22e9e5c5d2ab32bbf827e2037cbdd6e73571aeab04432f,185351f6341f86f0048146a9d58072c60cd55320915d8fdba0e7054c865c689c,cells\system_0003_ic1_time_f64le.bin,cells\system_0003_ic1_state_f64le_c_order.bin,C:\Users\joedicke\Documents\reps\EvoODE\outputs\phase_c_c6_data_conditions_5dd1df8\system_0003_ic1_sigma_0_rho_0_realization_3,float64,little_endian
3,1,1,0.0,0.5,1,multiplicative_gaussian_iid,e5ae40517517118c,256,sha256_raw_little_endian_float64,time,time_by_dimension_c_order,[256],"[256,1]",0.0,9.960861056751467,7.3,74.04015095992828,ab7ea9dbb928744761c73bbd842c622cb738f79fef79c0d889e73535203493f0,6e7ccd98ed0dda868f69bb22b2f007e8b56f797e4cf6427ccc46c0cab1a7f788,cells\system_0003_ic1_time_f64le.bin,cells\system_0003_ic1_state_f64le_c_order.bin,C:\Users\joedicke\Documents\reps\EvoODE\outputs\phase_c_c6_data_conditions_5dd1df8\system_0003_ic1_sigma_0_rho_0p5_realization_1,float64,little_endian
3,1,1,0.0,0.5,2,multiplicative_gaussian_iid,410220e26b007c78,256,sha256_raw_little_endian_float64,time,time_by_dimension_c_order,[256],"[256,1]",0.0,9.980430528375733,7.3,74.04412357374608,970814f980ca4d73146c1c7e241508c732b2e0aec2579130ce47823d413173fb,a62b5fb2430bed4c8359f93405c8ba75f928490a033b6b3ac195e9defd5d84d4,cells\system_0003_ic1_time_f64le.bin,cells\system_0003_ic1_state_f64le_c_order.bin,C:\Users\joedicke\Documents\reps\EvoODE\outputs\phase_c_c6_data_conditions_5dd1df8\system_0003_ic1_sigma_0_rho_0p5_realization_2,float64,little_endian
3,1,1,0.0,0.5,3,multiplicative_gaussian_iid,32943fed9075ec6b,256,sha256_raw_little_endian_float64,time,time_by_dimension_c_order,[256],"[256,1]",0.0,10.0,7.3,74.04803566025623,7dd5f6b6521fd38a937f6c8c6f824411105f9e533517ce031f50c11055ca0543,f858c46cc816685208f325af554cfba40ce354dbc2a1fbdbd5d57b55db76874a,cells\system_0003_ic1_time_f64le.bin,cells\system_0003_ic1_state_f64le_c_order.bin,C:\Users\joedicke\Documents\reps\EvoODE\outputs\phase_c_c6_data_conditions_5dd1df8\system_0003_ic1_sigma_0_rho_0p5_realization_3,float64,little_endian
3,1,1,0.01,0.0,1,multiplicative_gaussian_iid,1696ce8b0e80990d,512,sha256_raw_little_endian_float64,time,time_by_dimension_c_order,[512],"[512,1]",0.0,10.0,7.295585403356178,75.36980734636191,ffad3499269c08c6bd22e9e5c5d2ab32bbf827e2037cbdd6e73571aeab04432f,d446c3bc989ccc5fe6e7524ed5e10f2bd9d4272759b858212d3291cdcf043a78,cells\system_0003_ic1_time_f64le.bin,cells\system_0003_ic1_state_f64le_c_order.bin,C:\Users\joedicke\Documents\reps\EvoODE\outputs\phase_c_c6_data_conditions_5dd1df8\system_0003_ic1_sigma_0p01_rho_0_realization_1,float64,little_endian
3,1,1,0.01,0.0,2,multiplicative_gaussian_iid,715557b4e934a00a,512,sha256_raw_little_endian_float64,time,time_by_dimension_c_order,[512],"[512,1]",0.0,10.0,7.371979337679115,75.35940929703229,ffad3499269c08c6bd22e9e5c5d2ab32bbf827e2037cbdd6e73571aeab04432f,fd7e537e627d6dd7ed748cbb19dabdf76f0489e5ffeb08843dd9b4c5bf6acb1a,cells\system_0003_ic1_time_f64le.bin,cells\system_0003_ic1_state_f64le_c_order.bin,C:\Users\joedicke\Documents\reps\EvoODE\outputs\phase_c_c6_data_conditions_5dd1df8\system_0003_ic1_sigma_0p01_rho_0_realization_2,float64,little_endian
3,1,1,0.01,0.0,3,multiplicative_gaussian_iid,bcb458bd643fcc5e,512,sha256_raw_little_endian_float64,time,time_by_dimension_c_order,[512],"[512,1]",0.0,10.0,7.277778043822787,75.50661692439876,ffad3499269c08c6bd22e9e5c5d2ab32bbf827e2037cbdd6e73571aeab04432f,7e565ff8ba49079cd0273e307b539df7876f7d9cd95d8c23b9cb0f00fa6853ad,cells\system_0003_ic1_time_f64le.bin,cells\system_0003_ic1_state_f64le_c_order.bin,C:\Users\joedicke\Documents\reps\EvoODE\outputs\phase_c_c6_data_conditions_5dd1df8\system_0003_ic1_sigma_0p01_rho_0_realization_3,float64,little_endian
3,1,1,0.01,0.5,1,multiplicative_gaussian_iid,228ccdf853b4603f,256,sha256_raw_little_endian_float64,time,time_by_dimension_c_order,[256],"[256,1]",0.0,10.0,7.264264115319143,75.22710562798672,9ce884e2bd7543a08c3986de463c67ed5c1cd6ddd6018235e5f7aca865b052fe,54bb5d7cf1e5e8006c8c970e658755cdfb35789846d1ee3d153f8141d7dbfd98,cells\system_0003_ic1_time_f64le.bin,cells\system_0003_ic1_state_f64le_c_order.bin,C:\Users\joedicke\Documents\reps\EvoODE\outputs\phase_c_c6_data_conditions_5dd1df8\system_0003_ic1_sigma_0p01_rho_0p5_realization_1,float64,little_endian
3,1,1,0.01,0.5,2,multiplicative_gaussian_iid,91c37238ed72132a,256,sha256_raw_little_endian_float64,time,time_by_dimension_c_order,[256],"[256,1]",0.0,9.941291585127201,7.307837888938189,75.20965248628342,002855f287e21bf6d09ab83ba1f9576288af3e530f95942fbeca8d3d5c264f72,e429b394924cdc65a80ddc5abba1822a40a5f0b52ce552290c828c27c8306649,cells\system_0003_ic1_time_f64le.bin,cells\system_0003_ic1_state_f64le_c_order.bin,C:\Users\joedicke\Documents\reps\EvoODE\outputs\phase_c_c6_data_conditions_5dd1df8\system_0003_ic1_sigma_0p01_rho_0p5_realization_2,float64,little_endian
3,1,1,0.01,0.5,3,multiplicative_gaussian_iid,f288b68ee10122ab,256,sha256_raw_little_endian_float64,time,time_by_dimension_c_order,[256],"[256,1]",0.0,9.980430528375733,7.295061304013048,76.0731524888214,6f08400bf41def4b62ccc48defd0264d98a5f38466ad4786e7fa71d7bdcceb67,04553bc52b0f23532b23b710a9a58a053c04b7cacd4e9290790c95951ce3e4aa,cells\system_0003_ic1_time_f64le.bin,cells\system_0003_ic1_state_f64le_c_order.bin,C:\Users\joedicke\Documents\reps\EvoODE\outputs\phase_c_c6_data_conditions_5dd1df8\system_0003_ic1_sigma_0p01_rho_0p5_realization_3,float64,little_endian
3,1,1,0.02,0.0,1,multiplicative_gaussian_iid,672a11e7b6fa736d,512,sha256_raw_little_endian_float64,time,time_by_dimension_c_order,[512],"[512,1]",0.0,10.0,7.262040979119831,78.01999590503267,ffad3499269c08c6bd22e9e5c5d2ab32bbf827e2037cbdd6e73571aeab04432f,df51da5f3633705682a6b40d294ca57490dd9916e024e72f042e7e993b039cb0,cells\system_0003_ic1_time_f64le.bin,cells\system_0003_ic1_state_f64le_c_order.bin,C:\Users\joedicke\Documents\reps\EvoODE\outputs\phase_c_c6_data_conditions_5dd1df8\system_0003_ic1_sigma_0p02_rho_0_realization_1,float64,little_endian
3,1,1,0.02,0.0,2,multiplicative_gaussian_iid,325115d8689b3624,512,sha256_raw_little_endian_float64,time,time_by_dimension_c_order,[512],"[512,1]",0.0,10.0,7.23764396282116,77.4636162048686,ffad3499269c08c6bd22e9e5c5d2ab32bbf827e2037cbdd6e73571aeab04432f,c012e15a92407361114ff91ea6400e89a65c48348ad227a999be4971faccea4b,cells\system_0003_ic1_time_f64le.bin,cells\system_0003_ic1_state_f64le_c_order.bin,C:\Users\joedicke\Documents\reps\EvoODE\outputs\phase_c_c6_data_conditions_5dd1df8\system_0003_ic1_sigma_0p02_rho_0_realization_2,float64,little_endian
3,1,1,0.02,0.0,3,multiplicative_gaussian_iid,f381e98903da9113,512,sha256_raw_little_endian_float64,time,time_by_dimension_c_order,[512],"[512,1]",0.0,10.0,7.266739628657333,77.92952001098753,ffad3499269c08c6bd22e9e5c5d2ab32bbf827e2037cbdd6e73571aeab04432f,3cd00e05dd77be1e743c1cfaa8a98501b4367d70a0143dbf3b65e052f1c08acd,cells\system_0003_ic1_time_f64le.bin,cells\system_0003_ic1_state_f64le_c_order.bin,C:\Users\joedicke\Documents\reps\EvoODE\outputs\phase_c_c6_data_conditions_5dd1df8\system_0003_ic1_sigma_0p02_rho_0_realization_3,float64,little_endian
3,1,1,0.02,0.5,1,multiplicative_gaussian_iid,7c6160caa1ea477b,256,sha256_raw_little_endian_float64,time,time_by_dimension_c_order,[256],"[256,1]",0.019569471624266144,10.0,7.464122147773743,78.54858726501249,d3c6f03ab551e2a1d269fe4e56e502ee6d8ce55fe820d224cb64f34626367e64,e5bc7df47ebdba4b372acf07ae47a80e5a8305b0767d42831f6632c084d458eb,cells\system_0003_ic1_time_f64le.bin,cells\system_0003_ic1_state_f64le_c_order.bin,C:\Users\joedicke\Documents\reps\EvoODE\outputs\phase_c_c6_data_conditions_5dd1df8\system_0003_ic1_sigma_0p02_rho_0p5_realization_1,float64,little_endian
3,1,1,0.02,0.5,2,multiplicative_gaussian_iid,bcd25d66948ee0ae,256,sha256_raw_little_endian_float64,time,time_by_dimension_c_order,[256],"[256,1]",0.03913894324853229,10.0,7.382508162817058,76.58526969868035,9e2808f37755f23d4419914934be2397b111d72758aef7c8a2c88dd1d9773872,5d6be3ff76b21cd075b9be75f0957784c59c92802612c1eba74bdc1f6d411501,cells\system_0003_ic1_time_f64le.bin,cells\system_0003_ic1_state_f64le_c_order.bin,C:\Users\joedicke\Documents\reps\EvoODE\outputs\phase_c_c6_data_conditions_5dd1df8\system_0003_ic1_sigma_0p02_rho_0p5_realization_2,float64,little_endian
3,1,1,0.02,0.5,3,multiplicative_gaussian_iid,e0af3b0de5724047,256,sha256_raw_little_endian_float64,time,time_by_dimension_c_order,[256],"[256,1]",0.07827788649706457,9.941291585127201,7.574650160720884,77.43500753810964,d27b286bd2d3a8c872efe12ba300295a0654b66eb151442410472097d6e3a34f,3dcda3b6b68bd1e7ccce6298e8467f61c9ed1524f506c7d0ea6c02ef6bbad2c4,cells\system_0003_ic1_time_f64le.bin,cells\system_0003_ic1_state_f64le_c_order.bin,C:\Users\joedicke\Documents\reps\EvoODE\outputs\phase_c_c6_data_conditions_5dd1df8\system_0003_ic1_sigma_0p02_rho_0p5_realization_3,float64,little_endian
3,1,1,0.03,0.0,1,multiplicative_gaussian_iid,9ab73e4eac8e3294,512,sha256_raw_little_endian_float64,time,time_by_dimension_c_order,[512],"[512,1]",0.0,10.0,7.1657415169211385,81.10618383616088,ffad3499269c08c6bd22e9e5c5d2ab32bbf827e2037cbdd6e73571aeab04432f,b40fc6b0c0bb00683bfce21d2c3a6ce5b5a751d800c57681b6fb5834f96f7374,cells\system_0003_ic1_time_f64le.bin,cells\system_0003_ic1_state_f64le_c_order.bin,C:\Users\joedicke\Documents\reps\EvoODE\outputs\phase_c_c6_data_conditions_5dd1df8\system_0003_ic1_sigma_0p029999999999999999_rho_0_realization_1,float64,little_endian
3,1,1,0.03,0.0,2,multiplicative_gaussian_iid,82c3da1e7e62eee3,512,sha256_raw_little_endian_float64,time,time_by_dimension_c_order,[512],"[512,1]",0.0,10.0,7.294226554633066,79.21174316723032,ffad3499269c08c6bd22e9e5c5d2ab32bbf827e2037cbdd6e73571aeab04432f,334a0813648690c286d5ec9f532c50ed27bb4f72ffcb4121228fa66fef35bc7c,cells\system_0003_ic1_time_f64le.bin,cells\system_0003_ic1_state_f64le_c_order.bin,C:\Users\joedicke\Documents\reps\EvoODE\outputs\phase_c_c6_data_conditions_5dd1df8\system_0003_ic1_sigma_0p029999999999999999_rho_0_realization_2,float64,little_endian
3,1,1,0.03,0.0,3,multiplicative_gaussian_iid,14ad814a69ec28ff,512,sha256_raw_little_endian_float64,time,time_by_dimension_c_order,[512],"[512,1]",0.0,10.0,7.112509333034107,80.13614168675349,ffad3499269c08c6bd22e9e5c5d2ab32bbf827e2037cbdd6e73571aeab04432f,a7e0d9e1cbca72decd0c8c0354b6619b5b293360601d0793aff0d657f9e99ec0,cells\system_0003_ic1_time_f64le.bin,cells\system_0003_ic1_state_f64le_c_order.bin,C:\Users\joedicke\Documents\reps\EvoODE\outputs\phase_c_c6_data_conditions_5dd1df8\system_0003_ic1_sigma_0p029999999999999999_rho_0_realization_3,float64,little_endian
3,1,1,0.03,0.5,1,multiplicative_gaussian_iid,8de245124bfb451c,256,sha256_raw_little_endian_float64,time,time_by_dimension_c_order,[256],"[256,1]",0.03913894324853229,10.0,7.596872695302698,77.2999321367574,043266834adafd4a9a10cc57028f651fe6cb1aef2dd01fa5ba76780fda36bed8,18ff63c86412adfafb3f20dca32cf5cad7de687d242acc0b1e15f33a4d9b3090,cells\system_0003_ic1_time_f64le.bin,cells\system_0003_ic1_state_f64le_c_order.bin,C:\Users\joedicke\Documents\reps\EvoODE\outputs\phase_c_c6_data_conditions_5dd1df8\system_0003_ic1_sigma_0p029999999999999999_rho_0p5_realization_1,float64,little_endian
3,1,1,0.03,0.5,2,multiplicative_gaussian_iid,a318ab0636b2776b,256,sha256_raw_little_endian_float64,time,time_by_dimension_c_order,[256],"[256,1]",0.0,10.0,7.259043665969433,78.34421104620516,2b828a321020bc0ec2e2f1a679fdd21a64651821ec06d1ed084fa8744c35d6b0,f23e9dde1c3859ea1b82187447767201effd1bc9b942c224b6017a4acfa03fd6,cells\system_0003_ic1_time_f64le.bin,cells\system_0003_ic1_state_f64le_c_order.bin,C:\Users\joedicke\Documents\reps\EvoODE\outputs\phase_c_c6_data_conditions_5dd1df8\system_0003_ic1_sigma_0p029999999999999999_rho_0p5_realization_2,float64,little_endian
3,1,1,0.03,0.5,3,multiplicative_gaussian_iid,069741ac89cccc44,256,sha256_raw_little_endian_float64,time,time_by_dimension_c_order,[256],"[256,1]",0.0,10.0,7.1672668950033795,78.3656084574277,fa9616ed20990c9d64df132987357e898aa8bad86e162a2404b432d26998f848,c09646a8d7383454835de8a3397866d13ccd71530a53e2b2a8e3f0b8148777fc,cells\system_0003_ic1_time_f64le.bin,cells\system_0003_ic1_state_f64le_c_order.bin,C:\Users\joedicke\Documents\reps\EvoODE\outputs\phase_c_c6_data_conditions_5dd1df8\system_0003_ic1_sigma_0p029999999999999999_rho_0p5_realization_3,float64,little_endian
3,1,1,0.04,0.0,1,multiplicative_gaussian_iid,44801945584039fb,512,sha256_raw_little_endian_float64,time,time_by_dimension_c_order,[512],"[512,1]",0.0,10.0,7.176878340990334,82.11097954596131,ffad3499269c08c6bd22e9e5c5d2ab32bbf827e2037cbdd6e73571aeab04432f,1b4d81ec0fa69f6ea17fd4a11352d9f2ad2d748ee284ba14d6872a2c4712f402,cells\system_0003_ic1_time_f64le.bin,cells\system_0003_ic1_state_f64le_c_order.bin,C:\Users\joedicke\Documents\reps\EvoODE\outputs\phase_c_c6_data_conditions_5dd1df8\system_0003_ic1_sigma_0p040000000000000001_rho_0_realization_1,float64,little_endian
3,1,1,0.04,0.0,2,multiplicative_gaussian_iid,8822fb29eb654e2c,512,sha256_raw_little_endian_float64,time,time_by_dimension_c_order,[512],"[512,1]",0.0,10.0,6.952248921622169,81.13015702293895,ffad3499269c08c6bd22e9e5c5d2ab32bbf827e2037cbdd6e73571aeab04432f,5a1adb16370192491e9fa2e005a8ee3cec18831e35346bbb218b7745dc626c59,cells\system_0003_ic1_time_f64le.bin,cells\system_0003_ic1_state_f64le_c_order.bin,C:\Users\joedicke\Documents\reps\EvoODE\outputs\phase_c_c6_data_conditions_5dd1df8\system_0003_ic1_sigma_0p040000000000000001_rho_0_realization_2,float64,little_endian
3,1,1,0.04,0.0,3,multiplicative_gaussian_iid,c894b9d947f7dad9,512,sha256_raw_little_endian_float64,time,time_by_dimension_c_order,[512],"[512,1]",0.0,10.0,7.15008228804218,79.69260661311557,ffad3499269c08c6bd22e9e5c5d2ab32bbf827e2037cbdd6e73571aeab04432f,deac6daeee586bb5cead78e2a06af787246479b01106312a0ef6bdb27de2376b,cells\system_0003_ic1_time_f64le.bin,cells\system_0003_ic1_state_f64le_c_order.bin,C:\Users\joedicke\Documents\reps\EvoODE\outputs\phase_c_c6_data_conditions_5dd1df8\system_0003_ic1_sigma_0p040000000000000001_rho_0_realization_3,float64,little_endian
3,1,1,0.04,0.5,1,multiplicative_gaussian_iid,9b8b6df42eee8e32,256,sha256_raw_little_endian_float64,time,time_by_dimension_c_order,[256],"[256,1]",0.0,10.0,7.1899086238419,81.14363047521228,ba41a9c8cab18cf20b885a422b8801e7d9b8bbe44f69ef76fcc13d8df35a00df,dfff554f5e0c82abe004c0345b7732e66c7f67b02b86aa253c679c007ff1ad29,cells\system_0003_ic1_time_f64le.bin,cells\system_0003_ic1_state_f64le_c_order.bin,C:\Users\joedicke\Documents\reps\EvoODE\outputs\phase_c_c6_data_conditions_5dd1df8\system_0003_ic1_sigma_0p040000000000000001_rho_0p5_realization_1,float64,little_endian
3,1,1,0.04,0.5,2,multiplicative_gaussian_iid,782ee43c52f10048,256,sha256_raw_little_endian_float64,time,time_by_dimension_c_order,[256],"[256,1]",0.0,9.980430528375733,7.041376437625669,78.76311307179371,b558bc56a6b80fc4876cdc79e8d115b8bbf3dffba6f166a8936082eb0c44488d,e895ab2c302d18e47dd8bc982138e0caeaf716eba576894e7f4c3140249ac97a,cells\system_0003_ic1_time_f64le.bin,cells\system_0003_ic1_state_f64le_c_order.bin,C:\Users\joedicke\Documents\reps\EvoODE\outputs\phase_c_c6_data_conditions_5dd1df8\system_0003_ic1_sigma_0p040000000000000001_rho_0p5_realization_2,float64,little_endian
3,1,1,0.04,0.5,3,multiplicative_gaussian_iid,ed5295c60e5e2276,256,sha256_raw_little_endian_float64,time,time_by_dimension_c_order,[256],"[256,1]",0.03913894324853229,10.0,7.09698567198332,79.17036982728432,3bfbb76999c30b16c51e7c1af3eb178c2c6c0e7c21616e8bb6276e4031861855,cc0d4c0e16566985dbb7609d62e6796aba3824a49bc351e8a6c1b5e5ec9ab2c5,cells\system_0003_ic1_time_f64le.bin,cells\system_0003_ic1_state_f64le_c_order.bin,C:\Users\joedicke\Documents\reps\EvoODE\outputs\phase_c_c6_data_conditions_5dd1df8\system_0003_ic1_sigma_0p040000000000000001_rho_0p5_realization_3,float64,little_endian
3,1,1,0.05,0.0,1,multiplicative_gaussian_iid,0c0ad42629f69010,512,sha256_raw_little_endian_float64,time,time_by_dimension_c_order,[512],"[512,1]",0.0,10.0,7.114859857795956,81.48053336309333,ffad3499269c08c6bd22e9e5c5d2ab32bbf827e2037cbdd6e73571aeab04432f,bbc8afa1515a0f351edafea35816a8c41466a6f0a25b7e4f5d825d5ddcbdd027,cells\system_0003_ic1_time_f64le.bin,cells\system_0003_ic1_state_f64le_c_order.bin,C:\Users\joedicke\Documents\reps\EvoODE\outputs\phase_c_c6_data_conditions_5dd1df8\system_0003_ic1_sigma_0p050000000000000003_rho_0_realization_1,float64,little_endian
3,1,1,0.05,0.0,2,multiplicative_gaussian_iid,d4fd33de90c64fdb,512,sha256_raw_little_endian_float64,time,time_by_dimension_c_order,[512],"[512,1]",0.0,10.0,6.738189385756613,84.14525619710051,ffad3499269c08c6bd22e9e5c5d2ab32bbf827e2037cbdd6e73571aeab04432f,a5222e07450cb10572197649380eb6101f2c532e0f9ea4b791e2eaba6a12d3b4,cells\system_0003_ic1_time_f64le.bin,cells\system_0003_ic1_state_f64le_c_order.bin,C:\Users\joedicke\Documents\reps\EvoODE\outputs\phase_c_c6_data_conditions_5dd1df8\system_0003_ic1_sigma_0p050000000000000003_rho_0_realization_2,float64,little_endian
3,1,1,0.05,0.0,3,multiplicative_gaussian_iid,474964b5d4eb36b7,512,sha256_raw_little_endian_float64,time,time_by_dimension_c_order,[512],"[512,1]",0.0,10.0,7.026811208827028,83.26179871967508,ffad3499269c08c6bd22e9e5c5d2ab32bbf827e2037cbdd6e73571aeab04432f,72c26010b1a90594b0a0e36d10e4ecc97ee311d639a352404bc0bf822c592f39,cells\system_0003_ic1_time_f64le.bin,cells\system_0003_ic1_state_f64le_c_order.bin,C:\Users\joedicke\Documents\reps\EvoODE\outputs\phase_c_c6_data_conditions_5dd1df8\system_0003_ic1_sigma_0p050000000000000003_rho_0_realization_3,float64,little_endian
3,1,1,0.05,0.5,1,multiplicative_gaussian_iid,2c2c9d97aa17bd60,256,sha256_raw_little_endian_float64,time,time_by_dimension_c_order,[256],"[256,1]",0.019569471624266144,9.980430528375733,7.225275358657491,83.75219913527867,44585971539ab5651f6218f8056038eace6abe4fd4a60d54fc3ec67eb0beda23,4eb29d8f21c05a9bfae702b5edc8c81ff2205d75edd4da5dc0052c457f1fe55b,cells\system_0003_ic1_time_f64le.bin,cells\system_0003_ic1_state_f64le_c_order.bin,C:\Users\joedicke\Documents\reps\EvoODE\outputs\phase_c_c6_data_conditions_5dd1df8\system_0003_ic1_sigma_0p050000000000000003_rho_0p5_realization_1,float64,little_endian
3,1,1,0.05,0.5,2,multiplicative_gaussian_iid,0e7c4be2f70297ab,256,sha256_raw_little_endian_float64,time,time_by_dimension_c_order,[256],"[256,1]",0.019569471624266144,9.980430528375733,7.27251044333956,84.48540777280729,7e9c02b8c740920bc3bdbebdc5a79710fefdfadc97fa84fd861f189e96a4f07c,db266dc8424fe237fd7b968cd34385af24366ae7b21f8986375e96852d33b6ca,cells\system_0003_ic1_time_f64le.bin,cells\system_0003_ic1_state_f64le_c_order.bin,C:\Users\joedicke\Documents\reps\EvoODE\outputs\phase_c_c6_data_conditions_5dd1df8\system_0003_ic1_sigma_0p050000000000000003_rho_0p5_realization_2,float64,little_endian
3,1,1,0.05,0.5,3,multiplicative_gaussian_iid,eb4c796cf661b732,256,sha256_raw_little_endian_float64,time,time_by_dimension_c_order,[256],"[256,1]",0.03913894324853229,9.960861056751467,6.6766653329869525,84.09095121396385,ba03334c9dcce927944976be992c7bce2bcc71fe2b205f5f0b81c22f4bbdc015,f3c2ef748c442e084c3baa598c441d1378956d357cea64e2325fdca47e7ea4d9,cells\system_0003_ic1_time_f64le.bin,cells\system_0003_ic1_state_f64le_c_order.bin,C:\Users\joedicke\Documents\reps\EvoODE\outputs\phase_c_c6_data_conditions_5dd1df8\system_0003_ic1_sigma_0p050000000000000003_rho_0p5_realization_3,float64,little_endian
3,2,1,0.0,0.0,1,multiplicative_gaussian_iid,799711a15b6d0740,512,sha256_raw_little_endian_float64,time,time_by_dimension_c_order,[512],"[512,1]",0.0,10.0,21.0,74.23015073225298,ffad3499269c08c6bd22e9e5c5d2ab32bbf827e2037cbdd6e73571aeab04432f,0f67c12b2a959a9ddb6de5989bda10e30f86bff744e4336113614e8d81173dba,cells\system_0003_ic2_time_f64le.bin,cells\system_0003_ic2_state_f64le_c_order.bin,C:\Users\joedicke\Documents\reps\EvoODE\outputs\phase_c_c6_data_conditions_5dd1df8\system_0003_ic2_sigma_0_rho_0_realization_1,float64,little_endian
3,2,1,0.0,0.0,2,multiplicative_gaussian_iid,b5afe8a7651c851f,512,sha256_raw_little_endian_float64,time,time_by_dimension_c_order,[512],"[512,1]",0.0,10.0,21.0,74.23015073225298,ffad3499269c08c6bd22e9e5c5d2ab32bbf827e2037cbdd6e73571aeab04432f,0f67c12b2a959a9ddb6de5989bda10e30f86bff744e4336113614e8d81173dba,cells\system_0003_ic2_time_f64le.bin,cells\system_0003_ic2_state_f64le_c_order.bin,C:\Users\joedicke\Documents\reps\EvoODE\outputs\phase_c_c6_data_conditions_5dd1df8\system_0003_ic2_sigma_0_rho_0_realization_2,float64,little_endian
3,2,1,0.0,0.0,3,multiplicative_gaussian_iid,d0ef57fd9e507f22,512,sha256_raw_little_endian_float64,time,time_by_dimension_c_order,[512],"[512,1]",0.0,10.0,21.0,74.23015073225298,ffad3499269c08c6bd22e9e5c5d2ab32bbf827e2037cbdd6e73571aeab04432f,0f67c12b2a959a9ddb6de5989bda10e30f86bff744e4336113614e8d81173dba,cells\system_0003_ic2_time_f64le.bin,cells\system_0003_ic2_state_f64le_c_order.bin,C:\Users\joedicke\Documents\reps\EvoODE\outputs\phase_c_c6_data_conditions_5dd1df8\system_0003_ic2_sigma_0_rho_0_realization_3,float64,little_endian
3,2,1,0.0,0.5,1,multiplicative_gaussian_iid,e5ae40517517118c,256,sha256_raw_little_endian_float64,time,time_by_dimension_c_order,[256],"[256,1]",0.03913894324853229,10.0,21.468908058385967,74.23015073225298,28cea8cac4581aedcf365e66c07f44ad841d7c9d741546cd0ae96a7f417b01f3,48007aefaa9de1b5f8efd602ba7b653ff9b28a308b4aa3d5976f2b8c37f67c47,cells\system_0003_ic2_time_f64le.bin,cells\system_0003_ic2_state_f64le_c_order.bin,C:\Users\joedicke\Documents\reps\EvoODE\outputs\phase_c_c6_data_conditions_5dd1df8\system_0003_ic2_sigma_0_rho_0p5_realization_1,float64,little_endian
3,2,1,0.0,0.5,2,multiplicative_gaussian_iid,410220e26b007c78,256,sha256_raw_little_endian_float64,time,time_by_dimension_c_order,[256],"[256,1]",0.0,10.0,21.0,74.23015073225298,dd550642e954bfb108409466b85a1334df499f1b304217533e760adbe66724cc,d972d3a386aa736e5e4ed6eaa7c6a1252ee78980e656feba25f6d09706c6b1b5,cells\system_0003_ic2_time_f64le.bin,cells\system_0003_ic2_state_f64le_c_order.bin,C:\Users\joedicke\Documents\reps\EvoODE\outputs\phase_c_c6_data_conditions_5dd1df8\system_0003_ic2_sigma_0_rho_0p5_realization_2,float64,little_endian
3,2,1,0.0,0.5,3,multiplicative_gaussian_iid,32943fed9075ec6b,256,sha256_raw_little_endian_float64,time,time_by_dimension_c_order,[256],"[256,1]",0.0,10.0,21.0,74.23015073225298,6a944df8f5b4e409d7a90c1e7157f3641d98c9fb5f396546b33ac0c665c0456e,5e2b5bbce6f509f64747b5fc49ef5db46d685edea48464352a6073876f7ef100,cells\system_0003_ic2_time_f64le.bin,cells\system_0003_ic2_state_f64le_c_order.bin,C:\Users\joedicke\Documents\reps\EvoODE\outputs\phase_c_c6_data_conditions_5dd1df8\system_0003_ic2_sigma_0_rho_0p5_realization_3,float64,little_endian
3,2,1,0.01,0.0,1,multiplicative_gaussian_iid,1696ce8b0e80990d,512,sha256_raw_little_endian_float64,time,time_by_dimension_c_order,[512],"[512,1]",0.0,10.0,21.014157543212885,76.03113951237687,ffad3499269c08c6bd22e9e5c5d2ab32bbf827e2037cbdd6e73571aeab04432f,de31aa27bacb01ec52bd2deb23a04c1336fe0798eb0ef39731408c324d4813f5,cells\system_0003_ic2_time_f64le.bin,cells\system_0003_ic2_state_f64le_c_order.bin,C:\Users\joedicke\Documents\reps\EvoODE\outputs\phase_c_c6_data_conditions_5dd1df8\system_0003_ic2_sigma_0p01_rho_0_realization_1,float64,little_endian
3,2,1,0.01,0.0,2,multiplicative_gaussian_iid,715557b4e934a00a,512,sha256_raw_little_endian_float64,time,time_by_dimension_c_order,[512],"[512,1]",0.0,10.0,20.86345570154472,75.86308095457905,ffad3499269c08c6bd22e9e5c5d2ab32bbf827e2037cbdd6e73571aeab04432f,eced4fa255a06e3c283517072c25f71163d67114b584d83b62f3a2f388b5b1b5,cells\system_0003_ic2_time_f64le.bin,cells\system_0003_ic2_state_f64le_c_order.bin,C:\Users\joedicke\Documents\reps\EvoODE\outputs\phase_c_c6_data_conditions_5dd1df8\system_0003_ic2_sigma_0p01_rho_0_realization_2,float64,little_endian
3,2,1,0.01,0.0,3,multiplicative_gaussian_iid,bcb458bd643fcc5e,512,sha256_raw_little_endian_float64,time,time_by_dimension_c_order,[512],"[512,1]",0.0,10.0,21.117481316242305,75.91896038770233,ffad3499269c08c6bd22e9e5c5d2ab32bbf827e2037cbdd6e73571aeab04432f,ff5c49b01237ae01a3afd6442a2efcf13f6dc967111c15004caa1c605bf992f6,cells\system_0003_ic2_time_f64le.bin,cells\system_0003_ic2_state_f64le_c_order.bin,C:\Users\joedicke\Documents\reps\EvoODE\outputs\phase_c_c6_data_conditions_5dd1df8\system_0003_ic2_sigma_0p01_rho_0_realization_3,float64,little_endian
3,2,1,0.01,0.5,1,multiplicative_gaussian_iid,228ccdf853b4603f,256,sha256_raw_little_endian_float64,time,time_by_dimension_c_order,[256],"[256,1]",0.019569471624266144,9.941291585127201,21.41738752335786,76.43066316044019,c80f64007f4a977ad648fecc9272813c89a7dafa2e4749b1007e1b20b6e3e755,fd873be588e096588b167cc52865ec287fbfa8a9f1220c9caebf1727a89fd0b6,cells\system_0003_ic2_time_f64le.bin,cells\system_0003_ic2_state_f64le_c_order.bin,C:\Users\joedicke\Documents\reps\EvoODE\outputs\phase_c_c6_data_conditions_5dd1df8\system_0003_ic2_sigma_0p01_rho_0p5_realization_1,float64,little_endian
3,2,1,0.01,0.5,2,multiplicative_gaussian_iid,91c37238ed72132a,256,sha256_raw_little_endian_float64,time,time_by_dimension_c_order,[256],"[256,1]",0.0,9.980430528375733,21.401723676022247,76.21305091941966,c591a87dee05de4828e8a01a68e130fb299eca5e783b2a5982e5a70d2fb040d6,12c08ddbbb0189e07c07c8b326024d4e1c2b9cf30813f5de5c0cf126a649fa06,cells\system_0003_ic2_time_f64le.bin,cells\system_0003_ic2_state_f64le_c_order.bin,C:\Users\joedicke\Documents\reps\EvoODE\outputs\phase_c_c6_data_conditions_5dd1df8\system_0003_ic2_sigma_0p01_rho_0p5_realization_2,float64,little_endian
3,2,1,0.01,0.5,3,multiplicative_gaussian_iid,f288b68ee10122ab,256,sha256_raw_little_endian_float64,time,time_by_dimension_c_order,[256],"[256,1]",0.03913894324853229,9.960861056751467,21.044495672692385,75.85611682498282,e13fcd0648f2c2d1b011a18d3d7272b2455f05882e57b1394e600120871ff995,b5f706460cf50939c58d686c44f1f3efdda5de652f1d19fdcd9d0c8ac287d83f,cells\system_0003_ic2_time_f64le.bin,cells\system_0003_ic2_state_f64le_c_order.bin,C:\Users\joedicke\Documents\reps\EvoODE\outputs\phase_c_c6_data_conditions_5dd1df8\system_0003_ic2_sigma_0p01_rho_0p5_realization_3,float64,little_endian
3,2,1,0.02,0.0,1,multiplicative_gaussian_iid,672a11e7b6fa736d,512,sha256_raw_little_endian_float64,time,time_by_dimension_c_order,[512],"[512,1]",0.0,10.0,20.522325932094375,78.31248288155669,ffad3499269c08c6bd22e9e5c5d2ab32bbf827e2037cbdd6e73571aeab04432f,3ea280d1632c560a4f3845e681defe1bf3c719827f2d63f93373b69814c369c3,cells\system_0003_ic2_time_f64le.bin,cells\system_0003_ic2_state_f64le_c_order.bin,C:\Users\joedicke\Documents\reps\EvoODE\outputs\phase_c_c6_data_conditions_5dd1df8\system_0003_ic2_sigma_0p02_rho_0_realization_1,float64,little_endian
3,2,1,0.02,0.0,2,multiplicative_gaussian_iid,325115d8689b3624,512,sha256_raw_little_endian_float64,time,time_by_dimension_c_order,[512],"[512,1]",0.0,10.0,20.81412669262951,78.1839927582447,ffad3499269c08c6bd22e9e5c5d2ab32bbf827e2037cbdd6e73571aeab04432f,080477ee050d9fb19e1b3490a77a2d7f7f480181349f069fc8e6b2e3e52ee332,cells\system_0003_ic2_time_f64le.bin,cells\system_0003_ic2_state_f64le_c_order.bin,C:\Users\joedicke\Documents\reps\EvoODE\outputs\phase_c_c6_data_conditions_5dd1df8\system_0003_ic2_sigma_0p02_rho_0_realization_2,float64,little_endian
3,2,1,0.02,0.0,3,multiplicative_gaussian_iid,f381e98903da9113,512,sha256_raw_little_endian_float64,time,time_by_dimension_c_order,[512],"[512,1]",0.0,10.0,21.28997758330128,78.18952441006142,ffad3499269c08c6bd22e9e5c5d2ab32bbf827e2037cbdd6e73571aeab04432f,3989065e40fbbc6d785dbda1b08df2cac321af9960fd852136bd7562522018dc,cells\system_0003_ic2_time_f64le.bin,cells\system_0003_ic2_state_f64le_c_order.bin,C:\Users\joedicke\Documents\reps\EvoODE\outputs\phase_c_c6_data_conditions_5dd1df8\system_0003_ic2_sigma_0p02_rho_0_realization_3,float64,little_endian
3,2,1,0.02,0.5,1,multiplicative_gaussian_iid,7c6160caa1ea477b,256,sha256_raw_little_endian_float64,time,time_by_dimension_c_order,[256],"[256,1]",0.019569471624266144,9.980430528375733,21.34156221553095,77.55121279276776,bd19006ca8d39c8835208f16e0944dd46f4c056df26ddeeebb9f22ebfe8480bb,6089f1ba89b7815838f48ffc0d5bf784835efdff9a790afdb1c12787743855d3,cells\system_0003_ic2_time_f64le.bin,cells\system_0003_ic2_state_f64le_c_order.bin,C:\Users\joedicke\Documents\reps\EvoODE\outputs\phase_c_c6_data_conditions_5dd1df8\system_0003_ic2_sigma_0p02_rho_0p5_realization_1,float64,little_endian
3,2,1,0.02,0.5,2,multiplicative_gaussian_iid,bcd25d66948ee0ae,256,sha256_raw_little_endian_float64,time,time_by_dimension_c_order,[256],"[256,1]",0.0,9.980430528375733,20.263304752280803,77.15350329974545,28fd089ef33e48ca0f3a3853c55a0d4df3aa4c27141b3997cc96a686fea9676d,5de6a5cd7b02e5f9310e7941288090654e37e1e647a46549e94b2af4475da794,cells\system_0003_ic2_time_f64le.bin,cells\system_0003_ic2_state_f64le_c_order.bin,C:\Users\joedicke\Documents\reps\EvoODE\outputs\phase_c_c6_data_conditions_5dd1df8\system_0003_ic2_sigma_0p02_rho_0p5_realization_2,float64,little_endian
3,2,1,0.02,0.5,3,multiplicative_gaussian_iid,e0af3b0de5724047,256,sha256_raw_little_endian_float64,time,time_by_dimension_c_order,[256],"[256,1]",0.0,9.980430528375733,21.099649255417816,76.72798530727653,58bb888e4557b62c11aba12a894f48ebfa281d5b377a99302dcab81c4c0ce70a,dd9067947ff893e767eb988db81d6124dcc5c1162d969016afd64a4037de0542,cells\system_0003_ic2_time_f64le.bin,cells\system_0003_ic2_state_f64le_c_order.bin,C:\Users\joedicke\Documents\reps\EvoODE\outputs\phase_c_c6_data_conditions_5dd1df8\system_0003_ic2_sigma_0p02_rho_0p5_realization_3,float64,little_endian
3,2,1,0.03,0.0,1,multiplicative_gaussian_iid,9ab73e4eac8e3294,512,sha256_raw_little_endian_float64,time,time_by_dimension_c_order,[512],"[512,1]",0.0,10.0,20.490188335953174,80.48406417739751,ffad3499269c08c6bd22e9e5c5d2ab32bbf827e2037cbdd6e73571aeab04432f,141d009889aa20823802ccbd771567061521013b2751823c99610d8287832d2f,cells\system_0003_ic2_time_f64le.bin,cells\system_0003_ic2_state_f64le_c_order.bin,C:\Users\joedicke\Documents\reps\EvoODE\outputs\phase_c_c6_data_conditions_5dd1df8\system_0003_ic2_sigma_0p029999999999999999_rho_0_realization_1,float64,little_endian
3,2,1,0.03,0.0,2,multiplicative_gaussian_iid,82c3da1e7e62eee3,512,sha256_raw_little_endian_float64,time,time_by_dimension_c_order,[512],"[512,1]",0.0,10.0,20.412171457194823,79.88658564125828,ffad3499269c08c6bd22e9e5c5d2ab32bbf827e2037cbdd6e73571aeab04432f,12da7dadf2155da2ba8eb51cfb7c0a53a239bd3428ab10461bee5390f1e616ff,cells\system_0003_ic2_time_f64le.bin,cells\system_0003_ic2_state_f64le_c_order.bin,C:\Users\joedicke\Documents\reps\EvoODE\outputs\phase_c_c6_data_conditions_5dd1df8\system_0003_ic2_sigma_0p029999999999999999_rho_0_realization_2,float64,little_endian
3,2,1,0.03,0.0,3,multiplicative_gaussian_iid,14ad814a69ec28ff,512,sha256_raw_little_endian_float64,time,time_by_dimension_c_order,[512],"[512,1]",0.0,10.0,21.208173342043402,79.0935705839367,ffad3499269c08c6bd22e9e5c5d2ab32bbf827e2037cbdd6e73571aeab04432f,533c61d5f89b3a8f1a928bc002f511876923e2e5fdb1a01b6fe594263e72bc04,cells\system_0003_ic2_time_f64le.bin,cells\system_0003_ic2_state_f64le_c_order.bin,C:\Users\joedicke\Documents\reps\EvoODE\outputs\phase_c_c6_data_conditions_5dd1df8\system_0003_ic2_sigma_0p029999999999999999_rho_0_realization_3,float64,little_endian
3,2,1,0.03,0.5,1,multiplicative_gaussian_iid,8de245124bfb451c,256,sha256_raw_little_endian_float64,time,time_by_dimension_c_order,[256],"[256,1]",0.019569471624266144,9.980430528375733,20.575972517097235,79.22026401151398,bb694511165d2160d99c08b83d1a6f32f2d249a0298df49d66228e95ac90411b,25d58c87cf62943759828de4e1d58d7fb263bc1f30a7087b8b30a399cc90f139,cells\system_0003_ic2_time_f64le.bin,cells\system_0003_ic2_state_f64le_c_order.bin,C:\Users\joedicke\Documents\reps\EvoODE\outputs\phase_c_c6_data_conditions_5dd1df8\system_0003_ic2_sigma_0p029999999999999999_rho_0p5_realization_1,float64,little_endian
3,2,1,0.03,0.5,2,multiplicative_gaussian_iid,a318ab0636b2776b,256,sha256_raw_little_endian_float64,time,time_by_dimension_c_order,[256],"[256,1]",0.0,9.902152641878669,20.702021108417206,79.23563850413805,6a2ca32bece0a1a624d5f37d3e31d8ba23e5a1495403a395fb78a1e7d884adee,590b4106a077a7608e0d5faaf99e9267976a1be8d4d1fa43175524e86cc55320,cells\system_0003_ic2_time_f64le.bin,cells\system_0003_ic2_state_f64le_c_order.bin,C:\Users\joedicke\Documents\reps\EvoODE\outputs\phase_c_c6_data_conditions_5dd1df8\system_0003_ic2_sigma_0p029999999999999999_rho_0p5_realization_2,float64,little_endian
3,2,1,0.03,0.5,3,multiplicative_gaussian_iid,069741ac89cccc44,256,sha256_raw_little_endian_float64,time,time_by_dimension_c_order,[256],"[256,1]",0.0,10.0,20.448987766037167,78.88279703860648,31dafc09d38c35a191981e3c50fbab86c5d4fa9059dc6b5380dfe657b56b582a,6d23468f305259ee02cb6fb28a2d1bfda178a460e345e7049716be8fd423f628,cells\system_0003_ic2_time_f64le.bin,cells\system_0003_ic2_state_f64le_c_order.bin,C:\Users\joedicke\Documents\reps\EvoODE\outputs\phase_c_c6_data_conditions_5dd1df8\system_0003_ic2_sigma_0p029999999999999999_rho_0p5_realization_3,float64,little_endian
3,2,1,0.04,0.0,1,multiplicative_gaussian_iid,44801945584039fb,512,sha256_raw_little_endian_float64,time,time_by_dimension_c_order,[512],"[512,1]",0.0,10.0,20.44617781606519,89.41957612299662,ffad3499269c08c6bd22e9e5c5d2ab32bbf827e2037cbdd6e73571aeab04432f,ecb5ad98716d9f05601cb2cfceb653517106cb4f7089110f9c1ee084d6ca07c3,cells\system_0003_ic2_time_f64le.bin,cells\system_0003_ic2_state_f64le_c_order.bin,C:\Users\joedicke\Documents\reps\EvoODE\outputs\phase_c_c6_data_conditions_5dd1df8\system_0003_ic2_sigma_0p040000000000000001_rho_0_realization_1,float64,little_endian
3,2,1,0.04,0.0,2,multiplicative_gaussian_iid,8822fb29eb654e2c,512,sha256_raw_little_endian_float64,time,time_by_dimension_c_order,[512],"[512,1]",0.0,10.0,20.836837313936705,79.88858072202312,ffad3499269c08c6bd22e9e5c5d2ab32bbf827e2037cbdd6e73571aeab04432f,0380a4911835c640895858033b72cc4b25ce17dc202d729677a9cae4501b5b8d,cells\system_0003_ic2_time_f64le.bin,cells\system_0003_ic2_state_f64le_c_order.bin,C:\Users\joedicke\Documents\reps\EvoODE\outputs\phase_c_c6_data_conditions_5dd1df8\system_0003_ic2_sigma_0p040000000000000001_rho_0_realization_2,float64,little_endian
3,2,1,0.04,0.0,3,multiplicative_gaussian_iid,c894b9d947f7dad9,512,sha256_raw_little_endian_float64,time,time_by_dimension_c_order,[512],"[512,1]",0.0,10.0,18.92589283369532,81.38403665242441,ffad3499269c08c6bd22e9e5c5d2ab32bbf827e2037cbdd6e73571aeab04432f,4c6e98029c86b83f2e8ab75b91cbf7f071dd1d194dc20fe72fe76d7d7dc696b7,cells\system_0003_ic2_time_f64le.bin,cells\system_0003_ic2_state_f64le_c_order.bin,C:\Users\joedicke\Documents\reps\EvoODE\outputs\phase_c_c6_data_conditions_5dd1df8\system_0003_ic2_sigma_0p040000000000000001_rho_0_realization_3,float64,little_endian
3,2,1,0.04,0.5,1,multiplicative_gaussian_iid,9b8b6df42eee8e32,256,sha256_raw_little_endian_float64,time,time_by_dimension_c_order,[256],"[256,1]",0.0,10.0,21.58703097975618,80.87223792345118,fd39e1ce36b603e2f44b91166ae04bf24f6182c62bf0bb005046c0e18a8fa5fb,af0ee5b1ab777761eaf3fcea67334f0d9ce2e7f6d219a77570388b285441edfe,cells\system_0003_ic2_time_f64le.bin,cells\system_0003_ic2_state_f64le_c_order.bin,C:\Users\joedicke\Documents\reps\EvoODE\outputs\phase_c_c6_data_conditions_5dd1df8\system_0003_ic2_sigma_0p040000000000000001_rho_0p5_realization_1,float64,little_endian
3,2,1,0.04,0.5,2,multiplicative_gaussian_iid,782ee43c52f10048,256,sha256_raw_little_endian_float64,time,time_by_dimension_c_order,[256],"[256,1]",0.019569471624266144,9.980430528375733,20.944486553337537,83.8280902505661,84067dd4d19eb7fa08181e57c4067d8fb431092c282882230b573fe3be4dadaa,6a5d7f88837e801b1b82a91baebd911e104fc05f5250d7fdd73b04fd7c8b12ac,cells\system_0003_ic2_time_f64le.bin,cells\system_0003_ic2_state_f64le_c_order.bin,C:\Users\joedicke\Documents\reps\EvoODE\outputs\phase_c_c6_data_conditions_5dd1df8\system_0003_ic2_sigma_0p040000000000000001_rho_0p5_realization_2,float64,little_endian
3,2,1,0.04,0.5,3,multiplicative_gaussian_iid,ed5295c60e5e2276,256,sha256_raw_little_endian_float64,time,time_by_dimension_c_order,[256],"[256,1]",0.019569471624266144,9.980430528375733,21.85120237994955,80.56524315188884,9a36221c14bee2517de161a78451f86845c79588df9f229b45739d1f9ac78889,5bdc019038342ce64141f3251f428db8aa25a885acca6b0529962bbdf9b31627,cells\system_0003_ic2_time_f64le.bin,cells\system_0003_ic2_state_f64le_c_order.bin,C:\Users\joedicke\Documents\reps\EvoODE\outputs\phase_c_c6_data_conditions_5dd1df8\system_0003_ic2_sigma_0p040000000000000001_rho_0p5_realization_3,float64,little_endian
3,2,1,0.05,0.0,1,multiplicative_gaussian_iid,0c0ad42629f69010,512,sha256_raw_little_endian_float64,time,time_by_dimension_c_order,[512],"[512,1]",0.0,10.0,19.711886499115188,83.0556877822355,ffad3499269c08c6bd22e9e5c5d2ab32bbf827e2037cbdd6e73571aeab04432f,8a7ea05936eb6c579abc10bf1bce311b56298dade27092a686b7422c44b4d31e,cells\system_0003_ic2_time_f64le.bin,cells\system_0003_ic2_state_f64le_c_order.bin,C:\Users\joedicke\Documents\reps\EvoODE\outputs\phase_c_c6_data_conditions_5dd1df8\system_0003_ic2_sigma_0p050000000000000003_rho_0_realization_1,float64,little_endian
3,2,1,0.05,0.0,2,multiplicative_gaussian_iid,d4fd33de90c64fdb,512,sha256_raw_little_endian_float64,time,time_by_dimension_c_order,[512],"[512,1]",0.0,10.0,18.29457072518879,82.26730328699817,ffad3499269c08c6bd22e9e5c5d2ab32bbf827e2037cbdd6e73571aeab04432f,d8195e853975a51d99c1a9b297063d0cbbe9850ccf4bf7d34faaf7b6f4a4799f,cells\system_0003_ic2_time_f64le.bin,cells\system_0003_ic2_state_f64le_c_order.bin,C:\Users\joedicke\Documents\reps\EvoODE\outputs\phase_c_c6_data_conditions_5dd1df8\system_0003_ic2_sigma_0p050000000000000003_rho_0_realization_2,float64,little_endian
3,2,1,0.05,0.0,3,multiplicative_gaussian_iid,474964b5d4eb36b7,512,sha256_raw_little_endian_float64,time,time_by_dimension_c_order,[512],"[512,1]",0.0,10.0,19.56187852286888,82.69376380002743,ffad3499269c08c6bd22e9e5c5d2ab32bbf827e2037cbdd6e73571aeab04432f,c23048f75c02c766d3c9b1c29e35ee1202ea5aaa8fccb83370e3601b397d60b8,cells\system_0003_ic2_time_f64le.bin,cells\system_0003_ic2_state_f64le_c_order.bin,C:\Users\joedicke\Documents\reps\EvoODE\outputs\phase_c_c6_data_conditions_5dd1df8\system_0003_ic2_sigma_0p050000000000000003_rho_0_realization_3,float64,little_endian
3,2,1,0.05,0.5,1,multiplicative_gaussian_iid,2c2c9d97aa17bd60,256,sha256_raw_little_endian_float64,time,time_by_dimension_c_order,[256],"[256,1]",0.019569471624266144,10.0,20.486935011592948,82.45363504522857,774835c9ed4cbd2695484abd644d6e74f42b276cb5b2aaec83357c81c5d36bc9,a9fde2b2ea811044b8f614e23f287146fe2a09b5c5bba59b7eed1819f84bda14,cells\system_0003_ic2_time_f64le.bin,cells\system_0003_ic2_state_f64le_c_order.bin,C:\Users\joedicke\Documents\reps\EvoODE\outputs\phase_c_c6_data_conditions_5dd1df8\system_0003_ic2_sigma_0p050000000000000003_rho_0p5_realization_1,float64,little_endian
3,2,1,0.05,0.5,2,multiplicative_gaussian_iid,0e7c4be2f70297ab,256,sha256_raw_little_endian_float64,time,time_by_dimension_c_order,[256],"[256,1]",0.0,9.941291585127201,19.824101708995787,83.07931693347905,0a17ede4c77e0078ef061a4a7582354fe3135e784a81ce3152794ad67143d943,1719fb681f171033d8bbaf7b02de1fc9b560c7d0e6ecdbd2b8f6321e092ea665,cells\system_0003_ic2_time_f64le.bin,cells\system_0003_ic2_state_f64le_c_order.bin,C:\Users\joedicke\Documents\reps\EvoODE\outputs\phase_c_c6_data_conditions_5dd1df8\system_0003_ic2_sigma_0p050000000000000003_rho_0p5_realization_2,float64,little_endian
3,2,1,0.05,0.5,3,multiplicative_gaussian_iid,eb4c796cf661b732,256,sha256_raw_little_endian_float64,time,time_by_dimension_c_order,[256],"[256,1]",0.0,9.980430528375733,21.28052677609443,81.06909195223352,3de55d9fb50907686a71c37cebf8d805b7db566874f0e109835c99b64dad0808,0d0796a58c4fcef74679027527f79593f47a3adf34ef920f7ffe3b796d9f7414,cells\system_0003_ic2_time_f64le.bin,cells\system_0003_ic2_state_f64le_c_order.bin,C:\Users\joedicke\Documents\reps\EvoODE\outputs\phase_c_c6_data_conditions_5dd1df8\system_0003_ic2_sigma_0p050000000000000003_rho_0p5_realization_3,float64,little_endian
13,1,1,0.0,0.0,1,multiplicative_gaussian_iid,799711a15b6d0740,512,sha256_raw_little_endian_float64,time,time_by_dimension_c_order,[512],"[512,1]",0.0,10.0,1.4689547249745343,3.1,ffad3499269c08c6bd22e9e5c5d2ab32bbf827e2037cbdd6e73571aeab04432f,dce17ae6c1baa2eaff49baaaaaed95f78e343c40eb9ec9007866d782f2ad7b2c,cells\system_0013_ic1_time_f64le.bin,cells\system_0013_ic1_state_f64le_c_order.bin,C:\Users\joedicke\Documents\reps\EvoODE\outputs\phase_c_c6_data_conditions_5dd1df8\system_0013_ic1_sigma_0_rho_0_realization_1,float64,little_endian
13,1,1,0.0,0.0,2,multiplicative_gaussian_iid,b5afe8a7651c851f,512,sha256_raw_little_endian_float64,time,time_by_dimension_c_order,[512],"[512,1]",0.0,10.0,1.4689547249745343,3.1,ffad3499269c08c6bd22e9e5c5d2ab32bbf827e2037cbdd6e73571aeab04432f,dce17ae6c1baa2eaff49baaaaaed95f78e343c40eb9ec9007866d782f2ad7b2c,cells\system_0013_ic1_time_f64le.bin,cells\system_0013_ic1_state_f64le_c_order.bin,C:\Users\joedicke\Documents\reps\EvoODE\outputs\phase_c_c6_data_conditions_5dd1df8\system_0013_ic1_sigma_0_rho_0_realization_2,float64,little_endian
13,1,1,0.0,0.0,3,multiplicative_gaussian_iid,d0ef57fd9e507f22,512,sha256_raw_little_endian_float64,time,time_by_dimension_c_order,[512],"[512,1]",0.0,10.0,1.4689547249745343,3.1,ffad3499269c08c6bd22e9e5c5d2ab32bbf827e2037cbdd6e73571aeab04432f,dce17ae6c1baa2eaff49baaaaaed95f78e343c40eb9ec9007866d782f2ad7b2c,cells\system_0013_ic1_time_f64le.bin,cells\system_0013_ic1_state_f64le_c_order.bin,C:\Users\joedicke\Documents\reps\EvoODE\outputs\phase_c_c6_data_conditions_5dd1df8\system_0013_ic1_sigma_0_rho_0_realization_3,float64,little_endian
13,1,1,0.0,0.5,1,multiplicative_gaussian_iid,e5ae40517517118c,256,sha256_raw_little_endian_float64,time,time_by_dimension_c_order,[256],"[256,1]",0.0,9.960861056751467,1.4690085877259125,3.1,c0ced5e88c4407b86106dc7651fef57cd8829e375c54ef90275127863fbbdd7d,e32e84024da5511b67b4eca20bb3289cfcc27002ef0a987c38e0fca2ef97fad1,cells\system_0013_ic1_time_f64le.bin,cells\system_0013_ic1_state_f64le_c_order.bin,C:\Users\joedicke\Documents\reps\EvoODE\outputs\phase_c_c6_data_conditions_5dd1df8\system_0013_ic1_sigma_0_rho_0p5_realization_1,float64,little_endian
13,1,1,0.0,0.5,2,multiplicative_gaussian_iid,410220e26b007c78,256,sha256_raw_little_endian_float64,time,time_by_dimension_c_order,[256],"[256,1]",0.0,9.960861056751467,1.4690085877259125,3.1,879aef52f4255c505c4e62b5cf1d583348ccaa404f01f7d1cf9a6a504b8fc90e,14cc5d38eb2517ffdb1d764e5c4cd16e6462b7831a568e0c523feb43a64167b7,cells\system_0013_ic1_time_f64le.bin,cells\system_0013_ic1_state_f64le_c_order.bin,C:\Users\joedicke\Documents\reps\EvoODE\outputs\phase_c_c6_data_conditions_5dd1df8\system_0013_ic1_sigma_0_rho_0p5_realization_2,float64,little_endian
13,1,1,0.0,0.5,3,multiplicative_gaussian_iid,32943fed9075ec6b,256,sha256_raw_little_endian_float64,time,time_by_dimension_c_order,[256],"[256,1]",0.019569471624266144,10.0,1.4689547249745343,3.09913774398995,45c5e9265e0405d46076411fd41066ceca3b52729549ce9c40388ee7b2ea00d9,efe3799241bf8859db50db8ea87bf8e8263f32600da8d9452fd8f91f21d01942,cells\system_0013_ic1_time_f64le.bin,cells\system_0013_ic1_state_f64le_c_order.bin,C:\Users\joedicke\Documents\reps\EvoODE\outputs\phase_c_c6_data_conditions_5dd1df8\system_0013_ic1_sigma_0_rho_0p5_realization_3,float64,little_endian
13,1,1,0.01,0.0,1,multiplicative_gaussian_iid,1696ce8b0e80990d,512,sha256_raw_little_endian_float64,time,time_by_dimension_c_order,[512],"[512,1]",0.0,10.0,1.4420323829295036,3.157655642241677,ffad3499269c08c6bd22e9e5c5d2ab32bbf827e2037cbdd6e73571aeab04432f,886ee7205112783cb6fb787013697a1839ee4ce6ecec6ce87d133ae7e5416391,cells\system_0013_ic1_time_f64le.bin,cells\system_0013_ic1_state_f64le_c_order.bin,C:\Users\joedicke\Documents\reps\EvoODE\outputs\phase_c_c6_data_conditions_5dd1df8\system_0013_ic1_sigma_0p01_rho_0_realization_1,float64,little_endian
13,1,1,0.01,0.0,2,multiplicative_gaussian_iid,715557b4e934a00a,512,sha256_raw_little_endian_float64,time,time_by_dimension_c_order,[512],"[512,1]",0.0,10.0,1.4325264511501161,3.13666491533533,ffad3499269c08c6bd22e9e5c5d2ab32bbf827e2037cbdd6e73571aeab04432f,e5e069c51208b02c42286a5d508becc4cff5e58f5488af4204f179103ed1a3ce,cells\system_0013_ic1_time_f64le.bin,cells\system_0013_ic1_state_f64le_c_order.bin,C:\Users\joedicke\Documents\reps\EvoODE\outputs\phase_c_c6_data_conditions_5dd1df8\system_0013_ic1_sigma_0p01_rho_0_realization_2,float64,little_endian
13,1,1,0.01,0.0,3,multiplicative_gaussian_iid,bcb458bd643fcc5e,512,sha256_raw_little_endian_float64,time,time_by_dimension_c_order,[512],"[512,1]",0.0,10.0,1.4301774407436179,3.1529711645847054,ffad3499269c08c6bd22e9e5c5d2ab32bbf827e2037cbdd6e73571aeab04432f,45e8d9809f93dd1ac1be01b12edf0bc7b6f8cae627bd020e2bff048326acec96,cells\system_0013_ic1_time_f64le.bin,cells\system_0013_ic1_state_f64le_c_order.bin,C:\Users\joedicke\Documents\reps\EvoODE\outputs\phase_c_c6_data_conditions_5dd1df8\system_0013_ic1_sigma_0p01_rho_0_realization_3,float64,little_endian
13,1,1,0.01,0.5,1,multiplicative_gaussian_iid,228ccdf853b4603f,256,sha256_raw_little_endian_float64,time,time_by_dimension_c_order,[256],"[256,1]",0.03913894324853229,9.941291585127201,1.4350572319844903,3.123435399802596,8fcbec7d2d765209b548ca9d365c66b3e20a3589099fdd6d566bc98c61cacbae,5c7b093879a980509df8e4a5b53a1c42870035ced69f7487346977293cd444b9,cells\system_0013_ic1_time_f64le.bin,cells\system_0013_ic1_state_f64le_c_order.bin,C:\Users\joedicke\Documents\reps\EvoODE\outputs\phase_c_c6_data_conditions_5dd1df8\system_0013_ic1_sigma_0p01_rho_0p5_realization_1,float64,little_endian
13,1,1,0.01,0.5,2,multiplicative_gaussian_iid,91c37238ed72132a,256,sha256_raw_little_endian_float64,time,time_by_dimension_c_order,[256],"[256,1]",0.019569471624266144,9.980430528375733,1.4378202415649302,3.144278986058309,bec8058e2731b0b2a24dd0cb940c1e10a2fe2861bb35d5a520cf435593cc4576,a30aa6bd108096adfc905a8bfd4b5e61a4e0cdaa16790c3c613f387128d3f622,cells\system_0013_ic1_time_f64le.bin,cells\system_0013_ic1_state_f64le_c_order.bin,C:\Users\joedicke\Documents\reps\EvoODE\outputs\phase_c_c6_data_conditions_5dd1df8\system_0013_ic1_sigma_0p01_rho_0p5_realization_2,float64,little_endian
13,1,1,0.01,0.5,3,multiplicative_gaussian_iid,f288b68ee10122ab,256,sha256_raw_little_endian_float64,time,time_by_dimension_c_order,[256],"[256,1]",0.019569471624266144,9.980430528375733,1.4501139475355023,3.1609632361071354,bb964329e3b52af618a57e6674c53b3f4326ccf38a2f324db5765787e315b128,bd8a16f4c929797a0a6ded98447d1b3e178ac9d710982815cf4fe72345f11dfc,cells\system_0013_ic1_time_f64le.bin,cells\system_0013_ic1_state_f64le_c_order.bin,C:\Users\joedicke\Documents\reps\EvoODE\outputs\phase_c_c6_data_conditions_5dd1df8\system_0013_ic1_sigma_0p01_rho_0p5_realization_3,float64,little_endian
13,1,1,0.02,0.0,1,multiplicative_gaussian_iid,672a11e7b6fa736d,512,sha256_raw_little_endian_float64,time,time_by_dimension_c_order,[512],"[512,1]",0.0,10.0,1.3930166635425536,3.177123721035494,ffad3499269c08c6bd22e9e5c5d2ab32bbf827e2037cbdd6e73571aeab04432f,c58c1a0cee1f8febe8e5e8dcd7911694fccef94a66699f28b41156ace62e8184,cells\system_0013_ic1_time_f64le.bin,cells\system_0013_ic1_state_f64le_c_order.bin,C:\Users\joedicke\Documents\reps\EvoODE\outputs\phase_c_c6_data_conditions_5dd1df8\system_0013_ic1_sigma_0p02_rho_0_realization_1,float64,little_endian
13,1,1,0.02,0.0,2,multiplicative_gaussian_iid,325115d8689b3624,512,sha256_raw_little_endian_float64,time,time_by_dimension_c_order,[512],"[512,1]",0.0,10.0,1.3824987202232573,3.2565631050781914,ffad3499269c08c6bd22e9e5c5d2ab32bbf827e2037cbdd6e73571aeab04432f,b049ef2291bf359e09ced6fde76512c46158b07f1735bd5c390156577ad731b6,cells\system_0013_ic1_time_f64le.bin,cells\system_0013_ic1_state_f64le_c_order.bin,C:\Users\joedicke\Documents\reps\EvoODE\outputs\phase_c_c6_data_conditions_5dd1df8\system_0013_ic1_sigma_0p02_rho_0_realization_2,float64,little_endian
13,1,1,0.02,0.0,3,multiplicative_gaussian_iid,f381e98903da9113,512,sha256_raw_little_endian_float64,time,time_by_dimension_c_order,[512],"[512,1]",0.0,10.0,1.3911219857087334,3.1966541000143196,ffad3499269c08c6bd22e9e5c5d2ab32bbf827e2037cbdd6e73571aeab04432f,ca7a45751f1cc463c448a9095d687b551d32b696b5af41a2a95530d444c6804c,cells\system_0013_ic1_time_f64le.bin,cells\system_0013_ic1_state_f64le_c_order.bin,C:\Users\joedicke\Documents\reps\EvoODE\outputs\phase_c_c6_data_conditions_5dd1df8\system_0013_ic1_sigma_0p02_rho_0_realization_3,float64,little_endian
13,1,1,0.02,0.5,1,multiplicative_gaussian_iid,7c6160caa1ea477b,256,sha256_raw_little_endian_float64,time,time_by_dimension_c_order,[256],"[256,1]",0.019569471624266144,10.0,1.4198330570144946,3.2194761552260847,dc7558ac0a0f8cef58386ad6b1cb3edc838e756e8f670776a68df422d5cfb84c,3ba5c1ae6aecbe8d63d3b55b5ab3baae0a001532efe48ffc9d45a8dbbf1b7862,cells\system_0013_ic1_time_f64le.bin,cells\system_0013_ic1_state_f64le_c_order.bin,C:\Users\joedicke\Documents\reps\EvoODE\outputs\phase_c_c6_data_conditions_5dd1df8\system_0013_ic1_sigma_0p02_rho_0p5_realization_1,float64,little_endian
13,1,1,0.02,0.5,2,multiplicative_gaussian_iid,bcd25d66948ee0ae,256,sha256_raw_little_endian_float64,time,time_by_dimension_c_order,[256],"[256,1]",0.0,9.941291585127201,1.3705658309939968,3.164688480984474,282e565d4dbabc8868398107820e1a65f68cd08b23dfaf5bddde5a45d4889297,10ac4d6450c60bc4b3814916d05612663afd50e5a74ec23b2a97e5742d5c6919,cells\system_0013_ic1_time_f64le.bin,cells\system_0013_ic1_state_f64le_c_order.bin,C:\Users\joedicke\Documents\reps\EvoODE\outputs\phase_c_c6_data_conditions_5dd1df8\system_0013_ic1_sigma_0p02_rho_0p5_realization_2,float64,little_endian
13,1,1,0.02,0.5,3,multiplicative_gaussian_iid,e0af3b0de5724047,256,sha256_raw_little_endian_float64,time,time_by_dimension_c_order,[256],"[256,1]",0.019569471624266144,9.980430528375733,1.4217971209844493,3.1773608721505178,02e26851e117f763a6ea30c693e56b2842a2bd9d35bd0fc3989df29515c6bc6e,05b53ee9ce6bde376f4ae1a38f43701f0f281e92bfa358771adbdf5e81db63e0,cells\system_0013_ic1_time_f64le.bin,cells\system_0013_ic1_state_f64le_c_order.bin,C:\Users\joedicke\Documents\reps\EvoODE\outputs\phase_c_c6_data_conditions_5dd1df8\system_0013_ic1_sigma_0p02_rho_0p5_realization_3,float64,little_endian
13,1,1,0.03,0.0,1,multiplicative_gaussian_iid,9ab73e4eac8e3294,512,sha256_raw_little_endian_float64,time,time_by_dimension_c_order,[512],"[512,1]",0.0,10.0,1.3884685339570864,3.2959009375315507,ffad3499269c08c6bd22e9e5c5d2ab32bbf827e2037cbdd6e73571aeab04432f,b099eace73eada364a009eeb58dc1451c01c1a5dbd582edf97727a5b093db166,cells\system_0013_ic1_time_f64le.bin,cells\system_0013_ic1_state_f64le_c_order.bin,C:\Users\joedicke\Documents\reps\EvoODE\outputs\phase_c_c6_data_conditions_5dd1df8\system_0013_ic1_sigma_0p029999999999999999_rho_0_realization_1,float64,little_endian
13,1,1,0.03,0.0,2,multiplicative_gaussian_iid,82c3da1e7e62eee3,512,sha256_raw_little_endian_float64,time,time_by_dimension_c_order,[512],"[512,1]",0.0,10.0,1.3292013184527873,3.266197906822791,ffad3499269c08c6bd22e9e5c5d2ab32bbf827e2037cbdd6e73571aeab04432f,b8618a8cdc8530ca33504eb020ad03a7f2e171d94f48ece2819ee8c0ee75cc95,cells\system_0013_ic1_time_f64le.bin,cells\system_0013_ic1_state_f64le_c_order.bin,C:\Users\joedicke\Documents\reps\EvoODE\outputs\phase_c_c6_data_conditions_5dd1df8\system_0013_ic1_sigma_0p029999999999999999_rho_0_realization_2,float64,little_endian
13,1,1,0.03,0.0,3,multiplicative_gaussian_iid,14ad814a69ec28ff,512,sha256_raw_little_endian_float64,time,time_by_dimension_c_order,[512],"[512,1]",0.0,10.0,1.3607703647450649,3.3356202983089185,ffad3499269c08c6bd22e9e5c5d2ab32bbf827e2037cbdd6e73571aeab04432f,171e53c2b201a767eb19e95143d1f08969e7ad0b6812fd39fa0afe630e63afa4,cells\system_0013_ic1_time_f64le.bin,cells\system_0013_ic1_state_f64le_c_order.bin,C:\Users\joedicke\Documents\reps\EvoODE\outputs\phase_c_c6_data_conditions_5dd1df8\system_0013_ic1_sigma_0p029999999999999999_rho_0_realization_3,float64,little_endian
13,1,1,0.03,0.5,1,multiplicative_gaussian_iid,8de245124bfb451c,256,sha256_raw_little_endian_float64,time,time_by_dimension_c_order,[256],"[256,1]",0.0,9.980430528375733,1.359894630044146,3.3133899944949956,f708f0c705f9756003bc0764e5391c30ea63813f288e063764a67f12eee74778,c5f03a89df7b76106fb5d32a34146c4f1658720313bd707f52bd42ca968cd00b,cells\system_0013_ic1_time_f64le.bin,cells\system_0013_ic1_state_f64le_c_order.bin,C:\Users\joedicke\Documents\reps\EvoODE\outputs\phase_c_c6_data_conditions_5dd1df8\system_0013_ic1_sigma_0p029999999999999999_rho_0p5_realization_1,float64,little_endian
13,1,1,0.03,0.5,2,multiplicative_gaussian_iid,a318ab0636b2776b,256,sha256_raw_little_endian_float64,time,time_by_dimension_c_order,[256],"[256,1]",0.0,10.0,1.3914621934925304,3.2412984606330553,a530540c99780b1e6365e4f783c467f2f4942609df18eba9aa0d03c8b537ecf7,13a38642546200f0b265c5eb55fde10b87b8400edaa309442965960d842ccf22,cells\system_0013_ic1_time_f64le.bin,cells\system_0013_ic1_state_f64le_c_order.bin,C:\Users\joedicke\Documents\reps\EvoODE\outputs\phase_c_c6_data_conditions_5dd1df8\system_0013_ic1_sigma_0p029999999999999999_rho_0p5_realization_2,float64,little_endian
13,1,1,0.03,0.5,3,multiplicative_gaussian_iid,069741ac89cccc44,256,sha256_raw_little_endian_float64,time,time_by_dimension_c_order,[256],"[256,1]",0.05870841487279843,9.960861056751467,1.3619574530913936,3.2259892858933354,c5e789d55cb3695a0051b80bbae16359a3f49fc673fa1967518ffedeb546aca6,3f015f17714f08ba72d469dcec65f296d645178e2b157489184fbad7e873a59e,cells\system_0013_ic1_time_f64le.bin,cells\system_0013_ic1_state_f64le_c_order.bin,C:\Users\joedicke\Documents\reps\EvoODE\outputs\phase_c_c6_data_conditions_5dd1df8\system_0013_ic1_sigma_0p029999999999999999_rho_0p5_realization_3,float64,little_endian
13,1,1,0.04,0.0,1,multiplicative_gaussian_iid,44801945584039fb,512,sha256_raw_little_endian_float64,time,time_by_dimension_c_order,[512],"[512,1]",0.0,10.0,1.2985725458139519,3.2760259320946092,ffad3499269c08c6bd22e9e5c5d2ab32bbf827e2037cbdd6e73571aeab04432f,f2baec928290bac2001ef383a56346aa1d0742f95c058a35bef5e0756ee896c1,cells\system_0013_ic1_time_f64le.bin,cells\system_0013_ic1_state_f64le_c_order.bin,C:\Users\joedicke\Documents\reps\EvoODE\outputs\phase_c_c6_data_conditions_5dd1df8\system_0013_ic1_sigma_0p040000000000000001_rho_0_realization_1,float64,little_endian
13,1,1,0.04,0.0,2,multiplicative_gaussian_iid,8822fb29eb654e2c,512,sha256_raw_little_endian_float64,time,time_by_dimension_c_order,[512],"[512,1]",0.0,10.0,1.3276095492279305,3.2750397394823785,ffad3499269c08c6bd22e9e5c5d2ab32bbf827e2037cbdd6e73571aeab04432f,bb4b93fd3ec72a3fe10d11e4838848736e3ee94dced46d6e5065f3ac711e6014,cells\system_0013_ic1_time_f64le.bin,cells\system_0013_ic1_state_f64le_c_order.bin,C:\Users\joedicke\Documents\reps\EvoODE\outputs\phase_c_c6_data_conditions_5dd1df8\system_0013_ic1_sigma_0p040000000000000001_rho_0_realization_2,float64,little_endian
13,1,1,0.04,0.0,3,multiplicative_gaussian_iid,c894b9d947f7dad9,512,sha256_raw_little_endian_float64,time,time_by_dimension_c_order,[512],"[512,1]",0.0,10.0,1.3016152993576415,3.3218144490379573,ffad3499269c08c6bd22e9e5c5d2ab32bbf827e2037cbdd6e73571aeab04432f,fa4bb47127811fcd5ded378b9c7553fc30ec57215197a754347d24c4b5d0f072,cells\system_0013_ic1_time_f64le.bin,cells\system_0013_ic1_state_f64le_c_order.bin,C:\Users\joedicke\Documents\reps\EvoODE\outputs\phase_c_c6_data_conditions_5dd1df8\system_0013_ic1_sigma_0p040000000000000001_rho_0_realization_3,float64,little_endian
13,1,1,0.04,0.5,1,multiplicative_gaussian_iid,9b8b6df42eee8e32,256,sha256_raw_little_endian_float64,time,time_by_dimension_c_order,[256],"[256,1]",0.07827788649706457,9.980430528375733,1.3410260731486672,3.3894219829071286,09f3feeb4da017bfa3b796dceab197dba8fb243f12fbd724141080522965868f,b1e5e140b792c63fd6a8d4892f5ab396f7c47f868b86dd35969d7e725b572fd7,cells\system_0013_ic1_time_f64le.bin,cells\system_0013_ic1_state_f64le_c_order.bin,C:\Users\joedicke\Documents\reps\EvoODE\outputs\phase_c_c6_data_conditions_5dd1df8\system_0013_ic1_sigma_0p040000000000000001_rho_0p5_realization_1,float64,little_endian
13,1,1,0.04,0.5,2,multiplicative_gaussian_iid,782ee43c52f10048,256,sha256_raw_little_endian_float64,time,time_by_dimension_c_order,[256],"[256,1]",0.0,9.960861056751467,1.3455932649813005,3.2189585003252223,d1408e9d17afe2aac90ffd071b870b746f37a65950b9b2063b1e536c0ee46604,9d304f3063ae382e92a74cbbb2f78b7c8a5bdd37e403e8b6b5ca2de0d8a7b01a,cells\system_0013_ic1_time_f64le.bin,cells\system_0013_ic1_state_f64le_c_order.bin,C:\Users\joedicke\Documents\reps\EvoODE\outputs\phase_c_c6_data_conditions_5dd1df8\system_0013_ic1_sigma_0p040000000000000001_rho_0p5_realization_2,float64,little_endian
13,1,1,0.04,0.5,3,multiplicative_gaussian_iid,ed5295c60e5e2276,256,sha256_raw_little_endian_float64,time,time_by_dimension_c_order,[256],"[256,1]",0.0,10.0,1.371633873443809,3.2914830082130404,fd4e693af31f9f8de84b2f55b09f1a1fa4a0733d4afcdb6f1adec238f337fcfd,e8694c613b9832f0792bcc91da6db47757d2b60276bb1e5057b7877606d771ea,cells\system_0013_ic1_time_f64le.bin,cells\system_0013_ic1_state_f64le_c_order.bin,C:\Users\joedicke\Documents\reps\EvoODE\outputs\phase_c_c6_data_conditions_5dd1df8\system_0013_ic1_sigma_0p040000000000000001_rho_0p5_realization_3,float64,little_endian
13,1,1,0.05,0.0,1,multiplicative_gaussian_iid,0c0ad42629f69010,512,sha256_raw_little_endian_float64,time,time_by_dimension_c_order,[512],"[512,1]",0.0,10.0,1.254960011433136,3.3810777186509107,ffad3499269c08c6bd22e9e5c5d2ab32bbf827e2037cbdd6e73571aeab04432f,f687c85d38b75c83182f17e9d8c8a190ddfe901499034ddcd6fb35b21287cbb9,cells\system_0013_ic1_time_f64le.bin,cells\system_0013_ic1_state_f64le_c_order.bin,C:\Users\joedicke\Documents\reps\EvoODE\outputs\phase_c_c6_data_conditions_5dd1df8\system_0013_ic1_sigma_0p050000000000000003_rho_0_realization_1,float64,little_endian
13,1,1,0.05,0.0,2,multiplicative_gaussian_iid,d4fd33de90c64fdb,512,sha256_raw_little_endian_float64,time,time_by_dimension_c_order,[512],"[512,1]",0.0,10.0,1.2666163026790602,3.428307743268603,ffad3499269c08c6bd22e9e5c5d2ab32bbf827e2037cbdd6e73571aeab04432f,0c75065ece51585950a0678c1fdc3db28891160600b187794cb08b4027ac97fd,cells\system_0013_ic1_time_f64le.bin,cells\system_0013_ic1_state_f64le_c_order.bin,C:\Users\joedicke\Documents\reps\EvoODE\outputs\phase_c_c6_data_conditions_5dd1df8\system_0013_ic1_sigma_0p050000000000000003_rho_0_realization_2,float64,little_endian
13,1,1,0.05,0.0,3,multiplicative_gaussian_iid,474964b5d4eb36b7,512,sha256_raw_little_endian_float64,time,time_by_dimension_c_order,[512],"[512,1]",0.0,10.0,1.2593692512887502,3.4237335924004957,ffad3499269c08c6bd22e9e5c5d2ab32bbf827e2037cbdd6e73571aeab04432f,470738fc8a6a33a893caabf9047ff846718a217cc29b4aef2faf3f39d9ed7032,cells\system_0013_ic1_time_f64le.bin,cells\system_0013_ic1_state_f64le_c_order.bin,C:\Users\joedicke\Documents\reps\EvoODE\outputs\phase_c_c6_data_conditions_5dd1df8\system_0013_ic1_sigma_0p050000000000000003_rho_0_realization_3,float64,little_endian
13,1,1,0.05,0.5,1,multiplicative_gaussian_iid,2c2c9d97aa17bd60,256,sha256_raw_little_endian_float64,time,time_by_dimension_c_order,[256],"[256,1]",0.0,9.980430528375733,1.3307899883356669,3.3868919456035167,306199917fa56d3f87a273577202be0b767abcfaaa047964443ab4adc947dd99,3907c7ca2927c2d7eb46ff40c654374ec81fee80772c2e940345597e78ec767d,cells\system_0013_ic1_time_f64le.bin,cells\system_0013_ic1_state_f64le_c_order.bin,C:\Users\joedicke\Documents\reps\EvoODE\outputs\phase_c_c6_data_conditions_5dd1df8\system_0013_ic1_sigma_0p050000000000000003_rho_0p5_realization_1,float64,little_endian
13,1,1,0.05,0.5,2,multiplicative_gaussian_iid,0e7c4be2f70297ab,256,sha256_raw_little_endian_float64,time,time_by_dimension_c_order,[256],"[256,1]",0.019569471624266144,9.980430528375733,1.3138592039283883,3.3398732341675315,a2e93d5dd44a127a8dd7258460ed053366974788baff7e637de54df8dea92fd1,43658f75ba8755f66c78a05430051f81118db26adece4a6af7930016f43a2054,cells\system_0013_ic1_time_f64le.bin,cells\system_0013_ic1_state_f64le_c_order.bin,C:\Users\joedicke\Documents\reps\EvoODE\outputs\phase_c_c6_data_conditions_5dd1df8\system_0013_ic1_sigma_0p050000000000000003_rho_0p5_realization_2,float64,little_endian
13,1,1,0.05,0.5,3,multiplicative_gaussian_iid,eb4c796cf661b732,256,sha256_raw_little_endian_float64,time,time_by_dimension_c_order,[256],"[256,1]",0.0,10.0,1.282143635548692,3.2759810004970773,af80330b1e3cdb6b17e7fe05bca599474885e2729ba6427c353eab2c7424cd5f,c067f64430f200d7877558850df6cedf138b04762b7c605fb6415d752d7df5cf,cells\system_0013_ic1_time_f64le.bin,cells\system_0013_ic1_state_f64le_c_order.bin,C:\Users\joedicke\Documents\reps\EvoODE\outputs\phase_c_c6_data_conditions_5dd1df8\system_0013_ic1_sigma_0p050000000000000003_rho_0p5_realization_3,float64,little_endian
13,2,1,0.0,0.0,1,multiplicative_gaussian_iid,799711a15b6d0740,512,sha256_raw_little_endian_float64,time,time_by_dimension_c_order,[512],"[512,1]",0.0,10.0,1.4676111069817224,2.4,ffad3499269c08c6bd22e9e5c5d2ab32bbf827e2037cbdd6e73571aeab04432f,b22329e190aabb06fad4b3f76636c06a8b5495175e6b904d872bb06791552e26,cells\system_0013_ic2_time_f64le.bin,cells\system_0013_ic2_state_f64le_c_order.bin,C:\Users\joedicke\Documents\reps\EvoODE\outputs\phase_c_c6_data_conditions_5dd1df8\system_0013_ic2_sigma_0_rho_0_realization_1,float64,little_endian
13,2,1,0.0,0.0,2,multiplicative_gaussian_iid,b5afe8a7651c851f,512,sha256_raw_little_endian_float64,time,time_by_dimension_c_order,[512],"[512,1]",0.0,10.0,1.4676111069817224,2.4,ffad3499269c08c6bd22e9e5c5d2ab32bbf827e2037cbdd6e73571aeab04432f,b22329e190aabb06fad4b3f76636c06a8b5495175e6b904d872bb06791552e26,cells\system_0013_ic2_time_f64le.bin,cells\system_0013_ic2_state_f64le_c_order.bin,C:\Users\joedicke\Documents\reps\EvoODE\outputs\phase_c_c6_data_conditions_5dd1df8\system_0013_ic2_sigma_0_rho_0_realization_2,float64,little_endian
13,2,1,0.0,0.0,3,multiplicative_gaussian_iid,d0ef57fd9e507f22,512,sha256_raw_little_endian_float64,time,time_by_dimension_c_order,[512],"[512,1]",0.0,10.0,1.4676111069817224,2.4,ffad3499269c08c6bd22e9e5c5d2ab32bbf827e2037cbdd6e73571aeab04432f,b22329e190aabb06fad4b3f76636c06a8b5495175e6b904d872bb06791552e26,cells\system_0013_ic2_time_f64le.bin,cells\system_0013_ic2_state_f64le_c_order.bin,C:\Users\joedicke\Documents\reps\EvoODE\outputs\phase_c_c6_data_conditions_5dd1df8\system_0013_ic2_sigma_0_rho_0_realization_3,float64,little_endian
13,2,1,0.0,0.5,1,multiplicative_gaussian_iid,e5ae40517517118c,256,sha256_raw_little_endian_float64,time,time_by_dimension_c_order,[256],"[256,1]",0.0,9.941291585127201,1.4676162815607376,2.4,fd5b9e86531a256e0cdc461fbeb7c258c4bfe49066af000fde5e2e569e3a259f,80a0fe3883fde172deee01702c4a52b36081a1e05ac62deedd5ed6d69df90d4c,cells\system_0013_ic2_time_f64le.bin,cells\system_0013_ic2_state_f64le_c_order.bin,C:\Users\joedicke\Documents\reps\EvoODE\outputs\phase_c_c6_data_conditions_5dd1df8\system_0013_ic2_sigma_0_rho_0p5_realization_1,float64,little_endian
13,2,1,0.0,0.5,2,multiplicative_gaussian_iid,410220e26b007c78,256,sha256_raw_little_endian_float64,time,time_by_dimension_c_order,[256],"[256,1]",0.019569471624266144,9.980430528375733,1.4676128001613682,2.3894127247332593,a5f2457c86137afcf0c253aa2bdefce704da3c96a67a7c5528ee85a15842037a,8dce256e3e99404c25851f17f7cb0000e196115b3c1d89fb552984b6e1ef2399,cells\system_0013_ic2_time_f64le.bin,cells\system_0013_ic2_state_f64le_c_order.bin,C:\Users\joedicke\Documents\reps\EvoODE\outputs\phase_c_c6_data_conditions_5dd1df8\system_0013_ic2_sigma_0_rho_0p5_realization_2,float64,little_endian
13,2,1,0.0,0.5,3,multiplicative_gaussian_iid,32943fed9075ec6b,256,sha256_raw_little_endian_float64,time,time_by_dimension_c_order,[256],"[256,1]",0.0,10.0,1.4676111069817224,2.4,a6320e66bf9ecfc7bbb8b706acf42b7735f385dcf350c5eca9d8b6c68122ad2b,74d073d49fff340558d6e0dcefa06a417dd981a0b27337228b1204af59f6b723,cells\system_0013_ic2_time_f64le.bin,cells\system_0013_ic2_state_f64le_c_order.bin,C:\Users\joedicke\Documents\reps\EvoODE\outputs\phase_c_c6_data_conditions_5dd1df8\system_0013_ic2_sigma_0_rho_0p5_realization_3,float64,little_endian
13,2,1,0.01,0.0,1,multiplicative_gaussian_iid,1696ce8b0e80990d,512,sha256_raw_little_endian_float64,time,time_by_dimension_c_order,[512],"[512,1]",0.0,10.0,1.4325902606026815,2.401742720313834,ffad3499269c08c6bd22e9e5c5d2ab32bbf827e2037cbdd6e73571aeab04432f,ee524425941d8dbf3f338b34029c495a56d6f33342f388f8514b33b430e26b0b,cells\system_0013_ic2_time_f64le.bin,cells\system_0013_ic2_state_f64le_c_order.bin,C:\Users\joedicke\Documents\reps\EvoODE\outputs\phase_c_c6_data_conditions_5dd1df8\system_0013_ic2_sigma_0p01_rho_0_realization_1,float64,little_endian
13,2,1,0.01,0.0,2,multiplicative_gaussian_iid,715557b4e934a00a,512,sha256_raw_little_endian_float64,time,time_by_dimension_c_order,[512],"[512,1]",0.0,10.0,1.4248886006891177,2.398337496603619,ffad3499269c08c6bd22e9e5c5d2ab32bbf827e2037cbdd6e73571aeab04432f,045465684fb5e8a9979652bc3e90e77e3694ac11078850e8d6c8373939a4ea15,cells\system_0013_ic2_time_f64le.bin,cells\system_0013_ic2_state_f64le_c_order.bin,C:\Users\joedicke\Documents\reps\EvoODE\outputs\phase_c_c6_data_conditions_5dd1df8\system_0013_ic2_sigma_0p01_rho_0_realization_2,float64,little_endian
13,2,1,0.01,0.0,3,multiplicative_gaussian_iid,bcb458bd643fcc5e,512,sha256_raw_little_endian_float64,time,time_by_dimension_c_order,[512],"[512,1]",0.0,10.0,1.4283841861587416,2.4219257453205927,ffad3499269c08c6bd22e9e5c5d2ab32bbf827e2037cbdd6e73571aeab04432f,3a78945f2e71e40ba0d45ebbd009263a69356d63a61674a229cb91bda88bd5d5,cells\system_0013_ic2_time_f64le.bin,cells\system_0013_ic2_state_f64le_c_order.bin,C:\Users\joedicke\Documents\reps\EvoODE\outputs\phase_c_c6_data_conditions_5dd1df8\system_0013_ic2_sigma_0p01_rho_0_realization_3,float64,little_endian
13,2,1,0.01,0.5,1,multiplicative_gaussian_iid,228ccdf853b4603f,256,sha256_raw_little_endian_float64,time,time_by_dimension_c_order,[256],"[256,1]",0.0,9.980430528375733,1.4310828201472423,2.403561398060904,04de5320a7248d6106ee2525323780279115cfe2380b83f4227e2b47cea94bbc,0c8f9200f2885e0ce9047e3307237e3c2f1fc39758e073ab83ef0fdac6780f0d,cells\system_0013_ic2_time_f64le.bin,cells\system_0013_ic2_state_f64le_c_order.bin,C:\Users\joedicke\Documents\reps\EvoODE\outputs\phase_c_c6_data_conditions_5dd1df8\system_0013_ic2_sigma_0p01_rho_0p5_realization_1,float64,little_endian
13,2,1,0.01,0.5,2,multiplicative_gaussian_iid,91c37238ed72132a,256,sha256_raw_little_endian_float64,time,time_by_dimension_c_order,[256],"[256,1]",0.0,10.0,1.4311980804194306,2.4074668422348053,15df74be07c56dd0a7de7611b5ad4f76ee7f2273b79befda8d5c06160d42d2ec,5d5cd90493fe3e55323ca93e0c6e2199421e85c30f077581195e800df539ee66,cells\system_0013_ic2_time_f64le.bin,cells\system_0013_ic2_state_f64le_c_order.bin,C:\Users\joedicke\Documents\reps\EvoODE\outputs\phase_c_c6_data_conditions_5dd1df8\system_0013_ic2_sigma_0p01_rho_0p5_realization_2,float64,little_endian
13,2,1,0.01,0.5,3,multiplicative_gaussian_iid,f288b68ee10122ab,256,sha256_raw_little_endian_float64,time,time_by_dimension_c_order,[256],"[256,1]",0.0,9.960861056751467,1.4318419410293295,2.4267595671778404,fd937bf117c95c88b5dcc706a04ce6346a684ab62cb451d560b3f7b9a4d0bc1c,c75a68e72667a247b82e13ecb3d3482fbba6344dea36631f1401dfbc2dbd8f08,cells\system_0013_ic2_time_f64le.bin,cells\system_0013_ic2_state_f64le_c_order.bin,C:\Users\joedicke\Documents\reps\EvoODE\outputs\phase_c_c6_data_conditions_5dd1df8\system_0013_ic2_sigma_0p01_rho_0p5_realization_3,float64,little_endian
13,2,1,0.02,0.0,1,multiplicative_gaussian_iid,672a11e7b6fa736d,512,sha256_raw_little_endian_float64,time,time_by_dimension_c_order,[512],"[512,1]",0.0,10.0,1.4027800396657941,2.4245279894015854,ffad3499269c08c6bd22e9e5c5d2ab32bbf827e2037cbdd6e73571aeab04432f,90a8e2fd869723e011d1429043999d88f0489a4fa2eabaeb94647c007dfdafdc,cells\system_0013_ic2_time_f64le.bin,cells\system_0013_ic2_state_f64le_c_order.bin,C:\Users\joedicke\Documents\reps\EvoODE\outputs\phase_c_c6_data_conditions_5dd1df8\system_0013_ic2_sigma_0p02_rho_0_realization_1,float64,little_endian
13,2,1,0.02,0.0,2,multiplicative_gaussian_iid,325115d8689b3624,512,sha256_raw_little_endian_float64,time,time_by_dimension_c_order,[512],"[512,1]",0.0,10.0,1.3898873190673968,2.4296902886420457,ffad3499269c08c6bd22e9e5c5d2ab32bbf827e2037cbdd6e73571aeab04432f,a2178824aafeb30bc8eb2968067e05b19230271b50f8360182042bf2b185e315,cells\system_0013_ic2_time_f64le.bin,cells\system_0013_ic2_state_f64le_c_order.bin,C:\Users\joedicke\Documents\reps\EvoODE\outputs\phase_c_c6_data_conditions_5dd1df8\system_0013_ic2_sigma_0p02_rho_0_realization_2,float64,little_endian
13,2,1,0.02,0.0,3,multiplicative_gaussian_iid,f381e98903da9113,512,sha256_raw_little_endian_float64,time,time_by_dimension_c_order,[512],"[512,1]",0.0,10.0,1.390432857863026,2.4660181229683236,ffad3499269c08c6bd22e9e5c5d2ab32bbf827e2037cbdd6e73571aeab04432f,84208167581e7f859089124c24f901333e9eaa952296ee758bd2689bc1de87dc,cells\system_0013_ic2_time_f64le.bin,cells\system_0013_ic2_state_f64le_c_order.bin,C:\Users\joedicke\Documents\reps\EvoODE\outputs\phase_c_c6_data_conditions_5dd1df8\system_0013_ic2_sigma_0p02_rho_0_realization_3,float64,little_endian
13,2,1,0.02,0.5,1,multiplicative_gaussian_iid,7c6160caa1ea477b,256,sha256_raw_little_endian_float64,time,time_by_dimension_c_order,[256],"[256,1]",0.019569471624266144,10.0,1.4077578292540993,2.400278868499795,9b6226b33db2825d029bb7b739e9b44f3a87fae12ee3a7d44e5ed840e24f8b3f,19829ba6adcd170b228edb1b9397fb2767322ce58ad727a107bf9f44e62c2350,cells\system_0013_ic2_time_f64le.bin,cells\system_0013_ic2_state_f64le_c_order.bin,C:\Users\joedicke\Documents\reps\EvoODE\outputs\phase_c_c6_data_conditions_5dd1df8\system_0013_ic2_sigma_0p02_rho_0p5_realization_1,float64,little_endian
13,2,1,0.02,0.5,2,multiplicative_gaussian_iid,bcd25d66948ee0ae,256,sha256_raw_little_endian_float64,time,time_by_dimension_c_order,[256],"[256,1]",0.05870841487279843,10.0,1.3714389367485034,2.3726977931700155,1882c713ceaa39ed5edc2273802ce46fc925a6030463ce69f2872b8b84ef5ca9,b2ed8aa875973a5010c7f2b8f60ac008d7e94c8c78df730c42dc47135cb2132f,cells\system_0013_ic2_time_f64le.bin,cells\system_0013_ic2_state_f64le_c_order.bin,C:\Users\joedicke\Documents\reps\EvoODE\outputs\phase_c_c6_data_conditions_5dd1df8\system_0013_ic2_sigma_0p02_rho_0p5_realization_2,float64,little_endian
13,2,1,0.02,0.5,3,multiplicative_gaussian_iid,e0af3b0de5724047,256,sha256_raw_little_endian_float64,time,time_by_dimension_c_order,[256],"[256,1]",0.05870841487279843,9.980430528375733,1.4031820807157913,2.460345928585862,a6a91da7ae0ad079330a50f87d8d72773dcbf24bbf3bc9ae3f4da4b864dbb5f0,37395cc77607e1b78720cd6b1dff720aade84ac0697bddcbe4fd65ac17af5f1e,cells\system_0013_ic2_time_f64le.bin,cells\system_0013_ic2_state_f64le_c_order.bin,C:\Users\joedicke\Documents\reps\EvoODE\outputs\phase_c_c6_data_conditions_5dd1df8\system_0013_ic2_sigma_0p02_rho_0p5_realization_3,float64,little_endian
13,2,1,0.03,0.0,1,multiplicative_gaussian_iid,9ab73e4eac8e3294,512,sha256_raw_little_endian_float64,time,time_by_dimension_c_order,[512],"[512,1]",0.0,10.0,1.3581929083983195,2.4573034197498047,ffad3499269c08c6bd22e9e5c5d2ab32bbf827e2037cbdd6e73571aeab04432f,bb34c8e5e6d91a57bb1b45171af90b9b63e1e853db0530371c0718590e49d0d1,cells\system_0013_ic2_time_f64le.bin,cells\system_0013_ic2_state_f64le_c_order.bin,C:\Users\joedicke\Documents\reps\EvoODE\outputs\phase_c_c6_data_conditions_5dd1df8\system_0013_ic2_sigma_0p029999999999999999_rho_0_realization_1,float64,little_endian
13,2,1,0.03,0.0,2,multiplicative_gaussian_iid,82c3da1e7e62eee3,512,sha256_raw_little_endian_float64,time,time_by_dimension_c_order,[512],"[512,1]",0.0,10.0,1.3227440057192914,2.4370290296862085,ffad3499269c08c6bd22e9e5c5d2ab32bbf827e2037cbdd6e73571aeab04432f,25fa6169b8b580f0373c4e150f9bb3bd3e46e71b1ae8839549e86b18c85585d3,cells\system_0013_ic2_time_f64le.bin,cells\system_0013_ic2_state_f64le_c_order.bin,C:\Users\joedicke\Documents\reps\EvoODE\outputs\phase_c_c6_data_conditions_5dd1df8\system_0013_ic2_sigma_0p029999999999999999_rho_0_realization_2,float64,little_endian
13,2,1,0.03,0.0,3,multiplicative_gaussian_iid,14ad814a69ec28ff,512,sha256_raw_little_endian_float64,time,time_by_dimension_c_order,[512],"[512,1]",0.0,10.0,1.351883655671305,2.465522062750836,ffad3499269c08c6bd22e9e5c5d2ab32bbf827e2037cbdd6e73571aeab04432f,b36cc442c89e30211ee0a6f1504985fac2086c10db05ba6de200abe092d2ee8e,cells\system_0013_ic2_time_f64le.bin,cells\system_0013_ic2_state_f64le_c_order.bin,C:\Users\joedicke\Documents\reps\EvoODE\outputs\phase_c_c6_data_conditions_5dd1df8\system_0013_ic2_sigma_0p029999999999999999_rho_0_realization_3,float64,little_endian
13,2,1,0.03,0.5,1,multiplicative_gaussian_iid,8de245124bfb451c,256,sha256_raw_little_endian_float64,time,time_by_dimension_c_order,[256],"[256,1]",0.0,10.0,1.348370739431199,2.420280274624849,a14adcf70a6547249ceae30a3c95b240a580e49a765a7e043cd3946a1be31a6b,ddf6ad39e3ff9c24e21622fa1ac5062649d89da71e1b087cdfbc2600fcf2392d,cells\system_0013_ic2_time_f64le.bin,cells\system_0013_ic2_state_f64le_c_order.bin,C:\Users\joedicke\Documents\reps\EvoODE\outputs\phase_c_c6_data_conditions_5dd1df8\system_0013_ic2_sigma_0p029999999999999999_rho_0p5_realization_1,float64,little_endian
13,2,1,0.03,0.5,2,multiplicative_gaussian_iid,a318ab0636b2776b,256,sha256_raw_little_endian_float64,time,time_by_dimension_c_order,[256],"[256,1]",0.0,10.0,1.390042617149809,2.423581004475975,1b74c27afa496e9e3c577aec9f9288a306ab3201211ce2277b95a699ca6c547f,6b3a70ddaf318f5efa7c38c30126d4ebfb3605aee27827fd02719f0beb285e66,cells\system_0013_ic2_time_f64le.bin,cells\system_0013_ic2_state_f64le_c_order.bin,C:\Users\joedicke\Documents\reps\EvoODE\outputs\phase_c_c6_data_conditions_5dd1df8\system_0013_ic2_sigma_0p029999999999999999_rho_0p5_realization_2,float64,little_endian
13,2,1,0.03,0.5,3,multiplicative_gaussian_iid,069741ac89cccc44,256,sha256_raw_little_endian_float64,time,time_by_dimension_c_order,[256],"[256,1]",0.0,10.0,1.3517206112002793,2.4517354628238723,02c332ff9d79e11aa1689f380817a251782d2599ba0d7870b619ccd6c8059cf7,c2f4da382f34b520521461314864764cc311d98a536b0f14fb931340912588f7,cells\system_0013_ic2_time_f64le.bin,cells\system_0013_ic2_state_f64le_c_order.bin,C:\Users\joedicke\Documents\reps\EvoODE\outputs\phase_c_c6_data_conditions_5dd1df8\system_0013_ic2_sigma_0p029999999999999999_rho_0p5_realization_3,float64,little_endian
13,2,1,0.04,0.0,1,multiplicative_gaussian_iid,44801945584039fb,512,sha256_raw_little_endian_float64,time,time_by_dimension_c_order,[512],"[512,1]",0.0,10.0,1.2344542317550586,2.5318208532266557,ffad3499269c08c6bd22e9e5c5d2ab32bbf827e2037cbdd6e73571aeab04432f,a05285fb04e4eb42616b8de39fa1709c86464004882a173feecc480f99b58dfe,cells\system_0013_ic2_time_f64le.bin,cells\system_0013_ic2_state_f64le_c_order.bin,C:\Users\joedicke\Documents\reps\EvoODE\outputs\phase_c_c6_data_conditions_5dd1df8\system_0013_ic2_sigma_0p040000000000000001_rho_0_realization_1,float64,little_endian
13,2,1,0.04,0.0,2,multiplicative_gaussian_iid,8822fb29eb654e2c,512,sha256_raw_little_endian_float64,time,time_by_dimension_c_order,[512],"[512,1]",0.0,10.0,1.2808597425417934,2.5259166714271886,ffad3499269c08c6bd22e9e5c5d2ab32bbf827e2037cbdd6e73571aeab04432f,feaa9c5d599bce0069f2b9d1bcfb4ac7de9e176cdc43755f280331a2d1d1cd7d,cells\system_0013_ic2_time_f64le.bin,cells\system_0013_ic2_state_f64le_c_order.bin,C:\Users\joedicke\Documents\reps\EvoODE\outputs\phase_c_c6_data_conditions_5dd1df8\system_0013_ic2_sigma_0p040000000000000001_rho_0_realization_2,float64,little_endian
13,2,1,0.04,0.0,3,multiplicative_gaussian_iid,c894b9d947f7dad9,512,sha256_raw_little_endian_float64,time,time_by_dimension_c_order,[512],"[512,1]",0.0,10.0,1.3257756226945179,2.520142258397777,ffad3499269c08c6bd22e9e5c5d2ab32bbf827e2037cbdd6e73571aeab04432f,18a01aa087c3e24e096cc6d51fb97a2f8a19d6936f8fa49fee020cb62e4f003e,cells\system_0013_ic2_time_f64le.bin,cells\system_0013_ic2_state_f64le_c_order.bin,C:\Users\joedicke\Documents\reps\EvoODE\outputs\phase_c_c6_data_conditions_5dd1df8\system_0013_ic2_sigma_0p040000000000000001_rho_0_realization_3,float64,little_endian
13,2,1,0.04,0.5,1,multiplicative_gaussian_iid,9b8b6df42eee8e32,256,sha256_raw_little_endian_float64,time,time_by_dimension_c_order,[256],"[256,1]",0.03913894324853229,10.0,1.310402358896554,2.469736893768588,fca5afbfea886b8fb420b1e61a14e78ef6b717928b7d15740929e7649d82d4c8,2005aa99d4d50bff1de1446833201d460b6bc6e27274cfc65f0410cdbb5b995b,cells\system_0013_ic2_time_f64le.bin,cells\system_0013_ic2_state_f64le_c_order.bin,C:\Users\joedicke\Documents\reps\EvoODE\outputs\phase_c_c6_data_conditions_5dd1df8\system_0013_ic2_sigma_0p040000000000000001_rho_0p5_realization_1,float64,little_endian
13,2,1,0.04,0.5,2,multiplicative_gaussian_iid,782ee43c52f10048,256,sha256_raw_little_endian_float64,time,time_by_dimension_c_order,[256],"[256,1]",0.0,9.980430528375733,1.2920253184031962,2.548691240573148,680ca9e36207a4161b89b17ffad02def01ede3bf5b39caf676d9c11dfe2345a3,0cc8f20403f27de7a813c0a461b1977331eedf95bc1e47b11fd47907bb099209,cells\system_0013_ic2_time_f64le.bin,cells\system_0013_ic2_state_f64le_c_order.bin,C:\Users\joedicke\Documents\reps\EvoODE\outputs\phase_c_c6_data_conditions_5dd1df8\system_0013_ic2_sigma_0p040000000000000001_rho_0p5_realization_2,float64,little_endian
13,2,1,0.04,0.5,3,multiplicative_gaussian_iid,ed5295c60e5e2276,256,sha256_raw_little_endian_float64,time,time_by_dimension_c_order,[256],"[256,1]",0.0,9.980430528375733,1.3024411020223308,2.4702722773397974,5f855c18f5480e53300eede4ca64140e3749ab81397ea58d42d10528faed80d2,ad5d6a50dd569afdbf1ec953a0078527b2b1cd7c99525cf501ad0f6e771683cc,cells\system_0013_ic2_time_f64le.bin,cells\system_0013_ic2_state_f64le_c_order.bin,C:\Users\joedicke\Documents\reps\EvoODE\outputs\phase_c_c6_data_conditions_5dd1df8\system_0013_ic2_sigma_0p040000000000000001_rho_0p5_realization_3,float64,little_endian
13,2,1,0.05,0.0,1,multiplicative_gaussian_iid,0c0ad42629f69010,512,sha256_raw_little_endian_float64,time,time_by_dimension_c_order,[512],"[512,1]",0.0,10.0,1.23753981668669,2.5112686263278587,ffad3499269c08c6bd22e9e5c5d2ab32bbf827e2037cbdd6e73571aeab04432f,80accfd9a7a0f8b6dc01221654a16824742e3bff2ab1ed2660e5f7524dc39e6f,cells\system_0013_ic2_time_f64le.bin,cells\system_0013_ic2_state_f64le_c_order.bin,C:\Users\joedicke\Documents\reps\EvoODE\outputs\phase_c_c6_data_conditions_5dd1df8\system_0013_ic2_sigma_0p050000000000000003_rho_0_realization_1,float64,little_endian
13,2,1,0.05,0.0,2,multiplicative_gaussian_iid,d4fd33de90c64fdb,512,sha256_raw_little_endian_float64,time,time_by_dimension_c_order,[512],"[512,1]",0.0,10.0,1.2969445791292027,2.6069449508161275,ffad3499269c08c6bd22e9e5c5d2ab32bbf827e2037cbdd6e73571aeab04432f,e76415b464d85b3060372b9fb6b454d5d98781b258b7797c56f37b7b7c858972,cells\system_0013_ic2_time_f64le.bin,cells\system_0013_ic2_state_f64le_c_order.bin,C:\Users\joedicke\Documents\reps\EvoODE\outputs\phase_c_c6_data_conditions_5dd1df8\system_0013_ic2_sigma_0p050000000000000003_rho_0_realization_2,float64,little_endian
13,2,1,0.05,0.0,3,multiplicative_gaussian_iid,474964b5d4eb36b7,512,sha256_raw_little_endian_float64,time,time_by_dimension_c_order,[512],"[512,1]",0.0,10.0,1.2690162126409559,2.6170994110114822,ffad3499269c08c6bd22e9e5c5d2ab32bbf827e2037cbdd6e73571aeab04432f,a8ba421197cda94462c1373ba8b7ad7e16f1ab9243aa4a43b49ca25ae1f24349,cells\system_0013_ic2_time_f64le.bin,cells\system_0013_ic2_state_f64le_c_order.bin,C:\Users\joedicke\Documents\reps\EvoODE\outputs\phase_c_c6_data_conditions_5dd1df8\system_0013_ic2_sigma_0p050000000000000003_rho_0_realization_3,float64,little_endian
13,2,1,0.05,0.5,1,multiplicative_gaussian_iid,2c2c9d97aa17bd60,256,sha256_raw_little_endian_float64,time,time_by_dimension_c_order,[256],"[256,1]",0.019569471624266144,9.921722113502934,1.297824107824564,2.5241491324435374,83928fcb9eb9e697220ca951c60946cfa9ecd6305aae57e2d95c9bfa98890f6c,f8e718cec2df2f4f2afff6f94e20093e43809d240b21ea33d38b8af6a3a2fec1,cells\system_0013_ic2_time_f64le.bin,cells\system_0013_ic2_state_f64le_c_order.bin,C:\Users\joedicke\Documents\reps\EvoODE\outputs\phase_c_c6_data_conditions_5dd1df8\system_0013_ic2_sigma_0p050000000000000003_rho_0p5_realization_1,float64,little_endian
13,2,1,0.05,0.5,2,multiplicative_gaussian_iid,0e7c4be2f70297ab,256,sha256_raw_little_endian_float64,time,time_by_dimension_c_order,[256],"[256,1]",0.0,10.0,1.279924390027051,2.502981232133087,d8ff54575f0aa166afb0fe519b907f52ad2bb9fb793af5c3fb9755e58778e8e2,b436561d5e8a78633a1ac3b86d231c4c66dda91e822886b93b5d2c8e028f4ee1,cells\system_0013_ic2_time_f64le.bin,cells\system_0013_ic2_state_f64le_c_order.bin,C:\Users\joedicke\Documents\reps\EvoODE\outputs\phase_c_c6_data_conditions_5dd1df8\system_0013_ic2_sigma_0p050000000000000003_rho_0p5_realization_2,float64,little_endian
13,2,1,0.05,0.5,3,multiplicative_gaussian_iid,eb4c796cf661b732,256,sha256_raw_little_endian_float64,time,time_by_dimension_c_order,[256],"[256,1]",0.019569471624266144,10.0,1.2984067228312066,2.710606010842604,fc75446e41d013519b0c724c656c562267db04b41ceee1847d757231155a93b7,9d757cddc85d0668e6e9b71067d196a3ac14ee1aaae7aa68a6af70ebc26bbd44,cells\system_0013_ic2_time_f64le.bin,cells\system_0013_ic2_state_f64le_c_order.bin,C:\Users\joedicke\Documents\reps\EvoODE\outputs\phase_c_c6_data_conditions_5dd1df8\system_0013_ic2_sigma_0p050000000000000003_rho_0p5_realization_3,float64,little_endian
23,1,1,0.0,0.0,1,multiplicative_gaussian_iid,799711a15b6d0740,512,sha256_raw_little_endian_float64,time,time_by_dimension_c_order,[512],"[512,1]",0.0,10.0,-2.74,0.2112089751740903,ffad3499269c08c6bd22e9e5c5d2ab32bbf827e2037cbdd6e73571aeab04432f,23439dcce1325c814f14af6cdb1b359c5c73aaff830ee17a7b36e647ea5e5830,cells\system_0023_ic1_time_f64le.bin,cells\system_0023_ic1_state_f64le_c_order.bin,C:\Users\joedicke\Documents\reps\EvoODE\outputs\phase_c_c6_data_conditions_5dd1df8\system_0023_ic1_sigma_0_rho_0_realization_1,float64,little_endian
23,1,1,0.0,0.0,2,multiplicative_gaussian_iid,b5afe8a7651c851f,512,sha256_raw_little_endian_float64,time,time_by_dimension_c_order,[512],"[512,1]",0.0,10.0,-2.74,0.2112089751740903,ffad3499269c08c6bd22e9e5c5d2ab32bbf827e2037cbdd6e73571aeab04432f,23439dcce1325c814f14af6cdb1b359c5c73aaff830ee17a7b36e647ea5e5830,cells\system_0023_ic1_time_f64le.bin,cells\system_0023_ic1_state_f64le_c_order.bin,C:\Users\joedicke\Documents\reps\EvoODE\outputs\phase_c_c6_data_conditions_5dd1df8\system_0023_ic1_sigma_0_rho_0_realization_2,float64,little_endian
23,1,1,0.0,0.0,3,multiplicative_gaussian_iid,d0ef57fd9e507f22,512,sha256_raw_little_endian_float64,time,time_by_dimension_c_order,[512],"[512,1]",0.0,10.0,-2.74,0.2112089751740903,ffad3499269c08c6bd22e9e5c5d2ab32bbf827e2037cbdd6e73571aeab04432f,23439dcce1325c814f14af6cdb1b359c5c73aaff830ee17a7b36e647ea5e5830,cells\system_0023_ic1_time_f64le.bin,cells\system_0023_ic1_state_f64le_c_order.bin,C:\Users\joedicke\Documents\reps\EvoODE\outputs\phase_c_c6_data_conditions_5dd1df8\system_0023_ic1_sigma_0_rho_0_realization_3,float64,little_endian
23,1,1,0.0,0.5,1,multiplicative_gaussian_iid,e5ae40517517118c,256,sha256_raw_little_endian_float64,time,time_by_dimension_c_order,[256],"[256,1]",0.0,9.980430528375733,-2.74,0.21120190505306327,024c4a59d5941e6012b5001c4551d79a55d72d3d842a120a468a0aee5e39ebf9,de7305241d5c12b591062c09a0e258d038526753a18c73f78d848613f0997ea1,cells\system_0023_ic1_time_f64le.bin,cells\system_0023_ic1_state_f64le_c_order.bin,C:\Users\joedicke\Documents\reps\EvoODE\outputs\phase_c_c6_data_conditions_5dd1df8\system_0023_ic1_sigma_0_rho_0p5_realization_1,float64,little_endian
23,1,1,0.0,0.5,2,multiplicative_gaussian_iid,410220e26b007c78,256,sha256_raw_little_endian_float64,time,time_by_dimension_c_order,[256],"[256,1]",0.019569471624266144,10.0,-2.728134639794403,0.2112089751740903,7a2fbda25585addb73e79dbdb56f559459f19e5e1956af8356ac2e21fce89db8,4e4121969b425c6f0eab02bf9e31ea359ce81536c82e0e485925f58189cd1733,cells\system_0023_ic1_time_f64le.bin,cells\system_0023_ic1_state_f64le_c_order.bin,C:\Users\joedicke\Documents\reps\EvoODE\outputs\phase_c_c6_data_conditions_5dd1df8\system_0023_ic1_sigma_0_rho_0p5_realization_2,float64,little_endian
23,1,1,0.0,0.5,3,multiplicative_gaussian_iid,32943fed9075ec6b,256,sha256_raw_little_endian_float64,time,time_by_dimension_c_order,[256],"[256,1]",0.15655577299412915,10.0,-2.6389227690652803,0.2112089751740903,e71a1680741c1987db5e8c7638a778027b75cba343e46003d5644e59024b8b92,ff04f2a957a476d5f274f8ce463e5962928574525172f9a865adcaeac477ba7b,cells\system_0023_ic1_time_f64le.bin,cells\system_0023_ic1_state_f64le_c_order.bin,C:\Users\joedicke\Documents\reps\EvoODE\outputs\phase_c_c6_data_conditions_5dd1df8\system_0023_ic1_sigma_0_rho_0p5_realization_3,float64,little_endian
23,1,1,0.01,0.0,1,multiplicative_gaussian_iid,1696ce8b0e80990d,512,sha256_raw_little_endian_float64,time,time_by_dimension_c_order,[512],"[512,1]",0.0,10.0,-2.7595283777020194,0.21580199890206403,ffad3499269c08c6bd22e9e5c5d2ab32bbf827e2037cbdd6e73571aeab04432f,551fa931f3f3a6a007662b27e7732544c6fb9c204ff027ddb6b689c2307cacda,cells\system_0023_ic1_time_f64le.bin,cells\system_0023_ic1_state_f64le_c_order.bin,C:\Users\joedicke\Documents\reps\EvoODE\outputs\phase_c_c6_data_conditions_5dd1df8\system_0023_ic1_sigma_0p01_rho_0_realization_1,float64,little_endian
23,1,1,0.01,0.0,2,multiplicative_gaussian_iid,715557b4e934a00a,512,sha256_raw_little_endian_float64,time,time_by_dimension_c_order,[512],"[512,1]",0.0,10.0,-2.7623682079110994,0.21733941018787592,ffad3499269c08c6bd22e9e5c5d2ab32bbf827e2037cbdd6e73571aeab04432f,9e5c59c8878a8714d4d2ae4464e9aea146f31e7aec6b377c1324ff31e1830bd6,cells\system_0023_ic1_time_f64le.bin,cells\system_0023_ic1_state_f64le_c_order.bin,C:\Users\joedicke\Documents\reps\EvoODE\outputs\phase_c_c6_data_conditions_5dd1df8\system_0023_ic1_sigma_0p01_rho_0_realization_2,float64,little_endian
23,1,1,0.01,0.0,3,multiplicative_gaussian_iid,bcb458bd643fcc5e,512,sha256_raw_little_endian_float64,time,time_by_dimension_c_order,[512],"[512,1]",0.0,10.0,-2.7578013150655685,0.2158406384107678,ffad3499269c08c6bd22e9e5c5d2ab32bbf827e2037cbdd6e73571aeab04432f,0b2fb8236f77a04e28953233d60c3f476a943dcca62349460801402a6afd9633,cells\system_0023_ic1_time_f64le.bin,cells\system_0023_ic1_state_f64le_c_order.bin,C:\Users\joedicke\Documents\reps\EvoODE\outputs\phase_c_c6_data_conditions_5dd1df8\system_0023_ic1_sigma_0p01_rho_0_realization_3,float64,little_endian
23,1,1,0.01,0.5,1,multiplicative_gaussian_iid,228ccdf853b4603f,256,sha256_raw_little_endian_float64,time,time_by_dimension_c_order,[256],"[256,1]",0.03913894324853229,10.0,-2.7099131480509997,0.21398732608198817,401ea8596606fcc78ffa8633222260ec27bd32cf4deb1c5673c0e6584549cd00,496bf510584835abc43467a6bb70ad5bd64c3e116c1fb4213f7f68ee7830ed22,cells\system_0023_ic1_time_f64le.bin,cells\system_0023_ic1_state_f64le_c_order.bin,C:\Users\joedicke\Documents\reps\EvoODE\outputs\phase_c_c6_data_conditions_5dd1df8\system_0023_ic1_sigma_0p01_rho_0p5_realization_1,float64,little_endian
23,1,1,0.01,0.5,2,multiplicative_gaussian_iid,91c37238ed72132a,256,sha256_raw_little_endian_float64,time,time_by_dimension_c_order,[256],"[256,1]",0.019569471624266144,9.980430528375733,-2.7340726428203674,0.21632178330985902,3439287c4ba00e710bda8de7443823e25135586f442b7fc0df53849178135771,cac08a6f86931e77a2603a58c92c0e9d61c5ec1220f17556f0a39c4b6207f8f3,cells\system_0023_ic1_time_f64le.bin,cells\system_0023_ic1_state_f64le_c_order.bin,C:\Users\joedicke\Documents\reps\EvoODE\outputs\phase_c_c6_data_conditions_5dd1df8\system_0023_ic1_sigma_0p01_rho_0p5_realization_2,float64,little_endian
23,1,1,0.01,0.5,3,multiplicative_gaussian_iid,f288b68ee10122ab,256,sha256_raw_little_endian_float64,time,time_by_dimension_c_order,[256],"[256,1]",0.0,9.941291585127201,-2.7519210707660777,0.21287133188185567,461e2e9e722bc178fdf2d67e3152aa7e5b0859e98802b6037268952287d582f2,ceecb0a0f0c86a76adeba087863694e9f72929a3b91ea7d350d69a60bf84e5fa,cells\system_0023_ic1_time_f64le.bin,cells\system_0023_ic1_state_f64le_c_order.bin,C:\Users\joedicke\Documents\reps\EvoODE\outputs\phase_c_c6_data_conditions_5dd1df8\system_0023_ic1_sigma_0p01_rho_0p5_realization_3,float64,little_endian
23,1,1,0.02,0.0,1,multiplicative_gaussian_iid,672a11e7b6fa736d,512,sha256_raw_little_endian_float64,time,time_by_dimension_c_order,[512],"[512,1]",0.0,10.0,-2.8470557904336626,0.22230211390880028,ffad3499269c08c6bd22e9e5c5d2ab32bbf827e2037cbdd6e73571aeab04432f,b6db754ba1fc89ac08690ff1782d64c30a164b34fb917aa4a5a6bd8d041a0f3e,cells\system_0023_ic1_time_f64le.bin,cells\system_0023_ic1_state_f64le_c_order.bin,C:\Users\joedicke\Documents\reps\EvoODE\outputs\phase_c_c6_data_conditions_5dd1df8\system_0023_ic1_sigma_0p02_rho_0_realization_1,float64,little_endian
23,1,1,0.02,0.0,2,multiplicative_gaussian_iid,325115d8689b3624,512,sha256_raw_little_endian_float64,time,time_by_dimension_c_order,[512],"[512,1]",0.0,10.0,-2.7733695254689503,0.22016087375227122,ffad3499269c08c6bd22e9e5c5d2ab32bbf827e2037cbdd6e73571aeab04432f,379061ae770cfb4020766c37c2206e5b769e15f938c5e9586d9c26b540f59bab,cells\system_0023_ic1_time_f64le.bin,cells\system_0023_ic1_state_f64le_c_order.bin,C:\Users\joedicke\Documents\reps\EvoODE\outputs\phase_c_c6_data_conditions_5dd1df8\system_0023_ic1_sigma_0p02_rho_0_realization_2,float64,little_endian
23,1,1,0.02,0.0,3,multiplicative_gaussian_iid,f381e98903da9113,512,sha256_raw_little_endian_float64,time,time_by_dimension_c_order,[512],"[512,1]",0.0,10.0,-2.8368323316449073,0.2221795079895475,ffad3499269c08c6bd22e9e5c5d2ab32bbf827e2037cbdd6e73571aeab04432f,69b815378c7cce2e9672c20c482c8dd13c21db8f876a43875e2d3452061b1b67,cells\system_0023_ic1_time_f64le.bin,cells\system_0023_ic1_state_f64le_c_order.bin,C:\Users\joedicke\Documents\reps\EvoODE\outputs\phase_c_c6_data_conditions_5dd1df8\system_0023_ic1_sigma_0p02_rho_0_realization_3,float64,little_endian
23,1,1,0.02,0.5,1,multiplicative_gaussian_iid,7c6160caa1ea477b,256,sha256_raw_little_endian_float64,time,time_by_dimension_c_order,[256],"[256,1]",0.0,9.980430528375733,-2.796233226094886,0.22184943559285916,bed838b9f21012753263ed540d82d86b11a29cee888d518103ecd35c4e309eb0,d3e7d550f7e49a6444c44d8248b3483951162296a7bbb23e499acf96d6cba2a8,cells\system_0023_ic1_time_f64le.bin,cells\system_0023_ic1_state_f64le_c_order.bin,C:\Users\joedicke\Documents\reps\EvoODE\outputs\phase_c_c6_data_conditions_5dd1df8\system_0023_ic1_sigma_0p02_rho_0p5_realization_1,float64,little_endian
23,1,1,0.02,0.5,2,multiplicative_gaussian_iid,bcd25d66948ee0ae,256,sha256_raw_little_endian_float64,time,time_by_dimension_c_order,[256],"[256,1]",0.05870841487279843,9.960861056751467,-2.683794661776479,0.2194351312207339,07fb1db52e332ef0b29e259a347c327cc77cf5d095f64cdd53093e4f60b221ad,f78614ecf6f3f3b104e18371226d71511b706c97851fcd95c3772467d036b4d8,cells\system_0023_ic1_time_f64le.bin,cells\system_0023_ic1_state_f64le_c_order.bin,C:\Users\joedicke\Documents\reps\EvoODE\outputs\phase_c_c6_data_conditions_5dd1df8\system_0023_ic1_sigma_0p02_rho_0p5_realization_2,float64,little_endian
23,1,1,0.02,0.5,3,multiplicative_gaussian_iid,e0af3b0de5724047,256,sha256_raw_little_endian_float64,time,time_by_dimension_c_order,[256],"[256,1]",0.09784735812133072,10.0,-2.695165657142091,0.2188480558179701,cd2457cfe782298e51240d47b845d5954646d8d02db8f1d725fbe67265a0edd5,a4cb5c3b02ea32add3129baabc0fa048b39005c34aa4f6d992ec5551a98ff978,cells\system_0023_ic1_time_f64le.bin,cells\system_0023_ic1_state_f64le_c_order.bin,C:\Users\joedicke\Documents\reps\EvoODE\outputs\phase_c_c6_data_conditions_5dd1df8\system_0023_ic1_sigma_0p02_rho_0p5_realization_3,float64,little_endian
23,1,1,0.03,0.0,1,multiplicative_gaussian_iid,9ab73e4eac8e3294,512,sha256_raw_little_endian_float64,time,time_by_dimension_c_order,[512],"[512,1]",0.0,10.0,-2.762819775138762,0.23027464806042203,ffad3499269c08c6bd22e9e5c5d2ab32bbf827e2037cbdd6e73571aeab04432f,1faa9fff28086fcc2d4dca7eb39fe907c575850f1789f1eb33abb5fdfcee08aa,cells\system_0023_ic1_time_f64le.bin,cells\system_0023_ic1_state_f64le_c_order.bin,C:\Users\joedicke\Documents\reps\EvoODE\outputs\phase_c_c6_data_conditions_5dd1df8\system_0023_ic1_sigma_0p029999999999999999_rho_0_realization_1,float64,little_endian
23,1,1,0.03,0.0,2,multiplicative_gaussian_iid,82c3da1e7e62eee3,512,sha256_raw_little_endian_float64,time,time_by_dimension_c_order,[512],"[512,1]",0.0,10.0,-2.768167449520857,0.22284677591358884,ffad3499269c08c6bd22e9e5c5d2ab32bbf827e2037cbdd6e73571aeab04432f,63c5fa958808e75ca8294303d94c8e129f2d37e6812dcc96c10d876d3f9d443e,cells\system_0023_ic1_time_f64le.bin,cells\system_0023_ic1_state_f64le_c_order.bin,C:\Users\joedicke\Documents\reps\EvoODE\outputs\phase_c_c6_data_conditions_5dd1df8\system_0023_ic1_sigma_0p029999999999999999_rho_0_realization_2,float64,little_endian
23,1,1,0.03,0.0,3,multiplicative_gaussian_iid,14ad814a69ec28ff,512,sha256_raw_little_endian_float64,time,time_by_dimension_c_order,[512],"[512,1]",0.0,10.0,-2.8677139678355905,0.23607439582960887,ffad3499269c08c6bd22e9e5c5d2ab32bbf827e2037cbdd6e73571aeab04432f,64fe3cc2a9be00db164679439ccaf73867d4e98d9e45e041e0d236111d9136fa,cells\system_0023_ic1_time_f64le.bin,cells\system_0023_ic1_state_f64le_c_order.bin,C:\Users\joedicke\Documents\reps\EvoODE\outputs\phase_c_c6_data_conditions_5dd1df8\system_0023_ic1_sigma_0p029999999999999999_rho_0_realization_3,float64,little_endian
23,1,1,0.03,0.5,1,multiplicative_gaussian_iid,8de245124bfb451c,256,sha256_raw_little_endian_float64,time,time_by_dimension_c_order,[256],"[256,1]",0.0,10.0,-2.7553168106420607,0.2258514578329804,3535462c527bb8b40ec906314bbd6737f878b03cf9692b00d59148048fc3e9d0,fbe36b6e568147441ed64ece01745d013997a537c48151fc233c5fa9cae73efc,cells\system_0023_ic1_time_f64le.bin,cells\system_0023_ic1_state_f64le_c_order.bin,C:\Users\joedicke\Documents\reps\EvoODE\outputs\phase_c_c6_data_conditions_5dd1df8\system_0023_ic1_sigma_0p029999999999999999_rho_0p5_realization_1,float64,little_endian
23,1,1,0.03,0.5,2,multiplicative_gaussian_iid,a318ab0636b2776b,256,sha256_raw_little_endian_float64,time,time_by_dimension_c_order,[256],"[256,1]",0.03913894324853229,10.0,-2.6796892121901386,0.22205970590592974,5d19e2fc9180af9da1ccbae675c0fa9aa0b382acd710d81bbdaf6693200079ed,81e273bc91bc41fe1ff0e71b88f24ce1aec716609af46ce20f1a880ddcd9df2c,cells\system_0023_ic1_time_f64le.bin,cells\system_0023_ic1_state_f64le_c_order.bin,C:\Users\joedicke\Documents\reps\EvoODE\outputs\phase_c_c6_data_conditions_5dd1df8\system_0023_ic1_sigma_0p029999999999999999_rho_0p5_realization_2,float64,little_endian
23,1,1,0.03,0.5,3,multiplicative_gaussian_iid,069741ac89cccc44,256,sha256_raw_little_endian_float64,time,time_by_dimension_c_order,[256],"[256,1]",0.0,9.941291585127201,-2.88481104649876,0.22680769852370186,d3639dd1862b4aecffffc9fc40a9ecae3a3e81b6530488d77af440e21f103450,7519ef6d7ead191d9220037aa595b1f3cc75cc66d364e10ae8f926414f207c8e,cells\system_0023_ic1_time_f64le.bin,cells\system_0023_ic1_state_f64le_c_order.bin,C:\Users\joedicke\Documents\reps\EvoODE\outputs\phase_c_c6_data_conditions_5dd1df8\system_0023_ic1_sigma_0p029999999999999999_rho_0p5_realization_3,float64,little_endian
23,1,1,0.04,0.0,1,multiplicative_gaussian_iid,44801945584039fb,512,sha256_raw_little_endian_float64,time,time_by_dimension_c_order,[512],"[512,1]",0.0,10.0,-2.859642184180725,0.22853125258450388,ffad3499269c08c6bd22e9e5c5d2ab32bbf827e2037cbdd6e73571aeab04432f,25360df2301bd1ab1b9cd518b5ad55ddbde0e0343d6f05b92335d27a5e7efb01,cells\system_0023_ic1_time_f64le.bin,cells\system_0023_ic1_state_f64le_c_order.bin,C:\Users\joedicke\Documents\reps\EvoODE\outputs\phase_c_c6_data_conditions_5dd1df8\system_0023_ic1_sigma_0p040000000000000001_rho_0_realization_1,float64,little_endian
23,1,1,0.04,0.0,2,multiplicative_gaussian_iid,8822fb29eb654e2c,512,sha256_raw_little_endian_float64,time,time_by_dimension_c_order,[512],"[512,1]",0.0,10.0,-2.857841310902853,0.2273519074647834,ffad3499269c08c6bd22e9e5c5d2ab32bbf827e2037cbdd6e73571aeab04432f,093e7f9db2feac9d51bccb8accbb70b03b9152fdb8b3c3be4987bfbbbd387046,cells\system_0023_ic1_time_f64le.bin,cells\system_0023_ic1_state_f64le_c_order.bin,C:\Users\joedicke\Documents\reps\EvoODE\outputs\phase_c_c6_data_conditions_5dd1df8\system_0023_ic1_sigma_0p040000000000000001_rho_0_realization_2,float64,little_endian
23,1,1,0.04,0.0,3,multiplicative_gaussian_iid,c894b9d947f7dad9,512,sha256_raw_little_endian_float64,time,time_by_dimension_c_order,[512],"[512,1]",0.0,10.0,-2.807597415815572,0.22942504832109564,ffad3499269c08c6bd22e9e5c5d2ab32bbf827e2037cbdd6e73571aeab04432f,b669dd82a991111e754eb2393c661e8c3467ff553800d23d2cba5d63afd481bb,cells\system_0023_ic1_time_f64le.bin,cells\system_0023_ic1_state_f64le_c_order.bin,C:\Users\joedicke\Documents\reps\EvoODE\outputs\phase_c_c6_data_conditions_5dd1df8\system_0023_ic1_sigma_0p040000000000000001_rho_0_realization_3,float64,little_endian
23,1,1,0.04,0.5,1,multiplicative_gaussian_iid,9b8b6df42eee8e32,256,sha256_raw_little_endian_float64,time,time_by_dimension_c_order,[256],"[256,1]",0.019569471624266144,10.0,-2.719162923130146,0.2352114318124679,caa8da4555f829020cbdde4203861a1544a4e1cae15e4546796afa037de059f3,c65990867243e74132a2cf8bfe9b42fd096b7ed7b046ed7496876f2ca958c0e1,cells\system_0023_ic1_time_f64le.bin,cells\system_0023_ic1_state_f64le_c_order.bin,C:\Users\joedicke\Documents\reps\EvoODE\outputs\phase_c_c6_data_conditions_5dd1df8\system_0023_ic1_sigma_0p040000000000000001_rho_0p5_realization_1,float64,little_endian
23,1,1,0.04,0.5,2,multiplicative_gaussian_iid,782ee43c52f10048,256,sha256_raw_little_endian_float64,time,time_by_dimension_c_order,[256],"[256,1]",0.0,10.0,-2.9152732408217368,0.24039428368359533,e1e7c6bd8a7b48596836756170122a3c449480587f37a5c6a74499d240ce8ff1,7951d30e21d2706c9a67dd22925697fbe0c92d39a6d2040f8b5731cae1897b51,cells\system_0023_ic1_time_f64le.bin,cells\system_0023_ic1_state_f64le_c_order.bin,C:\Users\joedicke\Documents\reps\EvoODE\outputs\phase_c_c6_data_conditions_5dd1df8\system_0023_ic1_sigma_0p040000000000000001_rho_0p5_realization_2,float64,little_endian
23,1,1,0.04,0.5,3,multiplicative_gaussian_iid,ed5295c60e5e2276,256,sha256_raw_little_endian_float64,time,time_by_dimension_c_order,[256],"[256,1]",0.0,9.980430528375733,-2.992917469145627,0.22617965658874079,e05c5b476bed5627f4025a04ca920df8a6d480938c17c7f5e53395f49529b4d6,b38b9ffb3d85f0d7a322d850af4ff0668a2039bce3ad650f1cfa2029d57488bb,cells\system_0023_ic1_time_f64le.bin,cells\system_0023_ic1_state_f64le_c_order.bin,C:\Users\joedicke\Documents\reps\EvoODE\outputs\phase_c_c6_data_conditions_5dd1df8\system_0023_ic1_sigma_0p040000000000000001_rho_0p5_realization_3,float64,little_endian
23,1,1,0.05,0.0,1,multiplicative_gaussian_iid,0c0ad42629f69010,512,sha256_raw_little_endian_float64,time,time_by_dimension_c_order,[512],"[512,1]",0.0,10.0,-2.953038283498867,0.2434451097522238,ffad3499269c08c6bd22e9e5c5d2ab32bbf827e2037cbdd6e73571aeab04432f,891372cea50eb4496c613ca1b3f63f7a81f288d435090025a0b3c0b528acf997,cells\system_0023_ic1_time_f64le.bin,cells\system_0023_ic1_state_f64le_c_order.bin,C:\Users\joedicke\Documents\reps\EvoODE\outputs\phase_c_c6_data_conditions_5dd1df8\system_0023_ic1_sigma_0p050000000000000003_rho_0_realization_1,float64,little_endian
23,1,1,0.05,0.0,2,multiplicative_gaussian_iid,d4fd33de90c64fdb,512,sha256_raw_little_endian_float64,time,time_by_dimension_c_order,[512],"[512,1]",0.0,10.0,-2.923935122956272,0.24337124521357345,ffad3499269c08c6bd22e9e5c5d2ab32bbf827e2037cbdd6e73571aeab04432f,ec87a9d8877c15bb5aad424ca7872602ca5fe7591ff366ba21a5761f7cbfa81f,cells\system_0023_ic1_time_f64le.bin,cells\system_0023_ic1_state_f64le_c_order.bin,C:\Users\joedicke\Documents\reps\EvoODE\outputs\phase_c_c6_data_conditions_5dd1df8\system_0023_ic1_sigma_0p050000000000000003_rho_0_realization_2,float64,little_endian
23,1,1,0.05,0.0,3,multiplicative_gaussian_iid,474964b5d4eb36b7,512,sha256_raw_little_endian_float64,time,time_by_dimension_c_order,[512],"[512,1]",0.0,10.0,-2.9635156352552174,0.23615858448459096,ffad3499269c08c6bd22e9e5c5d2ab32bbf827e2037cbdd6e73571aeab04432f,d4f08a81d3f8ea269bbabac461e76e75c858787238c39d7d4f987545caed4329,cells\system_0023_ic1_time_f64le.bin,cells\system_0023_ic1_state_f64le_c_order.bin,C:\Users\joedicke\Documents\reps\EvoODE\outputs\phase_c_c6_data_conditions_5dd1df8\system_0023_ic1_sigma_0p050000000000000003_rho_0_realization_3,float64,little_endian
23,1,1,0.05,0.5,1,multiplicative_gaussian_iid,2c2c9d97aa17bd60,256,sha256_raw_little_endian_float64,time,time_by_dimension_c_order,[256],"[256,1]",0.0,10.0,-2.962587120829296,0.2267359183133598,de92ddfef9bd7622e1b0c03d83440188bfe9d92a7c1632f9be2f87525d3c67f1,dc99d10cd8b5019e17e4c3424b2a1cc97f613adc25fd27a7827cd613223e46a0,cells\system_0023_ic1_time_f64le.bin,cells\system_0023_ic1_state_f64le_c_order.bin,C:\Users\joedicke\Documents\reps\EvoODE\outputs\phase_c_c6_data_conditions_5dd1df8\system_0023_ic1_sigma_0p050000000000000003_rho_0p5_realization_1,float64,little_endian
23,1,1,0.05,0.5,2,multiplicative_gaussian_iid,0e7c4be2f70297ab,256,sha256_raw_little_endian_float64,time,time_by_dimension_c_order,[256],"[256,1]",0.0,10.0,-2.8055623061451573,0.23150975861951797,24598346c7a21f5ab8db4ce69f0184da652ab49e5642f00a3875d471244872de,28b59e0b8bd62856b4d1a9bf3dca57720fb116f8ee7e41b7aa74cf5e72b27dbc,cells\system_0023_ic1_time_f64le.bin,cells\system_0023_ic1_state_f64le_c_order.bin,C:\Users\joedicke\Documents\reps\EvoODE\outputs\phase_c_c6_data_conditions_5dd1df8\system_0023_ic1_sigma_0p050000000000000003_rho_0p5_realization_2,float64,little_endian
23,1,1,0.05,0.5,3,multiplicative_gaussian_iid,eb4c796cf661b732,256,sha256_raw_little_endian_float64,time,time_by_dimension_c_order,[256],"[256,1]",0.0,9.941291585127201,-2.7427631737862757,0.2339836084438211,6236ddee07deb4ae591bba3f44f722b1d0605e1fe7445a4f9881f1807afdf045,e920a55f9c41e685bbd1281de9825142f2fb46cc27fb7925b6f7ae75acc8398e,cells\system_0023_ic1_time_f64le.bin,cells\system_0023_ic1_state_f64le_c_order.bin,C:\Users\joedicke\Documents\reps\EvoODE\outputs\phase_c_c6_data_conditions_5dd1df8\system_0023_ic1_sigma_0p050000000000000003_rho_0p5_realization_3,float64,little_endian
23,2,1,0.0,0.0,1,multiplicative_gaussian_iid,799711a15b6d0740,512,sha256_raw_little_endian_float64,time,time_by_dimension_c_order,[512],"[512,1]",0.0,10.0,0.21169735213977303,1.65,ffad3499269c08c6bd22e9e5c5d2ab32bbf827e2037cbdd6e73571aeab04432f,ad928dbfb7a9dea663c07b6844b5ee6c1584d6359f63ae1202ba376f02154491,cells\system_0023_ic2_time_f64le.bin,cells\system_0023_ic2_state_f64le_c_order.bin,C:\Users\joedicke\Documents\reps\EvoODE\outputs\phase_c_c6_data_conditions_5dd1df8\system_0023_ic2_sigma_0_rho_0_realization_1,float64,little_endian
23,2,1,0.0,0.0,2,multiplicative_gaussian_iid,b5afe8a7651c851f,512,sha256_raw_little_endian_float64,time,time_by_dimension_c_order,[512],"[512,1]",0.0,10.0,0.21169735213977303,1.65,ffad3499269c08c6bd22e9e5c5d2ab32bbf827e2037cbdd6e73571aeab04432f,ad928dbfb7a9dea663c07b6844b5ee6c1584d6359f63ae1202ba376f02154491,cells\system_0023_ic2_time_f64le.bin,cells\system_0023_ic2_state_f64le_c_order.bin,C:\Users\joedicke\Documents\reps\EvoODE\outputs\phase_c_c6_data_conditions_5dd1df8\system_0023_ic2_sigma_0_rho_0_realization_2,float64,little_endian
23,2,1,0.0,0.0,3,multiplicative_gaussian_iid,d0ef57fd9e507f22,512,sha256_raw_little_endian_float64,time,time_by_dimension_c_order,[512],"[512,1]",0.0,10.0,0.21169735213977303,1.65,ffad3499269c08c6bd22e9e5c5d2ab32bbf827e2037cbdd6e73571aeab04432f,ad928dbfb7a9dea663c07b6844b5ee6c1584d6359f63ae1202ba376f02154491,cells\system_0023_ic2_time_f64le.bin,cells\system_0023_ic2_state_f64le_c_order.bin,C:\Users\joedicke\Documents\reps\EvoODE\outputs\phase_c_c6_data_conditions_5dd1df8\system_0023_ic2_sigma_0_rho_0_realization_3,float64,little_endian
23,2,1,0.0,0.5,1,multiplicative_gaussian_iid,e5ae40517517118c,256,sha256_raw_little_endian_float64,time,time_by_dimension_c_order,[256],"[256,1]",0.019569471624266144,9.980430528375733,0.21169971639969662,1.6345903121278083,e3c6eb1a019f3e49ced5b59c162acec54563d02e898677c32dd5fbdc77272225,37509b35991d783b71755be7e084f5229b364f46050dfbbdc6c173011590bab0,cells\system_0023_ic2_time_f64le.bin,cells\system_0023_ic2_state_f64le_c_order.bin,C:\Users\joedicke\Documents\reps\EvoODE\outputs\phase_c_c6_data_conditions_5dd1df8\system_0023_ic2_sigma_0_rho_0p5_realization_1,float64,little_endian
23,2,1,0.0,0.5,2,multiplicative_gaussian_iid,410220e26b007c78,256,sha256_raw_little_endian_float64,time,time_by_dimension_c_order,[256],"[256,1]",0.05870841487279843,10.0,0.21169735213977303,1.6037178624804185,d8a1905cfcc7e6549487c74e687135048668cf40feec50e4173055aa4261afd8,623d4245508eafbf5264b8dda60c61187aeff7ee9bd444138c50534013483736,cells\system_0023_ic2_time_f64le.bin,cells\system_0023_ic2_state_f64le_c_order.bin,C:\Users\joedicke\Documents\reps\EvoODE\outputs\phase_c_c6_data_conditions_5dd1df8\system_0023_ic2_sigma_0_rho_0p5_realization_2,float64,little_endian
23,2,1,0.0,0.5,3,multiplicative_gaussian_iid,32943fed9075ec6b,256,sha256_raw_little_endian_float64,time,time_by_dimension_c_order,[256],"[256,1]",0.0,9.980430528375733,0.21169971639969662,1.65,faa6667f1c383b001f0d51eb0a4323fb69832b4f732cb0e3739a2636ddbe011f,a77b6974d5ed8c6482c27f420c81fa6d3479f61b7b44790fcd9a31783f3a20d6,cells\system_0023_ic2_time_f64le.bin,cells\system_0023_ic2_state_f64le_c_order.bin,C:\Users\joedicke\Documents\reps\EvoODE\outputs\phase_c_c6_data_conditions_5dd1df8\system_0023_ic2_sigma_0_rho_0p5_realization_3,float64,little_endian
23,2,1,0.01,0.0,1,multiplicative_gaussian_iid,1696ce8b0e80990d,512,sha256_raw_little_endian_float64,time,time_by_dimension_c_order,[512],"[512,1]",0.0,10.0,0.2064372722071736,1.6564997230140432,ffad3499269c08c6bd22e9e5c5d2ab32bbf827e2037cbdd6e73571aeab04432f,65f3b3b9dc0de07d6dfc2c29e1312fd164055d1dc479baedd28ce313759cc813,cells\system_0023_ic2_time_f64le.bin,cells\system_0023_ic2_state_f64le_c_order.bin,C:\Users\joedicke\Documents\reps\EvoODE\outputs\phase_c_c6_data_conditions_5dd1df8\system_0023_ic2_sigma_0p01_rho_0_realization_1,float64,little_endian
23,2,1,0.01,0.0,2,multiplicative_gaussian_iid,715557b4e934a00a,512,sha256_raw_little_endian_float64,time,time_by_dimension_c_order,[512],"[512,1]",0.0,10.0,0.2062492695423243,1.6512599086378976,ffad3499269c08c6bd22e9e5c5d2ab32bbf827e2037cbdd6e73571aeab04432f,1ff8039a167314d43368ae1dcc481a69c2093572f4bd379d7f7031940a84e5e9,cells\system_0023_ic2_time_f64le.bin,cells\system_0023_ic2_state_f64le_c_order.bin,C:\Users\joedicke\Documents\reps\EvoODE\outputs\phase_c_c6_data_conditions_5dd1df8\system_0023_ic2_sigma_0p01_rho_0_realization_2,float64,little_endian
23,2,1,0.01,0.0,3,multiplicative_gaussian_iid,bcb458bd643fcc5e,512,sha256_raw_little_endian_float64,time,time_by_dimension_c_order,[512],"[512,1]",0.0,10.0,0.20675933077737435,1.638506863605802,ffad3499269c08c6bd22e9e5c5d2ab32bbf827e2037cbdd6e73571aeab04432f,3028332e4ec83115872a78c098d313eb693a9a0eae979194630ec787f3bd5f87,cells\system_0023_ic2_time_f64le.bin,cells\system_0023_ic2_state_f64le_c_order.bin,C:\Users\joedicke\Documents\reps\EvoODE\outputs\phase_c_c6_data_conditions_5dd1df8\system_0023_ic2_sigma_0p01_rho_0_realization_3,float64,little_endian
23,2,1,0.01,0.5,1,multiplicative_gaussian_iid,228ccdf853b4603f,256,sha256_raw_little_endian_float64,time,time_by_dimension_c_order,[256],"[256,1]",0.019569471624266144,10.0,0.20708337656067502,1.625964177770239,ab0f59dd4bb206868a7a97bdafc2200c88c2e7acf3639f6b6f254b722b6eec07,0c9e8667b03541ca0b099b3bb2a984b3ea55841280112d898e9379b9d041e7e5,cells\system_0023_ic2_time_f64le.bin,cells\system_0023_ic2_state_f64le_c_order.bin,C:\Users\joedicke\Documents\reps\EvoODE\outputs\phase_c_c6_data_conditions_5dd1df8\system_0023_ic2_sigma_0p01_rho_0p5_realization_1,float64,little_endian
23,2,1,0.01,0.5,2,multiplicative_gaussian_iid,91c37238ed72132a,256,sha256_raw_little_endian_float64,time,time_by_dimension_c_order,[256],"[256,1]",0.0,9.980430528375733,0.2074993434729324,1.6820397682108714,06d03071bc9274f9d53c7f38cc36ce1d3fde6edd6b4c4f83d01d890ddc30f988,02e3ccc6a1a1d3ded5847ab7fc2a468ea63489bdd38c97f53b8c410b50eef3b8,cells\system_0023_ic2_time_f64le.bin,cells\system_0023_ic2_state_f64le_c_order.bin,C:\Users\joedicke\Documents\reps\EvoODE\outputs\phase_c_c6_data_conditions_5dd1df8\system_0023_ic2_sigma_0p01_rho_0p5_realization_2,float64,little_endian
23,2,1,0.01,0.5,3,multiplicative_gaussian_iid,f288b68ee10122ab,256,sha256_raw_little_endian_float64,time,time_by_dimension_c_order,[256],"[256,1]",0.0,9.980430528375733,0.2053840918775075,1.6259205703731048,d1c372b9a9345c26948546811b397e628e0e72f8b5d450f2122c938b649efd85,3467a71dd5dc99a0c4131ca1c2a1f2134ed0e5bfc0fb3cbae4d85deaa98f6fca,cells\system_0023_ic2_time_f64le.bin,cells\system_0023_ic2_state_f64le_c_order.bin,C:\Users\joedicke\Documents\reps\EvoODE\outputs\phase_c_c6_data_conditions_5dd1df8\system_0023_ic2_sigma_0p01_rho_0p5_realization_3,float64,little_endian
23,2,1,0.02,0.0,1,multiplicative_gaussian_iid,672a11e7b6fa736d,512,sha256_raw_little_endian_float64,time,time_by_dimension_c_order,[512],"[512,1]",0.0,10.0,0.19829852707476223,1.6185499178133687,ffad3499269c08c6bd22e9e5c5d2ab32bbf827e2037cbdd6e73571aeab04432f,cc61385e0e8a3c53896d2d47dd3ca41ddba900a424f6f9a5f36dc8f044553697,cells\system_0023_ic2_time_f64le.bin,cells\system_0023_ic2_state_f64le_c_order.bin,C:\Users\joedicke\Documents\reps\EvoODE\outputs\phase_c_c6_data_conditions_5dd1df8\system_0023_ic2_sigma_0p02_rho_0_realization_1,float64,little_endian
23,2,1,0.02,0.0,2,multiplicative_gaussian_iid,325115d8689b3624,512,sha256_raw_little_endian_float64,time,time_by_dimension_c_order,[512],"[512,1]",0.0,10.0,0.2002938029922061,1.7012143109404283,ffad3499269c08c6bd22e9e5c5d2ab32bbf827e2037cbdd6e73571aeab04432f,a80b4a5db97628ff0955a445799d3cff15aa20f901bb163a5484ae78088f4430,cells\system_0023_ic2_time_f64le.bin,cells\system_0023_ic2_state_f64le_c_order.bin,C:\Users\joedicke\Documents\reps\EvoODE\outputs\phase_c_c6_data_conditions_5dd1df8\system_0023_ic2_sigma_0p02_rho_0_realization_2,float64,little_endian
23,2,1,0.02,0.0,3,multiplicative_gaussian_iid,f381e98903da9113,512,sha256_raw_little_endian_float64,time,time_by_dimension_c_order,[512],"[512,1]",0.0,10.0,0.20182699996776937,1.6472637570665354,ffad3499269c08c6bd22e9e5c5d2ab32bbf827e2037cbdd6e73571aeab04432f,51bcd09281cba3bfb1438c28399ae7c997299ca053f06cadc9e2e7b55b8938e8,cells\system_0023_ic2_time_f64le.bin,cells\system_0023_ic2_state_f64le_c_order.bin,C:\Users\joedicke\Documents\reps\EvoODE\outputs\phase_c_c6_data_conditions_5dd1df8\system_0023_ic2_sigma_0p02_rho_0_realization_3,float64,little_endian
23,2,1,0.02,0.5,1,multiplicative_gaussian_iid,7c6160caa1ea477b,256,sha256_raw_little_endian_float64,time,time_by_dimension_c_order,[256],"[256,1]",0.019569471624266144,10.0,0.20077404171379315,1.6198564921195047,b394f42c3f7651e07ed78415e6294e6787c8356119a480fb522e5a9dfe182daa,14fc9282180c3caf03eec83271e2637654beb9b273b62b0a0c30f4cab9f9cd29,cells\system_0023_ic2_time_f64le.bin,cells\system_0023_ic2_state_f64le_c_order.bin,C:\Users\joedicke\Documents\reps\EvoODE\outputs\phase_c_c6_data_conditions_5dd1df8\system_0023_ic2_sigma_0p02_rho_0p5_realization_1,float64,little_endian
23,2,1,0.02,0.5,2,multiplicative_gaussian_iid,bcd25d66948ee0ae,256,sha256_raw_little_endian_float64,time,time_by_dimension_c_order,[256],"[256,1]",0.019569471624266144,10.0,0.20255587803638864,1.6184908652477379,b63ede2b5efa5528218f4f4e190dabd7ffa0f59dfafa7f9f39fb28761f77dc46,9aecd2c829b671b29fef2d77a4be0514c8fc7e9fcc3156331bac00238e7c75b3,cells\system_0023_ic2_time_f64le.bin,cells\system_0023_ic2_state_f64le_c_order.bin,C:\Users\joedicke\Documents\reps\EvoODE\outputs\phase_c_c6_data_conditions_5dd1df8\system_0023_ic2_sigma_0p02_rho_0p5_realization_2,float64,little_endian
23,2,1,0.02,0.5,3,multiplicative_gaussian_iid,e0af3b0de5724047,256,sha256_raw_little_endian_float64,time,time_by_dimension_c_order,[256],"[256,1]",0.03913894324853229,10.0,0.20211526327869422,1.6571181196598843,6262cbea7acb9a3ec3a4265b9290567f86904810ff969c2e065b3a8190e2374e,9985ca81dd62f49524653a91b83df170619ad63e2a62b33420f907224e57c6cd,cells\system_0023_ic2_time_f64le.bin,cells\system_0023_ic2_state_f64le_c_order.bin,C:\Users\joedicke\Documents\reps\EvoODE\outputs\phase_c_c6_data_conditions_5dd1df8\system_0023_ic2_sigma_0p02_rho_0p5_realization_3,float64,little_endian
23,2,1,0.03,0.0,1,multiplicative_gaussian_iid,9ab73e4eac8e3294,512,sha256_raw_little_endian_float64,time,time_by_dimension_c_order,[512],"[512,1]",0.0,10.0,0.19818459136799027,1.7123382156149287,ffad3499269c08c6bd22e9e5c5d2ab32bbf827e2037cbdd6e73571aeab04432f,596de92d7c803b7f7495b14b378b8690738988425f261778ce4c0ba166bc6923,cells\system_0023_ic2_time_f64le.bin,cells\system_0023_ic2_state_f64le_c_order.bin,C:\Users\joedicke\Documents\reps\EvoODE\outputs\phase_c_c6_data_conditions_5dd1df8\system_0023_ic2_sigma_0p029999999999999999_rho_0_realization_1,float64,little_endian
23,2,1,0.03,0.0,2,multiplicative_gaussian_iid,82c3da1e7e62eee3,512,sha256_raw_little_endian_float64,time,time_by_dimension_c_order,[512],"[512,1]",0.0,10.0,0.19472012686529996,1.6839186715190964,ffad3499269c08c6bd22e9e5c5d2ab32bbf827e2037cbdd6e73571aeab04432f,2fbcac4f714109eb0d1d4540d6fb3783a763091342fc2983923c507abcbd201f,cells\system_0023_ic2_time_f64le.bin,cells\system_0023_ic2_state_f64le_c_order.bin,C:\Users\joedicke\Documents\reps\EvoODE\outputs\phase_c_c6_data_conditions_5dd1df8\system_0023_ic2_sigma_0p029999999999999999_rho_0_realization_2,float64,little_endian
23,2,1,0.03,0.0,3,multiplicative_gaussian_iid,14ad814a69ec28ff,512,sha256_raw_little_endian_float64,time,time_by_dimension_c_order,[512],"[512,1]",0.0,10.0,0.18762748269863547,1.6900658614171902,ffad3499269c08c6bd22e9e5c5d2ab32bbf827e2037cbdd6e73571aeab04432f,5a75f6b6686832b0579ec07f0704a32ace28c5dad3dede5240ae9b380d4112cb,cells\system_0023_ic2_time_f64le.bin,cells\system_0023_ic2_state_f64le_c_order.bin,C:\Users\joedicke\Documents\reps\EvoODE\outputs\phase_c_c6_data_conditions_5dd1df8\system_0023_ic2_sigma_0p029999999999999999_rho_0_realization_3,float64,little_endian
23,2,1,0.03,0.5,1,multiplicative_gaussian_iid,8de245124bfb451c,256,sha256_raw_little_endian_float64,time,time_by_dimension_c_order,[256],"[256,1]",0.0,10.0,0.19338688569306187,1.6367906828658452,0540e41e1828a82fe1b09271c6a5bcab30f38d4609d678bd65ac8bff132af0c1,39715bd3cfbaa33b44d437959cee51c2f500589b190c22b4a7de85c4d69792c8,cells\system_0023_ic2_time_f64le.bin,cells\system_0023_ic2_state_f64le_c_order.bin,C:\Users\joedicke\Documents\reps\EvoODE\outputs\phase_c_c6_data_conditions_5dd1df8\system_0023_ic2_sigma_0p029999999999999999_rho_0p5_realization_1,float64,little_endian
23,2,1,0.03,0.5,2,multiplicative_gaussian_iid,a318ab0636b2776b,256,sha256_raw_little_endian_float64,time,time_by_dimension_c_order,[256],"[256,1]",0.0,9.921722113502934,0.19946426703746245,1.6686600092645871,a891ddffa32bc6c529e9ef775b7e59590ee7776ebdbb49dbd5bf87bf423bbbbf,8a642daeebb7339dc488691258f5fa1c366ea4018d803f4267419f9afbf7bfef,cells\system_0023_ic2_time_f64le.bin,cells\system_0023_ic2_state_f64le_c_order.bin,C:\Users\joedicke\Documents\reps\EvoODE\outputs\phase_c_c6_data_conditions_5dd1df8\system_0023_ic2_sigma_0p029999999999999999_rho_0p5_realization_2,float64,little_endian
23,2,1,0.03,0.5,3,multiplicative_gaussian_iid,069741ac89cccc44,256,sha256_raw_little_endian_float64,time,time_by_dimension_c_order,[256],"[256,1]",0.019569471624266144,9.980430528375733,0.20173151707387776,1.6408854753825144,3baeecab281462a9214f457e5217fb51fb30db26112a873144d34957872c05c1,fb708c374f0077e9cf58fb412af0e5bc94289ca92b7292296b329573f70e5ab6,cells\system_0023_ic2_time_f64le.bin,cells\system_0023_ic2_state_f64le_c_order.bin,C:\Users\joedicke\Documents\reps\EvoODE\outputs\phase_c_c6_data_conditions_5dd1df8\system_0023_ic2_sigma_0p029999999999999999_rho_0p5_realization_3,float64,little_endian
23,2,1,0.04,0.0,1,multiplicative_gaussian_iid,44801945584039fb,512,sha256_raw_little_endian_float64,time,time_by_dimension_c_order,[512],"[512,1]",0.0,10.0,0.18561336644753884,1.7163852498155938,ffad3499269c08c6bd22e9e5c5d2ab32bbf827e2037cbdd6e73571aeab04432f,be1be00069ef78ddbaed266ef12d9df371c1d43f8885986084fd5a785b639aa7,cells\system_0023_ic2_time_f64le.bin,cells\system_0023_ic2_state_f64le_c_order.bin,C:\Users\joedicke\Documents\reps\EvoODE\outputs\phase_c_c6_data_conditions_5dd1df8\system_0023_ic2_sigma_0p040000000000000001_rho_0_realization_1,float64,little_endian
23,2,1,0.04,0.0,2,multiplicative_gaussian_iid,8822fb29eb654e2c,512,sha256_raw_little_endian_float64,time,time_by_dimension_c_order,[512],"[512,1]",0.0,10.0,0.18876361593415764,1.759186495327936,ffad3499269c08c6bd22e9e5c5d2ab32bbf827e2037cbdd6e73571aeab04432f,1b59fe3da7a57962dce48127d9355cd4f7e83fd59b7db6f28793c02b34760d2d,cells\system_0023_ic2_time_f64le.bin,cells\system_0023_ic2_state_f64le_c_order.bin,C:\Users\joedicke\Documents\reps\EvoODE\outputs\phase_c_c6_data_conditions_5dd1df8\system_0023_ic2_sigma_0p040000000000000001_rho_0_realization_2,float64,little_endian
23,2,1,0.04,0.0,3,multiplicative_gaussian_iid,c894b9d947f7dad9,512,sha256_raw_little_endian_float64,time,time_by_dimension_c_order,[512],"[512,1]",0.0,10.0,0.19092013248119602,1.7267497770289586,ffad3499269c08c6bd22e9e5c5d2ab32bbf827e2037cbdd6e73571aeab04432f,c204675dbfcd94221ea9c48940fe222e274101a4a23ec58c502ad3e900131bbf,cells\system_0023_ic2_time_f64le.bin,cells\system_0023_ic2_state_f64le_c_order.bin,C:\Users\joedicke\Documents\reps\EvoODE\outputs\phase_c_c6_data_conditions_5dd1df8\system_0023_ic2_sigma_0p040000000000000001_rho_0_realization_3,float64,little_endian
23,2,1,0.04,0.5,1,multiplicative_gaussian_iid,9b8b6df42eee8e32,256,sha256_raw_little_endian_float64,time,time_by_dimension_c_order,[256],"[256,1]",0.0,9.980430528375733,0.19288939272094766,1.6628552748196324,d4081a4a66f1701b522b93330864f4563fcb41f957d21ba6f15950b403a8d497,14e5c610ff2baf985303f0b0a03348a93e4294170d22d7ec1d452840686bee34,cells\system_0023_ic2_time_f64le.bin,cells\system_0023_ic2_state_f64le_c_order.bin,C:\Users\joedicke\Documents\reps\EvoODE\outputs\phase_c_c6_data_conditions_5dd1df8\system_0023_ic2_sigma_0p040000000000000001_rho_0p5_realization_1,float64,little_endian
23,2,1,0.04,0.5,2,multiplicative_gaussian_iid,782ee43c52f10048,256,sha256_raw_little_endian_float64,time,time_by_dimension_c_order,[256],"[256,1]",0.0,10.0,0.19084847993162207,1.720125930181008,73f7d338ab38120234ceccc295c12817ac67101ad10dc08165160a7529eb4f0f,14755ecfeca2dc960894764946314174101aeb4b38faf191bba2f99b48ffd9e6,cells\system_0023_ic2_time_f64le.bin,cells\system_0023_ic2_state_f64le_c_order.bin,C:\Users\joedicke\Documents\reps\EvoODE\outputs\phase_c_c6_data_conditions_5dd1df8\system_0023_ic2_sigma_0p040000000000000001_rho_0p5_realization_2,float64,little_endian
23,2,1,0.04,0.5,3,multiplicative_gaussian_iid,ed5295c60e5e2276,256,sha256_raw_little_endian_float64,time,time_by_dimension_c_order,[256],"[256,1]",0.03913894324853229,9.941291585127201,0.1963482433711859,1.5886822098702646,191c5ef282725245d84a673d4a51c5ddb43053d65aea169c03a16e46aaf95484,855640ae3d190babdd619a5758b9e47b852d5e83700dddaaa75be794e4e6f0f4,cells\system_0023_ic2_time_f64le.bin,cells\system_0023_ic2_state_f64le_c_order.bin,C:\Users\joedicke\Documents\reps\EvoODE\outputs\phase_c_c6_data_conditions_5dd1df8\system_0023_ic2_sigma_0p040000000000000001_rho_0p5_realization_3,float64,little_endian
23,2,1,0.05,0.0,1,multiplicative_gaussian_iid,0c0ad42629f69010,512,sha256_raw_little_endian_float64,time,time_by_dimension_c_order,[512],"[512,1]",0.0,10.0,0.17347318477643414,1.7140160803584163,ffad3499269c08c6bd22e9e5c5d2ab32bbf827e2037cbdd6e73571aeab04432f,8ba6045d2befb9b6464603e717bab65c1aebf11abb9e7c1b2cd187b010cfd854,cells\system_0023_ic2_time_f64le.bin,cells\system_0023_ic2_state_f64le_c_order.bin,C:\Users\joedicke\Documents\reps\EvoODE\outputs\phase_c_c6_data_conditions_5dd1df8\system_0023_ic2_sigma_0p050000000000000003_rho_0_realization_1,float64,little_endian
23,2,1,0.05,0.0,2,multiplicative_gaussian_iid,d4fd33de90c64fdb,512,sha256_raw_little_endian_float64,time,time_by_dimension_c_order,[512],"[512,1]",0.0,10.0,0.18351814867992478,1.6243190957494567,ffad3499269c08c6bd22e9e5c5d2ab32bbf827e2037cbdd6e73571aeab04432f,534831658dcde64de5d5475a012fd55ea6ad7b3c0540f896fedaaf18b0961223,cells\system_0023_ic2_time_f64le.bin,cells\system_0023_ic2_state_f64le_c_order.bin,C:\Users\joedicke\Documents\reps\EvoODE\outputs\phase_c_c6_data_conditions_5dd1df8\system_0023_ic2_sigma_0p050000000000000003_rho_0_realization_2,float64,little_endian
23,2,1,0.05,0.0,3,multiplicative_gaussian_iid,474964b5d4eb36b7,512,sha256_raw_little_endian_float64,time,time_by_dimension_c_order,[512],"[512,1]",0.0,10.0,0.18997827302773454,1.7605918895040285,ffad3499269c08c6bd22e9e5c5d2ab32bbf827e2037cbdd6e73571aeab04432f,1e2dbac10a3f56ee6101e6e06f54fe14e25503c3e2e9d0b7d1287c623c3ad92f,cells\system_0023_ic2_time_f64le.bin,cells\system_0023_ic2_state_f64le_c_order.bin,C:\Users\joedicke\Documents\reps\EvoODE\outputs\phase_c_c6_data_conditions_5dd1df8\system_0023_ic2_sigma_0p050000000000000003_rho_0_realization_3,float64,little_endian
23,2,1,0.05,0.5,1,multiplicative_gaussian_iid,2c2c9d97aa17bd60,256,sha256_raw_little_endian_float64,time,time_by_dimension_c_order,[256],"[256,1]",0.0,9.960861056751467,0.1890011285073427,1.6832939836997498,ab5cd3049a2c3e9896d7ff975ac5421f937ae5948235ca3deb7591e8a4c93ca3,decbd98f5015c8164b2efa1529d4e9138a530b3174c6970331918034408db707,cells\system_0023_ic2_time_f64le.bin,cells\system_0023_ic2_state_f64le_c_order.bin,C:\Users\joedicke\Documents\reps\EvoODE\outputs\phase_c_c6_data_conditions_5dd1df8\system_0023_ic2_sigma_0p050000000000000003_rho_0p5_realization_1,float64,little_endian
23,2,1,0.05,0.5,2,multiplicative_gaussian_iid,0e7c4be2f70297ab,256,sha256_raw_little_endian_float64,time,time_by_dimension_c_order,[256],"[256,1]",0.019569471624266144,10.0,0.1891203385219659,1.6631915663691463,acf1c238e4df0e969d27da170fb3c9dc7507aa84727ae3e096083657c1db857d,75861ab129c4b80b368851e3f5f99e65856d9b76ef8d2f8978846cd8cdf456d2,cells\system_0023_ic2_time_f64le.bin,cells\system_0023_ic2_state_f64le_c_order.bin,C:\Users\joedicke\Documents\reps\EvoODE\outputs\phase_c_c6_data_conditions_5dd1df8\system_0023_ic2_sigma_0p050000000000000003_rho_0p5_realization_2,float64,little_endian
23,2,1,0.05,0.5,3,multiplicative_gaussian_iid,eb4c796cf661b732,256,sha256_raw_little_endian_float64,time,time_by_dimension_c_order,[256],"[256,1]",0.03913894324853229,10.0,0.1892181558022459,1.5734069336854062,462f9dbc19d85c41055a734f4768e16ce9aee6619c20c063c0ff8b57190c45bb,abbb67b3fa98132600f9e3debe4371cea419a5a6c17b203287b11105e0f71a1b,cells\system_0023_ic2_time_f64le.bin,cells\system_0023_ic2_state_f64le_c_order.bin,C:\Users\joedicke\Documents\reps\EvoODE\outputs\phase_c_c6_data_conditions_5dd1df8\system_0023_ic2_sigma_0p050000000000000003_rho_0p5_realization_3,float64,little_endian
33,1,2,0.0,0.0,1,multiplicative_gaussian_iid,799711a15b6d0740,512,sha256_raw_little_endian_float64,time,time_by_dimension_c_order,[512],"[512,2]",0.0,10.0,0.2594982669817227,19.98904670817327,ffad3499269c08c6bd22e9e5c5d2ab32bbf827e2037cbdd6e73571aeab04432f,4a4737f04d81e59996d7d0f417290938eef08c2b90abebba0b739bb8506d6073,cells\system_0033_ic1_time_f64le.bin,cells\system_0033_ic1_state_f64le_c_order.bin,C:\Users\joedicke\Documents\reps\EvoODE\outputs\phase_c_c6_data_conditions_5dd1df8\system_0033_ic1_sigma_0_rho_0_realization_1,float64,little_endian
33,1,2,0.0,0.0,2,multiplicative_gaussian_iid,b5afe8a7651c851f,512,sha256_raw_little_endian_float64,time,time_by_dimension_c_order,[512],"[512,2]",0.0,10.0,0.2594982669817227,19.98904670817327,ffad3499269c08c6bd22e9e5c5d2ab32bbf827e2037cbdd6e73571aeab04432f,4a4737f04d81e59996d7d0f417290938eef08c2b90abebba0b739bb8506d6073,cells\system_0033_ic1_time_f64le.bin,cells\system_0033_ic1_state_f64le_c_order.bin,C:\Users\joedicke\Documents\reps\EvoODE\outputs\phase_c_c6_data_conditions_5dd1df8\system_0033_ic1_sigma_0_rho_0_realization_2,float64,little_endian
33,1,2,0.0,0.0,3,multiplicative_gaussian_iid,d0ef57fd9e507f22,512,sha256_raw_little_endian_float64,time,time_by_dimension_c_order,[512],"[512,2]",0.0,10.0,0.2594982669817227,19.98904670817327,ffad3499269c08c6bd22e9e5c5d2ab32bbf827e2037cbdd6e73571aeab04432f,4a4737f04d81e59996d7d0f417290938eef08c2b90abebba0b739bb8506d6073,cells\system_0033_ic1_time_f64le.bin,cells\system_0033_ic1_state_f64le_c_order.bin,C:\Users\joedicke\Documents\reps\EvoODE\outputs\phase_c_c6_data_conditions_5dd1df8\system_0033_ic1_sigma_0_rho_0_realization_3,float64,little_endian
33,1,2,0.0,0.5,1,multiplicative_gaussian_iid,e5ae40517517118c,256,sha256_raw_little_endian_float64,time,time_by_dimension_c_order,[256],"[256,2]",0.07827788649706457,10.0,0.2594982669817227,19.988993754274308,6763bb651cf675b98dfec18ee02be5c1a8bcb069871ff6343e3d28170d3147ae,beb9df73ddb3f3d55a548aa05609cf24a2ff5a144b493bd6b59b50149d72e542,cells\system_0033_ic1_time_f64le.bin,cells\system_0033_ic1_state_f64le_c_order.bin,C:\Users\joedicke\Documents\reps\EvoODE\outputs\phase_c_c6_data_conditions_5dd1df8\system_0033_ic1_sigma_0_rho_0p5_realization_1,float64,little_endian
33,1,2,0.0,0.5,2,multiplicative_gaussian_iid,410220e26b007c78,256,sha256_raw_little_endian_float64,time,time_by_dimension_c_order,[256],"[256,2]",0.019569471624266144,10.0,0.2594982669817227,19.988993754274308,495bb60ce2f1d205a38a22673d6da75ae9714bea50bb7fe9eed3a23a99e10557,e9dacb5fe0c9d8a2a58c8d910177fd0a4f677c20556ab6f64dd31c17c9069d1a,cells\system_0033_ic1_time_f64le.bin,cells\system_0033_ic1_state_f64le_c_order.bin,C:\Users\joedicke\Documents\reps\EvoODE\outputs\phase_c_c6_data_conditions_5dd1df8\system_0033_ic1_sigma_0_rho_0p5_realization_2,float64,little_endian
33,1,2,0.0,0.5,3,multiplicative_gaussian_iid,32943fed9075ec6b,256,sha256_raw_little_endian_float64,time,time_by_dimension_c_order,[256],"[256,2]",0.019569471624266144,9.960861056751467,0.28847468518228775,19.988993754274308,39192f49c59750e1dc3bcf5a9d692de47b9eb0ea2073c62d84102b8a98ebad29,d5df7299f3a5e1b40256288fc9261c0bb813c978ea6f9a9e3310afd6ef3a870a,cells\system_0033_ic1_time_f64le.bin,cells\system_0033_ic1_state_f64le_c_order.bin,C:\Users\joedicke\Documents\reps\EvoODE\outputs\phase_c_c6_data_conditions_5dd1df8\system_0033_ic1_sigma_0_rho_0p5_realization_3,float64,little_endian
33,1,2,0.01,0.0,1,multiplicative_gaussian_iid,1696ce8b0e80990d,512,sha256_raw_little_endian_float64,time,time_by_dimension_c_order,[512],"[512,2]",0.0,10.0,0.25737269005225094,20.47323620311455,ffad3499269c08c6bd22e9e5c5d2ab32bbf827e2037cbdd6e73571aeab04432f,c1cadf39422a823f5488c10ce01c498009dd6f6b59b1876d55927695b7b7098e,cells\system_0033_ic1_time_f64le.bin,cells\system_0033_ic1_state_f64le_c_order.bin,C:\Users\joedicke\Documents\reps\EvoODE\outputs\phase_c_c6_data_conditions_5dd1df8\system_0033_ic1_sigma_0p01_rho_0_realization_1,float64,little_endian
33,1,2,0.01,0.0,2,multiplicative_gaussian_iid,715557b4e934a00a,512,sha256_raw_little_endian_float64,time,time_by_dimension_c_order,[512],"[512,2]",0.0,10.0,0.25693358633549923,20.378805002750173,ffad3499269c08c6bd22e9e5c5d2ab32bbf827e2037cbdd6e73571aeab04432f,715226e56097713adb8846c9beb6191a30f8efed727ae5f67e8db8ea4a5121fa,cells\system_0033_ic1_time_f64le.bin,cells\system_0033_ic1_state_f64le_c_order.bin,C:\Users\joedicke\Documents\reps\EvoODE\outputs\phase_c_c6_data_conditions_5dd1df8\system_0033_ic1_sigma_0p01_rho_0_realization_2,float64,little_endian
33,1,2,0.01,0.0,3,multiplicative_gaussian_iid,bcb458bd643fcc5e,512,sha256_raw_little_endian_float64,time,time_by_dimension_c_order,[512],"[512,2]",0.0,10.0,0.2597675224761596,20.758346321782998,ffad3499269c08c6bd22e9e5c5d2ab32bbf827e2037cbdd6e73571aeab04432f,c933b46454e91581a190aec3344908d2c2c486425ca2631e11533bbd8b9b5f76,cells\system_0033_ic1_time_f64le.bin,cells\system_0033_ic1_state_f64le_c_order.bin,C:\Users\joedicke\Documents\reps\EvoODE\outputs\phase_c_c6_data_conditions_5dd1df8\system_0033_ic1_sigma_0p01_rho_0_realization_3,float64,little_endian
33,1,2,0.01,0.5,1,multiplicative_gaussian_iid,228ccdf853b4603f,256,sha256_raw_little_endian_float64,time,time_by_dimension_c_order,[256],"[256,2]",0.0,9.980430528375733,0.27408143579672567,20.397299036082032,5ab32861050ca9cafb5994bb8d4f6297ee1b48c9614769a9dabca63d75702fe3,6f2ca1ae583f400628c3428ec3f8e8a99c9677fce074e8509d17d1b4fcce2801,cells\system_0033_ic1_time_f64le.bin,cells\system_0033_ic1_state_f64le_c_order.bin,C:\Users\joedicke\Documents\reps\EvoODE\outputs\phase_c_c6_data_conditions_5dd1df8\system_0033_ic1_sigma_0p01_rho_0p5_realization_1,float64,little_endian
33,1,2,0.01,0.5,2,multiplicative_gaussian_iid,91c37238ed72132a,256,sha256_raw_little_endian_float64,time,time_by_dimension_c_order,[256],"[256,2]",0.03913894324853229,10.0,0.25761284788218286,20.541448680588715,a931950ba704497bcfe3c331e72972d04cbecbaac556c383a3df9820b8f36bb5,a1e73f0e2f06958dd116cc8b159e963486ed84208331219248b4e4c3985d46b9,cells\system_0033_ic1_time_f64le.bin,cells\system_0033_ic1_state_f64le_c_order.bin,C:\Users\joedicke\Documents\reps\EvoODE\outputs\phase_c_c6_data_conditions_5dd1df8\system_0033_ic1_sigma_0p01_rho_0p5_realization_2,float64,little_endian
33,1,2,0.01,0.5,3,multiplicative_gaussian_iid,f288b68ee10122ab,256,sha256_raw_little_endian_float64,time,time_by_dimension_c_order,[256],"[256,2]",0.03913894324853229,9.980430528375733,0.2714583386708809,20.421465250323433,5d33961a3558c4a924d4ee2e32b348af7e8a3403ef6ae83aa80f018039e1b432,eb53d1a3060d25918bc228c3f8c12dd8b538c3ae8eb02db4cd1c49590bf65294,cells\system_0033_ic1_time_f64le.bin,cells\system_0033_ic1_state_f64le_c_order.bin,C:\Users\joedicke\Documents\reps\EvoODE\outputs\phase_c_c6_data_conditions_5dd1df8\system_0033_ic1_sigma_0p01_rho_0p5_realization_3,float64,little_endian
33,1,2,0.02,0.0,1,multiplicative_gaussian_iid,672a11e7b6fa736d,512,sha256_raw_little_endian_float64,time,time_by_dimension_c_order,[512],"[512,2]",0.0,10.0,0.25178547623007735,20.64271777907372,ffad3499269c08c6bd22e9e5c5d2ab32bbf827e2037cbdd6e73571aeab04432f,108eaa45cb4278181c21d311b61244504844ed643f8ae614e7a85ac1928bdca5,cells\system_0033_ic1_time_f64le.bin,cells\system_0033_ic1_state_f64le_c_order.bin,C:\Users\joedicke\Documents\reps\EvoODE\outputs\phase_c_c6_data_conditions_5dd1df8\system_0033_ic1_sigma_0p02_rho_0_realization_1,float64,little_endian
33,1,2,0.02,0.0,2,multiplicative_gaussian_iid,325115d8689b3624,512,sha256_raw_little_endian_float64,time,time_by_dimension_c_order,[512],"[512,2]",0.0,10.0,0.25960504822755215,20.91037575737557,ffad3499269c08c6bd22e9e5c5d2ab32bbf827e2037cbdd6e73571aeab04432f,2521c75fe09439af99dc172021874ba3720baec427939acbd58f4941ccb800fd,cells\system_0033_ic1_time_f64le.bin,cells\system_0033_ic1_state_f64le_c_order.bin,C:\Users\joedicke\Documents\reps\EvoODE\outputs\phase_c_c6_data_conditions_5dd1df8\system_0033_ic1_sigma_0p02_rho_0_realization_2,float64,little_endian
33,1,2,0.02,0.0,3,multiplicative_gaussian_iid,f381e98903da9113,512,sha256_raw_little_endian_float64,time,time_by_dimension_c_order,[512],"[512,2]",0.0,10.0,0.2602707770247289,20.766269438345702,ffad3499269c08c6bd22e9e5c5d2ab32bbf827e2037cbdd6e73571aeab04432f,8533424d74f6f021cfbbae04f63bb5d8472fcfe1f5f92430bff18bbb1749b6f4,cells\system_0033_ic1_time_f64le.bin,cells\system_0033_ic1_state_f64le_c_order.bin,C:\Users\joedicke\Documents\reps\EvoODE\outputs\phase_c_c6_data_conditions_5dd1df8\system_0033_ic1_sigma_0p02_rho_0_realization_3,float64,little_endian
33,1,2,0.02,0.5,1,multiplicative_gaussian_iid,7c6160caa1ea477b,256,sha256_raw_little_endian_float64,time,time_by_dimension_c_order,[256],"[256,2]",0.0,10.0,0.25577246554582694,20.643044277760946,cd80454769922c6578abf5bbd78d6049d8e1c9fe83d35066d1ec5273989663dc,8890e06362e8be923df684198997c3a8f39c9c35a40bec932cd07203927e52bf,cells\system_0033_ic1_time_f64le.bin,cells\system_0033_ic1_state_f64le_c_order.bin,C:\Users\joedicke\Documents\reps\EvoODE\outputs\phase_c_c6_data_conditions_5dd1df8\system_0033_ic1_sigma_0p02_rho_0p5_realization_1,float64,little_endian
33,1,2,0.02,0.5,2,multiplicative_gaussian_iid,bcd25d66948ee0ae,256,sha256_raw_little_endian_float64,time,time_by_dimension_c_order,[256],"[256,2]",0.11741682974559686,9.980430528375733,0.2770509647928115,21.120327273706465,fa5027c8816539a9cd4ed8501b0d6f3bb46ae28a53b8ebfa1dd0759f8c7e187e,c59c21725f5154ae01e459c7a151f3803a130cbc10df57c5160163571c8fb301,cells\system_0033_ic1_time_f64le.bin,cells\system_0033_ic1_state_f64le_c_order.bin,C:\Users\joedicke\Documents\reps\EvoODE\outputs\phase_c_c6_data_conditions_5dd1df8\system_0033_ic1_sigma_0p02_rho_0p5_realization_2,float64,little_endian
33,1,2,0.02,0.5,3,multiplicative_gaussian_iid,e0af3b0de5724047,256,sha256_raw_little_endian_float64,time,time_by_dimension_c_order,[256],"[256,2]",0.0,9.980430528375733,0.27454172775319,20.75097331841499,ead291d9fd43b77913bc6677a62be8e1144d6395cc5d81d04fe47c25f624a4c0,447d6b7c1f22f8fe06d702a85c36aadba2f7f3ceca34243c15fce1d43227673e,cells\system_0033_ic1_time_f64le.bin,cells\system_0033_ic1_state_f64le_c_order.bin,C:\Users\joedicke\Documents\reps\EvoODE\outputs\phase_c_c6_data_conditions_5dd1df8\system_0033_ic1_sigma_0p02_rho_0p5_realization_3,float64,little_endian
33,1,2,0.03,0.0,1,multiplicative_gaussian_iid,9ab73e4eac8e3294,512,sha256_raw_little_endian_float64,time,time_by_dimension_c_order,[512],"[512,2]",0.0,10.0,0.2607371949218624,21.285552381764777,ffad3499269c08c6bd22e9e5c5d2ab32bbf827e2037cbdd6e73571aeab04432f,605e4ddef89b87dda3b6ddd2ec8815d0005c428834a94c1a5604c070cbbd83fd,cells\system_0033_ic1_time_f64le.bin,cells\system_0033_ic1_state_f64le_c_order.bin,C:\Users\joedicke\Documents\reps\EvoODE\outputs\phase_c_c6_data_conditions_5dd1df8\system_0033_ic1_sigma_0p029999999999999999_rho_0_realization_1,float64,little_endian
33,1,2,0.03,0.0,2,multiplicative_gaussian_iid,82c3da1e7e62eee3,512,sha256_raw_little_endian_float64,time,time_by_dimension_c_order,[512],"[512,2]",0.0,10.0,0.2578936809908476,21.726042537187052,ffad3499269c08c6bd22e9e5c5d2ab32bbf827e2037cbdd6e73571aeab04432f,c4dcb67871deac3bf8ce69e8b8c1fc203f0522914eed1d7601ea4b5503d1f26b,cells\system_0033_ic1_time_f64le.bin,cells\system_0033_ic1_state_f64le_c_order.bin,C:\Users\joedicke\Documents\reps\EvoODE\outputs\phase_c_c6_data_conditions_5dd1df8\system_0033_ic1_sigma_0p029999999999999999_rho_0_realization_2,float64,little_endian
33,1,2,0.03,0.0,3,multiplicative_gaussian_iid,14ad814a69ec28ff,512,sha256_raw_little_endian_float64,time,time_by_dimension_c_order,[512],"[512,2]",0.0,10.0,0.2579952198835634,21.74150936559067,ffad3499269c08c6bd22e9e5c5d2ab32bbf827e2037cbdd6e73571aeab04432f,adbc1e6f40851208ae23792e1cebe430118cebe3eb197937854d09ad1d9649d7,cells\system_0033_ic1_time_f64le.bin,cells\system_0033_ic1_state_f64le_c_order.bin,C:\Users\joedicke\Documents\reps\EvoODE\outputs\phase_c_c6_data_conditions_5dd1df8\system_0033_ic1_sigma_0p029999999999999999_rho_0_realization_3,float64,little_endian
33,1,2,0.03,0.5,1,multiplicative_gaussian_iid,8de245124bfb451c,256,sha256_raw_little_endian_float64,time,time_by_dimension_c_order,[256],"[256,2]",0.0,10.0,0.2640666054845849,20.97222738590064,454467e7c0bd0e79f352e9a0b3972b505e72579741da65784d9ef7c15119760b,23d52d1caf533c13541a627507e9e2644a2840b8201428373f3239053c1ad77d,cells\system_0033_ic1_time_f64le.bin,cells\system_0033_ic1_state_f64le_c_order.bin,C:\Users\joedicke\Documents\reps\EvoODE\outputs\phase_c_c6_data_conditions_5dd1df8\system_0033_ic1_sigma_0p029999999999999999_rho_0p5_realization_1,float64,little_endian
33,1,2,0.03,0.5,2,multiplicative_gaussian_iid,a318ab0636b2776b,256,sha256_raw_little_endian_float64,time,time_by_dimension_c_order,[256],"[256,2]",0.0,9.941291585127201,0.29787534161446716,20.882568312727006,55edf30ac7c8ed412585352c96f95b11d4e79ea8f75b2e3c20f53d8c15f899c7,5668adf5736b8826147e0508a7c13d1c397bce3d06ae4ec7a5f94b6399158b1f,cells\system_0033_ic1_time_f64le.bin,cells\system_0033_ic1_state_f64le_c_order.bin,C:\Users\joedicke\Documents\reps\EvoODE\outputs\phase_c_c6_data_conditions_5dd1df8\system_0033_ic1_sigma_0p029999999999999999_rho_0p5_realization_2,float64,little_endian
33,1,2,0.03,0.5,3,multiplicative_gaussian_iid,069741ac89cccc44,256,sha256_raw_little_endian_float64,time,time_by_dimension_c_order,[256],"[256,2]",0.0,9.960861056751467,0.272794934193985,21.34059410516831,62f435fde613621991f5ab172b8c59cd16af41ec0deed5de02087c321632f65e,b46d097511454301203c48ec77631ba8364f61c60d9e16c3f1222364a9c887d6,cells\system_0033_ic1_time_f64le.bin,cells\system_0033_ic1_state_f64le_c_order.bin,C:\Users\joedicke\Documents\reps\EvoODE\outputs\phase_c_c6_data_conditions_5dd1df8\system_0033_ic1_sigma_0p029999999999999999_rho_0p5_realization_3,float64,little_endian
33,1,2,0.04,0.0,1,multiplicative_gaussian_iid,44801945584039fb,512,sha256_raw_little_endian_float64,time,time_by_dimension_c_order,[512],"[512,2]",0.0,10.0,0.2644189418017998,21.551387048725342,ffad3499269c08c6bd22e9e5c5d2ab32bbf827e2037cbdd6e73571aeab04432f,5894185bfba59b68a9a082e8424b88a8abeff63b1be17fa4a184deaebba64bc6,cells\system_0033_ic1_time_f64le.bin,cells\system_0033_ic1_state_f64le_c_order.bin,C:\Users\joedicke\Documents\reps\EvoODE\outputs\phase_c_c6_data_conditions_5dd1df8\system_0033_ic1_sigma_0p040000000000000001_rho_0_realization_1,float64,little_endian
33,1,2,0.04,0.0,2,multiplicative_gaussian_iid,8822fb29eb654e2c,512,sha256_raw_little_endian_float64,time,time_by_dimension_c_order,[512],"[512,2]",0.0,10.0,0.2628159794044659,21.88000879123201,ffad3499269c08c6bd22e9e5c5d2ab32bbf827e2037cbdd6e73571aeab04432f,8b7ac39e2f4509c4becc87254c85c64c072ab8c9ee1376428567882fe9fdd226,cells\system_0033_ic1_time_f64le.bin,cells\system_0033_ic1_state_f64le_c_order.bin,C:\Users\joedicke\Documents\reps\EvoODE\outputs\phase_c_c6_data_conditions_5dd1df8\system_0033_ic1_sigma_0p040000000000000001_rho_0_realization_2,float64,little_endian
33,1,2,0.04,0.0,3,multiplicative_gaussian_iid,c894b9d947f7dad9,512,sha256_raw_little_endian_float64,time,time_by_dimension_c_order,[512],"[512,2]",0.0,10.0,0.257262064201742,22.112532021394017,ffad3499269c08c6bd22e9e5c5d2ab32bbf827e2037cbdd6e73571aeab04432f,21adb8b694f4ad247670199e73b37e8af6546c8c5608661c383088860046e58a,cells\system_0033_ic1_time_f64le.bin,cells\system_0033_ic1_state_f64le_c_order.bin,C:\Users\joedicke\Documents\reps\EvoODE\outputs\phase_c_c6_data_conditions_5dd1df8\system_0033_ic1_sigma_0p040000000000000001_rho_0_realization_3,float64,little_endian
33,1,2,0.04,0.5,1,multiplicative_gaussian_iid,9b8b6df42eee8e32,256,sha256_raw_little_endian_float64,time,time_by_dimension_c_order,[256],"[256,2]",0.0,10.0,0.2656417579764059,22.293060637280057,a3c79195df977fa07f6dad8367803ccbcbc12901455458e64672fc261932330a,254923b6c9abe80d08445d20bf3f4931ec01961b0a46bed7eb96ec910187b7a3,cells\system_0033_ic1_time_f64le.bin,cells\system_0033_ic1_state_f64le_c_order.bin,C:\Users\joedicke\Documents\reps\EvoODE\outputs\phase_c_c6_data_conditions_5dd1df8\system_0033_ic1_sigma_0p040000000000000001_rho_0p5_realization_1,float64,little_endian
33,1,2,0.04,0.5,2,multiplicative_gaussian_iid,782ee43c52f10048,256,sha256_raw_little_endian_float64,time,time_by_dimension_c_order,[256],"[256,2]",0.019569471624266144,9.980430528375733,0.26336119631843014,22.28831978564891,2df073671b31eacde0dbc6c64469315d4802962226157118c869c4b47897d3a6,04bbed9bc014230113f302cb30c8cb0009f9fc2d8184f1d9edc8dc125ee0b877,cells\system_0033_ic1_time_f64le.bin,cells\system_0033_ic1_state_f64le_c_order.bin,C:\Users\joedicke\Documents\reps\EvoODE\outputs\phase_c_c6_data_conditions_5dd1df8\system_0033_ic1_sigma_0p040000000000000001_rho_0p5_realization_2,float64,little_endian
33,1,2,0.04,0.5,3,multiplicative_gaussian_iid,ed5295c60e5e2276,256,sha256_raw_little_endian_float64,time,time_by_dimension_c_order,[256],"[256,2]",0.03913894324853229,9.902152641878669,0.34741245395580383,21.48068946613176,529c3529091e27d94e8a289bebd4633a9d7623c4396d15e386c87c3cf3346432,e2b29639c4155bd6777d3f8eb7e06710e2fd30916bcd43948bf3fb5e3d13f267,cells\system_0033_ic1_time_f64le.bin,cells\system_0033_ic1_state_f64le_c_order.bin,C:\Users\joedicke\Documents\reps\EvoODE\outputs\phase_c_c6_data_conditions_5dd1df8\system_0033_ic1_sigma_0p040000000000000001_rho_0p5_realization_3,float64,little_endian
33,1,2,0.05,0.0,1,multiplicative_gaussian_iid,0c0ad42629f69010,512,sha256_raw_little_endian_float64,time,time_by_dimension_c_order,[512],"[512,2]",0.0,10.0,0.2546977604212505,22.068584612164624,ffad3499269c08c6bd22e9e5c5d2ab32bbf827e2037cbdd6e73571aeab04432f,0a31a91f7058374755f6df3f7edcc59abe8a6213ef9d11b964700c456c74e392,cells\system_0033_ic1_time_f64le.bin,cells\system_0033_ic1_state_f64le_c_order.bin,C:\Users\joedicke\Documents\reps\EvoODE\outputs\phase_c_c6_data_conditions_5dd1df8\system_0033_ic1_sigma_0p050000000000000003_rho_0_realization_1,float64,little_endian
33,1,2,0.05,0.0,2,multiplicative_gaussian_iid,d4fd33de90c64fdb,512,sha256_raw_little_endian_float64,time,time_by_dimension_c_order,[512],"[512,2]",0.0,10.0,0.2522809981460924,21.737044139961224,ffad3499269c08c6bd22e9e5c5d2ab32bbf827e2037cbdd6e73571aeab04432f,2831b07c4690a468467e8f76f62069bdcdf2c7187793ce005ef272edd4c548d4,cells\system_0033_ic1_time_f64le.bin,cells\system_0033_ic1_state_f64le_c_order.bin,C:\Users\joedicke\Documents\reps\EvoODE\outputs\phase_c_c6_data_conditions_5dd1df8\system_0033_ic1_sigma_0p050000000000000003_rho_0_realization_2,float64,little_endian
33,1,2,0.05,0.0,3,multiplicative_gaussian_iid,474964b5d4eb36b7,512,sha256_raw_little_endian_float64,time,time_by_dimension_c_order,[512],"[512,2]",0.0,10.0,0.27065773037220897,21.950927988586656,ffad3499269c08c6bd22e9e5c5d2ab32bbf827e2037cbdd6e73571aeab04432f,7fe0aa58774d3c6a85bac3d9dbd3cb6d9c0a9e516b98b6eb49b2f901861acaef,cells\system_0033_ic1_time_f64le.bin,cells\system_0033_ic1_state_f64le_c_order.bin,C:\Users\joedicke\Documents\reps\EvoODE\outputs\phase_c_c6_data_conditions_5dd1df8\system_0033_ic1_sigma_0p050000000000000003_rho_0_realization_3,float64,little_endian
33,1,2,0.05,0.5,1,multiplicative_gaussian_iid,2c2c9d97aa17bd60,256,sha256_raw_little_endian_float64,time,time_by_dimension_c_order,[256],"[256,2]",0.0,9.960861056751467,0.2872239231776306,22.0517992946123,5d871337aa504be0e37c29f183ea0e1c47c9c1fe0ccb57da328d2e98814dc40f,8dd15fb0242116babe514dbee1420e195b4a8340e30fd5e7822cac8145104e01,cells\system_0033_ic1_time_f64le.bin,cells\system_0033_ic1_state_f64le_c_order.bin,C:\Users\joedicke\Documents\reps\EvoODE\outputs\phase_c_c6_data_conditions_5dd1df8\system_0033_ic1_sigma_0p050000000000000003_rho_0p5_realization_1,float64,little_endian
33,1,2,0.05,0.5,2,multiplicative_gaussian_iid,0e7c4be2f70297ab,256,sha256_raw_little_endian_float64,time,time_by_dimension_c_order,[256],"[256,2]",0.019569471624266144,10.0,0.2368601396948029,22.258822422379474,069ecc418339376bb3bf6d10704cb20b2fb695d78caa5620f8cf2aab0e401336,03788730e51f6c16f4bf6f42a6abd0ecbe56502b1dd7c18f1dae636b5e0cec46,cells\system_0033_ic1_time_f64le.bin,cells\system_0033_ic1_state_f64le_c_order.bin,C:\Users\joedicke\Documents\reps\EvoODE\outputs\phase_c_c6_data_conditions_5dd1df8\system_0033_ic1_sigma_0p050000000000000003_rho_0p5_realization_2,float64,little_endian
33,1,2,0.05,0.5,3,multiplicative_gaussian_iid,eb4c796cf661b732,256,sha256_raw_little_endian_float64,time,time_by_dimension_c_order,[256],"[256,2]",0.0,10.0,0.2718127759338035,21.238886189409964,f6d5a8f1299bbb106a21d70012c33d1218690d09fae8d831d1f257851de6d8ab,b6921a3de71644ebba11bef97ddeae10973764732dc0dea2f249226bc26c656d,cells\system_0033_ic1_time_f64le.bin,cells\system_0033_ic1_state_f64le_c_order.bin,C:\Users\joedicke\Documents\reps\EvoODE\outputs\phase_c_c6_data_conditions_5dd1df8\system_0033_ic1_sigma_0p050000000000000003_rho_0p5_realization_3,float64,little_endian
33,2,2,0.0,0.0,1,multiplicative_gaussian_iid,799711a15b6d0740,512,sha256_raw_little_endian_float64,time,time_by_dimension_c_order,[512],"[512,2]",0.0,10.0,-0.8,26.32947207627834,ffad3499269c08c6bd22e9e5c5d2ab32bbf827e2037cbdd6e73571aeab04432f,8d455b69c1cc4edd1f9ccead5b26a6289ce7fa1f88f35fe0277009deee1f5f6f,cells\system_0033_ic2_time_f64le.bin,cells\system_0033_ic2_state_f64le_c_order.bin,C:\Users\joedicke\Documents\reps\EvoODE\outputs\phase_c_c6_data_conditions_5dd1df8\system_0033_ic2_sigma_0_rho_0_realization_1,float64,little_endian
33,2,2,0.0,0.0,2,multiplicative_gaussian_iid,b5afe8a7651c851f,512,sha256_raw_little_endian_float64,time,time_by_dimension_c_order,[512],"[512,2]",0.0,10.0,-0.8,26.32947207627834,ffad3499269c08c6bd22e9e5c5d2ab32bbf827e2037cbdd6e73571aeab04432f,8d455b69c1cc4edd1f9ccead5b26a6289ce7fa1f88f35fe0277009deee1f5f6f,cells\system_0033_ic2_time_f64le.bin,cells\system_0033_ic2_state_f64le_c_order.bin,C:\Users\joedicke\Documents\reps\EvoODE\outputs\phase_c_c6_data_conditions_5dd1df8\system_0033_ic2_sigma_0_rho_0_realization_2,float64,little_endian
33,2,2,0.0,0.0,3,multiplicative_gaussian_iid,d0ef57fd9e507f22,512,sha256_raw_little_endian_float64,time,time_by_dimension_c_order,[512],"[512,2]",0.0,10.0,-0.8,26.32947207627834,ffad3499269c08c6bd22e9e5c5d2ab32bbf827e2037cbdd6e73571aeab04432f,8d455b69c1cc4edd1f9ccead5b26a6289ce7fa1f88f35fe0277009deee1f5f6f,cells\system_0033_ic2_time_f64le.bin,cells\system_0033_ic2_state_f64le_c_order.bin,C:\Users\joedicke\Documents\reps\EvoODE\outputs\phase_c_c6_data_conditions_5dd1df8\system_0033_ic2_sigma_0_rho_0_realization_3,float64,little_endian
33,2,2,0.0,0.5,1,multiplicative_gaussian_iid,e5ae40517517118c,256,sha256_raw_little_endian_float64,time,time_by_dimension_c_order,[256],"[256,2]",0.0,10.0,-0.8,26.32947207627834,c240966a91db895b39344496eb32cf5f6408f00f5cb0cf9e13ebb933175cb0f9,561fe1f1a4e21c0432ea63fdd34c2914b19dd38a38695115c36251e8ca2a17e2,cells\system_0033_ic2_time_f64le.bin,cells\system_0033_ic2_state_f64le_c_order.bin,C:\Users\joedicke\Documents\reps\EvoODE\outputs\phase_c_c6_data_conditions_5dd1df8\system_0033_ic2_sigma_0_rho_0p5_realization_1,float64,little_endian
33,2,2,0.0,0.5,2,multiplicative_gaussian_iid,410220e26b007c78,256,sha256_raw_little_endian_float64,time,time_by_dimension_c_order,[256],"[256,2]",0.07827788649706457,10.0,-0.06056227031186006,26.32947207627834,d61a60e33bf1e096c4e42917602ddda81a8e90a5c55753e5e3cd2a14832bdd23,bc305c61bd13f6fbc136a59a46b3c928542cd71d7fe44fab879a83976a0e991d,cells\system_0033_ic2_time_f64le.bin,cells\system_0033_ic2_state_f64le_c_order.bin,C:\Users\joedicke\Documents\reps\EvoODE\outputs\phase_c_c6_data_conditions_5dd1df8\system_0033_ic2_sigma_0_rho_0p5_realization_2,float64,little_endian
33,2,2,0.0,0.5,3,multiplicative_gaussian_iid,32943fed9075ec6b,256,sha256_raw_little_endian_float64,time,time_by_dimension_c_order,[256],"[256,2]",0.07827788649706457,10.0,-0.06056227031186006,26.32947207627834,abb696508ba37e0b2167a8417c343edae907dab6fd34633b11a717aaaa342796,4b0e7d29db846cc0d8f69d52733fe5fc874b7ac8287e6bcd5779fcc5a5f539aa,cells\system_0033_ic2_time_f64le.bin,cells\system_0033_ic2_state_f64le_c_order.bin,C:\Users\joedicke\Documents\reps\EvoODE\outputs\phase_c_c6_data_conditions_5dd1df8\system_0033_ic2_sigma_0_rho_0p5_realization_3,float64,little_endian
33,2,2,0.01,0.0,1,multiplicative_gaussian_iid,1696ce8b0e80990d,512,sha256_raw_little_endian_float64,time,time_by_dimension_c_order,[512],"[512,2]",0.0,10.0,-0.7958635216692191,26.82308578156959,ffad3499269c08c6bd22e9e5c5d2ab32bbf827e2037cbdd6e73571aeab04432f,5e2415ff05b36eccb23523aabe0a1db4c1d3368bb689763f19c9e79479060fe4,cells\system_0033_ic2_time_f64le.bin,cells\system_0033_ic2_state_f64le_c_order.bin,C:\Users\joedicke\Documents\reps\EvoODE\outputs\phase_c_c6_data_conditions_5dd1df8\system_0033_ic2_sigma_0p01_rho_0_realization_1,float64,little_endian
33,2,2,0.01,0.0,2,multiplicative_gaussian_iid,715557b4e934a00a,512,sha256_raw_little_endian_float64,time,time_by_dimension_c_order,[512],"[512,2]",0.0,10.0,-0.8131485891326772,26.52428851761589,ffad3499269c08c6bd22e9e5c5d2ab32bbf827e2037cbdd6e73571aeab04432f,c20c5f62f0cb17304d8c657554d7b59a5245e42d355d9db904c297dcc69f4b40,cells\system_0033_ic2_time_f64le.bin,cells\system_0033_ic2_state_f64le_c_order.bin,C:\Users\joedicke\Documents\reps\EvoODE\outputs\phase_c_c6_data_conditions_5dd1df8\system_0033_ic2_sigma_0p01_rho_0_realization_2,float64,little_endian
33,2,2,0.01,0.0,3,multiplicative_gaussian_iid,bcb458bd643fcc5e,512,sha256_raw_little_endian_float64,time,time_by_dimension_c_order,[512],"[512,2]",0.0,10.0,-0.8141565551660489,26.824952920204293,ffad3499269c08c6bd22e9e5c5d2ab32bbf827e2037cbdd6e73571aeab04432f,37c35039d790690d9723a459bcf3a9d0910b4e28aa6f5e7c858fa67f0cdda36a,cells\system_0033_ic2_time_f64le.bin,cells\system_0033_ic2_state_f64le_c_order.bin,C:\Users\joedicke\Documents\reps\EvoODE\outputs\phase_c_c6_data_conditions_5dd1df8\system_0033_ic2_sigma_0p01_rho_0_realization_3,float64,little_endian
33,2,2,0.01,0.5,1,multiplicative_gaussian_iid,228ccdf853b4603f,256,sha256_raw_little_endian_float64,time,time_by_dimension_c_order,[256],"[256,2]",0.0,9.980430528375733,-0.8107518471491478,26.686291871157092,c8f27f909162d5903cee77467348c9849663b63d530da09cb45a51a6d9ba2423,fd5d2e2a357827c279400d48358da5b42c7883db557b4b1f54a6df9baf736061,cells\system_0033_ic2_time_f64le.bin,cells\system_0033_ic2_state_f64le_c_order.bin,C:\Users\joedicke\Documents\reps\EvoODE\outputs\phase_c_c6_data_conditions_5dd1df8\system_0033_ic2_sigma_0p01_rho_0p5_realization_1,float64,little_endian
33,2,2,0.01,0.5,2,multiplicative_gaussian_iid,91c37238ed72132a,256,sha256_raw_little_endian_float64,time,time_by_dimension_c_order,[256],"[256,2]",0.0,10.0,-0.7965359547577249,26.743624097427627,298edc5c02cae22599f2956cd42f6269d55eb0de0ff07a2c2738d3af10bb501c,c32746692ef39a4856453d5f38146bece4d160ca6ecded25b562c359fa0f551c,cells\system_0033_ic2_time_f64le.bin,cells\system_0033_ic2_state_f64le_c_order.bin,C:\Users\joedicke\Documents\reps\EvoODE\outputs\phase_c_c6_data_conditions_5dd1df8\system_0033_ic2_sigma_0p01_rho_0p5_realization_2,float64,little_endian
33,2,2,0.01,0.5,3,multiplicative_gaussian_iid,f288b68ee10122ab,256,sha256_raw_little_endian_float64,time,time_by_dimension_c_order,[256],"[256,2]",0.0,10.0,-0.7901446655651031,26.943249488850757,01454397dfcace83a684a3c89a157712f2338707af7a9548508aa7a2675dc792,75d21453041dd12605119b2849c5c94d06d64fbaad54afb6ca5c87f1ca75e0e8,cells\system_0033_ic2_time_f64le.bin,cells\system_0033_ic2_state_f64le_c_order.bin,C:\Users\joedicke\Documents\reps\EvoODE\outputs\phase_c_c6_data_conditions_5dd1df8\system_0033_ic2_sigma_0p01_rho_0p5_realization_3,float64,little_endian
33,2,2,0.02,0.0,1,multiplicative_gaussian_iid,672a11e7b6fa736d,512,sha256_raw_little_endian_float64,time,time_by_dimension_c_order,[512],"[512,2]",0.0,10.0,-0.8232611027941317,27.891718758226077,ffad3499269c08c6bd22e9e5c5d2ab32bbf827e2037cbdd6e73571aeab04432f,08b2d5982d37f2446742f4d351687e192961229c9423ccb171b8dee76d8c06a2,cells\system_0033_ic2_time_f64le.bin,cells\system_0033_ic2_state_f64le_c_order.bin,C:\Users\joedicke\Documents\reps\EvoODE\outputs\phase_c_c6_data_conditions_5dd1df8\system_0033_ic2_sigma_0p02_rho_0_realization_1,float64,little_endian
33,2,2,0.02,0.0,2,multiplicative_gaussian_iid,325115d8689b3624,512,sha256_raw_little_endian_float64,time,time_by_dimension_c_order,[512],"[512,2]",0.0,10.0,-0.8036495621073341,27.346160203894463,ffad3499269c08c6bd22e9e5c5d2ab32bbf827e2037cbdd6e73571aeab04432f,f0893db58a49822147a638f80bc448ead87d4e3d94ebc1d830ab077489a16134,cells\system_0033_ic2_time_f64le.bin,cells\system_0033_ic2_state_f64le_c_order.bin,C:\Users\joedicke\Documents\reps\EvoODE\outputs\phase_c_c6_data_conditions_5dd1df8\system_0033_ic2_sigma_0p02_rho_0_realization_2,float64,little_endian
33,2,2,0.02,0.0,3,multiplicative_gaussian_iid,f381e98903da9113,512,sha256_raw_little_endian_float64,time,time_by_dimension_c_order,[512],"[512,2]",0.0,10.0,-0.8130855186303195,27.459255276664408,ffad3499269c08c6bd22e9e5c5d2ab32bbf827e2037cbdd6e73571aeab04432f,94a3ed52b0f91271c7c7ddc98cce32e00e7a3ffef13340916441fa34de5bda73,cells\system_0033_ic2_time_f64le.bin,cells\system_0033_ic2_state_f64le_c_order.bin,C:\Users\joedicke\Documents\reps\EvoODE\outputs\phase_c_c6_data_conditions_5dd1df8\system_0033_ic2_sigma_0p02_rho_0_realization_3,float64,little_endian
33,2,2,0.02,0.5,1,multiplicative_gaussian_iid,7c6160caa1ea477b,256,sha256_raw_little_endian_float64,time,time_by_dimension_c_order,[256],"[256,2]",0.0,10.0,-0.7827395235277999,27.46362248977115,f60d63f2ca8bf389092c71df0d891d3ec82908379d189d910330dd3a1d0aba49,5c765d4cd900d4922868cbb475cb2adaa63f6c0515723eeaf0b225c3a72857e1,cells\system_0033_ic2_time_f64le.bin,cells\system_0033_ic2_state_f64le_c_order.bin,C:\Users\joedicke\Documents\reps\EvoODE\outputs\phase_c_c6_data_conditions_5dd1df8\system_0033_ic2_sigma_0p02_rho_0p5_realization_1,float64,little_endian
33,2,2,0.02,0.5,2,multiplicative_gaussian_iid,bcd25d66948ee0ae,256,sha256_raw_little_endian_float64,time,time_by_dimension_c_order,[256],"[256,2]",0.019569471624266144,9.980430528375733,-0.5976581029436578,27.175324391165226,3689ef5fe13db0022b2eb54d79e8c23edad5a1b09c50e2d785b971ad9397a0e2,c08a55a6cde79f8e5ed9bb005d95bd00c30118d71d1abbf25122f554c1110b91,cells\system_0033_ic2_time_f64le.bin,cells\system_0033_ic2_state_f64le_c_order.bin,C:\Users\joedicke\Documents\reps\EvoODE\outputs\phase_c_c6_data_conditions_5dd1df8\system_0033_ic2_sigma_0p02_rho_0p5_realization_2,float64,little_endian
33,2,2,0.02,0.5,3,multiplicative_gaussian_iid,e0af3b0de5724047,256,sha256_raw_little_endian_float64,time,time_by_dimension_c_order,[256],"[256,2]",0.0,10.0,-0.768245240666104,27.0509307226859,6cf2148258ec62caca5d131fadda1fda8d4645d021f59b6ce4c1bafca5c47930,63ebfa48d2eea1b945c855d23f746267de03efc5fdc170e1e05f34632146fe28,cells\system_0033_ic2_time_f64le.bin,cells\system_0033_ic2_state_f64le_c_order.bin,C:\Users\joedicke\Documents\reps\EvoODE\outputs\phase_c_c6_data_conditions_5dd1df8\system_0033_ic2_sigma_0p02_rho_0p5_realization_3,float64,little_endian
33,2,2,0.03,0.0,1,multiplicative_gaussian_iid,9ab73e4eac8e3294,512,sha256_raw_little_endian_float64,time,time_by_dimension_c_order,[512],"[512,2]",0.0,10.0,-0.8197024789745276,28.629281599323313,ffad3499269c08c6bd22e9e5c5d2ab32bbf827e2037cbdd6e73571aeab04432f,3271b1a1ec9340d4d6d1200392ef1308d91dfc15bfaba4e108af09f6dc0637f0,cells\system_0033_ic2_time_f64le.bin,cells\system_0033_ic2_state_f64le_c_order.bin,C:\Users\joedicke\Documents\reps\EvoODE\outputs\phase_c_c6_data_conditions_5dd1df8\system_0033_ic2_sigma_0p029999999999999999_rho_0_realization_1,float64,little_endian
33,2,2,0.03,0.0,2,multiplicative_gaussian_iid,82c3da1e7e62eee3,512,sha256_raw_little_endian_float64,time,time_by_dimension_c_order,[512],"[512,2]",0.0,10.0,-0.7653704931069775,27.585546971285815,ffad3499269c08c6bd22e9e5c5d2ab32bbf827e2037cbdd6e73571aeab04432f,42b37c564a9856d58f34425462ae7a2cea005039d81ff18878ce718ee3bcf5ec,cells\system_0033_ic2_time_f64le.bin,cells\system_0033_ic2_state_f64le_c_order.bin,C:\Users\joedicke\Documents\reps\EvoODE\outputs\phase_c_c6_data_conditions_5dd1df8\system_0033_ic2_sigma_0p029999999999999999_rho_0_realization_2,float64,little_endian
33,2,2,0.03,0.0,3,multiplicative_gaussian_iid,14ad814a69ec28ff,512,sha256_raw_little_endian_float64,time,time_by_dimension_c_order,[512],"[512,2]",0.0,10.0,-0.8338131879402757,27.839815770714512,ffad3499269c08c6bd22e9e5c5d2ab32bbf827e2037cbdd6e73571aeab04432f,39c5963e4e98ccb0b44cacad853b364d1587a56de914ba582a96d1c64be37390,cells\system_0033_ic2_time_f64le.bin,cells\system_0033_ic2_state_f64le_c_order.bin,C:\Users\joedicke\Documents\reps\EvoODE\outputs\phase_c_c6_data_conditions_5dd1df8\system_0033_ic2_sigma_0p029999999999999999_rho_0_realization_3,float64,little_endian
33,2,2,0.03,0.5,1,multiplicative_gaussian_iid,8de245124bfb451c,256,sha256_raw_little_endian_float64,time,time_by_dimension_c_order,[256],"[256,2]",0.05870841487279843,10.0,-0.23063101790453988,28.213169301241155,fcaea646bdc537d1de0bf2a5661b139ec399219fd7f13dafff55f7a363c68bb9,859911342f79321a44415cc4141d558577060b36cf6c1faf29943e2c28d80ce1,cells\system_0033_ic2_time_f64le.bin,cells\system_0033_ic2_state_f64le_c_order.bin,C:\Users\joedicke\Documents\reps\EvoODE\outputs\phase_c_c6_data_conditions_5dd1df8\system_0033_ic2_sigma_0p029999999999999999_rho_0p5_realization_1,float64,little_endian
33,2,2,0.03,0.5,2,multiplicative_gaussian_iid,a318ab0636b2776b,256,sha256_raw_little_endian_float64,time,time_by_dimension_c_order,[256],"[256,2]",0.019569471624266144,10.0,-0.6364942334512691,27.21975794027339,cf8b79b334dcdb771adef6cdf34c37e2f99bbf6bd05a2fee47dce3a0d3990704,e677954c213fbafa3f04b7ba5dc2d87320716983b445d4fef37c0cb7b1877277,cells\system_0033_ic2_time_f64le.bin,cells\system_0033_ic2_state_f64le_c_order.bin,C:\Users\joedicke\Documents\reps\EvoODE\outputs\phase_c_c6_data_conditions_5dd1df8\system_0033_ic2_sigma_0p029999999999999999_rho_0p5_realization_2,float64,little_endian
33,2,2,0.03,0.5,3,multiplicative_gaussian_iid,069741ac89cccc44,256,sha256_raw_little_endian_float64,time,time_by_dimension_c_order,[256],"[256,2]",0.0,9.960861056751467,-0.7649641881085991,26.97632610932104,f3fc20b599b4fffb76ef56648a3ea576ecacff57632fd6b0fe5af1e4eb7afa1d,faf464a8999b0f2a2c26f75ed96e3f4580919335432d9925b41e5ec0f2e1f679,cells\system_0033_ic2_time_f64le.bin,cells\system_0033_ic2_state_f64le_c_order.bin,C:\Users\joedicke\Documents\reps\EvoODE\outputs\phase_c_c6_data_conditions_5dd1df8\system_0033_ic2_sigma_0p029999999999999999_rho_0p5_realization_3,float64,little_endian
33,2,2,0.04,0.0,1,multiplicative_gaussian_iid,44801945584039fb,512,sha256_raw_little_endian_float64,time,time_by_dimension_c_order,[512],"[512,2]",0.0,10.0,-0.7654093440654159,27.88289419625998,ffad3499269c08c6bd22e9e5c5d2ab32bbf827e2037cbdd6e73571aeab04432f,4581effdddc7ad140d2c1dfcf22e5e27cde5916448e58d507e5e79064b36ceef,cells\system_0033_ic2_time_f64le.bin,cells\system_0033_ic2_state_f64le_c_order.bin,C:\Users\joedicke\Documents\reps\EvoODE\outputs\phase_c_c6_data_conditions_5dd1df8\system_0033_ic2_sigma_0p040000000000000001_rho_0_realization_1,float64,little_endian
33,2,2,0.04,0.0,2,multiplicative_gaussian_iid,8822fb29eb654e2c,512,sha256_raw_little_endian_float64,time,time_by_dimension_c_order,[512],"[512,2]",0.0,10.0,-0.8054912499547131,29.32934829413743,ffad3499269c08c6bd22e9e5c5d2ab32bbf827e2037cbdd6e73571aeab04432f,640011cd85a9af72f86100286620fb429f68d9801d498c821a74f2231123a6d2,cells\system_0033_ic2_time_f64le.bin,cells\system_0033_ic2_state_f64le_c_order.bin,C:\Users\joedicke\Documents\reps\EvoODE\outputs\phase_c_c6_data_conditions_5dd1df8\system_0033_ic2_sigma_0p040000000000000001_rho_0_realization_2,float64,little_endian
33,2,2,0.04,0.0,3,multiplicative_gaussian_iid,c894b9d947f7dad9,512,sha256_raw_little_endian_float64,time,time_by_dimension_c_order,[512],"[512,2]",0.0,10.0,-0.8070908779474093,27.752139953364477,ffad3499269c08c6bd22e9e5c5d2ab32bbf827e2037cbdd6e73571aeab04432f,726458486b9f2c54fefc73f4ad4693713b3ef121bd6ad8387a49567959c9be16,cells\system_0033_ic2_time_f64le.bin,cells\system_0033_ic2_state_f64le_c_order.bin,C:\Users\joedicke\Documents\reps\EvoODE\outputs\phase_c_c6_data_conditions_5dd1df8\system_0033_ic2_sigma_0p040000000000000001_rho_0_realization_3,float64,little_endian
33,2,2,0.04,0.5,1,multiplicative_gaussian_iid,9b8b6df42eee8e32,256,sha256_raw_little_endian_float64,time,time_by_dimension_c_order,[256],"[256,2]",0.0,9.980430528375733,-0.7820736768928123,27.313424962540036,02bdd7332bf135449e744d6aa900184b22c4153b8c8f10a7c94612594d70316e,014e9e19f4422a6d04c0f5265fa26db656a9912cdfe199939bb16f3203494142,cells\system_0033_ic2_time_f64le.bin,cells\system_0033_ic2_state_f64le_c_order.bin,C:\Users\joedicke\Documents\reps\EvoODE\outputs\phase_c_c6_data_conditions_5dd1df8\system_0033_ic2_sigma_0p040000000000000001_rho_0p5_realization_1,float64,little_endian
33,2,2,0.04,0.5,2,multiplicative_gaussian_iid,782ee43c52f10048,256,sha256_raw_little_endian_float64,time,time_by_dimension_c_order,[256],"[256,2]",0.03913894324853229,9.980430528375733,-0.4084487824128659,27.34677594743035,710dfc5c07929c56839f21257541fc08fc2c6f6c3c903aafccb838d218584d6c,8a1cbcaf566b5ff9309e4323c3319d8d929a19ebb24c41990833a91fb78ddf68,cells\system_0033_ic2_time_f64le.bin,cells\system_0033_ic2_state_f64le_c_order.bin,C:\Users\joedicke\Documents\reps\EvoODE\outputs\phase_c_c6_data_conditions_5dd1df8\system_0033_ic2_sigma_0p040000000000000001_rho_0p5_realization_2,float64,little_endian
33,2,2,0.04,0.5,3,multiplicative_gaussian_iid,ed5295c60e5e2276,256,sha256_raw_little_endian_float64,time,time_by_dimension_c_order,[256],"[256,2]",0.05870841487279843,9.980430528375733,-0.23865499854636985,27.70407737742852,73a272028499ce57b98604a751dc0063ec54c3ce84200b9b4927679f3ed80644,a610200c3c0ecee6608de6c8afce7561ebadc0c3ae8f9d032aaab9af68250bd9,cells\system_0033_ic2_time_f64le.bin,cells\system_0033_ic2_state_f64le_c_order.bin,C:\Users\joedicke\Documents\reps\EvoODE\outputs\phase_c_c6_data_conditions_5dd1df8\system_0033_ic2_sigma_0p040000000000000001_rho_0p5_realization_3,float64,little_endian
33,2,2,0.05,0.0,1,multiplicative_gaussian_iid,0c0ad42629f69010,512,sha256_raw_little_endian_float64,time,time_by_dimension_c_order,[512],"[512,2]",0.0,10.0,-0.7755593072352798,29.64733418323689,ffad3499269c08c6bd22e9e5c5d2ab32bbf827e2037cbdd6e73571aeab04432f,76395441bc286f303cf5380a3f04f2e1171d962abe36cdf5dd3dcf3f4f99c704,cells\system_0033_ic2_time_f64le.bin,cells\system_0033_ic2_state_f64le_c_order.bin,C:\Users\joedicke\Documents\reps\EvoODE\outputs\phase_c_c6_data_conditions_5dd1df8\system_0033_ic2_sigma_0p050000000000000003_rho_0_realization_1,float64,little_endian
33,2,2,0.05,0.0,2,multiplicative_gaussian_iid,d4fd33de90c64fdb,512,sha256_raw_little_endian_float64,time,time_by_dimension_c_order,[512],"[512,2]",0.0,10.0,-0.7849071091442326,29.261259499692954,ffad3499269c08c6bd22e9e5c5d2ab32bbf827e2037cbdd6e73571aeab04432f,a0d56db34acdadd89278aaec6a310dde2377da706989a4d8e7efe301496c74d4,cells\system_0033_ic2_time_f64le.bin,cells\system_0033_ic2_state_f64le_c_order.bin,C:\Users\joedicke\Documents\reps\EvoODE\outputs\phase_c_c6_data_conditions_5dd1df8\system_0033_ic2_sigma_0p050000000000000003_rho_0_realization_2,float64,little_endian
33,2,2,0.05,0.0,3,multiplicative_gaussian_iid,474964b5d4eb36b7,512,sha256_raw_little_endian_float64,time,time_by_dimension_c_order,[512],"[512,2]",0.0,10.0,-0.8047996497008472,28.929499359801667,ffad3499269c08c6bd22e9e5c5d2ab32bbf827e2037cbdd6e73571aeab04432f,11a40c809e157a716e929b3bf6e5c053c4e8a5d08694492e0116fb12f8a688d5,cells\system_0033_ic2_time_f64le.bin,cells\system_0033_ic2_state_f64le_c_order.bin,C:\Users\joedicke\Documents\reps\EvoODE\outputs\phase_c_c6_data_conditions_5dd1df8\system_0033_ic2_sigma_0p050000000000000003_rho_0_realization_3,float64,little_endian
33,2,2,0.05,0.5,1,multiplicative_gaussian_iid,2c2c9d97aa17bd60,256,sha256_raw_little_endian_float64,time,time_by_dimension_c_order,[256],"[256,2]",0.03913894324853229,10.0,-0.4052986351779162,29.24443958153478,b301de08898f1b890d594994dfe6728595afdd0a45ac60739da053b80836bf37,19f4be0a2e153213dc0067a7ccf041c94a62b9ea306b1b49a5570e9da236d9d3,cells\system_0033_ic2_time_f64le.bin,cells\system_0033_ic2_state_f64le_c_order.bin,C:\Users\joedicke\Documents\reps\EvoODE\outputs\phase_c_c6_data_conditions_5dd1df8\system_0033_ic2_sigma_0p050000000000000003_rho_0p5_realization_1,float64,little_endian
33,2,2,0.05,0.5,2,multiplicative_gaussian_iid,0e7c4be2f70297ab,256,sha256_raw_little_endian_float64,time,time_by_dimension_c_order,[256],"[256,2]",0.019569471624266144,9.980430528375733,-0.6081973914170855,28.006397843023443,9d49b65c2496ddf66000005c9e6c14f03b367af3b39e501182df4eb5fe9c3a8d,84ff132bc30891b32bd016926289fc82fc4b184ff31a7e381ba53167140740c8,cells\system_0033_ic2_time_f64le.bin,cells\system_0033_ic2_state_f64le_c_order.bin,C:\Users\joedicke\Documents\reps\EvoODE\outputs\phase_c_c6_data_conditions_5dd1df8\system_0033_ic2_sigma_0p050000000000000003_rho_0p5_realization_2,float64,little_endian
33,2,2,0.05,0.5,3,multiplicative_gaussian_iid,eb4c796cf661b732,256,sha256_raw_little_endian_float64,time,time_by_dimension_c_order,[256],"[256,2]",0.03913894324853229,9.921722113502934,-0.41747162061098286,28.11161907161982,9476aad5c93f801a9fd44296c16f4db3629a245734ebe341119fef021a292620,20f21274387917ed47f30ee79a03a0163bb0a3d6cec860e9fa5b5aa42902b781,cells\system_0033_ic2_time_f64le.bin,cells\system_0033_ic2_state_f64le_c_order.bin,C:\Users\joedicke\Documents\reps\EvoODE\outputs\phase_c_c6_data_conditions_5dd1df8\system_0033_ic2_sigma_0p050000000000000003_rho_0p5_realization_3,float64,little_endian
43,1,2,0.0,0.0,1,multiplicative_gaussian_iid,799711a15b6d0740,512,sha256_raw_little_endian_float64,time,time_by_dimension_c_order,[512],"[512,2]",0.0,10.0,-0.2,20.17946708336562,ffad3499269c08c6bd22e9e5c5d2ab32bbf827e2037cbdd6e73571aeab04432f,40af7305c0c7c18152b589b624bbf8a15d2d60f92d6a4b94e27ee78531ae6f23,cells\system_0043_ic1_time_f64le.bin,cells\system_0043_ic1_state_f64le_c_order.bin,C:\Users\joedicke\Documents\reps\EvoODE\outputs\phase_c_c6_data_conditions_5dd1df8\system_0043_ic1_sigma_0_rho_0_realization_1,float64,little_endian
43,1,2,0.0,0.0,2,multiplicative_gaussian_iid,b5afe8a7651c851f,512,sha256_raw_little_endian_float64,time,time_by_dimension_c_order,[512],"[512,2]",0.0,10.0,-0.2,20.17946708336562,ffad3499269c08c6bd22e9e5c5d2ab32bbf827e2037cbdd6e73571aeab04432f,40af7305c0c7c18152b589b624bbf8a15d2d60f92d6a4b94e27ee78531ae6f23,cells\system_0043_ic1_time_f64le.bin,cells\system_0043_ic1_state_f64le_c_order.bin,C:\Users\joedicke\Documents\reps\EvoODE\outputs\phase_c_c6_data_conditions_5dd1df8\system_0043_ic1_sigma_0_rho_0_realization_2,float64,little_endian
43,1,2,0.0,0.0,3,multiplicative_gaussian_iid,d0ef57fd9e507f22,512,sha256_raw_little_endian_float64,time,time_by_dimension_c_order,[512],"[512,2]",0.0,10.0,-0.2,20.17946708336562,ffad3499269c08c6bd22e9e5c5d2ab32bbf827e2037cbdd6e73571aeab04432f,40af7305c0c7c18152b589b624bbf8a15d2d60f92d6a4b94e27ee78531ae6f23,cells\system_0043_ic1_time_f64le.bin,cells\system_0043_ic1_state_f64le_c_order.bin,C:\Users\joedicke\Documents\reps\EvoODE\outputs\phase_c_c6_data_conditions_5dd1df8\system_0043_ic1_sigma_0_rho_0_realization_3,float64,little_endian
43,1,2,0.0,0.5,1,multiplicative_gaussian_iid,e5ae40517517118c,256,sha256_raw_little_endian_float64,time,time_by_dimension_c_order,[256],"[256,2]",0.0,9.980430528375733,-0.2,20.12812537082106,5f9804331bc9793167bc771fdaca6711cf93c8592ad15fadf1704e2d9203ec49,2614a3cf183bf5b5e74be0d793e49c9d3a5a292a06c43dd59a539fcd9554e2dd,cells\system_0043_ic1_time_f64le.bin,cells\system_0043_ic1_state_f64le_c_order.bin,C:\Users\joedicke\Documents\reps\EvoODE\outputs\phase_c_c6_data_conditions_5dd1df8\system_0043_ic1_sigma_0_rho_0p5_realization_1,float64,little_endian
43,1,2,0.0,0.5,2,multiplicative_gaussian_iid,410220e26b007c78,256,sha256_raw_little_endian_float64,time,time_by_dimension_c_order,[256],"[256,2]",0.03913894324853229,10.0,-0.16894402515731372,20.17946708336562,063bd767880352144d4033aaade29280aa394726354713e56ba5336315b85567,378a23869c209b078f65343143f411fa0b65fb20bd43c06250dfff495468e0ff,cells\system_0043_ic1_time_f64le.bin,cells\system_0043_ic1_state_f64le_c_order.bin,C:\Users\joedicke\Documents\reps\EvoODE\outputs\phase_c_c6_data_conditions_5dd1df8\system_0043_ic1_sigma_0_rho_0p5_realization_2,float64,little_endian
43,1,2,0.0,0.5,3,multiplicative_gaussian_iid,32943fed9075ec6b,256,sha256_raw_little_endian_float64,time,time_by_dimension_c_order,[256],"[256,2]",0.0,9.960861056751467,-0.2,20.076411203979756,79ccf7db9f8e0bad22db305fd35724c00a24d1f2c5aa975a3091416dc30e6fba,e897ff609fb0bd8d7614c8f40fcb826c79a5a355b082072c0e5ba03bb47e9bc2,cells\system_0043_ic1_time_f64le.bin,cells\system_0043_ic1_state_f64le_c_order.bin,C:\Users\joedicke\Documents\reps\EvoODE\outputs\phase_c_c6_data_conditions_5dd1df8\system_0043_ic1_sigma_0_rho_0p5_realization_3,float64,little_endian
43,1,2,0.01,0.0,1,multiplicative_gaussian_iid,1696ce8b0e80990d,512,sha256_raw_little_endian_float64,time,time_by_dimension_c_order,[512],"[512,2]",0.0,10.0,-0.20210824060532756,20.271939564317254,ffad3499269c08c6bd22e9e5c5d2ab32bbf827e2037cbdd6e73571aeab04432f,1c038d2554ba98d4fdcc5c8fead7f2f8cfff0e134b996ca8c7be34eec519556d,cells\system_0043_ic1_time_f64le.bin,cells\system_0043_ic1_state_f64le_c_order.bin,C:\Users\joedicke\Documents\reps\EvoODE\outputs\phase_c_c6_data_conditions_5dd1df8\system_0043_ic1_sigma_0p01_rho_0_realization_1,float64,little_endian
43,1,2,0.01,0.0,2,multiplicative_gaussian_iid,715557b4e934a00a,512,sha256_raw_little_endian_float64,time,time_by_dimension_c_order,[512],"[512,2]",0.0,10.0,-0.1996000201114309,20.42444361342771,ffad3499269c08c6bd22e9e5c5d2ab32bbf827e2037cbdd6e73571aeab04432f,9ad271b1df1f33f27bf1a172ab292775e3423b49a70172ac4b52dd0049337977,cells\system_0043_ic1_time_f64le.bin,cells\system_0043_ic1_state_f64le_c_order.bin,C:\Users\joedicke\Documents\reps\EvoODE\outputs\phase_c_c6_data_conditions_5dd1df8\system_0043_ic1_sigma_0p01_rho_0_realization_2,float64,little_endian
43,1,2,0.01,0.0,3,multiplicative_gaussian_iid,bcb458bd643fcc5e,512,sha256_raw_little_endian_float64,time,time_by_dimension_c_order,[512],"[512,2]",0.0,10.0,-0.1984674456645324,20.409391570981004,ffad3499269c08c6bd22e9e5c5d2ab32bbf827e2037cbdd6e73571aeab04432f,71d7dd27d63c01cd4eafd64bf657868635e540a9bcefb0a27230c7d077b86131,cells\system_0043_ic1_time_f64le.bin,cells\system_0043_ic1_state_f64le_c_order.bin,C:\Users\joedicke\Documents\reps\EvoODE\outputs\phase_c_c6_data_conditions_5dd1df8\system_0043_ic1_sigma_0p01_rho_0_realization_3,float64,little_endian
43,1,2,0.01,0.5,1,multiplicative_gaussian_iid,228ccdf853b4603f,256,sha256_raw_little_endian_float64,time,time_by_dimension_c_order,[256],"[256,2]",0.0,10.0,-0.19881970202351915,20.158422213238726,ce1afb42bf9891a14eaf2f8410a1ed2253d1890d052e2029888dff65110b5efb,625ac4eb029abeef4c365a064cd55e98287495252486f10604419c08446813a9,cells\system_0043_ic1_time_f64le.bin,cells\system_0043_ic1_state_f64le_c_order.bin,C:\Users\joedicke\Documents\reps\EvoODE\outputs\phase_c_c6_data_conditions_5dd1df8\system_0043_ic1_sigma_0p01_rho_0p5_realization_1,float64,little_endian
43,1,2,0.01,0.5,2,multiplicative_gaussian_iid,91c37238ed72132a,256,sha256_raw_little_endian_float64,time,time_by_dimension_c_order,[256],"[256,2]",0.05870841487279843,10.0,-0.1530603625204019,20.377733923720715,490cfab05de2a8d505da17164f8fba8daf58bf69afbb16dae7d0cda9e85c74c2,678dea824ed17bf56c1bb48687311664dcc9e1a802616d00eac18164df7954df,cells\system_0043_ic1_time_f64le.bin,cells\system_0043_ic1_state_f64le_c_order.bin,C:\Users\joedicke\Documents\reps\EvoODE\outputs\phase_c_c6_data_conditions_5dd1df8\system_0043_ic1_sigma_0p01_rho_0p5_realization_2,float64,little_endian
43,1,2,0.01,0.5,3,multiplicative_gaussian_iid,f288b68ee10122ab,256,sha256_raw_little_endian_float64,time,time_by_dimension_c_order,[256],"[256,2]",0.07827788649706457,10.0,-0.13758019047303124,20.41145452354443,fe6df8ab008f92d171c9b65928ece6c7ed5f309010a9c1d38dd3752ba627e36e,cb925ead2c9d903e927582610645f0005ade1a98440c0949a6fb730fc0224a89,cells\system_0043_ic1_time_f64le.bin,cells\system_0043_ic1_state_f64le_c_order.bin,C:\Users\joedicke\Documents\reps\EvoODE\outputs\phase_c_c6_data_conditions_5dd1df8\system_0043_ic1_sigma_0p01_rho_0p5_realization_3,float64,little_endian
43,1,2,0.02,0.0,1,multiplicative_gaussian_iid,672a11e7b6fa736d,512,sha256_raw_little_endian_float64,time,time_by_dimension_c_order,[512],"[512,2]",0.0,10.0,-0.19767305127857768,20.480138678250892,ffad3499269c08c6bd22e9e5c5d2ab32bbf827e2037cbdd6e73571aeab04432f,1d85e3ebf64c4e1dc7b06b295835f97d4d1f7260fc97608774580d033171cf78,cells\system_0043_ic1_time_f64le.bin,cells\system_0043_ic1_state_f64le_c_order.bin,C:\Users\joedicke\Documents\reps\EvoODE\outputs\phase_c_c6_data_conditions_5dd1df8\system_0043_ic1_sigma_0p02_rho_0_realization_1,float64,little_endian
43,1,2,0.02,0.0,2,multiplicative_gaussian_iid,325115d8689b3624,512,sha256_raw_little_endian_float64,time,time_by_dimension_c_order,[512],"[512,2]",0.0,10.0,-0.20199966577492157,20.82021717416265,ffad3499269c08c6bd22e9e5c5d2ab32bbf827e2037cbdd6e73571aeab04432f,63f912a01c3286066e4b4452145ae0f92ad8b34d07484086a1556973112d5a2c,cells\system_0043_ic1_time_f64le.bin,cells\system_0043_ic1_state_f64le_c_order.bin,C:\Users\joedicke\Documents\reps\EvoODE\outputs\phase_c_c6_data_conditions_5dd1df8\system_0043_ic1_sigma_0p02_rho_0_realization_2,float64,little_endian
43,1,2,0.02,0.0,3,multiplicative_gaussian_iid,f381e98903da9113,512,sha256_raw_little_endian_float64,time,time_by_dimension_c_order,[512],"[512,2]",0.0,10.0,-0.20125692372506182,20.493231353757032,ffad3499269c08c6bd22e9e5c5d2ab32bbf827e2037cbdd6e73571aeab04432f,f3cc616ddfd6ef7421f92a115ba77abee2af594ecffaad43a283e0715e42ca21,cells\system_0043_ic1_time_f64le.bin,cells\system_0043_ic1_state_f64le_c_order.bin,C:\Users\joedicke\Documents\reps\EvoODE\outputs\phase_c_c6_data_conditions_5dd1df8\system_0043_ic1_sigma_0p02_rho_0_realization_3,float64,little_endian
43,1,2,0.02,0.5,1,multiplicative_gaussian_iid,7c6160caa1ea477b,256,sha256_raw_little_endian_float64,time,time_by_dimension_c_order,[256],"[256,2]",0.0,9.980430528375733,-0.19767152364352003,20.40255927170492,61294ccb8db11cc493a9adcde28c3691448a0e35661642a316fe5fa4f97ad1f6,89d741a1814dd0cba3ac510d11f1673e05e6b79a696a29d2b7c27ec5d476f380,cells\system_0043_ic1_time_f64le.bin,cells\system_0043_ic1_state_f64le_c_order.bin,C:\Users\joedicke\Documents\reps\EvoODE\outputs\phase_c_c6_data_conditions_5dd1df8\system_0043_ic1_sigma_0p02_rho_0p5_realization_1,float64,little_endian
43,1,2,0.02,0.5,2,multiplicative_gaussian_iid,bcd25d66948ee0ae,256,sha256_raw_little_endian_float64,time,time_by_dimension_c_order,[256],"[256,2]",0.0,9.980430528375733,-0.2061693282690909,20.844214712722938,23996631bbf7eab787b00075abe59f2841e3efaab6e3719a0e67bf858f1a0e20,05d27ff337e485c6ca82378c222d030a6385fc855d18d06bf1a6bfa554a52cb5,cells\system_0043_ic1_time_f64le.bin,cells\system_0043_ic1_state_f64le_c_order.bin,C:\Users\joedicke\Documents\reps\EvoODE\outputs\phase_c_c6_data_conditions_5dd1df8\system_0043_ic1_sigma_0p02_rho_0p5_realization_2,float64,little_endian
43,1,2,0.02,0.5,3,multiplicative_gaussian_iid,e0af3b0de5724047,256,sha256_raw_little_endian_float64,time,time_by_dimension_c_order,[256],"[256,2]",0.03913894324853229,9.980430528375733,-0.1698859068502501,20.321072193322472,c9701d4d78e04102e9902c8f257a6129c5b58e62743d914204bb2b8bc54f49d3,2f229845f920f1fcbcc725c7b29de93f695dac3d1b5ac71e3086cd62b415f772,cells\system_0043_ic1_time_f64le.bin,cells\system_0043_ic1_state_f64le_c_order.bin,C:\Users\joedicke\Documents\reps\EvoODE\outputs\phase_c_c6_data_conditions_5dd1df8\system_0043_ic1_sigma_0p02_rho_0p5_realization_3,float64,little_endian
43,1,2,0.03,0.0,1,multiplicative_gaussian_iid,9ab73e4eac8e3294,512,sha256_raw_little_endian_float64,time,time_by_dimension_c_order,[512],"[512,2]",0.0,10.0,-0.18665110393239778,21.004180299937154,ffad3499269c08c6bd22e9e5c5d2ab32bbf827e2037cbdd6e73571aeab04432f,1c9803634505c1cfe9d8517fb8655757acce9600fa19756d839e610792bac705,cells\system_0043_ic1_time_f64le.bin,cells\system_0043_ic1_state_f64le_c_order.bin,C:\Users\joedicke\Documents\reps\EvoODE\outputs\phase_c_c6_data_conditions_5dd1df8\system_0043_ic1_sigma_0p029999999999999999_rho_0_realization_1,float64,little_endian
43,1,2,0.03,0.0,2,multiplicative_gaussian_iid,82c3da1e7e62eee3,512,sha256_raw_little_endian_float64,time,time_by_dimension_c_order,[512],"[512,2]",0.0,10.0,-0.20711358564649238,20.544221908319432,ffad3499269c08c6bd22e9e5c5d2ab32bbf827e2037cbdd6e73571aeab04432f,4796114f0d0dd49c0fd1adddcea17117a3b38d37b1ba76ee795a2e808243c17f,cells\system_0043_ic1_time_f64le.bin,cells\system_0043_ic1_state_f64le_c_order.bin,C:\Users\joedicke\Documents\reps\EvoODE\outputs\phase_c_c6_data_conditions_5dd1df8\system_0043_ic1_sigma_0p029999999999999999_rho_0_realization_2,float64,little_endian
43,1,2,0.03,0.0,3,multiplicative_gaussian_iid,14ad814a69ec28ff,512,sha256_raw_little_endian_float64,time,time_by_dimension_c_order,[512],"[512,2]",0.0,10.0,-0.1921192519044463,20.940720800532155,ffad3499269c08c6bd22e9e5c5d2ab32bbf827e2037cbdd6e73571aeab04432f,ea5164513c48ba76e1d17d052b37e142a868fabb8b589b2e134a139c1af6e549,cells\system_0043_ic1_time_f64le.bin,cells\system_0043_ic1_state_f64le_c_order.bin,C:\Users\joedicke\Documents\reps\EvoODE\outputs\phase_c_c6_data_conditions_5dd1df8\system_0043_ic1_sigma_0p029999999999999999_rho_0_realization_3,float64,little_endian
43,1,2,0.03,0.5,1,multiplicative_gaussian_iid,8de245124bfb451c,256,sha256_raw_little_endian_float64,time,time_by_dimension_c_order,[256],"[256,2]",0.0,9.980430528375733,-0.19676115486298776,20.62995005680446,506289c9158eb5b5c6f9476c0972a1a918ddf50f021ba0a16502f4f250e56f0f,891eb452124305c86f7c8bd9d40440a470ea3061fa5bc61be943ed17537384e5,cells\system_0043_ic1_time_f64le.bin,cells\system_0043_ic1_state_f64le_c_order.bin,C:\Users\joedicke\Documents\reps\EvoODE\outputs\phase_c_c6_data_conditions_5dd1df8\system_0043_ic1_sigma_0p029999999999999999_rho_0p5_realization_1,float64,little_endian
43,1,2,0.03,0.5,2,multiplicative_gaussian_iid,a318ab0636b2776b,256,sha256_raw_little_endian_float64,time,time_by_dimension_c_order,[256],"[256,2]",0.019569471624266144,9.980430528375733,-0.1858503347399678,20.727640139539584,a8dbb030666f68776ee76c5be4dd042bdffc60e5e81984823edcbd1fda920d22,41dab67562c6eaa7385b329daa277206e788b321946dcaea6eecee2c7219f4ae,cells\system_0043_ic1_time_f64le.bin,cells\system_0043_ic1_state_f64le_c_order.bin,C:\Users\joedicke\Documents\reps\EvoODE\outputs\phase_c_c6_data_conditions_5dd1df8\system_0043_ic1_sigma_0p029999999999999999_rho_0p5_realization_2,float64,little_endian
43,1,2,0.03,0.5,3,multiplicative_gaussian_iid,069741ac89cccc44,256,sha256_raw_little_endian_float64,time,time_by_dimension_c_order,[256],"[256,2]",0.0,9.980430528375733,-0.20003331766973656,20.793801955814743,b68b463cd3025a8f8d2a31bd6da532af4fb9be5190024cb589484958f87269e6,d8e637463265b0b9ee3da67f0626bb9f178184f522442565f0047590955a9432,cells\system_0043_ic1_time_f64le.bin,cells\system_0043_ic1_state_f64le_c_order.bin,C:\Users\joedicke\Documents\reps\EvoODE\outputs\phase_c_c6_data_conditions_5dd1df8\system_0043_ic1_sigma_0p029999999999999999_rho_0p5_realization_3,float64,little_endian
43,1,2,0.04,0.0,1,multiplicative_gaussian_iid,44801945584039fb,512,sha256_raw_little_endian_float64,time,time_by_dimension_c_order,[512],"[512,2]",0.0,10.0,-0.21210081403314152,20.691482689871414,ffad3499269c08c6bd22e9e5c5d2ab32bbf827e2037cbdd6e73571aeab04432f,e5f9e06df49d7c3f4d833f1f81c7e200017decdf48c6b9d02f50d23db0a1878a,cells\system_0043_ic1_time_f64le.bin,cells\system_0043_ic1_state_f64le_c_order.bin,C:\Users\joedicke\Documents\reps\EvoODE\outputs\phase_c_c6_data_conditions_5dd1df8\system_0043_ic1_sigma_0p040000000000000001_rho_0_realization_1,float64,little_endian
43,1,2,0.04,0.0,2,multiplicative_gaussian_iid,8822fb29eb654e2c,512,sha256_raw_little_endian_float64,time,time_by_dimension_c_order,[512],"[512,2]",0.0,10.0,-0.19565936814078122,20.99040534228317,ffad3499269c08c6bd22e9e5c5d2ab32bbf827e2037cbdd6e73571aeab04432f,9949025232ef7b83a784897b019b712148c169ba87d6c48b375dec98b9ec51d1,cells\system_0043_ic1_time_f64le.bin,cells\system_0043_ic1_state_f64le_c_order.bin,C:\Users\joedicke\Documents\reps\EvoODE\outputs\phase_c_c6_data_conditions_5dd1df8\system_0043_ic1_sigma_0p040000000000000001_rho_0_realization_2,float64,little_endian
43,1,2,0.04,0.0,3,multiplicative_gaussian_iid,c894b9d947f7dad9,512,sha256_raw_little_endian_float64,time,time_by_dimension_c_order,[512],"[512,2]",0.0,10.0,-0.20116849729552125,20.92908317843862,ffad3499269c08c6bd22e9e5c5d2ab32bbf827e2037cbdd6e73571aeab04432f,7a3eabb7d3aecb272a6da05f6e3be08e3042e78fc694ebc9d4cf81e20f84294b,cells\system_0043_ic1_time_f64le.bin,cells\system_0043_ic1_state_f64le_c_order.bin,C:\Users\joedicke\Documents\reps\EvoODE\outputs\phase_c_c6_data_conditions_5dd1df8\system_0043_ic1_sigma_0p040000000000000001_rho_0_realization_3,float64,little_endian
43,1,2,0.04,0.5,1,multiplicative_gaussian_iid,9b8b6df42eee8e32,256,sha256_raw_little_endian_float64,time,time_by_dimension_c_order,[256],"[256,2]",0.0,9.941291585127201,-0.2015388654753107,20.86117689042531,51b9012703127fec95b923dd6253b3f0b24534307d3aa8a397f253069ea278ee,71ff378ae6e8bc2dc98e1a8d53f520a03e350f179e4f0c3b9807ce795573e2c8,cells\system_0043_ic1_time_f64le.bin,cells\system_0043_ic1_state_f64le_c_order.bin,C:\Users\joedicke\Documents\reps\EvoODE\outputs\phase_c_c6_data_conditions_5dd1df8\system_0043_ic1_sigma_0p040000000000000001_rho_0p5_realization_1,float64,little_endian
43,1,2,0.04,0.5,2,multiplicative_gaussian_iid,782ee43c52f10048,256,sha256_raw_little_endian_float64,time,time_by_dimension_c_order,[256],"[256,2]",0.0,10.0,-0.19945528272564547,20.690764998275547,f882ee611eaad87598942c881afdbda77108c166183900610d1ebd695805a43e,6950da2359f53bd3eea974be9b15e736a09e9ddf721ad1df73731658b62ae03a,cells\system_0043_ic1_time_f64le.bin,cells\system_0043_ic1_state_f64le_c_order.bin,C:\Users\joedicke\Documents\reps\EvoODE\outputs\phase_c_c6_data_conditions_5dd1df8\system_0043_ic1_sigma_0p040000000000000001_rho_0p5_realization_2,float64,little_endian
43,1,2,0.04,0.5,3,multiplicative_gaussian_iid,ed5295c60e5e2276,256,sha256_raw_little_endian_float64,time,time_by_dimension_c_order,[256],"[256,2]",0.019569471624266144,10.0,-0.18860941657536906,21.18267107889481,2a8daa86720e02f0bb345ab3fa67a04cfdec034a9e7dd070bc060916e8b53916,2e583b68ab12ff30cfedbd7d2c9ca8365ce91cc022310c4f2b643b76eda2d995,cells\system_0043_ic1_time_f64le.bin,cells\system_0043_ic1_state_f64le_c_order.bin,C:\Users\joedicke\Documents\reps\EvoODE\outputs\phase_c_c6_data_conditions_5dd1df8\system_0043_ic1_sigma_0p040000000000000001_rho_0p5_realization_3,float64,little_endian
43,1,2,0.05,0.0,1,multiplicative_gaussian_iid,0c0ad42629f69010,512,sha256_raw_little_endian_float64,time,time_by_dimension_c_order,[512],"[512,2]",0.0,10.0,-0.17982556924952361,21.967189850111367,ffad3499269c08c6bd22e9e5c5d2ab32bbf827e2037cbdd6e73571aeab04432f,2679be765506a889f12155781c56669f03779822236130abd9de86becd885413,cells\system_0043_ic1_time_f64le.bin,cells\system_0043_ic1_state_f64le_c_order.bin,C:\Users\joedicke\Documents\reps\EvoODE\outputs\phase_c_c6_data_conditions_5dd1df8\system_0043_ic1_sigma_0p050000000000000003_rho_0_realization_1,float64,little_endian
43,1,2,0.05,0.0,2,multiplicative_gaussian_iid,d4fd33de90c64fdb,512,sha256_raw_little_endian_float64,time,time_by_dimension_c_order,[512],"[512,2]",0.0,10.0,-0.2002619379529792,21.594631853495443,ffad3499269c08c6bd22e9e5c5d2ab32bbf827e2037cbdd6e73571aeab04432f,3d3c77c49aaf9e05645b6d1930d1deaefe3632e9f564b823d01b3f62cb275d0f,cells\system_0043_ic1_time_f64le.bin,cells\system_0043_ic1_state_f64le_c_order.bin,C:\Users\joedicke\Documents\reps\EvoODE\outputs\phase_c_c6_data_conditions_5dd1df8\system_0043_ic1_sigma_0p050000000000000003_rho_0_realization_2,float64,little_endian
43,1,2,0.05,0.0,3,multiplicative_gaussian_iid,474964b5d4eb36b7,512,sha256_raw_little_endian_float64,time,time_by_dimension_c_order,[512],"[512,2]",0.0,10.0,-0.1888776149260206,20.62698693018305,ffad3499269c08c6bd22e9e5c5d2ab32bbf827e2037cbdd6e73571aeab04432f,9885964a24bf8ca0e73aefc08b7d0d308e3fc7c650d23e6e9ca03cc927a713f1,cells\system_0043_ic1_time_f64le.bin,cells\system_0043_ic1_state_f64le_c_order.bin,C:\Users\joedicke\Documents\reps\EvoODE\outputs\phase_c_c6_data_conditions_5dd1df8\system_0043_ic1_sigma_0p050000000000000003_rho_0_realization_3,float64,little_endian
43,1,2,0.05,0.5,1,multiplicative_gaussian_iid,2c2c9d97aa17bd60,256,sha256_raw_little_endian_float64,time,time_by_dimension_c_order,[256],"[256,2]",0.09784735812133072,9.960861056751467,-0.12143103449286852,22.165164893750315,01399cdbecef2946771cee1061061260c8e5a5ccbfac36ce0cc9714ba9f1510c,e4ea07c66d374a082ca190bcc8a9f5be22c087d67b60c92caeae2644423db64a,cells\system_0043_ic1_time_f64le.bin,cells\system_0043_ic1_state_f64le_c_order.bin,C:\Users\joedicke\Documents\reps\EvoODE\outputs\phase_c_c6_data_conditions_5dd1df8\system_0043_ic1_sigma_0p050000000000000003_rho_0p5_realization_1,float64,little_endian
43,1,2,0.05,0.5,2,multiplicative_gaussian_iid,0e7c4be2f70297ab,256,sha256_raw_little_endian_float64,time,time_by_dimension_c_order,[256],"[256,2]",0.019569471624266144,9.960861056751467,-0.19387142426966847,21.173128286453075,e0a5f83835ddb5ea938e702a7703443a315986f9f2878dbd3313d02c65cce5d8,5f71ef19c654989d946b1cea10d874c9b230a9dbc5190e180a367165890934fa,cells\system_0043_ic1_time_f64le.bin,cells\system_0043_ic1_state_f64le_c_order.bin,C:\Users\joedicke\Documents\reps\EvoODE\outputs\phase_c_c6_data_conditions_5dd1df8\system_0043_ic1_sigma_0p050000000000000003_rho_0p5_realization_2,float64,little_endian
43,1,2,0.05,0.5,3,multiplicative_gaussian_iid,eb4c796cf661b732,256,sha256_raw_little_endian_float64,time,time_by_dimension_c_order,[256],"[256,2]",0.0,9.960861056751467,-0.19547010410445778,22.547684533553028,b20b32043cf947a5aa45da577abd9612eb945d5a8acbe82512a1a81a81b051be,61c1a6b8482340c06ab1f4b23d8c21c26243df75f72e2747e3351e749ddf0033,cells\system_0043_ic1_time_f64le.bin,cells\system_0043_ic1_state_f64le_c_order.bin,C:\Users\joedicke\Documents\reps\EvoODE\outputs\phase_c_c6_data_conditions_5dd1df8\system_0043_ic1_sigma_0p050000000000000003_rho_0p5_realization_3,float64,little_endian
43,2,2,0.0,0.0,1,multiplicative_gaussian_iid,799711a15b6d0740,512,sha256_raw_little_endian_float64,time,time_by_dimension_c_order,[512],"[512,2]",0.0,10.0,-1.9,20.903572569126744,ffad3499269c08c6bd22e9e5c5d2ab32bbf827e2037cbdd6e73571aeab04432f,d82d4af218a2e2bca5e6c5a5bef6967131b3a16fd9803c2f36a51cd285a46029,cells\system_0043_ic2_time_f64le.bin,cells\system_0043_ic2_state_f64le_c_order.bin,C:\Users\joedicke\Documents\reps\EvoODE\outputs\phase_c_c6_data_conditions_5dd1df8\system_0043_ic2_sigma_0_rho_0_realization_1,float64,little_endian
43,2,2,0.0,0.0,2,multiplicative_gaussian_iid,b5afe8a7651c851f,512,sha256_raw_little_endian_float64,time,time_by_dimension_c_order,[512],"[512,2]",0.0,10.0,-1.9,20.903572569126744,ffad3499269c08c6bd22e9e5c5d2ab32bbf827e2037cbdd6e73571aeab04432f,d82d4af218a2e2bca5e6c5a5bef6967131b3a16fd9803c2f36a51cd285a46029,cells\system_0043_ic2_time_f64le.bin,cells\system_0043_ic2_state_f64le_c_order.bin,C:\Users\joedicke\Documents\reps\EvoODE\outputs\phase_c_c6_data_conditions_5dd1df8\system_0043_ic2_sigma_0_rho_0_realization_2,float64,little_endian
43,2,2,0.0,0.0,3,multiplicative_gaussian_iid,d0ef57fd9e507f22,512,sha256_raw_little_endian_float64,time,time_by_dimension_c_order,[512],"[512,2]",0.0,10.0,-1.9,20.903572569126744,ffad3499269c08c6bd22e9e5c5d2ab32bbf827e2037cbdd6e73571aeab04432f,d82d4af218a2e2bca5e6c5a5bef6967131b3a16fd9803c2f36a51cd285a46029,cells\system_0043_ic2_time_f64le.bin,cells\system_0043_ic2_state_f64le_c_order.bin,C:\Users\joedicke\Documents\reps\EvoODE\outputs\phase_c_c6_data_conditions_5dd1df8\system_0043_ic2_sigma_0_rho_0_realization_3,float64,little_endian
43,2,2,0.0,0.5,1,multiplicative_gaussian_iid,e5ae40517517118c,256,sha256_raw_little_endian_float64,time,time_by_dimension_c_order,[256],"[256,2]",0.03913894324853229,9.941291585127201,-1.8968529671964567,20.763790647054392,7cc6cf1259e534857049e34a7e9123ec9357e5ae2b565121fd11aeb28d603d2e,48f9f2d08f5e06a517383d117cf18c3bc56fc3f8806f722de835147515563f87,cells\system_0043_ic2_time_f64le.bin,cells\system_0043_ic2_state_f64le_c_order.bin,C:\Users\joedicke\Documents\reps\EvoODE\outputs\phase_c_c6_data_conditions_5dd1df8\system_0043_ic2_sigma_0_rho_0p5_realization_1,float64,little_endian
43,2,2,0.0,0.5,2,multiplicative_gaussian_iid,410220e26b007c78,256,sha256_raw_little_endian_float64,time,time_by_dimension_c_order,[256],"[256,2]",0.0,10.0,-1.9,20.903572569126744,2b017eefb8de72085fca95e30fa492df0fee9dc2123e12abb368dd92907d5611,6a30c0b54b6f8ac59d2e6ee2100afe2e3da64d2d5b039c9af029f3fa60acf8ac,cells\system_0043_ic2_time_f64le.bin,cells\system_0043_ic2_state_f64le_c_order.bin,C:\Users\joedicke\Documents\reps\EvoODE\outputs\phase_c_c6_data_conditions_5dd1df8\system_0043_ic2_sigma_0_rho_0p5_realization_2,float64,little_endian
43,2,2,0.0,0.5,3,multiplicative_gaussian_iid,32943fed9075ec6b,256,sha256_raw_little_endian_float64,time,time_by_dimension_c_order,[256],"[256,2]",0.0,9.980430528375733,-1.9,20.85727129197025,0a77bb7a120c7fc069350605645dcf1dead3e409781d5295fdf45b3ec4967008,932405026a5166ce416aca2237162e05e2eb7a0dbb5b332c693d36c2b39ed516,cells\system_0043_ic2_time_f64le.bin,cells\system_0043_ic2_state_f64le_c_order.bin,C:\Users\joedicke\Documents\reps\EvoODE\outputs\phase_c_c6_data_conditions_5dd1df8\system_0043_ic2_sigma_0_rho_0p5_realization_3,float64,little_endian
43,2,2,0.01,0.0,1,multiplicative_gaussian_iid,1696ce8b0e80990d,512,sha256_raw_little_endian_float64,time,time_by_dimension_c_order,[512],"[512,2]",0.0,10.0,-1.9120145832619024,21.063379821004183,ffad3499269c08c6bd22e9e5c5d2ab32bbf827e2037cbdd6e73571aeab04432f,a428f5e14757899db0f34db9ca996676f727d6ed960a912faee755269087d131,cells\system_0043_ic2_time_f64le.bin,cells\system_0043_ic2_state_f64le_c_order.bin,C:\Users\joedicke\Documents\reps\EvoODE\outputs\phase_c_c6_data_conditions_5dd1df8\system_0043_ic2_sigma_0p01_rho_0_realization_1,float64,little_endian
43,2,2,0.01,0.0,2,multiplicative_gaussian_iid,715557b4e934a00a,512,sha256_raw_little_endian_float64,time,time_by_dimension_c_order,[512],"[512,2]",0.0,10.0,-1.923130762209017,21.11225251966759,ffad3499269c08c6bd22e9e5c5d2ab32bbf827e2037cbdd6e73571aeab04432f,88b9e6a087559c6dd630340f3d274341548cbf582f5a1b7efb82362101c4d58c,cells\system_0043_ic2_time_f64le.bin,cells\system_0043_ic2_state_f64le_c_order.bin,C:\Users\joedicke\Documents\reps\EvoODE\outputs\phase_c_c6_data_conditions_5dd1df8\system_0043_ic2_sigma_0p01_rho_0_realization_2,float64,little_endian
43,2,2,0.01,0.0,3,multiplicative_gaussian_iid,bcb458bd643fcc5e,512,sha256_raw_little_endian_float64,time,time_by_dimension_c_order,[512],"[512,2]",0.0,10.0,-1.9228766816756937,21.108579751498397,ffad3499269c08c6bd22e9e5c5d2ab32bbf827e2037cbdd6e73571aeab04432f,938c594888d7006df53e88f1e447d00125aca072a67881efb6746734542a2ff2,cells\system_0043_ic2_time_f64le.bin,cells\system_0043_ic2_state_f64le_c_order.bin,C:\Users\joedicke\Documents\reps\EvoODE\outputs\phase_c_c6_data_conditions_5dd1df8\system_0043_ic2_sigma_0p01_rho_0_realization_3,float64,little_endian
43,2,2,0.01,0.5,1,multiplicative_gaussian_iid,228ccdf853b4603f,256,sha256_raw_little_endian_float64,time,time_by_dimension_c_order,[256],"[256,2]",0.0,10.0,-1.904053823783974,21.08911109950901,aa2c902d43d61efcb64f407522446e9a4a83623bf5b1763f448c36e616b7d5aa,6a666d94291d03b3c20ccf54652a5a3ebd0185a366852c1d386ffdbb56c782d2,cells\system_0043_ic2_time_f64le.bin,cells\system_0043_ic2_state_f64le_c_order.bin,C:\Users\joedicke\Documents\reps\EvoODE\outputs\phase_c_c6_data_conditions_5dd1df8\system_0043_ic2_sigma_0p01_rho_0p5_realization_1,float64,little_endian
43,2,2,0.01,0.5,2,multiplicative_gaussian_iid,91c37238ed72132a,256,sha256_raw_little_endian_float64,time,time_by_dimension_c_order,[256],"[256,2]",0.0,10.0,-1.900615199384266,21.221471958193067,2de0f9adb7094384d2b5e2f5e244a885525b7cad5859e93528f2f48b2458c01c,bc9c87901c353c06fc71e592d2ac7e18890bbab82ec4ac42ac8ebec7b423d0ca,cells\system_0043_ic2_time_f64le.bin,cells\system_0043_ic2_state_f64le_c_order.bin,C:\Users\joedicke\Documents\reps\EvoODE\outputs\phase_c_c6_data_conditions_5dd1df8\system_0043_ic2_sigma_0p01_rho_0p5_realization_2,float64,little_endian
43,2,2,0.01,0.5,3,multiplicative_gaussian_iid,f288b68ee10122ab,256,sha256_raw_little_endian_float64,time,time_by_dimension_c_order,[256],"[256,2]",0.0,9.921722113502934,-1.9328466303952057,20.935542422820838,3483d7e9f93c8a4ed03da1b5da0102e1b1aaf3c8478674ad36c3d62970718b03,028a553fe3f8d3788f477634406788e11a5ad12ded038e3ea69ca9de8c95b524,cells\system_0043_ic2_time_f64le.bin,cells\system_0043_ic2_state_f64le_c_order.bin,C:\Users\joedicke\Documents\reps\EvoODE\outputs\phase_c_c6_data_conditions_5dd1df8\system_0043_ic2_sigma_0p01_rho_0p5_realization_3,float64,little_endian
43,2,2,0.02,0.0,1,multiplicative_gaussian_iid,672a11e7b6fa736d,512,sha256_raw_little_endian_float64,time,time_by_dimension_c_order,[512],"[512,2]",0.0,10.0,-1.939975384030529,21.02878979654652,ffad3499269c08c6bd22e9e5c5d2ab32bbf827e2037cbdd6e73571aeab04432f,d8c742ea0b9dfab0654ee4d06c0b3585fc96e04f9459c603066e0f4f71ee5ffa,cells\system_0043_ic2_time_f64le.bin,cells\system_0043_ic2_state_f64le_c_order.bin,C:\Users\joedicke\Documents\reps\EvoODE\outputs\phase_c_c6_data_conditions_5dd1df8\system_0043_ic2_sigma_0p02_rho_0_realization_1,float64,little_endian
43,2,2,0.02,0.0,2,multiplicative_gaussian_iid,325115d8689b3624,512,sha256_raw_little_endian_float64,time,time_by_dimension_c_order,[512],"[512,2]",0.0,10.0,-1.9254608053552127,21.188084005955897,ffad3499269c08c6bd22e9e5c5d2ab32bbf827e2037cbdd6e73571aeab04432f,09489628c5f488c3abed1e8ab22beedd89a93e76cedff5a32116ed6a75dedb33,cells\system_0043_ic2_time_f64le.bin,cells\system_0043_ic2_state_f64le_c_order.bin,C:\Users\joedicke\Documents\reps\EvoODE\outputs\phase_c_c6_data_conditions_5dd1df8\system_0043_ic2_sigma_0p02_rho_0_realization_2,float64,little_endian
43,2,2,0.02,0.0,3,multiplicative_gaussian_iid,f381e98903da9113,512,sha256_raw_little_endian_float64,time,time_by_dimension_c_order,[512],"[512,2]",0.0,10.0,-1.9546995497043598,20.8853128731058,ffad3499269c08c6bd22e9e5c5d2ab32bbf827e2037cbdd6e73571aeab04432f,f8d58bccaba390bcce17e8f22430a1bfc3e55cd819c8ca19d8e4b9e8f495fac9,cells\system_0043_ic2_time_f64le.bin,cells\system_0043_ic2_state_f64le_c_order.bin,C:\Users\joedicke\Documents\reps\EvoODE\outputs\phase_c_c6_data_conditions_5dd1df8\system_0043_ic2_sigma_0p02_rho_0_realization_3,float64,little_endian
43,2,2,0.02,0.5,1,multiplicative_gaussian_iid,7c6160caa1ea477b,256,sha256_raw_little_endian_float64,time,time_by_dimension_c_order,[256],"[256,2]",0.0,10.0,-1.919054447309975,21.39491640122212,990105f31a47593e8a4730699b318b0f85a753daff4732098f01085d20ef9e71,5364c430360567b2dd1b7060c64a8523735f9ec2b71a325155855485c8ec88b8,cells\system_0043_ic2_time_f64le.bin,cells\system_0043_ic2_state_f64le_c_order.bin,C:\Users\joedicke\Documents\reps\EvoODE\outputs\phase_c_c6_data_conditions_5dd1df8\system_0043_ic2_sigma_0p02_rho_0p5_realization_1,float64,little_endian
43,2,2,0.02,0.5,2,multiplicative_gaussian_iid,bcd25d66948ee0ae,256,sha256_raw_little_endian_float64,time,time_by_dimension_c_order,[256],"[256,2]",0.0,9.980430528375733,-1.9405207456659161,21.22964017386783,7d314d71e6a6fa3c5e090a7e83b963a797eb5cfac99c10f81e968b54a44312c9,3668e3220a310a4d3a469ccf71bb0b94ce62f5914033891f7695d0d72a4ae223,cells\system_0043_ic2_time_f64le.bin,cells\system_0043_ic2_state_f64le_c_order.bin,C:\Users\joedicke\Documents\reps\EvoODE\outputs\phase_c_c6_data_conditions_5dd1df8\system_0043_ic2_sigma_0p02_rho_0p5_realization_2,float64,little_endian
43,2,2,0.02,0.5,3,multiplicative_gaussian_iid,e0af3b0de5724047,256,sha256_raw_little_endian_float64,time,time_by_dimension_c_order,[256],"[256,2]",0.0,10.0,-1.937567939544674,21.054117788799367,26d1c63cae325ffcfcc23446aabd8a4c46480ab9eaca8f0dbd2ab095f36a5d10,f5224c44736d5ba1771c2fa9cec3777c4ec9f3bfac996b0574b43b90cf2d9636,cells\system_0043_ic2_time_f64le.bin,cells\system_0043_ic2_state_f64le_c_order.bin,C:\Users\joedicke\Documents\reps\EvoODE\outputs\phase_c_c6_data_conditions_5dd1df8\system_0043_ic2_sigma_0p02_rho_0p5_realization_3,float64,little_endian
43,2,2,0.03,0.0,1,multiplicative_gaussian_iid,9ab73e4eac8e3294,512,sha256_raw_little_endian_float64,time,time_by_dimension_c_order,[512],"[512,2]",0.0,10.0,-1.9464863546785776,21.79247521901863,ffad3499269c08c6bd22e9e5c5d2ab32bbf827e2037cbdd6e73571aeab04432f,20f56c18f6bf0982be24998b60baa9cee6bf9adfd036be8208c3fbb6dc9b4896,cells\system_0043_ic2_time_f64le.bin,cells\system_0043_ic2_state_f64le_c_order.bin,C:\Users\joedicke\Documents\reps\EvoODE\outputs\phase_c_c6_data_conditions_5dd1df8\system_0043_ic2_sigma_0p029999999999999999_rho_0_realization_1,float64,little_endian
43,2,2,0.03,0.0,2,multiplicative_gaussian_iid,82c3da1e7e62eee3,512,sha256_raw_little_endian_float64,time,time_by_dimension_c_order,[512],"[512,2]",0.0,10.0,-1.9569048228273909,21.32965803079166,ffad3499269c08c6bd22e9e5c5d2ab32bbf827e2037cbdd6e73571aeab04432f,093f7ad1a2dec1cb2d33df799d66e50f70a5377d295845e151016b2af2046b1e,cells\system_0043_ic2_time_f64le.bin,cells\system_0043_ic2_state_f64le_c_order.bin,C:\Users\joedicke\Documents\reps\EvoODE\outputs\phase_c_c6_data_conditions_5dd1df8\system_0043_ic2_sigma_0p029999999999999999_rho_0_realization_2,float64,little_endian
43,2,2,0.03,0.0,3,multiplicative_gaussian_iid,14ad814a69ec28ff,512,sha256_raw_little_endian_float64,time,time_by_dimension_c_order,[512],"[512,2]",0.0,10.0,-1.982810225319066,22.67104009699047,ffad3499269c08c6bd22e9e5c5d2ab32bbf827e2037cbdd6e73571aeab04432f,c13982ed8e580171718b7972a0a8a1f1729270fb7ab6bdba7c1c4164fbbdf7df,cells\system_0043_ic2_time_f64le.bin,cells\system_0043_ic2_state_f64le_c_order.bin,C:\Users\joedicke\Documents\reps\EvoODE\outputs\phase_c_c6_data_conditions_5dd1df8\system_0043_ic2_sigma_0p029999999999999999_rho_0_realization_3,float64,little_endian
43,2,2,0.03,0.5,1,multiplicative_gaussian_iid,8de245124bfb451c,256,sha256_raw_little_endian_float64,time,time_by_dimension_c_order,[256],"[256,2]",0.05870841487279843,9.921722113502934,-1.899835780877215,21.391724607138478,336374b399e64df7cd7f7beb1197781b24e6b1fc1fbb09aa7bf76a5e04fdf795,3a86fef18a71367d9619f73bafee57a4e4bf4c4add7c7bf4e6390585ed8d2c03,cells\system_0043_ic2_time_f64le.bin,cells\system_0043_ic2_state_f64le_c_order.bin,C:\Users\joedicke\Documents\reps\EvoODE\outputs\phase_c_c6_data_conditions_5dd1df8\system_0043_ic2_sigma_0p029999999999999999_rho_0p5_realization_1,float64,little_endian
43,2,2,0.03,0.5,2,multiplicative_gaussian_iid,a318ab0636b2776b,256,sha256_raw_little_endian_float64,time,time_by_dimension_c_order,[256],"[256,2]",0.0,10.0,-1.951811640238017,21.384938286615743,93c4566e39e7923c0d80688d0372823613608d59aaef65afc95d3274397a4325,dce58e5623ce023c42755918348251bb8d1e244624f631a57dc59e75777d718d,cells\system_0043_ic2_time_f64le.bin,cells\system_0043_ic2_state_f64le_c_order.bin,C:\Users\joedicke\Documents\reps\EvoODE\outputs\phase_c_c6_data_conditions_5dd1df8\system_0043_ic2_sigma_0p029999999999999999_rho_0p5_realization_2,float64,little_endian
43,2,2,0.03,0.5,3,multiplicative_gaussian_iid,069741ac89cccc44,256,sha256_raw_little_endian_float64,time,time_by_dimension_c_order,[256],"[256,2]",0.03913894324853229,10.0,-1.952487624721613,21.86625967339092,3417aeaebfef4034372fed1481b62815e65a981accaec6820a94b718aa4d67ea,2779c2acb0f63f29c32c5556cddccd81980a277a59ea8b0908d7ae7676b5a08d,cells\system_0043_ic2_time_f64le.bin,cells\system_0043_ic2_state_f64le_c_order.bin,C:\Users\joedicke\Documents\reps\EvoODE\outputs\phase_c_c6_data_conditions_5dd1df8\system_0043_ic2_sigma_0p029999999999999999_rho_0p5_realization_3,float64,little_endian
43,2,2,0.04,0.0,1,multiplicative_gaussian_iid,44801945584039fb,512,sha256_raw_little_endian_float64,time,time_by_dimension_c_order,[512],"[512,2]",0.0,10.0,-2.0427155782016753,22.23103787447397,ffad3499269c08c6bd22e9e5c5d2ab32bbf827e2037cbdd6e73571aeab04432f,99589163b3c1de2e766032991c0407af6daf5978eca2d19d5d71e69c43c27570,cells\system_0043_ic2_time_f64le.bin,cells\system_0043_ic2_state_f64le_c_order.bin,C:\Users\joedicke\Documents\reps\EvoODE\outputs\phase_c_c6_data_conditions_5dd1df8\system_0043_ic2_sigma_0p040000000000000001_rho_0_realization_1,float64,little_endian
43,2,2,0.04,0.0,2,multiplicative_gaussian_iid,8822fb29eb654e2c,512,sha256_raw_little_endian_float64,time,time_by_dimension_c_order,[512],"[512,2]",0.0,10.0,-1.9873531448713924,21.416733207611514,ffad3499269c08c6bd22e9e5c5d2ab32bbf827e2037cbdd6e73571aeab04432f,ed7799a6ced197ca968eea5631aa87a12bef37f4d5ab1ab3732f33a6389f6e76,cells\system_0043_ic2_time_f64le.bin,cells\system_0043_ic2_state_f64le_c_order.bin,C:\Users\joedicke\Documents\reps\EvoODE\outputs\phase_c_c6_data_conditions_5dd1df8\system_0043_ic2_sigma_0p040000000000000001_rho_0_realization_2,float64,little_endian
43,2,2,0.04,0.0,3,multiplicative_gaussian_iid,c894b9d947f7dad9,512,sha256_raw_little_endian_float64,time,time_by_dimension_c_order,[512],"[512,2]",0.0,10.0,-2.1039857989860224,21.86369709482773,ffad3499269c08c6bd22e9e5c5d2ab32bbf827e2037cbdd6e73571aeab04432f,263d5d0d7b830e5e5cdcd790b511bd9cd871e8b1bdcb73fdffc6b3ac0d00dfa6,cells\system_0043_ic2_time_f64le.bin,cells\system_0043_ic2_state_f64le_c_order.bin,C:\Users\joedicke\Documents\reps\EvoODE\outputs\phase_c_c6_data_conditions_5dd1df8\system_0043_ic2_sigma_0p040000000000000001_rho_0_realization_3,float64,little_endian
43,2,2,0.04,0.5,1,multiplicative_gaussian_iid,9b8b6df42eee8e32,256,sha256_raw_little_endian_float64,time,time_by_dimension_c_order,[256],"[256,2]",0.0,9.980430528375733,-1.9608897916001535,22.00806296141765,e89dd1556d7dcc836ca181b37b61aeaaf08d8b9fafee32579cc1c6654dd5b927,3825c6a5f88a2b59b5479e1d41ed220e6590315aa942b12c39116d7983ba9d85,cells\system_0043_ic2_time_f64le.bin,cells\system_0043_ic2_state_f64le_c_order.bin,C:\Users\joedicke\Documents\reps\EvoODE\outputs\phase_c_c6_data_conditions_5dd1df8\system_0043_ic2_sigma_0p040000000000000001_rho_0p5_realization_1,float64,little_endian
43,2,2,0.04,0.5,2,multiplicative_gaussian_iid,782ee43c52f10048,256,sha256_raw_little_endian_float64,time,time_by_dimension_c_order,[256],"[256,2]",0.0,9.960861056751467,-2.0233847840505024,21.47011189544124,e7a33e48db64d0d6c956147f9aab7c2a1c95bbdec3fd0a3247d11e3df90b0ef3,def84ac0a1ced5c5849a19b4c7a04bd8bef442b36ae242549fc801af5d07fde7,cells\system_0043_ic2_time_f64le.bin,cells\system_0043_ic2_state_f64le_c_order.bin,C:\Users\joedicke\Documents\reps\EvoODE\outputs\phase_c_c6_data_conditions_5dd1df8\system_0043_ic2_sigma_0p040000000000000001_rho_0p5_realization_2,float64,little_endian
43,2,2,0.04,0.5,3,multiplicative_gaussian_iid,ed5295c60e5e2276,256,sha256_raw_little_endian_float64,time,time_by_dimension_c_order,[256],"[256,2]",0.0,9.960861056751467,-1.9955872144041853,21.528761171701035,34605691e2c142ec25ae11cb2604c6a9aeffe565f2c84dfd1292bd217f167a54,5ca84804671e1bbaae001a7a625c480000c57b47d089959dcd9c0e93554ba664,cells\system_0043_ic2_time_f64le.bin,cells\system_0043_ic2_state_f64le_c_order.bin,C:\Users\joedicke\Documents\reps\EvoODE\outputs\phase_c_c6_data_conditions_5dd1df8\system_0043_ic2_sigma_0p040000000000000001_rho_0p5_realization_3,float64,little_endian
43,2,2,0.05,0.0,1,multiplicative_gaussian_iid,0c0ad42629f69010,512,sha256_raw_little_endian_float64,time,time_by_dimension_c_order,[512],"[512,2]",0.0,10.0,-2.056750455354598,22.837079468635064,ffad3499269c08c6bd22e9e5c5d2ab32bbf827e2037cbdd6e73571aeab04432f,af73d43db3ea0ad7855e6d35d80e3960b2154ed1c40d444ea86fe44bca5ca04e,cells\system_0043_ic2_time_f64le.bin,cells\system_0043_ic2_state_f64le_c_order.bin,C:\Users\joedicke\Documents\reps\EvoODE\outputs\phase_c_c6_data_conditions_5dd1df8\system_0043_ic2_sigma_0p050000000000000003_rho_0_realization_1,float64,little_endian
43,2,2,0.05,0.0,2,multiplicative_gaussian_iid,d4fd33de90c64fdb,512,sha256_raw_little_endian_float64,time,time_by_dimension_c_order,[512],"[512,2]",0.0,10.0,-2.0350642589049484,22.667052174408195,ffad3499269c08c6bd22e9e5c5d2ab32bbf827e2037cbdd6e73571aeab04432f,de4f3a67499c48c154aff11c350568fb299879db050a45ac704fa3e1bff14383,cells\system_0043_ic2_time_f64le.bin,cells\system_0043_ic2_state_f64le_c_order.bin,C:\Users\joedicke\Documents\reps\EvoODE\outputs\phase_c_c6_data_conditions_5dd1df8\system_0043_ic2_sigma_0p050000000000000003_rho_0_realization_2,float64,little_endian
43,2,2,0.05,0.0,3,multiplicative_gaussian_iid,474964b5d4eb36b7,512,sha256_raw_little_endian_float64,time,time_by_dimension_c_order,[512],"[512,2]",0.0,10.0,-2.0680538130070523,21.935032436119045,ffad3499269c08c6bd22e9e5c5d2ab32bbf827e2037cbdd6e73571aeab04432f,9aea5fe51ecab7079e343d00a1ff012c67d29426aebd122d4ede3ca6a1a5d79f,cells\system_0043_ic2_time_f64le.bin,cells\system_0043_ic2_state_f64le_c_order.bin,C:\Users\joedicke\Documents\reps\EvoODE\outputs\phase_c_c6_data_conditions_5dd1df8\system_0043_ic2_sigma_0p050000000000000003_rho_0_realization_3,float64,little_endian
43,2,2,0.05,0.5,1,multiplicative_gaussian_iid,2c2c9d97aa17bd60,256,sha256_raw_little_endian_float64,time,time_by_dimension_c_order,[256],"[256,2]",0.03913894324853229,10.0,-2.097726799759316,22.139966315678823,b12c71febad23119461b7971fe98bcb9aade55bb9e5e9780e5c4097607f11d2d,3a7d6b75fd4474f0c2392da672caeb57176dcad15971da3aa00d9ae1feb2ead3,cells\system_0043_ic2_time_f64le.bin,cells\system_0043_ic2_state_f64le_c_order.bin,C:\Users\joedicke\Documents\reps\EvoODE\outputs\phase_c_c6_data_conditions_5dd1df8\system_0043_ic2_sigma_0p050000000000000003_rho_0p5_realization_1,float64,little_endian
43,2,2,0.05,0.5,2,multiplicative_gaussian_iid,0e7c4be2f70297ab,256,sha256_raw_little_endian_float64,time,time_by_dimension_c_order,[256],"[256,2]",0.0,10.0,-1.945881024700315,22.79439560511725,911827de409c503770bcde970112e18d014f6d6d7367fecb4d81636f730dd4dd,49ee4f414fe21dac438837fb87f63273fc31e184b5d71aa63c12ca94d0135633,cells\system_0043_ic2_time_f64le.bin,cells\system_0043_ic2_state_f64le_c_order.bin,C:\Users\joedicke\Documents\reps\EvoODE\outputs\phase_c_c6_data_conditions_5dd1df8\system_0043_ic2_sigma_0p050000000000000003_rho_0p5_realization_2,float64,little_endian
43,2,2,0.05,0.5,3,multiplicative_gaussian_iid,eb4c796cf661b732,256,sha256_raw_little_endian_float64,time,time_by_dimension_c_order,[256],"[256,2]",0.019569471624266144,10.0,-1.9932140633331472,22.36708981426811,6860e4b08514d80c2dcb9284e83541a65a4ef49770ddd383f0f5aa862dfe173d,c88a213994013f6f7c34adfe994416f939c82e05beb630a13a2683a326e88f8a,cells\system_0043_ic2_time_f64le.bin,cells\system_0043_ic2_state_f64le_c_order.bin,C:\Users\joedicke\Documents\reps\EvoODE\outputs\phase_c_c6_data_conditions_5dd1df8\system_0043_ic2_sigma_0p050000000000000003_rho_0p5_realization_3,float64,little_endian
53,1,3,0.0,0.0,1,multiplicative_gaussian_iid,799711a15b6d0740,512,sha256_raw_little_endian_float64,time,time_by_dimension_c_order,[512],"[512,3]",0.0,10.0,0.005,2.2359268547591533,ffad3499269c08c6bd22e9e5c5d2ab32bbf827e2037cbdd6e73571aeab04432f,e11346ca8c213a22374548e93aa8cc3d2ec9af7e51b7b8142f02a459aee90b38,cells\system_0053_ic1_time_f64le.bin,cells\system_0053_ic1_state_f64le_c_order.bin,C:\Users\joedicke\Documents\reps\EvoODE\outputs\phase_c_c6_data_conditions_5dd1df8\system_0053_ic1_sigma_0_rho_0_realization_1,float64,little_endian
53,1,3,0.0,0.0,2,multiplicative_gaussian_iid,b5afe8a7651c851f,512,sha256_raw_little_endian_float64,time,time_by_dimension_c_order,[512],"[512,3]",0.0,10.0,0.005,2.2359268547591533,ffad3499269c08c6bd22e9e5c5d2ab32bbf827e2037cbdd6e73571aeab04432f,e11346ca8c213a22374548e93aa8cc3d2ec9af7e51b7b8142f02a459aee90b38,cells\system_0053_ic1_time_f64le.bin,cells\system_0053_ic1_state_f64le_c_order.bin,C:\Users\joedicke\Documents\reps\EvoODE\outputs\phase_c_c6_data_conditions_5dd1df8\system_0053_ic1_sigma_0_rho_0_realization_2,float64,little_endian
53,1,3,0.0,0.0,3,multiplicative_gaussian_iid,d0ef57fd9e507f22,512,sha256_raw_little_endian_float64,time,time_by_dimension_c_order,[512],"[512,3]",0.0,10.0,0.005,2.2359268547591533,ffad3499269c08c6bd22e9e5c5d2ab32bbf827e2037cbdd6e73571aeab04432f,e11346ca8c213a22374548e93aa8cc3d2ec9af7e51b7b8142f02a459aee90b38,cells\system_0053_ic1_time_f64le.bin,cells\system_0053_ic1_state_f64le_c_order.bin,C:\Users\joedicke\Documents\reps\EvoODE\outputs\phase_c_c6_data_conditions_5dd1df8\system_0053_ic1_sigma_0_rho_0_realization_3,float64,little_endian
53,1,3,0.0,0.5,1,multiplicative_gaussian_iid,e5ae40517517118c,256,sha256_raw_little_endian_float64,time,time_by_dimension_c_order,[256],"[256,3]",0.019569471624266144,10.0,0.006836007107125578,2.2359268547591533,16f96834e7ec4e8eb85c78b1ba4910a7ca8178c2c9ec1f349e599c8ea7235bf9,686b45ab162d6dadeb0dab5b62147f4ced19c29829a783d67304f6c51de78991,cells\system_0053_ic1_time_f64le.bin,cells\system_0053_ic1_state_f64le_c_order.bin,C:\Users\joedicke\Documents\reps\EvoODE\outputs\phase_c_c6_data_conditions_5dd1df8\system_0053_ic1_sigma_0_rho_0p5_realization_1,float64,little_endian
53,1,3,0.0,0.5,2,multiplicative_gaussian_iid,410220e26b007c78,256,sha256_raw_little_endian_float64,time,time_by_dimension_c_order,[256],"[256,3]",0.019569471624266144,10.0,0.006836007107125578,2.2359268547591533,401bfb4dbfb139564f0573f9402d141bd56e0cde19e552fe43d03aa771fa37d4,0c0b83d8a121cd4499c42ed554d55f91870f87a2548dde46e2c9da839fd18a90,cells\system_0053_ic1_time_f64le.bin,cells\system_0053_ic1_state_f64le_c_order.bin,C:\Users\joedicke\Documents\reps\EvoODE\outputs\phase_c_c6_data_conditions_5dd1df8\system_0053_ic1_sigma_0_rho_0p5_realization_2,float64,little_endian
53,1,3,0.0,0.5,3,multiplicative_gaussian_iid,32943fed9075ec6b,256,sha256_raw_little_endian_float64,time,time_by_dimension_c_order,[256],"[256,3]",0.0,9.980430528375733,0.005,2.235925276765805,adc7748bde84879a1880fb876f2156d52e8c6b318157e621212dabef0ded1f7d,f9fdef3cfbf88aac1ceae711e3b87ccc9d30229f3ddb0c42710ad43ec96de1fe,cells\system_0053_ic1_time_f64le.bin,cells\system_0053_ic1_state_f64le_c_order.bin,C:\Users\joedicke\Documents\reps\EvoODE\outputs\phase_c_c6_data_conditions_5dd1df8\system_0053_ic1_sigma_0_rho_0p5_realization_3,float64,little_endian
53,1,3,0.01,0.0,1,multiplicative_gaussian_iid,1696ce8b0e80990d,512,sha256_raw_little_endian_float64,time,time_by_dimension_c_order,[512],"[512,3]",0.0,10.0,0.005018454295510066,2.304283100358469,ffad3499269c08c6bd22e9e5c5d2ab32bbf827e2037cbdd6e73571aeab04432f,e1daa58a9266bd1ecd2407fdfb73099697e0a405eaf771a0a75c5706e9cdaccb,cells\system_0053_ic1_time_f64le.bin,cells\system_0053_ic1_state_f64le_c_order.bin,C:\Users\joedicke\Documents\reps\EvoODE\outputs\phase_c_c6_data_conditions_5dd1df8\system_0053_ic1_sigma_0p01_rho_0_realization_1,float64,little_endian
53,1,3,0.01,0.0,2,multiplicative_gaussian_iid,715557b4e934a00a,512,sha256_raw_little_endian_float64,time,time_by_dimension_c_order,[512],"[512,3]",0.0,10.0,0.004973374513180903,2.279771154071892,ffad3499269c08c6bd22e9e5c5d2ab32bbf827e2037cbdd6e73571aeab04432f,4b70d5b3ed1bb9267a93d2a79623849d4f96ef968984ab0782f470d80a81cc78,cells\system_0053_ic1_time_f64le.bin,cells\system_0053_ic1_state_f64le_c_order.bin,C:\Users\joedicke\Documents\reps\EvoODE\outputs\phase_c_c6_data_conditions_5dd1df8\system_0053_ic1_sigma_0p01_rho_0_realization_2,float64,little_endian
53,1,3,0.01,0.0,3,multiplicative_gaussian_iid,bcb458bd643fcc5e,512,sha256_raw_little_endian_float64,time,time_by_dimension_c_order,[512],"[512,3]",0.0,10.0,0.004943735999219886,2.3018251704902974,ffad3499269c08c6bd22e9e5c5d2ab32bbf827e2037cbdd6e73571aeab04432f,0516d5acb2093430b6fbafb92c569936fd2c0b8ac8114a65b703870afcc12e72,cells\system_0053_ic1_time_f64le.bin,cells\system_0053_ic1_state_f64le_c_order.bin,C:\Users\joedicke\Documents\reps\EvoODE\outputs\phase_c_c6_data_conditions_5dd1df8\system_0053_ic1_sigma_0p01_rho_0_realization_3,float64,little_endian
53,1,3,0.01,0.5,1,multiplicative_gaussian_iid,228ccdf853b4603f,256,sha256_raw_little_endian_float64,time,time_by_dimension_c_order,[256],"[256,3]",0.019569471624266144,10.0,0.0067740665408546575,2.282802705019443,57ab7787389952a484673ad80749692973da9892b0446eba255a63a1d484a5c3,6d80b6e41b9744565e67516e319e245136b540cd4850408e3dec6597e4f7a455,cells\system_0053_ic1_time_f64le.bin,cells\system_0053_ic1_state_f64le_c_order.bin,C:\Users\joedicke\Documents\reps\EvoODE\outputs\phase_c_c6_data_conditions_5dd1df8\system_0053_ic1_sigma_0p01_rho_0p5_realization_1,float64,little_endian
53,1,3,0.01,0.5,2,multiplicative_gaussian_iid,91c37238ed72132a,256,sha256_raw_little_endian_float64,time,time_by_dimension_c_order,[256],"[256,3]",0.0,9.960861056751467,0.005017607046000634,2.294092654024107,0025842ca2e6068f895cf3e47378ce65f6b2ef686dacbc0b4bf899fce2e8d248,088ae040e7ca6a616ee69249a3882914414c80e343c14057c1bb1f53549bddd4,cells\system_0053_ic1_time_f64le.bin,cells\system_0053_ic1_state_f64le_c_order.bin,C:\Users\joedicke\Documents\reps\EvoODE\outputs\phase_c_c6_data_conditions_5dd1df8\system_0053_ic1_sigma_0p01_rho_0p5_realization_2,float64,little_endian
53,1,3,0.01,0.5,3,multiplicative_gaussian_iid,f288b68ee10122ab,256,sha256_raw_little_endian_float64,time,time_by_dimension_c_order,[256],"[256,3]",0.03913894324853229,10.0,0.00877625311277589,2.2804705651585917,51818e82c4cc7ca159d5c74b8c189a863bddc41d61ff80bf527e5be8fb314332,6706c90a8547bc4abfa73f59c80b2ab432de7078fba392da6edacc86be1467e6,cells\system_0053_ic1_time_f64le.bin,cells\system_0053_ic1_state_f64le_c_order.bin,C:\Users\joedicke\Documents\reps\EvoODE\outputs\phase_c_c6_data_conditions_5dd1df8\system_0053_ic1_sigma_0p01_rho_0p5_realization_3,float64,little_endian
53,1,3,0.02,0.0,1,multiplicative_gaussian_iid,672a11e7b6fa736d,512,sha256_raw_little_endian_float64,time,time_by_dimension_c_order,[512],"[512,3]",0.0,10.0,0.005181836375225578,2.335652140038561,ffad3499269c08c6bd22e9e5c5d2ab32bbf827e2037cbdd6e73571aeab04432f,2570ae2ea84d094b11319aace051863eae72e6052b78fe71af2be4057facfb85,cells\system_0053_ic1_time_f64le.bin,cells\system_0053_ic1_state_f64le_c_order.bin,C:\Users\joedicke\Documents\reps\EvoODE\outputs\phase_c_c6_data_conditions_5dd1df8\system_0053_ic1_sigma_0p02_rho_0_realization_1,float64,little_endian
53,1,3,0.02,0.0,2,multiplicative_gaussian_iid,325115d8689b3624,512,sha256_raw_little_endian_float64,time,time_by_dimension_c_order,[512],"[512,3]",0.0,10.0,0.005008111428015471,2.358691377781641,ffad3499269c08c6bd22e9e5c5d2ab32bbf827e2037cbdd6e73571aeab04432f,2976423c1dd593e33966f7f89c7b9683fb74089ed4269c56c8129d2d20a3a28f,cells\system_0053_ic1_time_f64le.bin,cells\system_0053_ic1_state_f64le_c_order.bin,C:\Users\joedicke\Documents\reps\EvoODE\outputs\phase_c_c6_data_conditions_5dd1df8\system_0053_ic1_sigma_0p02_rho_0_realization_2,float64,little_endian
53,1,3,0.02,0.0,3,multiplicative_gaussian_iid,f381e98903da9113,512,sha256_raw_little_endian_float64,time,time_by_dimension_c_order,[512],"[512,3]",0.0,10.0,0.005042011233942918,2.3514178626962434,ffad3499269c08c6bd22e9e5c5d2ab32bbf827e2037cbdd6e73571aeab04432f,e62917a22862195af080f3ead70d20f6818e144e04c8ad2fe9305fbe0f8423c8,cells\system_0053_ic1_time_f64le.bin,cells\system_0053_ic1_state_f64le_c_order.bin,C:\Users\joedicke\Documents\reps\EvoODE\outputs\phase_c_c6_data_conditions_5dd1df8\system_0053_ic1_sigma_0p02_rho_0_realization_3,float64,little_endian
53,1,3,0.02,0.5,1,multiplicative_gaussian_iid,7c6160caa1ea477b,256,sha256_raw_little_endian_float64,time,time_by_dimension_c_order,[256],"[256,3]",0.019569471624266144,10.0,0.006881015319376229,2.363767452950409,afc95be48cfd5f1c91218a271d8d4ad918746c7bdcddf11058b9e6a7d576c70a,42905e165a3030992307d297e0093681e3de097f00774a1f35749d277acf5d9d,cells\system_0053_ic1_time_f64le.bin,cells\system_0053_ic1_state_f64le_c_order.bin,C:\Users\joedicke\Documents\reps\EvoODE\outputs\phase_c_c6_data_conditions_5dd1df8\system_0053_ic1_sigma_0p02_rho_0p5_realization_1,float64,little_endian
53,1,3,0.02,0.5,2,multiplicative_gaussian_iid,bcd25d66948ee0ae,256,sha256_raw_little_endian_float64,time,time_by_dimension_c_order,[256],"[256,3]",0.07827788649706457,10.0,0.011868631945762976,2.3537035742860812,d3be349f75159a2adc5a86b57addba47f6bed46536c6e793b5aa71e30142f448,2d7cb9ad07140adc9a3786f9c6323ddf21878349c3d021f8066e55e77e054f6f,cells\system_0053_ic1_time_f64le.bin,cells\system_0053_ic1_state_f64le_c_order.bin,C:\Users\joedicke\Documents\reps\EvoODE\outputs\phase_c_c6_data_conditions_5dd1df8\system_0053_ic1_sigma_0p02_rho_0p5_realization_2,float64,little_endian
53,1,3,0.02,0.5,3,multiplicative_gaussian_iid,e0af3b0de5724047,256,sha256_raw_little_endian_float64,time,time_by_dimension_c_order,[256],"[256,3]",0.11741682974559686,10.0,0.011985079153649828,2.357323544643849,fe82533662f712c91f68b986f7e78eee4d8a4ac2a5f2afd528ffdab237d40857,c98aae74e9a94417c618c2cb6a908d83f3d1a0b70cc359ad284ac90d0cdf44f3,cells\system_0053_ic1_time_f64le.bin,cells\system_0053_ic1_state_f64le_c_order.bin,C:\Users\joedicke\Documents\reps\EvoODE\outputs\phase_c_c6_data_conditions_5dd1df8\system_0053_ic1_sigma_0p02_rho_0p5_realization_3,float64,little_endian
53,1,3,0.03,0.0,1,multiplicative_gaussian_iid,9ab73e4eac8e3294,512,sha256_raw_little_endian_float64,time,time_by_dimension_c_order,[512],"[512,3]",0.0,10.0,0.004785901911625276,2.440242487405606,ffad3499269c08c6bd22e9e5c5d2ab32bbf827e2037cbdd6e73571aeab04432f,629e14d77d9947c4ca53766cb11e4328a5bbb894d9ccb0c9917f20a15dff6f08,cells\system_0053_ic1_time_f64le.bin,cells\system_0053_ic1_state_f64le_c_order.bin,C:\Users\joedicke\Documents\reps\EvoODE\outputs\phase_c_c6_data_conditions_5dd1df8\system_0053_ic1_sigma_0p029999999999999999_rho_0_realization_1,float64,little_endian
53,1,3,0.03,0.0,2,multiplicative_gaussian_iid,82c3da1e7e62eee3,512,sha256_raw_little_endian_float64,time,time_by_dimension_c_order,[512],"[512,3]",0.0,10.0,0.004981645840346758,2.4171012114482964,ffad3499269c08c6bd22e9e5c5d2ab32bbf827e2037cbdd6e73571aeab04432f,bb83ac33695afc9c0b2b4e697fbe0acb2909d6d593ee2243f69c8332b5229321,cells\system_0053_ic1_time_f64le.bin,cells\system_0053_ic1_state_f64le_c_order.bin,C:\Users\joedicke\Documents\reps\EvoODE\outputs\phase_c_c6_data_conditions_5dd1df8\system_0053_ic1_sigma_0p029999999999999999_rho_0_realization_2,float64,little_endian
53,1,3,0.03,0.0,3,multiplicative_gaussian_iid,14ad814a69ec28ff,512,sha256_raw_little_endian_float64,time,time_by_dimension_c_order,[512],"[512,3]",0.0,10.0,0.005016132168151887,2.420480165214121,ffad3499269c08c6bd22e9e5c5d2ab32bbf827e2037cbdd6e73571aeab04432f,d71369f551a8819b7b333839444b3bae2c84be3f2c7eb129ee2c638ec184faf5,cells\system_0053_ic1_time_f64le.bin,cells\system_0053_ic1_state_f64le_c_order.bin,C:\Users\joedicke\Documents\reps\EvoODE\outputs\phase_c_c6_data_conditions_5dd1df8\system_0053_ic1_sigma_0p029999999999999999_rho_0_realization_3,float64,little_endian
53,1,3,0.03,0.5,1,multiplicative_gaussian_iid,8de245124bfb451c,256,sha256_raw_little_endian_float64,time,time_by_dimension_c_order,[256],"[256,3]",0.019569471624266144,10.0,0.00722058180128605,2.3777743111066374,3c3abebb8056a2ed42bf1f42f2880daaf433c249dae0fc59411edee5efc5b907,0821e743ed85c961fba16c6ee35eb3064ae9f58b6d90de9a8343e3d3c8f29ab3,cells\system_0053_ic1_time_f64le.bin,cells\system_0053_ic1_state_f64le_c_order.bin,C:\Users\joedicke\Documents\reps\EvoODE\outputs\phase_c_c6_data_conditions_5dd1df8\system_0053_ic1_sigma_0p029999999999999999_rho_0p5_realization_1,float64,little_endian
53,1,3,0.03,0.5,2,multiplicative_gaussian_iid,a318ab0636b2776b,256,sha256_raw_little_endian_float64,time,time_by_dimension_c_order,[256],"[256,3]",0.019569471624266144,9.980430528375733,0.006984293737288742,2.40998223854005,a3a59d8388fd0903df01def66ae8e28a5bbeb4a0525010f3c5469b15c6cff061,bbb5edc8a567cd50d2bb44aa727c73c530dd0b97ad244cbbc4f0dce674d58552,cells\system_0053_ic1_time_f64le.bin,cells\system_0053_ic1_state_f64le_c_order.bin,C:\Users\joedicke\Documents\reps\EvoODE\outputs\phase_c_c6_data_conditions_5dd1df8\system_0053_ic1_sigma_0p029999999999999999_rho_0p5_realization_2,float64,little_endian
53,1,3,0.03,0.5,3,multiplicative_gaussian_iid,069741ac89cccc44,256,sha256_raw_little_endian_float64,time,time_by_dimension_c_order,[256],"[256,3]",0.05870841487279843,10.0,0.00974518751937826,2.4126286499249057,361929a9e76e9a7582096fa863dc41a06181543d383e160ded76063533303187,4a30dfa96a757cd488773164a81ae4129abea7fb6609ff5566a27fc6668e293d,cells\system_0053_ic1_time_f64le.bin,cells\system_0053_ic1_state_f64le_c_order.bin,C:\Users\joedicke\Documents\reps\EvoODE\outputs\phase_c_c6_data_conditions_5dd1df8\system_0053_ic1_sigma_0p029999999999999999_rho_0p5_realization_3,float64,little_endian
53,1,3,0.04,0.0,1,multiplicative_gaussian_iid,44801945584039fb,512,sha256_raw_little_endian_float64,time,time_by_dimension_c_order,[512],"[512,3]",0.0,10.0,0.004836761036080385,2.504332146268294,ffad3499269c08c6bd22e9e5c5d2ab32bbf827e2037cbdd6e73571aeab04432f,9d8ed1c668b6dff0dfc6a32fbe6b7bdb62dade5e62f8c07313ddf129f47bc436,cells\system_0053_ic1_time_f64le.bin,cells\system_0053_ic1_state_f64le_c_order.bin,C:\Users\joedicke\Documents\reps\EvoODE\outputs\phase_c_c6_data_conditions_5dd1df8\system_0053_ic1_sigma_0p040000000000000001_rho_0_realization_1,float64,little_endian
53,1,3,0.04,0.0,2,multiplicative_gaussian_iid,8822fb29eb654e2c,512,sha256_raw_little_endian_float64,time,time_by_dimension_c_order,[512],"[512,3]",0.0,10.0,0.005001916718527194,2.463014358363195,ffad3499269c08c6bd22e9e5c5d2ab32bbf827e2037cbdd6e73571aeab04432f,65b3bba43b1dbd180c7b16170836d0673c00bceb32de1d6141345e5fcef7658d,cells\system_0053_ic1_time_f64le.bin,cells\system_0053_ic1_state_f64le_c_order.bin,C:\Users\joedicke\Documents\reps\EvoODE\outputs\phase_c_c6_data_conditions_5dd1df8\system_0053_ic1_sigma_0p040000000000000001_rho_0_realization_2,float64,little_endian
53,1,3,0.04,0.0,3,multiplicative_gaussian_iid,c894b9d947f7dad9,512,sha256_raw_little_endian_float64,time,time_by_dimension_c_order,[512],"[512,3]",0.0,10.0,0.0051077910387701,2.530639760264281,ffad3499269c08c6bd22e9e5c5d2ab32bbf827e2037cbdd6e73571aeab04432f,6b659c1f4f0c9e0a1fa0fbaf14f4ca8b941bf981bf06c02c1fb8c52c896d5521,cells\system_0053_ic1_time_f64le.bin,cells\system_0053_ic1_state_f64le_c_order.bin,C:\Users\joedicke\Documents\reps\EvoODE\outputs\phase_c_c6_data_conditions_5dd1df8\system_0053_ic1_sigma_0p040000000000000001_rho_0_realization_3,float64,little_endian
53,1,3,0.04,0.5,1,multiplicative_gaussian_iid,9b8b6df42eee8e32,256,sha256_raw_little_endian_float64,time,time_by_dimension_c_order,[256],"[256,3]",0.0,10.0,0.00538875214970304,2.4549446997510667,5078f7c6610cd8faaa890d2b482bcc2d31fb04f6bbebc3ac71f996428e2b7a98,830889a5e6949d6db97f8edcd149f8364ac966ddee90f800135115b636a9d0af,cells\system_0053_ic1_time_f64le.bin,cells\system_0053_ic1_state_f64le_c_order.bin,C:\Users\joedicke\Documents\reps\EvoODE\outputs\phase_c_c6_data_conditions_5dd1df8\system_0053_ic1_sigma_0p040000000000000001_rho_0p5_realization_1,float64,little_endian
53,1,3,0.04,0.5,2,multiplicative_gaussian_iid,782ee43c52f10048,256,sha256_raw_little_endian_float64,time,time_by_dimension_c_order,[256],"[256,3]",0.0,9.980430528375733,0.0048448371969857336,2.4914975332183795,84dd2d4bdf8ae389ba7b0e7f2d752af20e40c606a03fd34166f5fd58e6462da7,5d617d25223c9690c5c2964342cb6b6c5a6c994b26a8f752fa4ac6559144a170,cells\system_0053_ic1_time_f64le.bin,cells\system_0053_ic1_state_f64le_c_order.bin,C:\Users\joedicke\Documents\reps\EvoODE\outputs\phase_c_c6_data_conditions_5dd1df8\system_0053_ic1_sigma_0p040000000000000001_rho_0p5_realization_2,float64,little_endian
53,1,3,0.04,0.5,3,multiplicative_gaussian_iid,ed5295c60e5e2276,256,sha256_raw_little_endian_float64,time,time_by_dimension_c_order,[256],"[256,3]",0.019569471624266144,9.960861056751467,0.007297874930166029,2.4344638811540595,1e51c61de971fa04ee42f0800a17ef779343c9ec61c5435d4b12af50fd98a351,364c52fcb52aa4b4ec0f520760e8c0b7cc4c3a8fcd7ba2b5a92c324d20416f43,cells\system_0053_ic1_time_f64le.bin,cells\system_0053_ic1_state_f64le_c_order.bin,C:\Users\joedicke\Documents\reps\EvoODE\outputs\phase_c_c6_data_conditions_5dd1df8\system_0053_ic1_sigma_0p040000000000000001_rho_0p5_realization_3,float64,little_endian
53,1,3,0.05,0.0,1,multiplicative_gaussian_iid,0c0ad42629f69010,512,sha256_raw_little_endian_float64,time,time_by_dimension_c_order,[512],"[512,3]",0.0,10.0,0.004744576457111915,2.539297007241597,ffad3499269c08c6bd22e9e5c5d2ab32bbf827e2037cbdd6e73571aeab04432f,38c1dda87e2f9204d70829b8b96427949d58f8cb0b426187027cc5c6c2b32445,cells\system_0053_ic1_time_f64le.bin,cells\system_0053_ic1_state_f64le_c_order.bin,C:\Users\joedicke\Documents\reps\EvoODE\outputs\phase_c_c6_data_conditions_5dd1df8\system_0053_ic1_sigma_0p050000000000000003_rho_0_realization_1,float64,little_endian
53,1,3,0.05,0.0,2,multiplicative_gaussian_iid,d4fd33de90c64fdb,512,sha256_raw_little_endian_float64,time,time_by_dimension_c_order,[512],"[512,3]",0.0,10.0,0.005241372361161254,2.534120468815723,ffad3499269c08c6bd22e9e5c5d2ab32bbf827e2037cbdd6e73571aeab04432f,42ca0289088c4ad89f862706b9ba2d7672a6792c7ab6708a5b4799785e5441f6,cells\system_0053_ic1_time_f64le.bin,cells\system_0053_ic1_state_f64le_c_order.bin,C:\Users\joedicke\Documents\reps\EvoODE\outputs\phase_c_c6_data_conditions_5dd1df8\system_0053_ic1_sigma_0p050000000000000003_rho_0_realization_2,float64,little_endian
53,1,3,0.05,0.0,3,multiplicative_gaussian_iid,474964b5d4eb36b7,512,sha256_raw_little_endian_float64,time,time_by_dimension_c_order,[512],"[512,3]",0.0,10.0,0.005267768987608146,2.5419248514331794,ffad3499269c08c6bd22e9e5c5d2ab32bbf827e2037cbdd6e73571aeab04432f,ec860c34c71527515a4e8736d6af468952cba8241b5d288ec1b21e8336a15ba3,cells\system_0053_ic1_time_f64le.bin,cells\system_0053_ic1_state_f64le_c_order.bin,C:\Users\joedicke\Documents\reps\EvoODE\outputs\phase_c_c6_data_conditions_5dd1df8\system_0053_ic1_sigma_0p050000000000000003_rho_0_realization_3,float64,little_endian
53,1,3,0.05,0.5,1,multiplicative_gaussian_iid,2c2c9d97aa17bd60,256,sha256_raw_little_endian_float64,time,time_by_dimension_c_order,[256],"[256,3]",0.019569471624266144,9.980430528375733,0.0069693926109583105,2.499201316722464,8b77c60c1198f398f28afc429d0bc32d6b886275f9119be9fdf80e70f3dda974,67062dea094d3ef060da97a8db856c8a03915e0cff50be9d672767f9cbb48ed7,cells\system_0053_ic1_time_f64le.bin,cells\system_0053_ic1_state_f64le_c_order.bin,C:\Users\joedicke\Documents\reps\EvoODE\outputs\phase_c_c6_data_conditions_5dd1df8\system_0053_ic1_sigma_0p050000000000000003_rho_0p5_realization_1,float64,little_endian
53,1,3,0.05,0.5,2,multiplicative_gaussian_iid,0e7c4be2f70297ab,256,sha256_raw_little_endian_float64,time,time_by_dimension_c_order,[256],"[256,3]",0.07827788649706457,9.980430528375733,0.010859799266292828,2.540227975840054,7314873ca570bffe56b4a0be2f98ef72e4f20ca3f647a7b061b165daddc5fe7b,1dbf6cdaeee5b61482d32b21684a117cecced417a0806dc29950b6a131041a2b,cells\system_0053_ic1_time_f64le.bin,cells\system_0053_ic1_state_f64le_c_order.bin,C:\Users\joedicke\Documents\reps\EvoODE\outputs\phase_c_c6_data_conditions_5dd1df8\system_0053_ic1_sigma_0p050000000000000003_rho_0p5_realization_2,float64,little_endian
53,1,3,0.05,0.5,3,multiplicative_gaussian_iid,eb4c796cf661b732,256,sha256_raw_little_endian_float64,time,time_by_dimension_c_order,[256],"[256,3]",0.019569471624266144,10.0,0.00651652166261423,2.4849996974251427,02361bf150baf6482073d5345cfe3b65c84a307b6e58e5785fd1a819e898c1d2,531723d990aa3df4f61de7d45834e740cf1832ff3253f2cd439f641728338eda,cells\system_0053_ic1_time_f64le.bin,cells\system_0053_ic1_state_f64le_c_order.bin,C:\Users\joedicke\Documents\reps\EvoODE\outputs\phase_c_c6_data_conditions_5dd1df8\system_0053_ic1_sigma_0p050000000000000003_rho_0p5_realization_3,float64,little_endian
53,2,3,0.0,0.0,1,multiplicative_gaussian_iid,799711a15b6d0740,512,sha256_raw_little_endian_float64,time,time_by_dimension_c_order,[512],"[512,3]",0.0,10.0,0.0010672274212026314,0.9265183095499652,ffad3499269c08c6bd22e9e5c5d2ab32bbf827e2037cbdd6e73571aeab04432f,0d69ef8679622921a8e696fd2dfbf7bee6894628f419cd3d48e592e310a1bf42,cells\system_0053_ic2_time_f64le.bin,cells\system_0053_ic2_state_f64le_c_order.bin,C:\Users\joedicke\Documents\reps\EvoODE\outputs\phase_c_c6_data_conditions_5dd1df8\system_0053_ic2_sigma_0_rho_0_realization_1,float64,little_endian
53,2,3,0.0,0.0,2,multiplicative_gaussian_iid,b5afe8a7651c851f,512,sha256_raw_little_endian_float64,time,time_by_dimension_c_order,[512],"[512,3]",0.0,10.0,0.0010672274212026314,0.9265183095499652,ffad3499269c08c6bd22e9e5c5d2ab32bbf827e2037cbdd6e73571aeab04432f,0d69ef8679622921a8e696fd2dfbf7bee6894628f419cd3d48e592e310a1bf42,cells\system_0053_ic2_time_f64le.bin,cells\system_0053_ic2_state_f64le_c_order.bin,C:\Users\joedicke\Documents\reps\EvoODE\outputs\phase_c_c6_data_conditions_5dd1df8\system_0053_ic2_sigma_0_rho_0_realization_2,float64,little_endian
53,2,3,0.0,0.0,3,multiplicative_gaussian_iid,d0ef57fd9e507f22,512,sha256_raw_little_endian_float64,time,time_by_dimension_c_order,[512],"[512,3]",0.0,10.0,0.0010672274212026314,0.9265183095499652,ffad3499269c08c6bd22e9e5c5d2ab32bbf827e2037cbdd6e73571aeab04432f,0d69ef8679622921a8e696fd2dfbf7bee6894628f419cd3d48e592e310a1bf42,cells\system_0053_ic2_time_f64le.bin,cells\system_0053_ic2_state_f64le_c_order.bin,C:\Users\joedicke\Documents\reps\EvoODE\outputs\phase_c_c6_data_conditions_5dd1df8\system_0053_ic2_sigma_0_rho_0_realization_3,float64,little_endian
53,2,3,0.0,0.5,1,multiplicative_gaussian_iid,e5ae40517517118c,256,sha256_raw_little_endian_float64,time,time_by_dimension_c_order,[256],"[256,3]",0.0,9.960861056751467,0.0010688363311298491,0.9244306106205916,7cdb67310f699a916cfd4bf067e3ea722f9568877c67dd1e74114d4455747839,fa360be4a1dcb317169419c2bd9b5483d8e6e2382adfa5f2a5d941496b1505bd,cells\system_0053_ic2_time_f64le.bin,cells\system_0053_ic2_state_f64le_c_order.bin,C:\Users\joedicke\Documents\reps\EvoODE\outputs\phase_c_c6_data_conditions_5dd1df8\system_0053_ic2_sigma_0_rho_0p5_realization_1,float64,little_endian
53,2,3,0.0,0.5,2,multiplicative_gaussian_iid,410220e26b007c78,256,sha256_raw_little_endian_float64,time,time_by_dimension_c_order,[256],"[256,3]",0.0,9.941291585127201,0.0010696438088915589,0.9233852353817286,7b7b6a9369fb2b65da7a7e7f9440308005201d2d02e7dd6dcce0119124b63135,ca4dfd6011fa7e5d46e05d88b40b6ca3e14d5b38b21066f6246d90060e8f3a36,cells\system_0053_ic2_time_f64le.bin,cells\system_0053_ic2_state_f64le_c_order.bin,C:\Users\joedicke\Documents\reps\EvoODE\outputs\phase_c_c6_data_conditions_5dd1df8\system_0053_ic2_sigma_0_rho_0p5_realization_2,float64,little_endian
53,2,3,0.0,0.5,3,multiplicative_gaussian_iid,32943fed9075ec6b,256,sha256_raw_little_endian_float64,time,time_by_dimension_c_order,[256],"[256,3]",0.05870841487279843,10.0,0.0010672274212026314,0.9265183095499652,119741e3a67bef29f9fc85f369de1c255ba1930d689a2f0cc0d77da3962f00f6,47ecaae1f4e5dc00c1d2253397b108cbb7bf05eb7683a2367919597fca9b3913,cells\system_0053_ic2_time_f64le.bin,cells\system_0053_ic2_state_f64le_c_order.bin,C:\Users\joedicke\Documents\reps\EvoODE\outputs\phase_c_c6_data_conditions_5dd1df8\system_0053_ic2_sigma_0_rho_0p5_realization_3,float64,little_endian
53,2,3,0.01,0.0,1,multiplicative_gaussian_iid,1696ce8b0e80990d,512,sha256_raw_little_endian_float64,time,time_by_dimension_c_order,[512],"[512,3]",0.0,10.0,0.0010555026875736858,0.9499958378500821,ffad3499269c08c6bd22e9e5c5d2ab32bbf827e2037cbdd6e73571aeab04432f,fe26428f0db14fba2179884d1f7531a45e1407b01761b4d98ae6bda080d6f04c,cells\system_0053_ic2_time_f64le.bin,cells\system_0053_ic2_state_f64le_c_order.bin,C:\Users\joedicke\Documents\reps\EvoODE\outputs\phase_c_c6_data_conditions_5dd1df8\system_0053_ic2_sigma_0p01_rho_0_realization_1,float64,little_endian
53,2,3,0.01,0.0,2,multiplicative_gaussian_iid,715557b4e934a00a,512,sha256_raw_little_endian_float64,time,time_by_dimension_c_order,[512],"[512,3]",0.0,10.0,0.0010510030183574432,0.9428081894278237,ffad3499269c08c6bd22e9e5c5d2ab32bbf827e2037cbdd6e73571aeab04432f,cf2b813bcd2fb861fd6ccab79026776e917f03baf9dc8667aaa67e3e29f694d2,cells\system_0053_ic2_time_f64le.bin,cells\system_0053_ic2_state_f64le_c_order.bin,C:\Users\joedicke\Documents\reps\EvoODE\outputs\phase_c_c6_data_conditions_5dd1df8\system_0053_ic2_sigma_0p01_rho_0_realization_2,float64,little_endian
53,2,3,0.01,0.0,3,multiplicative_gaussian_iid,bcb458bd643fcc5e,512,sha256_raw_little_endian_float64,time,time_by_dimension_c_order,[512],"[512,3]",0.0,10.0,0.0010529061711390868,0.9451105758127377,ffad3499269c08c6bd22e9e5c5d2ab32bbf827e2037cbdd6e73571aeab04432f,ee3d4f6ee9a73be4e9c910ab294fd6a534481eb128aabf08766d6a1c5aa7290f,cells\system_0053_ic2_time_f64le.bin,cells\system_0053_ic2_state_f64le_c_order.bin,C:\Users\joedicke\Documents\reps\EvoODE\outputs\phase_c_c6_data_conditions_5dd1df8\system_0053_ic2_sigma_0p01_rho_0_realization_3,float64,little_endian
53,2,3,0.01,0.5,1,multiplicative_gaussian_iid,228ccdf853b4603f,256,sha256_raw_little_endian_float64,time,time_by_dimension_c_order,[256],"[256,3]",0.0,10.0,0.0010547989496581182,0.929345342676484,69bd73c1c91482a27bc3a3b1c5c71ba11a97aa7c8dfa22a4973ae37421777bfb,87b55cae884897b4e2fadc7e76b33a08cb64ed98b7345a27042577db479e9874,cells\system_0053_ic2_time_f64le.bin,cells\system_0053_ic2_state_f64le_c_order.bin,C:\Users\joedicke\Documents\reps\EvoODE\outputs\phase_c_c6_data_conditions_5dd1df8\system_0053_ic2_sigma_0p01_rho_0p5_realization_1,float64,little_endian
53,2,3,0.01,0.5,2,multiplicative_gaussian_iid,91c37238ed72132a,256,sha256_raw_little_endian_float64,time,time_by_dimension_c_order,[256],"[256,3]",0.019569471624266144,9.980430528375733,0.0010563844325229507,0.9286652969004144,49ca8c01af351c2e685bd26c3151d9e773687684ae5622963bb68c746adff7ce,3008570be33c57a7bf2c9c3dca02b6ec7ebc48cbd10a5b4f28dc4fb4f2433e03,cells\system_0053_ic2_time_f64le.bin,cells\system_0053_ic2_state_f64le_c_order.bin,C:\Users\joedicke\Documents\reps\EvoODE\outputs\phase_c_c6_data_conditions_5dd1df8\system_0053_ic2_sigma_0p01_rho_0p5_realization_2,float64,little_endian
53,2,3,0.01,0.5,3,multiplicative_gaussian_iid,f288b68ee10122ab,256,sha256_raw_little_endian_float64,time,time_by_dimension_c_order,[256],"[256,3]",0.0,10.0,0.001061733052525447,0.9289819130398344,bb85098dc78acaeeccfdab1a669c2b22371117dc695302e064fdefd249a00afb,c1bf73f2f7a4ac8c7fc20a65b56fa99649e8d7c819516562459939134a8585a9,cells\system_0053_ic2_time_f64le.bin,cells\system_0053_ic2_state_f64le_c_order.bin,C:\Users\joedicke\Documents\reps\EvoODE\outputs\phase_c_c6_data_conditions_5dd1df8\system_0053_ic2_sigma_0p01_rho_0p5_realization_3,float64,little_endian
53,2,3,0.02,0.0,1,multiplicative_gaussian_iid,672a11e7b6fa736d,512,sha256_raw_little_endian_float64,time,time_by_dimension_c_order,[512],"[512,3]",0.0,10.0,0.0010170791299098693,0.971074502477718,ffad3499269c08c6bd22e9e5c5d2ab32bbf827e2037cbdd6e73571aeab04432f,9e72f7c902b1c5c1d972908296607a9ab08732744b8d02736cfe13f1b56ddbe2,cells\system_0053_ic2_time_f64le.bin,cells\system_0053_ic2_state_f64le_c_order.bin,C:\Users\joedicke\Documents\reps\EvoODE\outputs\phase_c_c6_data_conditions_5dd1df8\system_0053_ic2_sigma_0p02_rho_0_realization_1,float64,little_endian
53,2,3,0.02,0.0,2,multiplicative_gaussian_iid,325115d8689b3624,512,sha256_raw_little_endian_float64,time,time_by_dimension_c_order,[512],"[512,3]",0.0,10.0,0.001030817925524585,0.9599007617252558,ffad3499269c08c6bd22e9e5c5d2ab32bbf827e2037cbdd6e73571aeab04432f,bb49862c09c6a87e8f2e4eb5494973206cbb29d030f6e0d5dc830683ab49257e,cells\system_0053_ic2_time_f64le.bin,cells\system_0053_ic2_state_f64le_c_order.bin,C:\Users\joedicke\Documents\reps\EvoODE\outputs\phase_c_c6_data_conditions_5dd1df8\system_0053_ic2_sigma_0p02_rho_0_realization_2,float64,little_endian
53,2,3,0.02,0.0,3,multiplicative_gaussian_iid,f381e98903da9113,512,sha256_raw_little_endian_float64,time,time_by_dimension_c_order,[512],"[512,3]",0.0,10.0,0.0010356402925962773,0.9548839028675886,ffad3499269c08c6bd22e9e5c5d2ab32bbf827e2037cbdd6e73571aeab04432f,4f16433cc7d79f80802984fa0b69dce83981b383050a2db9a9a70180c2364b54,cells\system_0053_ic2_time_f64le.bin,cells\system_0053_ic2_state_f64le_c_order.bin,C:\Users\joedicke\Documents\reps\EvoODE\outputs\phase_c_c6_data_conditions_5dd1df8\system_0053_ic2_sigma_0p02_rho_0_realization_3,float64,little_endian
53,2,3,0.02,0.5,1,multiplicative_gaussian_iid,7c6160caa1ea477b,256,sha256_raw_little_endian_float64,time,time_by_dimension_c_order,[256],"[256,3]",0.0,9.941291585127201,0.0010296343530442472,0.945353362256082,0019ba8ed2c9e3179387bdeeb9577781724b9393201becf5c11bc850d464500e,bcfdc9539ec0c0e23644c53b7681c2a51a03f8efdb0d1917b3b23c3dadd0f24c,cells\system_0053_ic2_time_f64le.bin,cells\system_0053_ic2_state_f64le_c_order.bin,C:\Users\joedicke\Documents\reps\EvoODE\outputs\phase_c_c6_data_conditions_5dd1df8\system_0053_ic2_sigma_0p02_rho_0p5_realization_1,float64,little_endian
53,2,3,0.02,0.5,2,multiplicative_gaussian_iid,bcd25d66948ee0ae,256,sha256_raw_little_endian_float64,time,time_by_dimension_c_order,[256],"[256,3]",0.0,10.0,0.0010536299235486607,0.9405990206912044,31bf055d1511f346ca766f62e19209e34636c8fabcb02a11a0d6603b050f5788,4599eed199bebfeca62db9857e5f945586dad288b02d05f4f83b133e04dd021f,cells\system_0053_ic2_time_f64le.bin,cells\system_0053_ic2_state_f64le_c_order.bin,C:\Users\joedicke\Documents\reps\EvoODE\outputs\phase_c_c6_data_conditions_5dd1df8\system_0053_ic2_sigma_0p02_rho_0p5_realization_2,float64,little_endian
53,2,3,0.02,0.5,3,multiplicative_gaussian_iid,e0af3b0de5724047,256,sha256_raw_little_endian_float64,time,time_by_dimension_c_order,[256],"[256,3]",0.05870841487279843,10.0,0.0010620837946728645,0.9372992880172574,730cc48547f62153080cf1e9baf569593480b434086feed928e891373ef56840,8d91b9cdcd6576332ac7b1ce08d7130600c85303c79fddff2d1efb4647d59d16,cells\system_0053_ic2_time_f64le.bin,cells\system_0053_ic2_state_f64le_c_order.bin,C:\Users\joedicke\Documents\reps\EvoODE\outputs\phase_c_c6_data_conditions_5dd1df8\system_0053_ic2_sigma_0p02_rho_0p5_realization_3,float64,little_endian
53,2,3,0.03,0.0,1,multiplicative_gaussian_iid,9ab73e4eac8e3294,512,sha256_raw_little_endian_float64,time,time_by_dimension_c_order,[512],"[512,3]",0.0,10.0,0.001030052062798935,0.9570430837425036,ffad3499269c08c6bd22e9e5c5d2ab32bbf827e2037cbdd6e73571aeab04432f,bc279a4c8f3795ac9b5924e8e44958dc0b70c86a8b22f60b9f3fc76020040897,cells\system_0053_ic2_time_f64le.bin,cells\system_0053_ic2_state_f64le_c_order.bin,C:\Users\joedicke\Documents\reps\EvoODE\outputs\phase_c_c6_data_conditions_5dd1df8\system_0053_ic2_sigma_0p029999999999999999_rho_0_realization_1,float64,little_endian
53,2,3,0.03,0.0,2,multiplicative_gaussian_iid,82c3da1e7e62eee3,512,sha256_raw_little_endian_float64,time,time_by_dimension_c_order,[512],"[512,3]",0.0,10.0,0.0010149582145629785,0.9756242708575446,ffad3499269c08c6bd22e9e5c5d2ab32bbf827e2037cbdd6e73571aeab04432f,ea7d37f7e10940314c8630f2c4783b72f78fc231e93f93d5c7e00ee6a46a2317,cells\system_0053_ic2_time_f64le.bin,cells\system_0053_ic2_state_f64le_c_order.bin,C:\Users\joedicke\Documents\reps\EvoODE\outputs\phase_c_c6_data_conditions_5dd1df8\system_0053_ic2_sigma_0p029999999999999999_rho_0_realization_2,float64,little_endian
53,2,3,0.03,0.0,3,multiplicative_gaussian_iid,14ad814a69ec28ff,512,sha256_raw_little_endian_float64,time,time_by_dimension_c_order,[512],"[512,3]",0.0,10.0,0.000986033045094184,0.9570796840131013,ffad3499269c08c6bd22e9e5c5d2ab32bbf827e2037cbdd6e73571aeab04432f,118e60dcb2e5e84e6c2e0b54eec7756c0419e16487b6419d285a3d35026297a1,cells\system_0053_ic2_time_f64le.bin,cells\system_0053_ic2_state_f64le_c_order.bin,C:\Users\joedicke\Documents\reps\EvoODE\outputs\phase_c_c6_data_conditions_5dd1df8\system_0053_ic2_sigma_0p029999999999999999_rho_0_realization_3,float64,little_endian
53,2,3,0.03,0.5,1,multiplicative_gaussian_iid,8de245124bfb451c,256,sha256_raw_little_endian_float64,time,time_by_dimension_c_order,[256],"[256,3]",0.019569471624266144,9.960861056751467,0.001014004475085895,0.954352336978416,115ccbee5a0f0d6f581e34d8b9a3285b38ab619f872339c3c5e46422ff005909,5e79e7dbe35b101c46536bb67cd6605737e8ed4b8f56afbcfbf3d2904b71be31,cells\system_0053_ic2_time_f64le.bin,cells\system_0053_ic2_state_f64le_c_order.bin,C:\Users\joedicke\Documents\reps\EvoODE\outputs\phase_c_c6_data_conditions_5dd1df8\system_0053_ic2_sigma_0p029999999999999999_rho_0p5_realization_1,float64,little_endian
53,2,3,0.03,0.5,2,multiplicative_gaussian_iid,a318ab0636b2776b,256,sha256_raw_little_endian_float64,time,time_by_dimension_c_order,[256],"[256,3]",0.0,9.980430528375733,0.0010331607998860521,0.9733878647130411,6a9dc8825d6ee65c24819aaa3e8eb7efaa543a3ffb0438c40323fe8d80e26e7f,9195cc340637c19ac0674d937bbc33a109a703a86f7f05936973da24049a8147,cells\system_0053_ic2_time_f64le.bin,cells\system_0053_ic2_state_f64le_c_order.bin,C:\Users\joedicke\Documents\reps\EvoODE\outputs\phase_c_c6_data_conditions_5dd1df8\system_0053_ic2_sigma_0p029999999999999999_rho_0p5_realization_2,float64,little_endian
53,2,3,0.03,0.5,3,multiplicative_gaussian_iid,069741ac89cccc44,256,sha256_raw_little_endian_float64,time,time_by_dimension_c_order,[256],"[256,3]",0.0,9.980430528375733,0.0010029624748134085,0.9699037084074826,a75f98d4f950b99c02236551e9150d085f0fc192d6315c313b3d26f123f8d57e,e32fde77c23c0e0288b1fbe033394f2bb1f76ee4a897b5716ae52d333e1c5db0,cells\system_0053_ic2_time_f64le.bin,cells\system_0053_ic2_state_f64le_c_order.bin,C:\Users\joedicke\Documents\reps\EvoODE\outputs\phase_c_c6_data_conditions_5dd1df8\system_0053_ic2_sigma_0p029999999999999999_rho_0p5_realization_3,float64,little_endian
53,2,3,0.04,0.0,1,multiplicative_gaussian_iid,44801945584039fb,512,sha256_raw_little_endian_float64,time,time_by_dimension_c_order,[512],"[512,3]",0.0,10.0,0.0009405475276103677,0.9941871447178695,ffad3499269c08c6bd22e9e5c5d2ab32bbf827e2037cbdd6e73571aeab04432f,2264cb7a2737b7e0c6ae800ea17259836fee4e55bb5b4a1aa26f233031ce3b7a,cells\system_0053_ic2_time_f64le.bin,cells\system_0053_ic2_state_f64le_c_order.bin,C:\Users\joedicke\Documents\reps\EvoODE\outputs\phase_c_c6_data_conditions_5dd1df8\system_0053_ic2_sigma_0p040000000000000001_rho_0_realization_1,float64,little_endian
53,2,3,0.04,0.0,2,multiplicative_gaussian_iid,8822fb29eb654e2c,512,sha256_raw_little_endian_float64,time,time_by_dimension_c_order,[512],"[512,3]",0.0,10.0,0.0009847958474809295,0.9642683814484534,ffad3499269c08c6bd22e9e5c5d2ab32bbf827e2037cbdd6e73571aeab04432f,796bf671c88424ae1739213a7177f596da2e44182fcd382901222c4ca0c11959,cells\system_0053_ic2_time_f64le.bin,cells\system_0053_ic2_state_f64le_c_order.bin,C:\Users\joedicke\Documents\reps\EvoODE\outputs\phase_c_c6_data_conditions_5dd1df8\system_0053_ic2_sigma_0p040000000000000001_rho_0_realization_2,float64,little_endian
53,2,3,0.04,0.0,3,multiplicative_gaussian_iid,c894b9d947f7dad9,512,sha256_raw_little_endian_float64,time,time_by_dimension_c_order,[512],"[512,3]",0.0,10.0,0.0009795895788696036,0.9881192724130827,ffad3499269c08c6bd22e9e5c5d2ab32bbf827e2037cbdd6e73571aeab04432f,a75f5cfb9bfd148272d6415a00f111e07998c46748afd3ea37404677a7c5b033,cells\system_0053_ic2_time_f64le.bin,cells\system_0053_ic2_state_f64le_c_order.bin,C:\Users\joedicke\Documents\reps\EvoODE\outputs\phase_c_c6_data_conditions_5dd1df8\system_0053_ic2_sigma_0p040000000000000001_rho_0_realization_3,float64,little_endian
53,2,3,0.04,0.5,1,multiplicative_gaussian_iid,9b8b6df42eee8e32,256,sha256_raw_little_endian_float64,time,time_by_dimension_c_order,[256],"[256,3]",0.0,9.980430528375733,0.0009970274590454804,0.9916279889434984,0068cc2d2b234a4e628391beb74443c28d698c9cd3c0efa4bb874deba1557117,d081f273b096f7a0d21f103cbb1d98353966ed84f98f1a95fdb6d7533d3ba374,cells\system_0053_ic2_time_f64le.bin,cells\system_0053_ic2_state_f64le_c_order.bin,C:\Users\joedicke\Documents\reps\EvoODE\outputs\phase_c_c6_data_conditions_5dd1df8\system_0053_ic2_sigma_0p040000000000000001_rho_0p5_realization_1,float64,little_endian
53,2,3,0.04,0.5,2,multiplicative_gaussian_iid,782ee43c52f10048,256,sha256_raw_little_endian_float64,time,time_by_dimension_c_order,[256],"[256,3]",0.05870841487279843,10.0,0.0009931816763406752,0.9979661896532335,7b6e8affc0c6478dbe6748eaf1d2c3e2d78b5aa98d5ef646e0aac48f7607c934,f81b52c4acb8a33d59cba09e7a0019e2d9c947125cc853e30c4d714e17d26c27,cells\system_0053_ic2_time_f64le.bin,cells\system_0053_ic2_state_f64le_c_order.bin,C:\Users\joedicke\Documents\reps\EvoODE\outputs\phase_c_c6_data_conditions_5dd1df8\system_0053_ic2_sigma_0p040000000000000001_rho_0p5_realization_2,float64,little_endian
53,2,3,0.04,0.5,3,multiplicative_gaussian_iid,ed5295c60e5e2276,256,sha256_raw_little_endian_float64,time,time_by_dimension_c_order,[256],"[256,3]",0.0,10.0,0.0010013341619710314,0.9843353548535092,25b49d27754dd4657f071ffe72abffd634b9c73db1faea7edba0ce2c8b1fd680,a8b9c00392c025175b85c7d7e5b27617e92b51f6e539cac52865c01de1718b75,cells\system_0053_ic2_time_f64le.bin,cells\system_0053_ic2_state_f64le_c_order.bin,C:\Users\joedicke\Documents\reps\EvoODE\outputs\phase_c_c6_data_conditions_5dd1df8\system_0053_ic2_sigma_0p040000000000000001_rho_0p5_realization_3,float64,little_endian
53,2,3,0.05,0.0,1,multiplicative_gaussian_iid,0c0ad42629f69010,512,sha256_raw_little_endian_float64,time,time_by_dimension_c_order,[512],"[512,3]",0.0,10.0,0.0009361706095682668,1.0336116813422374,ffad3499269c08c6bd22e9e5c5d2ab32bbf827e2037cbdd6e73571aeab04432f,97b23a25fb45bc1537fda9880259d18e2610a97790cff3a9aac65a67b825da26,cells\system_0053_ic2_time_f64le.bin,cells\system_0053_ic2_state_f64le_c_order.bin,C:\Users\joedicke\Documents\reps\EvoODE\outputs\phase_c_c6_data_conditions_5dd1df8\system_0053_ic2_sigma_0p050000000000000003_rho_0_realization_1,float64,little_endian
53,2,3,0.05,0.0,2,multiplicative_gaussian_iid,d4fd33de90c64fdb,512,sha256_raw_little_endian_float64,time,time_by_dimension_c_order,[512],"[512,3]",0.0,10.0,0.0009676576520550372,1.0020139136301225,ffad3499269c08c6bd22e9e5c5d2ab32bbf827e2037cbdd6e73571aeab04432f,bf3058e28442a36c39a3fe52a711951f0d0c3bef6a8dd55b9b1f87ac87d87972,cells\system_0053_ic2_time_f64le.bin,cells\system_0053_ic2_state_f64le_c_order.bin,C:\Users\joedicke\Documents\reps\EvoODE\outputs\phase_c_c6_data_conditions_5dd1df8\system_0053_ic2_sigma_0p050000000000000003_rho_0_realization_2,float64,little_endian
53,2,3,0.05,0.0,3,multiplicative_gaussian_iid,474964b5d4eb36b7,512,sha256_raw_little_endian_float64,time,time_by_dimension_c_order,[512],"[512,3]",0.0,10.0,0.0009492244834050339,0.9863714138884819,ffad3499269c08c6bd22e9e5c5d2ab32bbf827e2037cbdd6e73571aeab04432f,a4d1a9a708b6798916d0927355177e52d9fd564d0345405994c5f3ca9274abb2,cells\system_0053_ic2_time_f64le.bin,cells\system_0053_ic2_state_f64le_c_order.bin,C:\Users\joedicke\Documents\reps\EvoODE\outputs\phase_c_c6_data_conditions_5dd1df8\system_0053_ic2_sigma_0p050000000000000003_rho_0_realization_3,float64,little_endian
53,2,3,0.05,0.5,1,multiplicative_gaussian_iid,2c2c9d97aa17bd60,256,sha256_raw_little_endian_float64,time,time_by_dimension_c_order,[256],"[256,3]",0.05870841487279843,10.0,0.0009729873255676946,0.9636744090974716,257015742b073d4d519b082ef02541836a0480fea3aaa3027553611fc19ff181,a9fdf970f302ea5d254d68d606fd06843ee242db0a97f7ea74575a8770750096,cells\system_0053_ic2_time_f64le.bin,cells\system_0053_ic2_state_f64le_c_order.bin,C:\Users\joedicke\Documents\reps\EvoODE\outputs\phase_c_c6_data_conditions_5dd1df8\system_0053_ic2_sigma_0p050000000000000003_rho_0p5_realization_1,float64,little_endian
53,2,3,0.05,0.5,2,multiplicative_gaussian_iid,0e7c4be2f70297ab,256,sha256_raw_little_endian_float64,time,time_by_dimension_c_order,[256],"[256,3]",0.0,9.980430528375733,0.0009088108252444286,0.9495399619899508,407ffa7013a1ddae7f37c40cabcf250786f8309cea03725dd0fff5af98eca1a8,479f53ee0dd0db5756c79941df041c20f1de9e1d0a43a8130bef32314de080ec,cells\system_0053_ic2_time_f64le.bin,cells\system_0053_ic2_state_f64le_c_order.bin,C:\Users\joedicke\Documents\reps\EvoODE\outputs\phase_c_c6_data_conditions_5dd1df8\system_0053_ic2_sigma_0p050000000000000003_rho_0p5_realization_2,float64,little_endian
53,2,3,0.05,0.5,3,multiplicative_gaussian_iid,eb4c796cf661b732,256,sha256_raw_little_endian_float64,time,time_by_dimension_c_order,[256],"[256,3]",0.0,9.921722113502934,0.0009745475010329208,0.9629968844880299,0e94f54146296e6b18cec7a8a8358ad8a12ead74a98b323d0ed3a2f53454daee,7704b2ec959f328b6649f27c1f2e71adff1a89b232b5924514e6e374005d7b3b,cells\system_0053_ic2_time_f64le.bin,cells\system_0053_ic2_state_f64le_c_order.bin,C:\Users\joedicke\Documents\reps\EvoODE\outputs\phase_c_c6_data_conditions_5dd1df8\system_0053_ic2_sigma_0p050000000000000003_rho_0p5_realization_3,float64,little_endian
63,1,4,0.0,0.0,1,multiplicative_gaussian_iid,799711a15b6d0740,512,sha256_raw_little_endian_float64,time,time_by_dimension_c_order,[512],"[512,4]",0.0,10.0,0.01,0.6,ffad3499269c08c6bd22e9e5c5d2ab32bbf827e2037cbdd6e73571aeab04432f,c260eda10dd542ff304045970c8ba0a7865eb34eff31db77f5bdd9f18efa3c32,cells\system_0063_ic1_time_f64le.bin,cells\system_0063_ic1_state_f64le_c_order.bin,C:\Users\joedicke\Documents\reps\EvoODE\outputs\phase_c_c6_data_conditions_5dd1df8\system_0063_ic1_sigma_0_rho_0_realization_1,float64,little_endian
63,1,4,0.0,0.0,2,multiplicative_gaussian_iid,b5afe8a7651c851f,512,sha256_raw_little_endian_float64,time,time_by_dimension_c_order,[512],"[512,4]",0.0,10.0,0.01,0.6,ffad3499269c08c6bd22e9e5c5d2ab32bbf827e2037cbdd6e73571aeab04432f,c260eda10dd542ff304045970c8ba0a7865eb34eff31db77f5bdd9f18efa3c32,cells\system_0063_ic1_time_f64le.bin,cells\system_0063_ic1_state_f64le_c_order.bin,C:\Users\joedicke\Documents\reps\EvoODE\outputs\phase_c_c6_data_conditions_5dd1df8\system_0063_ic1_sigma_0_rho_0_realization_2,float64,little_endian
63,1,4,0.0,0.0,3,multiplicative_gaussian_iid,d0ef57fd9e507f22,512,sha256_raw_little_endian_float64,time,time_by_dimension_c_order,[512],"[512,4]",0.0,10.0,0.01,0.6,ffad3499269c08c6bd22e9e5c5d2ab32bbf827e2037cbdd6e73571aeab04432f,c260eda10dd542ff304045970c8ba0a7865eb34eff31db77f5bdd9f18efa3c32,cells\system_0063_ic1_time_f64le.bin,cells\system_0063_ic1_state_f64le_c_order.bin,C:\Users\joedicke\Documents\reps\EvoODE\outputs\phase_c_c6_data_conditions_5dd1df8\system_0063_ic1_sigma_0_rho_0_realization_3,float64,little_endian
63,1,4,0.0,0.5,1,multiplicative_gaussian_iid,e5ae40517517118c,256,sha256_raw_little_endian_float64,time,time_by_dimension_c_order,[256],"[256,4]",0.05870841487279843,10.0,0.011643130314252155,0.5990805522313557,c2e3543269647e633932a8708d8d1a2dbf53d9cc7af4ac09a22b700bd8718495,4f351e5d77301902850f3cc6d3bd2c86fa26c239b59b27abc3923ec790a6f01a,cells\system_0063_ic1_time_f64le.bin,cells\system_0063_ic1_state_f64le_c_order.bin,C:\Users\joedicke\Documents\reps\EvoODE\outputs\phase_c_c6_data_conditions_5dd1df8\system_0063_ic1_sigma_0_rho_0p5_realization_1,float64,little_endian
63,1,4,0.0,0.5,2,multiplicative_gaussian_iid,410220e26b007c78,256,sha256_raw_little_endian_float64,time,time_by_dimension_c_order,[256],"[256,4]",0.0,9.980430528375733,0.01,0.6,f1f09bdbdc69f1a651acbeeeb239a0d7d29f70ab67bc4ded5bb693a5548b409c,43ff7c53f2cf0509a1dd6ccb559e4566b2535ef2d1a6b447d5bc36862e63ed74,cells\system_0063_ic1_time_f64le.bin,cells\system_0063_ic1_state_f64le_c_order.bin,C:\Users\joedicke\Documents\reps\EvoODE\outputs\phase_c_c6_data_conditions_5dd1df8\system_0063_ic1_sigma_0_rho_0p5_realization_2,float64,little_endian
63,1,4,0.0,0.5,3,multiplicative_gaussian_iid,32943fed9075ec6b,256,sha256_raw_little_endian_float64,time,time_by_dimension_c_order,[256],"[256,4]",0.019569471624266144,10.0,0.010534889554894273,0.5997005366060625,7a848680b5738350ab6e65d80c0b265aaecdd6299e899af153e7ce247ac057f4,c241241d62875b478174e50d0432936fdcfa82a23ea5b6b50e03a05b79e3c587,cells\system_0063_ic1_time_f64le.bin,cells\system_0063_ic1_state_f64le_c_order.bin,C:\Users\joedicke\Documents\reps\EvoODE\outputs\phase_c_c6_data_conditions_5dd1df8\system_0063_ic1_sigma_0_rho_0p5_realization_3,float64,little_endian
63,1,4,0.01,0.0,1,multiplicative_gaussian_iid,1696ce8b0e80990d,512,sha256_raw_little_endian_float64,time,time_by_dimension_c_order,[512],"[512,4]",0.0,10.0,0.01002459772289036,0.6119292662492585,ffad3499269c08c6bd22e9e5c5d2ab32bbf827e2037cbdd6e73571aeab04432f,6de5aedb41ef8d0dd73481eba3ce12bc442c3ebb8df535cf75fc5eefd4515111,cells\system_0063_ic1_time_f64le.bin,cells\system_0063_ic1_state_f64le_c_order.bin,C:\Users\joedicke\Documents\reps\EvoODE\outputs\phase_c_c6_data_conditions_5dd1df8\system_0063_ic1_sigma_0p01_rho_0_realization_1,float64,little_endian
63,1,4,0.01,0.0,2,multiplicative_gaussian_iid,715557b4e934a00a,512,sha256_raw_little_endian_float64,time,time_by_dimension_c_order,[512],"[512,4]",0.0,10.0,0.009920280314459011,0.6093743599939792,ffad3499269c08c6bd22e9e5c5d2ab32bbf827e2037cbdd6e73571aeab04432f,a4439cc03da823774fde2e908e2e0b239c5a95a2b1af4c04f97e6591e732e08c,cells\system_0063_ic1_time_f64le.bin,cells\system_0063_ic1_state_f64le_c_order.bin,C:\Users\joedicke\Documents\reps\EvoODE\outputs\phase_c_c6_data_conditions_5dd1df8\system_0063_ic1_sigma_0p01_rho_0_realization_2,float64,little_endian
63,1,4,0.01,0.0,3,multiplicative_gaussian_iid,bcb458bd643fcc5e,512,sha256_raw_little_endian_float64,time,time_by_dimension_c_order,[512],"[512,4]",0.0,10.0,0.010036422285732066,0.6102418300079593,ffad3499269c08c6bd22e9e5c5d2ab32bbf827e2037cbdd6e73571aeab04432f,8ec6d4160dd0c3bb21115e1626deb8adfc72b8f3b2d286ded3dd03d98166f224,cells\system_0063_ic1_time_f64le.bin,cells\system_0063_ic1_state_f64le_c_order.bin,C:\Users\joedicke\Documents\reps\EvoODE\outputs\phase_c_c6_data_conditions_5dd1df8\system_0063_ic1_sigma_0p01_rho_0_realization_3,float64,little_endian
63,1,4,0.01,0.5,1,multiplicative_gaussian_iid,228ccdf853b4603f,256,sha256_raw_little_endian_float64,time,time_by_dimension_c_order,[256],"[256,4]",0.0,9.980430528375733,0.009872557028727746,0.60152904676006,fa487b47f0e20864b6c2aa41229df5a812ae1d385e37414be9a3344c8d911c8a,7aa73227a44036c809adb1cd04570ea9367f333fb06f71a5d166fd9fb894fd8c,cells\system_0063_ic1_time_f64le.bin,cells\system_0063_ic1_state_f64le_c_order.bin,C:\Users\joedicke\Documents\reps\EvoODE\outputs\phase_c_c6_data_conditions_5dd1df8\system_0063_ic1_sigma_0p01_rho_0p5_realization_1,float64,little_endian
63,1,4,0.01,0.5,2,multiplicative_gaussian_iid,91c37238ed72132a,256,sha256_raw_little_endian_float64,time,time_by_dimension_c_order,[256],"[256,4]",0.019569471624266144,10.0,0.010500914638634073,0.6033673344772493,4d5b9c015bcdd5e6dfe0ec41a133e72c11d6fa3ef35fe715430f2ed2d7ff1139,cc5a8bcbbe14cdf56687a3360cd0acfba44e7fd339fd073de00283fcb26681d5,cells\system_0063_ic1_time_f64le.bin,cells\system_0063_ic1_state_f64le_c_order.bin,C:\Users\joedicke\Documents\reps\EvoODE\outputs\phase_c_c6_data_conditions_5dd1df8\system_0063_ic1_sigma_0p01_rho_0p5_realization_2,float64,little_endian
63,1,4,0.01,0.5,3,multiplicative_gaussian_iid,f288b68ee10122ab,256,sha256_raw_little_endian_float64,time,time_by_dimension_c_order,[256],"[256,4]",0.05870841487279843,10.0,0.011808886713108601,0.6100630274999732,980ab6d901300e3f42fb30cac75b128cbc6a932f2e1cfaa682b5dfe3037bd636,5dd6f8300c48b807b9154bdd3bb2ef352b165d6fa21bb20a224b2cd779f09fe1,cells\system_0063_ic1_time_f64le.bin,cells\system_0063_ic1_state_f64le_c_order.bin,C:\Users\joedicke\Documents\reps\EvoODE\outputs\phase_c_c6_data_conditions_5dd1df8\system_0063_ic1_sigma_0p01_rho_0p5_realization_3,float64,little_endian
63,1,4,0.02,0.0,1,multiplicative_gaussian_iid,672a11e7b6fa736d,512,sha256_raw_little_endian_float64,time,time_by_dimension_c_order,[512],"[512,4]",0.0,10.0,0.010198280305977024,0.6164587475884068,ffad3499269c08c6bd22e9e5c5d2ab32bbf827e2037cbdd6e73571aeab04432f,b96065fdd2a23a462ef6ea2b398a65eeacd74384f81a08f337e4d2cf9849b828,cells\system_0063_ic1_time_f64le.bin,cells\system_0063_ic1_state_f64le_c_order.bin,C:\Users\joedicke\Documents\reps\EvoODE\outputs\phase_c_c6_data_conditions_5dd1df8\system_0063_ic1_sigma_0p02_rho_0_realization_1,float64,little_endian
63,1,4,0.02,0.0,2,multiplicative_gaussian_iid,325115d8689b3624,512,sha256_raw_little_endian_float64,time,time_by_dimension_c_order,[512],"[512,4]",0.0,10.0,0.010114667444913416,0.6310661818074427,ffad3499269c08c6bd22e9e5c5d2ab32bbf827e2037cbdd6e73571aeab04432f,21c1dbdd6e57ca88b801be04ce2daa05d461a09d652309796ab45c1d39439baf,cells\system_0063_ic1_time_f64le.bin,cells\system_0063_ic1_state_f64le_c_order.bin,C:\Users\joedicke\Documents\reps\EvoODE\outputs\phase_c_c6_data_conditions_5dd1df8\system_0063_ic1_sigma_0p02_rho_0_realization_2,float64,little_endian
63,1,4,0.02,0.0,3,multiplicative_gaussian_iid,f381e98903da9113,512,sha256_raw_little_endian_float64,time,time_by_dimension_c_order,[512],"[512,4]",0.0,10.0,0.009949140218853346,0.6260772425511758,ffad3499269c08c6bd22e9e5c5d2ab32bbf827e2037cbdd6e73571aeab04432f,0b75df5b789a56f49bf4224d693ed40c4fdb50f8f257a099c10072e29b8396e9,cells\system_0063_ic1_time_f64le.bin,cells\system_0063_ic1_state_f64le_c_order.bin,C:\Users\joedicke\Documents\reps\EvoODE\outputs\phase_c_c6_data_conditions_5dd1df8\system_0063_ic1_sigma_0p02_rho_0_realization_3,float64,little_endian
63,1,4,0.02,0.5,1,multiplicative_gaussian_iid,7c6160caa1ea477b,256,sha256_raw_little_endian_float64,time,time_by_dimension_c_order,[256],"[256,4]",0.019569471624266144,9.980430528375733,0.010520284700686711,0.6195545877164225,7fcdc969dc1bb4369f678aee1c98a32ee54ab69cf1779e6818897e3dfd30a035,58af966cf9af6e8293e8de563863056460747738f38165010ba503980af92013,cells\system_0063_ic1_time_f64le.bin,cells\system_0063_ic1_state_f64le_c_order.bin,C:\Users\joedicke\Documents\reps\EvoODE\outputs\phase_c_c6_data_conditions_5dd1df8\system_0063_ic1_sigma_0p02_rho_0p5_realization_1,float64,little_endian
63,1,4,0.02,0.5,2,multiplicative_gaussian_iid,bcd25d66948ee0ae,256,sha256_raw_little_endian_float64,time,time_by_dimension_c_order,[256],"[256,4]",0.019569471624266144,10.0,0.010604600268244847,0.6258378594037574,7377e5222a53e46f1b45484c3d232b44f84004d360a9efdef59253d170dcfc21,3cbc6222905b085ed601d45ed80e5eff86410331afb409c2770eacae5100d49a,cells\system_0063_ic1_time_f64le.bin,cells\system_0063_ic1_state_f64le_c_order.bin,C:\Users\joedicke\Documents\reps\EvoODE\outputs\phase_c_c6_data_conditions_5dd1df8\system_0063_ic1_sigma_0p02_rho_0p5_realization_2,float64,little_endian
63,1,4,0.02,0.5,3,multiplicative_gaussian_iid,e0af3b0de5724047,256,sha256_raw_little_endian_float64,time,time_by_dimension_c_order,[256],"[256,4]",0.0,9.980430528375733,0.00989619931580666,0.6142031720126108,ce1d358d6dba01e5acee40eedb7cf422143836181247c20a28d94095a6002b88,ebce213e36dbc8b2a2173f01cf85928cabc2e38685c8207f6922ae4c4bad6074,cells\system_0063_ic1_time_f64le.bin,cells\system_0063_ic1_state_f64le_c_order.bin,C:\Users\joedicke\Documents\reps\EvoODE\outputs\phase_c_c6_data_conditions_5dd1df8\system_0063_ic1_sigma_0p02_rho_0p5_realization_3,float64,little_endian
63,1,4,0.03,0.0,1,multiplicative_gaussian_iid,9ab73e4eac8e3294,512,sha256_raw_little_endian_float64,time,time_by_dimension_c_order,[512],"[512,4]",0.0,10.0,0.009667673283821725,0.6223432504744139,ffad3499269c08c6bd22e9e5c5d2ab32bbf827e2037cbdd6e73571aeab04432f,82d4f7cac920c98876b9dc98031138316333ff68370f9efff1e102c7831d7f68,cells\system_0063_ic1_time_f64le.bin,cells\system_0063_ic1_state_f64le_c_order.bin,C:\Users\joedicke\Documents\reps\EvoODE\outputs\phase_c_c6_data_conditions_5dd1df8\system_0063_ic1_sigma_0p029999999999999999_rho_0_realization_1,float64,little_endian
63,1,4,0.03,0.0,2,multiplicative_gaussian_iid,82c3da1e7e62eee3,512,sha256_raw_little_endian_float64,time,time_by_dimension_c_order,[512],"[512,4]",0.0,10.0,0.00987026588020845,0.6261897759584958,ffad3499269c08c6bd22e9e5c5d2ab32bbf827e2037cbdd6e73571aeab04432f,66424001fffbbb4f890f02243cffcc468259d4e9f5d671a5b9074ed9c80acba0,cells\system_0063_ic1_time_f64le.bin,cells\system_0063_ic1_state_f64le_c_order.bin,C:\Users\joedicke\Documents\reps\EvoODE\outputs\phase_c_c6_data_conditions_5dd1df8\system_0063_ic1_sigma_0p029999999999999999_rho_0_realization_2,float64,little_endian
63,1,4,0.03,0.0,3,multiplicative_gaussian_iid,14ad814a69ec28ff,512,sha256_raw_little_endian_float64,time,time_by_dimension_c_order,[512],"[512,4]",0.0,10.0,0.00992128304802653,0.6298587497519811,ffad3499269c08c6bd22e9e5c5d2ab32bbf827e2037cbdd6e73571aeab04432f,eea7f6c6c48473ed7464b4f49b36330575ed2a0d2b516de004ff5a4feb633313,cells\system_0063_ic1_time_f64le.bin,cells\system_0063_ic1_state_f64le_c_order.bin,C:\Users\joedicke\Documents\reps\EvoODE\outputs\phase_c_c6_data_conditions_5dd1df8\system_0063_ic1_sigma_0p029999999999999999_rho_0_realization_3,float64,little_endian
63,1,4,0.03,0.5,1,multiplicative_gaussian_iid,8de245124bfb451c,256,sha256_raw_little_endian_float64,time,time_by_dimension_c_order,[256],"[256,4]",0.0,10.0,0.010220910320178448,0.6213563316153953,b1f05a9ec0b0644c4907e912b0c7fddae76a5d6d177461e0fd3e59dc3760c352,de1ce6f483eed27bf637bbee2905d31c9419be46ba552b14b8c647c5ed5b7879,cells\system_0063_ic1_time_f64le.bin,cells\system_0063_ic1_state_f64le_c_order.bin,C:\Users\joedicke\Documents\reps\EvoODE\outputs\phase_c_c6_data_conditions_5dd1df8\system_0063_ic1_sigma_0p029999999999999999_rho_0p5_realization_1,float64,little_endian
63,1,4,0.03,0.5,2,multiplicative_gaussian_iid,a318ab0636b2776b,256,sha256_raw_little_endian_float64,time,time_by_dimension_c_order,[256],"[256,4]",0.0,9.980430528375733,0.009708981638296393,0.633672365718914,8cf539ae46a4c2911431d510b1ac4aa1d7d85154a36b0a3b75b4d134d5266f08,257ff6bf15587c80a826d425a9e587d690cc1b85e919d155299a286474b71b8c,cells\system_0063_ic1_time_f64le.bin,cells\system_0063_ic1_state_f64le_c_order.bin,C:\Users\joedicke\Documents\reps\EvoODE\outputs\phase_c_c6_data_conditions_5dd1df8\system_0063_ic1_sigma_0p029999999999999999_rho_0p5_realization_2,float64,little_endian
63,1,4,0.03,0.5,3,multiplicative_gaussian_iid,069741ac89cccc44,256,sha256_raw_little_endian_float64,time,time_by_dimension_c_order,[256],"[256,4]",0.11741682974559686,9.960861056751467,0.013667060285221692,0.6136372785241586,cd87bda4abf7a82b6ec5cdc9ad15e9d96d7e3479ac75843a81cac8e4ef7787f8,d697b3715220be78f648c860f219d88d89b279ff4ea2798d8d19c0438d09f1aa,cells\system_0063_ic1_time_f64le.bin,cells\system_0063_ic1_state_f64le_c_order.bin,C:\Users\joedicke\Documents\reps\EvoODE\outputs\phase_c_c6_data_conditions_5dd1df8\system_0063_ic1_sigma_0p029999999999999999_rho_0p5_realization_3,float64,little_endian
63,1,4,0.04,0.0,1,multiplicative_gaussian_iid,44801945584039fb,512,sha256_raw_little_endian_float64,time,time_by_dimension_c_order,[512],"[512,4]",0.0,10.0,0.010056230190858757,0.6408232558706974,ffad3499269c08c6bd22e9e5c5d2ab32bbf827e2037cbdd6e73571aeab04432f,22f5cbd83ef3917d8b492659baebde6007492d04f653d357d4d0cde0a6bfaa59,cells\system_0063_ic1_time_f64le.bin,cells\system_0063_ic1_state_f64le_c_order.bin,C:\Users\joedicke\Documents\reps\EvoODE\outputs\phase_c_c6_data_conditions_5dd1df8\system_0063_ic1_sigma_0p040000000000000001_rho_0_realization_1,float64,little_endian
63,1,4,0.04,0.0,2,multiplicative_gaussian_iid,8822fb29eb654e2c,512,sha256_raw_little_endian_float64,time,time_by_dimension_c_order,[512],"[512,4]",0.0,10.0,0.010103154177317034,0.6416512391724182,ffad3499269c08c6bd22e9e5c5d2ab32bbf827e2037cbdd6e73571aeab04432f,50893f5ff6c1058ee52dbf8b5a306fdd98ae756ba8a79d6574df21c26841a15c,cells\system_0063_ic1_time_f64le.bin,cells\system_0063_ic1_state_f64le_c_order.bin,C:\Users\joedicke\Documents\reps\EvoODE\outputs\phase_c_c6_data_conditions_5dd1df8\system_0063_ic1_sigma_0p040000000000000001_rho_0_realization_2,float64,little_endian
63,1,4,0.04,0.0,3,multiplicative_gaussian_iid,c894b9d947f7dad9,512,sha256_raw_little_endian_float64,time,time_by_dimension_c_order,[512],"[512,4]",0.0,10.0,0.010426887359020698,0.6549371353938749,ffad3499269c08c6bd22e9e5c5d2ab32bbf827e2037cbdd6e73571aeab04432f,f4a1db31b2c09aaeea49e55378c4026b80d7992045486d1a147fa79c04bc82e8,cells\system_0063_ic1_time_f64le.bin,cells\system_0063_ic1_state_f64le_c_order.bin,C:\Users\joedicke\Documents\reps\EvoODE\outputs\phase_c_c6_data_conditions_5dd1df8\system_0063_ic1_sigma_0p040000000000000001_rho_0_realization_3,float64,little_endian
63,1,4,0.04,0.5,1,multiplicative_gaussian_iid,9b8b6df42eee8e32,256,sha256_raw_little_endian_float64,time,time_by_dimension_c_order,[256],"[256,4]",0.0,9.980430528375733,0.00962090117405331,0.6498042935633497,7e8c642f99d54437c2a96b2b05a296754ba553d94fafc255de9a1544ef4a9c55,8cb446a3813d4a34ca01bffe2c60c44ccecdbb66a99199e52fbae140584f9f89,cells\system_0063_ic1_time_f64le.bin,cells\system_0063_ic1_state_f64le_c_order.bin,C:\Users\joedicke\Documents\reps\EvoODE\outputs\phase_c_c6_data_conditions_5dd1df8\system_0063_ic1_sigma_0p040000000000000001_rho_0p5_realization_1,float64,little_endian
63,1,4,0.04,0.5,2,multiplicative_gaussian_iid,782ee43c52f10048,256,sha256_raw_little_endian_float64,time,time_by_dimension_c_order,[256],"[256,4]",0.019569471624266144,10.0,0.01031533830896122,0.6572246483581905,42ddb8f7eac486680175ff39dfc38637710fa206436d5b0c863068580ba315d8,e3455439af71120dc6b2a1072aa250b433ad23693d99e4c0f383156b22e4a0b0,cells\system_0063_ic1_time_f64le.bin,cells\system_0063_ic1_state_f64le_c_order.bin,C:\Users\joedicke\Documents\reps\EvoODE\outputs\phase_c_c6_data_conditions_5dd1df8\system_0063_ic1_sigma_0p040000000000000001_rho_0p5_realization_2,float64,little_endian
63,1,4,0.04,0.5,3,multiplicative_gaussian_iid,ed5295c60e5e2276,256,sha256_raw_little_endian_float64,time,time_by_dimension_c_order,[256],"[256,4]",0.019569471624266144,10.0,0.010703406576692928,0.6437466818615206,16e6b46a52cc16dada867b2832397bb1ea4cd3bce89063db2199cc18f5a66183,ef0470cf8f600148a2f478b3c38fed0ffc88057a52222762abe84ce0f6bab3e2,cells\system_0063_ic1_time_f64le.bin,cells\system_0063_ic1_state_f64le_c_order.bin,C:\Users\joedicke\Documents\reps\EvoODE\outputs\phase_c_c6_data_conditions_5dd1df8\system_0063_ic1_sigma_0p040000000000000001_rho_0p5_realization_3,float64,little_endian
63,1,4,0.05,0.0,1,multiplicative_gaussian_iid,0c0ad42629f69010,512,sha256_raw_little_endian_float64,time,time_by_dimension_c_order,[512],"[512,4]",0.0,10.0,0.009991851967644749,0.6556810169099716,ffad3499269c08c6bd22e9e5c5d2ab32bbf827e2037cbdd6e73571aeab04432f,43a03c546824716c7c410074833546bb8eaf4e536a173912f542c71da12a0893,cells\system_0063_ic1_time_f64le.bin,cells\system_0063_ic1_state_f64le_c_order.bin,C:\Users\joedicke\Documents\reps\EvoODE\outputs\phase_c_c6_data_conditions_5dd1df8\system_0063_ic1_sigma_0p050000000000000003_rho_0_realization_1,float64,little_endian
63,1,4,0.05,0.0,2,multiplicative_gaussian_iid,d4fd33de90c64fdb,512,sha256_raw_little_endian_float64,time,time_by_dimension_c_order,[512],"[512,4]",0.0,10.0,0.010119837611566256,0.6568169788268055,ffad3499269c08c6bd22e9e5c5d2ab32bbf827e2037cbdd6e73571aeab04432f,1b9df7fc007f73117161c462174fc3f27a42674296e62cd27b155ae2bcc89f92,cells\system_0063_ic1_time_f64le.bin,cells\system_0063_ic1_state_f64le_c_order.bin,C:\Users\joedicke\Documents\reps\EvoODE\outputs\phase_c_c6_data_conditions_5dd1df8\system_0063_ic1_sigma_0p050000000000000003_rho_0_realization_2,float64,little_endian
63,1,4,0.05,0.0,3,multiplicative_gaussian_iid,474964b5d4eb36b7,512,sha256_raw_little_endian_float64,time,time_by_dimension_c_order,[512],"[512,4]",0.0,10.0,0.010083815142818121,0.6522936855078684,ffad3499269c08c6bd22e9e5c5d2ab32bbf827e2037cbdd6e73571aeab04432f,3356643fd48ca2691133b9cf877df380fd0e39768e87e7ee4feaaadf0137e2c2,cells\system_0063_ic1_time_f64le.bin,cells\system_0063_ic1_state_f64le_c_order.bin,C:\Users\joedicke\Documents\reps\EvoODE\outputs\phase_c_c6_data_conditions_5dd1df8\system_0063_ic1_sigma_0p050000000000000003_rho_0_realization_3,float64,little_endian
63,1,4,0.05,0.5,1,multiplicative_gaussian_iid,2c2c9d97aa17bd60,256,sha256_raw_little_endian_float64,time,time_by_dimension_c_order,[256],"[256,4]",0.019569471624266144,10.0,0.011158855831300357,0.6344321828262731,884d9ab0d9a1038b5457faa1efd2acccde477913cb221414bd78ee39c5da8418,df4663282189303ecbecf0295b0e459fce8d5ec0b8aabbedb83359d8565e1820,cells\system_0063_ic1_time_f64le.bin,cells\system_0063_ic1_state_f64le_c_order.bin,C:\Users\joedicke\Documents\reps\EvoODE\outputs\phase_c_c6_data_conditions_5dd1df8\system_0063_ic1_sigma_0p050000000000000003_rho_0p5_realization_1,float64,little_endian
63,1,4,0.05,0.5,2,multiplicative_gaussian_iid,0e7c4be2f70297ab,256,sha256_raw_little_endian_float64,time,time_by_dimension_c_order,[256],"[256,4]",0.0,10.0,0.009435557200560331,0.6468268285473066,0a03db714cfc6d6a7b14f4a29acdd6ab739cb2bd472b2743021e4fb34af9b357,6bf9293ffc551a03dcb99564918876368bd370604faad43b39c9235487019b9a,cells\system_0063_ic1_time_f64le.bin,cells\system_0063_ic1_state_f64le_c_order.bin,C:\Users\joedicke\Documents\reps\EvoODE\outputs\phase_c_c6_data_conditions_5dd1df8\system_0063_ic1_sigma_0p050000000000000003_rho_0p5_realization_2,float64,little_endian
63,1,4,0.05,0.5,3,multiplicative_gaussian_iid,eb4c796cf661b732,256,sha256_raw_little_endian_float64,time,time_by_dimension_c_order,[256],"[256,4]",0.019569471624266144,9.960861056751467,0.01064767516945412,0.6646799612536097,8d9ef40b92dfa32d230b2efd276d2dca6958976a35297e792cf9ff06c201828c,911e89784267f997affb3b3421b2907446edfb8588db416aad813404efa32037,cells\system_0063_ic1_time_f64le.bin,cells\system_0063_ic1_state_f64le_c_order.bin,C:\Users\joedicke\Documents\reps\EvoODE\outputs\phase_c_c6_data_conditions_5dd1df8\system_0063_ic1_sigma_0p050000000000000003_rho_0p5_realization_3,float64,little_endian
63,2,4,0.0,0.0,1,multiplicative_gaussian_iid,799711a15b6d0740,512,sha256_raw_little_endian_float64,time,time_by_dimension_c_order,[512],"[512,4]",0.0,10.0,0.02277110288796026,0.6599728217015214,ffad3499269c08c6bd22e9e5c5d2ab32bbf827e2037cbdd6e73571aeab04432f,f5f6ee38b7f9b01bd9078cc1597df308e3f62c05d550fac638eec2446c7233a6,cells\system_0063_ic2_time_f64le.bin,cells\system_0063_ic2_state_f64le_c_order.bin,C:\Users\joedicke\Documents\reps\EvoODE\outputs\phase_c_c6_data_conditions_5dd1df8\system_0063_ic2_sigma_0_rho_0_realization_1,float64,little_endian
63,2,4,0.0,0.0,2,multiplicative_gaussian_iid,b5afe8a7651c851f,512,sha256_raw_little_endian_float64,time,time_by_dimension_c_order,[512],"[512,4]",0.0,10.0,0.02277110288796026,0.6599728217015214,ffad3499269c08c6bd22e9e5c5d2ab32bbf827e2037cbdd6e73571aeab04432f,f5f6ee38b7f9b01bd9078cc1597df308e3f62c05d550fac638eec2446c7233a6,cells\system_0063_ic2_time_f64le.bin,cells\system_0063_ic2_state_f64le_c_order.bin,C:\Users\joedicke\Documents\reps\EvoODE\outputs\phase_c_c6_data_conditions_5dd1df8\system_0063_ic2_sigma_0_rho_0_realization_2,float64,little_endian
63,2,4,0.0,0.0,3,multiplicative_gaussian_iid,d0ef57fd9e507f22,512,sha256_raw_little_endian_float64,time,time_by_dimension_c_order,[512],"[512,4]",0.0,10.0,0.02277110288796026,0.6599728217015214,ffad3499269c08c6bd22e9e5c5d2ab32bbf827e2037cbdd6e73571aeab04432f,f5f6ee38b7f9b01bd9078cc1597df308e3f62c05d550fac638eec2446c7233a6,cells\system_0063_ic2_time_f64le.bin,cells\system_0063_ic2_state_f64le_c_order.bin,C:\Users\joedicke\Documents\reps\EvoODE\outputs\phase_c_c6_data_conditions_5dd1df8\system_0063_ic2_sigma_0_rho_0_realization_3,float64,little_endian
63,2,4,0.0,0.5,1,multiplicative_gaussian_iid,e5ae40517517118c,256,sha256_raw_little_endian_float64,time,time_by_dimension_c_order,[256],"[256,4]",0.019569471624266144,9.960861056751467,0.022965377514586403,0.6589018142660764,c0dab66e10732e42e5b3a7e7281a9a752ecbaa54323551402a9bc9b93df28bae,1053b6c4f01e80fb3eec23f4020b7df3a399944dc380361177dd8c38ad276a03,cells\system_0063_ic2_time_f64le.bin,cells\system_0063_ic2_state_f64le_c_order.bin,C:\Users\joedicke\Documents\reps\EvoODE\outputs\phase_c_c6_data_conditions_5dd1df8\system_0063_ic2_sigma_0_rho_0p5_realization_1,float64,little_endian
63,2,4,0.0,0.5,2,multiplicative_gaussian_iid,410220e26b007c78,256,sha256_raw_little_endian_float64,time,time_by_dimension_c_order,[256],"[256,4]",0.0,9.980430528375733,0.022868023538574853,0.6594382724969374,beafc60fddc5bc5b372bc0e17fc23ff1c5b43afa9948ab5afad82cc5bd355aac,7cee17ca0777f1bc57d4caf01d893f4b09a60130920e2f3b5658f14062d0473d,cells\system_0063_ic2_time_f64le.bin,cells\system_0063_ic2_state_f64le_c_order.bin,C:\Users\joedicke\Documents\reps\EvoODE\outputs\phase_c_c6_data_conditions_5dd1df8\system_0063_ic2_sigma_0_rho_0p5_realization_2,float64,little_endian
63,2,4,0.0,0.5,3,multiplicative_gaussian_iid,32943fed9075ec6b,256,sha256_raw_little_endian_float64,time,time_by_dimension_c_order,[256],"[256,4]",0.0,10.0,0.02277110288796026,0.6599728217015214,dfc89702bb14fc016c224c4c0735865becdb38289770d4b17a8c9a516a85c369,1703e349444bf6b6b8d4a74e0bfe65c5e8a78e46a13b058e23f426e599442b76,cells\system_0063_ic2_time_f64le.bin,cells\system_0063_ic2_state_f64le_c_order.bin,C:\Users\joedicke\Documents\reps\EvoODE\outputs\phase_c_c6_data_conditions_5dd1df8\system_0063_ic2_sigma_0_rho_0p5_realization_3,float64,little_endian
63,2,4,0.01,0.0,1,multiplicative_gaussian_iid,1696ce8b0e80990d,512,sha256_raw_little_endian_float64,time,time_by_dimension_c_order,[512],"[512,4]",0.0,10.0,0.022882292591552996,0.6681123274575811,ffad3499269c08c6bd22e9e5c5d2ab32bbf827e2037cbdd6e73571aeab04432f,7ab6494319a548216f31dfc53720ce87a0914801485de745e096c97633c50b77,cells\system_0063_ic2_time_f64le.bin,cells\system_0063_ic2_state_f64le_c_order.bin,C:\Users\joedicke\Documents\reps\EvoODE\outputs\phase_c_c6_data_conditions_5dd1df8\system_0063_ic2_sigma_0p01_rho_0_realization_1,float64,little_endian
63,2,4,0.01,0.0,2,multiplicative_gaussian_iid,715557b4e934a00a,512,sha256_raw_little_endian_float64,time,time_by_dimension_c_order,[512],"[512,4]",0.0,10.0,0.0227906321239371,0.6790128323682175,ffad3499269c08c6bd22e9e5c5d2ab32bbf827e2037cbdd6e73571aeab04432f,8b92443963411cc2675f7fc3a3027355690e79478660d6e70d652dee2143decf,cells\system_0063_ic2_time_f64le.bin,cells\system_0063_ic2_state_f64le_c_order.bin,C:\Users\joedicke\Documents\reps\EvoODE\outputs\phase_c_c6_data_conditions_5dd1df8\system_0063_ic2_sigma_0p01_rho_0_realization_2,float64,little_endian
63,2,4,0.01,0.0,3,multiplicative_gaussian_iid,bcb458bd643fcc5e,512,sha256_raw_little_endian_float64,time,time_by_dimension_c_order,[512],"[512,4]",0.0,10.0,0.022500003153700876,0.6674263140442735,ffad3499269c08c6bd22e9e5c5d2ab32bbf827e2037cbdd6e73571aeab04432f,cff6c1d7d8406ce158122ef11fed392085156e2b921a698a40240c297578928e,cells\system_0063_ic2_time_f64le.bin,cells\system_0063_ic2_state_f64le_c_order.bin,C:\Users\joedicke\Documents\reps\EvoODE\outputs\phase_c_c6_data_conditions_5dd1df8\system_0063_ic2_sigma_0p01_rho_0_realization_3,float64,little_endian
63,2,4,0.01,0.5,1,multiplicative_gaussian_iid,228ccdf853b4603f,256,sha256_raw_little_endian_float64,time,time_by_dimension_c_order,[256],"[256,4]",0.0,9.980430528375733,0.022971721262867492,0.6708394730888674,1b9502c04f8302bdcdfde015fd45f2c7cba7af69b109da7e5d4103351be1f9b9,c0844192a998a0825b033dbb7355d5040479e24a41e446daff305230d590e639,cells\system_0063_ic2_time_f64le.bin,cells\system_0063_ic2_state_f64le_c_order.bin,C:\Users\joedicke\Documents\reps\EvoODE\outputs\phase_c_c6_data_conditions_5dd1df8\system_0063_ic2_sigma_0p01_rho_0p5_realization_1,float64,little_endian
63,2,4,0.01,0.5,2,multiplicative_gaussian_iid,91c37238ed72132a,256,sha256_raw_little_endian_float64,time,time_by_dimension_c_order,[256],"[256,4]",0.019569471624266144,10.0,0.022676642508478038,0.6627491429567932,27b0494665298b6e452233a9a3b10bec01aced6881d829a050d50b9d586eb6ff,411c162dc74e77376af97c29955b4ce23ed9de0230121d4ce0d663c0b0252677,cells\system_0063_ic2_time_f64le.bin,cells\system_0063_ic2_state_f64le_c_order.bin,C:\Users\joedicke\Documents\reps\EvoODE\outputs\phase_c_c6_data_conditions_5dd1df8\system_0063_ic2_sigma_0p01_rho_0p5_realization_2,float64,little_endian
63,2,4,0.01,0.5,3,multiplicative_gaussian_iid,f288b68ee10122ab,256,sha256_raw_little_endian_float64,time,time_by_dimension_c_order,[256],"[256,4]",0.019569471624266144,9.921722113502934,0.023121170318572717,0.6701467266688265,ee30499ee7b2fb1654b29896fcf1fcf2604c99b8884cc0a472ed01a27996d227,d46e5d98b95799f29aa6a2679db90dc625bd4d34fae7a04fae44fe1fffdc8471,cells\system_0063_ic2_time_f64le.bin,cells\system_0063_ic2_state_f64le_c_order.bin,C:\Users\joedicke\Documents\reps\EvoODE\outputs\phase_c_c6_data_conditions_5dd1df8\system_0063_ic2_sigma_0p01_rho_0p5_realization_3,float64,little_endian
63,2,4,0.02,0.0,1,multiplicative_gaussian_iid,672a11e7b6fa736d,512,sha256_raw_little_endian_float64,time,time_by_dimension_c_order,[512],"[512,4]",0.0,10.0,0.02200455431056544,0.6728523427090458,ffad3499269c08c6bd22e9e5c5d2ab32bbf827e2037cbdd6e73571aeab04432f,408db877c7b1bf7697a736d7b0acafc398160ac37aa4db1a46e9dd83edd818a8,cells\system_0063_ic2_time_f64le.bin,cells\system_0063_ic2_state_f64le_c_order.bin,C:\Users\joedicke\Documents\reps\EvoODE\outputs\phase_c_c6_data_conditions_5dd1df8\system_0063_ic2_sigma_0p02_rho_0_realization_1,float64,little_endian
63,2,4,0.02,0.0,2,multiplicative_gaussian_iid,325115d8689b3624,512,sha256_raw_little_endian_float64,time,time_by_dimension_c_order,[512],"[512,4]",0.0,10.0,0.022500706728033597,0.6719146084268207,ffad3499269c08c6bd22e9e5c5d2ab32bbf827e2037cbdd6e73571aeab04432f,ea03779e55dba321bb1313936a1cc189252317c41ec043da9f29f83340e7c3fe,cells\system_0063_ic2_time_f64le.bin,cells\system_0063_ic2_state_f64le_c_order.bin,C:\Users\joedicke\Documents\reps\EvoODE\outputs\phase_c_c6_data_conditions_5dd1df8\system_0063_ic2_sigma_0p02_rho_0_realization_2,float64,little_endian
63,2,4,0.02,0.0,3,multiplicative_gaussian_iid,f381e98903da9113,512,sha256_raw_little_endian_float64,time,time_by_dimension_c_order,[512],"[512,4]",0.0,10.0,0.022086413721051457,0.679980077562748,ffad3499269c08c6bd22e9e5c5d2ab32bbf827e2037cbdd6e73571aeab04432f,54baa72621febb542ea344dd0377ba4b313f5062a481c0610a63d01d8a59c975,cells\system_0063_ic2_time_f64le.bin,cells\system_0063_ic2_state_f64le_c_order.bin,C:\Users\joedicke\Documents\reps\EvoODE\outputs\phase_c_c6_data_conditions_5dd1df8\system_0063_ic2_sigma_0p02_rho_0_realization_3,float64,little_endian
63,2,4,0.02,0.5,1,multiplicative_gaussian_iid,7c6160caa1ea477b,256,sha256_raw_little_endian_float64,time,time_by_dimension_c_order,[256],"[256,4]",0.019569471624266144,9.980430528375733,0.022380790920073085,0.6749346478348589,bc6aac5604e9751f303b4a140d01f6c92a6dd6072699c94b73208643f2161e76,cb705564cc1d2144645ba2fbc5f58fe737634a007facbdc93cb18eb41ed6cb73,cells\system_0063_ic2_time_f64le.bin,cells\system_0063_ic2_state_f64le_c_order.bin,C:\Users\joedicke\Documents\reps\EvoODE\outputs\phase_c_c6_data_conditions_5dd1df8\system_0063_ic2_sigma_0p02_rho_0p5_realization_1,float64,little_endian
63,2,4,0.02,0.5,2,multiplicative_gaussian_iid,bcd25d66948ee0ae,256,sha256_raw_little_endian_float64,time,time_by_dimension_c_order,[256],"[256,4]",0.0,10.0,0.023035325150180253,0.6707876382740726,be0f4e04fd0a6ad4eb77b9e7b2508d6b94e4f491671f470ee6f30f3b11cafd28,a0411adac4a9443774c20a466a5623e9a4415d3eda394e33cb0faaebd25043c9,cells\system_0063_ic2_time_f64le.bin,cells\system_0063_ic2_state_f64le_c_order.bin,C:\Users\joedicke\Documents\reps\EvoODE\outputs\phase_c_c6_data_conditions_5dd1df8\system_0063_ic2_sigma_0p02_rho_0p5_realization_2,float64,little_endian
63,2,4,0.02,0.5,3,multiplicative_gaussian_iid,e0af3b0de5724047,256,sha256_raw_little_endian_float64,time,time_by_dimension_c_order,[256],"[256,4]",0.03913894324853229,10.0,0.022505855090075858,0.670998451542687,923bcafa646543619feb07fc9b0262407b657af4e325d18530eb46f46bf26d60,4ea76b7987a07fdcb020bba0bd7f7431bbf9157349201360ac2eaa02bd734371,cells\system_0063_ic2_time_f64le.bin,cells\system_0063_ic2_state_f64le_c_order.bin,C:\Users\joedicke\Documents\reps\EvoODE\outputs\phase_c_c6_data_conditions_5dd1df8\system_0063_ic2_sigma_0p02_rho_0p5_realization_3,float64,little_endian
63,2,4,0.03,0.0,1,multiplicative_gaussian_iid,9ab73e4eac8e3294,512,sha256_raw_little_endian_float64,time,time_by_dimension_c_order,[512],"[512,4]",0.0,10.0,0.021901839569455458,0.6854264122024343,ffad3499269c08c6bd22e9e5c5d2ab32bbf827e2037cbdd6e73571aeab04432f,4bb86533d6222f3e69d8dec87e6bed5a402aecb2aa1694b8bedf888c34a73661,cells\system_0063_ic2_time_f64le.bin,cells\system_0063_ic2_state_f64le_c_order.bin,C:\Users\joedicke\Documents\reps\EvoODE\outputs\phase_c_c6_data_conditions_5dd1df8\system_0063_ic2_sigma_0p029999999999999999_rho_0_realization_1,float64,little_endian
63,2,4,0.03,0.0,2,multiplicative_gaussian_iid,82c3da1e7e62eee3,512,sha256_raw_little_endian_float64,time,time_by_dimension_c_order,[512],"[512,4]",0.0,10.0,0.022415560997529168,0.6890134452020813,ffad3499269c08c6bd22e9e5c5d2ab32bbf827e2037cbdd6e73571aeab04432f,077c5ff5647c2f3fc475b78d01d1d5c5b1962b0d10bae70f8b82ca40f5e66aa4,cells\system_0063_ic2_time_f64le.bin,cells\system_0063_ic2_state_f64le_c_order.bin,C:\Users\joedicke\Documents\reps\EvoODE\outputs\phase_c_c6_data_conditions_5dd1df8\system_0063_ic2_sigma_0p029999999999999999_rho_0_realization_2,float64,little_endian
63,2,4,0.03,0.0,3,multiplicative_gaussian_iid,14ad814a69ec28ff,512,sha256_raw_little_endian_float64,time,time_by_dimension_c_order,[512],"[512,4]",0.0,10.0,0.022798455775501502,0.7138345287717418,ffad3499269c08c6bd22e9e5c5d2ab32bbf827e2037cbdd6e73571aeab04432f,2d180725920b1abf480c84427be8b9f5e093e21409a8089571d35500265a91ec,cells\system_0063_ic2_time_f64le.bin,cells\system_0063_ic2_state_f64le_c_order.bin,C:\Users\joedicke\Documents\reps\EvoODE\outputs\phase_c_c6_data_conditions_5dd1df8\system_0063_ic2_sigma_0p029999999999999999_rho_0_realization_3,float64,little_endian
63,2,4,0.03,0.5,1,multiplicative_gaussian_iid,8de245124bfb451c,256,sha256_raw_little_endian_float64,time,time_by_dimension_c_order,[256],"[256,4]",0.019569471624266144,9.941291585127201,0.02262630345276915,0.6754480208689408,684279fb32d3ca4a21d6e9d1595451b51d5c77b8005657a373fd56e57bb0acc9,5cde6cd2e9abd304ababcc7a368f53306c2bc540246c2ba13ed440495bf312c0,cells\system_0063_ic2_time_f64le.bin,cells\system_0063_ic2_state_f64le_c_order.bin,C:\Users\joedicke\Documents\reps\EvoODE\outputs\phase_c_c6_data_conditions_5dd1df8\system_0063_ic2_sigma_0p029999999999999999_rho_0p5_realization_1,float64,little_endian
63,2,4,0.03,0.5,2,multiplicative_gaussian_iid,a318ab0636b2776b,256,sha256_raw_little_endian_float64,time,time_by_dimension_c_order,[256],"[256,4]",0.0,10.0,0.02225301179639771,0.6799555394081781,31acebb0307e1be0d92a1035513f829605193a2ffdf20552ec1cd88e455df785,3423343157dbfd55d9eff21f1f7e59dd19de29807a03234e6c951fa17d64da9f,cells\system_0063_ic2_time_f64le.bin,cells\system_0063_ic2_state_f64le_c_order.bin,C:\Users\joedicke\Documents\reps\EvoODE\outputs\phase_c_c6_data_conditions_5dd1df8\system_0063_ic2_sigma_0p029999999999999999_rho_0p5_realization_2,float64,little_endian
63,2,4,0.03,0.5,3,multiplicative_gaussian_iid,069741ac89cccc44,256,sha256_raw_little_endian_float64,time,time_by_dimension_c_order,[256],"[256,4]",0.0,10.0,0.022496352734139347,0.700231198296397,2453c29d42c51ed0cc487e4551336ec4331d91be1ce7482407e5f024df7335d8,a14ebe462dddcafc462cb918a9ccb36bc212bde5854a076ee74f93da55179cf3,cells\system_0063_ic2_time_f64le.bin,cells\system_0063_ic2_state_f64le_c_order.bin,C:\Users\joedicke\Documents\reps\EvoODE\outputs\phase_c_c6_data_conditions_5dd1df8\system_0063_ic2_sigma_0p029999999999999999_rho_0p5_realization_3,float64,little_endian
63,2,4,0.04,0.0,1,multiplicative_gaussian_iid,44801945584039fb,512,sha256_raw_little_endian_float64,time,time_by_dimension_c_order,[512],"[512,4]",0.0,10.0,0.019497674820963984,0.7177298105916053,ffad3499269c08c6bd22e9e5c5d2ab32bbf827e2037cbdd6e73571aeab04432f,9004cdce6d9be3e2a185e56d6a6592822fd34d8dbd9048c7fd08df5884b05e37,cells\system_0063_ic2_time_f64le.bin,cells\system_0063_ic2_state_f64le_c_order.bin,C:\Users\joedicke\Documents\reps\EvoODE\outputs\phase_c_c6_data_conditions_5dd1df8\system_0063_ic2_sigma_0p040000000000000001_rho_0_realization_1,float64,little_endian
63,2,4,0.04,0.0,2,multiplicative_gaussian_iid,8822fb29eb654e2c,512,sha256_raw_little_endian_float64,time,time_by_dimension_c_order,[512],"[512,4]",0.0,10.0,0.021779275087894238,0.7046418736204278,ffad3499269c08c6bd22e9e5c5d2ab32bbf827e2037cbdd6e73571aeab04432f,7b7118505673101ecb6c3de3f2decac26c6be9789e9597888938f0ebf2f0cd17,cells\system_0063_ic2_time_f64le.bin,cells\system_0063_ic2_state_f64le_c_order.bin,C:\Users\joedicke\Documents\reps\EvoODE\outputs\phase_c_c6_data_conditions_5dd1df8\system_0063_ic2_sigma_0p040000000000000001_rho_0_realization_2,float64,little_endian
63,2,4,0.04,0.0,3,multiplicative_gaussian_iid,c894b9d947f7dad9,512,sha256_raw_little_endian_float64,time,time_by_dimension_c_order,[512],"[512,4]",0.0,10.0,0.021982602671150774,0.7368254588686461,ffad3499269c08c6bd22e9e5c5d2ab32bbf827e2037cbdd6e73571aeab04432f,5928d0c03a1a4b86f28b6fa5cc88f304c57b3f48623916ab72f34d059f1eceb0,cells\system_0063_ic2_time_f64le.bin,cells\system_0063_ic2_state_f64le_c_order.bin,C:\Users\joedicke\Documents\reps\EvoODE\outputs\phase_c_c6_data_conditions_5dd1df8\system_0063_ic2_sigma_0p040000000000000001_rho_0_realization_3,float64,little_endian
63,2,4,0.04,0.5,1,multiplicative_gaussian_iid,9b8b6df42eee8e32,256,sha256_raw_little_endian_float64,time,time_by_dimension_c_order,[256],"[256,4]",0.0,10.0,0.021129641672000526,0.7034441864956176,694861e239d3472cd8ffe631f46db525d52ffb80e74b1a88129a6b0ed00505fb,5da0abeff817a2231919d1830bd8e5a2c202c80b080c3836a341b28f3354c964,cells\system_0063_ic2_time_f64le.bin,cells\system_0063_ic2_state_f64le_c_order.bin,C:\Users\joedicke\Documents\reps\EvoODE\outputs\phase_c_c6_data_conditions_5dd1df8\system_0063_ic2_sigma_0p040000000000000001_rho_0p5_realization_1,float64,little_endian
63,2,4,0.04,0.5,2,multiplicative_gaussian_iid,782ee43c52f10048,256,sha256_raw_little_endian_float64,time,time_by_dimension_c_order,[256],"[256,4]",0.0,10.0,0.022825552616324272,0.6891079252434215,cb91a4aaa80d9a11b3369607aec0487e56d46131ee18ad7265b6ca5cea8833bf,15a366570674ed6b2b88590bdc0d1e393999d6c8890a5a2ea031fbcba520a67d,cells\system_0063_ic2_time_f64le.bin,cells\system_0063_ic2_state_f64le_c_order.bin,C:\Users\joedicke\Documents\reps\EvoODE\outputs\phase_c_c6_data_conditions_5dd1df8\system_0063_ic2_sigma_0p040000000000000001_rho_0p5_realization_2,float64,little_endian
63,2,4,0.04,0.5,3,multiplicative_gaussian_iid,ed5295c60e5e2276,256,sha256_raw_little_endian_float64,time,time_by_dimension_c_order,[256],"[256,4]",0.0,9.921722113502934,0.022556464716308657,0.7217355054321712,d1e98ce562996195b6ce2719f30e84c4a3beaf1b3ffef1298510ed544914840e,a831f664424a857cf20f5789e6c8f7f14cfe5b92e74b06c4a5f943d8317ca545,cells\system_0063_ic2_time_f64le.bin,cells\system_0063_ic2_state_f64le_c_order.bin,C:\Users\joedicke\Documents\reps\EvoODE\outputs\phase_c_c6_data_conditions_5dd1df8\system_0063_ic2_sigma_0p040000000000000001_rho_0p5_realization_3,float64,little_endian
63,2,4,0.05,0.0,1,multiplicative_gaussian_iid,0c0ad42629f69010,512,sha256_raw_little_endian_float64,time,time_by_dimension_c_order,[512],"[512,4]",0.0,10.0,0.021186388396006325,0.7268722234307131,ffad3499269c08c6bd22e9e5c5d2ab32bbf827e2037cbdd6e73571aeab04432f,4eb2d0dfc9a0d23a4fc90483cedb9420476613e591695b2b2a1e3e1000c79f13,cells\system_0063_ic2_time_f64le.bin,cells\system_0063_ic2_state_f64le_c_order.bin,C:\Users\joedicke\Documents\reps\EvoODE\outputs\phase_c_c6_data_conditions_5dd1df8\system_0063_ic2_sigma_0p050000000000000003_rho_0_realization_1,float64,little_endian
63,2,4,0.05,0.0,2,multiplicative_gaussian_iid,d4fd33de90c64fdb,512,sha256_raw_little_endian_float64,time,time_by_dimension_c_order,[512],"[512,4]",0.0,10.0,0.021120485260053674,0.722499095336914,ffad3499269c08c6bd22e9e5c5d2ab32bbf827e2037cbdd6e73571aeab04432f,9546cf72820730e1315fe22865224b180479afdf1716aba6c924e83b219309e4,cells\system_0063_ic2_time_f64le.bin,cells\system_0063_ic2_state_f64le_c_order.bin,C:\Users\joedicke\Documents\reps\EvoODE\outputs\phase_c_c6_data_conditions_5dd1df8\system_0063_ic2_sigma_0p050000000000000003_rho_0_realization_2,float64,little_endian
63,2,4,0.05,0.0,3,multiplicative_gaussian_iid,474964b5d4eb36b7,512,sha256_raw_little_endian_float64,time,time_by_dimension_c_order,[512],"[512,4]",0.0,10.0,0.022454598030622785,0.7273437769380922,ffad3499269c08c6bd22e9e5c5d2ab32bbf827e2037cbdd6e73571aeab04432f,35e9b36d0a9ba2f1d89cf1922ff89aa7310e3b63e25c6990f7193152fc480a83,cells\system_0063_ic2_time_f64le.bin,cells\system_0063_ic2_state_f64le_c_order.bin,C:\Users\joedicke\Documents\reps\EvoODE\outputs\phase_c_c6_data_conditions_5dd1df8\system_0063_ic2_sigma_0p050000000000000003_rho_0_realization_3,float64,little_endian
63,2,4,0.05,0.5,1,multiplicative_gaussian_iid,2c2c9d97aa17bd60,256,sha256_raw_little_endian_float64,time,time_by_dimension_c_order,[256],"[256,4]",0.0,9.960861056751467,0.02153702683837933,0.7113034041191674,85e3c5a6e8b3b696133138829d1287cde73dc98403b986ffdf74c7dd3f1927a6,bb3bada8d06e543f033f05125bf42f9a4ab02e4c941d4d53a7a0626a54d3bc0c,cells\system_0063_ic2_time_f64le.bin,cells\system_0063_ic2_state_f64le_c_order.bin,C:\Users\joedicke\Documents\reps\EvoODE\outputs\phase_c_c6_data_conditions_5dd1df8\system_0063_ic2_sigma_0p050000000000000003_rho_0p5_realization_1,float64,little_endian
63,2,4,0.05,0.5,2,multiplicative_gaussian_iid,0e7c4be2f70297ab,256,sha256_raw_little_endian_float64,time,time_by_dimension_c_order,[256],"[256,4]",0.0,9.921722113502934,0.021740230088354094,0.7177851702259911,ffcb9fc1aafc2ac86e9809e9bc024507ce9630ae7107af55114d51899b32d448,dfbf45045c5bcb564d7483ad4b3fc68d49e24244f6771d3b0e1304add94b2760,cells\system_0063_ic2_time_f64le.bin,cells\system_0063_ic2_state_f64le_c_order.bin,C:\Users\joedicke\Documents\reps\EvoODE\outputs\phase_c_c6_data_conditions_5dd1df8\system_0063_ic2_sigma_0p050000000000000003_rho_0p5_realization_2,float64,little_endian
63,2,4,0.05,0.5,3,multiplicative_gaussian_iid,eb4c796cf661b732,256,sha256_raw_little_endian_float64,time,time_by_dimension_c_order,[256],"[256,4]",0.0,9.980430528375733,0.021004283599017265,0.7125526264859522,b5014b06e77cbf214c5017225b0d93e1ad763964af6147ec54fde31f79bd6ebb,41d093fc08c0a12b20c70949d233f312deeb96f6db6b08a8ffbfcb091a16d519,cells\system_0063_ic2_time_f64le.bin,cells\system_0063_ic2_state_f64le_c_order.bin,C:\Users\joedicke\Documents\reps\EvoODE\outputs\phase_c_c6_data_conditions_5dd1df8\system_0063_ic2_sigma_0p050000000000000003_rho_0p5_realization_3,float64,little_endian
