library_id,polynomial_degree,include_sin_cos,stlsq_threshold,system_id,source_initial_condition_set,dimension,phasec_representability_threeway,n_target_regressions,n_evaluation_integrations,fit_elapsed_s_context,elapsed_s_evidence_role
poly_deg2_stlsq_0.01,2,False,0.01,1,1,1,exact,1,2,0.0322606000045198,context_not_evidence
poly_deg2_stlsq_0.01,2,False,0.01,1,2,1,exact,1,2,0.009769299998879433,context_not_evidence
poly_deg2_stlsq_0.01,2,False,0.01,2,1,1,exact,1,2,0.011294099997030571,context_not_evidence
poly_deg2_stlsq_0.01,2,False,0.01,2,2,1,exact,1,2,0.007171700002800208,context_not_evidence
poly_deg2_stlsq_0.01,2,False,0.01,3,1,1,exact,1,2,0.014957799998228438,context_not_evidence
poly_deg2_stlsq_0.01,2,False,0.01,3,2,1,exact,1,2,0.006048099996405654,context_not_evidence
poly_deg2_stlsq_0.01,2,False,0.01,4,1,1,surrogate:eq1_not_representable,1,2,0.005994899998768233,context_not_evidence
poly_deg2_stlsq_0.01,2,False,0.01,4,2,1,surrogate:eq1_not_representable,1,2,0.009369500003231224,context_not_evidence
poly_deg2_stlsq_0.01,2,False,0.01,5,1,1,exact,1,2,0.01820199999929173,context_not_evidence
poly_deg2_stlsq_0.01,2,False,0.01,5,2,1,exact,1,2,0.00541009999869857,context_not_evidence
poly_deg2_stlsq_0.01,2,False,0.01,6,1,1,exact,1,2,0.007380099996225908,context_not_evidence
poly_deg2_stlsq_0.01,2,False,0.01,6,2,1,exact,1,2,0.00789019999501761,context_not_evidence
poly_deg2_stlsq_0.01,2,False,0.01,7,1,1,surrogate:eq1_not_representable,1,2,0.010085800000524614,context_not_evidence
poly_deg2_stlsq_0.01,2,False,0.01,7,2,1,surrogate:eq1_not_representable,1,2,0.06959089999872958,context_not_evidence
poly_deg2_stlsq_0.01,2,False,0.01,8,1,1,exact,1,2,0.005323999997926876,context_not_evidence
poly_deg2_stlsq_0.01,2,False,0.01,8,2,1,exact,1,2,0.005036000002291985,context_not_evidence
poly_deg2_stlsq_0.01,2,False,0.01,9,1,1,exact,1,2,0.004857899999478832,context_not_evidence
poly_deg2_stlsq_0.01,2,False,0.01,9,2,1,exact,1,2,0.0045892000052845106,context_not_evidence
poly_deg2_stlsq_0.01,2,False,0.01,10,1,1,surrogate:eq1_not_representable,1,2,0.005131999998411629,context_not_evidence
poly_deg2_stlsq_0.01,2,False,0.01,10,2,1,surrogate:eq1_not_representable,1,2,0.004851999998209067,context_not_evidence
poly_deg2_stlsq_0.01,2,False,0.01,11,1,1,exact,1,2,0.004710499997599982,context_not_evidence
poly_deg2_stlsq_0.01,2,False,0.01,11,2,1,exact,1,2,0.004358300000603776,context_not_evidence
poly_deg2_stlsq_0.01,2,False,0.01,12,1,1,exact,1,2,0.007037299998046365,context_not_evidence
poly_deg2_stlsq_0.01,2,False,0.01,12,2,1,exact,1,2,0.005320299998857081,context_not_evidence
poly_deg2_stlsq_0.01,2,False,0.01,13,1,1,surrogate:eq1_not_representable,1,2,0.00734990000637481,context_not_evidence
poly_deg2_stlsq_0.01,2,False,0.01,13,2,1,surrogate:eq1_not_representable,1,2,0.004802699993888382,context_not_evidence
poly_deg2_stlsq_0.01,2,False,0.01,14,1,1,surrogate:eq1_not_representable,1,2,0.011041800004022662,context_not_evidence
poly_deg2_stlsq_0.01,2,False,0.01,14,2,1,surrogate:eq1_not_representable,1,2,0.004576799998176284,context_not_evidence
poly_deg2_stlsq_0.01,2,False,0.01,15,1,1,surrogate:eq1_not_representable,1,2,0.00540049999835901,context_not_evidence
poly_deg2_stlsq_0.01,2,False,0.01,15,2,1,surrogate:eq1_not_representable,1,2,0.005075699998997152,context_not_evidence
poly_deg2_stlsq_0.01,2,False,0.01,16,1,1,surrogate:eq1_not_representable,1,2,0.004304200003389269,context_not_evidence
poly_deg2_stlsq_0.01,2,False,0.01,16,2,1,surrogate:eq1_not_representable,1,2,0.004567900003166869,context_not_evidence
poly_deg2_stlsq_0.01,2,False,0.01,17,1,1,exact,1,2,0.0047448999976040795,context_not_evidence
poly_deg2_stlsq_0.01,2,False,0.01,17,2,1,exact,1,2,0.004911199997877702,context_not_evidence
poly_deg2_stlsq_0.01,2,False,0.01,18,1,1,surrogate:eq1_not_representable,1,2,0.009878800003207289,context_not_evidence
poly_deg2_stlsq_0.01,2,False,0.01,18,2,1,surrogate:eq1_not_representable,1,2,0.008327499999722932,context_not_evidence
poly_deg2_stlsq_0.01,2,False,0.01,19,1,1,surrogate:eq1_not_representable,1,2,0.010192199995799456,context_not_evidence
poly_deg2_stlsq_0.01,2,False,0.01,19,2,1,surrogate:eq1_not_representable,1,2,0.0070316999990609474,context_not_evidence
poly_deg2_stlsq_0.01,2,False,0.01,20,1,1,surrogate:eq1_not_representable,1,2,0.006576200001290999,context_not_evidence
poly_deg2_stlsq_0.01,2,False,0.01,20,2,1,surrogate:eq1_not_representable,1,2,0.010823700002219994,context_not_evidence
poly_deg2_stlsq_0.01,2,False,0.01,21,1,1,surrogate:eq1_not_representable,1,2,0.0066576000026543625,context_not_evidence
poly_deg2_stlsq_0.01,2,False,0.01,21,2,1,surrogate:eq1_not_representable,1,2,0.009132500003033783,context_not_evidence
poly_deg2_stlsq_0.01,2,False,0.01,22,1,1,surrogate:eq1_not_representable,1,2,0.0046719999954802915,context_not_evidence
poly_deg2_stlsq_0.01,2,False,0.01,22,2,1,surrogate:eq1_not_representable,1,2,0.005159300002560485,context_not_evidence
poly_deg2_stlsq_0.01,2,False,0.01,23,1,1,exact,1,2,0.007619500000146218,context_not_evidence
poly_deg2_stlsq_0.01,2,False,0.01,23,2,1,exact,1,2,0.009369699997478165,context_not_evidence
poly_deg2_stlsq_0.01,2,False,0.01,24,1,2,exact,2,2,0.014612999999371823,context_not_evidence
poly_deg2_stlsq_0.01,2,False,0.01,24,2,2,exact,2,2,0.007472500001313165,context_not_evidence
poly_deg2_stlsq_0.01,2,False,0.01,25,1,2,exact,2,2,0.011071799999626819,context_not_evidence
poly_deg2_stlsq_0.01,2,False,0.01,25,2,2,exact,2,2,0.01708620000135852,context_not_evidence
poly_deg2_stlsq_0.01,2,False,0.01,26,1,2,exact,2,2,0.012071500001184177,context_not_evidence
poly_deg2_stlsq_0.01,2,False,0.01,26,2,2,exact,2,2,0.012342000001808628,context_not_evidence
poly_deg2_stlsq_0.01,2,False,0.01,27,1,2,exact,2,2,0.007382699994195718,context_not_evidence
poly_deg2_stlsq_0.01,2,False,0.01,27,2,2,exact,2,2,0.0224891000034404,context_not_evidence
poly_deg2_stlsq_0.01,2,False,0.01,28,1,2,exact,2,2,0.011760699999285862,context_not_evidence
poly_deg2_stlsq_0.01,2,False,0.01,28,2,2,exact,2,2,0.02122419999795966,context_not_evidence
poly_deg2_stlsq_0.01,2,False,0.01,29,1,2,exact,2,2,0.01137679999374086,context_not_evidence
poly_deg2_stlsq_0.01,2,False,0.01,29,2,2,exact,2,2,0.011034800001652911,context_not_evidence
poly_deg2_stlsq_0.01,2,False,0.01,30,1,2,surrogate:eq1_not_representable,2,2,0.007025999999314081,context_not_evidence
poly_deg2_stlsq_0.01,2,False,0.01,30,2,2,surrogate:eq1_not_representable,2,2,0.007023699996352661,context_not_evidence
poly_deg2_stlsq_0.01,2,False,0.01,31,1,2,exact,2,2,0.014636400002927985,context_not_evidence
poly_deg2_stlsq_0.01,2,False,0.01,31,2,2,exact,2,2,0.008893799997167662,context_not_evidence
poly_deg2_stlsq_0.01,2,False,0.01,32,1,2,exact,2,2,0.011661199998343363,context_not_evidence
poly_deg2_stlsq_0.01,2,False,0.01,32,2,2,exact,2,2,0.013824999994540121,context_not_evidence
poly_deg2_stlsq_0.01,2,False,0.01,33,1,2,surrogate:eq2_not_representable,2,2,0.01327319999836618,context_not_evidence
poly_deg2_stlsq_0.01,2,False,0.01,33,2,2,surrogate:eq2_not_representable,2,2,0.0073270000066258945,context_not_evidence
poly_deg2_stlsq_0.01,2,False,0.01,34,1,2,surrogate:eq2_not_representable,2,2,0.01348879999568453,context_not_evidence
poly_deg2_stlsq_0.01,2,False,0.01,34,2,2,surrogate:eq2_not_representable,2,2,0.0130771000040113,context_not_evidence
poly_deg2_stlsq_0.01,2,False,0.01,35,1,2,surrogate:eq1_not_representable,2,2,0.006127200002083555,context_not_evidence
poly_deg2_stlsq_0.01,2,False,0.01,35,2,2,surrogate:eq1_not_representable,2,2,0.0060564999948837794,context_not_evidence
poly_deg2_stlsq_0.01,2,False,0.01,36,1,2,surrogate:eq2_not_representable,2,2,0.006644300003245007,context_not_evidence
poly_deg2_stlsq_0.01,2,False,0.01,36,2,2,surrogate:eq2_not_representable,2,2,0.009761299996171147,context_not_evidence
poly_deg2_stlsq_0.01,2,False,0.01,37,1,2,surrogate:eq2_not_representable,2,2,0.014367100004164968,context_not_evidence
poly_deg2_stlsq_0.01,2,False,0.01,37,2,2,surrogate:eq2_not_representable,2,2,0.01264439999795286,context_not_evidence
poly_deg2_stlsq_0.01,2,False,0.01,38,1,2,exact,2,2,0.007353699998930097,context_not_evidence
poly_deg2_stlsq_0.01,2,False,0.01,38,2,2,exact,2,2,0.01304859999800101,context_not_evidence
poly_deg2_stlsq_0.01,2,False,0.01,39,1,2,surrogate:eq1_not_representable,2,2,0.015864000000874512,context_not_evidence
poly_deg2_stlsq_0.01,2,False,0.01,39,2,2,surrogate:eq1_not_representable,2,2,0.009163699993223418,context_not_evidence
poly_deg2_stlsq_0.01,2,False,0.01,40,1,2,surrogate:eq2_not_representable,2,2,0.007060899995849468,context_not_evidence
poly_deg2_stlsq_0.01,2,False,0.01,40,2,2,surrogate:eq2_not_representable,2,2,0.009643500001402572,context_not_evidence
poly_deg2_stlsq_0.01,2,False,0.01,41,1,2,surrogate:eq1_not_representable,2,2,0.012154399999417365,context_not_evidence
poly_deg2_stlsq_0.01,2,False,0.01,41,2,2,surrogate:eq1_not_representable,2,2,0.008028700001887046,context_not_evidence
poly_deg2_stlsq_0.01,2,False,0.01,42,1,2,surrogate:eq1_not_representable,2,2,0.009068999999726657,context_not_evidence
poly_deg2_stlsq_0.01,2,False,0.01,42,2,2,surrogate:eq1_not_representable,2,2,0.009793500001251232,context_not_evidence
poly_deg2_stlsq_0.01,2,False,0.01,43,1,2,exact,2,2,0.015412200002174359,context_not_evidence
poly_deg2_stlsq_0.01,2,False,0.01,43,2,2,exact,2,2,0.01157460000104038,context_not_evidence
poly_deg2_stlsq_0.01,2,False,0.01,44,1,2,surrogate:eq2_not_representable,2,2,0.007088500002282672,context_not_evidence
poly_deg2_stlsq_0.01,2,False,0.01,44,2,2,surrogate:eq2_not_representable,2,2,0.01150220000272384,context_not_evidence
poly_deg2_stlsq_0.01,2,False,0.01,45,1,2,surrogate:eq1_not_representable,2,2,0.007337100003496744,context_not_evidence
poly_deg2_stlsq_0.01,2,False,0.01,45,2,2,surrogate:eq1_not_representable,2,2,0.00745180000376422,context_not_evidence
poly_deg2_stlsq_0.01,2,False,0.01,46,1,2,surrogate:eq1_not_representable,2,2,0.00740800000494346,context_not_evidence
poly_deg2_stlsq_0.01,2,False,0.01,46,2,2,surrogate:eq1_not_representable,2,2,0.012095599995518569,context_not_evidence
poly_deg2_stlsq_0.01,2,False,0.01,47,1,2,surrogate:eq1_not_representable,2,2,0.008043000001634937,context_not_evidence
poly_deg2_stlsq_0.01,2,False,0.01,47,2,2,surrogate:eq1_not_representable,2,2,0.007306699997570831,context_not_evidence
poly_deg2_stlsq_0.01,2,False,0.01,48,1,2,surrogate:eq1_not_representable,2,2,0.007801899999321904,context_not_evidence
poly_deg2_stlsq_0.01,2,False,0.01,48,2,2,surrogate:eq1_not_representable,2,2,0.005731400000513531,context_not_evidence
poly_deg2_stlsq_0.01,2,False,0.01,49,1,2,surrogate:eq1_not_representable,2,2,0.005711099998734426,context_not_evidence
poly_deg2_stlsq_0.01,2,False,0.01,49,2,2,surrogate:eq1_not_representable,2,2,0.00576569999975618,context_not_evidence
poly_deg2_stlsq_0.01,2,False,0.01,50,1,2,surrogate:eq1_not_representable,2,2,0.005574700000579469,context_not_evidence
poly_deg2_stlsq_0.01,2,False,0.01,50,2,2,surrogate:eq1_not_representable,2,2,0.005867299994861241,context_not_evidence
poly_deg2_stlsq_0.01,2,False,0.01,51,1,2,surrogate:eq1_not_representable,2,2,0.0066174999956274405,context_not_evidence
poly_deg2_stlsq_0.01,2,False,0.01,51,2,2,surrogate:eq1_not_representable,2,2,0.005573900001763832,context_not_evidence
poly_deg2_stlsq_0.01,2,False,0.01,52,1,3,exact,3,2,0.011253999997279607,context_not_evidence
poly_deg2_stlsq_0.01,2,False,0.01,52,2,3,exact,3,2,0.010767100000521168,context_not_evidence
poly_deg2_stlsq_0.01,2,False,0.01,53,1,3,surrogate:eq1_not_representable,3,2,0.01284779999696184,context_not_evidence
poly_deg2_stlsq_0.01,2,False,0.01,53,2,3,surrogate:eq1_not_representable,3,2,0.009809299997868948,context_not_evidence
poly_deg2_stlsq_0.01,2,False,0.01,54,1,3,exact,3,2,0.016899499998544343,context_not_evidence
poly_deg2_stlsq_0.01,2,False,0.01,54,2,3,exact,3,2,0.010462800004461315,context_not_evidence
poly_deg2_stlsq_0.01,2,False,0.01,55,1,3,exact,3,2,0.010890899997320957,context_not_evidence
poly_deg2_stlsq_0.01,2,False,0.01,55,2,3,exact,3,2,0.012101599997549783,context_not_evidence
poly_deg2_stlsq_0.01,2,False,0.01,56,1,3,exact,3,2,0.01280140000017127,context_not_evidence
poly_deg2_stlsq_0.01,2,False,0.01,56,2,3,exact,3,2,0.011264300002949312,context_not_evidence
poly_deg2_stlsq_0.01,2,False,0.01,57,1,3,exact,3,2,0.010970800001814496,context_not_evidence
poly_deg2_stlsq_0.01,2,False,0.01,57,2,3,exact,3,2,0.01166419999935897,context_not_evidence
poly_deg2_stlsq_0.01,2,False,0.01,58,1,3,exact,3,2,0.015908999994280748,context_not_evidence
poly_deg2_stlsq_0.01,2,False,0.01,58,2,3,exact,3,2,0.011969799998041708,context_not_evidence
poly_deg2_stlsq_0.01,2,False,0.01,59,1,3,exact,3,2,0.014962600005674176,context_not_evidence
poly_deg2_stlsq_0.01,2,False,0.01,59,2,3,exact,3,2,0.020123100002820138,context_not_evidence
poly_deg2_stlsq_0.01,2,False,0.01,60,1,3,surrogate:eq3_not_representable,3,2,0.010282499999448191,context_not_evidence
poly_deg2_stlsq_0.01,2,False,0.01,60,2,3,surrogate:eq3_not_representable,3,2,0.01524760000029346,context_not_evidence
poly_deg2_stlsq_0.01,2,False,0.01,61,1,3,exact,3,2,0.012688599999819417,context_not_evidence
poly_deg2_stlsq_0.01,2,False,0.01,61,2,3,exact,3,2,0.011617199997999705,context_not_evidence
poly_deg2_stlsq_0.01,2,False,0.01,62,1,4,surrogate:eq1_not_representable,4,2,0.011696400004439056,context_not_evidence
poly_deg2_stlsq_0.01,2,False,0.01,62,2,4,surrogate:eq1_not_representable,4,2,0.011349599997629412,context_not_evidence
poly_deg2_stlsq_0.01,2,False,0.01,63,1,4,exact,4,2,0.01680789999954868,context_not_evidence
poly_deg2_stlsq_0.01,2,False,0.01,63,2,4,exact,4,2,0.013141499999619555,context_not_evidence
poly_deg2_stlsq_0.1,2,False,0.1,1,1,1,exact,1,2,0.005960300004517194,context_not_evidence
poly_deg2_stlsq_0.1,2,False,0.1,1,2,1,exact,1,2,0.005244799998763483,context_not_evidence
poly_deg2_stlsq_0.1,2,False,0.1,2,1,1,exact,1,2,0.004917999998724554,context_not_evidence
poly_deg2_stlsq_0.1,2,False,0.1,2,2,1,exact,1,2,0.005006100000173319,context_not_evidence
poly_deg2_stlsq_0.1,2,False,0.1,3,1,1,exact,1,2,0.03941979999945033,context_not_evidence
poly_deg2_stlsq_0.1,2,False,0.1,3,2,1,exact,1,2,0.008699499994690996,context_not_evidence
poly_deg2_stlsq_0.1,2,False,0.1,4,1,1,surrogate:eq1_not_representable,1,2,0.011284199994406663,context_not_evidence
poly_deg2_stlsq_0.1,2,False,0.1,4,2,1,surrogate:eq1_not_representable,1,2,0.0047231999997165985,context_not_evidence
poly_deg2_stlsq_0.1,2,False,0.1,5,1,1,exact,1,2,0.011636299997917376,context_not_evidence
poly_deg2_stlsq_0.1,2,False,0.1,5,2,1,exact,1,2,0.008731300004001241,context_not_evidence
poly_deg2_stlsq_0.1,2,False,0.1,6,1,1,exact,1,2,0.012927900002978276,context_not_evidence
poly_deg2_stlsq_0.1,2,False,0.1,6,2,1,exact,1,2,0.005032900000514928,context_not_evidence
poly_deg2_stlsq_0.1,2,False,0.1,7,1,1,surrogate:eq1_not_representable,1,2,0.0077195999983814545,context_not_evidence
poly_deg2_stlsq_0.1,2,False,0.1,7,2,1,surrogate:eq1_not_representable,1,2,0.016218299999309238,context_not_evidence
poly_deg2_stlsq_0.1,2,False,0.1,8,1,1,exact,1,2,0.011086400001659058,context_not_evidence
poly_deg2_stlsq_0.1,2,False,0.1,8,2,1,exact,1,2,0.005308899999363348,context_not_evidence
poly_deg2_stlsq_0.1,2,False,0.1,9,1,1,exact,1,2,0.01260809999803314,context_not_evidence
poly_deg2_stlsq_0.1,2,False,0.1,9,2,1,exact,1,2,0.009484199996222742,context_not_evidence
poly_deg2_stlsq_0.1,2,False,0.1,10,1,1,surrogate:eq1_not_representable,1,2,0.007968999998411164,context_not_evidence
poly_deg2_stlsq_0.1,2,False,0.1,10,2,1,surrogate:eq1_not_representable,1,2,0.00486559999990277,context_not_evidence
poly_deg2_stlsq_0.1,2,False,0.1,11,1,1,exact,1,2,0.00612830000318354,context_not_evidence
poly_deg2_stlsq_0.1,2,False,0.1,11,2,1,exact,1,2,0.0052723000044352375,context_not_evidence
poly_deg2_stlsq_0.1,2,False,0.1,12,1,1,exact,1,2,0.01036970000131987,context_not_evidence
poly_deg2_stlsq_0.1,2,False,0.1,12,2,1,exact,1,2,0.007284899998921901,context_not_evidence
poly_deg2_stlsq_0.1,2,False,0.1,13,1,1,surrogate:eq1_not_representable,1,2,0.0047451999998884276,context_not_evidence
poly_deg2_stlsq_0.1,2,False,0.1,13,2,1,surrogate:eq1_not_representable,1,2,0.007611599998199381,context_not_evidence
poly_deg2_stlsq_0.1,2,False,0.1,14,1,1,surrogate:eq1_not_representable,1,2,0.011248300004808698,context_not_evidence
poly_deg2_stlsq_0.1,2,False,0.1,14,2,1,surrogate:eq1_not_representable,1,2,0.012221999997564126,context_not_evidence
poly_deg2_stlsq_0.1,2,False,0.1,15,1,1,surrogate:eq1_not_representable,1,2,0.008876699997927062,context_not_evidence
poly_deg2_stlsq_0.1,2,False,0.1,15,2,1,surrogate:eq1_not_representable,1,2,0.009370599997055251,context_not_evidence
poly_deg2_stlsq_0.1,2,False,0.1,16,1,1,surrogate:eq1_not_representable,1,2,0.007249399997817818,context_not_evidence
poly_deg2_stlsq_0.1,2,False,0.1,16,2,1,surrogate:eq1_not_representable,1,2,0.004773200002091471,context_not_evidence
poly_deg2_stlsq_0.1,2,False,0.1,17,1,1,exact,1,2,0.011709099999279715,context_not_evidence
poly_deg2_stlsq_0.1,2,False,0.1,17,2,1,exact,1,2,0.007221300002129283,context_not_evidence
poly_deg2_stlsq_0.1,2,False,0.1,18,1,1,surrogate:eq1_not_representable,1,2,0.010252600004605483,context_not_evidence
poly_deg2_stlsq_0.1,2,False,0.1,18,2,1,surrogate:eq1_not_representable,1,2,0.00964850000309525,context_not_evidence
poly_deg2_stlsq_0.1,2,False,0.1,19,1,1,surrogate:eq1_not_representable,1,2,0.010979200000292622,context_not_evidence
poly_deg2_stlsq_0.1,2,False,0.1,19,2,1,surrogate:eq1_not_representable,1,2,0.00550199999997858,context_not_evidence
poly_deg2_stlsq_0.1,2,False,0.1,20,1,1,surrogate:eq1_not_representable,1,2,0.010497899995243642,context_not_evidence
poly_deg2_stlsq_0.1,2,False,0.1,20,2,1,surrogate:eq1_not_representable,1,2,0.004908499999146443,context_not_evidence
poly_deg2_stlsq_0.1,2,False,0.1,21,1,1,surrogate:eq1_not_representable,1,2,0.012952500001119915,context_not_evidence
poly_deg2_stlsq_0.1,2,False,0.1,21,2,1,surrogate:eq1_not_representable,1,2,0.005048699997132644,context_not_evidence
poly_deg2_stlsq_0.1,2,False,0.1,22,1,1,surrogate:eq1_not_representable,1,2,0.005528900001081638,context_not_evidence
poly_deg2_stlsq_0.1,2,False,0.1,22,2,1,surrogate:eq1_not_representable,1,2,0.005191300006117672,context_not_evidence
poly_deg2_stlsq_0.1,2,False,0.1,23,1,1,exact,1,2,0.015429400002176408,context_not_evidence
poly_deg2_stlsq_0.1,2,False,0.1,23,2,1,exact,1,2,0.00444440000137547,context_not_evidence
poly_deg2_stlsq_0.1,2,False,0.1,24,1,2,exact,2,2,0.013305700005730614,context_not_evidence
poly_deg2_stlsq_0.1,2,False,0.1,24,2,2,exact,2,2,0.012277599998924416,context_not_evidence
poly_deg2_stlsq_0.1,2,False,0.1,25,1,2,exact,2,2,0.014058100001420826,context_not_evidence
poly_deg2_stlsq_0.1,2,False,0.1,25,2,2,exact,2,2,0.008585399998992216,context_not_evidence
poly_deg2_stlsq_0.1,2,False,0.1,26,1,2,exact,2,2,0.006454200003645383,context_not_evidence
poly_deg2_stlsq_0.1,2,False,0.1,26,2,2,exact,2,2,0.011562600004253909,context_not_evidence
poly_deg2_stlsq_0.1,2,False,0.1,27,1,2,exact,2,2,0.007553199997346383,context_not_evidence
poly_deg2_stlsq_0.1,2,False,0.1,27,2,2,exact,2,2,0.008024799994018395,context_not_evidence
poly_deg2_stlsq_0.1,2,False,0.1,28,1,2,exact,2,2,0.0064798000021255575,context_not_evidence
poly_deg2_stlsq_0.1,2,False,0.1,28,2,2,exact,2,2,0.010443300001497846,context_not_evidence
poly_deg2_stlsq_0.1,2,False,0.1,29,1,2,exact,2,2,0.011202900001080707,context_not_evidence
poly_deg2_stlsq_0.1,2,False,0.1,29,2,2,exact,2,2,0.008730499997909646,context_not_evidence
poly_deg2_stlsq_0.1,2,False,0.1,30,1,2,surrogate:eq1_not_representable,2,2,0.016632699996989686,context_not_evidence
poly_deg2_stlsq_0.1,2,False,0.1,30,2,2,surrogate:eq1_not_representable,2,2,0.017586000001756474,context_not_evidence
poly_deg2_stlsq_0.1,2,False,0.1,31,1,2,exact,2,2,0.013572999996540602,context_not_evidence
poly_deg2_stlsq_0.1,2,False,0.1,31,2,2,exact,2,2,0.009630900000047404,context_not_evidence
poly_deg2_stlsq_0.1,2,False,0.1,32,1,2,exact,2,2,0.0067631000056280755,context_not_evidence
poly_deg2_stlsq_0.1,2,False,0.1,32,2,2,exact,2,2,0.006648199996561743,context_not_evidence
poly_deg2_stlsq_0.1,2,False,0.1,33,1,2,surrogate:eq2_not_representable,2,2,0.010249799997836817,context_not_evidence
poly_deg2_stlsq_0.1,2,False,0.1,33,2,2,surrogate:eq2_not_representable,2,2,0.009535400000459049,context_not_evidence
poly_deg2_stlsq_0.1,2,False,0.1,34,1,2,surrogate:eq2_not_representable,2,2,0.009960899995348882,context_not_evidence
poly_deg2_stlsq_0.1,2,False,0.1,34,2,2,surrogate:eq2_not_representable,2,2,0.0067848000035155565,context_not_evidence
poly_deg2_stlsq_0.1,2,False,0.1,35,1,2,surrogate:eq1_not_representable,2,2,0.015926100000797305,context_not_evidence
poly_deg2_stlsq_0.1,2,False,0.1,35,2,2,surrogate:eq1_not_representable,2,2,0.00766730000032112,context_not_evidence
poly_deg2_stlsq_0.1,2,False,0.1,36,1,2,surrogate:eq2_not_representable,2,2,0.008037100000365172,context_not_evidence
poly_deg2_stlsq_0.1,2,False,0.1,36,2,2,surrogate:eq2_not_representable,2,2,0.010934199999610428,context_not_evidence
poly_deg2_stlsq_0.1,2,False,0.1,37,1,2,surrogate:eq2_not_representable,2,2,0.006825899996329099,context_not_evidence
poly_deg2_stlsq_0.1,2,False,0.1,37,2,2,surrogate:eq2_not_representable,2,2,0.006513000000268221,context_not_evidence
poly_deg2_stlsq_0.1,2,False,0.1,38,1,2,exact,2,2,0.01406940000015311,context_not_evidence
poly_deg2_stlsq_0.1,2,False,0.1,38,2,2,exact,2,2,0.007506100002501626,context_not_evidence
poly_deg2_stlsq_0.1,2,False,0.1,39,1,2,surrogate:eq1_not_representable,2,2,0.009053199995832983,context_not_evidence
poly_deg2_stlsq_0.1,2,False,0.1,39,2,2,surrogate:eq1_not_representable,2,2,0.006481800002802629,context_not_evidence
poly_deg2_stlsq_0.1,2,False,0.1,40,1,2,surrogate:eq2_not_representable,2,2,0.011490500000945758,context_not_evidence
poly_deg2_stlsq_0.1,2,False,0.1,40,2,2,surrogate:eq2_not_representable,2,2,0.006693800001812633,context_not_evidence
poly_deg2_stlsq_0.1,2,False,0.1,41,1,2,surrogate:eq1_not_representable,2,2,0.008984799998870585,context_not_evidence
poly_deg2_stlsq_0.1,2,False,0.1,41,2,2,surrogate:eq1_not_representable,2,2,0.00675539999792818,context_not_evidence
poly_deg2_stlsq_0.1,2,False,0.1,42,1,2,surrogate:eq1_not_representable,2,2,0.010926599999947939,context_not_evidence
poly_deg2_stlsq_0.1,2,False,0.1,42,2,2,surrogate:eq1_not_representable,2,2,0.00923309999780031,context_not_evidence
poly_deg2_stlsq_0.1,2,False,0.1,43,1,2,exact,2,2,0.012727400004223455,context_not_evidence
poly_deg2_stlsq_0.1,2,False,0.1,43,2,2,exact,2,2,0.016608199999609496,context_not_evidence
poly_deg2_stlsq_0.1,2,False,0.1,44,1,2,surrogate:eq2_not_representable,2,2,0.015272700002242345,context_not_evidence
poly_deg2_stlsq_0.1,2,False,0.1,44,2,2,surrogate:eq2_not_representable,2,2,0.007400000002235174,context_not_evidence
poly_deg2_stlsq_0.1,2,False,0.1,45,1,2,surrogate:eq1_not_representable,2,2,0.007463299996743444,context_not_evidence
poly_deg2_stlsq_0.1,2,False,0.1,45,2,2,surrogate:eq1_not_representable,2,2,0.018389999997452833,context_not_evidence
poly_deg2_stlsq_0.1,2,False,0.1,46,1,2,surrogate:eq1_not_representable,2,2,0.01290319999679923,context_not_evidence
poly_deg2_stlsq_0.1,2,False,0.1,46,2,2,surrogate:eq1_not_representable,2,2,0.01951779999944847,context_not_evidence
poly_deg2_stlsq_0.1,2,False,0.1,47,1,2,surrogate:eq1_not_representable,2,2,0.01239730000088457,context_not_evidence
poly_deg2_stlsq_0.1,2,False,0.1,47,2,2,surrogate:eq1_not_representable,2,2,0.015965200000209734,context_not_evidence
poly_deg2_stlsq_0.1,2,False,0.1,48,1,2,surrogate:eq1_not_representable,2,2,0.01941159999842057,context_not_evidence
poly_deg2_stlsq_0.1,2,False,0.1,48,2,2,surrogate:eq1_not_representable,2,2,0.016242200006672647,context_not_evidence
poly_deg2_stlsq_0.1,2,False,0.1,49,1,2,surrogate:eq1_not_representable,2,2,0.0154024000003119,context_not_evidence
poly_deg2_stlsq_0.1,2,False,0.1,49,2,2,surrogate:eq1_not_representable,2,2,0.008726599997316953,context_not_evidence
poly_deg2_stlsq_0.1,2,False,0.1,50,1,2,surrogate:eq1_not_representable,2,2,0.014026900003955234,context_not_evidence
poly_deg2_stlsq_0.1,2,False,0.1,50,2,2,surrogate:eq1_not_representable,2,2,0.006494600005680695,context_not_evidence
poly_deg2_stlsq_0.1,2,False,0.1,51,1,2,surrogate:eq1_not_representable,2,2,0.006680400001641829,context_not_evidence
poly_deg2_stlsq_0.1,2,False,0.1,51,2,2,surrogate:eq1_not_representable,2,2,0.011655199996312149,context_not_evidence
poly_deg2_stlsq_0.1,2,False,0.1,52,1,3,exact,3,2,0.013206499999796506,context_not_evidence
poly_deg2_stlsq_0.1,2,False,0.1,52,2,3,exact,3,2,0.016896000000997446,context_not_evidence
poly_deg2_stlsq_0.1,2,False,0.1,53,1,3,surrogate:eq1_not_representable,3,2,0.014200300000084098,context_not_evidence
poly_deg2_stlsq_0.1,2,False,0.1,53,2,3,surrogate:eq1_not_representable,3,2,0.012195299997983966,context_not_evidence
poly_deg2_stlsq_0.1,2,False,0.1,54,1,3,exact,3,2,0.011992599997029174,context_not_evidence
poly_deg2_stlsq_0.1,2,False,0.1,54,2,3,exact,3,2,0.0098400999995647,context_not_evidence
poly_deg2_stlsq_0.1,2,False,0.1,55,1,3,exact,3,2,0.029220500000519678,context_not_evidence
poly_deg2_stlsq_0.1,2,False,0.1,55,2,3,exact,3,2,0.015199200002825819,context_not_evidence
poly_deg2_stlsq_0.1,2,False,0.1,56,1,3,exact,3,2,0.02502979999553645,context_not_evidence
poly_deg2_stlsq_0.1,2,False,0.1,56,2,3,exact,3,2,0.011884999999892898,context_not_evidence
poly_deg2_stlsq_0.1,2,False,0.1,57,1,3,exact,3,2,0.011619500000961125,context_not_evidence
poly_deg2_stlsq_0.1,2,False,0.1,57,2,3,exact,3,2,0.011078299998189323,context_not_evidence
poly_deg2_stlsq_0.1,2,False,0.1,58,1,3,exact,3,2,0.009950699997716583,context_not_evidence
poly_deg2_stlsq_0.1,2,False,0.1,58,2,3,exact,3,2,0.009121999995841179,context_not_evidence
poly_deg2_stlsq_0.1,2,False,0.1,59,1,3,exact,3,2,0.022383600000466686,context_not_evidence
poly_deg2_stlsq_0.1,2,False,0.1,59,2,3,exact,3,2,0.020931300001393538,context_not_evidence
poly_deg2_stlsq_0.1,2,False,0.1,60,1,3,surrogate:eq3_not_representable,3,2,0.016913899999053683,context_not_evidence
poly_deg2_stlsq_0.1,2,False,0.1,60,2,3,surrogate:eq3_not_representable,3,2,0.015202900001895614,context_not_evidence
poly_deg2_stlsq_0.1,2,False,0.1,61,1,3,exact,3,2,0.010726900000008754,context_not_evidence
poly_deg2_stlsq_0.1,2,False,0.1,61,2,3,exact,3,2,0.010721899998316076,context_not_evidence
poly_deg2_stlsq_0.1,2,False,0.1,62,1,4,surrogate:eq1_not_representable,4,2,0.022147199997561984,context_not_evidence
poly_deg2_stlsq_0.1,2,False,0.1,62,2,4,surrogate:eq1_not_representable,4,2,0.017129399995610584,context_not_evidence
poly_deg2_stlsq_0.1,2,False,0.1,63,1,4,exact,4,2,0.018045500000880565,context_not_evidence
poly_deg2_stlsq_0.1,2,False,0.1,63,2,4,exact,4,2,0.014612099999794737,context_not_evidence
poly_deg3_sin_cos_stlsq_0.01,3,True,0.01,1,1,1,exact,1,2,0.005231400005868636,context_not_evidence
poly_deg3_sin_cos_stlsq_0.01,3,True,0.01,1,2,1,exact,1,2,0.004972599999746308,context_not_evidence
poly_deg3_sin_cos_stlsq_0.01,3,True,0.01,2,1,1,exact,1,2,0.005132199999934528,context_not_evidence
poly_deg3_sin_cos_stlsq_0.01,3,True,0.01,2,2,1,exact,1,2,0.0049120999974547885,context_not_evidence
poly_deg3_sin_cos_stlsq_0.01,3,True,0.01,3,1,1,exact,1,2,0.005233199997746851,context_not_evidence
poly_deg3_sin_cos_stlsq_0.01,3,True,0.01,3,2,1,exact,1,2,0.00497489999543177,context_not_evidence
poly_deg3_sin_cos_stlsq_0.01,3,True,0.01,4,1,1,surrogate:eq1_not_representable,1,2,0.004561499998089857,context_not_evidence
poly_deg3_sin_cos_stlsq_0.01,3,True,0.01,4,2,1,surrogate:eq1_not_representable,1,2,0.005124600000272039,context_not_evidence
poly_deg3_sin_cos_stlsq_0.01,3,True,0.01,5,1,1,exact,1,2,0.0049549999966984615,context_not_evidence
poly_deg3_sin_cos_stlsq_0.01,3,True,0.01,5,2,1,exact,1,2,0.0055884000030346215,context_not_evidence
poly_deg3_sin_cos_stlsq_0.01,3,True,0.01,6,1,1,exact,1,2,0.005233500000031199,context_not_evidence
poly_deg3_sin_cos_stlsq_0.01,3,True,0.01,6,2,1,exact,1,2,0.004676600001403131,context_not_evidence
poly_deg3_sin_cos_stlsq_0.01,3,True,0.01,7,1,1,surrogate:eq1_not_representable,1,2,0.005543400002352428,context_not_evidence
poly_deg3_sin_cos_stlsq_0.01,3,True,0.01,7,2,1,surrogate:eq1_not_representable,1,2,0.0050205000006826594,context_not_evidence
poly_deg3_sin_cos_stlsq_0.01,3,True,0.01,8,1,1,exact,1,2,0.005480500003613997,context_not_evidence
poly_deg3_sin_cos_stlsq_0.01,3,True,0.01,8,2,1,exact,1,2,0.00493599999754224,context_not_evidence
poly_deg3_sin_cos_stlsq_0.01,3,True,0.01,9,1,1,exact,1,2,0.005027200000768062,context_not_evidence
poly_deg3_sin_cos_stlsq_0.01,3,True,0.01,9,2,1,exact,1,2,0.015309199996409006,context_not_evidence
poly_deg3_sin_cos_stlsq_0.01,3,True,0.01,10,1,1,surrogate:eq1_not_representable,1,2,0.005490700001246296,context_not_evidence
poly_deg3_sin_cos_stlsq_0.01,3,True,0.01,10,2,1,surrogate:eq1_not_representable,1,2,0.009435200001462363,context_not_evidence
poly_deg3_sin_cos_stlsq_0.01,3,True,0.01,11,1,1,exact,1,2,0.0071131000004243106,context_not_evidence
poly_deg3_sin_cos_stlsq_0.01,3,True,0.01,11,2,1,exact,1,2,0.00488480000058189,context_not_evidence
poly_deg3_sin_cos_stlsq_0.01,3,True,0.01,12,1,1,exact,1,2,0.006644000000960659,context_not_evidence
poly_deg3_sin_cos_stlsq_0.01,3,True,0.01,12,2,1,exact,1,2,0.00503970000136178,context_not_evidence
poly_deg3_sin_cos_stlsq_0.01,3,True,0.01,13,1,1,surrogate:eq1_not_representable,1,2,0.005342700002074707,context_not_evidence
poly_deg3_sin_cos_stlsq_0.01,3,True,0.01,13,2,1,surrogate:eq1_not_representable,1,2,0.004660300000978168,context_not_evidence
poly_deg3_sin_cos_stlsq_0.01,3,True,0.01,14,1,1,surrogate:eq1_not_representable,1,2,0.005651500003295951,context_not_evidence
poly_deg3_sin_cos_stlsq_0.01,3,True,0.01,14,2,1,surrogate:eq1_not_representable,1,2,0.005356299996492453,context_not_evidence
poly_deg3_sin_cos_stlsq_0.01,3,True,0.01,15,1,1,surrogate:eq1_not_representable,1,2,0.011380100004316773,context_not_evidence
poly_deg3_sin_cos_stlsq_0.01,3,True,0.01,15,2,1,surrogate:eq1_not_representable,1,2,0.005498899998201523,context_not_evidence
poly_deg3_sin_cos_stlsq_0.01,3,True,0.01,16,1,1,surrogate:eq1_not_representable,1,2,0.009669200000644196,context_not_evidence
poly_deg3_sin_cos_stlsq_0.01,3,True,0.01,16,2,1,surrogate:eq1_not_representable,1,2,0.007863099999667611,context_not_evidence
poly_deg3_sin_cos_stlsq_0.01,3,True,0.01,17,1,1,exact,1,2,0.008737999996810686,context_not_evidence
poly_deg3_sin_cos_stlsq_0.01,3,True,0.01,17,2,1,exact,1,2,0.007317700001294725,context_not_evidence
poly_deg3_sin_cos_stlsq_0.01,3,True,0.01,18,1,1,surrogate:eq1_not_representable,1,2,0.008421200000157114,context_not_evidence
poly_deg3_sin_cos_stlsq_0.01,3,True,0.01,18,2,1,surrogate:eq1_not_representable,1,2,0.005126999996718951,context_not_evidence
poly_deg3_sin_cos_stlsq_0.01,3,True,0.01,19,1,1,surrogate:eq1_not_representable,1,2,0.00994370000262279,context_not_evidence
poly_deg3_sin_cos_stlsq_0.01,3,True,0.01,19,2,1,surrogate:eq1_not_representable,1,2,0.01717800000187708,context_not_evidence
poly_deg3_sin_cos_stlsq_0.01,3,True,0.01,20,1,1,surrogate:eq1_not_representable,1,2,0.010289300000295043,context_not_evidence
poly_deg3_sin_cos_stlsq_0.01,3,True,0.01,20,2,1,surrogate:eq1_not_representable,1,2,0.0056863999998313375,context_not_evidence
poly_deg3_sin_cos_stlsq_0.01,3,True,0.01,21,1,1,surrogate:eq1_not_representable,1,2,0.007319600001210347,context_not_evidence
poly_deg3_sin_cos_stlsq_0.01,3,True,0.01,21,2,1,surrogate:eq1_not_representable,1,2,0.009031699999468401,context_not_evidence
poly_deg3_sin_cos_stlsq_0.01,3,True,0.01,22,1,1,surrogate:eq1_not_representable,1,2,0.0050325000047450885,context_not_evidence
poly_deg3_sin_cos_stlsq_0.01,3,True,0.01,22,2,1,surrogate:eq1_not_representable,1,2,0.007648099999642,context_not_evidence
poly_deg3_sin_cos_stlsq_0.01,3,True,0.01,23,1,1,exact,1,2,0.005505900000571273,context_not_evidence
poly_deg3_sin_cos_stlsq_0.01,3,True,0.01,23,2,1,exact,1,2,0.008279399997263681,context_not_evidence
poly_deg3_sin_cos_stlsq_0.01,3,True,0.01,24,1,2,exact,2,2,0.0131522000010591,context_not_evidence
poly_deg3_sin_cos_stlsq_0.01,3,True,0.01,24,2,2,exact,2,2,0.008137000004353467,context_not_evidence
poly_deg3_sin_cos_stlsq_0.01,3,True,0.01,25,1,2,exact,2,2,0.008106499997666106,context_not_evidence
poly_deg3_sin_cos_stlsq_0.01,3,True,0.01,25,2,2,exact,2,2,0.008609600001364015,context_not_evidence
poly_deg3_sin_cos_stlsq_0.01,3,True,0.01,26,1,2,exact,2,2,0.007954000000609085,context_not_evidence
poly_deg3_sin_cos_stlsq_0.01,3,True,0.01,26,2,2,exact,2,2,0.0095352999996976,context_not_evidence
poly_deg3_sin_cos_stlsq_0.01,3,True,0.01,27,1,2,exact,2,2,0.011383199998817872,context_not_evidence
poly_deg3_sin_cos_stlsq_0.01,3,True,0.01,27,2,2,exact,2,2,0.016968500000075437,context_not_evidence
poly_deg3_sin_cos_stlsq_0.01,3,True,0.01,28,1,2,exact,2,2,0.010927400006039534,context_not_evidence
poly_deg3_sin_cos_stlsq_0.01,3,True,0.01,28,2,2,exact,2,2,0.016738000005716458,context_not_evidence
poly_deg3_sin_cos_stlsq_0.01,3,True,0.01,29,1,2,exact,2,2,0.010557400004472584,context_not_evidence
poly_deg3_sin_cos_stlsq_0.01,3,True,0.01,29,2,2,exact,2,2,0.015031599999929313,context_not_evidence
poly_deg3_sin_cos_stlsq_0.01,3,True,0.01,30,1,2,surrogate:eq1_not_representable,2,2,0.012444399995729327,context_not_evidence
poly_deg3_sin_cos_stlsq_0.01,3,True,0.01,30,2,2,surrogate:eq1_not_representable,2,2,0.011924899998120964,context_not_evidence
poly_deg3_sin_cos_stlsq_0.01,3,True,0.01,31,1,2,exact,2,2,0.012323499999183696,context_not_evidence
poly_deg3_sin_cos_stlsq_0.01,3,True,0.01,31,2,2,exact,2,2,0.016327100005582906,context_not_evidence
poly_deg3_sin_cos_stlsq_0.01,3,True,0.01,32,1,2,exact,2,2,0.02482589999999618,context_not_evidence
poly_deg3_sin_cos_stlsq_0.01,3,True,0.01,32,2,2,exact,2,2,0.01768389999779174,context_not_evidence
poly_deg3_sin_cos_stlsq_0.01,3,True,0.01,33,1,2,surrogate:eq2_not_representable,2,2,0.015008800000941847,context_not_evidence
poly_deg3_sin_cos_stlsq_0.01,3,True,0.01,33,2,2,surrogate:eq2_not_representable,2,2,0.014406900001631584,context_not_evidence
poly_deg3_sin_cos_stlsq_0.01,3,True,0.01,34,1,2,surrogate:eq2_not_representable,2,2,0.016740700004447717,context_not_evidence
poly_deg3_sin_cos_stlsq_0.01,3,True,0.01,34,2,2,surrogate:eq2_not_representable,2,2,0.01985440000134986,context_not_evidence
poly_deg3_sin_cos_stlsq_0.01,3,True,0.01,35,1,2,surrogate:eq1_not_representable,2,2,0.021009800002502743,context_not_evidence
poly_deg3_sin_cos_stlsq_0.01,3,True,0.01,35,2,2,surrogate:eq1_not_representable,2,2,0.019914499993319623,context_not_evidence
poly_deg3_sin_cos_stlsq_0.01,3,True,0.01,36,1,2,surrogate:eq2_not_representable,2,2,0.026978000001690816,context_not_evidence
poly_deg3_sin_cos_stlsq_0.01,3,True,0.01,36,2,2,surrogate:eq2_not_representable,2,2,0.01887469999928726,context_not_evidence
poly_deg3_sin_cos_stlsq_0.01,3,True,0.01,37,1,2,surrogate:eq2_not_representable,2,2,0.019582499997341074,context_not_evidence
poly_deg3_sin_cos_stlsq_0.01,3,True,0.01,37,2,2,surrogate:eq2_not_representable,2,2,0.01086339999892516,context_not_evidence
poly_deg3_sin_cos_stlsq_0.01,3,True,0.01,38,1,2,exact,2,2,0.02281030000449391,context_not_evidence
poly_deg3_sin_cos_stlsq_0.01,3,True,0.01,38,2,2,exact,2,2,0.01599020000139717,context_not_evidence
poly_deg3_sin_cos_stlsq_0.01,3,True,0.01,39,1,2,surrogate:eq1_not_representable,2,2,0.013028399996983353,context_not_evidence
poly_deg3_sin_cos_stlsq_0.01,3,True,0.01,39,2,2,surrogate:eq1_not_representable,2,2,0.011492599995108321,context_not_evidence
poly_deg3_sin_cos_stlsq_0.01,3,True,0.01,40,1,2,surrogate:eq2_not_representable,2,2,0.009614099995815195,context_not_evidence
poly_deg3_sin_cos_stlsq_0.01,3,True,0.01,40,2,2,surrogate:eq2_not_representable,2,2,0.02235090000613127,context_not_evidence
poly_deg3_sin_cos_stlsq_0.01,3,True,0.01,41,1,2,surrogate:eq1_not_representable,2,2,0.009688300000561867,context_not_evidence
poly_deg3_sin_cos_stlsq_0.01,3,True,0.01,41,2,2,surrogate:eq1_not_representable,2,2,0.008588600001530722,context_not_evidence
poly_deg3_sin_cos_stlsq_0.01,3,True,0.01,42,1,2,surrogate:eq1_not_representable,2,2,0.008131100003083702,context_not_evidence
poly_deg3_sin_cos_stlsq_0.01,3,True,0.01,42,2,2,surrogate:eq1_not_representable,2,2,0.010482600002433173,context_not_evidence
poly_deg3_sin_cos_stlsq_0.01,3,True,0.01,43,1,2,exact,2,2,0.012305999996897299,context_not_evidence
poly_deg3_sin_cos_stlsq_0.01,3,True,0.01,43,2,2,exact,2,2,0.00996859999577282,context_not_evidence
poly_deg3_sin_cos_stlsq_0.01,3,True,0.01,44,1,2,surrogate:eq2_not_representable,2,2,0.009794400000828318,context_not_evidence
poly_deg3_sin_cos_stlsq_0.01,3,True,0.01,44,2,2,surrogate:eq2_not_representable,2,2,0.010952299999189563,context_not_evidence
poly_deg3_sin_cos_stlsq_0.01,3,True,0.01,45,1,2,surrogate:eq1_not_representable,2,2,0.02360480000061216,context_not_evidence
poly_deg3_sin_cos_stlsq_0.01,3,True,0.01,45,2,2,surrogate:eq1_not_representable,2,2,0.020362099996418692,context_not_evidence
poly_deg3_sin_cos_stlsq_0.01,3,True,0.01,46,1,2,surrogate:eq1_not_representable,2,2,0.01904649999778485,context_not_evidence
poly_deg3_sin_cos_stlsq_0.01,3,True,0.01,46,2,2,surrogate:eq1_not_representable,2,2,0.012713599993730895,context_not_evidence
poly_deg3_sin_cos_stlsq_0.01,3,True,0.01,47,1,2,surrogate:eq1_not_representable,2,2,0.010682499996619299,context_not_evidence
poly_deg3_sin_cos_stlsq_0.01,3,True,0.01,47,2,2,surrogate:eq1_not_representable,2,2,0.010018799999670591,context_not_evidence
poly_deg3_sin_cos_stlsq_0.01,3,True,0.01,48,1,2,surrogate:eq1_not_representable,2,2,0.013137199995981064,context_not_evidence
poly_deg3_sin_cos_stlsq_0.01,3,True,0.01,48,2,2,surrogate:eq1_not_representable,2,2,0.011441499998909421,context_not_evidence
poly_deg3_sin_cos_stlsq_0.01,3,True,0.01,49,1,2,surrogate:eq1_not_representable,2,2,0.01475390000268817,context_not_evidence
poly_deg3_sin_cos_stlsq_0.01,3,True,0.01,49,2,2,surrogate:eq1_not_representable,2,2,0.012255499997991137,context_not_evidence
poly_deg3_sin_cos_stlsq_0.01,3,True,0.01,50,1,2,surrogate:eq1_not_representable,2,2,0.012764399994921405,context_not_evidence
poly_deg3_sin_cos_stlsq_0.01,3,True,0.01,50,2,2,surrogate:eq1_not_representable,2,2,0.018957400003273506,context_not_evidence
poly_deg3_sin_cos_stlsq_0.01,3,True,0.01,51,1,2,surrogate:eq1_not_representable,2,2,0.012637799998628907,context_not_evidence
poly_deg3_sin_cos_stlsq_0.01,3,True,0.01,51,2,2,surrogate:eq1_not_representable,2,2,0.013299099999130704,context_not_evidence
poly_deg3_sin_cos_stlsq_0.01,3,True,0.01,52,1,3,exact,3,2,0.051413000001048204,context_not_evidence
poly_deg3_sin_cos_stlsq_0.01,3,True,0.01,52,2,3,exact,3,2,0.03175529999862192,context_not_evidence
poly_deg3_sin_cos_stlsq_0.01,3,True,0.01,53,1,3,surrogate:eq1_not_representable,3,2,0.051151599996956065,context_not_evidence
poly_deg3_sin_cos_stlsq_0.01,3,True,0.01,53,2,3,surrogate:eq1_not_representable,3,2,0.0586777999997139,context_not_evidence
poly_deg3_sin_cos_stlsq_0.01,3,True,0.01,54,1,3,exact,3,2,0.041044700003112666,context_not_evidence
poly_deg3_sin_cos_stlsq_0.01,3,True,0.01,54,2,3,exact,3,2,0.02799360000062734,context_not_evidence
poly_deg3_sin_cos_stlsq_0.01,3,True,0.01,55,1,3,exact,3,2,0.03042309999727877,context_not_evidence
poly_deg3_sin_cos_stlsq_0.01,3,True,0.01,55,2,3,exact,3,2,0.02567579999595182,context_not_evidence
poly_deg3_sin_cos_stlsq_0.01,3,True,0.01,56,1,3,exact,3,2,0.041754099998797756,context_not_evidence
poly_deg3_sin_cos_stlsq_0.01,3,True,0.01,56,2,3,exact,3,2,0.03729709999606712,context_not_evidence
poly_deg3_sin_cos_stlsq_0.01,3,True,0.01,57,1,3,exact,3,2,0.03632410000136588,context_not_evidence
poly_deg3_sin_cos_stlsq_0.01,3,True,0.01,57,2,3,exact,3,2,0.019448699997155927,context_not_evidence
poly_deg3_sin_cos_stlsq_0.01,3,True,0.01,58,1,3,exact,3,2,0.02165499999682652,context_not_evidence
poly_deg3_sin_cos_stlsq_0.01,3,True,0.01,58,2,3,exact,3,2,0.032180599999264814,context_not_evidence
poly_deg3_sin_cos_stlsq_0.01,3,True,0.01,59,1,3,exact,3,2,0.019306899994262494,context_not_evidence
poly_deg3_sin_cos_stlsq_0.01,3,True,0.01,59,2,3,exact,3,2,0.027486099999805447,context_not_evidence
poly_deg3_sin_cos_stlsq_0.01,3,True,0.01,60,1,3,surrogate:eq3_not_representable,3,2,0.038920700004382525,context_not_evidence
poly_deg3_sin_cos_stlsq_0.01,3,True,0.01,60,2,3,surrogate:eq3_not_representable,3,2,0.02935789999901317,context_not_evidence
poly_deg3_sin_cos_stlsq_0.01,3,True,0.01,61,1,3,exact,3,2,0.02212399999552872,context_not_evidence
poly_deg3_sin_cos_stlsq_0.01,3,True,0.01,61,2,3,exact,3,2,0.032782499998575076,context_not_evidence
poly_deg3_sin_cos_stlsq_0.01,3,True,0.01,62,1,4,surrogate:eq1_not_representable,4,2,0.28882240000530146,context_not_evidence
poly_deg3_sin_cos_stlsq_0.01,3,True,0.01,62,2,4,surrogate:eq1_not_representable,4,2,0.1632127999982913,context_not_evidence
poly_deg3_sin_cos_stlsq_0.01,3,True,0.01,63,1,4,exact,4,2,0.04587870000250405,context_not_evidence
poly_deg3_sin_cos_stlsq_0.01,3,True,0.01,63,2,4,exact,4,2,0.07087129999854369,context_not_evidence
poly_deg3_sin_cos_stlsq_0.1,3,True,0.1,1,1,1,exact,1,2,0.01060940000024857,context_not_evidence
poly_deg3_sin_cos_stlsq_0.1,3,True,0.1,1,2,1,exact,1,2,0.00999240000237478,context_not_evidence
poly_deg3_sin_cos_stlsq_0.1,3,True,0.1,2,1,1,exact,1,2,0.013267199996334966,context_not_evidence
poly_deg3_sin_cos_stlsq_0.1,3,True,0.1,2,2,1,exact,1,2,0.007599999997182749,context_not_evidence
poly_deg3_sin_cos_stlsq_0.1,3,True,0.1,3,1,1,exact,1,2,0.008928600000217557,context_not_evidence
poly_deg3_sin_cos_stlsq_0.1,3,True,0.1,3,2,1,exact,1,2,0.012698699996690266,context_not_evidence
poly_deg3_sin_cos_stlsq_0.1,3,True,0.1,4,1,1,surrogate:eq1_not_representable,1,2,0.009265199994842988,context_not_evidence
poly_deg3_sin_cos_stlsq_0.1,3,True,0.1,4,2,1,surrogate:eq1_not_representable,1,2,0.014106199996604118,context_not_evidence
poly_deg3_sin_cos_stlsq_0.1,3,True,0.1,5,1,1,exact,1,2,0.005907999999180902,context_not_evidence
poly_deg3_sin_cos_stlsq_0.1,3,True,0.1,5,2,1,exact,1,2,0.010808899998664856,context_not_evidence
poly_deg3_sin_cos_stlsq_0.1,3,True,0.1,6,1,1,exact,1,2,0.005903600002056919,context_not_evidence
poly_deg3_sin_cos_stlsq_0.1,3,True,0.1,6,2,1,exact,1,2,0.008005399999092333,context_not_evidence
poly_deg3_sin_cos_stlsq_0.1,3,True,0.1,7,1,1,surrogate:eq1_not_representable,1,2,0.005659300004481338,context_not_evidence
poly_deg3_sin_cos_stlsq_0.1,3,True,0.1,7,2,1,surrogate:eq1_not_representable,1,2,0.005898399998841342,context_not_evidence
poly_deg3_sin_cos_stlsq_0.1,3,True,0.1,8,1,1,exact,1,2,0.007466900002327748,context_not_evidence
poly_deg3_sin_cos_stlsq_0.1,3,True,0.1,8,2,1,exact,1,2,0.010738899996795226,context_not_evidence
poly_deg3_sin_cos_stlsq_0.1,3,True,0.1,9,1,1,exact,1,2,0.007247499997902196,context_not_evidence
poly_deg3_sin_cos_stlsq_0.1,3,True,0.1,9,2,1,exact,1,2,0.00906329999997979,context_not_evidence
poly_deg3_sin_cos_stlsq_0.1,3,True,0.1,10,1,1,surrogate:eq1_not_representable,1,2,0.0055635000026086345,context_not_evidence
poly_deg3_sin_cos_stlsq_0.1,3,True,0.1,10,2,1,surrogate:eq1_not_representable,1,2,0.015046399996208493,context_not_evidence
poly_deg3_sin_cos_stlsq_0.1,3,True,0.1,11,1,1,exact,1,2,0.005331899999873713,context_not_evidence
poly_deg3_sin_cos_stlsq_0.1,3,True,0.1,11,2,1,exact,1,2,0.0071879999959492125,context_not_evidence
poly_deg3_sin_cos_stlsq_0.1,3,True,0.1,12,1,1,exact,1,2,0.006513699998322409,context_not_evidence
poly_deg3_sin_cos_stlsq_0.1,3,True,0.1,12,2,1,exact,1,2,0.0054942999995546415,context_not_evidence
poly_deg3_sin_cos_stlsq_0.1,3,True,0.1,13,1,1,surrogate:eq1_not_representable,1,2,0.006404100000509061,context_not_evidence
poly_deg3_sin_cos_stlsq_0.1,3,True,0.1,13,2,1,surrogate:eq1_not_representable,1,2,0.010118899997905828,context_not_evidence
poly_deg3_sin_cos_stlsq_0.1,3,True,0.1,14,1,1,surrogate:eq1_not_representable,1,2,0.006190600004629232,context_not_evidence
poly_deg3_sin_cos_stlsq_0.1,3,True,0.1,14,2,1,surrogate:eq1_not_representable,1,2,0.009317600000940729,context_not_evidence
poly_deg3_sin_cos_stlsq_0.1,3,True,0.1,15,1,1,surrogate:eq1_not_representable,1,2,0.006982099999731872,context_not_evidence
poly_deg3_sin_cos_stlsq_0.1,3,True,0.1,15,2,1,surrogate:eq1_not_representable,1,2,0.006015300001308788,context_not_evidence
poly_deg3_sin_cos_stlsq_0.1,3,True,0.1,16,1,1,surrogate:eq1_not_representable,1,2,0.006447100000514183,context_not_evidence
poly_deg3_sin_cos_stlsq_0.1,3,True,0.1,16,2,1,surrogate:eq1_not_representable,1,2,0.0067631000056280755,context_not_evidence
poly_deg3_sin_cos_stlsq_0.1,3,True,0.1,17,1,1,exact,1,2,0.006280400004470721,context_not_evidence
poly_deg3_sin_cos_stlsq_0.1,3,True,0.1,17,2,1,exact,1,2,0.009660299998358823,context_not_evidence
poly_deg3_sin_cos_stlsq_0.1,3,True,0.1,18,1,1,surrogate:eq1_not_representable,1,2,0.011836500001663808,context_not_evidence
poly_deg3_sin_cos_stlsq_0.1,3,True,0.1,18,2,1,surrogate:eq1_not_representable,1,2,0.02566379999916535,context_not_evidence
poly_deg3_sin_cos_stlsq_0.1,3,True,0.1,19,1,1,surrogate:eq1_not_representable,1,2,0.015263400004187133,context_not_evidence
poly_deg3_sin_cos_stlsq_0.1,3,True,0.1,19,2,1,surrogate:eq1_not_representable,1,2,0.007042600002023391,context_not_evidence
poly_deg3_sin_cos_stlsq_0.1,3,True,0.1,20,1,1,surrogate:eq1_not_representable,1,2,0.015069799999764655,context_not_evidence
poly_deg3_sin_cos_stlsq_0.1,3,True,0.1,20,2,1,surrogate:eq1_not_representable,1,2,0.0053918000048724934,context_not_evidence
poly_deg3_sin_cos_stlsq_0.1,3,True,0.1,21,1,1,surrogate:eq1_not_representable,1,2,0.011326599997119047,context_not_evidence
poly_deg3_sin_cos_stlsq_0.1,3,True,0.1,21,2,1,surrogate:eq1_not_representable,1,2,0.0064867000037338585,context_not_evidence
poly_deg3_sin_cos_stlsq_0.1,3,True,0.1,22,1,1,surrogate:eq1_not_representable,1,2,0.007076800000504591,context_not_evidence
poly_deg3_sin_cos_stlsq_0.1,3,True,0.1,22,2,1,surrogate:eq1_not_representable,1,2,0.006578200001968071,context_not_evidence
poly_deg3_sin_cos_stlsq_0.1,3,True,0.1,23,1,1,exact,1,2,0.0073514999967301264,context_not_evidence
poly_deg3_sin_cos_stlsq_0.1,3,True,0.1,23,2,1,exact,1,2,0.006122300001152325,context_not_evidence
poly_deg3_sin_cos_stlsq_0.1,3,True,0.1,24,1,2,exact,2,2,0.019393499998841435,context_not_evidence
poly_deg3_sin_cos_stlsq_0.1,3,True,0.1,24,2,2,exact,2,2,0.009920999997120816,context_not_evidence
poly_deg3_sin_cos_stlsq_0.1,3,True,0.1,25,1,2,exact,2,2,0.010456299998622853,context_not_evidence
poly_deg3_sin_cos_stlsq_0.1,3,True,0.1,25,2,2,exact,2,2,0.013533099998312537,context_not_evidence
poly_deg3_sin_cos_stlsq_0.1,3,True,0.1,26,1,2,exact,2,2,0.009161399997537956,context_not_evidence
poly_deg3_sin_cos_stlsq_0.1,3,True,0.1,26,2,2,exact,2,2,0.020956799999112263,context_not_evidence
poly_deg3_sin_cos_stlsq_0.1,3,True,0.1,27,1,2,exact,2,2,0.015981700002157595,context_not_evidence
poly_deg3_sin_cos_stlsq_0.1,3,True,0.1,27,2,2,exact,2,2,0.01323699999920791,context_not_evidence
poly_deg3_sin_cos_stlsq_0.1,3,True,0.1,28,1,2,exact,2,2,0.009773699996003415,context_not_evidence
poly_deg3_sin_cos_stlsq_0.1,3,True,0.1,28,2,2,exact,2,2,0.013658999996550847,context_not_evidence
poly_deg3_sin_cos_stlsq_0.1,3,True,0.1,29,1,2,exact,2,2,0.014221800003724638,context_not_evidence
poly_deg3_sin_cos_stlsq_0.1,3,True,0.1,29,2,2,exact,2,2,0.010669000002963003,context_not_evidence
poly_deg3_sin_cos_stlsq_0.1,3,True,0.1,30,1,2,surrogate:eq1_not_representable,2,2,0.008659099999931641,context_not_evidence
poly_deg3_sin_cos_stlsq_0.1,3,True,0.1,30,2,2,surrogate:eq1_not_representable,2,2,0.019228000004659407,context_not_evidence
poly_deg3_sin_cos_stlsq_0.1,3,True,0.1,31,1,2,exact,2,2,0.009953100001439452,context_not_evidence
poly_deg3_sin_cos_stlsq_0.1,3,True,0.1,31,2,2,exact,2,2,0.023540399997727945,context_not_evidence
poly_deg3_sin_cos_stlsq_0.1,3,True,0.1,32,1,2,exact,2,2,0.013808399999106769,context_not_evidence
poly_deg3_sin_cos_stlsq_0.1,3,True,0.1,32,2,2,exact,2,2,0.011915299997781403,context_not_evidence
poly_deg3_sin_cos_stlsq_0.1,3,True,0.1,33,1,2,surrogate:eq2_not_representable,2,2,0.010349899996072054,context_not_evidence
poly_deg3_sin_cos_stlsq_0.1,3,True,0.1,33,2,2,surrogate:eq2_not_representable,2,2,0.0268590999985463,context_not_evidence
poly_deg3_sin_cos_stlsq_0.1,3,True,0.1,34,1,2,surrogate:eq2_not_representable,2,2,0.008608299998741131,context_not_evidence
poly_deg3_sin_cos_stlsq_0.1,3,True,0.1,34,2,2,surrogate:eq2_not_representable,2,2,0.017397199997503776,context_not_evidence
poly_deg3_sin_cos_stlsq_0.1,3,True,0.1,35,1,2,surrogate:eq1_not_representable,2,2,0.024082899995846674,context_not_evidence
poly_deg3_sin_cos_stlsq_0.1,3,True,0.1,35,2,2,surrogate:eq1_not_representable,2,2,0.02027059999818448,context_not_evidence
poly_deg3_sin_cos_stlsq_0.1,3,True,0.1,36,1,2,surrogate:eq2_not_representable,2,2,0.019182999996701255,context_not_evidence
poly_deg3_sin_cos_stlsq_0.1,3,True,0.1,36,2,2,surrogate:eq2_not_representable,2,2,0.021385800006100908,context_not_evidence
poly_deg3_sin_cos_stlsq_0.1,3,True,0.1,37,1,2,surrogate:eq2_not_representable,2,2,0.013874199998099357,context_not_evidence
poly_deg3_sin_cos_stlsq_0.1,3,True,0.1,37,2,2,surrogate:eq2_not_representable,2,2,0.009606899999198504,context_not_evidence
poly_deg3_sin_cos_stlsq_0.1,3,True,0.1,38,1,2,exact,2,2,0.01142509999772301,context_not_evidence
poly_deg3_sin_cos_stlsq_0.1,3,True,0.1,38,2,2,exact,2,2,0.023107200002414174,context_not_evidence
poly_deg3_sin_cos_stlsq_0.1,3,True,0.1,39,1,2,surrogate:eq1_not_representable,2,2,0.012391800002660602,context_not_evidence
poly_deg3_sin_cos_stlsq_0.1,3,True,0.1,39,2,2,surrogate:eq1_not_representable,2,2,0.019126900006085634,context_not_evidence
poly_deg3_sin_cos_stlsq_0.1,3,True,0.1,40,1,2,surrogate:eq2_not_representable,2,2,0.011515899997903034,context_not_evidence
poly_deg3_sin_cos_stlsq_0.1,3,True,0.1,40,2,2,surrogate:eq2_not_representable,2,2,0.008009500001207925,context_not_evidence
poly_deg3_sin_cos_stlsq_0.1,3,True,0.1,41,1,2,surrogate:eq1_not_representable,2,2,0.009822699998039752,context_not_evidence
poly_deg3_sin_cos_stlsq_0.1,3,True,0.1,41,2,2,surrogate:eq1_not_representable,2,2,0.020303400000557303,context_not_evidence
poly_deg3_sin_cos_stlsq_0.1,3,True,0.1,42,1,2,surrogate:eq1_not_representable,2,2,0.010148300003493205,context_not_evidence
poly_deg3_sin_cos_stlsq_0.1,3,True,0.1,42,2,2,surrogate:eq1_not_representable,2,2,0.011425899996538647,context_not_evidence
poly_deg3_sin_cos_stlsq_0.1,3,True,0.1,43,1,2,exact,2,2,0.009855300006165635,context_not_evidence
poly_deg3_sin_cos_stlsq_0.1,3,True,0.1,43,2,2,exact,2,2,0.007847599998058286,context_not_evidence
poly_deg3_sin_cos_stlsq_0.1,3,True,0.1,44,1,2,surrogate:eq2_not_representable,2,2,0.007789399998728186,context_not_evidence
poly_deg3_sin_cos_stlsq_0.1,3,True,0.1,44,2,2,surrogate:eq2_not_representable,2,2,0.008771200002229307,context_not_evidence
poly_deg3_sin_cos_stlsq_0.1,3,True,0.1,45,1,2,surrogate:eq1_not_representable,2,2,0.014868600002955645,context_not_evidence
poly_deg3_sin_cos_stlsq_0.1,3,True,0.1,45,2,2,surrogate:eq1_not_representable,2,2,0.015032700001029298,context_not_evidence
poly_deg3_sin_cos_stlsq_0.1,3,True,0.1,46,1,2,surrogate:eq1_not_representable,2,2,0.01116829999955371,context_not_evidence
poly_deg3_sin_cos_stlsq_0.1,3,True,0.1,46,2,2,surrogate:eq1_not_representable,2,2,0.012108700000680983,context_not_evidence
poly_deg3_sin_cos_stlsq_0.1,3,True,0.1,47,1,2,surrogate:eq1_not_representable,2,2,0.009151300000667106,context_not_evidence
poly_deg3_sin_cos_stlsq_0.1,3,True,0.1,47,2,2,surrogate:eq1_not_representable,2,2,0.01833759999863105,context_not_evidence
poly_deg3_sin_cos_stlsq_0.1,3,True,0.1,48,1,2,surrogate:eq1_not_representable,2,2,0.010068899995530955,context_not_evidence
poly_deg3_sin_cos_stlsq_0.1,3,True,0.1,48,2,2,surrogate:eq1_not_representable,2,2,0.009825799999816809,context_not_evidence
poly_deg3_sin_cos_stlsq_0.1,3,True,0.1,49,1,2,surrogate:eq1_not_representable,2,2,0.01537389999430161,context_not_evidence
poly_deg3_sin_cos_stlsq_0.1,3,True,0.1,49,2,2,surrogate:eq1_not_representable,2,2,0.01688339999964228,context_not_evidence
poly_deg3_sin_cos_stlsq_0.1,3,True,0.1,50,1,2,surrogate:eq1_not_representable,2,2,0.018551699999079574,context_not_evidence
poly_deg3_sin_cos_stlsq_0.1,3,True,0.1,50,2,2,surrogate:eq1_not_representable,2,2,0.011961199998040684,context_not_evidence
poly_deg3_sin_cos_stlsq_0.1,3,True,0.1,51,1,2,surrogate:eq1_not_representable,2,2,0.016270200001599733,context_not_evidence
poly_deg3_sin_cos_stlsq_0.1,3,True,0.1,51,2,2,surrogate:eq1_not_representable,2,2,0.014882300005410798,context_not_evidence
poly_deg3_sin_cos_stlsq_0.1,3,True,0.1,52,1,3,exact,3,2,0.020649799997045193,context_not_evidence
poly_deg3_sin_cos_stlsq_0.1,3,True,0.1,52,2,3,exact,3,2,0.018591899999591988,context_not_evidence
poly_deg3_sin_cos_stlsq_0.1,3,True,0.1,53,1,3,surrogate:eq1_not_representable,3,2,0.038226999997277744,context_not_evidence
poly_deg3_sin_cos_stlsq_0.1,3,True,0.1,53,2,3,surrogate:eq1_not_representable,3,2,0.026818599995749537,context_not_evidence
poly_deg3_sin_cos_stlsq_0.1,3,True,0.1,54,1,3,exact,3,2,0.01687339999625692,context_not_evidence
poly_deg3_sin_cos_stlsq_0.1,3,True,0.1,54,2,3,exact,3,2,0.018543999998655636,context_not_evidence
poly_deg3_sin_cos_stlsq_0.1,3,True,0.1,55,1,3,exact,3,2,0.01715410000178963,context_not_evidence
poly_deg3_sin_cos_stlsq_0.1,3,True,0.1,55,2,3,exact,3,2,0.02499320000060834,context_not_evidence
poly_deg3_sin_cos_stlsq_0.1,3,True,0.1,56,1,3,exact,3,2,0.01373520000197459,context_not_evidence
poly_deg3_sin_cos_stlsq_0.1,3,True,0.1,56,2,3,exact,3,2,0.023215900000650436,context_not_evidence
poly_deg3_sin_cos_stlsq_0.1,3,True,0.1,57,1,3,exact,3,2,0.03905289999966044,context_not_evidence
poly_deg3_sin_cos_stlsq_0.1,3,True,0.1,57,2,3,exact,3,2,0.017672499998298008,context_not_evidence
poly_deg3_sin_cos_stlsq_0.1,3,True,0.1,58,1,3,exact,3,2,0.02861710000433959,context_not_evidence
poly_deg3_sin_cos_stlsq_0.1,3,True,0.1,58,2,3,exact,3,2,0.036612799995054957,context_not_evidence
poly_deg3_sin_cos_stlsq_0.1,3,True,0.1,59,1,3,exact,3,2,0.014167399996949825,context_not_evidence
poly_deg3_sin_cos_stlsq_0.1,3,True,0.1,59,2,3,exact,3,2,0.017989800006034784,context_not_evidence
poly_deg3_sin_cos_stlsq_0.1,3,True,0.1,60,1,3,surrogate:eq3_not_representable,3,2,0.01674450000427896,context_not_evidence
poly_deg3_sin_cos_stlsq_0.1,3,True,0.1,60,2,3,surrogate:eq3_not_representable,3,2,0.017341300001135096,context_not_evidence
poly_deg3_sin_cos_stlsq_0.1,3,True,0.1,61,1,3,exact,3,2,0.022374300002411474,context_not_evidence
poly_deg3_sin_cos_stlsq_0.1,3,True,0.1,61,2,3,exact,3,2,0.01849439999932656,context_not_evidence
poly_deg3_sin_cos_stlsq_0.1,3,True,0.1,62,1,4,surrogate:eq1_not_representable,4,2,0.016638499997498002,context_not_evidence
poly_deg3_sin_cos_stlsq_0.1,3,True,0.1,62,2,4,surrogate:eq1_not_representable,4,2,0.038642999999865424,context_not_evidence
poly_deg3_sin_cos_stlsq_0.1,3,True,0.1,63,1,4,exact,4,2,0.033571100000699516,context_not_evidence
poly_deg3_sin_cos_stlsq_0.1,3,True,0.1,63,2,4,exact,4,2,0.03883330000098795,context_not_evidence
poly_deg3_stlsq_0.01,3,False,0.01,1,1,1,exact,1,2,0.010341100001824088,context_not_evidence
poly_deg3_stlsq_0.01,3,False,0.01,1,2,1,exact,1,2,0.009413699997821823,context_not_evidence
poly_deg3_stlsq_0.01,3,False,0.01,2,1,1,exact,1,2,0.00513900000078138,context_not_evidence
poly_deg3_stlsq_0.01,3,False,0.01,2,2,1,exact,1,2,0.007025500002782792,context_not_evidence
poly_deg3_stlsq_0.01,3,False,0.01,3,1,1,exact,1,2,0.011235600002692081,context_not_evidence
poly_deg3_stlsq_0.01,3,False,0.01,3,2,1,exact,1,2,0.011140900001919363,context_not_evidence
poly_deg3_stlsq_0.01,3,False,0.01,4,1,1,surrogate:eq1_not_representable,1,2,0.007518799997342285,context_not_evidence
poly_deg3_stlsq_0.01,3,False,0.01,4,2,1,surrogate:eq1_not_representable,1,2,0.00888219999615103,context_not_evidence
poly_deg3_stlsq_0.01,3,False,0.01,5,1,1,exact,1,2,0.005148699994606432,context_not_evidence
poly_deg3_stlsq_0.01,3,False,0.01,5,2,1,exact,1,2,0.005444299997179769,context_not_evidence
poly_deg3_stlsq_0.01,3,False,0.01,6,1,1,exact,1,2,0.005092599996714853,context_not_evidence
poly_deg3_stlsq_0.01,3,False,0.01,6,2,1,exact,1,2,0.008765300000959542,context_not_evidence
poly_deg3_stlsq_0.01,3,False,0.01,7,1,1,surrogate:eq1_not_representable,1,2,0.009209299998474307,context_not_evidence
poly_deg3_stlsq_0.01,3,False,0.01,7,2,1,surrogate:eq1_not_representable,1,2,0.004991800000425428,context_not_evidence
poly_deg3_stlsq_0.01,3,False,0.01,8,1,1,exact,1,2,0.006061200001568068,context_not_evidence
poly_deg3_stlsq_0.01,3,False,0.01,8,2,1,exact,1,2,0.0049732999978004955,context_not_evidence
poly_deg3_stlsq_0.01,3,False,0.01,9,1,1,exact,1,2,0.0086689000017941,context_not_evidence
poly_deg3_stlsq_0.01,3,False,0.01,9,2,1,exact,1,2,0.00443960000120569,context_not_evidence
poly_deg3_stlsq_0.01,3,False,0.01,10,1,1,surrogate:eq1_not_representable,1,2,0.004849400000239257,context_not_evidence
poly_deg3_stlsq_0.01,3,False,0.01,10,2,1,surrogate:eq1_not_representable,1,2,0.008992299997771624,context_not_evidence
poly_deg3_stlsq_0.01,3,False,0.01,11,1,1,exact,1,2,0.008839900001476053,context_not_evidence
poly_deg3_stlsq_0.01,3,False,0.01,11,2,1,exact,1,2,0.013480599998729303,context_not_evidence
poly_deg3_stlsq_0.01,3,False,0.01,12,1,1,exact,1,2,0.005720199995266739,context_not_evidence
poly_deg3_stlsq_0.01,3,False,0.01,12,2,1,exact,1,2,0.005149299999175128,context_not_evidence
poly_deg3_stlsq_0.01,3,False,0.01,13,1,1,surrogate:eq1_not_representable,1,2,0.004670900001656264,context_not_evidence
poly_deg3_stlsq_0.01,3,False,0.01,13,2,1,surrogate:eq1_not_representable,1,2,0.004370599999674596,context_not_evidence
poly_deg3_stlsq_0.01,3,False,0.01,14,1,1,surrogate:eq1_not_representable,1,2,0.010360500004026107,context_not_evidence
poly_deg3_stlsq_0.01,3,False,0.01,14,2,1,surrogate:eq1_not_representable,1,2,0.004967699998815078,context_not_evidence
poly_deg3_stlsq_0.01,3,False,0.01,15,1,1,surrogate:eq1_not_representable,1,2,0.005087700003059581,context_not_evidence
poly_deg3_stlsq_0.01,3,False,0.01,15,2,1,surrogate:eq1_not_representable,1,2,0.0048277999958372675,context_not_evidence
poly_deg3_stlsq_0.01,3,False,0.01,16,1,1,surrogate:eq1_not_representable,1,2,0.005477099999552593,context_not_evidence
poly_deg3_stlsq_0.01,3,False,0.01,16,2,1,surrogate:eq1_not_representable,1,2,0.005964000003586989,context_not_evidence
poly_deg3_stlsq_0.01,3,False,0.01,17,1,1,exact,1,2,0.005294299997331109,context_not_evidence
poly_deg3_stlsq_0.01,3,False,0.01,17,2,1,exact,1,2,0.009309900000516791,context_not_evidence
poly_deg3_stlsq_0.01,3,False,0.01,18,1,1,surrogate:eq1_not_representable,1,2,0.005269499997666571,context_not_evidence
poly_deg3_stlsq_0.01,3,False,0.01,18,2,1,surrogate:eq1_not_representable,1,2,0.005295999995723832,context_not_evidence
poly_deg3_stlsq_0.01,3,False,0.01,19,1,1,surrogate:eq1_not_representable,1,2,0.005828299996210262,context_not_evidence
poly_deg3_stlsq_0.01,3,False,0.01,19,2,1,surrogate:eq1_not_representable,1,2,0.005330899999535177,context_not_evidence
poly_deg3_stlsq_0.01,3,False,0.01,20,1,1,surrogate:eq1_not_representable,1,2,0.004670300004363526,context_not_evidence
poly_deg3_stlsq_0.01,3,False,0.01,20,2,1,surrogate:eq1_not_representable,1,2,0.004536000000371132,context_not_evidence
poly_deg3_stlsq_0.01,3,False,0.01,21,1,1,surrogate:eq1_not_representable,1,2,0.004414700000779703,context_not_evidence
poly_deg3_stlsq_0.01,3,False,0.01,21,2,1,surrogate:eq1_not_representable,1,2,0.00834210000175517,context_not_evidence
poly_deg3_stlsq_0.01,3,False,0.01,22,1,1,surrogate:eq1_not_representable,1,2,0.006565899995621294,context_not_evidence
poly_deg3_stlsq_0.01,3,False,0.01,22,2,1,surrogate:eq1_not_representable,1,2,0.004782199997862335,context_not_evidence
poly_deg3_stlsq_0.01,3,False,0.01,23,1,1,exact,1,2,0.0048500999982934445,context_not_evidence
poly_deg3_stlsq_0.01,3,False,0.01,23,2,1,exact,1,2,0.01066980000177864,context_not_evidence
poly_deg3_stlsq_0.01,3,False,0.01,24,1,2,exact,2,2,0.007779899999150075,context_not_evidence
poly_deg3_stlsq_0.01,3,False,0.01,24,2,2,exact,2,2,0.008368200004042592,context_not_evidence
poly_deg3_stlsq_0.01,3,False,0.01,25,1,2,exact,2,2,0.008167899999534711,context_not_evidence
poly_deg3_stlsq_0.01,3,False,0.01,25,2,2,exact,2,2,0.007166300005337689,context_not_evidence
poly_deg3_stlsq_0.01,3,False,0.01,26,1,2,exact,2,2,0.006704100000206381,context_not_evidence
poly_deg3_stlsq_0.01,3,False,0.01,26,2,2,exact,2,2,0.0064505999980610795,context_not_evidence
poly_deg3_stlsq_0.01,3,False,0.01,27,1,2,exact,2,2,0.008681400002387818,context_not_evidence
poly_deg3_stlsq_0.01,3,False,0.01,27,2,2,exact,2,2,0.019902399995771702,context_not_evidence
poly_deg3_stlsq_0.01,3,False,0.01,28,1,2,exact,2,2,0.008665000001201406,context_not_evidence
poly_deg3_stlsq_0.01,3,False,0.01,28,2,2,exact,2,2,0.008567999997467268,context_not_evidence
poly_deg3_stlsq_0.01,3,False,0.01,29,1,2,exact,2,2,0.008430000001681037,context_not_evidence
poly_deg3_stlsq_0.01,3,False,0.01,29,2,2,exact,2,2,0.030136200002743863,context_not_evidence
poly_deg3_stlsq_0.01,3,False,0.01,30,1,2,surrogate:eq1_not_representable,2,2,0.013781299996480811,context_not_evidence
poly_deg3_stlsq_0.01,3,False,0.01,30,2,2,surrogate:eq1_not_representable,2,2,0.019598999999288935,context_not_evidence
poly_deg3_stlsq_0.01,3,False,0.01,31,1,2,exact,2,2,0.02707399999781046,context_not_evidence
poly_deg3_stlsq_0.01,3,False,0.01,31,2,2,exact,2,2,0.01798659999622032,context_not_evidence
poly_deg3_stlsq_0.01,3,False,0.01,32,1,2,exact,2,2,0.013753900006122421,context_not_evidence
poly_deg3_stlsq_0.01,3,False,0.01,32,2,2,exact,2,2,0.008412400005909149,context_not_evidence
poly_deg3_stlsq_0.01,3,False,0.01,33,1,2,surrogate:eq2_not_representable,2,2,0.020177500002318993,context_not_evidence
poly_deg3_stlsq_0.01,3,False,0.01,33,2,2,surrogate:eq2_not_representable,2,2,0.01794289999816101,context_not_evidence
poly_deg3_stlsq_0.01,3,False,0.01,34,1,2,surrogate:eq2_not_representable,2,2,0.014434800003073178,context_not_evidence
poly_deg3_stlsq_0.01,3,False,0.01,34,2,2,surrogate:eq2_not_representable,2,2,0.016537700001208577,context_not_evidence
poly_deg3_stlsq_0.01,3,False,0.01,35,1,2,surrogate:eq1_not_representable,2,2,0.014659200001915451,context_not_evidence
poly_deg3_stlsq_0.01,3,False,0.01,35,2,2,surrogate:eq1_not_representable,2,2,0.007956900000863243,context_not_evidence
poly_deg3_stlsq_0.01,3,False,0.01,36,1,2,surrogate:eq2_not_representable,2,2,0.010099799997988157,context_not_evidence
poly_deg3_stlsq_0.01,3,False,0.01,36,2,2,surrogate:eq2_not_representable,2,2,0.021323999993910547,context_not_evidence
poly_deg3_stlsq_0.01,3,False,0.01,37,1,2,surrogate:eq2_not_representable,2,2,0.00885790000029374,context_not_evidence
poly_deg3_stlsq_0.01,3,False,0.01,37,2,2,surrogate:eq2_not_representable,2,2,0.010765400002128445,context_not_evidence
poly_deg3_stlsq_0.01,3,False,0.01,38,1,2,exact,2,2,0.007352000000537373,context_not_evidence
poly_deg3_stlsq_0.01,3,False,0.01,38,2,2,exact,2,2,0.007587299995066132,context_not_evidence
poly_deg3_stlsq_0.01,3,False,0.01,39,1,2,surrogate:eq1_not_representable,2,2,0.015098700001544785,context_not_evidence
poly_deg3_stlsq_0.01,3,False,0.01,39,2,2,surrogate:eq1_not_representable,2,2,0.010151200003747363,context_not_evidence
poly_deg3_stlsq_0.01,3,False,0.01,40,1,2,surrogate:eq2_not_representable,2,2,0.009417600005690474,context_not_evidence
poly_deg3_stlsq_0.01,3,False,0.01,40,2,2,surrogate:eq2_not_representable,2,2,0.015688899999076966,context_not_evidence
poly_deg3_stlsq_0.01,3,False,0.01,41,1,2,surrogate:eq1_not_representable,2,2,0.011148100005812012,context_not_evidence
poly_deg3_stlsq_0.01,3,False,0.01,41,2,2,surrogate:eq1_not_representable,2,2,0.009827199995925184,context_not_evidence
poly_deg3_stlsq_0.01,3,False,0.01,42,1,2,surrogate:eq1_not_representable,2,2,0.007932500004244503,context_not_evidence
poly_deg3_stlsq_0.01,3,False,0.01,42,2,2,surrogate:eq1_not_representable,2,2,0.006973799994739238,context_not_evidence
poly_deg3_stlsq_0.01,3,False,0.01,43,1,2,exact,2,2,0.009589000001142267,context_not_evidence
poly_deg3_stlsq_0.01,3,False,0.01,43,2,2,exact,2,2,0.014768399996683002,context_not_evidence
poly_deg3_stlsq_0.01,3,False,0.01,44,1,2,surrogate:eq2_not_representable,2,2,0.020842300000367686,context_not_evidence
poly_deg3_stlsq_0.01,3,False,0.01,44,2,2,surrogate:eq2_not_representable,2,2,0.01800119999825256,context_not_evidence
poly_deg3_stlsq_0.01,3,False,0.01,45,1,2,surrogate:eq1_not_representable,2,2,0.008644200002891012,context_not_evidence
poly_deg3_stlsq_0.01,3,False,0.01,45,2,2,surrogate:eq1_not_representable,2,2,0.010697599995182827,context_not_evidence
poly_deg3_stlsq_0.01,3,False,0.01,46,1,2,surrogate:eq1_not_representable,2,2,0.01688080000167247,context_not_evidence
poly_deg3_stlsq_0.01,3,False,0.01,46,2,2,surrogate:eq1_not_representable,2,2,0.010251500003505498,context_not_evidence
poly_deg3_stlsq_0.01,3,False,0.01,47,1,2,surrogate:eq1_not_representable,2,2,0.006375500001013279,context_not_evidence
poly_deg3_stlsq_0.01,3,False,0.01,47,2,2,surrogate:eq1_not_representable,2,2,0.010548099999141414,context_not_evidence
poly_deg3_stlsq_0.01,3,False,0.01,48,1,2,surrogate:eq1_not_representable,2,2,0.020514199997705873,context_not_evidence
poly_deg3_stlsq_0.01,3,False,0.01,48,2,2,surrogate:eq1_not_representable,2,2,0.012601499998709187,context_not_evidence
poly_deg3_stlsq_0.01,3,False,0.01,49,1,2,surrogate:eq1_not_representable,2,2,0.01175350000266917,context_not_evidence
poly_deg3_stlsq_0.01,3,False,0.01,49,2,2,surrogate:eq1_not_representable,2,2,0.012497999996412545,context_not_evidence
poly_deg3_stlsq_0.01,3,False,0.01,50,1,2,surrogate:eq1_not_representable,2,2,0.014190599998983089,context_not_evidence
poly_deg3_stlsq_0.01,3,False,0.01,50,2,2,surrogate:eq1_not_representable,2,2,0.007593399997858796,context_not_evidence
poly_deg3_stlsq_0.01,3,False,0.01,51,1,2,surrogate:eq1_not_representable,2,2,0.00709350000397535,context_not_evidence
poly_deg3_stlsq_0.01,3,False,0.01,51,2,2,surrogate:eq1_not_representable,2,2,0.012051099998643622,context_not_evidence
poly_deg3_stlsq_0.01,3,False,0.01,52,1,3,exact,3,2,0.04334499999822583,context_not_evidence
poly_deg3_stlsq_0.01,3,False,0.01,52,2,3,exact,3,2,0.03395200000522891,context_not_evidence
poly_deg3_stlsq_0.01,3,False,0.01,53,1,3,surrogate:eq1_not_representable,3,2,0.049107099999673665,context_not_evidence
poly_deg3_stlsq_0.01,3,False,0.01,53,2,3,surrogate:eq1_not_representable,3,2,0.03804360000503948,context_not_evidence
poly_deg3_stlsq_0.01,3,False,0.01,54,1,3,exact,3,2,0.029976300000271294,context_not_evidence
poly_deg3_stlsq_0.01,3,False,0.01,54,2,3,exact,3,2,0.03454599999531638,context_not_evidence
poly_deg3_stlsq_0.01,3,False,0.01,55,1,3,exact,3,2,0.028206099996168632,context_not_evidence
poly_deg3_stlsq_0.01,3,False,0.01,55,2,3,exact,3,2,0.02258340000116732,context_not_evidence
poly_deg3_stlsq_0.01,3,False,0.01,56,1,3,exact,3,2,0.02537280000251485,context_not_evidence
poly_deg3_stlsq_0.01,3,False,0.01,56,2,3,exact,3,2,0.01463800000055926,context_not_evidence
poly_deg3_stlsq_0.01,3,False,0.01,57,1,3,exact,3,2,0.021215100001427345,context_not_evidence
poly_deg3_stlsq_0.01,3,False,0.01,57,2,3,exact,3,2,0.015570999996270984,context_not_evidence
poly_deg3_stlsq_0.01,3,False,0.01,58,1,3,exact,3,2,0.017796300002373755,context_not_evidence
poly_deg3_stlsq_0.01,3,False,0.01,58,2,3,exact,3,2,0.016521899997314904,context_not_evidence
poly_deg3_stlsq_0.01,3,False,0.01,59,1,3,exact,3,2,0.020539400000416208,context_not_evidence
poly_deg3_stlsq_0.01,3,False,0.01,59,2,3,exact,3,2,0.015084600003319792,context_not_evidence
poly_deg3_stlsq_0.01,3,False,0.01,60,1,3,surrogate:eq3_not_representable,3,2,0.018238600001495797,context_not_evidence
poly_deg3_stlsq_0.01,3,False,0.01,60,2,3,surrogate:eq3_not_representable,3,2,0.018492700000933837,context_not_evidence
poly_deg3_stlsq_0.01,3,False,0.01,61,1,3,exact,3,2,0.012465299994801171,context_not_evidence
poly_deg3_stlsq_0.01,3,False,0.01,61,2,3,exact,3,2,0.030113500004517846,context_not_evidence
poly_deg3_stlsq_0.01,3,False,0.01,62,1,4,surrogate:eq1_not_representable,4,2,0.07846219999919413,context_not_evidence
poly_deg3_stlsq_0.01,3,False,0.01,62,2,4,surrogate:eq1_not_representable,4,2,0.0913661000013235,context_not_evidence
poly_deg3_stlsq_0.01,3,False,0.01,63,1,4,exact,4,2,0.04808230000344338,context_not_evidence
poly_deg3_stlsq_0.01,3,False,0.01,63,2,4,exact,4,2,0.05766610000137007,context_not_evidence
poly_deg3_stlsq_0.1,3,False,0.1,1,1,1,exact,1,2,0.006274900006246753,context_not_evidence
poly_deg3_stlsq_0.1,3,False,0.1,1,2,1,exact,1,2,0.011068899999372661,context_not_evidence
poly_deg3_stlsq_0.1,3,False,0.1,2,1,1,exact,1,2,0.009127800003625453,context_not_evidence
poly_deg3_stlsq_0.1,3,False,0.1,2,2,1,exact,1,2,0.011365300000761636,context_not_evidence
poly_deg3_stlsq_0.1,3,False,0.1,3,1,1,exact,1,2,0.00507340000331169,context_not_evidence
poly_deg3_stlsq_0.1,3,False,0.1,3,2,1,exact,1,2,0.004423200000019278,context_not_evidence
poly_deg3_stlsq_0.1,3,False,0.1,4,1,1,surrogate:eq1_not_representable,1,2,0.007457200001226738,context_not_evidence
poly_deg3_stlsq_0.1,3,False,0.1,4,2,1,surrogate:eq1_not_representable,1,2,0.005356399997253902,context_not_evidence
poly_deg3_stlsq_0.1,3,False,0.1,5,1,1,exact,1,2,0.009739899993292056,context_not_evidence
poly_deg3_stlsq_0.1,3,False,0.1,5,2,1,exact,1,2,0.008900599998014513,context_not_evidence
poly_deg3_stlsq_0.1,3,False,0.1,6,1,1,exact,1,2,0.004800599999725819,context_not_evidence
poly_deg3_stlsq_0.1,3,False,0.1,6,2,1,exact,1,2,0.01075900000432739,context_not_evidence
poly_deg3_stlsq_0.1,3,False,0.1,7,1,1,surrogate:eq1_not_representable,1,2,0.00739400000020396,context_not_evidence
poly_deg3_stlsq_0.1,3,False,0.1,7,2,1,surrogate:eq1_not_representable,1,2,0.004992800000763964,context_not_evidence
poly_deg3_stlsq_0.1,3,False,0.1,8,1,1,exact,1,2,0.005419700006314088,context_not_evidence
poly_deg3_stlsq_0.1,3,False,0.1,8,2,1,exact,1,2,0.004653000003600027,context_not_evidence
poly_deg3_stlsq_0.1,3,False,0.1,9,1,1,exact,1,2,0.011489700002130121,context_not_evidence
poly_deg3_stlsq_0.1,3,False,0.1,9,2,1,exact,1,2,0.007291600006283261,context_not_evidence
poly_deg3_stlsq_0.1,3,False,0.1,10,1,1,surrogate:eq1_not_representable,1,2,0.005283600003167521,context_not_evidence
poly_deg3_stlsq_0.1,3,False,0.1,10,2,1,surrogate:eq1_not_representable,1,2,0.007705399999395013,context_not_evidence
poly_deg3_stlsq_0.1,3,False,0.1,11,1,1,exact,1,2,0.009136699998634867,context_not_evidence
poly_deg3_stlsq_0.1,3,False,0.1,11,2,1,exact,1,2,0.009192699995764997,context_not_evidence
poly_deg3_stlsq_0.1,3,False,0.1,12,1,1,exact,1,2,0.01147500000661239,context_not_evidence
poly_deg3_stlsq_0.1,3,False,0.1,12,2,1,exact,1,2,0.011823199994978495,context_not_evidence
poly_deg3_stlsq_0.1,3,False,0.1,13,1,1,surrogate:eq1_not_representable,1,2,0.010432500006572809,context_not_evidence
poly_deg3_stlsq_0.1,3,False,0.1,13,2,1,surrogate:eq1_not_representable,1,2,0.008970100003352854,context_not_evidence
poly_deg3_stlsq_0.1,3,False,0.1,14,1,1,surrogate:eq1_not_representable,1,2,0.011423500000091735,context_not_evidence
poly_deg3_stlsq_0.1,3,False,0.1,14,2,1,surrogate:eq1_not_representable,1,2,0.01145140000153333,context_not_evidence
poly_deg3_stlsq_0.1,3,False,0.1,15,1,1,surrogate:eq1_not_representable,1,2,0.01029279999784194,context_not_evidence
poly_deg3_stlsq_0.1,3,False,0.1,15,2,1,surrogate:eq1_not_representable,1,2,0.005203799999435432,context_not_evidence
poly_deg3_stlsq_0.1,3,False,0.1,16,1,1,surrogate:eq1_not_representable,1,2,0.010558800000580959,context_not_evidence
poly_deg3_stlsq_0.1,3,False,0.1,16,2,1,surrogate:eq1_not_representable,1,2,0.004532800005108584,context_not_evidence
poly_deg3_stlsq_0.1,3,False,0.1,17,1,1,exact,1,2,0.012583800002175849,context_not_evidence
poly_deg3_stlsq_0.1,3,False,0.1,17,2,1,exact,1,2,0.007503100001486018,context_not_evidence
poly_deg3_stlsq_0.1,3,False,0.1,18,1,1,surrogate:eq1_not_representable,1,2,0.004646000001230277,context_not_evidence
poly_deg3_stlsq_0.1,3,False,0.1,18,2,1,surrogate:eq1_not_representable,1,2,0.004740200005471706,context_not_evidence
poly_deg3_stlsq_0.1,3,False,0.1,19,1,1,surrogate:eq1_not_representable,1,2,0.006075600002077408,context_not_evidence
poly_deg3_stlsq_0.1,3,False,0.1,19,2,1,surrogate:eq1_not_representable,1,2,0.005357999994885176,context_not_evidence
poly_deg3_stlsq_0.1,3,False,0.1,20,1,1,surrogate:eq1_not_representable,1,2,0.005562500002270099,context_not_evidence
poly_deg3_stlsq_0.1,3,False,0.1,20,2,1,surrogate:eq1_not_representable,1,2,0.005859299999428913,context_not_evidence
poly_deg3_stlsq_0.1,3,False,0.1,21,1,1,surrogate:eq1_not_representable,1,2,0.008899799999198876,context_not_evidence
poly_deg3_stlsq_0.1,3,False,0.1,21,2,1,surrogate:eq1_not_representable,1,2,0.011930400003620889,context_not_evidence
poly_deg3_stlsq_0.1,3,False,0.1,22,1,1,surrogate:eq1_not_representable,1,2,0.014464899999438785,context_not_evidence
poly_deg3_stlsq_0.1,3,False,0.1,22,2,1,surrogate:eq1_not_representable,1,2,0.010015400002885144,context_not_evidence
poly_deg3_stlsq_0.1,3,False,0.1,23,1,1,exact,1,2,0.006673800002317876,context_not_evidence
poly_deg3_stlsq_0.1,3,False,0.1,23,2,1,exact,1,2,0.0057120999990729615,context_not_evidence
poly_deg3_stlsq_0.1,3,False,0.1,24,1,2,exact,2,2,0.009848800000327174,context_not_evidence
poly_deg3_stlsq_0.1,3,False,0.1,24,2,2,exact,2,2,0.013326299995242152,context_not_evidence
poly_deg3_stlsq_0.1,3,False,0.1,25,1,2,exact,2,2,0.008181700002751313,context_not_evidence
poly_deg3_stlsq_0.1,3,False,0.1,25,2,2,exact,2,2,0.010203500001807697,context_not_evidence
poly_deg3_stlsq_0.1,3,False,0.1,26,1,2,exact,2,2,0.008170399996743072,context_not_evidence
poly_deg3_stlsq_0.1,3,False,0.1,26,2,2,exact,2,2,0.011793700003181584,context_not_evidence
poly_deg3_stlsq_0.1,3,False,0.1,27,1,2,exact,2,2,0.007428800003253855,context_not_evidence
poly_deg3_stlsq_0.1,3,False,0.1,27,2,2,exact,2,2,0.007309299995540641,context_not_evidence
poly_deg3_stlsq_0.1,3,False,0.1,28,1,2,exact,2,2,0.00885260000359267,context_not_evidence
poly_deg3_stlsq_0.1,3,False,0.1,28,2,2,exact,2,2,0.007288000000698958,context_not_evidence
poly_deg3_stlsq_0.1,3,False,0.1,29,1,2,exact,2,2,0.013388999999733642,context_not_evidence
poly_deg3_stlsq_0.1,3,False,0.1,29,2,2,exact,2,2,0.013377200004470069,context_not_evidence
poly_deg3_stlsq_0.1,3,False,0.1,30,1,2,surrogate:eq1_not_representable,2,2,0.015855500001634937,context_not_evidence
poly_deg3_stlsq_0.1,3,False,0.1,30,2,2,surrogate:eq1_not_representable,2,2,0.013551700001698919,context_not_evidence
poly_deg3_stlsq_0.1,3,False,0.1,31,1,2,exact,2,2,0.008708200002729427,context_not_evidence
poly_deg3_stlsq_0.1,3,False,0.1,31,2,2,exact,2,2,0.00830810000479687,context_not_evidence
poly_deg3_stlsq_0.1,3,False,0.1,32,1,2,exact,2,2,0.009861900005489588,context_not_evidence
poly_deg3_stlsq_0.1,3,False,0.1,32,2,2,exact,2,2,0.008855699998093769,context_not_evidence
poly_deg3_stlsq_0.1,3,False,0.1,33,1,2,surrogate:eq2_not_representable,2,2,0.009194400001433678,context_not_evidence
poly_deg3_stlsq_0.1,3,False,0.1,33,2,2,surrogate:eq2_not_representable,2,2,0.009433100000023842,context_not_evidence
poly_deg3_stlsq_0.1,3,False,0.1,34,1,2,surrogate:eq2_not_representable,2,2,0.01590619999478804,context_not_evidence
poly_deg3_stlsq_0.1,3,False,0.1,34,2,2,surrogate:eq2_not_representable,2,2,0.016537800001970027,context_not_evidence
poly_deg3_stlsq_0.1,3,False,0.1,35,1,2,surrogate:eq1_not_representable,2,2,0.015542499997536652,context_not_evidence
poly_deg3_stlsq_0.1,3,False,0.1,35,2,2,surrogate:eq1_not_representable,2,2,0.017370000001392327,context_not_evidence
poly_deg3_stlsq_0.1,3,False,0.1,36,1,2,surrogate:eq2_not_representable,2,2,0.01031189999775961,context_not_evidence
poly_deg3_stlsq_0.1,3,False,0.1,36,2,2,surrogate:eq2_not_representable,2,2,0.0092304999998305,context_not_evidence
poly_deg3_stlsq_0.1,3,False,0.1,37,1,2,surrogate:eq2_not_representable,2,2,0.007308799999009352,context_not_evidence
poly_deg3_stlsq_0.1,3,False,0.1,37,2,2,surrogate:eq2_not_representable,2,2,0.007373100001132116,context_not_evidence
poly_deg3_stlsq_0.1,3,False,0.1,38,1,2,exact,2,2,0.007320099997741636,context_not_evidence
poly_deg3_stlsq_0.1,3,False,0.1,38,2,2,exact,2,2,0.007632599998032674,context_not_evidence
poly_deg3_stlsq_0.1,3,False,0.1,39,1,2,surrogate:eq1_not_representable,2,2,0.008517900001606904,context_not_evidence
poly_deg3_stlsq_0.1,3,False,0.1,39,2,2,surrogate:eq1_not_representable,2,2,0.015865900000790134,context_not_evidence
poly_deg3_stlsq_0.1,3,False,0.1,40,1,2,surrogate:eq2_not_representable,2,2,0.007664199998544063,context_not_evidence
poly_deg3_stlsq_0.1,3,False,0.1,40,2,2,surrogate:eq2_not_representable,2,2,0.007433099999616388,context_not_evidence
poly_deg3_stlsq_0.1,3,False,0.1,41,1,2,surrogate:eq1_not_representable,2,2,0.00943560000450816,context_not_evidence
poly_deg3_stlsq_0.1,3,False,0.1,41,2,2,surrogate:eq1_not_representable,2,2,0.011415899993153289,context_not_evidence
poly_deg3_stlsq_0.1,3,False,0.1,42,1,2,surrogate:eq1_not_representable,2,2,0.013098099996568635,context_not_evidence
poly_deg3_stlsq_0.1,3,False,0.1,42,2,2,surrogate:eq1_not_representable,2,2,0.01528360000520479,context_not_evidence
poly_deg3_stlsq_0.1,3,False,0.1,43,1,2,exact,2,2,0.00851969999348512,context_not_evidence
poly_deg3_stlsq_0.1,3,False,0.1,43,2,2,exact,2,2,0.008972600000561215,context_not_evidence
poly_deg3_stlsq_0.1,3,False,0.1,44,1,2,surrogate:eq2_not_representable,2,2,0.009891300003801007,context_not_evidence
poly_deg3_stlsq_0.1,3,False,0.1,44,2,2,surrogate:eq2_not_representable,2,2,0.013460999995004386,context_not_evidence
poly_deg3_stlsq_0.1,3,False,0.1,45,1,2,surrogate:eq1_not_representable,2,2,0.014070500001253095,context_not_evidence
poly_deg3_stlsq_0.1,3,False,0.1,45,2,2,surrogate:eq1_not_representable,2,2,0.008577200002036989,context_not_evidence
poly_deg3_stlsq_0.1,3,False,0.1,46,1,2,surrogate:eq1_not_representable,2,2,0.008300500005134381,context_not_evidence
poly_deg3_stlsq_0.1,3,False,0.1,46,2,2,surrogate:eq1_not_representable,2,2,0.009535100005450659,context_not_evidence
poly_deg3_stlsq_0.1,3,False,0.1,47,1,2,surrogate:eq1_not_representable,2,2,0.013622000005852897,context_not_evidence
poly_deg3_stlsq_0.1,3,False,0.1,47,2,2,surrogate:eq1_not_representable,2,2,0.008869699995557312,context_not_evidence
poly_deg3_stlsq_0.1,3,False,0.1,48,1,2,surrogate:eq1_not_representable,2,2,0.009512099997664336,context_not_evidence
poly_deg3_stlsq_0.1,3,False,0.1,48,2,2,surrogate:eq1_not_representable,2,2,0.00957189999462571,context_not_evidence
poly_deg3_stlsq_0.1,3,False,0.1,49,1,2,surrogate:eq1_not_representable,2,2,0.015933899994706735,context_not_evidence
poly_deg3_stlsq_0.1,3,False,0.1,49,2,2,surrogate:eq1_not_representable,2,2,0.019356500000867527,context_not_evidence
poly_deg3_stlsq_0.1,3,False,0.1,50,1,2,surrogate:eq1_not_representable,2,2,0.014662999994470738,context_not_evidence
poly_deg3_stlsq_0.1,3,False,0.1,50,2,2,surrogate:eq1_not_representable,2,2,0.008337100000062492,context_not_evidence
poly_deg3_stlsq_0.1,3,False,0.1,51,1,2,surrogate:eq1_not_representable,2,2,0.008556599997973535,context_not_evidence
poly_deg3_stlsq_0.1,3,False,0.1,51,2,2,surrogate:eq1_not_representable,2,2,0.00722949999908451,context_not_evidence
poly_deg3_stlsq_0.1,3,False,0.1,52,1,3,exact,3,2,0.011253000004217029,context_not_evidence
poly_deg3_stlsq_0.1,3,False,0.1,52,2,3,exact,3,2,0.01156990000163205,context_not_evidence
poly_deg3_stlsq_0.1,3,False,0.1,53,1,3,surrogate:eq1_not_representable,3,2,0.017225800002051983,context_not_evidence
poly_deg3_stlsq_0.1,3,False,0.1,53,2,3,surrogate:eq1_not_representable,3,2,0.026973599997290876,context_not_evidence
poly_deg3_stlsq_0.1,3,False,0.1,54,1,3,exact,3,2,0.057819699999527074,context_not_evidence
poly_deg3_stlsq_0.1,3,False,0.1,54,2,3,exact,3,2,0.023523700001533143,context_not_evidence
poly_deg3_stlsq_0.1,3,False,0.1,55,1,3,exact,3,2,0.023739799995382782,context_not_evidence
poly_deg3_stlsq_0.1,3,False,0.1,55,2,3,exact,3,2,0.026735500003269408,context_not_evidence
poly_deg3_stlsq_0.1,3,False,0.1,56,1,3,exact,3,2,0.03115570000227308,context_not_evidence
poly_deg3_stlsq_0.1,3,False,0.1,56,2,3,exact,3,2,0.030480399997031782,context_not_evidence
poly_deg3_stlsq_0.1,3,False,0.1,57,1,3,exact,3,2,0.01582300000154646,context_not_evidence
poly_deg3_stlsq_0.1,3,False,0.1,57,2,3,exact,3,2,0.021208300000580493,context_not_evidence
poly_deg3_stlsq_0.1,3,False,0.1,58,1,3,exact,3,2,0.0149572000009357,context_not_evidence
poly_deg3_stlsq_0.1,3,False,0.1,58,2,3,exact,3,2,0.023602799999935087,context_not_evidence
poly_deg3_stlsq_0.1,3,False,0.1,59,1,3,exact,3,2,0.02759439999499591,context_not_evidence
poly_deg3_stlsq_0.1,3,False,0.1,59,2,3,exact,3,2,0.02705279999645427,context_not_evidence
poly_deg3_stlsq_0.1,3,False,0.1,60,1,3,surrogate:eq3_not_representable,3,2,0.020592900000337977,context_not_evidence
poly_deg3_stlsq_0.1,3,False,0.1,60,2,3,surrogate:eq3_not_representable,3,2,0.01426299999729963,context_not_evidence
poly_deg3_stlsq_0.1,3,False,0.1,61,1,3,exact,3,2,0.018227799999294803,context_not_evidence
poly_deg3_stlsq_0.1,3,False,0.1,61,2,3,exact,3,2,0.020264799997676164,context_not_evidence
poly_deg3_stlsq_0.1,3,False,0.1,62,1,4,surrogate:eq1_not_representable,4,2,0.036752899999555666,context_not_evidence
poly_deg3_stlsq_0.1,3,False,0.1,62,2,4,surrogate:eq1_not_representable,4,2,0.044270699996559415,context_not_evidence
poly_deg3_stlsq_0.1,3,False,0.1,63,1,4,exact,4,2,0.023121899997931905,context_not_evidence
poly_deg3_stlsq_0.1,3,False,0.1,63,2,4,exact,4,2,0.027925299997150432,context_not_evidence
poly_deg4_stlsq_0.01,4,False,0.01,1,1,1,exact,1,2,0.00516079999943031,context_not_evidence
poly_deg4_stlsq_0.01,4,False,0.01,1,2,1,exact,1,2,0.005050100000516977,context_not_evidence
poly_deg4_stlsq_0.01,4,False,0.01,2,1,1,exact,1,2,0.005039000003307592,context_not_evidence
poly_deg4_stlsq_0.01,4,False,0.01,2,2,1,exact,1,2,0.005360299997846596,context_not_evidence
poly_deg4_stlsq_0.01,4,False,0.01,3,1,1,exact,1,2,0.007627400002093054,context_not_evidence
poly_deg4_stlsq_0.01,4,False,0.01,3,2,1,exact,1,2,0.005597499999566935,context_not_evidence
poly_deg4_stlsq_0.01,4,False,0.01,4,1,1,surrogate:eq1_not_representable,1,2,0.010597500004223548,context_not_evidence
poly_deg4_stlsq_0.01,4,False,0.01,4,2,1,surrogate:eq1_not_representable,1,2,0.010067000002891291,context_not_evidence
poly_deg4_stlsq_0.01,4,False,0.01,5,1,1,exact,1,2,0.004940700004226528,context_not_evidence
poly_deg4_stlsq_0.01,4,False,0.01,5,2,1,exact,1,2,0.010844900003576186,context_not_evidence
poly_deg4_stlsq_0.01,4,False,0.01,6,1,1,exact,1,2,0.005790700000943616,context_not_evidence
poly_deg4_stlsq_0.01,4,False,0.01,6,2,1,exact,1,2,0.012678199993388262,context_not_evidence
poly_deg4_stlsq_0.01,4,False,0.01,7,1,1,surrogate:eq1_not_representable,1,2,0.010693299998820294,context_not_evidence
poly_deg4_stlsq_0.01,4,False,0.01,7,2,1,surrogate:eq1_not_representable,1,2,0.005069700004241895,context_not_evidence
poly_deg4_stlsq_0.01,4,False,0.01,8,1,1,exact,1,2,0.013169999998353887,context_not_evidence
poly_deg4_stlsq_0.01,4,False,0.01,8,2,1,exact,1,2,0.006487399994512089,context_not_evidence
poly_deg4_stlsq_0.01,4,False,0.01,9,1,1,exact,1,2,0.005081700001028366,context_not_evidence
poly_deg4_stlsq_0.01,4,False,0.01,9,2,1,exact,1,2,0.004539499997918028,context_not_evidence
poly_deg4_stlsq_0.01,4,False,0.01,10,1,1,surrogate:eq1_not_representable,1,2,0.005266500003926922,context_not_evidence
poly_deg4_stlsq_0.01,4,False,0.01,10,2,1,surrogate:eq1_not_representable,1,2,0.006173599998874124,context_not_evidence
poly_deg4_stlsq_0.01,4,False,0.01,11,1,1,exact,1,2,0.00446179999562446,context_not_evidence
poly_deg4_stlsq_0.01,4,False,0.01,11,2,1,exact,1,2,0.007942500000353903,context_not_evidence
poly_deg4_stlsq_0.01,4,False,0.01,12,1,1,exact,1,2,0.004967700006091036,context_not_evidence
poly_deg4_stlsq_0.01,4,False,0.01,12,2,1,exact,1,2,0.004921699997794349,context_not_evidence
poly_deg4_stlsq_0.01,4,False,0.01,13,1,1,surrogate:eq1_not_representable,1,2,0.005740200002037454,context_not_evidence
poly_deg4_stlsq_0.01,4,False,0.01,13,2,1,surrogate:eq1_not_representable,1,2,0.00434329999552574,context_not_evidence
poly_deg4_stlsq_0.01,4,False,0.01,14,1,1,surrogate:eq1_not_representable,1,2,0.0051880000028177164,context_not_evidence
poly_deg4_stlsq_0.01,4,False,0.01,14,2,1,surrogate:eq1_not_representable,1,2,0.008074400000623427,context_not_evidence
poly_deg4_stlsq_0.01,4,False,0.01,15,1,1,surrogate:eq1_not_representable,1,2,0.01506379999773344,context_not_evidence
poly_deg4_stlsq_0.01,4,False,0.01,15,2,1,surrogate:eq1_not_representable,1,2,0.005702200003725011,context_not_evidence
poly_deg4_stlsq_0.01,4,False,0.01,16,1,1,surrogate:eq1_not_representable,1,2,0.006803199998103082,context_not_evidence
poly_deg4_stlsq_0.01,4,False,0.01,16,2,1,surrogate:eq1_not_representable,1,2,0.006137600001238752,context_not_evidence
poly_deg4_stlsq_0.01,4,False,0.01,17,1,1,exact,1,2,0.00848509999923408,context_not_evidence
poly_deg4_stlsq_0.01,4,False,0.01,17,2,1,exact,1,2,0.005493100004969165,context_not_evidence
poly_deg4_stlsq_0.01,4,False,0.01,18,1,1,surrogate:eq1_not_representable,1,2,0.010992899995471817,context_not_evidence
poly_deg4_stlsq_0.01,4,False,0.01,18,2,1,surrogate:eq1_not_representable,1,2,0.012155999997048639,context_not_evidence
poly_deg4_stlsq_0.01,4,False,0.01,19,1,1,surrogate:eq1_not_representable,1,2,0.00854599999729544,context_not_evidence
poly_deg4_stlsq_0.01,4,False,0.01,19,2,1,surrogate:eq1_not_representable,1,2,0.008917999999539461,context_not_evidence
poly_deg4_stlsq_0.01,4,False,0.01,20,1,1,surrogate:eq1_not_representable,1,2,0.011788999996497296,context_not_evidence
poly_deg4_stlsq_0.01,4,False,0.01,20,2,1,surrogate:eq1_not_representable,1,2,0.012559800001326948,context_not_evidence
poly_deg4_stlsq_0.01,4,False,0.01,21,1,1,surrogate:eq1_not_representable,1,2,0.01021970000147121,context_not_evidence
poly_deg4_stlsq_0.01,4,False,0.01,21,2,1,surrogate:eq1_not_representable,1,2,0.005590300002950244,context_not_evidence
poly_deg4_stlsq_0.01,4,False,0.01,22,1,1,surrogate:eq1_not_representable,1,2,0.0067739000005531125,context_not_evidence
poly_deg4_stlsq_0.01,4,False,0.01,22,2,1,surrogate:eq1_not_representable,1,2,0.013648899999679998,context_not_evidence
poly_deg4_stlsq_0.01,4,False,0.01,23,1,1,exact,1,2,0.008678300000610761,context_not_evidence
poly_deg4_stlsq_0.01,4,False,0.01,23,2,1,exact,1,2,0.0061340000029304065,context_not_evidence
poly_deg4_stlsq_0.01,4,False,0.01,24,1,2,exact,2,2,0.009622100005799439,context_not_evidence
poly_deg4_stlsq_0.01,4,False,0.01,24,2,2,exact,2,2,0.011166299998876639,context_not_evidence
poly_deg4_stlsq_0.01,4,False,0.01,25,1,2,exact,2,2,0.010884200004511513,context_not_evidence
poly_deg4_stlsq_0.01,4,False,0.01,25,2,2,exact,2,2,0.020568500003719237,context_not_evidence
poly_deg4_stlsq_0.01,4,False,0.01,26,1,2,exact,2,2,0.012637600004381966,context_not_evidence
poly_deg4_stlsq_0.01,4,False,0.01,26,2,2,exact,2,2,0.013772099999187049,context_not_evidence
poly_deg4_stlsq_0.01,4,False,0.01,27,1,2,exact,2,2,0.01597829999809619,context_not_evidence
poly_deg4_stlsq_0.01,4,False,0.01,27,2,2,exact,2,2,0.019473400003334973,context_not_evidence
poly_deg4_stlsq_0.01,4,False,0.01,28,1,2,exact,2,2,0.01720789999671979,context_not_evidence
poly_deg4_stlsq_0.01,4,False,0.01,28,2,2,exact,2,2,0.010566700002527796,context_not_evidence
poly_deg4_stlsq_0.01,4,False,0.01,29,1,2,exact,2,2,0.008849600002577063,context_not_evidence
poly_deg4_stlsq_0.01,4,False,0.01,29,2,2,exact,2,2,0.01083189999917522,context_not_evidence
poly_deg4_stlsq_0.01,4,False,0.01,30,1,2,surrogate:eq1_not_representable,2,2,0.007957399997394532,context_not_evidence
poly_deg4_stlsq_0.01,4,False,0.01,30,2,2,surrogate:eq1_not_representable,2,2,0.008735700001125224,context_not_evidence
poly_deg4_stlsq_0.01,4,False,0.01,31,1,2,exact,2,2,0.015640300000086427,context_not_evidence
poly_deg4_stlsq_0.01,4,False,0.01,31,2,2,exact,2,2,0.011731899998267181,context_not_evidence
poly_deg4_stlsq_0.01,4,False,0.01,32,1,2,exact,2,2,0.016446900001028553,context_not_evidence
poly_deg4_stlsq_0.01,4,False,0.01,32,2,2,exact,2,2,0.02203229999577161,context_not_evidence
poly_deg4_stlsq_0.01,4,False,0.01,33,1,2,surrogate:eq2_not_representable,2,2,0.011695100001816172,context_not_evidence
poly_deg4_stlsq_0.01,4,False,0.01,33,2,2,surrogate:eq2_not_representable,2,2,0.013779300003079697,context_not_evidence
poly_deg4_stlsq_0.01,4,False,0.01,34,1,2,surrogate:eq2_not_representable,2,2,0.010659499996108934,context_not_evidence
poly_deg4_stlsq_0.01,4,False,0.01,34,2,2,surrogate:eq2_not_representable,2,2,0.020637699999497272,context_not_evidence
poly_deg4_stlsq_0.01,4,False,0.01,35,1,2,surrogate:eq1_not_representable,2,2,0.014960699998482596,context_not_evidence
poly_deg4_stlsq_0.01,4,False,0.01,35,2,2,surrogate:eq1_not_representable,2,2,0.02476809999643592,context_not_evidence
poly_deg4_stlsq_0.01,4,False,0.01,36,1,2,surrogate:eq2_not_representable,2,2,0.023799700000381563,context_not_evidence
poly_deg4_stlsq_0.01,4,False,0.01,36,2,2,surrogate:eq2_not_representable,2,2,0.02302169999893522,context_not_evidence
poly_deg4_stlsq_0.01,4,False,0.01,37,1,2,surrogate:eq2_not_representable,2,2,0.009150899997621309,context_not_evidence
poly_deg4_stlsq_0.01,4,False,0.01,37,2,2,surrogate:eq2_not_representable,2,2,0.009042899997439235,context_not_evidence
poly_deg4_stlsq_0.01,4,False,0.01,38,1,2,exact,2,2,0.008430900001258124,context_not_evidence
poly_deg4_stlsq_0.01,4,False,0.01,38,2,2,exact,2,2,0.009015600000566337,context_not_evidence
poly_deg4_stlsq_0.01,4,False,0.01,39,1,2,surrogate:eq1_not_representable,2,2,0.012574499996844679,context_not_evidence
poly_deg4_stlsq_0.01,4,False,0.01,39,2,2,surrogate:eq1_not_representable,2,2,0.010093500000948552,context_not_evidence
poly_deg4_stlsq_0.01,4,False,0.01,40,1,2,surrogate:eq2_not_representable,2,2,0.009814299999561626,context_not_evidence
poly_deg4_stlsq_0.01,4,False,0.01,40,2,2,surrogate:eq2_not_representable,2,2,0.00787539999873843,context_not_evidence
poly_deg4_stlsq_0.01,4,False,0.01,41,1,2,surrogate:eq1_not_representable,2,2,0.007161399997130502,context_not_evidence
poly_deg4_stlsq_0.01,4,False,0.01,41,2,2,surrogate:eq1_not_representable,2,2,0.014055899999220856,context_not_evidence
poly_deg4_stlsq_0.01,4,False,0.01,42,1,2,surrogate:eq1_not_representable,2,2,0.012723100000584964,context_not_evidence
poly_deg4_stlsq_0.01,4,False,0.01,42,2,2,surrogate:eq1_not_representable,2,2,0.012487899999541696,context_not_evidence
poly_deg4_stlsq_0.01,4,False,0.01,43,1,2,exact,2,2,0.01082279999536695,context_not_evidence
poly_deg4_stlsq_0.01,4,False,0.01,43,2,2,exact,2,2,0.014623900002334267,context_not_evidence
poly_deg4_stlsq_0.01,4,False,0.01,44,1,2,surrogate:eq2_not_representable,2,2,0.010320599998522084,context_not_evidence
poly_deg4_stlsq_0.01,4,False,0.01,44,2,2,surrogate:eq2_not_representable,2,2,0.014347900003485847,context_not_evidence
poly_deg4_stlsq_0.01,4,False,0.01,45,1,2,surrogate:eq1_not_representable,2,2,0.022466599999461323,context_not_evidence
poly_deg4_stlsq_0.01,4,False,0.01,45,2,2,surrogate:eq1_not_representable,2,2,0.012420300001394935,context_not_evidence
poly_deg4_stlsq_0.01,4,False,0.01,46,1,2,surrogate:eq1_not_representable,2,2,0.009335599999758415,context_not_evidence
poly_deg4_stlsq_0.01,4,False,0.01,46,2,2,surrogate:eq1_not_representable,2,2,0.010439499994390644,context_not_evidence
poly_deg4_stlsq_0.01,4,False,0.01,47,1,2,surrogate:eq1_not_representable,2,2,0.010719899997639004,context_not_evidence
poly_deg4_stlsq_0.01,4,False,0.01,47,2,2,surrogate:eq1_not_representable,2,2,0.007082700001774356,context_not_evidence
poly_deg4_stlsq_0.01,4,False,0.01,48,1,2,surrogate:eq1_not_representable,2,2,0.010332099998777267,context_not_evidence
poly_deg4_stlsq_0.01,4,False,0.01,48,2,2,surrogate:eq1_not_representable,2,2,0.011916300005395897,context_not_evidence
poly_deg4_stlsq_0.01,4,False,0.01,49,1,2,surrogate:eq1_not_representable,2,2,0.008720800004084595,context_not_evidence
poly_deg4_stlsq_0.01,4,False,0.01,49,2,2,surrogate:eq1_not_representable,2,2,0.008206300000892952,context_not_evidence
poly_deg4_stlsq_0.01,4,False,0.01,50,1,2,surrogate:eq1_not_representable,2,2,0.010108400005265139,context_not_evidence
poly_deg4_stlsq_0.01,4,False,0.01,50,2,2,surrogate:eq1_not_representable,2,2,0.01748329999827547,context_not_evidence
poly_deg4_stlsq_0.01,4,False,0.01,51,1,2,surrogate:eq1_not_representable,2,2,0.007139499997720122,context_not_evidence
poly_deg4_stlsq_0.01,4,False,0.01,51,2,2,surrogate:eq1_not_representable,2,2,0.018735999998170882,context_not_evidence
poly_deg4_stlsq_0.01,4,False,0.01,52,1,3,exact,3,2,0.04101660000014817,context_not_evidence
poly_deg4_stlsq_0.01,4,False,0.01,52,2,3,exact,3,2,0.04532889999973122,context_not_evidence
poly_deg4_stlsq_0.01,4,False,0.01,53,1,3,surrogate:eq1_not_representable,3,2,0.03696850000414997,context_not_evidence
poly_deg4_stlsq_0.01,4,False,0.01,53,2,3,surrogate:eq1_not_representable,3,2,0.06890679999924032,context_not_evidence
poly_deg4_stlsq_0.01,4,False,0.01,54,1,3,exact,3,2,0.05356030000257306,context_not_evidence
poly_deg4_stlsq_0.01,4,False,0.01,54,2,3,exact,3,2,0.04245020000234945,context_not_evidence
poly_deg4_stlsq_0.01,4,False,0.01,55,1,3,exact,3,2,0.0196561999982805,context_not_evidence
poly_deg4_stlsq_0.01,4,False,0.01,55,2,3,exact,3,2,0.029754000002867542,context_not_evidence
poly_deg4_stlsq_0.01,4,False,0.01,56,1,3,exact,3,2,0.03140620000340277,context_not_evidence
poly_deg4_stlsq_0.01,4,False,0.01,56,2,3,exact,3,2,0.037229599998681806,context_not_evidence
poly_deg4_stlsq_0.01,4,False,0.01,57,1,3,exact,3,2,0.05414839999866672,context_not_evidence
poly_deg4_stlsq_0.01,4,False,0.01,57,2,3,exact,3,2,0.04170729999896139,context_not_evidence
poly_deg4_stlsq_0.01,4,False,0.01,58,1,3,exact,3,2,0.03837480000220239,context_not_evidence
poly_deg4_stlsq_0.01,4,False,0.01,58,2,3,exact,3,2,0.021865599999728147,context_not_evidence
poly_deg4_stlsq_0.01,4,False,0.01,59,1,3,exact,3,2,0.028533400000014808,context_not_evidence
poly_deg4_stlsq_0.01,4,False,0.01,59,2,3,exact,3,2,0.04289589999825694,context_not_evidence
poly_deg4_stlsq_0.01,4,False,0.01,60,1,3,surrogate:eq3_not_representable,3,2,0.026782799999637064,context_not_evidence
poly_deg4_stlsq_0.01,4,False,0.01,60,2,3,surrogate:eq3_not_representable,3,2,0.016344800002116244,context_not_evidence
poly_deg4_stlsq_0.01,4,False,0.01,61,1,3,exact,3,2,0.03363280000485247,context_not_evidence
poly_deg4_stlsq_0.01,4,False,0.01,61,2,3,exact,3,2,0.0406375999955344,context_not_evidence
poly_deg4_stlsq_0.01,4,False,0.01,62,1,4,surrogate:eq1_not_representable,4,2,0.28447220000089146,context_not_evidence
poly_deg4_stlsq_0.01,4,False,0.01,62,2,4,surrogate:eq1_not_representable,4,2,0.4263915000046836,context_not_evidence
poly_deg4_stlsq_0.01,4,False,0.01,63,1,4,exact,4,2,0.1017303000044194,context_not_evidence
poly_deg4_stlsq_0.01,4,False,0.01,63,2,4,exact,4,2,0.08250360000238288,context_not_evidence
poly_deg4_stlsq_0.1,4,False,0.1,1,1,1,exact,1,2,0.014497900003334507,context_not_evidence
poly_deg4_stlsq_0.1,4,False,0.1,1,2,1,exact,1,2,0.008838400004606228,context_not_evidence
poly_deg4_stlsq_0.1,4,False,0.1,2,1,1,exact,1,2,0.013288699999975506,context_not_evidence
poly_deg4_stlsq_0.1,4,False,0.1,2,2,1,exact,1,2,0.012055299994244706,context_not_evidence
poly_deg4_stlsq_0.1,4,False,0.1,3,1,1,exact,1,2,0.008379300001251977,context_not_evidence
poly_deg4_stlsq_0.1,4,False,0.1,3,2,1,exact,1,2,0.01276990000042133,context_not_evidence
poly_deg4_stlsq_0.1,4,False,0.1,4,1,1,surrogate:eq1_not_representable,1,2,0.015352900001744274,context_not_evidence
poly_deg4_stlsq_0.1,4,False,0.1,4,2,1,surrogate:eq1_not_representable,1,2,0.0060501999978441745,context_not_evidence
poly_deg4_stlsq_0.1,4,False,0.1,5,1,1,exact,1,2,0.011220899999898393,context_not_evidence
poly_deg4_stlsq_0.1,4,False,0.1,5,2,1,exact,1,2,0.009042500001669396,context_not_evidence
poly_deg4_stlsq_0.1,4,False,0.1,6,1,1,exact,1,2,0.005242500003078021,context_not_evidence
poly_deg4_stlsq_0.1,4,False,0.1,6,2,1,exact,1,2,0.008982699997432064,context_not_evidence
poly_deg4_stlsq_0.1,4,False,0.1,7,1,1,surrogate:eq1_not_representable,1,2,0.0040096000011544675,context_not_evidence
poly_deg4_stlsq_0.1,4,False,0.1,7,2,1,surrogate:eq1_not_representable,1,2,0.00993200000084471,context_not_evidence
poly_deg4_stlsq_0.1,4,False,0.1,8,1,1,exact,1,2,0.00735279999935301,context_not_evidence
poly_deg4_stlsq_0.1,4,False,0.1,8,2,1,exact,1,2,0.007554399999207817,context_not_evidence
poly_deg4_stlsq_0.1,4,False,0.1,9,1,1,exact,1,2,0.006204699995578267,context_not_evidence
poly_deg4_stlsq_0.1,4,False,0.1,9,2,1,exact,1,2,0.008538199996110052,context_not_evidence
poly_deg4_stlsq_0.1,4,False,0.1,10,1,1,surrogate:eq1_not_representable,1,2,0.01060279999364866,context_not_evidence
poly_deg4_stlsq_0.1,4,False,0.1,10,2,1,surrogate:eq1_not_representable,1,2,0.005311200002324767,context_not_evidence
poly_deg4_stlsq_0.1,4,False,0.1,11,1,1,exact,1,2,0.009023999999044463,context_not_evidence
poly_deg4_stlsq_0.1,4,False,0.1,11,2,1,exact,1,2,0.005483300003106706,context_not_evidence
poly_deg4_stlsq_0.1,4,False,0.1,12,1,1,exact,1,2,0.009883999999146909,context_not_evidence
poly_deg4_stlsq_0.1,4,False,0.1,12,2,1,exact,1,2,0.005208800001128111,context_not_evidence
poly_deg4_stlsq_0.1,4,False,0.1,13,1,1,surrogate:eq1_not_representable,1,2,0.009218500003044028,context_not_evidence
poly_deg4_stlsq_0.1,4,False,0.1,13,2,1,surrogate:eq1_not_representable,1,2,0.010669600000255741,context_not_evidence
poly_deg4_stlsq_0.1,4,False,0.1,14,1,1,surrogate:eq1_not_representable,1,2,0.012079499996616505,context_not_evidence
poly_deg4_stlsq_0.1,4,False,0.1,14,2,1,surrogate:eq1_not_representable,1,2,0.009126200005994178,context_not_evidence
poly_deg4_stlsq_0.1,4,False,0.1,15,1,1,surrogate:eq1_not_representable,1,2,0.00792659999569878,context_not_evidence
poly_deg4_stlsq_0.1,4,False,0.1,15,2,1,surrogate:eq1_not_representable,1,2,0.0062822999971103854,context_not_evidence
poly_deg4_stlsq_0.1,4,False,0.1,16,1,1,surrogate:eq1_not_representable,1,2,0.004844500006583985,context_not_evidence
poly_deg4_stlsq_0.1,4,False,0.1,16,2,1,surrogate:eq1_not_representable,1,2,0.004914700002700556,context_not_evidence
poly_deg4_stlsq_0.1,4,False,0.1,17,1,1,exact,1,2,0.005270699999528006,context_not_evidence
poly_deg4_stlsq_0.1,4,False,0.1,17,2,1,exact,1,2,0.0048263000062434,context_not_evidence
poly_deg4_stlsq_0.1,4,False,0.1,18,1,1,surrogate:eq1_not_representable,1,2,0.00454629999876488,context_not_evidence
poly_deg4_stlsq_0.1,4,False,0.1,18,2,1,surrogate:eq1_not_representable,1,2,0.0043697000000975095,context_not_evidence
poly_deg4_stlsq_0.1,4,False,0.1,19,1,1,surrogate:eq1_not_representable,1,2,0.004781400006322656,context_not_evidence
poly_deg4_stlsq_0.1,4,False,0.1,19,2,1,surrogate:eq1_not_representable,1,2,0.0066067000007024035,context_not_evidence
poly_deg4_stlsq_0.1,4,False,0.1,20,1,1,surrogate:eq1_not_representable,1,2,0.004553899998427369,context_not_evidence
poly_deg4_stlsq_0.1,4,False,0.1,20,2,1,surrogate:eq1_not_representable,1,2,0.004871400000411086,context_not_evidence
poly_deg4_stlsq_0.1,4,False,0.1,21,1,1,surrogate:eq1_not_representable,1,2,0.0067486999978427775,context_not_evidence
poly_deg4_stlsq_0.1,4,False,0.1,21,2,1,surrogate:eq1_not_representable,1,2,0.005472599994391203,context_not_evidence
poly_deg4_stlsq_0.1,4,False,0.1,22,1,1,surrogate:eq1_not_representable,1,2,0.005961700000625569,context_not_evidence
poly_deg4_stlsq_0.1,4,False,0.1,22,2,1,surrogate:eq1_not_representable,1,2,0.011951499996939674,context_not_evidence
poly_deg4_stlsq_0.1,4,False,0.1,23,1,1,exact,1,2,0.0047440999987884425,context_not_evidence
poly_deg4_stlsq_0.1,4,False,0.1,23,2,1,exact,1,2,0.00592569999571424,context_not_evidence
poly_deg4_stlsq_0.1,4,False,0.1,24,1,2,exact,2,2,0.013446400000248104,context_not_evidence
poly_deg4_stlsq_0.1,4,False,0.1,24,2,2,exact,2,2,0.007334600006288383,context_not_evidence
poly_deg4_stlsq_0.1,4,False,0.1,25,1,2,exact,2,2,0.007508100003178697,context_not_evidence
poly_deg4_stlsq_0.1,4,False,0.1,25,2,2,exact,2,2,0.00873670000146376,context_not_evidence
poly_deg4_stlsq_0.1,4,False,0.1,26,1,2,exact,2,2,0.006865399998787325,context_not_evidence
poly_deg4_stlsq_0.1,4,False,0.1,26,2,2,exact,2,2,0.007825699998647906,context_not_evidence
poly_deg4_stlsq_0.1,4,False,0.1,27,1,2,exact,2,2,0.012267900005099364,context_not_evidence
poly_deg4_stlsq_0.1,4,False,0.1,27,2,2,exact,2,2,0.011084800004027784,context_not_evidence
poly_deg4_stlsq_0.1,4,False,0.1,28,1,2,exact,2,2,0.009158999993815087,context_not_evidence
poly_deg4_stlsq_0.1,4,False,0.1,28,2,2,exact,2,2,0.009935899994161446,context_not_evidence
poly_deg4_stlsq_0.1,4,False,0.1,29,1,2,exact,2,2,0.011565799999516457,context_not_evidence
poly_deg4_stlsq_0.1,4,False,0.1,29,2,2,exact,2,2,0.009125199998379685,context_not_evidence
poly_deg4_stlsq_0.1,4,False,0.1,30,1,2,surrogate:eq1_not_representable,2,2,0.009057099996425677,context_not_evidence
poly_deg4_stlsq_0.1,4,False,0.1,30,2,2,surrogate:eq1_not_representable,2,2,0.021948599998722784,context_not_evidence
poly_deg4_stlsq_0.1,4,False,0.1,31,1,2,exact,2,2,0.01909900000464404,context_not_evidence
poly_deg4_stlsq_0.1,4,False,0.1,31,2,2,exact,2,2,0.02453840000089258,context_not_evidence
poly_deg4_stlsq_0.1,4,False,0.1,32,1,2,exact,2,2,0.009372599997732323,context_not_evidence
poly_deg4_stlsq_0.1,4,False,0.1,32,2,2,exact,2,2,0.01579700000002049,context_not_evidence
poly_deg4_stlsq_0.1,4,False,0.1,33,1,2,surrogate:eq2_not_representable,2,2,0.012457899996661581,context_not_evidence
poly_deg4_stlsq_0.1,4,False,0.1,33,2,2,surrogate:eq2_not_representable,2,2,0.027983199994196184,context_not_evidence
poly_deg4_stlsq_0.1,4,False,0.1,34,1,2,surrogate:eq2_not_representable,2,2,0.009729799996421207,context_not_evidence
poly_deg4_stlsq_0.1,4,False,0.1,34,2,2,surrogate:eq2_not_representable,2,2,0.00943120000010822,context_not_evidence
poly_deg4_stlsq_0.1,4,False,0.1,35,1,2,surrogate:eq1_not_representable,2,2,0.011713900006725453,context_not_evidence
poly_deg4_stlsq_0.1,4,False,0.1,35,2,2,surrogate:eq1_not_representable,2,2,0.012049299999489449,context_not_evidence
poly_deg4_stlsq_0.1,4,False,0.1,36,1,2,surrogate:eq2_not_representable,2,2,0.010281000002578367,context_not_evidence
poly_deg4_stlsq_0.1,4,False,0.1,36,2,2,surrogate:eq2_not_representable,2,2,0.009588900000380818,context_not_evidence
poly_deg4_stlsq_0.1,4,False,0.1,37,1,2,surrogate:eq2_not_representable,2,2,0.010633199999574572,context_not_evidence
poly_deg4_stlsq_0.1,4,False,0.1,37,2,2,surrogate:eq2_not_representable,2,2,0.009931699998560362,context_not_evidence
poly_deg4_stlsq_0.1,4,False,0.1,38,1,2,exact,2,2,0.010165599996980745,context_not_evidence
poly_deg4_stlsq_0.1,4,False,0.1,38,2,2,exact,2,2,0.013056399999186397,context_not_evidence
poly_deg4_stlsq_0.1,4,False,0.1,39,1,2,surrogate:eq1_not_representable,2,2,0.009495499994955026,context_not_evidence
poly_deg4_stlsq_0.1,4,False,0.1,39,2,2,surrogate:eq1_not_representable,2,2,0.01581889999943087,context_not_evidence
poly_deg4_stlsq_0.1,4,False,0.1,40,1,2,surrogate:eq2_not_representable,2,2,0.012366399998427369,context_not_evidence
poly_deg4_stlsq_0.1,4,False,0.1,40,2,2,surrogate:eq2_not_representable,2,2,0.008579900000768248,context_not_evidence
poly_deg4_stlsq_0.1,4,False,0.1,41,1,2,surrogate:eq1_not_representable,2,2,0.010158400000364054,context_not_evidence
poly_deg4_stlsq_0.1,4,False,0.1,41,2,2,surrogate:eq1_not_representable,2,2,0.01161359999969136,context_not_evidence
poly_deg4_stlsq_0.1,4,False,0.1,42,1,2,surrogate:eq1_not_representable,2,2,0.017917099998157937,context_not_evidence
poly_deg4_stlsq_0.1,4,False,0.1,42,2,2,surrogate:eq1_not_representable,2,2,0.013357499999983702,context_not_evidence
poly_deg4_stlsq_0.1,4,False,0.1,43,1,2,exact,2,2,0.00992240000050515,context_not_evidence
poly_deg4_stlsq_0.1,4,False,0.1,43,2,2,exact,2,2,0.015509900003962684,context_not_evidence
poly_deg4_stlsq_0.1,4,False,0.1,44,1,2,surrogate:eq2_not_representable,2,2,0.013737700006458908,context_not_evidence
poly_deg4_stlsq_0.1,4,False,0.1,44,2,2,surrogate:eq2_not_representable,2,2,0.012780199998815078,context_not_evidence
poly_deg4_stlsq_0.1,4,False,0.1,45,1,2,surrogate:eq1_not_representable,2,2,0.02100359999894863,context_not_evidence
poly_deg4_stlsq_0.1,4,False,0.1,45,2,2,surrogate:eq1_not_representable,2,2,0.038137099996674806,context_not_evidence
poly_deg4_stlsq_0.1,4,False,0.1,46,1,2,surrogate:eq1_not_representable,2,2,0.018457699996361043,context_not_evidence
poly_deg4_stlsq_0.1,4,False,0.1,46,2,2,surrogate:eq1_not_representable,2,2,0.009470299999520648,context_not_evidence
poly_deg4_stlsq_0.1,4,False,0.1,47,1,2,surrogate:eq1_not_representable,2,2,0.015214200000627898,context_not_evidence
poly_deg4_stlsq_0.1,4,False,0.1,47,2,2,surrogate:eq1_not_representable,2,2,0.01010849999875063,context_not_evidence
poly_deg4_stlsq_0.1,4,False,0.1,48,1,2,surrogate:eq1_not_representable,2,2,0.01929519999976037,context_not_evidence
poly_deg4_stlsq_0.1,4,False,0.1,48,2,2,surrogate:eq1_not_representable,2,2,0.012437600002158433,context_not_evidence
poly_deg4_stlsq_0.1,4,False,0.1,49,1,2,surrogate:eq1_not_representable,2,2,0.009294000003137626,context_not_evidence
poly_deg4_stlsq_0.1,4,False,0.1,49,2,2,surrogate:eq1_not_representable,2,2,0.008896899998944718,context_not_evidence
poly_deg4_stlsq_0.1,4,False,0.1,50,1,2,surrogate:eq1_not_representable,2,2,0.009001300000818446,context_not_evidence
poly_deg4_stlsq_0.1,4,False,0.1,50,2,2,surrogate:eq1_not_representable,2,2,0.011838999998872168,context_not_evidence
poly_deg4_stlsq_0.1,4,False,0.1,51,1,2,surrogate:eq1_not_representable,2,2,0.01045670000166865,context_not_evidence
poly_deg4_stlsq_0.1,4,False,0.1,51,2,2,surrogate:eq1_not_representable,2,2,0.011994899999990594,context_not_evidence
poly_deg4_stlsq_0.1,4,False,0.1,52,1,3,exact,3,2,0.018650699996214826,context_not_evidence
poly_deg4_stlsq_0.1,4,False,0.1,52,2,3,exact,3,2,0.013283499996759929,context_not_evidence
poly_deg4_stlsq_0.1,4,False,0.1,53,1,3,surrogate:eq1_not_representable,3,2,0.016155700002855156,context_not_evidence
poly_deg4_stlsq_0.1,4,False,0.1,53,2,3,surrogate:eq1_not_representable,3,2,0.060514899996633176,context_not_evidence
poly_deg4_stlsq_0.1,4,False,0.1,54,1,3,exact,3,2,0.040600200001790654,context_not_evidence
poly_deg4_stlsq_0.1,4,False,0.1,54,2,3,exact,3,2,0.027178700001968537,context_not_evidence
poly_deg4_stlsq_0.1,4,False,0.1,55,1,3,exact,3,2,0.017182399999001063,context_not_evidence
poly_deg4_stlsq_0.1,4,False,0.1,55,2,3,exact,3,2,0.028316999996604864,context_not_evidence
poly_deg4_stlsq_0.1,4,False,0.1,56,1,3,exact,3,2,0.01818470000580419,context_not_evidence
poly_deg4_stlsq_0.1,4,False,0.1,56,2,3,exact,3,2,0.022826700005680323,context_not_evidence
poly_deg4_stlsq_0.1,4,False,0.1,57,1,3,exact,3,2,0.02040609999676235,context_not_evidence
poly_deg4_stlsq_0.1,4,False,0.1,57,2,3,exact,3,2,0.023871900004451163,context_not_evidence
poly_deg4_stlsq_0.1,4,False,0.1,58,1,3,exact,3,2,0.037215399999695364,context_not_evidence
poly_deg4_stlsq_0.1,4,False,0.1,58,2,3,exact,3,2,0.03943680000520544,context_not_evidence
poly_deg4_stlsq_0.1,4,False,0.1,59,1,3,exact,3,2,0.025935400000889786,context_not_evidence
poly_deg4_stlsq_0.1,4,False,0.1,59,2,3,exact,3,2,0.027025099996535573,context_not_evidence
poly_deg4_stlsq_0.1,4,False,0.1,60,1,3,surrogate:eq3_not_representable,3,2,0.028611100002308376,context_not_evidence
poly_deg4_stlsq_0.1,4,False,0.1,60,2,3,surrogate:eq3_not_representable,3,2,0.02103480000369018,context_not_evidence
poly_deg4_stlsq_0.1,4,False,0.1,61,1,3,exact,3,2,0.02618530000472674,context_not_evidence
poly_deg4_stlsq_0.1,4,False,0.1,61,2,3,exact,3,2,0.04067379999469267,context_not_evidence
poly_deg4_stlsq_0.1,4,False,0.1,62,1,4,surrogate:eq1_not_representable,4,2,0.04209239999909187,context_not_evidence
poly_deg4_stlsq_0.1,4,False,0.1,62,2,4,surrogate:eq1_not_representable,4,2,0.06195700000534998,context_not_evidence
poly_deg4_stlsq_0.1,4,False,0.1,63,1,4,exact,4,2,0.054660299996612594,context_not_evidence
poly_deg4_stlsq_0.1,4,False,0.1,63,2,4,exact,4,2,0.028794900004868396,context_not_evidence
poly_deg5_stlsq_0.01,5,False,0.01,1,1,1,exact,1,2,0.009589299996150658,context_not_evidence
poly_deg5_stlsq_0.01,5,False,0.01,1,2,1,exact,1,2,0.005569700006162748,context_not_evidence
poly_deg5_stlsq_0.01,5,False,0.01,2,1,1,exact,1,2,0.005420200002845377,context_not_evidence
poly_deg5_stlsq_0.01,5,False,0.01,2,2,1,exact,1,2,0.005983600000035949,context_not_evidence
poly_deg5_stlsq_0.01,5,False,0.01,3,1,1,exact,1,2,0.00874179999664193,context_not_evidence
poly_deg5_stlsq_0.01,5,False,0.01,3,2,1,exact,1,2,0.0070254000020213425,context_not_evidence
poly_deg5_stlsq_0.01,5,False,0.01,4,1,1,surrogate:eq1_not_representable,1,2,0.016750800001318567,context_not_evidence
poly_deg5_stlsq_0.01,5,False,0.01,4,2,1,surrogate:eq1_not_representable,1,2,0.005868499996722676,context_not_evidence
poly_deg5_stlsq_0.01,5,False,0.01,5,1,1,exact,1,2,0.01091430000087712,context_not_evidence
poly_deg5_stlsq_0.01,5,False,0.01,5,2,1,exact,1,2,0.005938499998592306,context_not_evidence
poly_deg5_stlsq_0.01,5,False,0.01,6,1,1,exact,1,2,0.012625700001080986,context_not_evidence
poly_deg5_stlsq_0.01,5,False,0.01,6,2,1,exact,1,2,0.013069799999357201,context_not_evidence
poly_deg5_stlsq_0.01,5,False,0.01,7,1,1,surrogate:eq1_not_representable,1,2,0.00785090000135824,context_not_evidence
poly_deg5_stlsq_0.01,5,False,0.01,7,2,1,surrogate:eq1_not_representable,1,2,0.010175399998843204,context_not_evidence
poly_deg5_stlsq_0.01,5,False,0.01,8,1,1,exact,1,2,0.006081600004108623,context_not_evidence
poly_deg5_stlsq_0.01,5,False,0.01,8,2,1,exact,1,2,0.022327999999106396,context_not_evidence
poly_deg5_stlsq_0.01,5,False,0.01,9,1,1,exact,1,2,0.00643349999882048,context_not_evidence
poly_deg5_stlsq_0.01,5,False,0.01,9,2,1,exact,1,2,0.015455000000656582,context_not_evidence
poly_deg5_stlsq_0.01,5,False,0.01,10,1,1,surrogate:eq1_not_representable,1,2,0.011496699997223914,context_not_evidence
poly_deg5_stlsq_0.01,5,False,0.01,10,2,1,surrogate:eq1_not_representable,1,2,0.0062840000027790666,context_not_evidence
poly_deg5_stlsq_0.01,5,False,0.01,11,1,1,exact,1,2,0.005016700000851415,context_not_evidence
poly_deg5_stlsq_0.01,5,False,0.01,11,2,1,exact,1,2,0.008036200000788085,context_not_evidence
poly_deg5_stlsq_0.01,5,False,0.01,12,1,1,exact,1,2,0.012185999999928754,context_not_evidence
poly_deg5_stlsq_0.01,5,False,0.01,12,2,1,exact,1,2,0.006879200002003927,context_not_evidence
poly_deg5_stlsq_0.01,5,False,0.01,13,1,1,surrogate:eq1_not_representable,1,2,0.011108700004115235,context_not_evidence
poly_deg5_stlsq_0.01,5,False,0.01,13,2,1,surrogate:eq1_not_representable,1,2,0.00993190000008326,context_not_evidence
poly_deg5_stlsq_0.01,5,False,0.01,14,1,1,surrogate:eq1_not_representable,1,2,0.010873400002310518,context_not_evidence
poly_deg5_stlsq_0.01,5,False,0.01,14,2,1,surrogate:eq1_not_representable,1,2,0.005309800006216392,context_not_evidence
poly_deg5_stlsq_0.01,5,False,0.01,15,1,1,surrogate:eq1_not_representable,1,2,0.005201100000704173,context_not_evidence
poly_deg5_stlsq_0.01,5,False,0.01,15,2,1,surrogate:eq1_not_representable,1,2,0.0050073000020347536,context_not_evidence
poly_deg5_stlsq_0.01,5,False,0.01,16,1,1,surrogate:eq1_not_representable,1,2,0.005560999998124316,context_not_evidence
poly_deg5_stlsq_0.01,5,False,0.01,16,2,1,surrogate:eq1_not_representable,1,2,0.010369100004027132,context_not_evidence
poly_deg5_stlsq_0.01,5,False,0.01,17,1,1,exact,1,2,0.005221699997491669,context_not_evidence
poly_deg5_stlsq_0.01,5,False,0.01,17,2,1,exact,1,2,0.005142599999089725,context_not_evidence
poly_deg5_stlsq_0.01,5,False,0.01,18,1,1,surrogate:eq1_not_representable,1,2,0.005404099996667355,context_not_evidence
poly_deg5_stlsq_0.01,5,False,0.01,18,2,1,surrogate:eq1_not_representable,1,2,0.005045799996878486,context_not_evidence
poly_deg5_stlsq_0.01,5,False,0.01,19,1,1,surrogate:eq1_not_representable,1,2,0.00929069999983767,context_not_evidence
poly_deg5_stlsq_0.01,5,False,0.01,19,2,1,surrogate:eq1_not_representable,1,2,0.004969399997207802,context_not_evidence
poly_deg5_stlsq_0.01,5,False,0.01,20,1,1,surrogate:eq1_not_representable,1,2,0.008672199997818097,context_not_evidence
poly_deg5_stlsq_0.01,5,False,0.01,20,2,1,surrogate:eq1_not_representable,1,2,0.004634700002497993,context_not_evidence
poly_deg5_stlsq_0.01,5,False,0.01,21,1,1,surrogate:eq1_not_representable,1,2,0.005422800000815187,context_not_evidence
poly_deg5_stlsq_0.01,5,False,0.01,21,2,1,surrogate:eq1_not_representable,1,2,0.004978800003300421,context_not_evidence
poly_deg5_stlsq_0.01,5,False,0.01,22,1,1,surrogate:eq1_not_representable,1,2,0.009845800006587524,context_not_evidence
poly_deg5_stlsq_0.01,5,False,0.01,22,2,1,surrogate:eq1_not_representable,1,2,0.012327099997492041,context_not_evidence
poly_deg5_stlsq_0.01,5,False,0.01,23,1,1,exact,1,2,0.005026899998483714,context_not_evidence
poly_deg5_stlsq_0.01,5,False,0.01,23,2,1,exact,1,2,0.006659600003331434,context_not_evidence
poly_deg5_stlsq_0.01,5,False,0.01,24,1,2,exact,2,2,0.009943400000338443,context_not_evidence
poly_deg5_stlsq_0.01,5,False,0.01,24,2,2,exact,2,2,0.010086399997817352,context_not_evidence
poly_deg5_stlsq_0.01,5,False,0.01,25,1,2,exact,2,2,0.010921100001723971,context_not_evidence
poly_deg5_stlsq_0.01,5,False,0.01,25,2,2,exact,2,2,0.01190909999422729,context_not_evidence
poly_deg5_stlsq_0.01,5,False,0.01,26,1,2,exact,2,2,0.019735399997443892,context_not_evidence
poly_deg5_stlsq_0.01,5,False,0.01,26,2,2,exact,2,2,0.029146499997295905,context_not_evidence
poly_deg5_stlsq_0.01,5,False,0.01,27,1,2,exact,2,2,0.02893210000183899,context_not_evidence
poly_deg5_stlsq_0.01,5,False,0.01,27,2,2,exact,2,2,0.021376900003815535,context_not_evidence
poly_deg5_stlsq_0.01,5,False,0.01,28,1,2,exact,2,2,0.01284069999383064,context_not_evidence
poly_deg5_stlsq_0.01,5,False,0.01,28,2,2,exact,2,2,0.00928570000542095,context_not_evidence
poly_deg5_stlsq_0.01,5,False,0.01,29,1,2,exact,2,2,0.014139899998554029,context_not_evidence
poly_deg5_stlsq_0.01,5,False,0.01,29,2,2,exact,2,2,0.01677229999768315,context_not_evidence
poly_deg5_stlsq_0.01,5,False,0.01,30,1,2,surrogate:eq1_not_representable,2,2,0.01897330000065267,context_not_evidence
poly_deg5_stlsq_0.01,5,False,0.01,30,2,2,surrogate:eq1_not_representable,2,2,0.0158685000060359,context_not_evidence
poly_deg5_stlsq_0.01,5,False,0.01,31,1,2,exact,2,2,0.011309000001347158,context_not_evidence
poly_deg5_stlsq_0.01,5,False,0.01,31,2,2,exact,2,2,0.01590569999825675,context_not_evidence
poly_deg5_stlsq_0.01,5,False,0.01,32,1,2,exact,2,2,0.01366769999731332,context_not_evidence
poly_deg5_stlsq_0.01,5,False,0.01,32,2,2,exact,2,2,0.010123500003828667,context_not_evidence
poly_deg5_stlsq_0.01,5,False,0.01,33,1,2,surrogate:eq2_not_representable,2,2,0.024031799999647774,context_not_evidence
poly_deg5_stlsq_0.01,5,False,0.01,33,2,2,surrogate:eq2_not_representable,2,2,0.013671100001374725,context_not_evidence
poly_deg5_stlsq_0.01,5,False,0.01,34,1,2,surrogate:eq2_not_representable,2,2,0.018875499998102896,context_not_evidence
poly_deg5_stlsq_0.01,5,False,0.01,34,2,2,surrogate:eq2_not_representable,2,2,0.009626499995647464,context_not_evidence
poly_deg5_stlsq_0.01,5,False,0.01,35,1,2,surrogate:eq1_not_representable,2,2,0.013439400005154312,context_not_evidence
poly_deg5_stlsq_0.01,5,False,0.01,35,2,2,surrogate:eq1_not_representable,2,2,0.020271200002753176,context_not_evidence
poly_deg5_stlsq_0.01,5,False,0.01,36,1,2,surrogate:eq2_not_representable,2,2,0.01562969999940833,context_not_evidence
poly_deg5_stlsq_0.01,5,False,0.01,36,2,2,surrogate:eq2_not_representable,2,2,0.010102500003995374,context_not_evidence
poly_deg5_stlsq_0.01,5,False,0.01,37,1,2,surrogate:eq2_not_representable,2,2,0.012800899996364024,context_not_evidence
poly_deg5_stlsq_0.01,5,False,0.01,37,2,2,surrogate:eq2_not_representable,2,2,0.011559599995962344,context_not_evidence
poly_deg5_stlsq_0.01,5,False,0.01,38,1,2,exact,2,2,0.026360700001532678,context_not_evidence
poly_deg5_stlsq_0.01,5,False,0.01,38,2,2,exact,2,2,0.017218900000443682,context_not_evidence
poly_deg5_stlsq_0.01,5,False,0.01,39,1,2,surrogate:eq1_not_representable,2,2,0.012228200001118239,context_not_evidence
poly_deg5_stlsq_0.01,5,False,0.01,39,2,2,surrogate:eq1_not_representable,2,2,0.016291600004478823,context_not_evidence
poly_deg5_stlsq_0.01,5,False,0.01,40,1,2,surrogate:eq2_not_representable,2,2,0.014564500001142733,context_not_evidence
poly_deg5_stlsq_0.01,5,False,0.01,40,2,2,surrogate:eq2_not_representable,2,2,0.009301800004323013,context_not_evidence
poly_deg5_stlsq_0.01,5,False,0.01,41,1,2,surrogate:eq1_not_representable,2,2,0.02378310000494821,context_not_evidence
poly_deg5_stlsq_0.01,5,False,0.01,41,2,2,surrogate:eq1_not_representable,2,2,0.017733699998643715,context_not_evidence
poly_deg5_stlsq_0.01,5,False,0.01,42,1,2,surrogate:eq1_not_representable,2,2,0.02977670000109356,context_not_evidence
poly_deg5_stlsq_0.01,5,False,0.01,42,2,2,surrogate:eq1_not_representable,2,2,0.022310899999865796,context_not_evidence
poly_deg5_stlsq_0.01,5,False,0.01,43,1,2,exact,2,2,0.018411199998809025,context_not_evidence
poly_deg5_stlsq_0.01,5,False,0.01,43,2,2,exact,2,2,0.02201529999729246,context_not_evidence
poly_deg5_stlsq_0.01,5,False,0.01,44,1,2,surrogate:eq2_not_representable,2,2,0.019869399999151938,context_not_evidence
poly_deg5_stlsq_0.01,5,False,0.01,44,2,2,surrogate:eq2_not_representable,2,2,0.018311600004381035,context_not_evidence
poly_deg5_stlsq_0.01,5,False,0.01,45,1,2,surrogate:eq1_not_representable,2,2,0.014279299997724593,context_not_evidence
poly_deg5_stlsq_0.01,5,False,0.01,45,2,2,surrogate:eq1_not_representable,2,2,0.022785000001022127,context_not_evidence
poly_deg5_stlsq_0.01,5,False,0.01,46,1,2,surrogate:eq1_not_representable,2,2,0.010753700000350364,context_not_evidence
poly_deg5_stlsq_0.01,5,False,0.01,46,2,2,surrogate:eq1_not_representable,2,2,0.013069699998595752,context_not_evidence
poly_deg5_stlsq_0.01,5,False,0.01,47,1,2,surrogate:eq1_not_representable,2,2,0.02239190000545932,context_not_evidence
poly_deg5_stlsq_0.01,5,False,0.01,47,2,2,surrogate:eq1_not_representable,2,2,0.03186009999626549,context_not_evidence
poly_deg5_stlsq_0.01,5,False,0.01,48,1,2,surrogate:eq1_not_representable,2,2,0.013541300002543721,context_not_evidence
poly_deg5_stlsq_0.01,5,False,0.01,48,2,2,surrogate:eq1_not_representable,2,2,0.011910799999895971,context_not_evidence
poly_deg5_stlsq_0.01,5,False,0.01,49,1,2,surrogate:eq1_not_representable,2,2,0.022245699998165946,context_not_evidence
poly_deg5_stlsq_0.01,5,False,0.01,49,2,2,surrogate:eq1_not_representable,2,2,0.023485399993660394,context_not_evidence
poly_deg5_stlsq_0.01,5,False,0.01,50,1,2,surrogate:eq1_not_representable,2,2,0.02334359999804292,context_not_evidence
poly_deg5_stlsq_0.01,5,False,0.01,50,2,2,surrogate:eq1_not_representable,2,2,0.02987600000051316,context_not_evidence
poly_deg5_stlsq_0.01,5,False,0.01,51,1,2,surrogate:eq1_not_representable,2,2,0.03594400000292808,context_not_evidence
poly_deg5_stlsq_0.01,5,False,0.01,51,2,2,surrogate:eq1_not_representable,2,2,0.027922699999180622,context_not_evidence
poly_deg5_stlsq_0.01,5,False,0.01,52,1,3,exact,3,2,0.07685279999714112,context_not_evidence
poly_deg5_stlsq_0.01,5,False,0.01,52,2,3,exact,3,2,0.06983289999334374,context_not_evidence
poly_deg5_stlsq_0.01,5,False,0.01,53,1,3,surrogate:eq1_not_representable,3,2,0.06265239999629557,context_not_evidence
poly_deg5_stlsq_0.01,5,False,0.01,53,2,3,surrogate:eq1_not_representable,3,2,0.13552180000260705,context_not_evidence
poly_deg5_stlsq_0.01,5,False,0.01,54,1,3,exact,3,2,0.12440410000272095,context_not_evidence
poly_deg5_stlsq_0.01,5,False,0.01,54,2,3,exact,3,2,0.043520300001546275,context_not_evidence
poly_deg5_stlsq_0.01,5,False,0.01,55,1,3,exact,3,2,0.043798400001833215,context_not_evidence
poly_deg5_stlsq_0.01,5,False,0.01,55,2,3,exact,3,2,0.0336237000010442,context_not_evidence
poly_deg5_stlsq_0.01,5,False,0.01,56,1,3,exact,3,2,0.037297100003343076,context_not_evidence
poly_deg5_stlsq_0.01,5,False,0.01,56,2,3,exact,3,2,0.030587900000682566,context_not_evidence
poly_deg5_stlsq_0.01,5,False,0.01,57,1,3,exact,3,2,0.08421739999903366,context_not_evidence
poly_deg5_stlsq_0.01,5,False,0.01,57,2,3,exact,3,2,0.06341390000307001,context_not_evidence
poly_deg5_stlsq_0.01,5,False,0.01,58,1,3,exact,3,2,0.059706799998821225,context_not_evidence
poly_deg5_stlsq_0.01,5,False,0.01,58,2,3,exact,3,2,0.040632099997310434,context_not_evidence
poly_deg5_stlsq_0.01,5,False,0.01,59,1,3,exact,3,2,0.04679490000125952,context_not_evidence
poly_deg5_stlsq_0.01,5,False,0.01,59,2,3,exact,3,2,0.04429410000011558,context_not_evidence
poly_deg5_stlsq_0.01,5,False,0.01,60,1,3,surrogate:eq3_not_representable,3,2,0.09779340000386583,context_not_evidence
poly_deg5_stlsq_0.01,5,False,0.01,60,2,3,surrogate:eq3_not_representable,3,2,0.14699719999771332,context_not_evidence
poly_deg5_stlsq_0.01,5,False,0.01,61,1,3,exact,3,2,0.03796120000333758,context_not_evidence
poly_deg5_stlsq_0.01,5,False,0.01,61,2,3,exact,3,2,0.05088429999887012,context_not_evidence
poly_deg5_stlsq_0.01,5,False,0.01,62,1,4,surrogate:eq1_not_representable,4,2,0.6236203000007663,context_not_evidence
poly_deg5_stlsq_0.01,5,False,0.01,62,2,4,surrogate:eq1_not_representable,4,2,0.7536731000000145,context_not_evidence
poly_deg5_stlsq_0.01,5,False,0.01,63,1,4,exact,4,2,0.16635990000213496,context_not_evidence
poly_deg5_stlsq_0.01,5,False,0.01,63,2,4,exact,4,2,0.17320970000582747,context_not_evidence
poly_deg5_stlsq_0.1,5,False,0.1,1,1,1,exact,1,2,0.008558100002119318,context_not_evidence
poly_deg5_stlsq_0.1,5,False,0.1,1,2,1,exact,1,2,0.010097999998833984,context_not_evidence
poly_deg5_stlsq_0.1,5,False,0.1,2,1,1,exact,1,2,0.023651700001209974,context_not_evidence
poly_deg5_stlsq_0.1,5,False,0.1,2,2,1,exact,1,2,0.013158799993107095,context_not_evidence
poly_deg5_stlsq_0.1,5,False,0.1,3,1,1,exact,1,2,0.016947999996773433,context_not_evidence
poly_deg5_stlsq_0.1,5,False,0.1,3,2,1,exact,1,2,0.01068669999949634,context_not_evidence
poly_deg5_stlsq_0.1,5,False,0.1,4,1,1,surrogate:eq1_not_representable,1,2,0.00790650000271853,context_not_evidence
poly_deg5_stlsq_0.1,5,False,0.1,4,2,1,surrogate:eq1_not_representable,1,2,0.013961300006485544,context_not_evidence
poly_deg5_stlsq_0.1,5,False,0.1,5,1,1,exact,1,2,0.014238399999157991,context_not_evidence
poly_deg5_stlsq_0.1,5,False,0.1,5,2,1,exact,1,2,0.008055699996475596,context_not_evidence
poly_deg5_stlsq_0.1,5,False,0.1,6,1,1,exact,1,2,0.0077202000029501505,context_not_evidence
poly_deg5_stlsq_0.1,5,False,0.1,6,2,1,exact,1,2,0.013592399998742621,context_not_evidence
poly_deg5_stlsq_0.1,5,False,0.1,7,1,1,surrogate:eq1_not_representable,1,2,0.0071886000005179085,context_not_evidence
poly_deg5_stlsq_0.1,5,False,0.1,7,2,1,surrogate:eq1_not_representable,1,2,0.006155300005048048,context_not_evidence
poly_deg5_stlsq_0.1,5,False,0.1,8,1,1,exact,1,2,0.012316899999859743,context_not_evidence
poly_deg5_stlsq_0.1,5,False,0.1,8,2,1,exact,1,2,0.0057537999964552,context_not_evidence
poly_deg5_stlsq_0.1,5,False,0.1,9,1,1,exact,1,2,0.013198799999372568,context_not_evidence
poly_deg5_stlsq_0.1,5,False,0.1,9,2,1,exact,1,2,0.006966699998883996,context_not_evidence
poly_deg5_stlsq_0.1,5,False,0.1,10,1,1,surrogate:eq1_not_representable,1,2,0.013970600004540756,context_not_evidence
poly_deg5_stlsq_0.1,5,False,0.1,10,2,1,surrogate:eq1_not_representable,1,2,0.006368499998643529,context_not_evidence
poly_deg5_stlsq_0.1,5,False,0.1,11,1,1,exact,1,2,0.009725000003527384,context_not_evidence
poly_deg5_stlsq_0.1,5,False,0.1,11,2,1,exact,1,2,0.017344499996397644,context_not_evidence
poly_deg5_stlsq_0.1,5,False,0.1,12,1,1,exact,1,2,0.011342099998728372,context_not_evidence
poly_deg5_stlsq_0.1,5,False,0.1,12,2,1,exact,1,2,0.01040080000529997,context_not_evidence
poly_deg5_stlsq_0.1,5,False,0.1,13,1,1,surrogate:eq1_not_representable,1,2,0.007645899997442029,context_not_evidence
poly_deg5_stlsq_0.1,5,False,0.1,13,2,1,surrogate:eq1_not_representable,1,2,0.007034300004306715,context_not_evidence
poly_deg5_stlsq_0.1,5,False,0.1,14,1,1,surrogate:eq1_not_representable,1,2,0.0058323999983258545,context_not_evidence
poly_deg5_stlsq_0.1,5,False,0.1,14,2,1,surrogate:eq1_not_representable,1,2,0.005244599997240584,context_not_evidence
poly_deg5_stlsq_0.1,5,False,0.1,15,1,1,surrogate:eq1_not_representable,1,2,0.008775800000876188,context_not_evidence
poly_deg5_stlsq_0.1,5,False,0.1,15,2,1,surrogate:eq1_not_representable,1,2,0.005309400003170595,context_not_evidence
poly_deg5_stlsq_0.1,5,False,0.1,16,1,1,surrogate:eq1_not_representable,1,2,0.004243199997290503,context_not_evidence
poly_deg5_stlsq_0.1,5,False,0.1,16,2,1,surrogate:eq1_not_representable,1,2,0.004666399996494874,context_not_evidence
poly_deg5_stlsq_0.1,5,False,0.1,17,1,1,exact,1,2,0.007275299998582341,context_not_evidence
poly_deg5_stlsq_0.1,5,False,0.1,17,2,1,exact,1,2,0.0050865000011981465,context_not_evidence
poly_deg5_stlsq_0.1,5,False,0.1,18,1,1,surrogate:eq1_not_representable,1,2,0.005029100000683684,context_not_evidence
poly_deg5_stlsq_0.1,5,False,0.1,18,2,1,surrogate:eq1_not_representable,1,2,0.010732099995948374,context_not_evidence
poly_deg5_stlsq_0.1,5,False,0.1,19,1,1,surrogate:eq1_not_representable,1,2,0.01096759999927599,context_not_evidence
poly_deg5_stlsq_0.1,5,False,0.1,19,2,1,surrogate:eq1_not_representable,1,2,0.005908099999942351,context_not_evidence
poly_deg5_stlsq_0.1,5,False,0.1,20,1,1,surrogate:eq1_not_representable,1,2,0.006635099998675287,context_not_evidence
poly_deg5_stlsq_0.1,5,False,0.1,20,2,1,surrogate:eq1_not_representable,1,2,0.005012100002204534,context_not_evidence
poly_deg5_stlsq_0.1,5,False,0.1,21,1,1,surrogate:eq1_not_representable,1,2,0.006210599996848032,context_not_evidence
poly_deg5_stlsq_0.1,5,False,0.1,21,2,1,surrogate:eq1_not_representable,1,2,0.0061080000014044344,context_not_evidence
poly_deg5_stlsq_0.1,5,False,0.1,22,1,1,surrogate:eq1_not_representable,1,2,0.007556299999123439,context_not_evidence
poly_deg5_stlsq_0.1,5,False,0.1,22,2,1,surrogate:eq1_not_representable,1,2,0.008587900003476534,context_not_evidence
poly_deg5_stlsq_0.1,5,False,0.1,23,1,1,exact,1,2,0.013107500002661254,context_not_evidence
poly_deg5_stlsq_0.1,5,False,0.1,23,2,1,exact,1,2,0.005888100000447594,context_not_evidence
poly_deg5_stlsq_0.1,5,False,0.1,24,1,2,exact,2,2,0.010300400004780386,context_not_evidence
poly_deg5_stlsq_0.1,5,False,0.1,24,2,2,exact,2,2,0.01666050000494579,context_not_evidence
poly_deg5_stlsq_0.1,5,False,0.1,25,1,2,exact,2,2,0.013562799998908304,context_not_evidence
poly_deg5_stlsq_0.1,5,False,0.1,25,2,2,exact,2,2,0.009228000002622139,context_not_evidence
poly_deg5_stlsq_0.1,5,False,0.1,26,1,2,exact,2,2,0.02374469999631401,context_not_evidence
poly_deg5_stlsq_0.1,5,False,0.1,26,2,2,exact,2,2,0.026583700004266575,context_not_evidence
poly_deg5_stlsq_0.1,5,False,0.1,27,1,2,exact,2,2,0.018737400001555216,context_not_evidence
poly_deg5_stlsq_0.1,5,False,0.1,27,2,2,exact,2,2,0.010396599995146971,context_not_evidence
poly_deg5_stlsq_0.1,5,False,0.1,28,1,2,exact,2,2,0.020303299999795854,context_not_evidence
poly_deg5_stlsq_0.1,5,False,0.1,28,2,2,exact,2,2,0.01381039999978384,context_not_evidence
poly_deg5_stlsq_0.1,5,False,0.1,29,1,2,exact,2,2,0.013552299998991657,context_not_evidence
poly_deg5_stlsq_0.1,5,False,0.1,29,2,2,exact,2,2,0.023710499997832812,context_not_evidence
poly_deg5_stlsq_0.1,5,False,0.1,30,1,2,surrogate:eq1_not_representable,2,2,0.013447199999063741,context_not_evidence
poly_deg5_stlsq_0.1,5,False,0.1,30,2,2,surrogate:eq1_not_representable,2,2,0.018361500005994458,context_not_evidence
poly_deg5_stlsq_0.1,5,False,0.1,31,1,2,exact,2,2,0.013780699999188073,context_not_evidence
poly_deg5_stlsq_0.1,5,False,0.1,31,2,2,exact,2,2,0.02176750000216998,context_not_evidence
poly_deg5_stlsq_0.1,5,False,0.1,32,1,2,exact,2,2,0.011505399997986387,context_not_evidence
poly_deg5_stlsq_0.1,5,False,0.1,32,2,2,exact,2,2,0.02625090000219643,context_not_evidence
poly_deg5_stlsq_0.1,5,False,0.1,33,1,2,surrogate:eq2_not_representable,2,2,0.03263910000532633,context_not_evidence
poly_deg5_stlsq_0.1,5,False,0.1,33,2,2,surrogate:eq2_not_representable,2,2,0.033552000000781845,context_not_evidence
poly_deg5_stlsq_0.1,5,False,0.1,34,1,2,surrogate:eq2_not_representable,2,2,0.019746199999644887,context_not_evidence
poly_deg5_stlsq_0.1,5,False,0.1,34,2,2,surrogate:eq2_not_representable,2,2,0.03134110000246437,context_not_evidence
poly_deg5_stlsq_0.1,5,False,0.1,35,1,2,surrogate:eq1_not_representable,2,2,0.023644199995032977,context_not_evidence
poly_deg5_stlsq_0.1,5,False,0.1,35,2,2,surrogate:eq1_not_representable,2,2,0.03018290000181878,context_not_evidence
poly_deg5_stlsq_0.1,5,False,0.1,36,1,2,surrogate:eq2_not_representable,2,2,0.012236099995789118,context_not_evidence
poly_deg5_stlsq_0.1,5,False,0.1,36,2,2,surrogate:eq2_not_representable,2,2,0.014545799996994901,context_not_evidence
poly_deg5_stlsq_0.1,5,False,0.1,37,1,2,surrogate:eq2_not_representable,2,2,0.017252300000109244,context_not_evidence
poly_deg5_stlsq_0.1,5,False,0.1,37,2,2,surrogate:eq2_not_representable,2,2,0.01829349999752594,context_not_evidence
poly_deg5_stlsq_0.1,5,False,0.1,38,1,2,exact,2,2,0.010774599999422207,context_not_evidence
poly_deg5_stlsq_0.1,5,False,0.1,38,2,2,exact,2,2,0.016233100002864376,context_not_evidence
poly_deg5_stlsq_0.1,5,False,0.1,39,1,2,surrogate:eq1_not_representable,2,2,0.013337299998966046,context_not_evidence
poly_deg5_stlsq_0.1,5,False,0.1,39,2,2,surrogate:eq1_not_representable,2,2,0.011544900000444613,context_not_evidence
poly_deg5_stlsq_0.1,5,False,0.1,40,1,2,surrogate:eq2_not_representable,2,2,0.011311800000839867,context_not_evidence
poly_deg5_stlsq_0.1,5,False,0.1,40,2,2,surrogate:eq2_not_representable,2,2,0.01374029999715276,context_not_evidence
poly_deg5_stlsq_0.1,5,False,0.1,41,1,2,surrogate:eq1_not_representable,2,2,0.029219500000181142,context_not_evidence
poly_deg5_stlsq_0.1,5,False,0.1,41,2,2,surrogate:eq1_not_representable,2,2,0.025878000000375323,context_not_evidence
poly_deg5_stlsq_0.1,5,False,0.1,42,1,2,surrogate:eq1_not_representable,2,2,0.01761110000370536,context_not_evidence
poly_deg5_stlsq_0.1,5,False,0.1,42,2,2,surrogate:eq1_not_representable,2,2,0.02483139999822015,context_not_evidence
poly_deg5_stlsq_0.1,5,False,0.1,43,1,2,exact,2,2,0.0266602999981842,context_not_evidence
poly_deg5_stlsq_0.1,5,False,0.1,43,2,2,exact,2,2,0.029095600002619904,context_not_evidence
poly_deg5_stlsq_0.1,5,False,0.1,44,1,2,surrogate:eq2_not_representable,2,2,0.02527109999937238,context_not_evidence
poly_deg5_stlsq_0.1,5,False,0.1,44,2,2,surrogate:eq2_not_representable,2,2,0.013645699997141492,context_not_evidence
poly_deg5_stlsq_0.1,5,False,0.1,45,1,2,surrogate:eq1_not_representable,2,2,0.014445499997236766,context_not_evidence
poly_deg5_stlsq_0.1,5,False,0.1,45,2,2,surrogate:eq1_not_representable,2,2,0.01506350000272505,context_not_evidence
poly_deg5_stlsq_0.1,5,False,0.1,46,1,2,surrogate:eq1_not_representable,2,2,0.012904199997137766,context_not_evidence
poly_deg5_stlsq_0.1,5,False,0.1,46,2,2,surrogate:eq1_not_representable,2,2,0.010407099995063618,context_not_evidence
poly_deg5_stlsq_0.1,5,False,0.1,47,1,2,surrogate:eq1_not_representable,2,2,0.01687770000717137,context_not_evidence
poly_deg5_stlsq_0.1,5,False,0.1,47,2,2,surrogate:eq1_not_representable,2,2,0.015721000003395602,context_not_evidence
poly_deg5_stlsq_0.1,5,False,0.1,48,1,2,surrogate:eq1_not_representable,2,2,0.015229899996484164,context_not_evidence
poly_deg5_stlsq_0.1,5,False,0.1,48,2,2,surrogate:eq1_not_representable,2,2,0.023848099997849204,context_not_evidence
poly_deg5_stlsq_0.1,5,False,0.1,49,1,2,surrogate:eq1_not_representable,2,2,0.03645149999647401,context_not_evidence
poly_deg5_stlsq_0.1,5,False,0.1,49,2,2,surrogate:eq1_not_representable,2,2,0.021541599999181926,context_not_evidence
poly_deg5_stlsq_0.1,5,False,0.1,50,1,2,surrogate:eq1_not_representable,2,2,0.01586189999943599,context_not_evidence
poly_deg5_stlsq_0.1,5,False,0.1,50,2,2,surrogate:eq1_not_representable,2,2,0.02523720000317553,context_not_evidence
poly_deg5_stlsq_0.1,5,False,0.1,51,1,2,surrogate:eq1_not_representable,2,2,0.025597399995604064,context_not_evidence
poly_deg5_stlsq_0.1,5,False,0.1,51,2,2,surrogate:eq1_not_representable,2,2,0.022911699998076074,context_not_evidence
poly_deg5_stlsq_0.1,5,False,0.1,52,1,3,exact,3,2,0.03318039999430766,context_not_evidence
poly_deg5_stlsq_0.1,5,False,0.1,52,2,3,exact,3,2,0.02019819999986794,context_not_evidence
poly_deg5_stlsq_0.1,5,False,0.1,53,1,3,surrogate:eq1_not_representable,3,2,0.03830500000185566,context_not_evidence
poly_deg5_stlsq_0.1,5,False,0.1,53,2,3,surrogate:eq1_not_representable,3,2,0.0701891999997315,context_not_evidence
poly_deg5_stlsq_0.1,5,False,0.1,54,1,3,exact,3,2,0.07370739999896614,context_not_evidence
poly_deg5_stlsq_0.1,5,False,0.1,54,2,3,exact,3,2,0.028904099999635946,context_not_evidence
poly_deg5_stlsq_0.1,5,False,0.1,55,1,3,exact,3,2,0.044192699999257457,context_not_evidence
poly_deg5_stlsq_0.1,5,False,0.1,55,2,3,exact,3,2,0.04309400000056485,context_not_evidence
poly_deg5_stlsq_0.1,5,False,0.1,56,1,3,exact,3,2,0.032431999999971595,context_not_evidence
poly_deg5_stlsq_0.1,5,False,0.1,56,2,3,exact,3,2,0.039496999997936655,context_not_evidence
poly_deg5_stlsq_0.1,5,False,0.1,57,1,3,exact,3,2,0.0354116000016802,context_not_evidence
poly_deg5_stlsq_0.1,5,False,0.1,57,2,3,exact,3,2,0.041224000000511296,context_not_evidence
poly_deg5_stlsq_0.1,5,False,0.1,58,1,3,exact,3,2,0.03175990000454476,context_not_evidence
poly_deg5_stlsq_0.1,5,False,0.1,58,2,3,exact,3,2,0.06145429999742191,context_not_evidence
poly_deg5_stlsq_0.1,5,False,0.1,59,1,3,exact,3,2,0.0267426999998861,context_not_evidence
poly_deg5_stlsq_0.1,5,False,0.1,59,2,3,exact,3,2,0.053233900005579926,context_not_evidence
poly_deg5_stlsq_0.1,5,False,0.1,60,1,3,surrogate:eq3_not_representable,3,2,0.0374147999973502,context_not_evidence
poly_deg5_stlsq_0.1,5,False,0.1,60,2,3,surrogate:eq3_not_representable,3,2,0.04811329999938607,context_not_evidence
poly_deg5_stlsq_0.1,5,False,0.1,61,1,3,exact,3,2,0.04826870000397321,context_not_evidence
poly_deg5_stlsq_0.1,5,False,0.1,61,2,3,exact,3,2,0.04595830000471324,context_not_evidence
poly_deg5_stlsq_0.1,5,False,0.1,62,1,4,surrogate:eq1_not_representable,4,2,0.08058060000621481,context_not_evidence
poly_deg5_stlsq_0.1,5,False,0.1,62,2,4,surrogate:eq1_not_representable,4,2,0.09897039999486879,context_not_evidence
poly_deg5_stlsq_0.1,5,False,0.1,63,1,4,exact,4,2,0.08845250000013039,context_not_evidence
poly_deg5_stlsq_0.1,5,False,0.1,63,2,4,exact,4,2,0.05674709999584593,context_not_evidence
