system_id,system_name,system_dim,system_representability,system_expected_stage,seed,initial_condition_set,total_parameter_fits_capped,total_parameter_fits_uncapped,total_parameter_fits_saving_uncapped_minus_capped,total_parameter_fits_saving_fraction_of_uncapped,total_parameter_fit_attempts_capped,total_parameter_fit_attempts_uncapped,total_parameter_fit_attempts_saving_uncapped_minus_capped,total_parameter_fit_attempts_saving_fraction_of_uncapped,total_loss_evals_capped,total_loss_evals_uncapped,total_loss_evals_saving_uncapped_minus_capped,total_loss_evals_saving_fraction_of_uncapped,total_ode_solves_capped,total_ode_solves_uncapped,total_ode_solves_saving_uncapped_minus_capped,total_ode_solves_saving_fraction_of_uncapped,final_stage_capped,final_stage_uncapped,final_stage_saving_uncapped_minus_capped,final_stage_saving_fraction_of_uncapped,executed_levels_capped,executed_levels_uncapped,executed_levels_saving_uncapped_minus_capped,executed_levels_saving_fraction_of_uncapped,log10_loss_capped,log10_loss_uncapped,log10_loss_delta_capped_minus_uncapped,r2_capped,r2_uncapped,r2_delta_capped_minus_uncapped,exact_support_match_raw_capped,exact_support_match_raw_uncapped,exact_support_match_raw_delta_capped_minus_uncapped,exact_support_match_pruned_capped,exact_support_match_pruned_uncapped,exact_support_match_pruned_delta_capped_minus_uncapped,structural_f1_capped,structural_f1_uncapped,structural_f1_delta_capped_minus_uncapped,term_precision_capped,term_precision_uncapped,term_precision_delta_capped_minus_uncapped,term_recall_capped,term_recall_uncapped,term_recall_delta_capped_minus_uncapped,coefficient_relative_error_mean_capped,coefficient_relative_error_mean_uncapped,coefficient_relative_error_mean_delta_capped_minus_uncapped
1,RC-circuit (charging capacitor),1,exact,1.0,7,1,30.0,30.0,0.0,0.0,30.0,30.0,0.0,0.0,21771.0,21771.0,0.0,0.0,21771.0,21771.0,0.0,0.0,1.0,1.0,0.0,0.0,1.0,1.0,0.0,0.0,-13.944092754952642,-13.944092754952642,0.0,0.999999999999998,0.999999999999998,0.0,1.0,1.0,0.0,1.0,1.0,0.0,1.0,1.0,0.0,1.0,1.0,0.0,1.0,1.0,0.0,1.67221373107207e-07,1.67221373107207e-07,0.0
1,RC-circuit (charging capacitor),1,exact,1.0,7,2,30.0,30.0,0.0,0.0,30.0,30.0,0.0,0.0,4581.0,4581.0,0.0,0.0,4581.0,4581.0,0.0,0.0,1.0,1.0,0.0,0.0,1.0,1.0,0.0,0.0,-14.579266150190858,-14.579266150190858,0.0,0.9999999999999946,0.9999999999999946,0.0,1.0,1.0,0.0,1.0,1.0,0.0,1.0,1.0,0.0,1.0,1.0,0.0,1.0,1.0,0.0,1.380336272682747e-07,1.380336272682747e-07,0.0
1,RC-circuit (charging capacitor),1,exact,1.0,42,1,30.0,30.0,0.0,0.0,30.0,30.0,0.0,0.0,1609.0,1609.0,0.0,0.0,1609.0,1609.0,0.0,0.0,1.0,1.0,0.0,0.0,1.0,1.0,0.0,0.0,-13.822867858401402,-13.822867858401402,0.0,0.9999999999999972,0.9999999999999972,0.0,1.0,1.0,0.0,1.0,1.0,0.0,1.0,1.0,0.0,1.0,1.0,0.0,1.0,1.0,0.0,2.0721138987189746e-07,2.0721138987189746e-07,0.0
1,RC-circuit (charging capacitor),1,exact,1.0,42,2,30.0,30.0,0.0,0.0,30.0,30.0,0.0,0.0,43758.0,43758.0,0.0,0.0,43758.0,43758.0,0.0,0.0,1.0,1.0,0.0,0.0,1.0,1.0,0.0,0.0,-15.014970609104118,-15.014970609104118,0.0,0.999999999999998,0.999999999999998,0.0,1.0,1.0,0.0,1.0,1.0,0.0,1.0,1.0,0.0,1.0,1.0,0.0,1.0,1.0,0.0,5.15691465683421e-08,5.15691465683421e-08,0.0
1,RC-circuit (charging capacitor),1,exact,1.0,123,1,50.0,50.0,0.0,0.0,50.0,50.0,0.0,0.0,3285.0,3285.0,0.0,0.0,3285.0,3285.0,0.0,0.0,1.0,1.0,0.0,0.0,2.0,2.0,0.0,0.0,-13.822213070571994,-13.822213070571994,0.0,0.9999999999999972,0.9999999999999972,0.0,1.0,1.0,0.0,1.0,1.0,0.0,1.0,1.0,0.0,1.0,1.0,0.0,1.0,1.0,0.0,2.071850348603909e-07,2.071850348603909e-07,0.0
1,RC-circuit (charging capacitor),1,exact,1.0,123,2,30.0,30.0,0.0,0.0,30.0,30.0,0.0,0.0,22740.0,22740.0,0.0,0.0,22740.0,22740.0,0.0,0.0,1.0,1.0,0.0,0.0,1.0,1.0,0.0,0.0,-14.718211695915072,-14.718211695915072,0.0,0.999999999999996,0.999999999999996,0.0,1.0,1.0,0.0,1.0,1.0,0.0,1.0,1.0,0.0,1.0,1.0,0.0,1.0,1.0,0.0,8.972470263002298e-08,8.972470263002298e-08,0.0
2,Population growth (naive),1,exact,1.0,7,1,30.0,30.0,0.0,0.0,30.0,30.0,0.0,0.0,233982.0,233982.0,0.0,0.0,233982.0,233982.0,0.0,0.0,1.0,1.0,0.0,0.0,1.0,1.0,0.0,0.0,-11.70867275139145,-11.70867275139145,0.0,0.9999999999999862,0.9999999999999862,0.0,1.0,1.0,0.0,1.0,1.0,0.0,1.0,1.0,0.0,1.0,1.0,0.0,1.0,1.0,0.0,3.2744448457037216e-08,3.2744448457037216e-08,0.0
2,Population growth (naive),1,exact,1.0,7,2,30.0,30.0,0.0,0.0,30.0,30.0,0.0,0.0,222182.0,222182.0,0.0,0.0,222182.0,222182.0,0.0,0.0,1.0,1.0,0.0,0.0,1.0,1.0,0.0,0.0,-13.183066140780122,-13.183066140780122,0.0,0.999999999999986,0.999999999999986,0.0,1.0,1.0,0.0,1.0,1.0,0.0,1.0,1.0,0.0,1.0,1.0,0.0,1.0,1.0,0.0,3.246854307154232e-08,3.246854307154232e-08,0.0
2,Population growth (naive),1,exact,1.0,42,1,30.0,30.0,0.0,0.0,30.0,30.0,0.0,0.0,206725.0,206725.0,0.0,0.0,206725.0,206725.0,0.0,0.0,1.0,1.0,0.0,0.0,1.0,1.0,0.0,0.0,-11.708672606656542,-11.708672606656542,0.0,0.9999999999999862,0.9999999999999862,0.0,1.0,1.0,0.0,1.0,1.0,0.0,1.0,1.0,0.0,1.0,1.0,0.0,1.0,1.0,0.0,3.274444942244854e-08,3.274444942244854e-08,0.0
2,Population growth (naive),1,exact,1.0,42,2,30.0,30.0,0.0,0.0,30.0,30.0,0.0,0.0,182061.0,182061.0,0.0,0.0,182061.0,182061.0,0.0,0.0,1.0,1.0,0.0,0.0,1.0,1.0,0.0,0.0,-13.183066020034213,-13.183066020034213,0.0,0.999999999999986,0.999999999999986,0.0,1.0,1.0,0.0,1.0,1.0,0.0,1.0,1.0,0.0,1.0,1.0,0.0,1.0,1.0,0.0,3.24685452437178e-08,3.24685452437178e-08,0.0
2,Population growth (naive),1,exact,1.0,123,1,30.0,30.0,0.0,0.0,30.0,30.0,0.0,0.0,152176.0,152176.0,0.0,0.0,152176.0,152176.0,0.0,0.0,1.0,1.0,0.0,0.0,1.0,1.0,0.0,0.0,-11.70867275139145,-11.70867275139145,0.0,0.9999999999999862,0.9999999999999862,0.0,1.0,1.0,0.0,1.0,1.0,0.0,1.0,1.0,0.0,1.0,1.0,0.0,1.0,1.0,0.0,3.2744448457037216e-08,3.2744448457037216e-08,0.0
2,Population growth (naive),1,exact,1.0,123,2,30.0,30.0,0.0,0.0,30.0,30.0,0.0,0.0,143048.0,143048.0,0.0,0.0,143048.0,143048.0,0.0,0.0,1.0,1.0,0.0,0.0,1.0,1.0,0.0,0.0,-13.183066067031383,-13.183066067031383,0.0,0.999999999999986,0.999999999999986,0.0,1.0,1.0,0.0,1.0,1.0,0.0,1.0,1.0,0.0,1.0,1.0,0.0,1.0,1.0,0.0,3.246854645048195e-08,3.246854645048195e-08,0.0
3,Population growth with carrying capacity,1,exact,2.0,7,1,170.0,410.0,240.0,0.5853658536585366,223.0,626.0,403.0,0.6437699680511182,596692.0,2264010.0,1667318.0,0.7364446270113648,596692.0,2264010.0,1667318.0,0.7364446270113648,2.0,5.0,3.0,0.6,8.0,20.0,12.0,0.6,-7.363840328626549,-7.363840328626549,0.0,0.9999999999164508,0.9999999999164508,0.0,0.0,0.0,0.0,1.0,1.0,0.0,0.8,0.8,0.0,0.6666666666666666,0.6666666666666666,0.0,1.0,1.0,0.0,4.910024760806586e-05,4.910024760806586e-05,0.0
3,Population growth with carrying capacity,1,exact,2.0,7,2,170.0,410.0,240.0,0.5853658536585366,222.0,633.0,411.0,0.6492890995260664,639552.0,2453814.0,1814262.0,0.7393641082820458,639552.0,2453814.0,1814262.0,0.7393641082820458,2.0,5.0,3.0,0.6,8.0,20.0,12.0,0.6,-6.791927911512644,-6.791927911512644,0.0,0.9999999993328608,0.9999999993328608,0.0,0.0,0.0,0.0,0.0,0.0,0.0,0.8,0.8,0.0,0.6666666666666666,0.6666666666666666,0.0,1.0,1.0,0.0,0.0002314929400414,0.0002314929400414,0.0
3,Population growth with carrying capacity,1,exact,2.0,42,1,170.0,410.0,240.0,0.5853658536585366,222.0,622.0,400.0,0.6430868167202572,695054.0,2671727.0,1976673.0,0.7398484201417286,695054.0,2671727.0,1976673.0,0.7398484201417286,2.0,5.0,3.0,0.6,8.0,20.0,12.0,0.6,-7.356084184682115,-7.356084184682115,0.0,0.9999999999149451,0.9999999999149451,0.0,0.0,0.0,0.0,1.0,1.0,0.0,0.8,0.8,0.0,0.6666666666666666,0.6666666666666666,0.0,1.0,1.0,0.0,5.465194441331696e-05,5.465194441331696e-05,0.0
3,Population growth with carrying capacity,1,exact,2.0,42,2,170.0,410.0,240.0,0.5853658536585366,228.0,661.0,433.0,0.6550680786686838,440790.0,2147591.0,1706801.0,0.7947514214764357,440790.0,2147591.0,1706801.0,0.7947514214764357,2.0,5.0,3.0,0.6,8.0,20.0,12.0,0.6,-6.940043711338502,-7.042121224058443,0.1020775127199407,0.999999999525648,0.999999999625007,-9.935896549961853e-11,0.0,0.0,0.0,0.0,0.0,0.0,0.8,0.8,0.0,0.6666666666666666,0.6666666666666666,0.0,1.0,1.0,0.0,0.0001864327893854,0.0001663905145585,2.0042274826900016e-05
3,Population growth with carrying capacity,1,exact,2.0,123,1,150.0,150.0,0.0,0.0,187.0,187.0,0.0,0.0,353481.0,353481.0,0.0,0.0,353481.0,353481.0,0.0,0.0,2.0,2.0,0.0,0.0,7.0,7.0,0.0,0.0,-8.833611155818637,-8.833611155818637,0.0,0.9999999999971676,0.9999999999971676,0.0,0.0,0.0,0.0,1.0,1.0,0.0,0.8,0.8,0.0,0.6666666666666666,0.6666666666666666,0.0,1.0,1.0,0.0,5.374700540507511e-06,5.374700540507511e-06,0.0
3,Population growth with carrying capacity,1,exact,2.0,123,2,170.0,410.0,240.0,0.5853658536585366,225.0,643.0,418.0,0.6500777604976672,549687.0,2407349.0,1857662.0,0.7716629371146435,549687.0,2407349.0,1857662.0,0.7716629371146435,2.0,5.0,3.0,0.6,8.0,20.0,12.0,0.6,-7.1084626815422345,-7.408365263238356,0.29990258169612183,0.9999999996781292,0.9999999998386462,-1.6051693307872483e-10,0.0,0.0,0.0,0.0,0.0,0.0,0.8,0.8,0.0,0.6666666666666666,0.6666666666666666,0.0,1.0,1.0,0.0,0.0001575348923486,6.525412081378916e-05,9.228077153481083e-05
4,RC-circuit with non-linear resistor (charging capacitor),1,surrogate,,7,1,410.0,410.0,0.0,0.0,454.0,454.0,0.0,0.0,1398660.0,1398660.0,0.0,0.0,1398660.0,1398660.0,0.0,0.0,5.0,5.0,0.0,0.0,20.0,20.0,0.0,0.0,-3.1492034640442785,-3.1492034640442785,0.0,0.9988493399598534,0.9988493399598534,0.0,,,,,,,,,,,,,,,,,,
4,RC-circuit with non-linear resistor (charging capacitor),1,surrogate,,7,2,410.0,410.0,0.0,0.0,427.0,427.0,0.0,0.0,1213101.0,1213101.0,0.0,0.0,1213101.0,1213101.0,0.0,0.0,5.0,5.0,0.0,0.0,20.0,20.0,0.0,0.0,-5.264021805099577,-5.264021805099577,0.0,0.9999939600360248,0.9999939600360248,0.0,,,,,,,,,,,,,,,,,,
4,RC-circuit with non-linear resistor (charging capacitor),1,surrogate,,42,1,410.0,410.0,0.0,0.0,457.0,457.0,0.0,0.0,1400027.0,1400027.0,0.0,0.0,1400027.0,1400027.0,0.0,0.0,5.0,5.0,0.0,0.0,20.0,20.0,0.0,0.0,-3.1492034640417064,-3.1492034640417064,0.0,0.9988493399598466,0.9988493399598466,0.0,,,,,,,,,,,,,,,,,,
4,RC-circuit with non-linear resistor (charging capacitor),1,surrogate,,42,2,410.0,410.0,0.0,0.0,422.0,422.0,0.0,0.0,1172682.0,1172682.0,0.0,0.0,1172682.0,1172682.0,0.0,0.0,5.0,5.0,0.0,0.0,20.0,20.0,0.0,0.0,-5.264021807456669,-5.264021807456669,0.0,0.9999939600360576,0.9999939600360576,0.0,,,,,,,,,,,,,,,,,,
4,RC-circuit with non-linear resistor (charging capacitor),1,surrogate,,123,1,410.0,410.0,0.0,0.0,451.0,451.0,0.0,0.0,1463485.0,1463485.0,0.0,0.0,1463485.0,1463485.0,0.0,0.0,5.0,5.0,0.0,0.0,20.0,20.0,0.0,0.0,-3.149203464051565,-3.149203464051565,0.0,0.9988493399598728,0.9988493399598728,0.0,,,,,,,,,,,,,,,,,,
4,RC-circuit with non-linear resistor (charging capacitor),1,surrogate,,123,2,410.0,410.0,0.0,0.0,425.0,425.0,0.0,0.0,1056190.0,1056190.0,0.0,0.0,1056190.0,1056190.0,0.0,0.0,5.0,5.0,0.0,0.0,20.0,20.0,0.0,0.0,-5.2640218072028135,-5.2640218072028135,0.0,0.999993960036054,0.999993960036054,0.0,,,,,,,,,,,,,,,,,,
5,Velocity of a falling object with air resistance,1,exact,2.0,7,1,170.0,410.0,240.0,0.5853658536585366,175.0,441.0,266.0,0.6031746031746031,484749.0,2097609.0,1612860.0,0.7689040235811345,484749.0,2097609.0,1612860.0,0.7689040235811345,2.0,5.0,3.0,0.6,8.0,20.0,12.0,0.6,-6.939169163449512,-7.5997004589901325,0.6605312955406202,0.9999999996396974,0.9999999999212708,-2.815733202155002e-10,0.0,0.0,0.0,0.0,0.0,0.0,0.8,0.8,0.0,0.6666666666666666,0.6666666666666666,0.0,1.0,1.0,0.0,0.0002996066689442,0.0001324834231969,0.0001671232457473
5,Velocity of a falling object with air resistance,1,exact,2.0,7,2,410.0,410.0,0.0,0.0,636.0,636.0,0.0,0.0,4984851.0,4984851.0,0.0,0.0,4984851.0,4984851.0,0.0,0.0,5.0,5.0,0.0,0.0,20.0,20.0,0.0,0.0,-5.0076385564605514,-5.0076385564605514,0.0,0.9999938474605096,0.9999938474605096,0.0,0.0,0.0,0.0,0.0,0.0,0.0,0.8,0.8,0.0,0.6666666666666666,0.6666666666666666,0.0,1.0,1.0,0.0,0.9981565466300676,0.9981565466300676,0.0
5,Velocity of a falling object with air resistance,1,exact,2.0,42,1,170.0,410.0,240.0,0.5853658536585366,177.0,450.0,273.0,0.6066666666666667,508840.0,2275228.0,1766388.0,0.7763564794385441,508840.0,2275228.0,1766388.0,0.7763564794385441,2.0,5.0,3.0,0.6,8.0,20.0,12.0,0.6,-6.692691413175827,-7.312924311121661,0.6202328979458338,0.9999999993644568,0.9999999998476256,-4.831687272499607e-10,0.0,0.0,0.0,0.0,0.0,0.0,0.8,0.8,0.0,0.6666666666666666,0.6666666666666666,0.0,1.0,1.0,0.0,0.0004015464555051,0.0001719368385495,0.00022960961695560003
5,Velocity of a falling object with air resistance,1,exact,2.0,42,2,410.0,410.0,0.0,0.0,640.0,640.0,0.0,0.0,4777091.0,4777091.0,0.0,0.0,4777091.0,4777091.0,0.0,0.0,5.0,5.0,0.0,0.0,20.0,20.0,0.0,0.0,-5.449738758730682,-5.449738758730682,0.0,0.9999977769245244,0.9999977769245244,0.0,0.0,0.0,0.0,0.0,0.0,0.0,0.8,0.8,0.0,0.6666666666666666,0.6666666666666666,0.0,1.0,1.0,0.0,0.0706611535392922,0.0706611535392922,0.0
5,Velocity of a falling object with air resistance,1,exact,2.0,123,1,170.0,410.0,240.0,0.5853658536585366,173.0,448.0,275.0,0.6138392857142857,540969.0,2125693.0,1584724.0,0.7455093468341853,540969.0,2125693.0,1584724.0,0.7455093468341853,2.0,5.0,3.0,0.6,8.0,20.0,12.0,0.6,-7.2016281544761584,-7.290145959235188,0.0885178047590296,0.9999999998031168,0.9999999998394205,-3.6303626771427844e-11,0.0,0.0,0.0,0.0,0.0,0.0,0.8,0.8,0.0,0.6666666666666666,0.6666666666666666,0.0,1.0,1.0,0.0,0.0002200933725832,0.0001981423519026,2.1951020680600008e-05
5,Velocity of a falling object with air resistance,1,exact,2.0,123,2,410.0,410.0,0.0,0.0,646.0,646.0,0.0,0.0,4723350.0,4723350.0,0.0,0.0,4723350.0,4723350.0,0.0,0.0,5.0,5.0,0.0,0.0,20.0,20.0,0.0,0.0,-5.018653046939831,-5.018653046939831,0.0,0.9999940015378964,0.9999940015378964,0.0,0.0,0.0,0.0,0.0,0.0,0.0,0.8,0.8,0.0,0.6666666666666666,0.6666666666666666,0.0,1.0,1.0,0.0,1.0183858748203105,1.0183858748203105,0.0
6,Autocatalysis with one fixed abundant chemical,1,exact,2.0,7,1,110.0,110.0,0.0,0.0,111.0,111.0,0.0,0.0,241507.0,241507.0,0.0,0.0,241507.0,241507.0,0.0,0.0,2.0,2.0,0.0,0.0,5.0,5.0,0.0,0.0,-13.535398834619839,-13.535398834619839,0.0,0.999999999999982,0.999999999999982,0.0,0.0,0.0,0.0,1.0,1.0,0.0,0.8,0.8,0.0,0.6666666666666666,0.6666666666666666,0.0,1.0,1.0,0.0,1.5236157357460877e-07,1.5236157357460877e-07,0.0
6,Autocatalysis with one fixed abundant chemical,1,exact,2.0,7,2,410.0,410.0,0.0,0.0,518.0,518.0,0.0,0.0,1300820.0,1300820.0,0.0,0.0,1300820.0,1300820.0,0.0,0.0,5.0,5.0,0.0,0.0,20.0,20.0,0.0,0.0,-3.2442476245790712,-3.2442476245790712,0.0,0.995378976079374,0.995378976079374,0.0,0.0,0.0,0.0,0.0,0.0,0.0,0.5,0.5,0.0,0.5,0.5,0.0,0.5,0.5,0.0,1.3577057160282229,1.3577057160282229,0.0
6,Autocatalysis with one fixed abundant chemical,1,exact,2.0,42,1,110.0,110.0,0.0,0.0,111.0,111.0,0.0,0.0,241976.0,241976.0,0.0,0.0,241976.0,241976.0,0.0,0.0,2.0,2.0,0.0,0.0,5.0,5.0,0.0,0.0,-13.277047585926063,-13.277047585926063,0.0,0.9999999999999676,0.9999999999999676,0.0,0.0,0.0,0.0,1.0,1.0,0.0,0.8,0.8,0.0,0.6666666666666666,0.6666666666666666,0.0,1.0,1.0,0.0,3.862883488055181e-07,3.862883488055181e-07,0.0
6,Autocatalysis with one fixed abundant chemical,1,exact,2.0,42,2,410.0,410.0,0.0,0.0,519.0,519.0,0.0,0.0,1267929.0,1267929.0,0.0,0.0,1267929.0,1267929.0,0.0,0.0,5.0,5.0,0.0,0.0,20.0,20.0,0.0,0.0,-3.2442476245790712,-3.2442476245790712,0.0,0.995378976079374,0.995378976079374,0.0,0.0,0.0,0.0,0.0,0.0,0.0,0.5,0.5,0.0,0.5,0.5,0.0,0.5,0.5,0.0,1.3577057081879556,1.3577057081879556,0.0
6,Autocatalysis with one fixed abundant chemical,1,exact,2.0,123,1,110.0,110.0,0.0,0.0,110.0,110.0,0.0,0.0,234040.0,234040.0,0.0,0.0,234040.0,234040.0,0.0,0.0,2.0,2.0,0.0,0.0,5.0,5.0,0.0,0.0,-13.397359615377425,-13.397359615377425,0.0,0.9999999999999756,0.9999999999999756,0.0,0.0,0.0,0.0,1.0,1.0,0.0,0.8,0.8,0.0,0.6666666666666666,0.6666666666666666,0.0,1.0,1.0,0.0,2.0984494095287522e-07,2.0984494095287522e-07,0.0
6,Autocatalysis with one fixed abundant chemical,1,exact,2.0,123,2,410.0,410.0,0.0,0.0,517.0,517.0,0.0,0.0,1334617.0,1334617.0,0.0,0.0,1334617.0,1334617.0,0.0,0.0,5.0,5.0,0.0,0.0,20.0,20.0,0.0,0.0,-3.244247624578995,-3.244247624578995,0.0,0.995378976079374,0.995378976079374,0.0,0.0,0.0,0.0,0.0,0.0,0.0,0.5,0.5,0.0,0.5,0.5,0.0,0.5,0.5,0.0,1.3577057084811428,1.3577057084811428,0.0
7,Gompertz law for tumor growth,1,surrogate,,7,1,410.0,410.0,0.0,0.0,493.0,493.0,0.0,0.0,3115989.0,3115989.0,0.0,0.0,3115989.0,3115989.0,0.0,0.0,5.0,5.0,0.0,0.0,20.0,20.0,0.0,0.0,-3.3427072461979566,-3.3427072461979566,0.0,0.9960170493416276,0.9960170493416276,0.0,,,,,,,,,,,,,,,,,,
7,Gompertz law for tumor growth,1,surrogate,,7,2,410.0,410.0,0.0,0.0,599.0,599.0,0.0,0.0,4047671.0,4047671.0,0.0,0.0,4047671.0,4047671.0,0.0,0.0,5.0,5.0,0.0,0.0,20.0,20.0,0.0,0.0,-3.0175347986369094,-3.0175347986369094,0.0,0.999972310461716,0.999972310461716,0.0,,,,,,,,,,,,,,,,,,
7,Gompertz law for tumor growth,1,surrogate,,42,1,410.0,410.0,0.0,0.0,529.0,529.0,0.0,0.0,2165883.0,2165883.0,0.0,0.0,2165883.0,2165883.0,0.0,0.0,5.0,5.0,0.0,0.0,20.0,20.0,0.0,0.0,-3.3427072461979566,-3.3427072461979566,0.0,0.9960170493416276,0.9960170493416276,0.0,,,,,,,,,,,,,,,,,,
7,Gompertz law for tumor growth,1,surrogate,,42,2,410.0,410.0,0.0,0.0,570.0,570.0,0.0,0.0,4039566.0,4039566.0,0.0,0.0,4039566.0,4039566.0,0.0,0.0,5.0,5.0,0.0,0.0,20.0,20.0,0.0,0.0,-3.0175347975232154,-3.0175347975232154,0.0,0.9999723104616448,0.9999723104616448,0.0,,,,,,,,,,,,,,,,,,
7,Gompertz law for tumor growth,1,surrogate,,123,1,410.0,410.0,0.0,0.0,511.0,511.0,0.0,0.0,1751447.0,1751447.0,0.0,0.0,1751447.0,1751447.0,0.0,0.0,5.0,5.0,0.0,0.0,20.0,20.0,0.0,0.0,-3.3427072461979566,-3.3427072461979566,0.0,0.9960170493416276,0.9960170493416276,0.0,,,,,,,,,,,,,,,,,,
7,Gompertz law for tumor growth,1,surrogate,,123,2,410.0,410.0,0.0,0.0,571.0,571.0,0.0,0.0,4135279.0,4135279.0,0.0,0.0,4135279.0,4135279.0,0.0,0.0,5.0,5.0,0.0,0.0,20.0,20.0,0.0,0.0,-3.017534798004524,-3.017534798004524,0.0,0.9999723104616756,0.9999723104616756,0.0,,,,,,,,,,,,,,,,,,
8,Logistic equation with Allee effect,1,exact,4.0,7,1,370.0,450.0,80.0,0.17777777777777778,568.0,703.0,135.0,0.19203413940256045,3428693.0,4125818.0,697125.0,0.1689664934323327,3428693.0,4125818.0,697125.0,0.1689664934323327,4.0,5.0,1.0,0.2,18.0,22.0,4.0,0.18181818181818182,-3.7000461995058314,-3.7000461995058314,0.0,0.9999993183215348,0.9999993183215348,0.0,0.0,0.0,0.0,0.0,0.0,0.0,0.8571428571428571,0.8571428571428571,0.0,0.75,0.75,0.0,1.0,1.0,0.0,0.0171563803415343,0.0171563803415343,0.0
8,Logistic equation with Allee effect,1,exact,4.0,7,2,330.0,410.0,80.0,0.1951219512195122,431.0,541.0,110.0,0.2033271719038817,1382265.0,1762010.0,379745.0,0.21551807310968724,1382265.0,1762010.0,379745.0,0.21551807310968724,4.0,5.0,1.0,0.2,16.0,20.0,4.0,0.2,-3.0236157891226827,-3.0236157891226827,0.0,0.9932632212038452,0.9932632212038452,0.0,0.0,0.0,0.0,0.0,0.0,0.0,0.5,0.5,0.0,1.0,1.0,0.0,0.3333333333333333,0.3333333333333333,0.0,0.791881306647562,0.791881306647562,0.0
8,Logistic equation with Allee effect,1,exact,4.0,42,1,390.0,470.0,80.0,0.1702127659574468,588.0,722.0,134.0,0.18559556786703602,3801346.0,4470694.0,669348.0,0.1497190369101531,3801346.0,4470694.0,669348.0,0.1497190369101531,4.0,5.0,1.0,0.2,19.0,23.0,4.0,0.17391304347826086,-3.829140502110263,-3.829140502110263,0.0,0.9999994936098238,0.9999994936098238,0.0,0.0,0.0,0.0,0.0,0.0,0.0,0.8571428571428571,0.8571428571428571,0.0,0.75,0.75,0.0,1.0,1.0,0.0,0.0134546305804036,0.0134546305804036,0.0
8,Logistic equation with Allee effect,1,exact,4.0,42,2,330.0,410.0,80.0,0.1951219512195122,435.0,534.0,99.0,0.1853932584269663,1432025.0,1825411.0,393386.0,0.21550543959689078,1432025.0,1825411.0,393386.0,0.21550543959689078,4.0,5.0,1.0,0.2,16.0,20.0,4.0,0.2,-3.0236157891117235,-3.0236157891117235,0.0,0.9932632212036752,0.9932632212036752,0.0,0.0,0.0,0.0,0.0,0.0,0.0,0.5,0.5,0.0,1.0,1.0,0.0,0.3333333333333333,0.3333333333333333,0.0,0.7918813318647677,0.7918813318647677,0.0
8,Logistic equation with Allee effect,1,exact,4.0,123,1,390.0,470.0,80.0,0.1702127659574468,584.0,726.0,142.0,0.19559228650137742,3839984.0,4463357.0,623373.0,0.13966460670746256,3839984.0,4463357.0,623373.0,0.13966460670746256,4.0,5.0,1.0,0.2,19.0,23.0,4.0,0.17391304347826086,-4.1011849076535185,-4.1011849076535185,0.0,0.9999997293295366,0.9999997293295366,0.0,0.0,0.0,0.0,0.0,0.0,0.0,0.8571428571428571,0.8571428571428571,0.0,0.75,0.75,0.0,1.0,1.0,0.0,0.0187690732934475,0.0187690732934475,0.0
8,Logistic equation with Allee effect,1,exact,4.0,123,2,330.0,410.0,80.0,0.1951219512195122,427.0,525.0,98.0,0.18666666666666668,1188080.0,1559474.0,371394.0,0.23815337735672412,1188080.0,1559474.0,371394.0,0.23815337735672412,4.0,5.0,1.0,0.2,16.0,20.0,4.0,0.2,-3.0236157891186015,-3.0236157891186015,0.0,0.9932632212037824,0.9932632212037824,0.0,0.0,0.0,0.0,0.0,0.0,0.0,0.5,0.5,0.0,1.0,1.0,0.0,0.3333333333333333,0.3333333333333333,0.0,0.7918813348233577,0.7918813348233577,0.0
9,Language death model for two languages,1,exact,1.0,7,1,30.0,30.0,0.0,0.0,30.0,30.0,0.0,0.0,44532.0,44532.0,0.0,0.0,44532.0,44532.0,0.0,0.0,1.0,1.0,0.0,0.0,1.0,1.0,0.0,0.0,-15.614395366814898,-15.614395366814898,0.0,0.999999999999972,0.999999999999972,0.0,1.0,1.0,0.0,1.0,1.0,0.0,1.0,1.0,0.0,1.0,1.0,0.0,1.0,1.0,0.0,1.2849537124141425e-07,1.2849537124141425e-07,0.0
9,Language death model for two languages,1,exact,1.0,7,2,410.0,410.0,0.0,0.0,439.0,439.0,0.0,0.0,1918793.0,1918793.0,0.0,0.0,1918793.0,1918793.0,0.0,0.0,5.0,5.0,0.0,0.0,20.0,20.0,0.0,0.0,-4.66058493656794,-4.66058493656794,0.0,-0.3972495547347618,-0.3972495547347618,0.0,0.0,0.0,0.0,0.0,0.0,0.0,0.6666666666666666,0.6666666666666666,0.0,1.0,1.0,0.0,0.5,0.5,0.0,0.99635295999894,0.99635295999894,0.0
9,Language death model for two languages,1,exact,1.0,42,1,30.0,30.0,0.0,0.0,30.0,30.0,0.0,0.0,4457.0,4457.0,0.0,0.0,4457.0,4457.0,0.0,0.0,1.0,1.0,0.0,0.0,1.0,1.0,0.0,0.0,-14.818502403838748,-14.818502403838748,0.0,0.9999999999998256,0.9999999999998256,0.0,1.0,1.0,0.0,1.0,1.0,0.0,1.0,1.0,0.0,1.0,1.0,0.0,1.0,1.0,0.0,6.174698589702284e-07,6.174698589702284e-07,0.0
9,Language death model for two languages,1,exact,1.0,42,2,410.0,410.0,0.0,0.0,436.0,436.0,0.0,0.0,1621863.0,1621863.0,0.0,0.0,1621863.0,1621863.0,0.0,0.0,5.0,5.0,0.0,0.0,20.0,20.0,0.0,0.0,-4.660584936567946,-4.660584936567946,0.0,-0.397249554734741,-0.397249554734741,0.0,0.0,0.0,0.0,0.0,0.0,0.0,0.6666666666666666,0.6666666666666666,0.0,1.0,1.0,0.0,0.5,0.5,0.0,0.996352960000438,0.996352960000438,0.0
9,Language death model for two languages,1,exact,1.0,123,1,30.0,30.0,0.0,0.0,30.0,30.0,0.0,0.0,23722.0,23722.0,0.0,0.0,23722.0,23722.0,0.0,0.0,1.0,1.0,0.0,0.0,1.0,1.0,0.0,0.0,-15.692893565668093,-15.692893565668093,0.0,0.9999999999999768,0.9999999999999768,0.0,1.0,1.0,0.0,1.0,1.0,0.0,1.0,1.0,0.0,1.0,1.0,0.0,1.0,1.0,0.0,6.411710561209559e-08,6.411710561209559e-08,0.0
9,Language death model for two languages,1,exact,1.0,123,2,410.0,410.0,0.0,0.0,425.0,425.0,0.0,0.0,1438475.0,1438475.0,0.0,0.0,1438475.0,1438475.0,0.0,0.0,5.0,5.0,0.0,0.0,20.0,20.0,0.0,0.0,-4.660584936567942,-4.660584936567942,0.0,-0.3972495547347516,-0.3972495547347516,0.0,0.0,0.0,0.0,0.0,0.0,0.0,0.6666666666666666,0.6666666666666666,0.0,1.0,1.0,0.0,0.5,0.5,0.0,0.9963529599979845,0.9963529599979845,0.0
10,Refined language death model for two languages,1,surrogate,,7,1,410.0,410.0,0.0,0.0,460.0,460.0,0.0,0.0,1344045.0,1344045.0,0.0,0.0,1344045.0,1344045.0,0.0,0.0,5.0,5.0,0.0,0.0,20.0,20.0,0.0,0.0,-5.147291707478399,-5.147291707478399,0.0,0.9999076961259366,0.9999076961259366,0.0,,,,,,,,,,,,,,,,,,
10,Refined language death model for two languages,1,surrogate,,7,2,410.0,410.0,0.0,0.0,426.0,426.0,0.0,0.0,106562.0,106562.0,0.0,0.0,106562.0,106562.0,0.0,0.0,5.0,5.0,0.0,0.0,20.0,20.0,0.0,0.0,-4.265525735702918,-4.265525735702918,0.0,0.9933051887652208,0.9933051887652208,0.0,,,,,,,,,,,,,,,,,,
10,Refined language death model for two languages,1,surrogate,,42,1,410.0,410.0,0.0,0.0,485.0,485.0,0.0,0.0,1333980.0,1333980.0,0.0,0.0,1333980.0,1333980.0,0.0,0.0,5.0,5.0,0.0,0.0,20.0,20.0,0.0,0.0,-5.147291707317532,-5.147291707317532,0.0,0.9999076961259024,0.9999076961259024,0.0,,,,,,,,,,,,,,,,,,
10,Refined language death model for two languages,1,surrogate,,42,2,410.0,410.0,0.0,0.0,427.0,427.0,0.0,0.0,94531.0,94531.0,0.0,0.0,94531.0,94531.0,0.0,0.0,5.0,5.0,0.0,0.0,20.0,20.0,0.0,0.0,-4.265525735702912,-4.265525735702912,0.0,0.9933051887652208,0.9933051887652208,0.0,,,,,,,,,,,,,,,,,,
10,Refined language death model for two languages,1,surrogate,,123,1,410.0,410.0,0.0,0.0,464.0,464.0,0.0,0.0,1371784.0,1371784.0,0.0,0.0,1371784.0,1371784.0,0.0,0.0,5.0,5.0,0.0,0.0,20.0,20.0,0.0,0.0,-5.147291707334276,-5.147291707334276,0.0,0.999907696125906,0.999907696125906,0.0,,,,,,,,,,,,,,,,,,
10,Refined language death model for two languages,1,surrogate,,123,2,410.0,410.0,0.0,0.0,426.0,426.0,0.0,0.0,92970.0,92970.0,0.0,0.0,92970.0,92970.0,0.0,0.0,5.0,5.0,0.0,0.0,20.0,20.0,0.0,0.0,-4.265525735702966,-4.265525735702966,0.0,0.9933051887652216,0.9933051887652216,0.0,,,,,,,,,,,,,,,,,,
11,Naive critical slowing down (statistical mechanics),1,exact,4.0,7,1,330.0,410.0,80.0,0.1951219512195122,478.0,594.0,116.0,0.19528619528619529,374312.0,454528.0,80216.0,0.17648197690791326,374312.0,454528.0,80216.0,0.17648197690791326,4.0,5.0,1.0,0.2,16.0,20.0,4.0,0.2,-3.013249981359204,-3.013249981359204,0.0,0.9908722739568746,0.9908722739568746,0.0,0.0,0.0,0.0,0.0,0.0,0.0,0.0,0.0,0.0,0.0,0.0,0.0,0.0,0.0,0.0,1.0,1.0,0.0
11,Naive critical slowing down (statistical mechanics),1,exact,4.0,7,2,330.0,410.0,80.0,0.1951219512195122,413.0,526.0,113.0,0.21482889733840305,753199.0,1484520.0,731321.0,0.4926312882278447,753199.0,1484520.0,731321.0,0.4926312882278447,4.0,5.0,1.0,0.2,16.0,20.0,4.0,0.2,-4.118955723747622,-4.118955723747622,0.0,0.998408729340631,0.998408729340631,0.0,0.0,0.0,0.0,0.0,0.0,0.0,0.0,0.0,0.0,0.0,0.0,0.0,0.0,0.0,0.0,1.0,1.0,0.0
11,Naive critical slowing down (statistical mechanics),1,exact,4.0,42,1,330.0,410.0,80.0,0.1951219512195122,470.0,583.0,113.0,0.19382504288164665,345680.0,435493.0,89813.0,0.20623293600586,345680.0,435493.0,89813.0,0.20623293600586,4.0,5.0,1.0,0.2,16.0,20.0,4.0,0.2,-3.013249981341115,-3.013249981341115,0.0,0.9908722739564942,0.9908722739564942,0.0,0.0,0.0,0.0,0.0,0.0,0.0,0.0,0.0,0.0,0.0,0.0,0.0,0.0,0.0,0.0,1.0,1.0,0.0
11,Naive critical slowing down (statistical mechanics),1,exact,4.0,42,2,330.0,410.0,80.0,0.1951219512195122,423.0,528.0,105.0,0.19886363636363635,678798.0,1356564.0,677766.0,0.49961962723469,678798.0,1356564.0,677766.0,0.49961962723469,4.0,5.0,1.0,0.2,16.0,20.0,4.0,0.2,-4.1189557230400355,-4.1189557230400355,0.0,0.9984087293380384,0.9984087293380384,0.0,0.0,0.0,0.0,0.0,0.0,0.0,0.0,0.0,0.0,0.0,0.0,0.0,0.0,0.0,0.0,1.0,1.0,0.0
11,Naive critical slowing down (statistical mechanics),1,exact,4.0,123,1,390.0,470.0,80.0,0.1702127659574468,532.0,651.0,119.0,0.1827956989247312,458360.0,551683.0,93323.0,0.16916055053354917,458360.0,551683.0,93323.0,0.16916055053354917,4.0,5.0,1.0,0.2,19.0,23.0,4.0,0.17391304347826086,-3.013249981344742,-3.013249981344742,0.0,0.9908722739565704,0.9908722739565704,0.0,0.0,0.0,0.0,0.0,0.0,0.0,0.0,0.0,0.0,0.0,0.0,0.0,0.0,0.0,0.0,1.0,1.0,0.0
11,Naive critical slowing down (statistical mechanics),1,exact,4.0,123,2,330.0,410.0,80.0,0.1951219512195122,421.0,528.0,107.0,0.20265151515151514,635461.0,1304021.0,668560.0,0.5126911299741338,635461.0,1304021.0,668560.0,0.5126911299741338,4.0,5.0,1.0,0.2,16.0,20.0,4.0,0.2,-4.11895572435347,-4.11895572435347,0.0,0.9984087293428509,0.9984087293428509,0.0,0.0,0.0,0.0,0.0,0.0,0.0,0.0,0.0,0.0,0.0,0.0,0.0,0.0,0.0,0.0,1.0,1.0,0.0
12,Photons in a laser (simple),1,exact,2.0,7,1,410.0,410.0,0.0,0.0,631.0,631.0,0.0,0.0,2263635.0,2263635.0,0.0,0.0,2263635.0,2263635.0,0.0,0.0,5.0,5.0,0.0,0.0,20.0,20.0,0.0,0.0,-7.583203932856093,-7.583203932856093,0.0,0.9999999705431226,0.9999999705431226,0.0,0.0,0.0,0.0,0.0,0.0,0.0,0.8,0.8,0.0,0.6666666666666666,0.6666666666666666,0.0,1.0,1.0,0.0,0.0042691850607811,0.0042691850607811,0.0
12,Photons in a laser (simple),1,exact,2.0,7,2,110.0,110.0,0.0,0.0,116.0,116.0,0.0,0.0,307194.0,307194.0,0.0,0.0,307194.0,307194.0,0.0,0.0,2.0,2.0,0.0,0.0,5.0,5.0,0.0,0.0,-10.649087154622064,-10.649087154622064,0.0,0.999999999998788,0.999999999998788,0.0,0.0,0.0,0.0,1.0,1.0,0.0,0.8,0.8,0.0,0.6666666666666666,0.6666666666666666,0.0,1.0,1.0,0.0,2.92667152312317e-06,2.92667152312317e-06,0.0
12,Photons in a laser (simple),1,exact,2.0,42,1,410.0,410.0,0.0,0.0,659.0,659.0,0.0,0.0,2263928.0,2263928.0,0.0,0.0,2263928.0,2263928.0,0.0,0.0,5.0,5.0,0.0,0.0,20.0,20.0,0.0,0.0,-7.8853930665838465,-7.8853930665838465,0.0,0.9999999853108192,0.9999999853108192,0.0,0.0,0.0,0.0,1.0,1.0,0.0,0.8,0.8,0.0,0.6666666666666666,0.6666666666666666,0.0,1.0,1.0,0.0,0.0001496899824383,0.0001496899824383,0.0
12,Photons in a laser (simple),1,exact,2.0,42,2,110.0,110.0,0.0,0.0,114.0,114.0,0.0,0.0,361746.0,361746.0,0.0,0.0,361746.0,361746.0,0.0,0.0,2.0,2.0,0.0,0.0,5.0,5.0,0.0,0.0,-10.974675716822306,-10.974675716822306,0.0,0.9999999999994272,0.9999999999994272,0.0,0.0,0.0,0.0,1.0,1.0,0.0,0.8,0.8,0.0,0.6666666666666666,0.6666666666666666,0.0,1.0,1.0,0.0,3.854270114723185e-06,3.854270114723185e-06,0.0
12,Photons in a laser (simple),1,exact,2.0,123,1,210.0,210.0,0.0,0.0,287.0,287.0,0.0,0.0,718969.0,718969.0,0.0,0.0,718969.0,718969.0,0.0,0.0,3.0,3.0,0.0,0.0,10.0,10.0,0.0,0.0,-9.445095360980742,-9.445095360980742,0.0,0.999999999595149,0.999999999595149,0.0,0.0,0.0,0.0,0.0,0.0,0.0,0.8,0.8,0.0,0.6666666666666666,0.6666666666666666,0.0,1.0,1.0,0.0,0.0004630891893802,0.0004630891893802,0.0
12,Photons in a laser (simple),1,exact,2.0,123,2,110.0,110.0,0.0,0.0,120.0,120.0,0.0,0.0,277188.0,277188.0,0.0,0.0,277188.0,277188.0,0.0,0.0,2.0,2.0,0.0,0.0,5.0,5.0,0.0,0.0,-10.296724509748387,-10.296724509748387,0.0,0.9999999999972722,0.9999999999972722,0.0,0.0,0.0,0.0,1.0,1.0,0.0,0.8,0.8,0.0,0.6666666666666666,0.6666666666666666,0.0,1.0,1.0,0.0,1.920441617150688e-06,1.920441617150688e-06,0.0
13,Overdamped bead on a rotating hoop,1,surrogate,,7,1,410.0,410.0,0.0,0.0,593.0,593.0,0.0,0.0,3092410.0,3092410.0,0.0,0.0,3092410.0,3092410.0,0.0,0.0,5.0,5.0,0.0,0.0,20.0,20.0,0.0,0.0,-4.308057495702643,-4.308057495702643,0.0,0.9998694801241398,0.9998694801241398,0.0,,,,,,,,,,,,,,,,,,
13,Overdamped bead on a rotating hoop,1,surrogate,,7,2,410.0,410.0,0.0,0.0,523.0,523.0,0.0,0.0,268361.0,268361.0,0.0,0.0,268361.0,268361.0,0.0,0.0,5.0,5.0,0.0,0.0,20.0,20.0,0.0,0.0,-3.831376858114475,-3.831376858114475,0.0,0.9967293807779304,0.9967293807779304,0.0,,,,,,,,,,,,,,,,,,
13,Overdamped bead on a rotating hoop,1,surrogate,,42,1,410.0,410.0,0.0,0.0,590.0,590.0,0.0,0.0,2962998.0,2962998.0,0.0,0.0,2962998.0,2962998.0,0.0,0.0,5.0,5.0,0.0,0.0,20.0,20.0,0.0,0.0,-4.3080575516628095,-4.3080575516628095,0.0,0.9998694801409578,0.9998694801409578,0.0,,,,,,,,,,,,,,,,,,
13,Overdamped bead on a rotating hoop,1,surrogate,,42,2,410.0,410.0,0.0,0.0,523.0,523.0,0.0,0.0,253756.0,253756.0,0.0,0.0,253756.0,253756.0,0.0,0.0,5.0,5.0,0.0,0.0,20.0,20.0,0.0,0.0,-3.831376858114475,-3.831376858114475,0.0,0.9967293807779318,0.9967293807779318,0.0,,,,,,,,,,,,,,,,,,
13,Overdamped bead on a rotating hoop,1,surrogate,,123,1,410.0,410.0,0.0,0.0,577.0,577.0,0.0,0.0,3195109.0,3195109.0,0.0,0.0,3195109.0,3195109.0,0.0,0.0,5.0,5.0,0.0,0.0,20.0,20.0,0.0,0.0,-4.308057528890639,-4.308057528890639,0.0,0.999869480134114,0.999869480134114,0.0,,,,,,,,,,,,,,,,,,
13,Overdamped bead on a rotating hoop,1,surrogate,,123,2,410.0,410.0,0.0,0.0,517.0,517.0,0.0,0.0,260735.0,260735.0,0.0,0.0,260735.0,260735.0,0.0,0.0,5.0,5.0,0.0,0.0,20.0,20.0,0.0,0.0,-3.831376858113297,-3.831376858113297,0.0,0.9967293807779232,0.9967293807779232,0.0,,,,,,,,,,,,,,,,,,
14,Budworm outbreak model with predation,1,surrogate,,7,1,410.0,410.0,0.0,0.0,566.0,566.0,0.0,0.0,2591290.0,2591290.0,0.0,0.0,2591290.0,2591290.0,0.0,0.0,5.0,5.0,0.0,0.0,20.0,20.0,0.0,0.0,-3.6279354836929985,-3.6279354836929985,0.0,0.9999996953224496,0.9999996953224496,0.0,,,,,,,,,,,,,,,,,,
14,Budworm outbreak model with predation,1,surrogate,,7,2,330.0,410.0,80.0,0.1951219512195122,501.0,632.0,131.0,0.20727848101265822,2100601.0,2349415.0,248814.0,0.10590466137315034,2100601.0,2349415.0,248814.0,0.10590466137315034,4.0,5.0,1.0,0.2,16.0,20.0,4.0,0.2,-4.8471934211358745,-4.8471934211358745,0.0,0.99999994834002,0.99999994834002,0.0,,,,,,,,,,,,,,,,,,
14,Budworm outbreak model with predation,1,surrogate,,42,1,410.0,410.0,0.0,0.0,582.0,582.0,0.0,0.0,2484783.0,2484783.0,0.0,0.0,2484783.0,2484783.0,0.0,0.0,5.0,5.0,0.0,0.0,20.0,20.0,0.0,0.0,-3.6279314084148986,-3.6279314084148986,0.0,0.9999996953195904,0.9999996953195904,0.0,,,,,,,,,,,,,,,,,,
14,Budworm outbreak model with predation,1,surrogate,,42,2,330.0,410.0,80.0,0.1951219512195122,520.0,661.0,141.0,0.21331316187594554,1957295.0,2208801.0,251506.0,0.11386539575090739,1957295.0,2208801.0,251506.0,0.11386539575090739,4.0,5.0,1.0,0.2,16.0,20.0,4.0,0.2,-4.848788205064594,-4.848788205064594,0.0,0.999999948529374,0.999999948529374,0.0,,,,,,,,,,,,,,,,,,
14,Budworm outbreak model with predation,1,surrogate,,123,1,410.0,410.0,0.0,0.0,564.0,564.0,0.0,0.0,2752449.0,2752449.0,0.0,0.0,2752449.0,2752449.0,0.0,0.0,5.0,5.0,0.0,0.0,20.0,20.0,0.0,0.0,-3.6279438894622147,-3.6279438894622147,0.0,0.9999996953283464,0.9999996953283464,0.0,,,,,,,,,,,,,,,,,,
14,Budworm outbreak model with predation,1,surrogate,,123,2,330.0,410.0,80.0,0.1951219512195122,500.0,646.0,146.0,0.2260061919504644,1920584.0,2180628.0,260044.0,0.11925188523672997,1920584.0,2180628.0,260044.0,0.11925188523672997,4.0,5.0,1.0,0.2,16.0,20.0,4.0,0.2,-4.840068306053115,-4.840068306053115,0.0,0.9999999474854862,0.9999999474854862,0.0,,,,,,,,,,,,,,,,,,
15,Budworm outbreak with predation (dimensionless),1,surrogate,,7,1,410.0,410.0,0.0,0.0,636.0,636.0,0.0,0.0,3499165.0,3499165.0,0.0,0.0,3499165.0,3499165.0,0.0,0.0,5.0,5.0,0.0,0.0,20.0,20.0,0.0,0.0,-6.842990894955885,-6.842990894955885,0.0,0.999999999220416,0.999999999220416,0.0,,,,,,,,,,,,,,,,,,
15,Budworm outbreak with predation (dimensionless),1,surrogate,,7,2,410.0,410.0,0.0,0.0,596.0,596.0,0.0,0.0,3287496.0,3287496.0,0.0,0.0,3287496.0,3287496.0,0.0,0.0,5.0,5.0,0.0,0.0,20.0,20.0,0.0,0.0,-4.45129732231129,-4.45129732231129,0.0,0.9999997769747482,0.9999997769747482,0.0,,,,,,,,,,,,,,,,,,
15,Budworm outbreak with predation (dimensionless),1,surrogate,,42,1,410.0,410.0,0.0,0.0,640.0,640.0,0.0,0.0,3243226.0,3243226.0,0.0,0.0,3243226.0,3243226.0,0.0,0.0,5.0,5.0,0.0,0.0,20.0,20.0,0.0,0.0,-6.124641514648006,-6.124641514648006,0.0,0.9999999959242049,0.9999999959242049,0.0,,,,,,,,,,,,,,,,,,
15,Budworm outbreak with predation (dimensionless),1,surrogate,,42,2,410.0,410.0,0.0,0.0,603.0,603.0,0.0,0.0,3385212.0,3385212.0,0.0,0.0,3385212.0,3385212.0,0.0,0.0,5.0,5.0,0.0,0.0,20.0,20.0,0.0,0.0,-4.45122726086031,-4.45122726086031,0.0,0.9999997769387664,0.9999997769387664,0.0,,,,,,,,,,,,,,,,,,
15,Budworm outbreak with predation (dimensionless),1,surrogate,,123,1,410.0,410.0,0.0,0.0,646.0,646.0,0.0,0.0,2967801.0,2967801.0,0.0,0.0,2967801.0,2967801.0,0.0,0.0,5.0,5.0,0.0,0.0,20.0,20.0,0.0,0.0,-6.005525408315738,-6.005525408315738,0.0,0.9999999946379796,0.9999999946379796,0.0,,,,,,,,,,,,,,,,,,
15,Budworm outbreak with predation (dimensionless),1,surrogate,,123,2,410.0,410.0,0.0,0.0,602.0,602.0,0.0,0.0,3465319.0,3465319.0,0.0,0.0,3465319.0,3465319.0,0.0,0.0,5.0,5.0,0.0,0.0,20.0,20.0,0.0,0.0,-4.451240299376981,-4.451240299376981,0.0,0.999999776945463,0.999999776945463,0.0,,,,,,,,,,,,,,,,,,
16,Landau equation (typical time scale tau = 1),1,surrogate,,7,1,410.0,410.0,0.0,0.0,505.0,505.0,0.0,0.0,1684893.0,1684893.0,0.0,0.0,1684893.0,1684893.0,0.0,0.0,5.0,5.0,0.0,0.0,20.0,20.0,0.0,0.0,-4.347136451304563,-4.347136451304563,0.0,0.9999906150742154,0.9999906150742154,0.0,,,,,,,,,,,,,,,,,,
16,Landau equation (typical time scale tau = 1),1,surrogate,,7,2,410.0,410.0,0.0,0.0,550.0,550.0,0.0,0.0,1775261.0,1775261.0,0.0,0.0,1775261.0,1775261.0,0.0,0.0,5.0,5.0,0.0,0.0,20.0,20.0,0.0,0.0,-3.6232794780379094,-3.6232794780379094,0.0,0.9999282028860312,0.9999282028860312,0.0,,,,,,,,,,,,,,,,,,
16,Landau equation (typical time scale tau = 1),1,surrogate,,42,1,410.0,410.0,0.0,0.0,498.0,498.0,0.0,0.0,1721097.0,1721097.0,0.0,0.0,1721097.0,1721097.0,0.0,0.0,5.0,5.0,0.0,0.0,20.0,20.0,0.0,0.0,-4.347144792617124,-4.347144792617124,0.0,0.999990615254466,0.999990615254466,0.0,,,,,,,,,,,,,,,,,,
16,Landau equation (typical time scale tau = 1),1,surrogate,,42,2,410.0,410.0,0.0,0.0,549.0,549.0,0.0,0.0,1696847.0,1696847.0,0.0,0.0,1696847.0,1696847.0,0.0,0.0,5.0,5.0,0.0,0.0,20.0,20.0,0.0,0.0,-3.62327961358405,-3.62327961358405,0.0,0.9999282029084394,0.9999282029084394,0.0,,,,,,,,,,,,,,,,,,
16,Landau equation (typical time scale tau = 1),1,surrogate,,123,1,410.0,410.0,0.0,0.0,509.0,509.0,0.0,0.0,1651095.0,1651095.0,0.0,0.0,1651095.0,1651095.0,0.0,0.0,5.0,5.0,0.0,0.0,20.0,20.0,0.0,0.0,-4.3470983161534305,-4.3470983161534305,0.0,0.9999906142500944,0.9999906142500944,0.0,,,,,,,,,,,,,,,,,,
16,Landau equation (typical time scale tau = 1),1,surrogate,,123,2,410.0,410.0,0.0,0.0,548.0,548.0,0.0,0.0,1689680.0,1689680.0,0.0,0.0,1689680.0,1689680.0,0.0,0.0,5.0,5.0,0.0,0.0,20.0,20.0,0.0,0.0,-3.6232798039551426,-3.6232798039551426,0.0,0.9999282029399114,0.9999282029399114,0.0,,,,,,,,,,,,,,,,,,
17,Logistic equation with harvesting/fishing,1,exact,2.0,7,1,170.0,410.0,240.0,0.5853658536585366,223.0,632.0,409.0,0.6471518987341772,1242282.0,3494444.0,2252162.0,0.6444979516054629,1242282.0,3494444.0,2252162.0,0.6444979516054629,2.0,5.0,3.0,0.6,8.0,20.0,12.0,0.6,-6.25747872122435,-6.648548643959344,0.3910699227349941,0.9999999990206614,0.9999999996020184,-5.81356962570112e-10,1.0,1.0,0.0,1.0,1.0,0.0,1.0,1.0,0.0,1.0,1.0,0.0,1.0,1.0,0.0,0.0028131278628879,0.0017375074062134,0.0010756204566744999
17,Logistic equation with harvesting/fishing,1,exact,2.0,7,2,170.0,410.0,240.0,0.5853658536585366,222.0,636.0,414.0,0.6509433962264151,909439.0,3237608.0,2328169.0,0.7191015712834907,909439.0,3237608.0,2328169.0,0.7191015712834907,2.0,5.0,3.0,0.6,8.0,20.0,12.0,0.6,-5.863512201681748,-6.470002261121838,0.6064900594400902,0.9999999961215892,0.9999999990402376,-2.9186484340470997e-09,1.0,1.0,0.0,1.0,1.0,0.0,1.0,1.0,0.0,1.0,1.0,0.0,1.0,1.0,0.0,0.0140851709723612,0.0023287168339056,0.011756454138455599
17,Logistic equation with harvesting/fishing,1,exact,2.0,42,1,170.0,410.0,240.0,0.5853658536585366,228.0,622.0,394.0,0.6334405144694534,979833.0,3378791.0,2398958.0,0.7100048508475368,979833.0,3378791.0,2398958.0,0.7100048508475368,2.0,5.0,3.0,0.6,8.0,20.0,12.0,0.6,-7.1248518214771535,-7.1248518214771535,0.0,0.9999999998670892,0.9999999998670892,0.0,1.0,1.0,0.0,1.0,1.0,0.0,1.0,1.0,0.0,1.0,1.0,0.0,1.0,1.0,0.0,0.0005498891359158,0.0005498891359158,0.0
17,Logistic equation with harvesting/fishing,1,exact,2.0,42,2,170.0,410.0,240.0,0.5853658536585366,228.0,661.0,433.0,0.6550680786686838,958722.0,3247841.0,2289119.0,0.7048125200710257,958722.0,3247841.0,2289119.0,0.7048125200710257,2.0,5.0,3.0,0.6,8.0,20.0,12.0,0.6,-6.307201031777496,-6.307201031777496,0.0,0.9999999986037442,0.9999999986037442,0.0,1.0,1.0,0.0,1.0,1.0,0.0,1.0,1.0,0.0,1.0,1.0,0.0,1.0,1.0,0.0,0.006418052729095,0.006418052729095,0.0
17,Logistic equation with harvesting/fishing,1,exact,2.0,123,1,170.0,410.0,240.0,0.5853658536585366,221.0,635.0,414.0,0.6519685039370079,1062634.0,3464944.0,2402310.0,0.6933185644558758,1062634.0,3464944.0,2402310.0,0.6933185644558758,2.0,5.0,3.0,0.6,8.0,20.0,12.0,0.6,-6.4195473775431555,-6.4195473775431555,0.0,0.9999999993256828,0.9999999993256828,0.0,1.0,1.0,0.0,1.0,1.0,0.0,1.0,1.0,0.0,1.0,1.0,0.0,1.0,1.0,0.0,0.0007105859488171,0.0007105859488171,0.0
17,Logistic equation with harvesting/fishing,1,exact,2.0,123,2,170.0,410.0,240.0,0.5853658536585366,225.0,646.0,421.0,0.651702786377709,837360.0,2942627.0,2105267.0,0.7154379403165947,837360.0,2942627.0,2105267.0,0.7154379403165947,2.0,5.0,3.0,0.6,8.0,20.0,12.0,0.6,-5.933296604128599,-6.6403150118125165,0.7070184076839174,0.9999999966972978,0.999999999351588,-2.6542902320514372e-09,1.0,1.0,0.0,1.0,1.0,0.0,1.0,1.0,0.0,1.0,1.0,0.0,1.0,1.0,0.0,0.0143999276365365,0.0057287995957232,0.0086711280408133
18,Improved logistic equation with harvesting/fishing,1,surrogate,,7,1,330.0,410.0,80.0,0.1951219512195122,512.0,644.0,132.0,0.20496894409937888,2442425.0,2783464.0,341039.0,0.12252323004716426,2442425.0,2783464.0,341039.0,0.12252323004716426,4.0,5.0,1.0,0.2,16.0,20.0,4.0,0.2,-6.209781342597415,-6.209781342597415,0.0,0.9999999988096208,0.9999999988096208,0.0,,,,,,,,,,,,,,,,,,
18,Improved logistic equation with harvesting/fishing,1,surrogate,,7,2,330.0,410.0,80.0,0.1951219512195122,509.0,636.0,127.0,0.19968553459119498,2916894.0,3368758.0,451864.0,0.13413370743757788,2916894.0,3368758.0,451864.0,0.13413370743757788,4.0,5.0,1.0,0.2,16.0,20.0,4.0,0.2,-6.262179195818836,-6.262179195818836,0.0,0.999999997811098,0.999999997811098,0.0,,,,,,,,,,,,,,,,,,
18,Improved logistic equation with harvesting/fishing,1,surrogate,,42,1,330.0,410.0,80.0,0.1951219512195122,520.0,661.0,141.0,0.21331316187594554,2486552.0,2804023.0,317471.0,0.11321982736946166,2486552.0,2804023.0,317471.0,0.11321982736946166,4.0,5.0,1.0,0.2,16.0,20.0,4.0,0.2,-6.00234800305187,-6.00234800305187,0.0,0.9999999980808068,0.9999999980808068,0.0,,,,,,,,,,,,,,,,,,
18,Improved logistic equation with harvesting/fishing,1,surrogate,,42,2,330.0,410.0,80.0,0.1951219512195122,499.0,640.0,141.0,0.2203125,2940116.0,3441431.0,501315.0,0.1456705074139217,2940116.0,3441431.0,501315.0,0.1456705074139217,4.0,5.0,1.0,0.2,16.0,20.0,4.0,0.2,-6.174868120317672,-6.174868120317672,0.0,0.999999997323684,0.999999997323684,0.0,,,,,,,,,,,,,,,,,,
18,Improved logistic equation with harvesting/fishing,1,surrogate,,123,1,330.0,410.0,80.0,0.1951219512195122,500.0,646.0,146.0,0.2260061919504644,2517719.0,2949044.0,431325.0,0.14625926232365472,2517719.0,2949044.0,431325.0,0.14625926232365472,4.0,5.0,1.0,0.2,16.0,20.0,4.0,0.2,-6.324296885480797,-6.324296885480797,0.0,0.9999999990855292,0.9999999990855292,0.0,,,,,,,,,,,,,,,,,,
18,Improved logistic equation with harvesting/fishing,1,surrogate,,123,2,330.0,410.0,80.0,0.1951219512195122,500.0,646.0,146.0,0.2260061919504644,2561835.0,3110617.0,548782.0,0.17642223391693673,2561835.0,3110617.0,548782.0,0.17642223391693673,4.0,5.0,1.0,0.2,16.0,20.0,4.0,0.2,-6.570467965849199,-6.570467965849199,0.0,0.9999999989236896,0.9999999989236896,0.0,,,,,,,,,,,,,,,,,,
19,Improved logistic equation with harvesting/fishing (dimensionless),1,surrogate,,7,1,410.0,410.0,0.0,0.0,434.0,434.0,0.0,0.0,286272.0,286272.0,0.0,0.0,286272.0,286272.0,0.0,0.0,5.0,5.0,0.0,0.0,20.0,20.0,0.0,0.0,-7.76237563284819,-7.76237563284819,0.0,0.9999997523937716,0.9999997523937716,0.0,,,,,,,,,,,,,,,,,,
19,Improved logistic equation with harvesting/fishing (dimensionless),1,surrogate,,7,2,410.0,410.0,0.0,0.0,436.0,436.0,0.0,0.0,536436.0,536436.0,0.0,0.0,536436.0,536436.0,0.0,0.0,5.0,5.0,0.0,0.0,20.0,20.0,0.0,0.0,-6.92804382823398,-6.92804382823398,0.0,0.9999990076936204,0.9999990076936204,0.0,,,,,,,,,,,,,,,,,,
19,Improved logistic equation with harvesting/fishing (dimensionless),1,surrogate,,42,1,410.0,410.0,0.0,0.0,423.0,423.0,0.0,0.0,274790.0,274790.0,0.0,0.0,274790.0,274790.0,0.0,0.0,5.0,5.0,0.0,0.0,20.0,20.0,0.0,0.0,-7.762375627640435,-7.762375627640435,0.0,0.9999997523937686,0.9999997523937686,0.0,,,,,,,,,,,,,,,,,,
19,Improved logistic equation with harvesting/fishing (dimensionless),1,surrogate,,42,2,410.0,410.0,0.0,0.0,422.0,422.0,0.0,0.0,512370.0,512370.0,0.0,0.0,512370.0,512370.0,0.0,0.0,5.0,5.0,0.0,0.0,20.0,20.0,0.0,0.0,-6.928043826747645,-6.928043826747645,0.0,0.9999990076936168,0.9999990076936168,0.0,,,,,,,,,,,,,,,,,,
19,Improved logistic equation with harvesting/fishing (dimensionless),1,surrogate,,123,1,410.0,410.0,0.0,0.0,426.0,426.0,0.0,0.0,271549.0,271549.0,0.0,0.0,271549.0,271549.0,0.0,0.0,5.0,5.0,0.0,0.0,20.0,20.0,0.0,0.0,-7.762375625674744,-7.762375625674744,0.0,0.9999997523937676,0.9999997523937676,0.0,,,,,,,,,,,,,,,,,,
19,Improved logistic equation with harvesting/fishing (dimensionless),1,surrogate,,123,2,410.0,410.0,0.0,0.0,425.0,425.0,0.0,0.0,627861.0,627861.0,0.0,0.0,627861.0,627861.0,0.0,0.0,5.0,5.0,0.0,0.0,20.0,20.0,0.0,0.0,-6.928043821639354,-6.928043821639354,0.0,0.9999990076936052,0.9999990076936052,0.0,,,,,,,,,,,,,,,,,,
20,Autocatalytic gene switching (dimensionless),1,surrogate,,7,1,410.0,410.0,0.0,0.0,425.0,425.0,0.0,0.0,313232.0,313232.0,0.0,0.0,313232.0,313232.0,0.0,0.0,5.0,5.0,0.0,0.0,20.0,20.0,0.0,0.0,-4.468513204515004,-4.468513204515004,0.0,0.9952002158765187,0.9952002158765187,0.0,,,,,,,,,,,,,,,,,,
20,Autocatalytic gene switching (dimensionless),1,surrogate,,7,2,410.0,410.0,0.0,0.0,417.0,417.0,0.0,0.0,155739.0,155739.0,0.0,0.0,155739.0,155739.0,0.0,0.0,5.0,5.0,0.0,0.0,20.0,20.0,0.0,0.0,-5.3918107988487325,-5.3918107988487325,0.0,0.9983826656740016,0.9983826656740016,0.0,,,,,,,,,,,,,,,,,,
20,Autocatalytic gene switching (dimensionless),1,surrogate,,42,1,410.0,410.0,0.0,0.0,425.0,425.0,0.0,0.0,310826.0,310826.0,0.0,0.0,310826.0,310826.0,0.0,0.0,5.0,5.0,0.0,0.0,20.0,20.0,0.0,0.0,-4.4685132045054035,-4.4685132045054035,0.0,0.9952002158764128,0.9952002158764128,0.0,,,,,,,,,,,,,,,,,,
20,Autocatalytic gene switching (dimensionless),1,surrogate,,42,2,410.0,410.0,0.0,0.0,417.0,417.0,0.0,0.0,57371.0,57371.0,0.0,0.0,57371.0,57371.0,0.0,0.0,5.0,5.0,0.0,0.0,20.0,20.0,0.0,0.0,-5.391810798845674,-5.391810798845674,0.0,0.9983826656739904,0.9983826656739904,0.0,,,,,,,,,,,,,,,,,,
20,Autocatalytic gene switching (dimensionless),1,surrogate,,123,1,410.0,410.0,0.0,0.0,419.0,419.0,0.0,0.0,336184.0,336184.0,0.0,0.0,336184.0,336184.0,0.0,0.0,5.0,5.0,0.0,0.0,20.0,20.0,0.0,0.0,-4.468513204509428,-4.468513204509428,0.0,0.9952002158764572,0.9952002158764572,0.0,,,,,,,,,,,,,,,,,,
20,Autocatalytic gene switching (dimensionless),1,surrogate,,123,2,410.0,410.0,0.0,0.0,415.0,415.0,0.0,0.0,56353.0,56353.0,0.0,0.0,56353.0,56353.0,0.0,0.0,5.0,5.0,0.0,0.0,20.0,20.0,0.0,0.0,-5.391810798844589,-5.391810798844589,0.0,0.9983826656739864,0.9983826656739864,0.0,,,,,,,,,,,,,,,,,,
21,Dimensionally reduced SIR infection model for dead people (dimensionless),1,surrogate,,7,1,410.0,410.0,0.0,0.0,434.0,434.0,0.0,0.0,1548051.0,1548051.0,0.0,0.0,1548051.0,1548051.0,0.0,0.0,5.0,5.0,0.0,0.0,20.0,20.0,0.0,0.0,-4.1093701563112965,-4.1093701563112965,0.0,0.9999666570200556,0.9999666570200556,0.0,,,,,,,,,,,,,,,,,,
21,Dimensionally reduced SIR infection model for dead people (dimensionless),1,surrogate,,7,2,410.0,410.0,0.0,0.0,465.0,465.0,0.0,0.0,1825927.0,1825927.0,0.0,0.0,1825927.0,1825927.0,0.0,0.0,5.0,5.0,0.0,0.0,20.0,20.0,0.0,0.0,-3.8168192460409722,-3.8168192460409722,0.0,0.999907925663132,0.999907925663132,0.0,,,,,,,,,,,,,,,,,,
21,Dimensionally reduced SIR infection model for dead people (dimensionless),1,surrogate,,42,1,410.0,410.0,0.0,0.0,435.0,435.0,0.0,0.0,1701357.0,1701357.0,0.0,0.0,1701357.0,1701357.0,0.0,0.0,5.0,5.0,0.0,0.0,20.0,20.0,0.0,0.0,-4.109405365292323,-4.109405365292323,0.0,0.9999666597231174,0.9999666597231174,0.0,,,,,,,,,,,,,,,,,,
21,Dimensionally reduced SIR infection model for dead people (dimensionless),1,surrogate,,42,2,410.0,410.0,0.0,0.0,473.0,473.0,0.0,0.0,1916593.0,1916593.0,0.0,0.0,1916593.0,1916593.0,0.0,0.0,5.0,5.0,0.0,0.0,20.0,20.0,0.0,0.0,-3.816819247225629,-3.816819247225629,0.0,0.9999079256633832,0.9999079256633832,0.0,,,,,,,,,,,,,,,,,,
21,Dimensionally reduced SIR infection model for dead people (dimensionless),1,surrogate,,123,1,410.0,410.0,0.0,0.0,432.0,432.0,0.0,0.0,1722366.0,1722366.0,0.0,0.0,1722366.0,1722366.0,0.0,0.0,5.0,5.0,0.0,0.0,20.0,20.0,0.0,0.0,-4.109467717667873,-4.109467717667873,0.0,0.9999666645094925,0.9999666645094925,0.0,,,,,,,,,,,,,,,,,,
21,Dimensionally reduced SIR infection model for dead people (dimensionless),1,surrogate,,123,2,410.0,410.0,0.0,0.0,462.0,462.0,0.0,0.0,1803766.0,1803766.0,0.0,0.0,1803766.0,1803766.0,0.0,0.0,5.0,5.0,0.0,0.0,20.0,20.0,0.0,0.0,-3.8168192460874013,-3.8168192460874013,0.0,0.9999079256631418,0.9999079256631418,0.0,,,,,,,,,,,,,,,,,,
22,"Hysteretic activation of a protein expression (positive feedback, basal promoter expression)",1,surrogate,,7,1,410.0,410.0,0.0,0.0,552.0,552.0,0.0,0.0,122295.0,122295.0,0.0,0.0,122295.0,122295.0,0.0,0.0,5.0,5.0,0.0,0.0,20.0,20.0,0.0,0.0,-4.865992181399254,-4.865992181399254,0.0,0.9998798481986224,0.9998798481986224,0.0,,,,,,,,,,,,,,,,,,
22,"Hysteretic activation of a protein expression (positive feedback, basal promoter expression)",1,surrogate,,7,2,410.0,410.0,0.0,0.0,585.0,585.0,0.0,0.0,88626.0,88626.0,0.0,0.0,88626.0,88626.0,0.0,0.0,5.0,5.0,0.0,0.0,20.0,20.0,0.0,0.0,-3.536730324850366,-3.536730324850366,0.0,0.9997247689897406,0.9997247689897406,0.0,,,,,,,,,,,,,,,,,,
22,"Hysteretic activation of a protein expression (positive feedback, basal promoter expression)",1,surrogate,,42,1,410.0,410.0,0.0,0.0,535.0,535.0,0.0,0.0,117464.0,117464.0,0.0,0.0,117464.0,117464.0,0.0,0.0,5.0,5.0,0.0,0.0,20.0,20.0,0.0,0.0,-4.865992181407065,-4.865992181407065,0.0,0.9998798481986246,0.9998798481986246,0.0,,,,,,,,,,,,,,,,,,
22,"Hysteretic activation of a protein expression (positive feedback, basal promoter expression)",1,surrogate,,42,2,410.0,410.0,0.0,0.0,566.0,566.0,0.0,0.0,81896.0,81896.0,0.0,0.0,81896.0,81896.0,0.0,0.0,5.0,5.0,0.0,0.0,20.0,20.0,0.0,0.0,-3.536730324850366,-3.536730324850366,0.0,0.9997247689897404,0.9997247689897404,0.0,,,,,,,,,,,,,,,,,,
22,"Hysteretic activation of a protein expression (positive feedback, basal promoter expression)",1,surrogate,,123,1,410.0,410.0,0.0,0.0,556.0,556.0,0.0,0.0,114913.0,114913.0,0.0,0.0,114913.0,114913.0,0.0,0.0,5.0,5.0,0.0,0.0,20.0,20.0,0.0,0.0,-4.865992181428388,-4.865992181428388,0.0,0.9998798481986304,0.9998798481986304,0.0,,,,,,,,,,,,,,,,,,
22,"Hysteretic activation of a protein expression (positive feedback, basal promoter expression)",1,surrogate,,123,2,410.0,410.0,0.0,0.0,567.0,567.0,0.0,0.0,78785.0,78785.0,0.0,0.0,78785.0,78785.0,0.0,0.0,5.0,5.0,0.0,0.0,20.0,20.0,0.0,0.0,-3.536730324850366,-3.536730324850366,0.0,0.9997247689897404,0.9997247689897404,0.0,,,,,,,,,,,,,,,,,,
23,Overdamped pendulum with constant driving torque/fireflies/Josephson junction (dimensionless),1,exact,5.0,7,1,410.0,410.0,0.0,0.0,591.0,591.0,0.0,0.0,398673.0,398673.0,0.0,0.0,398673.0,398673.0,0.0,0.0,5.0,5.0,0.0,0.0,20.0,20.0,0.0,0.0,-3.709105614842457,-3.709105614842457,0.0,0.9997147066476464,0.9997147066476464,0.0,0.0,0.0,0.0,0.0,0.0,0.0,0.4,0.4,0.0,0.3333333333333333,0.3333333333333333,0.0,0.5,0.5,0.0,0.57524849497785,0.57524849497785,0.0
23,Overdamped pendulum with constant driving torque/fireflies/Josephson junction (dimensionless),1,exact,5.0,7,2,410.0,410.0,0.0,0.0,503.0,503.0,0.0,0.0,116258.0,116258.0,0.0,0.0,116258.0,116258.0,0.0,0.0,5.0,5.0,0.0,0.0,20.0,20.0,0.0,0.0,-3.319246971296728,-3.319246971296728,0.0,0.9957497969886252,0.9957497969886252,0.0,0.0,0.0,0.0,0.0,0.0,0.0,0.5,0.5,0.0,0.5,0.5,0.0,0.5,0.5,0.0,0.6500522861626605,0.6500522861626605,0.0
23,Overdamped pendulum with constant driving torque/fireflies/Josephson junction (dimensionless),1,exact,5.0,42,1,410.0,410.0,0.0,0.0,570.0,570.0,0.0,0.0,485134.0,485134.0,0.0,0.0,485134.0,485134.0,0.0,0.0,5.0,5.0,0.0,0.0,20.0,20.0,0.0,0.0,-3.7091056148531263,-3.7091056148531263,0.0,0.9997147066476536,0.9997147066476536,0.0,0.0,0.0,0.0,0.0,0.0,0.0,0.4,0.4,0.0,0.3333333333333333,0.3333333333333333,0.0,0.5,0.5,0.0,0.5752484574321778,0.5752484574321778,0.0
23,Overdamped pendulum with constant driving torque/fireflies/Josephson junction (dimensionless),1,exact,5.0,42,2,410.0,410.0,0.0,0.0,502.0,502.0,0.0,0.0,98780.0,98780.0,0.0,0.0,98780.0,98780.0,0.0,0.0,5.0,5.0,0.0,0.0,20.0,20.0,0.0,0.0,-3.319246971296728,-3.319246971296728,0.0,0.9957497969886252,0.9957497969886252,0.0,0.0,0.0,0.0,0.0,0.0,0.0,0.5,0.5,0.0,0.5,0.5,0.0,0.5,0.5,0.0,0.6500522747921655,0.6500522747921655,0.0
23,Overdamped pendulum with constant driving torque/fireflies/Josephson junction (dimensionless),1,exact,5.0,123,1,410.0,410.0,0.0,0.0,578.0,578.0,0.0,0.0,369341.0,369341.0,0.0,0.0,369341.0,369341.0,0.0,0.0,5.0,5.0,0.0,0.0,20.0,20.0,0.0,0.0,-3.7091056148613504,-3.7091056148613504,0.0,0.9997147066476588,0.9997147066476588,0.0,0.0,0.0,0.0,0.0,0.0,0.0,0.4,0.4,0.0,0.3333333333333333,0.3333333333333333,0.0,0.5,0.5,0.0,0.5752484408028372,0.5752484408028372,0.0
23,Overdamped pendulum with constant driving torque/fireflies/Josephson junction (dimensionless),1,exact,5.0,123,2,410.0,410.0,0.0,0.0,519.0,519.0,0.0,0.0,102296.0,102296.0,0.0,0.0,102296.0,102296.0,0.0,0.0,5.0,5.0,0.0,0.0,20.0,20.0,0.0,0.0,-3.319246971296728,-3.319246971296728,0.0,0.9957497969886252,0.9957497969886252,0.0,0.0,0.0,0.0,0.0,0.0,0.0,0.5,0.5,0.0,0.5,0.5,0.0,0.5,0.5,0.0,0.6500522882049721,0.6500522882049721,0.0
24,Harmonic oscillator without damping,2,exact,1.0,7,1,30.0,30.0,0.0,0.0,30.0,30.0,0.0,0.0,80298.0,80298.0,0.0,0.0,80298.0,80298.0,0.0,0.0,1.0,1.0,0.0,0.0,1.0,1.0,0.0,0.0,-13.98364309207675,-13.98364309207675,0.0,0.999999999999922,0.999999999999922,0.0,1.0,1.0,0.0,1.0,1.0,0.0,1.0,1.0,0.0,1.0,1.0,0.0,1.0,1.0,0.0,4.03837332680055e-07,4.03837332680055e-07,0.0
24,Harmonic oscillator without damping,2,exact,1.0,7,2,30.0,30.0,0.0,0.0,30.0,30.0,0.0,0.0,88157.0,88157.0,0.0,0.0,88157.0,88157.0,0.0,0.0,1.0,1.0,0.0,0.0,1.0,1.0,0.0,0.0,-14.32731203969957,-14.32731203969957,0.0,0.9999999999996438,0.9999999999996438,0.0,0.0,0.0,0.0,1.0,1.0,0.0,0.8,0.8,0.0,0.6666666666666666,0.6666666666666666,0.0,1.0,1.0,0.0,9.273888417654376e-07,9.273888417654376e-07,0.0
24,Harmonic oscillator without damping,2,exact,1.0,42,1,50.0,50.0,0.0,0.0,50.0,50.0,0.0,0.0,95179.0,95179.0,0.0,0.0,95179.0,95179.0,0.0,0.0,1.0,1.0,0.0,0.0,2.0,2.0,0.0,0.0,-13.581631391646576,-13.581631391646576,0.0,0.999999999999789,0.999999999999789,0.0,0.0,0.0,0.0,1.0,1.0,0.0,0.8,0.8,0.0,0.6666666666666666,0.6666666666666666,0.0,1.0,1.0,0.0,7.182827411189585e-07,7.182827411189585e-07,0.0
24,Harmonic oscillator without damping,2,exact,1.0,42,2,30.0,30.0,0.0,0.0,30.0,30.0,0.0,0.0,84324.0,84324.0,0.0,0.0,84324.0,84324.0,0.0,0.0,1.0,1.0,0.0,0.0,1.0,1.0,0.0,0.0,-14.221939060469573,-14.221939060469573,0.0,0.9999999999994886,0.9999999999994886,0.0,0.0,0.0,0.0,1.0,1.0,0.0,0.8,0.8,0.0,0.6666666666666666,0.6666666666666666,0.0,1.0,1.0,0.0,1.1704834256355743e-06,1.1704834256355743e-06,0.0
24,Harmonic oscillator without damping,2,exact,1.0,123,1,30.0,30.0,0.0,0.0,30.0,30.0,0.0,0.0,70292.0,70292.0,0.0,0.0,70292.0,70292.0,0.0,0.0,1.0,1.0,0.0,0.0,1.0,1.0,0.0,0.0,-13.528220178975793,-13.528220178975793,0.0,0.99999999999976,0.99999999999976,0.0,0.0,0.0,0.0,1.0,1.0,0.0,0.8,0.8,0.0,0.6666666666666666,0.6666666666666666,0.0,1.0,1.0,0.0,7.752212123161387e-07,7.752212123161387e-07,0.0
24,Harmonic oscillator without damping,2,exact,1.0,123,2,30.0,30.0,0.0,0.0,30.0,30.0,0.0,0.0,56427.0,56427.0,0.0,0.0,56427.0,56427.0,0.0,0.0,1.0,1.0,0.0,0.0,1.0,1.0,0.0,0.0,-14.221543548673255,-14.221543548673255,0.0,0.9999999999994882,0.9999999999994882,0.0,0.0,0.0,0.0,1.0,1.0,0.0,0.8,0.8,0.0,0.6666666666666666,0.6666666666666666,0.0,1.0,1.0,0.0,1.1712121547073694e-06,1.1712121547073694e-06,0.0
25,Harmonic oscillator with damping,2,exact,1.0,7,1,50.0,50.0,0.0,0.0,50.0,50.0,0.0,0.0,216466.0,216466.0,0.0,0.0,216466.0,216466.0,0.0,0.0,1.0,1.0,0.0,0.0,2.0,2.0,0.0,0.0,-14.127250320801005,-14.127250320801005,0.0,0.999999999998428,0.999999999998428,0.0,0.0,0.0,0.0,1.0,1.0,0.0,0.8571428571428571,0.8571428571428571,0.0,0.75,0.75,0.0,1.0,1.0,0.0,2.033107137051219e-06,2.033107137051219e-06,0.0
25,Harmonic oscillator with damping,2,exact,1.0,7,2,30.0,30.0,0.0,0.0,30.0,30.0,0.0,0.0,73573.0,73573.0,0.0,0.0,73573.0,73573.0,0.0,0.0,1.0,1.0,0.0,0.0,1.0,1.0,0.0,0.0,-14.023560576515232,-14.023560576515232,0.0,0.9999999999984408,0.9999999999984408,0.0,1.0,1.0,0.0,1.0,1.0,0.0,1.0,1.0,0.0,1.0,1.0,0.0,1.0,1.0,0.0,1.572438949974488e-06,1.572438949974488e-06,0.0
25,Harmonic oscillator with damping,2,exact,1.0,42,1,410.0,410.0,0.0,0.0,412.0,412.0,0.0,0.0,2941069.0,2941069.0,0.0,0.0,2941069.0,2941069.0,0.0,0.0,5.0,5.0,0.0,0.0,20.0,20.0,0.0,0.0,-4.500237279321733,-4.500237279321733,0.0,0.984539746051658,0.984539746051658,0.0,0.0,0.0,0.0,0.0,0.0,0.0,0.6666666666666666,0.6666666666666666,0.0,0.6666666666666666,0.6666666666666666,0.0,0.6666666666666666,0.6666666666666666,0.0,0.3446314835292357,0.3446314835292357,0.0
25,Harmonic oscillator with damping,2,exact,1.0,42,2,410.0,410.0,0.0,0.0,414.0,414.0,0.0,0.0,645061.0,645061.0,0.0,0.0,645061.0,645061.0,0.0,0.0,5.0,5.0,0.0,0.0,20.0,20.0,0.0,0.0,-3.9512220070558475,-3.9512220070558475,0.0,0.9832307343069384,0.9832307343069384,0.0,0.0,0.0,0.0,0.0,0.0,0.0,0.6666666666666666,0.6666666666666666,0.0,0.6666666666666666,0.6666666666666666,0.0,0.6666666666666666,0.6666666666666666,0.0,0.3462044513281566,0.3462044513281566,0.0
25,Harmonic oscillator with damping,2,exact,1.0,123,1,70.0,70.0,0.0,0.0,70.0,70.0,0.0,0.0,125738.0,125738.0,0.0,0.0,125738.0,125738.0,0.0,0.0,1.0,1.0,0.0,0.0,3.0,3.0,0.0,0.0,-14.124403117029761,-14.124403117029761,0.0,0.9999999999984068,0.9999999999984068,0.0,0.0,0.0,0.0,1.0,1.0,0.0,0.8571428571428571,0.8571428571428571,0.0,0.75,0.75,0.0,1.0,1.0,0.0,2.102816681256307e-06,2.102816681256307e-06,0.0
25,Harmonic oscillator with damping,2,exact,1.0,123,2,30.0,30.0,0.0,0.0,30.0,30.0,0.0,0.0,50135.0,50135.0,0.0,0.0,50135.0,50135.0,0.0,0.0,1.0,1.0,0.0,0.0,1.0,1.0,0.0,0.0,-13.938311457434489,-13.938311457434489,0.0,0.9999999999975208,0.9999999999975208,0.0,1.0,1.0,0.0,1.0,1.0,0.0,1.0,1.0,0.0,1.0,1.0,0.0,1.0,1.0,0.0,2.0711147430531163e-06,2.0711147430531163e-06,0.0
26,Lotka-Volterra competition model (Strogatz version with sheeps and rabbits),2,exact,3.0,7,1,390.0,550.0,160.0,0.2909090909090909,578.0,861.0,283.0,0.32868757259001163,1899910.0,3336685.0,1436775.0,0.43059953217040264,1899910.0,3336685.0,1436775.0,0.43059953217040264,3.0,5.0,2.0,0.4,19.0,27.0,8.0,0.2962962962962963,-3.7059058645649396,-3.7059058645649396,0.0,0.9980022711917468,0.9980022711917468,0.0,0.0,0.0,0.0,0.0,0.0,0.0,0.4615384615384615,0.4615384615384615,0.0,0.4285714285714285,0.4285714285714285,0.0,0.5,0.5,0.0,0.5101284264744299,0.5101284264744299,0.0
26,Lotka-Volterra competition model (Strogatz version with sheeps and rabbits),2,exact,3.0,7,2,370.0,530.0,160.0,0.3018867924528302,398.0,602.0,204.0,0.3388704318936877,975816.0,1443311.0,467495.0,0.32390455002421514,975816.0,1443311.0,467495.0,0.32390455002421514,3.0,5.0,2.0,0.4,18.0,26.0,8.0,0.3076923076923077,-3.0861610956815455,-3.0861610956815455,0.0,0.9830366978718704,0.9830366978718704,0.0,0.0,0.0,0.0,0.0,0.0,0.0,0.3333333333333333,0.3333333333333333,0.0,0.3333333333333333,0.3333333333333333,0.0,0.3333333333333333,0.3333333333333333,0.0,1.3835329427547982,1.3835329427547982,0.0
26,Lotka-Volterra competition model (Strogatz version with sheeps and rabbits),2,exact,3.0,42,1,370.0,530.0,160.0,0.3018867924528302,546.0,844.0,298.0,0.35308056872037913,1382018.0,2634570.0,1252552.0,0.4754293869587827,1382018.0,2634570.0,1252552.0,0.4754293869587827,3.0,5.0,2.0,0.4,18.0,26.0,8.0,0.3076923076923077,-3.7066968588273888,-3.7066968588273888,0.0,0.9980083532577442,0.9980083532577442,0.0,0.0,0.0,0.0,0.0,0.0,0.0,0.4615384615384615,0.4615384615384615,0.0,0.4285714285714285,0.4285714285714285,0.0,0.5,0.5,0.0,0.5105024831782359,0.5105024831782359,0.0
26,Lotka-Volterra competition model (Strogatz version with sheeps and rabbits),2,exact,3.0,42,2,350.0,510.0,160.0,0.3137254901960784,384.0,587.0,203.0,0.34582623509369675,748416.0,1305357.0,556941.0,0.4266579947094933,748416.0,1305357.0,556941.0,0.4266579947094933,3.0,5.0,2.0,0.4,17.0,25.0,8.0,0.32,-3.0861610956818635,-3.0861610956818635,0.0,0.9830366963774124,0.9830366963774124,0.0,0.0,0.0,0.0,0.0,0.0,0.0,0.3333333333333333,0.3333333333333333,0.0,0.3333333333333333,0.3333333333333333,0.0,0.3333333333333333,0.3333333333333333,0.0,1.3835329462186663,1.3835329462186663,0.0
26,Lotka-Volterra competition model (Strogatz version with sheeps and rabbits),2,exact,3.0,123,1,290.0,450.0,160.0,0.35555555555555557,435.0,737.0,302.0,0.4097693351424695,1538443.0,2918444.0,1380001.0,0.4728550556392379,1538443.0,2918444.0,1380001.0,0.4728550556392379,3.0,5.0,2.0,0.4,14.0,22.0,8.0,0.36363636363636365,-3.7066968608634365,-3.7066968608634365,0.0,0.9980083549640502,0.9980083549640502,0.0,0.0,0.0,0.0,0.0,0.0,0.0,0.4615384615384615,0.4615384615384615,0.0,0.4285714285714285,0.4285714285714285,0.0,0.5,0.5,0.0,0.5105023682546986,0.5105023682546986,0.0
26,Lotka-Volterra competition model (Strogatz version with sheeps and rabbits),2,exact,3.0,123,2,310.0,470.0,160.0,0.3404255319148936,338.0,528.0,190.0,0.35984848484848486,854445.0,1231445.0,377000.0,0.3061444075862097,854445.0,1231445.0,377000.0,0.3061444075862097,3.0,5.0,2.0,0.4,15.0,23.0,8.0,0.34782608695652173,-3.0861610956789507,-3.0861610956789507,0.0,0.9830367021795752,0.9830367021795752,0.0,0.0,0.0,0.0,0.0,0.0,0.0,0.3333333333333333,0.3333333333333333,0.0,0.3333333333333333,0.3333333333333333,0.0,0.3333333333333333,0.3333333333333333,0.0,1.3835328627028325,1.3835328627028325,0.0
27,Lotka-Volterra simple (as on Wikipedia),2,exact,3.0,7,1,610.0,610.0,0.0,0.0,1085.0,1085.0,0.0,0.0,3778991.0,3778991.0,0.0,0.0,3778991.0,3778991.0,0.0,0.0,3.0,3.0,0.0,0.0,30.0,30.0,0.0,0.0,-1.9001411229232639,-1.9001411229232639,0.0,0.997955042851146,0.997955042851146,0.0,0.0,0.0,0.0,0.0,0.0,0.0,0.5,0.5,0.0,0.3333333333333333,0.3333333333333333,0.0,1.0,1.0,0.0,0.0900107869810313,0.0900107869810313,0.0
27,Lotka-Volterra simple (as on Wikipedia),2,exact,3.0,7,2,530.0,610.0,80.0,0.13114754098360656,620.0,715.0,95.0,0.13286713286713286,6657234.0,8035013.0,1377779.0,0.17147190676605004,6657234.0,8035013.0,1377779.0,0.17147190676605004,3.0,4.0,1.0,0.25,26.0,30.0,4.0,0.13333333333333333,-5.439780738526133,-5.439780738526133,0.0,0.9999982573409144,0.9999982573409144,0.0,0.0,0.0,0.0,0.0,0.0,0.0,0.5333333333333333,0.5333333333333333,0.0,0.3636363636363636,0.3636363636363636,0.0,1.0,1.0,0.0,0.0027716928857569,0.0027716928857569,0.0
27,Lotka-Volterra simple (as on Wikipedia),2,exact,3.0,42,1,590.0,610.0,20.0,0.03278688524590164,955.0,999.0,44.0,0.044044044044044044,4245203.0,4492009.0,246806.0,0.05494334494877459,4245203.0,4492009.0,246806.0,0.05494334494877459,3.0,4.0,1.0,0.25,29.0,30.0,1.0,0.03333333333333333,-2.1856137472532877,-2.1856137472532877,0.0,0.998959613928606,0.998959613928606,0.0,0.0,0.0,0.0,0.0,0.0,0.0,0.5,0.5,0.0,0.3333333333333333,0.3333333333333333,0.0,1.0,1.0,0.0,0.0882446480905973,0.0882446480905973,0.0
27,Lotka-Volterra simple (as on Wikipedia),2,exact,3.0,42,2,450.0,610.0,160.0,0.26229508196721313,508.0,702.0,194.0,0.27635327635327633,5655608.0,8271093.0,2615485.0,0.3162199965591005,5655608.0,8271093.0,2615485.0,0.3162199965591005,3.0,5.0,2.0,0.4,22.0,30.0,8.0,0.26666666666666666,-6.828555527758552,-6.828555527758552,0.0,0.9999999347917508,0.9999999347917508,0.0,0.0,0.0,0.0,0.0,0.0,0.0,0.5,0.5,0.0,0.3333333333333333,0.3333333333333333,0.0,1.0,1.0,0.0,0.0011820703794005,0.0011820703794005,0.0
27,Lotka-Volterra simple (as on Wikipedia),2,exact,3.0,123,1,430.0,610.0,180.0,0.29508196721311475,681.0,1078.0,397.0,0.3682745825602968,2542839.0,4008368.0,1465529.0,0.36561737844429454,2542839.0,4008368.0,1465529.0,0.36561737844429454,3.0,5.0,2.0,0.4,21.0,30.0,9.0,0.3,-1.5126857635148874,-2.524116984791253,1.0114312212763654,0.9950577873565124,0.9995236580444936,-0.0044658706879812105,0.0,0.0,0.0,0.0,0.0,0.0,0.5714285714285715,0.5,0.07142857142857151,0.4,0.3333333333333333,0.06666666666666671,1.0,1.0,0.0,0.2907215905863326,0.0592212253477595,0.23150036523857312
27,Lotka-Volterra simple (as on Wikipedia),2,exact,3.0,123,2,590.0,610.0,20.0,0.03278688524590164,668.0,695.0,27.0,0.03884892086330935,7759285.0,8061068.0,301783.0,0.037437098905504826,7759285.0,8061068.0,301783.0,0.037437098905504826,3.0,4.0,1.0,0.25,29.0,30.0,1.0,0.03333333333333333,-4.092983234667099,-4.092983234667099,0.0,0.999963588798908,0.999963588798908,0.0,0.0,0.0,0.0,0.0,0.0,0.0,0.5,0.5,0.0,0.3333333333333333,0.3333333333333333,0.0,1.0,1.0,0.0,0.0337570536223139,0.0337570536223139,0.0
28,Pendulum without friction,2,exact,5.0,7,1,350.0,350.0,0.0,0.0,401.0,401.0,0.0,0.0,1298371.0,1298371.0,0.0,0.0,1298371.0,1298371.0,0.0,0.0,5.0,5.0,0.0,0.0,17.0,17.0,0.0,0.0,-12.185320245259232,-12.185320245259232,0.0,0.999999999999385,0.999999999999385,0.0,0.0,0.0,0.0,1.0,1.0,0.0,0.6666666666666666,0.6666666666666666,0.0,0.5,0.5,0.0,1.0,1.0,0.0,6.62906253163293e-06,6.62906253163293e-06,0.0
28,Pendulum without friction,2,exact,5.0,7,2,410.0,410.0,0.0,0.0,426.0,426.0,0.0,0.0,3317840.0,3317840.0,0.0,0.0,3317840.0,3317840.0,0.0,0.0,5.0,5.0,0.0,0.0,20.0,20.0,0.0,0.0,-4.328004999743074,-4.328004999743074,0.0,0.999863118279588,0.999863118279588,0.0,0.0,0.0,0.0,0.0,0.0,0.0,0.4,0.4,0.0,0.3333333333333333,0.3333333333333333,0.0,0.5,0.5,0.0,0.5022758101219669,0.5022758101219669,0.0
28,Pendulum without friction,2,exact,5.0,42,1,410.0,410.0,0.0,0.0,486.0,486.0,0.0,0.0,2135045.0,2135045.0,0.0,0.0,2135045.0,2135045.0,0.0,0.0,5.0,5.0,0.0,0.0,20.0,20.0,0.0,0.0,-12.114636147355572,-12.114636147355572,0.0,0.9999999999992064,0.9999999999992064,0.0,0.0,0.0,0.0,1.0,1.0,0.0,0.5,0.5,0.0,0.3333333333333333,0.3333333333333333,0.0,1.0,1.0,0.0,1.0395810628375616e-05,1.0395810628375616e-05,0.0
28,Pendulum without friction,2,exact,5.0,42,2,430.0,430.0,0.0,0.0,445.0,445.0,0.0,0.0,2604660.0,2604660.0,0.0,0.0,2604660.0,2604660.0,0.0,0.0,5.0,5.0,0.0,0.0,21.0,21.0,0.0,0.0,-4.343346328845557,-4.343346328845557,0.0,0.9998674794811324,0.9998674794811324,0.0,0.0,0.0,0.0,0.0,0.0,0.0,0.3333333333333333,0.3333333333333333,0.0,0.25,0.25,0.0,0.5,0.5,0.0,0.501820793121798,0.501820793121798,0.0
28,Pendulum without friction,2,exact,5.0,123,1,410.0,410.0,0.0,0.0,486.0,486.0,0.0,0.0,2105844.0,2105844.0,0.0,0.0,2105844.0,2105844.0,0.0,0.0,5.0,5.0,0.0,0.0,20.0,20.0,0.0,0.0,-5.690585960060267,-5.690585960060267,0.0,0.9999979472809528,0.9999979472809528,0.0,0.0,0.0,0.0,0.0,0.0,0.0,0.2857142857142857,0.2857142857142857,0.0,0.2,0.2,0.0,0.5,0.5,0.0,0.5001158851077251,0.5001158851077251,0.0
28,Pendulum without friction,2,exact,5.0,123,2,410.0,410.0,0.0,0.0,426.0,426.0,0.0,0.0,2343312.0,2343312.0,0.0,0.0,2343312.0,2343312.0,0.0,0.0,5.0,5.0,0.0,0.0,20.0,20.0,0.0,0.0,-4.3332248846745385,-4.3332248846745385,0.0,0.9998646267276968,0.9998646267276968,0.0,0.0,0.0,0.0,0.0,0.0,0.0,0.4,0.4,0.0,0.3333333333333333,0.3333333333333333,0.0,0.5,0.5,0.0,0.5021027167011705,0.5021027167011705,0.0
29,Dipole fixed point,2,exact,3.0,7,1,410.0,570.0,160.0,0.2807017543859649,599.0,928.0,329.0,0.3545258620689655,3562747.0,6068130.0,2505383.0,0.4128756305484556,3562747.0,6068130.0,2505383.0,0.4128756305484556,3.0,5.0,2.0,0.4,20.0,28.0,8.0,0.2857142857142857,-3.3568543479389463,-3.3568543479389463,0.0,0.9990419451087172,0.9990419451087172,0.0,0.0,0.0,0.0,0.0,0.0,0.0,0.3333333333333333,0.3333333333333333,0.0,0.2222222222222222,0.2222222222222222,0.0,0.6666666666666666,0.6666666666666666,0.0,0.4056744539821604,0.4056744539821604,0.0
29,Dipole fixed point,2,exact,3.0,7,2,270.0,430.0,160.0,0.37209302325581395,285.0,470.0,185.0,0.39361702127659576,551132.0,968242.0,417110.0,0.43079106256493727,551132.0,968242.0,417110.0,0.43079106256493727,3.0,5.0,2.0,0.4,13.0,21.0,8.0,0.38095238095238093,-3.9705138593553655,-3.970513859352119,-3.2462921240039577e-12,0.997990771679958,0.9979907718800548,-2.0009682799582151e-10,0.0,0.0,0.0,0.0,0.0,0.0,0.25,0.25,0.0,0.2,0.2,0.0,0.3333333333333333,0.3333333333333333,0.0,0.6739679699913751,0.6739680358471528,-6.585577772000306e-08
29,Dipole fixed point,2,exact,3.0,42,1,370.0,510.0,140.0,0.27450980392156865,531.0,772.0,241.0,0.3121761658031088,2675597.0,3665824.0,990227.0,0.27012398849481045,2675597.0,3665824.0,990227.0,0.27012398849481045,3.0,5.0,2.0,0.4,18.0,25.0,7.0,0.28,-3.240480165776178,-3.4087042293654712,0.16822406358929332,0.9981944102696954,0.9990945856648886,-0.0009001753951932701,0.0,0.0,0.0,0.0,0.0,0.0,0.3636363636363636,0.1818181818181818,0.1818181818181818,0.25,0.125,0.125,0.6666666666666666,0.3333333333333333,0.3333333333333333,0.6395474095510424,0.7402065385474295,-0.10065912899638707
29,Dipole fixed point,2,exact,3.0,42,2,270.0,430.0,160.0,0.37209302325581395,290.0,470.0,180.0,0.3829787234042553,340374.0,653161.0,312787.0,0.4788819295701979,340374.0,653161.0,312787.0,0.4788819295701979,3.0,5.0,2.0,0.4,13.0,21.0,8.0,0.38095238095238093,-3.9705138593569886,-3.9705138593569886,0.0,0.99799077157047,0.99799077157047,0.0,0.0,0.0,0.0,0.0,0.0,0.0,0.25,0.25,0.0,0.2,0.2,0.0,0.3333333333333333,0.3333333333333333,0.0,0.6739679346523325,0.6739679346523325,0.0
29,Dipole fixed point,2,exact,3.0,123,1,370.0,530.0,160.0,0.3018867924528302,513.0,799.0,286.0,0.3579474342928661,2212647.0,3696064.0,1483417.0,0.40135046362833543,2212647.0,3696064.0,1483417.0,0.40135046362833543,3.0,5.0,2.0,0.4,18.0,26.0,8.0,0.3076923076923077,-3.244234180178105,-3.2442341801577568,-2.034816759532987e-11,0.9982223801749832,0.9982223804571208,-2.821375355566147e-10,0.0,0.0,0.0,0.0,0.0,0.0,0.3333333333333333,0.3333333333333333,0.0,0.2222222222222222,0.2222222222222222,0.0,0.6666666666666666,0.6666666666666666,0.0,0.5863537456955353,0.5863537585618143,-1.2866278931156216e-08
29,Dipole fixed point,2,exact,3.0,123,2,270.0,430.0,160.0,0.37209302325581395,285.0,460.0,175.0,0.3804347826086957,437310.0,811543.0,374233.0,0.4611376106996179,437310.0,811543.0,374233.0,0.4611376106996179,3.0,5.0,2.0,0.4,13.0,21.0,8.0,0.38095238095238093,-3.9705138593561773,-3.9705138593561773,0.0,0.9979907715950598,0.9979907715732044,2.185540637356098e-11,0.0,0.0,0.0,0.0,0.0,0.0,0.25,0.25,0.0,0.2,0.2,0.0,0.3333333333333333,0.3333333333333333,0.0,0.6739679588532331,0.6739679527744943,6.078738845616272e-09
30,RNA molecules catalyzing each others replication,2,surrogate,,7,1,410.0,410.0,0.0,0.0,412.0,412.0,0.0,0.0,496675.0,496675.0,0.0,0.0,496675.0,496675.0,0.0,0.0,5.0,5.0,0.0,0.0,20.0,20.0,0.0,0.0,-3.724643631943208,-3.724643631943208,0.0,0.9836863057829976,0.9836863057829976,0.0,,,,,,,,,,,,,,,,,,
30,RNA molecules catalyzing each others replication,2,surrogate,,7,2,410.0,410.0,0.0,0.0,411.0,411.0,0.0,0.0,928725.0,928725.0,0.0,0.0,928725.0,928725.0,0.0,0.0,5.0,5.0,0.0,0.0,20.0,20.0,0.0,0.0,-3.929609956811242,-3.929609956811242,0.0,0.9923521907222514,0.9923521907222514,0.0,,,,,,,,,,,,,,,,,,
30,RNA molecules catalyzing each others replication,2,surrogate,,42,1,410.0,410.0,0.0,0.0,411.0,411.0,0.0,0.0,885803.0,885803.0,0.0,0.0,885803.0,885803.0,0.0,0.0,5.0,5.0,0.0,0.0,20.0,20.0,0.0,0.0,-3.496780496861268,-3.496780496861268,0.0,0.9594862998518696,0.9594862998518696,0.0,,,,,,,,,,,,,,,,,,
30,RNA molecules catalyzing each others replication,2,surrogate,,42,2,410.0,410.0,0.0,0.0,413.0,413.0,0.0,0.0,491975.0,491975.0,0.0,0.0,491975.0,491975.0,0.0,0.0,5.0,5.0,0.0,0.0,20.0,20.0,0.0,0.0,-3.7498562092013557,-3.7498562092013557,0.0,0.9891264469104232,0.9891264469104232,0.0,,,,,,,,,,,,,,,,,,
30,RNA molecules catalyzing each others replication,2,surrogate,,123,1,410.0,410.0,0.0,0.0,411.0,411.0,0.0,0.0,849454.0,849454.0,0.0,0.0,849454.0,849454.0,0.0,0.0,5.0,5.0,0.0,0.0,20.0,20.0,0.0,0.0,-3.496780496861268,-3.496780496861268,0.0,0.9594862998518744,0.9594862998518744,0.0,,,,,,,,,,,,,,,,,,
30,RNA molecules catalyzing each others replication,2,surrogate,,123,2,410.0,410.0,0.0,0.0,411.0,411.0,0.0,0.0,513125.0,513125.0,0.0,0.0,513125.0,513125.0,0.0,0.0,5.0,5.0,0.0,0.0,20.0,20.0,0.0,0.0,-3.929609956810503,-3.929609956810503,0.0,0.9923521905771208,0.9923521905771208,0.0,,,,,,,,,,,,,,,,,,
31,SIR infection model only for healthy and sick,2,exact,3.0,7,1,350.0,510.0,160.0,0.3137254901960784,540.0,867.0,327.0,0.3771626297577855,1568598.0,2332828.0,764230.0,0.32759809124376077,1568598.0,2332828.0,764230.0,0.32759809124376077,3.0,5.0,2.0,0.4,17.0,25.0,8.0,0.32,-3.9515386792256595,-3.9515386792256595,0.0,0.9999557402033246,0.9999557402033246,0.0,0.0,0.0,0.0,0.0,0.0,0.0,0.2,0.2,0.0,0.1428571428571428,0.1428571428571428,0.0,0.3333333333333333,0.3333333333333333,0.0,0.6856321436215055,0.6856321436215055,0.0
31,SIR infection model only for healthy and sick,2,exact,3.0,7,2,430.0,430.0,0.0,0.0,637.0,637.0,0.0,0.0,1356427.0,1356427.0,0.0,0.0,1356427.0,1356427.0,0.0,0.0,3.0,3.0,0.0,0.0,21.0,21.0,0.0,0.0,-8.262058798448823,-8.262058798448823,0.0,0.9999999991253548,0.9999999991253548,0.0,0.0,0.0,0.0,0.0,0.0,0.0,0.5,0.5,0.0,0.3333333333333333,0.3333333333333333,0.0,1.0,1.0,0.0,0.0045856889429674,0.0045856889429674,0.0
31,SIR infection model only for healthy and sick,2,exact,3.0,42,1,370.0,530.0,160.0,0.3018867924528302,568.0,911.0,343.0,0.3765093304061471,1667070.0,2590662.0,923592.0,0.3565081048782126,1667070.0,2590662.0,923592.0,0.3565081048782126,3.0,5.0,2.0,0.4,18.0,26.0,8.0,0.3076923076923077,-4.175488690355683,-4.175488690355683,0.0,0.9999739867995792,0.9999739867995792,0.0,0.0,0.0,0.0,0.0,0.0,0.0,0.1818181818181818,0.1818181818181818,0.0,0.125,0.125,0.0,0.3333333333333333,0.3333333333333333,0.0,0.6970424433511629,0.6970424433511629,0.0
31,SIR infection model only for healthy and sick,2,exact,3.0,42,2,450.0,450.0,0.0,0.0,772.0,772.0,0.0,0.0,1659497.0,1659497.0,0.0,0.0,1659497.0,1659497.0,0.0,0.0,3.0,3.0,0.0,0.0,22.0,22.0,0.0,0.0,-8.747408712805084,-8.747408712805084,0.0,0.999999999705095,0.999999999705095,0.0,0.0,0.0,0.0,0.0,0.0,0.0,0.5,0.5,0.0,0.3333333333333333,0.3333333333333333,0.0,1.0,1.0,0.0,0.0030129278958333,0.0030129278958333,0.0
31,SIR infection model only for healthy and sick,2,exact,3.0,123,1,370.0,530.0,160.0,0.3018867924528302,548.0,863.0,315.0,0.3650057937427578,1413166.0,2117477.0,704311.0,0.3326180166301688,1413166.0,2117477.0,704311.0,0.3326180166301688,3.0,5.0,2.0,0.4,18.0,26.0,8.0,0.3076923076923077,-3.9056258106967303,-3.9056258106967303,0.0,0.9999506921093322,0.9999506921093322,0.0,0.0,0.0,0.0,0.0,0.0,0.0,0.2,0.2,0.0,0.1428571428571428,0.1428571428571428,0.0,0.3333333333333333,0.3333333333333333,0.0,0.683058888327647,0.683058888327647,0.0
31,SIR infection model only for healthy and sick,2,exact,3.0,123,2,590.0,590.0,0.0,0.0,1246.0,1246.0,0.0,0.0,3433188.0,3433188.0,0.0,0.0,3433188.0,3433188.0,0.0,0.0,5.0,5.0,0.0,0.0,29.0,29.0,0.0,0.0,-7.204388628078167,-7.204388628078167,0.0,0.9999999916955578,0.9999999916955578,0.0,0.0,0.0,0.0,0.0,0.0,0.0,0.5,0.5,0.0,0.3333333333333333,0.3333333333333333,0.0,1.0,1.0,0.0,0.0297444491257508,0.0297444491257508,0.0
32,Damped double well oscillator,2,exact,4.0,7,1,550.0,550.0,0.0,0.0,847.0,847.0,0.0,0.0,5490395.0,5490395.0,0.0,0.0,5490395.0,5490395.0,0.0,0.0,5.0,5.0,0.0,0.0,27.0,27.0,0.0,0.0,-0.6481531905329554,-0.6481531905329554,0.0,0.8259907053119785,0.8259907053119785,0.0,0.0,0.0,0.0,0.0,0.0,0.0,0.375,0.375,0.0,0.25,0.25,0.0,0.75,0.75,0.0,1.4974754962227026,1.4974754962227026,0.0
32,Damped double well oscillator,2,exact,4.0,7,2,610.0,610.0,0.0,0.0,890.0,890.0,0.0,0.0,4748958.0,4748958.0,0.0,0.0,4748958.0,4748958.0,0.0,0.0,3.0,3.0,0.0,0.0,30.0,30.0,0.0,0.0,1.502312739774277,1.502312739774277,0.0,0.4474284334794563,0.4474284334794563,0.0,0.0,0.0,0.0,0.0,0.0,0.0,0.4285714285714285,0.4285714285714285,0.0,0.3,0.3,0.0,0.75,0.75,0.0,4.039402507024739,4.039402507024739,0.0
32,Damped double well oscillator,2,exact,4.0,42,1,410.0,410.0,0.0,0.0,576.0,576.0,0.0,0.0,3515076.0,3515076.0,0.0,0.0,3515076.0,3515076.0,0.0,0.0,4.0,4.0,0.0,0.0,20.0,20.0,0.0,0.0,-11.43000036397919,-11.43000036397919,0.0,0.9999999999971704,0.9999999999971704,0.0,0.0,0.0,0.0,1.0,1.0,0.0,0.5,0.5,0.0,0.3333333333333333,0.3333333333333333,0.0,1.0,1.0,0.0,4.13296814424307e-06,4.13296814424307e-06,0.0
32,Damped double well oscillator,2,exact,4.0,42,2,550.0,550.0,0.0,0.0,782.0,799.0,17.0,0.02127659574468085,3316614.0,3302821.0,-13793.0,-0.004176127013846648,3316614.0,3302821.0,-13793.0,-0.004176127013846648,5.0,5.0,0.0,0.0,27.0,27.0,0.0,0.0,-1.5728348187242225,-1.5728348187242225,0.0,0.9990780430519046,0.9990780430519046,0.0,0.0,0.0,0.0,0.0,0.0,0.0,0.5454545454545454,0.5454545454545454,0.0,0.4285714285714285,0.4285714285714285,0.0,0.75,0.75,0.0,0.2577412710661347,0.2577412710661347,0.0
32,Damped double well oscillator,2,exact,4.0,123,1,390.0,390.0,0.0,0.0,535.0,535.0,0.0,0.0,3946514.0,3946514.0,0.0,0.0,3946514.0,3946514.0,0.0,0.0,4.0,4.0,0.0,0.0,19.0,19.0,0.0,0.0,-11.542593123833553,-11.542593123833553,0.0,0.9999999999978108,0.9999999999978108,0.0,0.0,0.0,0.0,1.0,1.0,0.0,0.5,0.5,0.0,0.3333333333333333,0.3333333333333333,0.0,1.0,1.0,0.0,3.238364121480968e-06,3.238364121480968e-06,0.0
32,Damped double well oscillator,2,exact,4.0,123,2,550.0,550.0,0.0,0.0,807.0,792.0,-15.0,-0.01893939393939394,3815152.0,4009363.0,194211.0,0.048439365555076955,3815152.0,4009363.0,194211.0,0.048439365555076955,5.0,5.0,0.0,0.0,27.0,27.0,0.0,0.0,0.8284239694390843,0.8284239694390843,0.0,0.8055902853149378,0.8055902853149378,0.0,0.0,0.0,0.0,0.0,0.0,0.0,0.4,0.4,0.0,0.3333333333333333,0.3333333333333333,0.0,0.5,0.5,0.0,3.4471135465882163,3.4471135465882163,0.0
33,Glider (dimensionless),2,surrogate,,7,1,610.0,610.0,0.0,0.0,1076.0,1076.0,0.0,0.0,5938053.0,5938053.0,0.0,0.0,5938053.0,5938053.0,0.0,0.0,5.0,5.0,0.0,0.0,30.0,30.0,0.0,0.0,-2.3102146083565454,-2.3102146083565454,0.0,0.9990088577278696,0.9990088577278696,0.0,,,,,,,,,,,,,,,,,,
33,Glider (dimensionless),2,surrogate,,7,2,590.0,590.0,0.0,0.0,903.0,903.0,0.0,0.0,3050911.0,3050911.0,0.0,0.0,3050911.0,3050911.0,0.0,0.0,5.0,5.0,0.0,0.0,29.0,29.0,0.0,0.0,-2.9677516559504595,-2.9677516559504595,0.0,0.9999665982313592,0.9999665982313592,0.0,,,,,,,,,,,,,,,,,,
33,Glider (dimensionless),2,surrogate,,42,1,510.0,510.0,0.0,0.0,793.0,793.0,0.0,0.0,4659852.0,4659852.0,0.0,0.0,4659852.0,4659852.0,0.0,0.0,5.0,5.0,0.0,0.0,25.0,25.0,0.0,0.0,-2.299396309588739,-2.299396309588739,0.0,0.9990164323731952,0.9990164323731952,0.0,,,,,,,,,,,,,,,,,,
33,Glider (dimensionless),2,surrogate,,42,2,550.0,550.0,0.0,0.0,896.0,896.0,0.0,0.0,3082972.0,3082972.0,0.0,0.0,3082972.0,3082972.0,0.0,0.0,5.0,5.0,0.0,0.0,27.0,27.0,0.0,0.0,-1.3013092113991873,-1.3013092113991873,0.0,0.986120931457062,0.986120931457062,0.0,,,,,,,,,,,,,,,,,,
33,Glider (dimensionless),2,surrogate,,123,1,610.0,610.0,0.0,0.0,1045.0,1045.0,0.0,0.0,6188264.0,6188264.0,0.0,0.0,6188264.0,6188264.0,0.0,0.0,5.0,5.0,0.0,0.0,30.0,30.0,0.0,0.0,-2.3755611516877515,-2.3755611516877515,0.0,0.999018570375307,0.999018570375307,0.0,,,,,,,,,,,,,,,,,,
33,Glider (dimensionless),2,surrogate,,123,2,570.0,570.0,0.0,0.0,868.0,868.0,0.0,0.0,3196418.0,3196418.0,0.0,0.0,3196418.0,3196418.0,0.0,0.0,5.0,5.0,0.0,0.0,28.0,28.0,0.0,0.0,-3.0587822955888893,-3.0587822955888893,0.0,0.9999754829928644,0.9999754829928644,0.0,,,,,,,,,,,,,,,,,,
34,Frictionless bead on a rotating hoop (dimensionless),2,surrogate,,7,1,410.0,410.0,0.0,0.0,506.0,506.0,0.0,0.0,1548238.0,1548238.0,0.0,0.0,1548238.0,1548238.0,0.0,0.0,5.0,5.0,0.0,0.0,20.0,20.0,0.0,0.0,-3.380027262749678,-3.380027262749678,0.0,0.9996527323308384,0.9996527323308384,0.0,,,,,,,,,,,,,,,,,,
34,Frictionless bead on a rotating hoop (dimensionless),2,surrogate,,7,2,430.0,430.0,0.0,0.0,477.0,477.0,0.0,0.0,1171280.0,1171280.0,0.0,0.0,1171280.0,1171280.0,0.0,0.0,5.0,5.0,0.0,0.0,21.0,21.0,0.0,0.0,-4.866027249558842,-4.866027249558842,0.0,0.9999507951785968,0.9999507951785968,0.0,,,,,,,,,,,,,,,,,,
34,Frictionless bead on a rotating hoop (dimensionless),2,surrogate,,42,1,410.0,410.0,0.0,0.0,463.0,463.0,0.0,0.0,1728572.0,1728572.0,0.0,0.0,1728572.0,1728572.0,0.0,0.0,5.0,5.0,0.0,0.0,20.0,20.0,0.0,0.0,-3.3792007542514986,-3.3792007542514986,0.0,0.9996525148363572,0.9996525148363572,0.0,,,,,,,,,,,,,,,,,,
34,Frictionless bead on a rotating hoop (dimensionless),2,surrogate,,42,2,410.0,410.0,0.0,0.0,450.0,450.0,0.0,0.0,1151934.0,1151934.0,0.0,0.0,1151934.0,1151934.0,0.0,0.0,5.0,5.0,0.0,0.0,20.0,20.0,0.0,0.0,-4.866027249550856,-4.866027249550856,0.0,0.9999507951788768,0.9999507951788768,0.0,,,,,,,,,,,,,,,,,,
34,Frictionless bead on a rotating hoop (dimensionless),2,surrogate,,123,1,410.0,410.0,0.0,0.0,485.0,485.0,0.0,0.0,1581203.0,1581203.0,0.0,0.0,1581203.0,1581203.0,0.0,0.0,5.0,5.0,0.0,0.0,20.0,20.0,0.0,0.0,-3.379448978283819,-3.379448978283819,0.0,0.9996526535747416,0.9996526535747416,0.0,,,,,,,,,,,,,,,,,,
34,Frictionless bead on a rotating hoop (dimensionless),2,surrogate,,123,2,410.0,410.0,0.0,0.0,438.0,438.0,0.0,0.0,1101439.0,1101439.0,0.0,0.0,1101439.0,1101439.0,0.0,0.0,5.0,5.0,0.0,0.0,20.0,20.0,0.0,0.0,-4.86602724958612,-4.86602724958612,0.0,0.9999507951766398,0.9999507951766398,0.0,,,,,,,,,,,,,,,,,,
35,Rotational dynamics of an object in a shear flow,2,surrogate,,7,1,510.0,510.0,0.0,0.0,607.0,607.0,0.0,0.0,6309896.0,6309896.0,0.0,0.0,6309896.0,6309896.0,0.0,0.0,5.0,5.0,0.0,0.0,25.0,25.0,0.0,0.0,-1.5394635647615353,-1.5394635647615353,0.0,0.9772492015785864,0.9772492015785864,0.0,,,,,,,,,,,,,,,,,,
35,Rotational dynamics of an object in a shear flow,2,surrogate,,7,2,450.0,450.0,0.0,0.0,501.0,501.0,0.0,0.0,2153342.0,2153342.0,0.0,0.0,2153342.0,2153342.0,0.0,0.0,5.0,5.0,0.0,0.0,22.0,22.0,0.0,0.0,-2.806953675552018,-2.806953675552018,0.0,0.9967073816969432,0.9967073816969432,0.0,,,,,,,,,,,,,,,,,,
35,Rotational dynamics of an object in a shear flow,2,surrogate,,42,1,470.0,470.0,0.0,0.0,519.0,519.0,0.0,0.0,4085691.0,4085691.0,0.0,0.0,4085691.0,4085691.0,0.0,0.0,5.0,5.0,0.0,0.0,23.0,23.0,0.0,0.0,-1.8906529408601247,-1.8906529408601247,0.0,0.9894045370659768,0.9894045370659768,0.0,,,,,,,,,,,,,,,,,,
35,Rotational dynamics of an object in a shear flow,2,surrogate,,42,2,470.0,470.0,0.0,0.0,515.0,515.0,0.0,0.0,1942497.0,1942497.0,0.0,0.0,1942497.0,1942497.0,0.0,0.0,5.0,5.0,0.0,0.0,23.0,23.0,0.0,0.0,-2.806953675546588,-2.806953675546588,0.0,0.996707381698632,0.996707381698632,0.0,,,,,,,,,,,,,,,,,,
35,Rotational dynamics of an object in a shear flow,2,surrogate,,123,1,570.0,570.0,0.0,0.0,708.0,708.0,0.0,0.0,6998159.0,6998159.0,0.0,0.0,6998159.0,6998159.0,0.0,0.0,5.0,5.0,0.0,0.0,28.0,28.0,0.0,0.0,-1.9240416799701232,-1.9240416799701232,0.0,0.990090473194521,0.990090473194521,0.0,,,,,,,,,,,,,,,,,,
35,Rotational dynamics of an object in a shear flow,2,surrogate,,123,2,470.0,470.0,0.0,0.0,519.0,519.0,0.0,0.0,2088056.0,2088056.0,0.0,0.0,2088056.0,2088056.0,0.0,0.0,5.0,5.0,0.0,0.0,23.0,23.0,0.0,0.0,-2.8069536755432187,-2.8069536755432187,0.0,0.996707381643787,0.996707381643787,0.0,,,,,,,,,,,,,,,,,,
36,"Pendulum with non-linear damping, no driving (dimensionless)",2,surrogate,,7,1,430.0,430.0,0.0,0.0,466.0,466.0,0.0,0.0,680011.0,680011.0,0.0,0.0,680011.0,680011.0,0.0,0.0,5.0,5.0,0.0,0.0,21.0,21.0,0.0,0.0,-4.974066197148045,-4.974066197148045,0.0,0.9998082866129256,0.9998082866129256,0.0,,,,,,,,,,,,,,,,,,
36,"Pendulum with non-linear damping, no driving (dimensionless)",2,surrogate,,7,2,410.0,410.0,0.0,0.0,462.0,456.0,-6.0,-0.013157894736842105,726938.0,684561.0,-42377.0,-0.06190390629907342,726938.0,684561.0,-42377.0,-0.06190390629907342,5.0,5.0,0.0,0.0,20.0,20.0,0.0,0.0,-4.073599162367396,-4.073599162367396,0.0,0.9990767807940928,0.9990767807940928,0.0,,,,,,,,,,,,,,,,,,
36,"Pendulum with non-linear damping, no driving (dimensionless)",2,surrogate,,42,1,430.0,430.0,0.0,0.0,457.0,457.0,0.0,0.0,619680.0,619680.0,0.0,0.0,619680.0,619680.0,0.0,0.0,5.0,5.0,0.0,0.0,21.0,21.0,0.0,0.0,-4.924449408866653,-4.924449408866653,0.0,0.9997978418248384,0.9997978418248384,0.0,,,,,,,,,,,,,,,,,,
36,"Pendulum with non-linear damping, no driving (dimensionless)",2,surrogate,,42,2,430.0,430.0,0.0,0.0,486.0,476.0,-10.0,-0.02100840336134454,858026.0,1046034.0,188008.0,0.17973411954104743,858026.0,1046034.0,188008.0,0.17973411954104743,5.0,5.0,0.0,0.0,21.0,21.0,0.0,0.0,-4.122710062389709,-4.122710062389709,0.0,0.999173533418404,0.999173533418404,0.0,,,,,,,,,,,,,,,,,,
36,"Pendulum with non-linear damping, no driving (dimensionless)",2,surrogate,,123,1,430.0,430.0,0.0,0.0,461.0,461.0,0.0,0.0,730803.0,730803.0,0.0,0.0,730803.0,730803.0,0.0,0.0,5.0,5.0,0.0,0.0,21.0,21.0,0.0,0.0,-4.974066197141806,-4.974066197141806,0.0,0.9998082865487594,0.9998082865487594,0.0,,,,,,,,,,,,,,,,,,
36,"Pendulum with non-linear damping, no driving (dimensionless)",2,surrogate,,123,2,410.0,410.0,0.0,0.0,449.0,444.0,-5.0,-0.01126126126126126,882140.0,829618.0,-52522.0,-0.06330865530882888,882140.0,829618.0,-52522.0,-0.06330865530882888,5.0,5.0,0.0,0.0,20.0,20.0,0.0,0.0,-4.073599162367278,-4.073599162367278,0.0,0.9990767807829162,0.9990767807829162,0.0,,,,,,,,,,,,,,,,,,
37,Van der Pol oscillator (standard form),2,surrogate,,7,1,610.0,610.0,0.0,0.0,893.0,893.0,0.0,0.0,5595961.0,5595961.0,0.0,0.0,5595961.0,5595961.0,0.0,0.0,5.0,5.0,0.0,0.0,30.0,30.0,0.0,0.0,-2.149858766508935,-2.149858766508935,0.0,0.9965157185691936,0.9965157185691936,0.0,,,,,,,,,,,,,,,,,,
37,Van der Pol oscillator (standard form),2,surrogate,,7,2,610.0,610.0,0.0,0.0,859.0,859.0,0.0,0.0,4713676.0,4713676.0,0.0,0.0,4713676.0,4713676.0,0.0,0.0,4.0,4.0,0.0,0.0,30.0,30.0,0.0,0.0,-1.2762942805817818,-1.2762942805817818,0.0,0.9781562207535308,0.9781562207535308,0.0,,,,,,,,,,,,,,,,,,
37,Van der Pol oscillator (standard form),2,surrogate,,42,1,610.0,610.0,0.0,0.0,865.0,865.0,0.0,0.0,6621721.0,6621721.0,0.0,0.0,6621721.0,6621721.0,0.0,0.0,5.0,5.0,0.0,0.0,30.0,30.0,0.0,0.0,-1.967580288899646,-1.967580288899646,0.0,0.9945003140536076,0.9945003140536076,0.0,,,,,,,,,,,,,,,,,,
37,Van der Pol oscillator (standard form),2,surrogate,,42,2,570.0,570.0,0.0,0.0,865.0,865.0,0.0,0.0,5056491.0,5056491.0,0.0,0.0,5056491.0,5056491.0,0.0,0.0,5.0,5.0,0.0,0.0,28.0,28.0,0.0,0.0,-1.3037914778890762,-1.3037914778890762,0.0,0.9792392702977042,0.9792392702977042,0.0,,,,,,,,,,,,,,,,,,
37,Van der Pol oscillator (standard form),2,surrogate,,123,1,610.0,610.0,0.0,0.0,895.0,895.0,0.0,0.0,6673995.0,6673995.0,0.0,0.0,6673995.0,6673995.0,0.0,0.0,4.0,4.0,0.0,0.0,30.0,30.0,0.0,0.0,-2.0062019592260745,-2.0062019592260745,0.0,0.9949866018929544,0.9949866018929544,0.0,,,,,,,,,,,,,,,,,,
37,Van der Pol oscillator (standard form),2,surrogate,,123,2,610.0,610.0,0.0,0.0,1020.0,1020.0,0.0,0.0,6222278.0,6222278.0,0.0,0.0,6222278.0,6222278.0,0.0,0.0,4.0,4.0,0.0,0.0,30.0,30.0,0.0,0.0,-1.4420462796277096,-1.4420462796277096,0.0,0.9854716529112454,0.9854716529112454,0.0,,,,,,,,,,,,,,,,,,
38,Van der Pol oscillator (simplified form from Strogatz),2,exact,4.0,7,1,550.0,550.0,0.0,0.0,636.0,636.0,0.0,0.0,7364642.0,7364642.0,0.0,0.0,7364642.0,7364642.0,0.0,0.0,4.0,4.0,0.0,0.0,27.0,27.0,0.0,0.0,-10.831006060365626,-10.831006060365626,0.0,0.9999999999756106,0.9999999999756106,0.0,0.0,0.0,0.0,1.0,1.0,0.0,0.5,0.5,0.0,0.3333333333333333,0.3333333333333333,0.0,1.0,1.0,0.0,1.0921595020931087e-05,1.0921595020931087e-05,0.0
38,Van der Pol oscillator (simplified form from Strogatz),2,exact,4.0,7,2,350.0,350.0,0.0,0.0,386.0,386.0,0.0,0.0,2636635.0,2636635.0,0.0,0.0,2636635.0,2636635.0,0.0,0.0,4.0,4.0,0.0,0.0,17.0,17.0,0.0,0.0,-10.962848506864725,-10.962848506864725,0.0,0.9999999999883438,0.9999999999883438,0.0,0.0,0.0,0.0,1.0,1.0,0.0,0.8,0.8,0.0,0.6666666666666666,0.6666666666666666,0.0,1.0,1.0,0.0,3.3149206570349245e-06,3.3149206570349245e-06,0.0
38,Van der Pol oscillator (simplified form from Strogatz),2,exact,4.0,42,1,470.0,470.0,0.0,0.0,525.0,525.0,0.0,0.0,5735629.0,5735629.0,0.0,0.0,5735629.0,5735629.0,0.0,0.0,4.0,4.0,0.0,0.0,23.0,23.0,0.0,0.0,-11.287946844970957,-11.287946844970957,0.0,0.9999999999950616,0.9999999999950616,0.0,0.0,0.0,0.0,1.0,1.0,0.0,0.6153846153846153,0.6153846153846153,0.0,0.4444444444444444,0.4444444444444444,0.0,1.0,1.0,0.0,5.721172372322907e-06,5.721172372322907e-06,0.0
38,Van der Pol oscillator (simplified form from Strogatz),2,exact,4.0,42,2,310.0,310.0,0.0,0.0,343.0,343.0,0.0,0.0,2644033.0,2644033.0,0.0,0.0,2644033.0,2644033.0,0.0,0.0,4.0,4.0,0.0,0.0,15.0,15.0,0.0,0.0,-10.899456869646098,-10.899456869646098,0.0,0.9999999999924272,0.9999999999924272,0.0,0.0,0.0,0.0,1.0,1.0,0.0,0.888888888888889,0.888888888888889,0.0,0.8,0.8,0.0,1.0,1.0,0.0,1.6092547597018885e-05,1.6092547597018885e-05,0.0
38,Van der Pol oscillator (simplified form from Strogatz),2,exact,4.0,123,1,350.0,350.0,0.0,0.0,385.0,385.0,0.0,0.0,3811539.0,3811539.0,0.0,0.0,3811539.0,3811539.0,0.0,0.0,4.0,4.0,0.0,0.0,17.0,17.0,0.0,0.0,-11.254884819182301,-11.254884819182301,0.0,0.9999999999928408,0.9999999999928408,0.0,0.0,0.0,0.0,1.0,1.0,0.0,0.6153846153846153,0.6153846153846153,0.0,0.4444444444444444,0.4444444444444444,0.0,1.0,1.0,0.0,5.229420260081683e-06,5.229420260081683e-06,0.0
38,Van der Pol oscillator (simplified form from Strogatz),2,exact,4.0,123,2,290.0,290.0,0.0,0.0,302.0,302.0,0.0,0.0,1498460.0,1498460.0,0.0,0.0,1498460.0,1498460.0,0.0,0.0,4.0,4.0,0.0,0.0,14.0,14.0,0.0,0.0,-10.987127093900831,-10.987127093900831,0.0,0.99999999999054,0.99999999999054,0.0,0.0,0.0,0.0,1.0,1.0,0.0,0.8,0.8,0.0,0.6666666666666666,0.6666666666666666,0.0,1.0,1.0,0.0,3.937202866082687e-06,3.937202866082687e-06,0.0
39,"Glycolytic oscillator, e.g., ADP and F6P in yeast (dimensionless)",2,surrogate,,7,1,470.0,470.0,0.0,0.0,474.0,477.0,3.0,0.006289308176100629,1196970.0,1168863.0,-28107.0,-0.024046445135144152,1196970.0,1168863.0,-28107.0,-0.024046445135144152,5.0,5.0,0.0,0.0,23.0,23.0,0.0,0.0,-5.748167148844693,-5.748167148844693,0.0,0.9997985846188222,0.9997985846188222,0.0,,,,,,,,,,,,,,,,,,
39,"Glycolytic oscillator, e.g., ADP and F6P in yeast (dimensionless)",2,surrogate,,7,2,410.0,410.0,0.0,0.0,422.0,422.0,0.0,0.0,947006.0,947006.0,0.0,0.0,947006.0,947006.0,0.0,0.0,5.0,5.0,0.0,0.0,20.0,20.0,0.0,0.0,-3.2787762969874796,-3.2787762969874796,0.0,0.9803589562875537,0.9803589562875537,0.0,,,,,,,,,,,,,,,,,,
39,"Glycolytic oscillator, e.g., ADP and F6P in yeast (dimensionless)",2,surrogate,,42,1,430.0,430.0,0.0,0.0,431.0,432.0,1.0,0.0023148148148148147,1870821.0,1801561.0,-69260.0,-0.03844443790690407,1870821.0,1801561.0,-69260.0,-0.03844443790690407,5.0,5.0,0.0,0.0,21.0,21.0,0.0,0.0,-5.712566371441186,-5.712566371441186,0.0,0.99977648368577,0.99977648368577,0.0,,,,,,,,,,,,,,,,,,
39,"Glycolytic oscillator, e.g., ADP and F6P in yeast (dimensionless)",2,surrogate,,42,2,430.0,430.0,0.0,0.0,440.0,440.0,0.0,0.0,697306.0,697306.0,0.0,0.0,697306.0,697306.0,0.0,0.0,5.0,5.0,0.0,0.0,21.0,21.0,0.0,0.0,-3.275089829445614,-3.275089829445614,0.0,0.9802198388364024,0.9802198388364024,0.0,,,,,,,,,,,,,,,,,,
39,"Glycolytic oscillator, e.g., ADP and F6P in yeast (dimensionless)",2,surrogate,,123,1,410.0,410.0,0.0,0.0,413.0,415.0,2.0,0.004819277108433735,1915504.0,2112106.0,196602.0,0.09308339638256792,1915504.0,2112106.0,196602.0,0.09308339638256792,5.0,5.0,0.0,0.0,20.0,20.0,0.0,0.0,-3.314766097009503,-3.314766097009503,0.0,0.953504732334783,0.953504732334783,0.0,,,,,,,,,,,,,,,,,,
39,"Glycolytic oscillator, e.g., ADP and F6P in yeast (dimensionless)",2,surrogate,,123,2,430.0,430.0,0.0,0.0,438.0,438.0,0.0,0.0,738820.0,738820.0,0.0,0.0,738820.0,738820.0,0.0,0.0,5.0,5.0,0.0,0.0,21.0,21.0,0.0,0.0,-3.2750898294467596,-3.2750898294467596,0.0,0.9802198386649128,0.9802198386649128,0.0,,,,,,,,,,,,,,,,,,
40,Duffing equation (weakly non-linear oscillation),2,surrogate,,7,1,490.0,610.0,120.0,0.19672131147540983,522.0,669.0,147.0,0.21973094170403587,6125942.0,9086007.0,2960065.0,0.3257828218710375,6125942.0,9086007.0,2960065.0,0.3257828218710375,5.0,5.0,0.0,0.0,24.0,30.0,6.0,0.2,-1.2003520573174957,-1.2878314379548632,0.08747938063736749,0.9570251058707826,0.9644803754933576,-0.007455269622575034,,,,,,,,,,,,,,,,,,
40,Duffing equation (weakly non-linear oscillation),2,surrogate,,7,2,610.0,610.0,0.0,0.0,641.0,641.0,0.0,0.0,9091550.0,9091550.0,0.0,0.0,9091550.0,9091550.0,0.0,0.0,5.0,5.0,0.0,0.0,30.0,30.0,0.0,0.0,-1.5123018020103847,-1.5123018020103847,0.0,0.9713893957498216,0.9713893957498216,0.0,,,,,,,,,,,,,,,,,,
40,Duffing equation (weakly non-linear oscillation),2,surrogate,,42,1,490.0,610.0,120.0,0.19672131147540983,531.0,679.0,148.0,0.21796759941089838,5919774.0,8605713.0,2685939.0,0.31211115220784147,5919774.0,8605713.0,2685939.0,0.31211115220784147,5.0,5.0,0.0,0.0,24.0,30.0,6.0,0.2,-1.201116564617646,-1.2923999035488316,0.09128333893118556,0.9571066949614336,0.9650682202425798,-0.007961525281146131,,,,,,,,,,,,,,,,,,
40,Duffing equation (weakly non-linear oscillation),2,surrogate,,42,2,610.0,610.0,0.0,0.0,639.0,639.0,0.0,0.0,9545786.0,9545786.0,0.0,0.0,9545786.0,9545786.0,0.0,0.0,5.0,5.0,0.0,0.0,30.0,30.0,0.0,0.0,-1.4190601910639484,-1.4190601910639484,0.0,0.9648130087005232,0.9648130087005232,0.0,,,,,,,,,,,,,,,,,,
40,Duffing equation (weakly non-linear oscillation),2,surrogate,,123,1,470.0,510.0,40.0,0.0784313725490196,517.0,574.0,57.0,0.09930313588850175,5645170.0,6448829.0,803659.0,0.12462091954989038,5645170.0,6448829.0,803659.0,0.12462091954989038,5.0,5.0,0.0,0.0,23.0,25.0,2.0,0.08,-1.2011165646157296,-1.2765645519526603,0.0754479873369307,0.9571066921381732,0.963543279901092,-0.006436587762918777,,,,,,,,,,,,,,,,,,
40,Duffing equation (weakly non-linear oscillation),2,surrogate,,123,2,610.0,610.0,0.0,0.0,644.0,644.0,0.0,0.0,8963579.0,8963579.0,0.0,0.0,8963579.0,8963579.0,0.0,0.0,5.0,5.0,0.0,0.0,30.0,30.0,0.0,0.0,-1.5899096624776785,-1.5899096624776785,0.0,0.9756611468913768,0.9756611468913768,0.0,,,,,,,,,,,,,,,,,,
41,Cell cycle model by Tyson for interaction between protein cdc2 and cyclin (dimensionless),2,surrogate,,7,1,510.0,510.0,0.0,0.0,607.0,607.0,0.0,0.0,7133629.0,7133629.0,0.0,0.0,7133629.0,7133629.0,0.0,0.0,5.0,5.0,0.0,0.0,25.0,25.0,0.0,0.0,-3.0733578714920866,-3.0733578714920866,0.0,0.9844600135098108,0.9844600135098108,0.0,,,,,,,,,,,,,,,,,,
41,Cell cycle model by Tyson for interaction between protein cdc2 and cyclin (dimensionless),2,surrogate,,7,2,490.0,490.0,0.0,0.0,609.0,609.0,0.0,0.0,6861035.0,6861035.0,0.0,0.0,6861035.0,6861035.0,0.0,0.0,5.0,5.0,0.0,0.0,24.0,24.0,0.0,0.0,-2.33871765559217,-2.33871765559217,0.0,0.968592781477314,0.968592781477314,0.0,,,,,,,,,,,,,,,,,,
41,Cell cycle model by Tyson for interaction between protein cdc2 and cyclin (dimensionless),2,surrogate,,42,1,490.0,490.0,0.0,0.0,569.0,569.0,0.0,0.0,6527776.0,6527776.0,0.0,0.0,6527776.0,6527776.0,0.0,0.0,5.0,5.0,0.0,0.0,24.0,24.0,0.0,0.0,-2.9179661748857093,-2.9179661748857093,0.0,0.9787838867031942,0.9787838867031942,0.0,,,,,,,,,,,,,,,,,,
41,Cell cycle model by Tyson for interaction between protein cdc2 and cyclin (dimensionless),2,surrogate,,42,2,550.0,550.0,0.0,0.0,681.0,681.0,0.0,0.0,7918949.0,7918949.0,0.0,0.0,7918949.0,7918949.0,0.0,0.0,5.0,5.0,0.0,0.0,27.0,27.0,0.0,0.0,-2.30792977756115,-2.30792977756115,0.0,0.9659036217397206,0.9659036217397206,0.0,,,,,,,,,,,,,,,,,,
41,Cell cycle model by Tyson for interaction between protein cdc2 and cyclin (dimensionless),2,surrogate,,123,1,530.0,530.0,0.0,0.0,623.0,623.0,0.0,0.0,7286680.0,7286680.0,0.0,0.0,7286680.0,7286680.0,0.0,0.0,5.0,5.0,0.0,0.0,26.0,26.0,0.0,0.0,-2.8944925811916518,-2.8944925811916518,0.0,0.9774858114560888,0.9774858114560888,0.0,,,,,,,,,,,,,,,,,,
41,Cell cycle model by Tyson for interaction between protein cdc2 and cyclin (dimensionless),2,surrogate,,123,2,510.0,510.0,0.0,0.0,629.0,629.0,0.0,0.0,7309553.0,7309553.0,0.0,0.0,7309553.0,7309553.0,0.0,0.0,5.0,5.0,0.0,0.0,25.0,25.0,0.0,0.0,-2.3519249807360008,-2.3519249807360008,0.0,0.9697857269548184,0.9697857269548184,0.0,,,,,,,,,,,,,,,,,,
42,Reduced model for chlorine dioxide-iodine-malonic acid rection (dimensionless),2,surrogate,,7,1,590.0,590.0,0.0,0.0,644.0,644.0,0.0,0.0,6498213.0,6498213.0,0.0,0.0,6498213.0,6498213.0,0.0,0.0,5.0,5.0,0.0,0.0,29.0,29.0,0.0,0.0,-0.9816506303376387,-0.9816506303376387,0.0,0.9462145098332015,0.9462145098332015,0.0,,,,,,,,,,,,,,,,,,
42,Reduced model for chlorine dioxide-iodine-malonic acid rection (dimensionless),2,surrogate,,7,2,570.0,570.0,0.0,0.0,1056.0,1056.0,0.0,0.0,3711696.0,3711696.0,0.0,0.0,3711696.0,3711696.0,0.0,0.0,5.0,5.0,0.0,0.0,28.0,28.0,0.0,0.0,-1.8949359917186013,-1.8949359917186013,0.0,0.9843134765057951,0.9843134765057951,0.0,,,,,,,,,,,,,,,,,,
42,Reduced model for chlorine dioxide-iodine-malonic acid rection (dimensionless),2,surrogate,,42,1,610.0,610.0,0.0,0.0,661.0,661.0,0.0,0.0,6445095.0,6445095.0,0.0,0.0,6445095.0,6445095.0,0.0,0.0,5.0,5.0,0.0,0.0,30.0,30.0,0.0,0.0,-1.1450625102238579,-1.1450625102238579,0.0,0.9599134701858952,0.9599134701858952,0.0,,,,,,,,,,,,,,,,,,
42,Reduced model for chlorine dioxide-iodine-malonic acid rection (dimensionless),2,surrogate,,42,2,490.0,490.0,0.0,0.0,880.0,880.0,0.0,0.0,2957277.0,2957277.0,0.0,0.0,2957277.0,2957277.0,0.0,0.0,5.0,5.0,0.0,0.0,24.0,24.0,0.0,0.0,-2.2686660846915747,-2.2686660846915747,0.0,0.9932082756694768,0.9932082756694768,0.0,,,,,,,,,,,,,,,,,,
42,Reduced model for chlorine dioxide-iodine-malonic acid rection (dimensionless),2,surrogate,,123,1,590.0,590.0,0.0,0.0,639.0,639.0,0.0,0.0,6434669.0,6434669.0,0.0,0.0,6434669.0,6434669.0,0.0,0.0,5.0,5.0,0.0,0.0,29.0,29.0,0.0,0.0,-0.9816506303980811,-0.9816506303980811,0.0,0.94621453244813,0.94621453244813,0.0,,,,,,,,,,,,,,,,,,
42,Reduced model for chlorine dioxide-iodine-malonic acid rection (dimensionless),2,surrogate,,123,2,570.0,570.0,0.0,0.0,1047.0,1047.0,0.0,0.0,3707516.0,3707516.0,0.0,0.0,3707516.0,3707516.0,0.0,0.0,5.0,5.0,0.0,0.0,28.0,28.0,0.0,0.0,-1.8949360089915903,-1.8949360089915903,0.0,0.9843131766322752,0.9843131766322752,0.0,,,,,,,,,,,,,,,,,,
43,Driven pendulum with linear damping / Josephson junction (dimensionless),2,exact,5.0,7,1,530.0,530.0,0.0,0.0,631.0,631.0,0.0,0.0,4441889.0,4441889.0,0.0,0.0,4441889.0,4441889.0,0.0,0.0,5.0,5.0,0.0,0.0,26.0,26.0,0.0,0.0,-1.7534415453338505,-1.7534415453338505,0.0,0.9805004371805774,0.9805004371805774,0.0,0.0,0.0,0.0,0.0,0.0,0.0,0.3999999999999999,0.3999999999999999,0.0,0.2727272727272727,0.2727272727272727,0.0,0.75,0.75,0.0,1.927738165089056,1.927738165089056,0.0
43,Driven pendulum with linear damping / Josephson junction (dimensionless),2,exact,5.0,7,2,390.0,390.0,0.0,0.0,493.0,493.0,0.0,0.0,2445815.0,2445815.0,0.0,0.0,2445815.0,2445815.0,0.0,0.0,5.0,5.0,0.0,0.0,19.0,19.0,0.0,0.0,-8.813527823614109,-8.813527823614109,0.0,0.999999995795524,0.999999995795524,0.0,0.0,0.0,0.0,1.0,1.0,0.0,0.6666666666666666,0.6666666666666666,0.0,0.5,0.5,0.0,1.0,1.0,0.0,0.0002499282213045,0.0002499282213045,0.0
43,Driven pendulum with linear damping / Josephson junction (dimensionless),2,exact,5.0,42,1,550.0,550.0,0.0,0.0,679.0,679.0,0.0,0.0,4749334.0,4749334.0,0.0,0.0,4749334.0,4749334.0,0.0,0.0,5.0,5.0,0.0,0.0,27.0,27.0,0.0,0.0,-1.753441548701111,-1.753441548701111,0.0,0.9805003540731894,0.9805003540731894,0.0,0.0,0.0,0.0,0.0,0.0,0.0,0.3999999999999999,0.3999999999999999,0.0,0.2727272727272727,0.2727272727272727,0.0,0.75,0.75,0.0,1.9278450930453503,1.9278450930453503,0.0
43,Driven pendulum with linear damping / Josephson junction (dimensionless),2,exact,5.0,42,2,470.0,470.0,0.0,0.0,599.0,599.0,0.0,0.0,3252643.0,3252643.0,0.0,0.0,3252643.0,3252643.0,0.0,0.0,5.0,5.0,0.0,0.0,23.0,23.0,0.0,0.0,-8.611063470539552,-8.611063470539552,0.0,0.9999999939710712,0.9999999939710712,0.0,0.0,0.0,0.0,0.0,0.0,0.0,0.5333333333333333,0.5333333333333333,0.0,0.3636363636363636,0.3636363636363636,0.0,1.0,1.0,0.0,0.0003768986918928,0.0003768986918928,0.0
43,Driven pendulum with linear damping / Josephson junction (dimensionless),2,exact,5.0,123,1,490.0,490.0,0.0,0.0,593.0,593.0,0.0,0.0,4100197.0,4100197.0,0.0,0.0,4100197.0,4100197.0,0.0,0.0,5.0,5.0,0.0,0.0,24.0,24.0,0.0,0.0,-1.7139693671525484,-1.7139693671525484,0.0,0.9805558973335472,0.9805558973335472,0.0,0.0,0.0,0.0,0.0,0.0,0.0,0.4285714285714285,0.4285714285714285,0.0,0.3,0.3,0.0,0.75,0.75,0.0,1.521138988261433,1.521138988261433,0.0
43,Driven pendulum with linear damping / Josephson junction (dimensionless),2,exact,5.0,123,2,410.0,410.0,0.0,0.0,511.0,511.0,0.0,0.0,2510640.0,2510640.0,0.0,0.0,2510640.0,2510640.0,0.0,0.0,5.0,5.0,0.0,0.0,20.0,20.0,0.0,0.0,-8.845628377422166,-8.845628377422166,0.0,0.999999996108158,0.999999996108158,0.0,0.0,0.0,0.0,1.0,1.0,0.0,0.7272727272727273,0.7272727272727273,0.0,0.5714285714285714,0.5714285714285714,0.0,1.0,1.0,0.0,0.0002018380885648,0.0002018380885648,0.0
44,Driven pendulum with quadratic damping (dimensionless),2,surrogate,,7,1,470.0,470.0,0.0,0.0,601.0,601.0,0.0,0.0,3616520.0,3616520.0,0.0,0.0,3616520.0,3616520.0,0.0,0.0,5.0,5.0,0.0,0.0,23.0,23.0,0.0,0.0,-1.7836288124436432,-1.7836288124436432,0.0,0.9443142564674708,0.9443142564674708,0.0,,,,,,,,,,,,,,,,,,
44,Driven pendulum with quadratic damping (dimensionless),2,surrogate,,7,2,450.0,450.0,0.0,0.0,572.0,572.0,0.0,0.0,3163306.0,3163306.0,0.0,0.0,3163306.0,3163306.0,0.0,0.0,5.0,5.0,0.0,0.0,22.0,22.0,0.0,0.0,-3.528760557282224,-3.528760557282224,0.0,0.9983508881596902,0.9983508881596902,0.0,,,,,,,,,,,,,,,,,,
44,Driven pendulum with quadratic damping (dimensionless),2,surrogate,,42,1,590.0,590.0,0.0,0.0,794.0,794.0,0.0,0.0,5936530.0,5936530.0,0.0,0.0,5936530.0,5936530.0,0.0,0.0,5.0,5.0,0.0,0.0,29.0,29.0,0.0,0.0,-1.7647150139313874,-1.7647150139313874,0.0,0.9443175296879708,0.9443175296879708,0.0,,,,,,,,,,,,,,,,,,
44,Driven pendulum with quadratic damping (dimensionless),2,surrogate,,42,2,490.0,490.0,0.0,0.0,665.0,665.0,0.0,0.0,3429265.0,3429265.0,0.0,0.0,3429265.0,3429265.0,0.0,0.0,5.0,5.0,0.0,0.0,24.0,24.0,0.0,0.0,-1.5499951073582852,-1.5499951073582852,0.0,0.7616449120871507,0.7616449120871507,0.0,,,,,,,,,,,,,,,,,,
44,Driven pendulum with quadratic damping (dimensionless),2,surrogate,,123,1,470.0,470.0,0.0,0.0,568.0,568.0,0.0,0.0,3550065.0,3550065.0,0.0,0.0,3550065.0,3550065.0,0.0,0.0,5.0,5.0,0.0,0.0,23.0,23.0,0.0,0.0,-1.7836288124114046,-1.7836288124114046,0.0,0.9443142630133292,0.9443142630133292,0.0,,,,,,,,,,,,,,,,,,
44,Driven pendulum with quadratic damping (dimensionless),2,surrogate,,123,2,470.0,470.0,0.0,0.0,626.0,626.0,0.0,0.0,3004312.0,3004312.0,0.0,0.0,3004312.0,3004312.0,0.0,0.0,5.0,5.0,0.0,0.0,23.0,23.0,0.0,0.0,-3.5287605572490612,-3.5287605572490612,0.0,0.9983508888431276,0.9983508888431276,0.0,,,,,,,,,,,,,,,,,,
45,Isothermal autocatalytic reaction model by Gray and Scott 1985 (dimensionless),2,surrogate,,7,1,470.0,470.0,0.0,0.0,505.0,505.0,0.0,0.0,2814621.0,2814621.0,0.0,0.0,2814621.0,2814621.0,0.0,0.0,5.0,5.0,0.0,0.0,23.0,23.0,0.0,0.0,-2.9037147073418943,-2.9037147073418943,0.0,0.9969308184237804,0.9969308184237804,0.0,,,,,,,,,,,,,,,,,,
45,Isothermal autocatalytic reaction model by Gray and Scott 1985 (dimensionless),2,surrogate,,7,2,470.0,470.0,0.0,0.0,482.0,482.0,0.0,0.0,1926055.0,1926055.0,0.0,0.0,1926055.0,1926055.0,0.0,0.0,5.0,5.0,0.0,0.0,23.0,23.0,0.0,0.0,-2.5391117771495675,-2.5391117771495675,0.0,0.8752689666677891,0.8752689666677891,0.0,,,,,,,,,,,,,,,,,,
45,Isothermal autocatalytic reaction model by Gray and Scott 1985 (dimensionless),2,surrogate,,42,1,470.0,470.0,0.0,0.0,507.0,507.0,0.0,0.0,2845153.0,2845153.0,0.0,0.0,2845153.0,2845153.0,0.0,0.0,5.0,5.0,0.0,0.0,23.0,23.0,0.0,0.0,-2.9037147073791236,-2.9037147073791236,0.0,0.9969308155073456,0.9969308155073456,0.0,,,,,,,,,,,,,,,,,,
45,Isothermal autocatalytic reaction model by Gray and Scott 1985 (dimensionless),2,surrogate,,42,2,430.0,430.0,0.0,0.0,439.0,439.0,0.0,0.0,1441203.0,1441203.0,0.0,0.0,1441203.0,1441203.0,0.0,0.0,5.0,5.0,0.0,0.0,21.0,21.0,0.0,0.0,-2.539111777159531,-2.539111777159531,0.0,0.8752689688551886,0.8752689688551886,0.0,,,,,,,,,,,,,,,,,,
45,Isothermal autocatalytic reaction model by Gray and Scott 1985 (dimensionless),2,surrogate,,123,1,470.0,470.0,0.0,0.0,513.0,513.0,0.0,0.0,2829838.0,2829838.0,0.0,0.0,2829838.0,2829838.0,0.0,0.0,5.0,5.0,0.0,0.0,23.0,23.0,0.0,0.0,-2.90371470744203,-2.90371470744203,0.0,0.9969308104249596,0.9969308104249596,0.0,,,,,,,,,,,,,,,,,,
45,Isothermal autocatalytic reaction model by Gray and Scott 1985 (dimensionless),2,surrogate,,123,2,430.0,430.0,0.0,0.0,438.0,438.0,0.0,0.0,1428923.0,1428923.0,0.0,0.0,1428923.0,1428923.0,0.0,0.0,5.0,5.0,0.0,0.0,21.0,21.0,0.0,0.0,-2.539111777150169,-2.539111777150169,0.0,0.8752689681329655,0.8752689681329655,0.0,,,,,,,,,,,,,,,,,,
46,Interacting bar magnets,2,surrogate,,7,1,410.0,410.0,0.0,0.0,425.0,425.0,0.0,0.0,199679.0,199679.0,0.0,0.0,199679.0,199679.0,0.0,0.0,5.0,5.0,0.0,0.0,20.0,20.0,0.0,0.0,-3.447843370007054,-3.447843370007054,0.0,0.8532276555381391,0.8532276555381391,0.0,,,,,,,,,,,,,,,,,,
46,Interacting bar magnets,2,surrogate,,7,2,410.0,410.0,0.0,0.0,464.0,456.0,-8.0,-0.017543859649122806,382712.0,361041.0,-21671.0,-0.06002365382324999,382712.0,361041.0,-21671.0,-0.06002365382324999,5.0,5.0,0.0,0.0,20.0,20.0,0.0,0.0,-3.764925490502888,-3.764925490502888,0.0,0.996405508090338,0.996405508090338,0.0,,,,,,,,,,,,,,,,,,
46,Interacting bar magnets,2,surrogate,,42,1,410.0,410.0,0.0,0.0,417.0,417.0,0.0,0.0,275761.0,275761.0,0.0,0.0,275761.0,275761.0,0.0,0.0,5.0,5.0,0.0,0.0,20.0,20.0,0.0,0.0,-3.447843370006932,-3.447843370006932,0.0,0.8532276555381075,0.8532276555381075,0.0,,,,,,,,,,,,,,,,,,
46,Interacting bar magnets,2,surrogate,,42,2,410.0,410.0,0.0,0.0,442.0,432.0,-10.0,-0.023148148148148147,320952.0,327023.0,6071.0,0.018564443479510615,320952.0,327023.0,6071.0,0.018564443479510615,5.0,5.0,0.0,0.0,20.0,20.0,0.0,0.0,-3.7649254905031406,-3.7649254905031406,0.0,0.9964055080956444,0.9964055080956444,0.0,,,,,,,,,,,,,,,,,,
46,Interacting bar magnets,2,surrogate,,123,1,410.0,410.0,0.0,0.0,418.0,418.0,0.0,0.0,335295.0,335295.0,0.0,0.0,335295.0,335295.0,0.0,0.0,5.0,5.0,0.0,0.0,20.0,20.0,0.0,0.0,-3.447843370007054,-3.447843370007054,0.0,0.8532276555381326,0.8532276555381326,0.0,,,,,,,,,,,,,,,,,,
46,Interacting bar magnets,2,surrogate,,123,2,430.0,430.0,0.0,0.0,471.0,460.0,-11.0,-0.02391304347826087,453427.0,483578.0,30151.0,0.0623498174027768,453427.0,483578.0,30151.0,0.0623498174027768,5.0,5.0,0.0,0.0,21.0,21.0,0.0,0.0,-3.7649254905031406,-3.7649254905031406,0.0,0.9964055080920928,0.9964055080920928,0.0,,,,,,,,,,,,,,,,,,
47,Binocular rivalry model (no oscillations),2,surrogate,,7,1,430.0,430.0,0.0,0.0,444.0,444.0,0.0,0.0,2384055.0,2384055.0,0.0,0.0,2384055.0,2384055.0,0.0,0.0,5.0,5.0,0.0,0.0,21.0,21.0,0.0,0.0,-3.7592463742134217,-3.7592463742134217,0.0,0.9231891919921138,0.9231891919921138,0.0,,,,,,,,,,,,,,,,,,
47,Binocular rivalry model (no oscillations),2,surrogate,,7,2,550.0,550.0,0.0,0.0,675.0,675.0,0.0,0.0,2064055.0,2064055.0,0.0,0.0,2064055.0,2064055.0,0.0,0.0,5.0,5.0,0.0,0.0,27.0,27.0,0.0,0.0,-3.785686815319449,-3.785686815319449,0.0,0.9998334308898148,0.9998334308898148,0.0,,,,,,,,,,,,,,,,,,
47,Binocular rivalry model (no oscillations),2,surrogate,,42,1,430.0,430.0,0.0,0.0,448.0,448.0,0.0,0.0,2135354.0,2135354.0,0.0,0.0,2135354.0,2135354.0,0.0,0.0,5.0,5.0,0.0,0.0,21.0,21.0,0.0,0.0,-3.7592463742515916,-3.7592463742515916,0.0,0.9231891994947128,0.9231891994947128,0.0,,,,,,,,,,,,,,,,,,
47,Binocular rivalry model (no oscillations),2,surrogate,,42,2,530.0,530.0,0.0,0.0,720.0,720.0,0.0,0.0,1726881.0,1726881.0,0.0,0.0,1726881.0,1726881.0,0.0,0.0,5.0,5.0,0.0,0.0,26.0,26.0,0.0,0.0,-3.326465629289742,-3.326465629289742,0.0,0.9996273191890463,0.9996273191890463,0.0,,,,,,,,,,,,,,,,,,
47,Binocular rivalry model (no oscillations),2,surrogate,,123,1,430.0,430.0,0.0,0.0,444.0,444.0,0.0,0.0,1814989.0,1814989.0,0.0,0.0,1814989.0,1814989.0,0.0,0.0,5.0,5.0,0.0,0.0,21.0,21.0,0.0,0.0,-3.428449448363816,-3.428449448363816,0.0,0.7553573555470895,0.7553573555470895,0.0,,,,,,,,,,,,,,,,,,
47,Binocular rivalry model (no oscillations),2,surrogate,,123,2,470.0,470.0,0.0,0.0,655.0,655.0,0.0,0.0,1852787.0,1852787.0,0.0,0.0,1852787.0,1852787.0,0.0,0.0,5.0,5.0,0.0,0.0,23.0,23.0,0.0,0.0,-3.3264656293084376,-3.3264656293084376,0.0,0.9996273185501912,0.9996273185501912,0.0,,,,,,,,,,,,,,,,,,
48,Bacterial respiration model for nutrients and oxygen levels,2,surrogate,,7,1,610.0,610.0,0.0,0.0,1235.0,1235.0,0.0,0.0,4007432.0,4007432.0,0.0,0.0,4007432.0,4007432.0,0.0,0.0,5.0,5.0,0.0,0.0,30.0,30.0,0.0,0.0,-1.245901606491542,-1.245901606491542,0.0,0.9978306886065244,0.9978306886065244,0.0,,,,,,,,,,,,,,,,,,
48,Bacterial respiration model for nutrients and oxygen levels,2,surrogate,,7,2,570.0,570.0,0.0,0.0,1040.0,1040.0,0.0,0.0,3765121.0,3765121.0,0.0,0.0,3765121.0,3765121.0,0.0,0.0,5.0,5.0,0.0,0.0,28.0,28.0,0.0,0.0,-1.9012652045364453,-1.9012652045364453,0.0,0.9995424874084378,0.9995424874084378,0.0,,,,,,,,,,,,,,,,,,
48,Bacterial respiration model for nutrients and oxygen levels,2,surrogate,,42,1,610.0,610.0,0.0,0.0,1242.0,1242.0,0.0,0.0,4229378.0,4229378.0,0.0,0.0,4229378.0,4229378.0,0.0,0.0,5.0,5.0,0.0,0.0,30.0,30.0,0.0,0.0,-1.1965839664878566,-1.1965839664878566,0.0,0.997768036276785,0.997768036276785,0.0,,,,,,,,,,,,,,,,,,
48,Bacterial respiration model for nutrients and oxygen levels,2,surrogate,,42,2,610.0,610.0,0.0,0.0,1119.0,1119.0,0.0,0.0,4713295.0,4713295.0,0.0,0.0,4713295.0,4713295.0,0.0,0.0,5.0,5.0,0.0,0.0,30.0,30.0,0.0,0.0,-1.9071684949702434,-1.9071684949702434,0.0,0.9995514099118388,0.9995514099118388,0.0,,,,,,,,,,,,,,,,,,
48,Bacterial respiration model for nutrients and oxygen levels,2,surrogate,,123,1,610.0,610.0,0.0,0.0,1221.0,1221.0,0.0,0.0,4348994.0,4348994.0,0.0,0.0,4348994.0,4348994.0,0.0,0.0,5.0,5.0,0.0,0.0,30.0,30.0,0.0,0.0,-1.2263972096592552,-1.2263972096592552,0.0,0.997575648819969,0.997575648819969,0.0,,,,,,,,,,,,,,,,,,
48,Bacterial respiration model for nutrients and oxygen levels,2,surrogate,,123,2,590.0,590.0,0.0,0.0,1092.0,1092.0,0.0,0.0,4568544.0,4568544.0,0.0,0.0,4568544.0,4568544.0,0.0,0.0,5.0,5.0,0.0,0.0,29.0,29.0,0.0,0.0,-1.8994487542517184,-1.8994487542517184,0.0,0.9995967315517208,0.9995967315517208,0.0,,,,,,,,,,,,,,,,,,
49,Brusselator: hypothetical chemical oscillation model (dimensionless),2,surrogate,,7,1,570.0,570.0,0.0,0.0,771.0,771.0,0.0,0.0,4640136.0,4640136.0,0.0,0.0,4640136.0,4640136.0,0.0,0.0,5.0,5.0,0.0,0.0,28.0,28.0,0.0,0.0,-3.45238199057099,-3.45238199057099,0.0,0.9983617209121842,0.9983617209121842,0.0,,,,,,,,,,,,,,,,,,
49,Brusselator: hypothetical chemical oscillation model (dimensionless),2,surrogate,,7,2,470.0,470.0,0.0,0.0,528.0,528.0,0.0,0.0,1415955.0,1415955.0,0.0,0.0,1415955.0,1415955.0,0.0,0.0,5.0,5.0,0.0,0.0,23.0,23.0,0.0,0.0,-2.5154680710476836,-2.5154680710476836,0.0,0.9368127500795488,0.9368127500795488,0.0,,,,,,,,,,,,,,,,,,
49,Brusselator: hypothetical chemical oscillation model (dimensionless),2,surrogate,,42,1,550.0,550.0,0.0,0.0,768.0,768.0,0.0,0.0,4468068.0,4468068.0,0.0,0.0,4468068.0,4468068.0,0.0,0.0,5.0,5.0,0.0,0.0,27.0,27.0,0.0,0.0,-3.4523819925370973,-3.4523819925370973,0.0,0.9983617171405936,0.9983617171405936,0.0,,,,,,,,,,,,,,,,,,
49,Brusselator: hypothetical chemical oscillation model (dimensionless),2,surrogate,,42,2,470.0,470.0,0.0,0.0,525.0,525.0,0.0,0.0,1373096.0,1373096.0,0.0,0.0,1373096.0,1373096.0,0.0,0.0,5.0,5.0,0.0,0.0,23.0,23.0,0.0,0.0,-2.515468071034804,-2.515468071034804,0.0,0.936812737275544,0.936812737275544,0.0,,,,,,,,,,,,,,,,,,
49,Brusselator: hypothetical chemical oscillation model (dimensionless),2,surrogate,,123,1,550.0,550.0,0.0,0.0,751.0,751.0,0.0,0.0,4574259.0,4574259.0,0.0,0.0,4574259.0,4574259.0,0.0,0.0,5.0,5.0,0.0,0.0,27.0,27.0,0.0,0.0,-3.4523819905531443,-3.4523819905531443,0.0,0.9983617186940108,0.9983617186940108,0.0,,,,,,,,,,,,,,,,,,
49,Brusselator: hypothetical chemical oscillation model (dimensionless),2,surrogate,,123,2,470.0,470.0,0.0,0.0,513.0,513.0,0.0,0.0,1468306.0,1468306.0,0.0,0.0,1468306.0,1468306.0,0.0,0.0,5.0,5.0,0.0,0.0,23.0,23.0,0.0,0.0,-2.5154680710589976,-2.5154680710589976,0.0,0.9368127524422384,0.9368127524422384,0.0,,,,,,,,,,,,,,,,,,
50,Chemical oscillator model by Schnackenberg 1979 (dimensionless),2,surrogate,,7,1,610.0,610.0,0.0,0.0,698.0,698.0,0.0,0.0,9116213.0,9116213.0,0.0,0.0,9116213.0,9116213.0,0.0,0.0,5.0,5.0,0.0,0.0,30.0,30.0,0.0,0.0,-2.6817575005815466,-2.6817575005815466,0.0,0.9972378559519016,0.9972378559519016,0.0,,,,,,,,,,,,,,,,,,
50,Chemical oscillator model by Schnackenberg 1979 (dimensionless),2,surrogate,,7,2,430.0,430.0,0.0,0.0,449.0,460.0,11.0,0.02391304347826087,2724131.0,2633945.0,-90186.0,-0.034239894910485985,2724131.0,2633945.0,-90186.0,-0.034239894910485985,5.0,5.0,0.0,0.0,21.0,21.0,0.0,0.0,-3.233204828416043,-3.233204828416043,0.0,0.8436937576224985,0.8436937576224985,0.0,,,,,,,,,,,,,,,,,,
50,Chemical oscillator model by Schnackenberg 1979 (dimensionless),2,surrogate,,42,1,610.0,610.0,0.0,0.0,685.0,685.0,0.0,0.0,9117314.0,9117314.0,0.0,0.0,9117314.0,9117314.0,0.0,0.0,4.0,4.0,0.0,0.0,30.0,30.0,0.0,0.0,-2.5805562739421375,-2.5805562739421375,0.0,0.9965477495444082,0.9965477495444082,0.0,,,,,,,,,,,,,,,,,,
50,Chemical oscillator model by Schnackenberg 1979 (dimensionless),2,surrogate,,42,2,430.0,430.0,0.0,0.0,457.0,470.0,13.0,0.027659574468085105,1720349.0,1366041.0,-354308.0,-0.2593684962603611,1720349.0,1366041.0,-354308.0,-0.2593684962603611,5.0,5.0,0.0,0.0,21.0,21.0,0.0,0.0,-3.233204828416043,-3.233204828416043,0.0,0.8436937577347758,0.8436937577347758,0.0,,,,,,,,,,,,,,,,,,
50,Chemical oscillator model by Schnackenberg 1979 (dimensionless),2,surrogate,,123,1,610.0,610.0,0.0,0.0,682.0,682.0,0.0,0.0,8975651.0,8975651.0,0.0,0.0,8975651.0,8975651.0,0.0,0.0,5.0,5.0,0.0,0.0,30.0,30.0,0.0,0.0,-2.658103133919941,-2.658103133919941,0.0,0.9971367133799878,0.9971367133799878,0.0,,,,,,,,,,,,,,,,,,
50,Chemical oscillator model by Schnackenberg 1979 (dimensionless),2,surrogate,,123,2,430.0,430.0,0.0,0.0,452.0,459.0,7.0,0.015250544662309368,1805875.0,1642175.0,-163700.0,-0.09968486915219145,1805875.0,1642175.0,-163700.0,-0.09968486915219145,5.0,5.0,0.0,0.0,21.0,21.0,0.0,0.0,-3.2332048284161172,-3.2332048284161172,0.0,0.8436937577959014,0.8436937577959014,0.0,,,,,,,,,,,,,,,,,,
51,Oscillator death model by Ermentrout and Kopell 1990,2,surrogate,,7,1,410.0,610.0,200.0,0.32786885245901637,559.0,915.0,356.0,0.38907103825136613,4635429.0,7373776.0,2738347.0,0.37136292179203706,4635429.0,7373776.0,2738347.0,0.37136292179203706,3.0,5.0,2.0,0.4,20.0,30.0,10.0,0.3333333333333333,-2.025957938578719,-2.0914076045994396,0.06544966602072044,0.9992261997824796,0.9993361073893272,-0.00010990760684759238,,,,,,,,,,,,,,,,,,
51,Oscillator death model by Ermentrout and Kopell 1990,2,surrogate,,7,2,610.0,610.0,0.0,0.0,640.0,640.0,0.0,0.0,7459824.0,7459824.0,0.0,0.0,7459824.0,7459824.0,0.0,0.0,5.0,5.0,0.0,0.0,30.0,30.0,0.0,0.0,-2.278889193147388,-2.278889193147388,0.0,0.999035066877252,0.999035066877252,0.0,,,,,,,,,,,,,,,,,,
51,Oscillator death model by Ermentrout and Kopell 1990,2,surrogate,,42,1,390.0,550.0,160.0,0.2909090909090909,555.0,845.0,290.0,0.3431952662721893,4361155.0,6479498.0,2118343.0,0.3269301109437799,4361155.0,6479498.0,2118343.0,0.3269301109437799,3.0,5.0,2.0,0.4,19.0,27.0,8.0,0.2962962962962963,-2.0054562859685836,-2.089783100104166,0.0843268141355824,0.9991695969537644,0.99933310059726,-0.00016350364349559943,,,,,,,,,,,,,,,,,,
51,Oscillator death model by Ermentrout and Kopell 1990,2,surrogate,,42,2,590.0,590.0,0.0,0.0,644.0,644.0,0.0,0.0,7436724.0,7436724.0,0.0,0.0,7436724.0,7436724.0,0.0,0.0,5.0,5.0,0.0,0.0,29.0,29.0,0.0,0.0,-2.3754572342172646,-2.3754572342172646,0.0,0.99915789443052,0.99915789443052,0.0,,,,,,,,,,,,,,,,,,
51,Oscillator death model by Ermentrout and Kopell 1990,2,surrogate,,123,1,430.0,590.0,160.0,0.2711864406779661,593.0,871.0,278.0,0.31917336394948337,5080290.0,7417574.0,2337284.0,0.3151008672107619,5080290.0,7417574.0,2337284.0,0.3151008672107619,3.0,5.0,2.0,0.4,21.0,29.0,8.0,0.27586206896551724,-2.044199334519233,-2.087562568722017,0.043363234202784096,0.9992435815808072,0.9993317895505917,-8.820796978448175e-05,,,,,,,,,,,,,,,,,,
51,Oscillator death model by Ermentrout and Kopell 1990,2,surrogate,,123,2,610.0,610.0,0.0,0.0,666.0,666.0,0.0,0.0,7813461.0,7813461.0,0.0,0.0,7813461.0,7813461.0,0.0,0.0,5.0,5.0,0.0,0.0,30.0,30.0,0.0,0.0,-2.29546968882546,-2.29546968882546,0.0,0.9989018788913888,0.9989018788913888,0.0,,,,,,,,,,,,,,,,,,
52,Maxwell-Bloch equations (laser dynamics),3,exact,3.0,7,1,450.0,450.0,0.0,0.0,476.0,476.0,0.0,0.0,2013248.0,2013248.0,0.0,0.0,2013248.0,2013248.0,0.0,0.0,5.0,5.0,0.0,0.0,22.0,22.0,0.0,0.0,-3.3932292502920824,-3.3932292502920824,0.0,0.9652749172691808,0.9652749172691808,0.0,0.0,0.0,0.0,0.0,0.0,0.0,0.1538461538461538,0.1538461538461538,0.0,0.1666666666666666,0.1666666666666666,0.0,0.1428571428571428,0.1428571428571428,0.0,0.8698259125744991,0.8698259125744991,0.0
52,Maxwell-Bloch equations (laser dynamics),3,exact,3.0,7,2,430.0,430.0,0.0,0.0,452.0,452.0,0.0,0.0,1301587.0,1301587.0,0.0,0.0,1301587.0,1301587.0,0.0,0.0,5.0,5.0,0.0,0.0,21.0,21.0,0.0,0.0,-2.9748477535023405,-2.9748477535023405,0.0,0.373989550734305,0.373989550734305,0.0,0.0,0.0,0.0,0.0,0.0,0.0,0.3333333333333333,0.3333333333333333,0.0,0.4,0.4,0.0,0.2857142857142857,0.2857142857142857,0.0,1.2972542875864728,1.2972542875864728,0.0
52,Maxwell-Bloch equations (laser dynamics),3,exact,3.0,42,1,490.0,490.0,0.0,0.0,509.0,509.0,0.0,0.0,3229177.0,3229177.0,0.0,0.0,3229177.0,3229177.0,0.0,0.0,5.0,5.0,0.0,0.0,24.0,24.0,0.0,0.0,-3.644911418275667,-3.644911418275667,0.0,0.9752764322277324,0.9752764322277324,0.0,0.0,0.0,0.0,0.0,0.0,0.0,0.4615384615384615,0.4615384615384615,0.0,0.5,0.5,0.0,0.4285714285714285,0.4285714285714285,0.0,0.9162439123027706,0.9162439123027706,0.0
52,Maxwell-Bloch equations (laser dynamics),3,exact,3.0,42,2,430.0,430.0,0.0,0.0,456.0,456.0,0.0,0.0,2325093.0,2325093.0,0.0,0.0,2325093.0,2325093.0,0.0,0.0,5.0,5.0,0.0,0.0,21.0,21.0,0.0,0.0,-3.3415017411071197,-3.3415017411071197,0.0,0.5726793383947749,0.5726793383947749,0.0,0.0,0.0,0.0,0.0,0.0,0.0,0.1666666666666666,0.1666666666666666,0.0,0.2,0.2,0.0,0.1428571428571428,0.1428571428571428,0.0,0.926077526320842,0.926077526320842,0.0
52,Maxwell-Bloch equations (laser dynamics),3,exact,3.0,123,1,450.0,450.0,0.0,0.0,490.0,490.0,0.0,0.0,1933900.0,1933900.0,0.0,0.0,1933900.0,1933900.0,0.0,0.0,5.0,5.0,0.0,0.0,22.0,22.0,0.0,0.0,-3.2306012847250773,-3.2306012847250773,0.0,0.9761214788196604,0.9761214788196604,0.0,0.0,0.0,0.0,0.0,0.0,0.0,0.3333333333333333,0.3333333333333333,0.0,0.4,0.4,0.0,0.2857142857142857,0.2857142857142857,0.0,0.7238024209225068,0.7238024209225068,0.0
52,Maxwell-Bloch equations (laser dynamics),3,exact,3.0,123,2,430.0,430.0,0.0,0.0,465.0,465.0,0.0,0.0,1142151.0,1142151.0,0.0,0.0,1142151.0,1142151.0,0.0,0.0,5.0,5.0,0.0,0.0,21.0,21.0,0.0,0.0,-3.4003161415160865,-3.4003161415160865,0.0,0.59091215224084,0.59091215224084,0.0,0.0,0.0,0.0,0.0,0.0,0.0,0.3333333333333333,0.3333333333333333,0.0,0.4,0.4,0.0,0.2857142857142857,0.2857142857142857,0.0,0.8649846301368104,0.8649846301368104,0.0
53,Model for apoptosis (cell death),3,surrogate,,7,1,530.0,530.0,0.0,0.0,559.0,559.0,0.0,0.0,3836355.0,3836355.0,0.0,0.0,3836355.0,3836355.0,0.0,0.0,5.0,5.0,0.0,0.0,26.0,26.0,0.0,0.0,-3.412749247461299,-3.412749247461299,0.0,0.5105331361645787,0.5105331361645787,0.0,,,,,,,,,,,,,,,,,,
53,Model for apoptosis (cell death),3,surrogate,,7,2,410.0,410.0,0.0,0.0,412.0,412.0,0.0,0.0,1985975.0,1985975.0,0.0,0.0,1985975.0,1985975.0,0.0,0.0,5.0,5.0,0.0,0.0,20.0,20.0,0.0,0.0,-4.425405552339008,-4.425405552339008,0.0,0.9935781390039452,0.9935781390039452,0.0,,,,,,,,,,,,,,,,,,
53,Model for apoptosis (cell death),3,surrogate,,42,1,510.0,510.0,0.0,0.0,544.0,544.0,0.0,0.0,3745177.0,3745177.0,0.0,0.0,3745177.0,3745177.0,0.0,0.0,5.0,5.0,0.0,0.0,25.0,25.0,0.0,0.0,-3.971418972161937,-3.971418972161937,0.0,0.4919312306462309,0.4919312306462309,0.0,,,,,,,,,,,,,,,,,,
53,Model for apoptosis (cell death),3,surrogate,,42,2,450.0,450.0,0.0,0.0,452.0,452.0,0.0,0.0,526669.0,526669.0,0.0,0.0,526669.0,526669.0,0.0,0.0,5.0,5.0,0.0,0.0,22.0,22.0,0.0,0.0,-5.48653842944011,-5.48653842944011,0.0,0.9966060993075568,0.9966060993075568,0.0,,,,,,,,,,,,,,,,,,
53,Model for apoptosis (cell death),3,surrogate,,123,1,470.0,470.0,0.0,0.0,509.0,509.0,0.0,0.0,3459047.0,3459047.0,0.0,0.0,3459047.0,3459047.0,0.0,0.0,5.0,5.0,0.0,0.0,23.0,23.0,0.0,0.0,-2.922552478897473,-2.922552478897473,0.0,0.4626392560539694,0.4626392560539694,0.0,,,,,,,,,,,,,,,,,,
53,Model for apoptosis (cell death),3,surrogate,,123,2,410.0,410.0,0.0,0.0,413.0,413.0,0.0,0.0,403073.0,403073.0,0.0,0.0,403073.0,403073.0,0.0,0.0,5.0,5.0,0.0,0.0,20.0,20.0,0.0,0.0,-4.091111635289714,-4.091111635289714,0.0,0.9946308936204936,0.9946308936204936,0.0,,,,,,,,,,,,,,,,,,
54,Lorenz equations in well-behaved periodic regime,3,exact,3.0,7,1,610.0,610.0,0.0,0.0,968.0,982.0,14.0,0.014256619144602852,5692463.0,5602929.0,-89534.0,-0.015979856250186285,5692463.0,5602929.0,-89534.0,-0.015979856250186285,5.0,5.0,0.0,0.0,30.0,30.0,0.0,0.0,-2.224888185000681,-2.224888185000681,0.0,0.9900739270592452,0.9900739270592452,0.0,0.0,0.0,0.0,0.0,0.0,0.0,0.4545454545454545,0.4545454545454545,0.0,0.3333333333333333,0.3333333333333333,0.0,0.7142857142857143,0.7142857142857143,0.0,0.7379531454538588,0.7379531454538588,0.0
54,Lorenz equations in well-behaved periodic regime,3,exact,3.0,7,2,610.0,610.0,0.0,0.0,1007.0,1007.0,0.0,0.0,4297423.0,4297423.0,0.0,0.0,4297423.0,4297423.0,0.0,0.0,3.0,3.0,0.0,0.0,30.0,30.0,0.0,0.0,-0.27259700471790344,-0.27259700471790344,0.0,0.9354621446136836,0.9354621446136836,0.0,0.0,0.0,0.0,0.0,0.0,0.0,0.3333333333333333,0.3333333333333333,0.0,0.2352941176470588,0.2352941176470588,0.0,0.5714285714285714,0.5714285714285714,0.0,1.7431717425476283,1.7431717425476283,0.0
54,Lorenz equations in well-behaved periodic regime,3,exact,3.0,42,1,610.0,610.0,0.0,0.0,958.0,957.0,-1.0,-0.0010449320794148381,5779356.0,5743947.0,-35409.0,-0.006164576379273695,5779356.0,5743947.0,-35409.0,-0.006164576379273695,5.0,5.0,0.0,0.0,30.0,30.0,0.0,0.0,-2.6851422268805787,-2.6851422268805787,0.0,0.9971170621935128,0.9971170621935128,0.0,0.0,0.0,0.0,0.0,0.0,0.0,0.5454545454545455,0.5454545454545455,0.0,0.4,0.4,0.0,0.8571428571428571,0.8571428571428571,0.0,0.4868328740217865,0.4868328740217865,0.0
54,Lorenz equations in well-behaved periodic regime,3,exact,3.0,42,2,610.0,610.0,0.0,0.0,1012.0,1012.0,0.0,0.0,4098604.0,4098604.0,0.0,0.0,4098604.0,4098604.0,0.0,0.0,2.0,2.0,0.0,0.0,30.0,30.0,0.0,0.0,-0.24475134918499736,-0.24475134918499736,0.0,0.9420071096060996,0.9420071096060996,0.0,0.0,0.0,0.0,0.0,0.0,0.0,0.4545454545454545,0.4545454545454545,0.0,0.3333333333333333,0.3333333333333333,0.0,0.7142857142857143,0.7142857142857143,0.0,1.9321207680102392,1.9321207680102392,0.0
54,Lorenz equations in well-behaved periodic regime,3,exact,3.0,123,1,610.0,610.0,0.0,0.0,1081.0,1085.0,4.0,0.003686635944700461,5431171.0,5359313.0,-71858.0,-0.013408061816878395,5431171.0,5359313.0,-71858.0,-0.013408061816878395,5.0,5.0,0.0,0.0,30.0,30.0,0.0,0.0,-2.2615542818353966,-2.2615542818353966,0.0,0.993554829962508,0.993554829962508,0.0,0.0,0.0,0.0,0.0,0.0,0.0,0.3,0.3,0.0,0.2307692307692307,0.2307692307692307,0.0,0.4285714285714285,0.4285714285714285,0.0,0.7429488656307714,0.7429488656307714,0.0
54,Lorenz equations in well-behaved periodic regime,3,exact,3.0,123,2,610.0,610.0,0.0,0.0,1182.0,1173.0,-9.0,-0.0076726342710997444,3790788.0,3816663.0,25875.0,0.006779482495572703,3790788.0,3816663.0,25875.0,0.006779482495572703,4.0,4.0,0.0,0.0,30.0,30.0,0.0,0.0,-0.7925802088430044,-0.249363342658755,-0.5432168661842494,0.9787287731317564,0.9439441652653046,0.03478460786645188,0.0,0.0,0.0,0.0,0.0,0.0,0.5454545454545455,0.5263157894736842,0.019138755980861344,0.4,0.4166666666666667,-0.016666666666666663,0.8571428571428571,0.7142857142857143,0.1428571428571428,0.6804667173440032,1.7216702856112622,-1.041203568267259
55,Lorenz equations in complex periodic regime,3,exact,3.0,7,1,610.0,610.0,0.0,0.0,963.0,963.0,0.0,0.0,5505489.0,5505489.0,0.0,0.0,5505489.0,5505489.0,0.0,0.0,3.0,3.0,0.0,0.0,30.0,30.0,0.0,0.0,2.55101092840738,2.55101092840738,0.0,0.1544711583710739,0.1544711583710739,0.0,0.0,0.0,0.0,0.0,0.0,0.0,0.4347826086956521,0.4347826086956521,0.0,0.3125,0.3125,0.0,0.7142857142857143,0.7142857142857143,0.0,0.7814021382671522,0.7814021382671522,0.0
55,Lorenz equations in complex periodic regime,3,exact,3.0,7,2,610.0,610.0,0.0,0.0,1061.0,1075.0,14.0,0.013023255813953489,5102641.0,4986390.0,-116251.0,-0.023313659781926403,5102641.0,4986390.0,-116251.0,-0.023313659781926403,5.0,5.0,0.0,0.0,30.0,30.0,0.0,0.0,2.55481361614412,2.5588990871605324,-0.004085471016412434,0.1807061523553327,0.143575895107775,0.037130257247557696,0.0,0.0,0.0,0.0,0.0,0.0,0.5,0.4761904761904762,0.02380952380952378,0.3846153846153846,0.3571428571428571,0.027472527472527486,0.7142857142857143,0.7142857142857143,0.0,1.9969255958901544,1.520899417864355,0.4760261780257995
55,Lorenz equations in complex periodic regime,3,exact,3.0,42,1,610.0,610.0,0.0,0.0,861.0,870.0,9.0,0.010344827586206896,5752257.0,5700131.0,-52126.0,-0.009144702112986526,5752257.0,5700131.0,-52126.0,-0.009144702112986526,4.0,4.0,0.0,0.0,30.0,30.0,0.0,0.0,2.5654818884201496,2.562823759161845,0.0026581292583047755,0.1273642665656356,0.1444474092998087,-0.017083142734173107,0.0,0.0,0.0,0.0,0.0,0.0,0.4545454545454545,0.4166666666666667,0.03787878787878779,0.3333333333333333,0.2941176470588235,0.03921568627450983,0.7142857142857143,0.7142857142857143,0.0,1.1824233450250934,2.4137556632449537,-1.2313323182198603
55,Lorenz equations in complex periodic regime,3,exact,3.0,42,2,610.0,590.0,-20.0,-0.03389830508474576,1083.0,1071.0,-12.0,-0.011204481792717087,5445811.0,4867692.0,-578119.0,-0.11876655301937757,5445811.0,4867692.0,-578119.0,-0.11876655301937757,5.0,5.0,0.0,0.0,30.0,29.0,-1.0,-0.034482758620689655,2.535939758597003,2.533230993827275,0.0027087647697281447,0.1916227392792346,0.1555732917935554,0.036049447485679204,0.0,0.0,0.0,0.0,0.0,0.0,0.4545454545454545,0.4545454545454545,0.0,0.3333333333333333,0.3333333333333333,0.0,0.7142857142857143,0.7142857142857143,0.0,1.4713418512840395,1.5418113345233972,-0.07046948323935776
55,Lorenz equations in complex periodic regime,3,exact,3.0,123,1,610.0,610.0,0.0,0.0,885.0,885.0,0.0,0.0,5335507.0,5335507.0,0.0,0.0,5335507.0,5335507.0,0.0,0.0,2.0,2.0,0.0,0.0,30.0,30.0,0.0,0.0,2.5448051530287454,2.5448051530287454,0.0,0.1699249050160327,0.1699249050160327,0.0,0.0,0.0,0.0,0.0,0.0,0.0,0.3636363636363636,0.3636363636363636,0.0,0.2666666666666666,0.2666666666666666,0.0,0.5714285714285714,0.5714285714285714,0.0,1.91361590842696,1.91361590842696,0.0
55,Lorenz equations in complex periodic regime,3,exact,3.0,123,2,610.0,610.0,0.0,0.0,972.0,1011.0,39.0,0.03857566765578635,5529987.0,5476422.0,-53565.0,-0.009781021258040378,5529987.0,5476422.0,-53565.0,-0.009781021258040378,5.0,4.0,-1.0,-0.25,30.0,30.0,0.0,0.0,2.577452260688669,2.5836868785018408,-0.0062346178131718055,0.0857797487047754,0.1077885343471838,-0.022008785642408407,0.0,0.0,0.0,0.0,0.0,0.0,0.5,0.3636363636363636,0.1363636363636364,0.3529411764705882,0.2666666666666666,0.0862745098039216,0.8571428571428571,0.5714285714285714,0.2857142857142857,1.0443594612982747,1.1615703790106366,-0.11721091771236192
56,Lorenz equations standard parameters (chaotic),3,exact,3.0,7,1,610.0,610.0,0.0,0.0,750.0,750.0,0.0,0.0,6567719.0,6567719.0,0.0,0.0,6567719.0,6567719.0,0.0,0.0,2.0,2.0,0.0,0.0,30.0,30.0,0.0,0.0,1.7396522534912506,1.7396522534912506,0.0,0.2090725455188926,0.2090725455188926,0.0,0.0,0.0,0.0,0.0,0.0,0.0,0.5,0.5,0.0,0.3846153846153846,0.3846153846153846,0.0,0.7142857142857143,0.7142857142857143,0.0,2.519949529907035,2.519949529907035,0.0
56,Lorenz equations standard parameters (chaotic),3,exact,3.0,7,2,610.0,610.0,0.0,0.0,852.0,859.0,7.0,0.008149010477299184,4823839.0,4777581.0,-46258.0,-0.009682305752639253,4823839.0,4777581.0,-46258.0,-0.009682305752639253,4.0,4.0,0.0,0.0,30.0,30.0,0.0,0.0,1.7699367600517395,1.7699367600517395,0.0,0.2185526523028961,0.2185526523028961,0.0,0.0,0.0,0.0,0.0,0.0,0.0,0.4,0.4,0.0,0.3076923076923077,0.3076923076923077,0.0,0.5714285714285714,0.5714285714285714,0.0,1.2655770806387832,1.2655770806387832,0.0
56,Lorenz equations standard parameters (chaotic),3,exact,3.0,42,1,610.0,610.0,0.0,0.0,842.0,854.0,12.0,0.01405152224824356,6876677.0,6765685.0,-110992.0,-0.016405138577985822,6876677.0,6765685.0,-110992.0,-0.016405138577985822,4.0,4.0,0.0,0.0,30.0,30.0,0.0,0.0,1.751914153243769,1.7660565824521017,-0.014142429208332752,0.2289484298019556,0.1984069628756473,0.030541466926308297,0.0,0.0,0.0,0.0,0.0,0.0,0.4761904761904762,0.3478260869565217,0.12836438923395455,0.3571428571428571,0.25,0.1071428571428571,0.7142857142857143,0.5714285714285714,0.1428571428571429,2.352287686192576,2.091836734693877,0.260450951498699
56,Lorenz equations standard parameters (chaotic),3,exact,3.0,42,2,610.0,610.0,0.0,0.0,883.0,915.0,32.0,0.034972677595628415,5418627.0,5223926.0,-194701.0,-0.03727101034739007,5418627.0,5223926.0,-194701.0,-0.03727101034739007,5.0,5.0,0.0,0.0,30.0,30.0,0.0,0.0,1.7560814684325348,1.7560814684325348,0.0,0.2505406942382631,0.2505406942382631,0.0,0.0,0.0,0.0,0.0,0.0,0.0,0.5263157894736842,0.5263157894736842,0.0,0.4166666666666667,0.4166666666666667,0.0,0.7142857142857143,0.7142857142857143,0.0,1.6769331519823372,1.6769331519823372,0.0
56,Lorenz equations standard parameters (chaotic),3,exact,3.0,123,1,610.0,610.0,0.0,0.0,850.0,850.0,0.0,0.0,6281083.0,6281083.0,0.0,0.0,6281083.0,6281083.0,0.0,0.0,3.0,3.0,0.0,0.0,30.0,30.0,0.0,0.0,1.7203209964119635,1.7203209964119635,0.0,0.2575099440067282,0.2575099440067282,0.0,0.0,0.0,0.0,0.0,0.0,0.0,0.4166666666666667,0.4166666666666667,0.0,0.2941176470588235,0.2941176470588235,0.0,0.7142857142857143,0.7142857142857143,0.0,1.0934571438949712,1.0934571438949712,0.0
56,Lorenz equations standard parameters (chaotic),3,exact,3.0,123,2,610.0,610.0,0.0,0.0,1133.0,1170.0,37.0,0.03162393162393162,4208231.0,3869467.0,-338764.0,-0.0875479749536564,4208231.0,3869467.0,-338764.0,-0.0875479749536564,5.0,5.0,0.0,0.0,30.0,30.0,0.0,0.0,1.8156154719251505,1.768218966278101,0.04739650564704956,0.1323921852714432,0.2271288647271724,-0.0947366794557292,0.0,0.0,0.0,0.0,0.0,0.0,0.4705882352941176,0.3636363636363636,0.106951871657754,0.4,0.2666666666666666,0.13333333333333341,0.5714285714285714,0.5714285714285714,0.0,2.290973898071482,1.0676081613397503,1.2233657367317319
57,Rössler attractor (stable fixed point),3,exact,3.0,7,1,530.0,530.0,0.0,0.0,583.0,583.0,0.0,0.0,5725857.0,5725857.0,0.0,0.0,5725857.0,5725857.0,0.0,0.0,5.0,5.0,0.0,0.0,26.0,26.0,0.0,0.0,-3.326815488938244,-3.326815488938244,0.0,0.8038915724120036,0.8038915724120036,0.0,0.0,0.0,0.0,0.0,0.0,0.0,0.7142857142857143,0.7142857142857143,0.0,0.7142857142857143,0.7142857142857143,0.0,0.7142857142857143,0.7142857142857143,0.0,0.4479023234557412,0.4479023234557412,0.0
57,Rössler attractor (stable fixed point),3,exact,3.0,7,2,590.0,590.0,0.0,0.0,735.0,744.0,9.0,0.012096774193548387,4795355.0,4827290.0,31935.0,0.006615513051836538,4795355.0,4827290.0,31935.0,0.006615513051836538,5.0,5.0,0.0,0.0,29.0,29.0,0.0,0.0,-4.916184744484511,-4.916184744484511,0.0,0.9993869690976436,0.9993869690976436,0.0,0.0,0.0,0.0,0.0,0.0,0.0,0.7058823529411764,0.7058823529411764,0.0,0.6,0.6,0.0,0.8571428571428571,0.8571428571428571,0.0,0.3788762888518264,0.3788762888518264,0.0
57,Rössler attractor (stable fixed point),3,exact,3.0,42,1,490.0,490.0,0.0,0.0,524.0,524.0,0.0,0.0,3994458.0,3994458.0,0.0,0.0,3994458.0,3994458.0,0.0,0.0,5.0,5.0,0.0,0.0,24.0,24.0,0.0,0.0,-3.0412615842996122,-3.0412615842996122,0.0,0.9532956327487576,0.9532956327487576,0.0,0.0,0.0,0.0,0.0,0.0,0.0,0.7142857142857143,0.7142857142857143,0.0,0.7142857142857143,0.7142857142857143,0.0,0.7142857142857143,0.7142857142857143,0.0,0.502419869713353,0.502419869713353,0.0
57,Rössler attractor (stable fixed point),3,exact,3.0,42,2,610.0,610.0,0.0,0.0,690.0,704.0,14.0,0.019886363636363636,4220215.0,4002681.0,-217534.0,-0.05434707387373613,4220215.0,4002681.0,-217534.0,-0.05434707387373613,4.0,5.0,1.0,0.2,30.0,30.0,0.0,0.0,-2.914079077580902,-3.1480875168466813,0.23400843926577952,0.938980233685076,0.9478391066158308,-0.008858872930754824,0.0,0.0,0.0,0.0,0.0,0.0,0.75,0.7058823529411764,0.044117647058823595,0.6666666666666666,0.6,0.06666666666666665,0.8571428571428571,0.8571428571428571,0.0,0.47204564251385,0.4676882018618505,0.0043574406519995
57,Rössler attractor (stable fixed point),3,exact,3.0,123,1,450.0,450.0,0.0,0.0,479.0,479.0,0.0,0.0,3312923.0,3312923.0,0.0,0.0,3312923.0,3312923.0,0.0,0.0,5.0,5.0,0.0,0.0,22.0,22.0,0.0,0.0,-3.727068824995963,-3.727068824995963,0.0,0.9396370248603964,0.9396370248603964,0.0,0.0,0.0,0.0,0.0,0.0,0.0,0.923076923076923,0.923076923076923,0.0,1.0,1.0,0.0,0.8571428571428571,0.8571428571428571,0.0,0.3760664540552416,0.3760664540552416,0.0
57,Rössler attractor (stable fixed point),3,exact,3.0,123,2,610.0,610.0,0.0,0.0,679.0,704.0,25.0,0.03551136363636364,5578612.0,5313667.0,-264945.0,-0.049861046994476695,5578612.0,5313667.0,-264945.0,-0.049861046994476695,5.0,5.0,0.0,0.0,30.0,30.0,0.0,0.0,-2.660101467334609,-3.535786941129133,0.8756854737945243,0.8299161640019186,0.9778091274109884,-0.14789296340906977,0.0,0.0,0.0,0.0,0.0,0.0,0.588235294117647,0.5555555555555556,0.03267973856209139,0.5,0.4545454545454545,0.045454545454545525,0.7142857142857143,0.7142857142857143,0.0,0.4589247317494987,0.469941600101066,-0.011016868351567288
58,Rössler attractor (periodic),3,exact,3.0,7,1,610.0,610.0,0.0,0.0,677.0,692.0,15.0,0.02167630057803468,8250569.0,8234565.0,-16004.0,-0.0019435149276251994,8250569.0,8234565.0,-16004.0,-0.0019435149276251994,4.0,5.0,1.0,0.2,30.0,30.0,0.0,0.0,-0.23333925962162733,-0.10648337253060629,-0.12685588709102102,0.5540713410496682,0.5968118405085597,-0.04274049945889158,0.0,0.0,0.0,0.0,0.0,0.0,0.6153846153846153,0.5714285714285714,0.04395604395604391,0.6666666666666666,0.5714285714285714,0.09523809523809523,0.5714285714285714,0.5714285714285714,0.0,0.9766682848247836,0.694574568037012,0.2820937167877716
58,Rössler attractor (periodic),3,exact,3.0,7,2,510.0,610.0,100.0,0.16393442622950818,629.0,799.0,170.0,0.2127659574468085,4120170.0,5215851.0,1095681.0,0.2100675421901431,4120170.0,5215851.0,1095681.0,0.2100675421901431,5.0,5.0,0.0,0.0,25.0,30.0,5.0,0.16666666666666666,0.3982458963181787,0.35316524756589945,0.04508064875227924,-0.1415665219833575,-0.2726002389954482,0.1310337170120907,0.0,0.0,0.0,0.0,0.0,0.0,0.6250000000000001,0.5555555555555556,0.06944444444444453,0.5555555555555556,0.4545454545454545,0.1010101010101011,0.7142857142857143,0.7142857142857143,0.0,1.1062766063815543,3.09351210595369,-1.9872354995721355
58,Rössler attractor (periodic),3,exact,3.0,42,1,610.0,610.0,0.0,0.0,687.0,696.0,9.0,0.01293103448275862,7114187.0,7030785.0,-83402.0,-0.011862402277981762,7114187.0,7030785.0,-83402.0,-0.011862402277981762,5.0,5.0,0.0,0.0,30.0,30.0,0.0,0.0,-0.5417275668759687,-0.5248143504076959,-0.016913216468272818,0.6555194602672759,0.7313882572029384,-0.07586879693566251,0.0,0.0,0.0,0.0,0.0,0.0,0.3333333333333332,0.3333333333333332,0.0,0.2727272727272727,0.2727272727272727,0.0,0.4285714285714285,0.4285714285714285,0.0,0.6123576081614822,0.7156991953267278,-0.10334158716524555
58,Rössler attractor (periodic),3,exact,3.0,42,2,610.0,610.0,0.0,0.0,711.0,706.0,-5.0,-0.007082152974504249,6824813.0,6830124.0,5311.0,0.0007775847114927929,6824813.0,6830124.0,5311.0,0.0007775847114927929,5.0,5.0,0.0,0.0,30.0,30.0,0.0,0.0,-0.2543057242904592,-0.20961581190820885,-0.04468991238225037,0.5964257184611809,0.5730258515840403,0.023399866877140574,0.0,0.0,0.0,0.0,0.0,0.0,0.4210526315789474,0.4210526315789474,0.0,0.3333333333333333,0.3333333333333333,0.0,0.5714285714285714,0.5714285714285714,0.0,0.6715716172136273,0.6458408339941871,0.025730783219440223
58,Rössler attractor (periodic),3,exact,3.0,123,1,610.0,610.0,0.0,0.0,654.0,658.0,4.0,0.0060790273556231,7729856.0,7621689.0,-108167.0,-0.014191998650167962,7729856.0,7621689.0,-108167.0,-0.014191998650167962,5.0,5.0,0.0,0.0,30.0,30.0,0.0,0.0,-1.02084257173859,-1.02084257173859,0.0,0.9140492852455456,0.9140492852455456,0.0,0.0,0.0,0.0,0.0,0.0,0.0,0.9333333333333332,0.9333333333333332,0.0,0.875,0.875,0.0,1.0,1.0,0.0,0.3868756265911878,0.3868756265911878,0.0
58,Rössler attractor (periodic),3,exact,3.0,123,2,610.0,610.0,0.0,0.0,696.0,696.0,0.0,0.0,6958199.0,6958199.0,0.0,0.0,6958199.0,6958199.0,0.0,0.0,3.0,3.0,0.0,0.0,30.0,30.0,0.0,0.0,-0.713413984951013,-0.713413984951013,0.0,0.8347220325611787,0.8347220325611787,0.0,0.0,0.0,0.0,0.0,0.0,0.0,0.5263157894736842,0.5263157894736842,0.0,0.4166666666666667,0.4166666666666667,0.0,0.7142857142857143,0.7142857142857143,0.0,0.43144426013968,0.43144426013968,0.0
59,Rössler attractor (chaotic),3,exact,3.0,7,1,550.0,610.0,60.0,0.09836065573770492,635.0,746.0,111.0,0.1487935656836461,6988550.0,7917499.0,928949.0,0.11732859075826849,6988550.0,7917499.0,928949.0,0.11732859075826849,5.0,5.0,0.0,0.0,27.0,30.0,3.0,0.1,0.6390201319743545,0.6742857929360524,-0.03526566096169792,0.5895094733030457,0.5675853319224767,0.021924141380568973,0.0,0.0,0.0,0.0,0.0,0.0,0.4444444444444444,0.4,0.0444444444444444,0.3636363636363636,0.3076923076923077,0.05594405594405588,0.5714285714285714,0.5714285714285714,0.0,1.0127207117516532,0.8282637593330462,0.18445695241860705
59,Rössler attractor (chaotic),3,exact,3.0,7,2,570.0,570.0,0.0,0.0,659.0,680.0,21.0,0.030882352941176472,5602111.0,5312670.0,-289441.0,-0.05448126836411823,5602111.0,5312670.0,-289441.0,-0.05448126836411823,5.0,5.0,0.0,0.0,28.0,28.0,0.0,0.0,0.568382976902495,0.5832033017898457,-0.014820324887350744,0.6467424138488408,0.5916733315321282,0.05506908231671259,0.0,0.0,0.0,0.0,0.0,0.0,0.5,0.4705882352941176,0.029411764705882415,0.4444444444444444,0.4,0.0444444444444444,0.5714285714285714,0.5714285714285714,0.0,1.2147214212790562,1.3609184681457624,-0.1461970468667062
59,Rössler attractor (chaotic),3,exact,3.0,42,1,510.0,570.0,60.0,0.10526315789473684,603.0,670.0,67.0,0.1,6236128.0,7157924.0,921796.0,0.1287797970473003,6236128.0,7157924.0,921796.0,0.1287797970473003,5.0,5.0,0.0,0.0,25.0,28.0,3.0,0.10714285714285714,0.7138062733246858,0.6741855449427102,0.03962072838197561,0.4995642862511405,0.5367177286155398,-0.03715344236439927,0.0,0.0,0.0,0.0,0.0,0.0,0.3999999999999999,0.2857142857142857,0.11428571428571421,0.375,0.2857142857142857,0.0892857142857143,0.4285714285714285,0.2857142857142857,0.1428571428571428,0.7521007488907666,0.756715255973104,-0.004614507082337349
59,Rössler attractor (chaotic),3,exact,3.0,42,2,610.0,610.0,0.0,0.0,692.0,734.0,42.0,0.05722070844686648,5974330.0,5846435.0,-127895.0,-0.021875724266155357,5974330.0,5846435.0,-127895.0,-0.021875724266155357,5.0,5.0,0.0,0.0,30.0,30.0,0.0,0.0,0.3849119395666874,0.48598761037599997,-0.10107567080931257,0.7615550826939429,0.6719705469402145,0.08958453575372838,0.0,0.0,0.0,0.0,0.0,0.0,0.8750000000000001,0.6666666666666665,0.2083333333333336,0.7777777777777778,0.5454545454545454,0.23232323232323238,1.0,0.8571428571428571,0.1428571428571429,0.4941793515206695,0.7639058998154578,-0.26972654829478826
59,Rössler attractor (chaotic),3,exact,3.0,123,1,610.0,610.0,0.0,0.0,666.0,686.0,20.0,0.029154518950437316,8385468.0,8417041.0,31573.0,0.0037510806945101017,8385468.0,8417041.0,31573.0,0.0037510806945101017,4.0,4.0,0.0,0.0,30.0,30.0,0.0,0.0,0.4569031398666185,0.4569031398666185,0.0,0.6790040537783905,0.6790040537783905,0.0,0.0,0.0,0.0,0.0,0.0,0.0,0.5,0.5,0.0,0.3846153846153846,0.3846153846153846,0.0,0.7142857142857143,0.7142857142857143,0.0,0.7218718157993111,0.7218718157993111,0.0
59,Rössler attractor (chaotic),3,exact,3.0,123,2,610.0,590.0,-20.0,-0.03389830508474576,727.0,705.0,-22.0,-0.031205673758865248,6805191.0,6441427.0,-363764.0,-0.05647257975600748,6805191.0,6441427.0,-363764.0,-0.05647257975600748,5.0,5.0,0.0,0.0,30.0,29.0,-1.0,-0.034482758620689655,0.5090407168081424,0.5268507725406582,-0.017810055732515706,0.7076266028068826,0.6588138773544164,0.04881272545246618,0.0,0.0,0.0,0.0,0.0,0.0,0.6,0.5555555555555556,0.0444444444444444,0.4615384615384615,0.4545454545454545,0.006993006993007034,0.8571428571428571,0.7142857142857143,0.1428571428571428,0.6754356667573728,0.5580869361625537,0.1173487305948191
60,Aizawa attractor (chaotic),3,surrogate,,7,1,610.0,610.0,0.0,0.0,617.0,624.0,7.0,0.011217948717948718,7375554.0,7559747.0,184193.0,0.024364968827660503,7375554.0,7559747.0,184193.0,0.024364968827660503,5.0,5.0,0.0,0.0,30.0,30.0,0.0,0.0,-0.8279667612117745,-0.8614295716360645,0.03346281042429,0.3847165801583234,0.4345060690847025,-0.04978948892637913,,,,,,,,,,,,,,,,,,
60,Aizawa attractor (chaotic),3,surrogate,,7,2,490.0,610.0,120.0,0.19672131147540983,495.0,614.0,119.0,0.19381107491856678,5636346.0,7216525.0,1580179.0,0.21896674646038086,5636346.0,7216525.0,1580179.0,0.21896674646038086,3.0,5.0,2.0,0.4,24.0,30.0,6.0,0.2,-0.6295204601178631,-0.6492936038676437,0.019773143749780564,0.4929005008465026,0.5176925348348571,-0.0247920339883545,,,,,,,,,,,,,,,,,,
60,Aizawa attractor (chaotic),3,surrogate,,42,1,490.0,490.0,0.0,0.0,492.0,493.0,1.0,0.002028397565922921,5618755.0,5770655.0,151900.0,0.026322835102774295,5618755.0,5770655.0,151900.0,0.026322835102774295,5.0,5.0,0.0,0.0,24.0,24.0,0.0,0.0,-0.847050309249006,-0.847050309249006,0.0,0.424404371527165,0.424404371527165,0.0,,,,,,,,,,,,,,,,,,
60,Aizawa attractor (chaotic),3,surrogate,,42,2,550.0,610.0,60.0,0.09836065573770492,555.0,624.0,69.0,0.11057692307692307,5719781.0,7274057.0,1554276.0,0.2136738824015264,5719781.0,7274057.0,1554276.0,0.2136738824015264,3.0,5.0,2.0,0.4,27.0,30.0,3.0,0.1,-0.6951301984395909,-0.7038593464390248,0.008729147999433917,0.4622355568923055,0.4653401317155941,-0.003104574823288575,,,,,,,,,,,,,,,,,,
60,Aizawa attractor (chaotic),3,surrogate,,123,1,610.0,610.0,0.0,0.0,614.0,614.0,0.0,0.0,8304025.0,8508280.0,204255.0,0.024006614732942497,8304025.0,8508280.0,204255.0,0.024006614732942497,4.0,5.0,1.0,0.2,30.0,30.0,0.0,0.0,-0.8869164133607109,-0.8773117976013298,-0.009604615759381097,0.4776636791211477,0.4824913538846647,-0.004827674763516976,,,,,,,,,,,,,,,,,,
60,Aizawa attractor (chaotic),3,surrogate,,123,2,290.0,450.0,160.0,0.35555555555555557,292.0,461.0,169.0,0.3665943600867679,3098076.0,5336451.0,2238375.0,0.4194501176905775,3098076.0,5336451.0,2238375.0,0.4194501176905775,3.0,5.0,2.0,0.4,14.0,22.0,8.0,0.36363636363636365,-0.6172012944060219,-0.6172012944060219,0.0,0.3305494677412959,0.3305494677412959,0.0,,,,,,,,,,,,,,,,,,
61,Chen-Lee attractor; system for gyro motion with feedback control of rigid body (chaotic),3,exact,3.0,7,1,610.0,610.0,0.0,0.0,1106.0,1106.0,0.0,0.0,4938420.0,4938420.0,0.0,0.0,4938420.0,4938420.0,0.0,0.0,3.0,3.0,0.0,0.0,30.0,30.0,0.0,0.0,1.9384779508218815,1.9384779508218815,0.0,0.149827826750683,0.149827826750683,0.0,0.0,0.0,0.0,0.0,0.0,0.0,0.1111111111111111,0.1111111111111111,0.0,0.0833333333333333,0.0833333333333333,0.0,0.1666666666666666,0.1666666666666666,0.0,1.0026291284958166,1.0026291284958166,0.0
61,Chen-Lee attractor; system for gyro motion with feedback control of rigid body (chaotic),3,exact,3.0,7,2,410.0,570.0,160.0,0.2807017543859649,498.0,774.0,276.0,0.35658914728682173,3698143.0,5237566.0,1539423.0,0.29391954201627246,3698143.0,5237566.0,1539423.0,0.29391954201627246,3.0,5.0,2.0,0.4,20.0,28.0,8.0,0.2857142857142857,1.9301748702022425,1.9301748702022425,0.0,0.1730282635954965,0.1730282635954965,0.0,0.0,0.0,0.0,0.0,0.0,0.0,0.125,0.125,0.0,0.1,0.1,0.0,0.1666666666666666,0.1666666666666666,0.0,1.0235530060134277,1.0235530060134277,0.0
61,Chen-Lee attractor; system for gyro motion with feedback control of rigid body (chaotic),3,exact,3.0,42,1,610.0,610.0,0.0,0.0,708.0,708.0,0.0,0.0,4795489.0,4795489.0,0.0,0.0,4795489.0,4795489.0,0.0,0.0,3.0,3.0,0.0,0.0,30.0,30.0,0.0,0.0,1.978618060085734,1.978618060085734,0.0,-0.6249461940969665,-0.6249461940969665,0.0,0.0,0.0,0.0,0.0,0.0,0.0,0.25,0.25,0.0,0.2,0.2,0.0,0.3333333333333333,0.3333333333333333,0.0,0.8845864627213365,0.8845864627213365,0.0
61,Chen-Lee attractor; system for gyro motion with feedback control of rigid body (chaotic),3,exact,3.0,42,2,350.0,610.0,260.0,0.4262295081967213,494.0,1030.0,536.0,0.5203883495145631,3007136.0,4944181.0,1937045.0,0.3917827846512901,3007136.0,4944181.0,1937045.0,0.3917827846512901,3.0,5.0,2.0,0.4,17.0,30.0,13.0,0.43333333333333335,1.9504434305750438,1.8446026271646512,0.10584080341039259,0.0800903223389766,0.177172319700811,-0.09708199736183439,0.0,0.0,0.0,0.0,0.0,0.0,0.3749999999999999,0.2222222222222222,0.15277777777777768,0.3,0.1666666666666666,0.1333333333333334,0.5,0.3333333333333333,0.16666666666666669,1.2551659056746158,0.7598612792360937,0.49530462643852213
61,Chen-Lee attractor; system for gyro motion with feedback control of rigid body (chaotic),3,exact,3.0,123,1,470.0,610.0,140.0,0.22950819672131148,686.0,1022.0,336.0,0.3287671232876712,3549610.0,4597220.0,1047610.0,0.2278790225397088,3549610.0,4597220.0,1047610.0,0.2278790225397088,3.0,5.0,2.0,0.4,23.0,30.0,7.0,0.23333333333333334,1.8488434212996654,1.8488434212996654,0.0,-0.0161216946544807,-0.0161216946544807,0.0,0.0,0.0,0.0,0.0,0.0,0.0,0.25,0.25,0.0,0.2,0.2,0.0,0.3333333333333333,0.3333333333333333,0.0,0.7619063090779702,0.7619063090779702,0.0
61,Chen-Lee attractor; system for gyro motion with feedback control of rigid body (chaotic),3,exact,3.0,123,2,550.0,610.0,60.0,0.09836065573770492,738.0,863.0,125.0,0.14484356894553882,5213357.0,5729629.0,516272.0,0.090105659546194,5213357.0,5729629.0,516272.0,0.090105659546194,3.0,4.0,1.0,0.25,27.0,30.0,3.0,0.1,1.7307284428029146,1.7307284428029146,0.0,0.4312114474049698,0.4312114474049698,0.0,0.0,0.0,0.0,0.0,0.0,0.0,0.3529411764705882,0.3529411764705882,0.0,0.2727272727272727,0.2727272727272727,0.0,0.5,0.5,0.0,0.8218891131465448,0.8218891131465448,0.0
62,Binocular rivalry model with adaptation (oscillations),4,surrogate,,7,1,610.0,610.0,0.0,0.0,622.0,622.0,0.0,0.0,7740861.0,7740861.0,0.0,0.0,7740861.0,7740861.0,0.0,0.0,5.0,5.0,0.0,0.0,30.0,30.0,0.0,0.0,-4.301936827252346,-4.301936827252346,0.0,0.9992693314556104,0.9992693314556104,0.0,,,,,,,,,,,,,,,,,,
62,Binocular rivalry model with adaptation (oscillations),4,surrogate,,7,2,510.0,510.0,0.0,0.0,512.0,512.0,0.0,0.0,3595407.0,3595407.0,0.0,0.0,3595407.0,3595407.0,0.0,0.0,5.0,5.0,0.0,0.0,25.0,25.0,0.0,0.0,-2.913904020842297,-2.913904020842297,0.0,0.7407165211673562,0.7407165211673562,0.0,,,,,,,,,,,,,,,,,,
62,Binocular rivalry model with adaptation (oscillations),4,surrogate,,42,1,590.0,590.0,0.0,0.0,607.0,607.0,0.0,0.0,7136690.0,7136690.0,0.0,0.0,7136690.0,7136690.0,0.0,0.0,5.0,5.0,0.0,0.0,29.0,29.0,0.0,0.0,-5.812028508410276,-5.812028508410276,0.0,0.9999834654647276,0.9999834654647276,0.0,,,,,,,,,,,,,,,,,,
62,Binocular rivalry model with adaptation (oscillations),4,surrogate,,42,2,470.0,470.0,0.0,0.0,486.0,486.0,0.0,0.0,2199253.0,2199253.0,0.0,0.0,2199253.0,2199253.0,0.0,0.0,5.0,5.0,0.0,0.0,23.0,23.0,0.0,0.0,-3.348357761068489,-3.348357761068489,0.0,0.907835537745214,0.907835537745214,0.0,,,,,,,,,,,,,,,,,,
62,Binocular rivalry model with adaptation (oscillations),4,surrogate,,123,1,530.0,530.0,0.0,0.0,548.0,548.0,0.0,0.0,5778644.0,5778644.0,0.0,0.0,5778644.0,5778644.0,0.0,0.0,5.0,5.0,0.0,0.0,26.0,26.0,0.0,0.0,-3.1065671442243525,-3.1065671442243525,0.0,0.989525920814466,0.989525920814466,0.0,,,,,,,,,,,,,,,,,,
62,Binocular rivalry model with adaptation (oscillations),4,surrogate,,123,2,510.0,510.0,0.0,0.0,519.0,519.0,0.0,0.0,6268621.0,6268621.0,0.0,0.0,6268621.0,6268621.0,0.0,0.0,5.0,5.0,0.0,0.0,25.0,25.0,0.0,0.0,-3.0526674051644402,-3.0526674051644402,0.0,0.6981845961057808,0.6981845961057808,0.0,,,,,,,,,,,,,,,,,,
63,SEIR infection model (proportions),4,exact,3.0,7,1,450.0,450.0,0.0,0.0,450.0,450.0,0.0,0.0,814942.0,814942.0,0.0,0.0,814942.0,814942.0,0.0,0.0,5.0,5.0,0.0,0.0,22.0,22.0,0.0,0.0,-3.2452436786609034,-3.2452436786609034,0.0,0.843184867440691,0.843184867440691,0.0,0.0,0.0,0.0,0.0,0.0,0.0,0.1818181818181818,0.1818181818181818,0.0,0.2,0.2,0.0,0.1666666666666666,0.1666666666666666,0.0,0.8364836213782955,0.8364836213782955,0.0
63,SEIR infection model (proportions),4,exact,3.0,7,2,410.0,410.0,0.0,0.0,415.0,415.0,0.0,0.0,1034601.0,1034601.0,0.0,0.0,1034601.0,1034601.0,0.0,0.0,5.0,5.0,0.0,0.0,20.0,20.0,0.0,0.0,-3.23555326910514,-3.23555326910514,0.0,0.8777210737257095,0.8777210737257095,0.0,0.0,0.0,0.0,0.0,0.0,0.0,0.2,0.2,0.0,0.25,0.25,0.0,0.1666666666666666,0.1666666666666666,0.0,0.8511273213756189,0.8511273213756189,0.0
63,SEIR infection model (proportions),4,exact,3.0,42,1,410.0,410.0,0.0,0.0,413.0,413.0,0.0,0.0,477196.0,477196.0,0.0,0.0,477196.0,477196.0,0.0,0.0,5.0,5.0,0.0,0.0,20.0,20.0,0.0,0.0,-3.1030676789904375,-3.1030676789904375,0.0,0.4688865646555332,0.4688865646555332,0.0,0.0,0.0,0.0,0.0,0.0,0.0,0.6,0.6,0.0,0.75,0.75,0.0,0.5,0.5,0.0,0.7416866185864829,0.7416866185864829,0.0
63,SEIR infection model (proportions),4,exact,3.0,42,2,410.0,410.0,0.0,0.0,410.0,410.0,0.0,0.0,395772.0,395772.0,0.0,0.0,395772.0,395772.0,0.0,0.0,5.0,5.0,0.0,0.0,20.0,20.0,0.0,0.0,-3.355656125858207,-3.355656125858207,0.0,0.8957450961617202,0.8957450961617202,0.0,0.0,0.0,0.0,0.0,0.0,0.0,0.4,0.4,0.0,0.5,0.5,0.0,0.3333333333333333,0.3333333333333333,0.0,0.7549530291939178,0.7549530291939178,0.0
63,SEIR infection model (proportions),4,exact,3.0,123,1,410.0,410.0,0.0,0.0,413.0,413.0,0.0,0.0,298767.0,298767.0,0.0,0.0,298767.0,298767.0,0.0,0.0,5.0,5.0,0.0,0.0,20.0,20.0,0.0,0.0,-3.0641098980278865,-3.0641098980278865,0.0,0.2625643211169729,0.2625643211169729,0.0,0.0,0.0,0.0,0.0,0.0,0.0,0.2,0.2,0.0,0.25,0.25,0.0,0.1666666666666666,0.1666666666666666,0.0,0.9015485010884706,0.9015485010884706,0.0
63,SEIR infection model (proportions),4,exact,3.0,123,2,410.0,410.0,0.0,0.0,414.0,414.0,0.0,0.0,492427.0,492427.0,0.0,0.0,492427.0,492427.0,0.0,0.0,5.0,5.0,0.0,0.0,20.0,20.0,0.0,0.0,-3.2733300545506063,-3.2733300545506063,0.0,0.9442324653659722,0.9442324653659722,0.0,0.0,0.0,0.0,0.0,0.0,0.0,0.2,0.2,0.0,0.25,0.25,0.0,0.1666666666666666,0.1666666666666666,0.0,0.8971836754474215,0.8971836754474215,0.0
